run,fit1,node1,fit2,node2
1,2.0,01100101101100101000,0.0,01100101101000111000
1,0.0,01100101101000111000,0.0,01101100111000111101
1,0.0,01101100111000111101,0.0,01011100011000111110
1,0.0,01011100011000111110,0.0,01011100111010111011
1,0.0,01011100111010111011,0.0,01011000111100111011
1,0.0,01011000111100111011,0.0,01010010111100001001
1,0.0,01010010111100001001,0.0,01010010011110001000
1,0.0,01010010011110001000,0.0,01010010011110001000
1,0.0,01010010011110001000,0.0,01001101111010111011
1,0.0,01001101111010111011,0.0,01011000111000111100
1,0.0,01011000111000111100,0.0,00111000011000111100
1,0.0,00111000011000111100,0.0,00100110011010011100
1,0.0,00100110011010011100,0.0,01101110011010010110
1,0.0,01101110011010010110,0.0,01101100011010111100
1,0.0,01101100011010111100,0.0,01100000011110011101
1,0.0,01100000011110011101,0.0,00101100111110011110
1,0.0,00101100111110011110,0.0,10101100111110001101
1,0.0,10101100111110001101,0.0,10101100111110001101
1,0.0,10101100111110001101,0.0,10101100111110001101
1,0.0,10101100111110001101,0.0,00100000111110111101
1,0.0,00100000111110111101,0.0,00011101110010111100
1,0.0,00011101110010111100,0.0,01011100011000111110
1,0.0,01011100011000111110,0.0,00010100111010111111
1,0.0,00010100111010111111,0.0,00011100110011111111
1,0.0,00011100110011111111,0.0,00011110110010111111
1,0.0,00011110110010111111,0.0,00011110110010111111
1,0.0,00011110110010111111,0.0,00000101111010111111
1,0.0,00000101111010111111,0.0,00010100111010111111
1,0.0,00010100111010111111,0.0,00010110111010011011
1,0.0,00010110111010011011,0.0,01000110111110011011
1,0.0,01000110111110011011,0.0,01000100111110111111
1,0.0,01000100111110111111,0.0,00000100101111111111
1,0.0,00000100101111111111,0.0,00100100111111101001
1,0.0,00100100111111101001,0.0,01101100111111100011
1,0.0,01101100111111100011,0.0,01101100111111100011
1,0.0,01101100111111100011,0.0,01101100111111100011
1,0.0,01101100111111100011,0.0,01101100111111100011
1,0.0,01101100111111100011,0.0,01101001011101000011
1,0.0,01101001011101000011,0.0,11100001011001000011
1,0.0,11100001011001000011,0.0,01100001001001101000
1,0.0,01100001001001101000,0.0,01100001001001101000
1,0.0,01100001001001101000,0.0,00100001001001111010
1,0.0,00100001001001111010,0.0,01101001010001111010
1,0.0,01101001010001111010,0.0,01111000010111110001
1,0.0,01111000010111110001,0.0,01111000010111110001
1,0.0,01111000010111110001,0.0,00110000011101110000
1,0.0,00110000011101110000,0.0,00110000011101110000
1,0.0,00110000011101110000,0.0,00110000011101110000
1,0.0,00110000011101110000,0.0,10101000011101011001
1,0.0,10101000011101011001,0.0,01100110001101010001
1,0.0,01100110001101010001,0.0,01100010101101100010
1,0.0,01100010101101100010,0.0,01010110101001010001
1,0.0,01010110101001010001,0.0,00011110001111010001
1,0.0,00011110001111010001,0.0,01011010001111000010
1,0.0,01011010001111000010,0.0,01010010001101010000
1,0.0,01010010001101010000,0.0,01010010001101010000
1,0.0,01010010001101010000,0.0,01010001011001010000
1,0.0,01010001011001010000,0.0,01010001011001010000
1,0.0,01010001011001010000,0.0,01010001011001010000
1,0.0,01010001011001010000,0.0,00010011001001010000
1,0.0,00010011001001010000,0.0,00010011001001010000
1,0.0,00010011001001010000,0.0,00010111001001100000
1,0.0,00010111001001100000,0.0,00010111001001100000
1,0.0,00010111001001100000,0.0,00011101001001101011
1,0.0,00011101001001101011,0.0,00011101001001101011
1,0.0,00011101001001101011,0.0,00011100101011111011
1,0.0,00011100101011111011,0.0,01011100001011011011
1,0.0,01011100001011011011,0.0,00010101001011110011
1,0.0,00010101001011110011,0.0,00010101001011110011
1,0.0,00010101001011110011,0.0,00010101001011110011
1,0.0,00010101001011110011,0.0,11000101101010110110
1,0.0,11000101101010110110,0.0,11000101101010110110
1,0.0,11000101101010110110,0.0,01000111111010110000
1,0.0,01000111111010110000,0.0,01000111111010110000
1,0.0,01000111111010110000,0.0,01010101110010111010
1,0.0,01010101110010111010,0.0,01010001110100111010
1,0.0,01010001110100111010,0.0,00010011100100111010
1,0.0,00010011100100111010,0.0,00001001101101111011
1,0.0,00001001101101111011,0.0,01001001101101101001
1,0.0,01001001101101101001,0.0,11100000001101101001
1,0.0,11100000001101101001,0.0,01011000101101101001
1,0.0,01011000101101101001,0.0,00111000001101101001
1,0.0,00111000001101101001,0.0,00111010001100101001
1,0.0,00111010001100101001,0.0,00111010001100101001
1,0.0,00111010001100101001,0.0,00010110001100101111
1,0.0,00010110001100101111,0.0,00010110111000101100
1,0.0,00010110111000101100,0.0,00011011101000101001
1,0.0,00011011101000101001,0.0,00011011101000101001
1,0.0,00011011101000101001,0.0,00011011101000101001
1,0.0,00011011101000101001,0.0,00010011100001101011
1,0.0,00010011100001101011,0.0,00011001101001101001
1,0.0,00011001101001101001,0.0,00110101100001101001
1,0.0,00110101100001101001,0.0,10010101100011101001
1,0.0,10010101100011101001,0.0,10011001100001111000
1,0.0,10011001100001111000,0.0,10000101110101111010
1,0.0,10000101110101111010,0.0,10000100111101101101
1,0.0,10000100111101101101,0.0,11001100111101101001
1,0.0,11001100111101101001,0.0,11001100111101101001
1,0.0,11001100111101101001,0.0,01001100111101111010
1,0.0,01001100111101111010,0.0,01001100111101111010
1,0.0,01001100111101111010,0.0,01001010101101011000
1,0.0,01001010101101011000,0.0,01000000111101011100
1,0.0,01000000111101011100,0.0,01011000111000111100
1,0.0,01011000111000111100,0.0,01010100011001001100
1,0.0,01010100011001001100,0.0,01011100011001011010
1,0.0,01011100011001011010,0.0,01011000111001011000
1,0.0,01011000111001011000,0.0,01000100111011011100
1,0.0,01000100111011011100,0.0,01000101111011001001
1,0.0,01000101111011001001,0.0,01000001111101001001
1,0.0,01000001111101001001,0.0,01000001111101001001
1,0.0,01000001111101001001,0.0,01000100111101101100
1,0.0,01000100111101101100,0.0,01101000011001101101
1,0.0,01101000011001101101,0.0,00111100011001100110
1,0.0,00111100011001100110,0.0,00111100001011100111
1,0.0,00111100001011100111,0.0,00111100110111100100
1,0.0,00111100110111100100,0.0,00101110110111100111
1,0.0,00101110110111100111,0.0,00101110110111100111
1,0.0,00101110110111100111,0.0,00101110110111100111
1,0.0,00101110110111100111,0.0,00100110111110100111
1,0.0,00100110111110100111,0.0,10100100111100101110
1,0.0,10100100111100101110,0.0,10100100111100101110
1,0.0,10100100111100101110,0.0,10100100111100101110
1,0.0,10100100111100101110,0.0,10000100111101101101
1,0.0,10000100111101101101,0.0,11000100111111110001
1,0.0,11000100111111110001,0.0,01000010111101110011
1,0.0,01000010111101110011,0.0,01010010111100110000
1,0.0,01010010111100110000,0.0,10010010111100110001
1,0.0,10010010111100110001,0.0,10010010011110110000
1,0.0,10010010011110110000,0.0,10010010011110110000
1,0.0,10010010011110110000,0.0,10010010011110110000
1,0.0,10010010011110110000,0.0,10010010011110110000
1,0.0,10010010011110110000,0.0,10011010111110100011
1,0.0,10011010111110100011,0.0,10011110101101000000
1,0.0,10011110101101000000,0.0,10001111001001001001
1,0.0,10001111001001001001,0.0,00000111001001001100
1,0.0,00000111001001001100,0.0,10011101001001000100
1,0.0,10011101001001000100,0.0,10011101001001000100
1,0.0,10011101001001000100,0.0,10011010101001000101
1,0.0,10011010101001000101,0.0,00011110101001100110
1,0.0,00011110101001100110,0.0,00001111101001100110
1,0.0,00001111101001100110,0.0,00001111101001100110
1,0.0,00001111101001100110,0.0,00001111101001100110
1,0.0,00001111101001100110,0.0,10001011101001000101
1,0.0,10001011101001000101,0.0,00010001101101000100
1,0.0,00010001101101000100,0.0,00000001101101101101
1,0.0,00000001101101101101,0.0,00000001001111101100
1,0.0,00000001001111101100,0.0,00001011000111101100
1,0.0,00001011000111101100,0.0,00001111000101101111
1,0.0,00001111000101101111,0.0,01000111000001101110
1,0.0,01000111000001101110,0.0,01000111110001101010
1,0.0,01000111110001101010,0.0,01010111100010101000
1,0.0,01010111100010101000,0.0,01100011110010101001
1,0.0,01100011110010101001,0.0,01100011010001001000
1,0.0,01100011010001001000,0.0,00100011110001101000
1,0.0,00100011110001101000,0.0,01100010110101101000
1,0.0,01100010110101101000,0.0,01001110110101101100
1,0.0,01001110110101101100,0.0,01011000110101101101
1,0.0,01011000110101101101,0.0,01011000101101101001
1,0.0,01011000101101101001,0.0,00010000001111101100
1,0.0,00010000001111101100,0.0,00010100001101101111
2,0.0,01001101011110110101,0.0,01101101011110010010
2,0.0,01101101011110010010,0.0,01101111011010000011
2,0.0,01101111011010000011,0.0,10101110011010011001
2,0.0,10101110011010011001,0.0,11001110111010011001
2,0.0,11001110111010011001,0.0,11001100111011011001
2,0.0,11001100111011011001,0.0,11001000111101011001
2,0.0,11001000111101011001,0.0,11001100111011011001
2,0.0,11001100111011011001,0.0,10001110101011011001
2,0.0,10001110101011011001,0.0,00001010111011111010
2,0.0,00001010111011111010,0.0,00101110111011010010
2,0.0,00101110111011010010,0.0,00101110001011010110
2,0.0,00101110001011010110,0.0,00011110001111010001
2,0.0,00011110001111010001,0.0,00010110101110011000
2,0.0,00010110101110011000,0.0,00011110001111010001
2,0.0,00011110001111010001,0.0,00010010001111000110
2,0.0,00010010001111000110,0.0,10100010101100001100
2,0.0,10100010101100001100,0.0,10101010101001001011
2,0.0,10101010101001001011,0.0,10101010001011001010
2,0.0,10101010001011001010,0.0,10101010001011001010
2,0.0,10101010001011001010,0.0,10100000011011001110
2,0.0,10100000011011001110,0.0,10100000011011001110
2,0.0,10100000011011001110,0.0,00001011011001010101
2,0.0,00001011011001010101,0.0,10001011111000010111
2,0.0,10001011111000010111,0.0,10001011111000010111
2,0.0,10001011111000010111,0.0,10001111110110010111
2,0.0,10001111110110010111,0.0,10001111110110010111
2,0.0,10001111110110010111,0.0,10001111110110010111
2,0.0,10001111110110010111,0.0,10101110101100010101
2,0.0,10101110101100010101,0.0,11101010101100000110
2,0.0,11101010101100000110,0.0,11101110101010000110
2,0.0,11101110101010000110,0.0,11101100011110010100
2,0.0,11101100011110010100,0.0,11100100001110110110
2,0.0,11100100001110110110,0.0,11100110001010100111
2,0.0,11100110001010100111,0.0,11101110101010000110
2,0.0,11101110101010000110,0.0,11100110101000010100
2,0.0,11100110101000010100,0.0,01101110111000010111
2,0.0,01101110111000010111,0.0,00100110111000011101
2,0.0,00100110111000011101,0.0,00100110111000011101
2,0.0,00100110111000011101,0.0,01001011001000011100
2,0.0,01001011001000011100,0.0,11001011000000111111
2,0.0,11001011000000111111,0.0,11000111010000101111
2,0.0,11000111010000101111,0.0,10110101010010101001
2,0.0,10110101010010101001,0.0,10111100110011110010
2,0.0,10111100110011110010,0.0,00110101110011100010
2,0.0,00110101110011100010,0.0,00111001011001000011
2,0.0,00111001011001000011,0.0,01011001111001000011
2,0.0,01011001111001000011,0.0,00010001111001001001
2,0.0,00010001111001001001,0.0,00011011101001000011
2,0.0,00011011101001000011,0.0,00011011101001000011
2,0.0,00011011101001000011,0.0,01010111100011000010
2,0.0,01010111100011000010,0.0,00011111100111000011
2,0.0,00011111100111000011,0.0,00011110100111010110
2,0.0,00011110100111010110,0.0,00011010100101101101
2,0.0,00011010100101101101,0.0,00010000101101101101
2,0.0,00010000101101101101,0.0,00000001101101101101
2,0.0,00000001101101101101,0.0,00001101001111110101
2,0.0,00001101001111110101,0.0,00001101001111110101
2,0.0,00001101001111110101,0.0,01101001100111110010
2,0.0,01101001100111110010,0.0,01100001110111010010
2,0.0,01100001110111010010,0.0,01000011110111010001
2,0.0,01000011110111010001,0.0,01001111110011110000
2,0.0,01001111110011110000,0.0,00101111110001110001
2,0.0,00101111110001110001,0.0,01101011110001100010
2,0.0,01101011110001100010,0.0,01101011110001100010
2,0.0,01101011110001100010,0.0,11000011110001110000
2,0.0,11000011110001110000,0.0,11000011110001110000
2,0.0,11000011110001110000,0.0,11001011010101010001
2,0.0,11001011010101010001,0.0,10001011010111110000
2,0.0,10001011010111110000,0.0,10001011110101110001
2,0.0,10001011110101110001,0.0,10100011010001110000
2,0.0,10100011010001110000,0.0,10101011010000111011
2,0.0,10101011010000111011,0.0,10100011010001110000
2,0.0,10100011010001110000,0.0,10100011010001110000
2,0.0,10100011010001110000,0.0,10100011010001110000
2,0.0,10100011010001110000,0.0,10101011010011100010
2,0.0,10101011010011100010,0.0,11101011010001000011
2,0.0,11101011010001000011,0.0,11101011010001000011
2,0.0,11101011010001000011,0.0,11100001110001001010
2,0.0,11100001110001001010,0.0,11100001110001001010
2,0.0,11100001110001001010,0.0,11100001110001001010
2,0.0,11100001110001001010,0.0,11101011010001000011
2,0.0,11101011010001000011,0.0,11001011000001011011
2,0.0,11001011000001011011,0.0,11000111010001001011
2,0.0,11000111010001001011,0.0,11010101010001001000
2,0.0,11010101010001001000,0.0,11010000001001011011
2,0.0,11010000001001011011,0.0,11011100100011001111
2,0.0,11011100100011001111,0.0,01011100110011101101
2,0.0,01011100110011101101,0.0,01010001000001101111
2,0.0,01010001000001101111,0.0,01010001000001101111
2,0.0,01010001000001101111,0.0,01010001000001101111
2,0.0,01010001000001101111,0.0,01010101000010111110
2,0.0,01010101000010111110,0.0,11010001000010011101
2,0.0,11010001000010011101,0.0,01110001000000011101
2,0.0,01110001000000011101,0.0,01110001000000011101
2,0.0,01110001000000011101,0.0,01100101011000110101
2,0.0,01100101011000110101,0.0,01100101101000110110
2,0.0,01100101101000110110,0.0,01100101101001010010
2,0.0,01100101101001010010,0.0,00101101101101010011
2,0.0,00101101101101010011,0.0,00101101000101011101
2,0.0,00101101000101011101,0.0,10100100000111111100
2,0.0,10100100000111111100,0.0,10100100000111111100
2,0.0,10100100000111111100,0.0,10100100000111111100
2,0.0,10100100000111111100,0.0,10000101100011111100
2,0.0,10000101100011111100,0.0,10000101100011111100
2,0.0,10000101100011111100,0.0,10011001100001110110
2,0.0,10011001100001110110,0.0,10011001100001001111
2,0.0,10011001100001001111,0.0,10100111100001000101
2,0.0,10100111100001000101,0.0,10100111100001000101
2,0.0,10100111100001000101,0.0,10100110000011101101
2,0.0,10100110000011101101,0.0,11101110000011101001
2,0.0,11101110000011101001,0.0,11101000000011111101
2,0.0,11101000000011111101,0.0,10010100000101111110
2,0.0,10010100000101111110,0.0,10010100000101111110
2,0.0,10010100000101111110,0.0,10010100000101111110
2,0.0,10010100000101111110,0.0,10010100110101111010
2,0.0,10010100110101111010,0.0,10000101110101111010
2,0.0,10000101110101111010,0.0,10000010110111111010
2,0.0,10000010110111111010,0.0,11000010110111101000
2,0.0,11000010110111101000,0.0,01000111110111100001
2,0.0,01000111110111100001,0.0,00010111110011100001
3,2.0,11010011010000100100,2.0,11010011010000100100
3,2.0,11010011010000100100,0.0,10011011010000110101
3,0.0,10011011010000110101,0.0,10010011000000011100
3,0.0,10010011000000011100,0.0,10110110000000011101
3,0.0,10110110000000011101,0.0,10110110010010011000
3,0.0,10110110010010011000,0.0,10110110010010011000
3,0.0,10110110010010011000,0.0,10111110000010110110
3,0.0,10111110000010110110,0.0,10111100011010010100
3,0.0,10111100011010010100,0.0,00111110010011000111
3,0.0,00111110010011000111,0.0,00010110110011110100
3,0.0,00010110110011110100,0.0,00010110110011110100
3,0.0,00010110110011110100,0.0,00011010010011101111
3,0.0,00011010010011101111,0.0,00011100110011111111
3,0.0,00011100110011111111,0.0,00011110100011101101
3,0.0,00011110100011101101,0.0,00001111100011101101
3,0.0,00001111100011101101,0.0,00001111100011101101
3,0.0,00001111100011101101,0.0,00001011100011011101
3,0.0,00001011100011011101,0.0,10000111100011011000
3,0.0,10000111100011011000,0.0,10000111100011011000
3,0.0,10000111100011011000,0.0,10010011100010011001
3,0.0,10010011100010011001,0.0,00010111100010111010
3,0.0,00010111100010111010,0.0,00001111101010111011
3,0.0,00001111101010111011,0.0,01001110101110111011
3,0.0,01001110101110111011,0.0,01001111001010011011
3,0.0,01001111001010011011,0.0,01000111001011010000
3,0.0,01000111001011010000,0.0,01100110001101010001
3,0.0,01100110001101010001,0.0,01100100111101110001
3,0.0,01100100111101110001,0.0,01100100101001111011
3,0.0,01100100101001111011,0.0,01110100101001010010
3,0.0,01110100101001010010,0.0,00111100101001010100
3,0.0,00111100101001010100,0.0,00111001101000010101
3,0.0,00111001101000010101,0.0,00111101101000100101
3,0.0,00111101101000100101,0.0,00111001011000100111
3,0.0,00111001011000100111,0.0,00111001011000100111
3,0.0,00111001011000100111,0.0,00101111011000100110
3,0.0,00101111011000100110,0.0,00111011011000000011
3,0.0,00111011011000000011,0.0,10100011011010100010
3,0.0,10100011011010100010,0.0,10000011011011100001
3,0.0,10000011011011100001,0.0,11000011111010100010
3,0.0,11000011111010100010,0.0,11000011101001000011
3,0.0,11000011101001000011,0.0,01001111111001000010
3,0.0,01001111111001000010,0.0,01000110111101000110
3,0.0,01000110111101000110,0.0,01000110110111110100
3,0.0,01000110110111110100,0.0,01000110110111110100
3,0.0,01000110110111110100,0.0,01000110110111110100
3,0.0,01000110110111110100,0.0,01001100110111111111
3,0.0,01001100110111111111,0.0,00101000110111111101
3,0.0,00101000110111111101,0.0,01100000010101111110
3,0.0,01100000010101111110,0.0,01101000011101011000
3,0.0,01101000011101011000,0.0,01001001111001011000
3,0.0,01001001111001011000,0.0,01100001010011011011
3,0.0,01100001010011011011,0.0,00001111010001011110
3,0.0,00001111010001011110,0.0,00001111110001101100
3,0.0,00001111110001101100,0.0,00001111100011101101
3,0.0,00001111100011101101,0.0,10001111000011110101
3,0.0,10001111000011110101,0.0,00000111101011110000
3,0.0,00000111101011110000,0.0,00001111101010111011
3,0.0,00001111101010111011,0.0,00001101101011111011
3,0.0,00001101101011111011,0.0,00011100101011111011
3,0.0,00011100101011111011,0.0,00011100111001111010
3,0.0,00011100111001111010,0.0,00011000110101111111
3,0.0,00011000110101111111,0.0,10010000100101111100
3,0.0,10010000100101111100,0.0,10010000100101111100
3,0.0,10010000100101111100,0.0,10100100100101111101
3,0.0,10100100100101111101,0.0,11101100100101111001
3,0.0,11101100100101111001,0.0,10100100110111111000
3,0.0,10100100110111111000,0.0,10100110000110111100
3,0.0,10100110000110111100,0.0,10100110001010111011
3,0.0,10100110001010111011,0.0,10101110000011111011
3,0.0,10101110000011111011,0.0,11001110000001111110
3,0.0,11001110000001111110,0.0,11001010100001111100
3,0.0,11001010100001111100,0.0,11010000100110111101
3,0.0,11010000100110111101,0.0,11010000101100001111
3,0.0,11010000101100001111,0.0,01011100101110001111
3,0.0,01011100101110001111,0.0,01011100001101101011
3,0.0,01011100001101101011,0.0,01001101001101101011
3,0.0,01001101001101101011,0.0,01001101001101101011
3,0.0,01001101001101101011,0.0,01001101001101101011
3,0.0,01001101001101101011,0.0,01001111001100101011
3,0.0,01001111001100101011,0.0,01001111001100101011
3,0.0,01001111001100101011,0.0,01001111010100101111
3,0.0,01001111010100101111,0.0,01011011010000001101
3,0.0,01011011010000001101,0.0,01100011010000101100
3,0.0,01100011010000101100,0.0,01101011001010000101
3,0.0,01101011001010000101,0.0,01100011001001000010
3,0.0,01100011001001000010,0.0,01100011001001000010
3,0.0,01100011001001000010,0.0,00100111001001010001
3,0.0,00100111001001010001,0.0,00100111001001010001
3,0.0,00100111001001010001,0.0,10100011001001000011
3,0.0,10100011001001000011,0.0,10100011010001110000
3,0.0,10100011010001110000,0.0,10000111110100111010
3,0.0,10000111110100111010,0.0,11100100101100111001
3,0.0,11100100101100111001,0.0,01100000001101111010
3,0.0,01100000001101111010,0.0,01001100101111111011
3,0.0,01001100101111111011,0.0,01001100101111111011
3,0.0,01001100101111111011,0.0,01000110101111110000
3,0.0,01000110101111110000,0.0,01000110101111110000
3,0.0,01000110101111110000,0.0,01001100101111111011
3,0.0,01001100101111111011,0.0,01001100101111111011
3,0.0,01001100101111111011,0.0,01000101100111111010
3,0.0,01000101100111111010,0.0,01001101101110111000
3,0.0,01001101101110111000,0.0,01101000111110111001
3,0.0,01101000111110111001,0.0,01101100011110111011
3,0.0,01101100011110111011,0.0,01100110001010111010
3,0.0,01100110001010111010,0.0,01101011000010111011
3,0.0,01101011000010111011,0.0,01100011001000101000
3,0.0,01100011001000101000,0.0,01100001001001101000
3,0.0,01100001001001101000,0.0,01110000001001101000
3,0.0,01110000001001101000,0.0,01101000011001101101
3,0.0,01101000011001101101,0.0,01101000011001101101
3,0.0,01101000011001101101,0.0,01101000011001101101
3,0.0,01101000011001101101,0.0,01101010011000101101
3,0.0,01101010011000101101,0.0,01001110111001101011
3,0.0,01001110111001101011,0.0,01001010111000111111
3,0.0,01001010111000111111,0.0,01001110110110111111
3,0.0,01001110110110111111,0.0,01001110110110111111
3,0.0,01001110110110111111,0.0,01001110110110111111
3,0.0,01001110110110111111,0.0,01001110110110111111
3,0.0,01001110110110111111,0.0,01000110111110011011
3,0.0,01000110111110011011,0.0,11001110011100011011
3,0.0,11001110011100011011,0.0,10001110001101011011
3,0.0,10001110001101011011,0.0,10010100100111111011
3,0.0,10010100100111111011,0.0,10010100100111111011
3,0.0,10010100100111111011,0.0,10010100100111111011
3,0.0,10010100100111111011,0.0,10011101000111110001
3,0.0,10011101000111110001,0.0,10011001001001110001
3,0.0,10011001001001110001,0.0,10010001101001010010
3,0.0,10010001101001010010,0.0,10010001101001010010
3,0.0,10010001101001010010,0.0,11010001111000010010
3,0.0,11010001111000010010,0.0,11010001110010011001
3,0.0,11010001110010011001,0.0,11010001110010011001
3,0.0,11010001110010011001,0.0,01111000011010011001
3,0.0,01111000011010011001,0.0,01110001010010011000
3,0.0,01110001010010011000,0.0,01100001010011011011
3,0.0,01100001010011011011,0.0,01100001010011011011
3,0.0,01100001010011011011,0.0,00100001110011111011
3,0.0,00100001110011111011,0.0,00110000110011111011
3,0.0,00110000110011111011,0.0,00110010000011011011
3,0.0,00110010000011011011,0.0,00011010000101011111
3,0.0,00011010000101011111,0.0,00011010110101011011
4,2.0,01111001100101000011,2.0,01111001100101000011
4,2.0,01111001100101000011,2.0,01111001010101000001
4,2.0,01111001010101000001,2.0,11111100110101000011
4,2.0,11111100110101000011,2.0,11110100110110000111
4,2.0,11110100110110000111,0.0,11111100110110000110
4,0.0,11111100110110000110,0.0,11110100010011000100
4,0.0,11110100010011000100,0.0,11110001010010000101
4,0.0,11110001010010000101,0.0,11011001110000001111
4,0.0,11011001110000001111,0.0,11011001110000001111
4,0.0,11011001110000001111,0.0,11000001110100111100
4,0.0,11000001110100111100,0.0,11000101010100111110
4,0.0,11000101010100111110,0.0,11001100011100111111
4,0.0,11001100011100111111,0.0,11001110011100011011
4,0.0,11001110011100011011,0.0,00010010111100011011
4,0.0,00010010111100011011,0.0,00100010011100011100
4,0.0,00100010011100011100,0.0,00101010001100111100
4,0.0,00101010001100111100,0.0,00000011001100011111
4,0.0,00000011001100011111,0.0,00000011001100011111
4,0.0,00000011001100011111,0.0,00000011001100011111
4,0.0,00000011001100011111,0.0,01000011001100001101
4,0.0,01000011001100001101,0.0,00010101001100101100
4,0.0,00010101001100101100,0.0,00010101111100100110
4,0.0,00010101111100100110,0.0,00011101111000001110
4,0.0,00011101111000001110,0.0,01011001011011000010
4,0.0,01011001011011000010,0.0,01011101110111000011
4,0.0,01011101110111000011,0.0,11001101101111000001
4,0.0,11001101101111000001,0.0,11000101111110000101
4,0.0,11000101111110000101,0.0,11010101100111000000
4,0.0,11010101100111000000,0.0,11010111100110000000
4,0.0,11010111100110000000,0.0,10000111100101101000
4,0.0,10000111100101101000,0.0,10000111100110111011
4,0.0,10000111100110111011,0.0,10000111100101101000
4,0.0,10000111100101101000,0.0,10100001100001101110
4,0.0,10100001100001101110,0.0,00101001100101101110
4,0.0,00101001100101101110,0.0,10111001000101100011
4,0.0,10111001000101100011,0.0,11111100010101100010
4,0.0,11111100010101100010,0.0,11111100010101100010
4,0.0,11111100010101100010,0.0,11110100011100100010
4,0.0,11110100011100100010,0.0,01111000011101000011
4,0.0,01111000011101000011,0.0,11100000011111100010
4,0.0,11100000011111100010,0.0,11101010010111100010
4,0.0,11101010010111100010,0.0,01101110010111000111
4,0.0,01101110010111000111,0.0,01101110010111000111
4,0.0,01101110010111000111,0.0,01100111000111000010
4,0.0,01100111000111000010,0.0,01100011100111000000
4,0.0,01100011100111000000,0.0,01100011100111000000
4,0.0,01100011100111000000,0.0,00101101110111100100
4,0.0,00101101110111100100,0.0,00101101110111100100
4,0.0,00101101110111100100,0.0,01100001100111100100
4,0.0,01100001100111100100,0.0,01100001000111010110
4,0.0,01100001000111010110,0.0,01110000000111010110
4,0.0,01110000000111010110,0.0,10110000000111010111
4,0.0,10110000000111010111,0.0,10110000000111010111
4,0.0,10110000000111010111,0.0,10010010000011101100
4,0.0,10010010000011101100,0.0,10010010000011101100
4,0.0,10010010000011101100,0.0,00010110001001001100
4,0.0,00010110001001001100,0.0,10011110001001001001
4,0.0,10011110001001001001,0.0,10011110001001000111
4,0.0,10011110001001000111,0.0,10011110001001000111
4,0.0,10011110001001000111,0.0,10011110001001000111
4,0.0,10011110001001000111,0.0,10011110001001000111
4,0.0,10011110001001000111,0.0,10010100011001001101
4,0.0,10010100011001001101,0.0,10111100001001001010
4,0.0,10111100001001001010,0.0,10101101001001001010
4,0.0,10101101001001001010,0.0,10101101001001001010
4,0.0,10101101001001001010,0.0,10111100001001001010
4,0.0,10111100001001001010,0.0,10011000001001011101
4,0.0,10011000001001011101,0.0,10011000001001011101
4,0.0,10011000001001011101,0.0,10011000001001011101
4,0.0,10011000001001011101,0.0,10011000001001011101
4,0.0,10011000001001011101,0.0,01011000001001011100
4,0.0,01011000001001011100,0.0,10011000001001011101
4,0.0,10011000001001011101,0.0,10011100001101011000
4,0.0,10011100001101011000,0.0,11010100000111011011
4,0.0,11010100000111011011,0.0,11010000100111011001
4,0.0,11010000100111011001,0.0,01110000000111011000
4,0.0,01110000000111011000,0.0,01110000000111011000
4,0.0,01110000000111011000,0.0,01111000000011111011
4,0.0,01111000000011111011,0.0,01010100100111111010
4,0.0,01010100100111111010,0.0,01110000000111011000
4,0.0,01110000000111011000,0.0,01110000000111011000
4,0.0,01110000000111011000,0.0,01110100000101011011
4,0.0,01110100000101011011,0.0,01111000000101001110
4,0.0,01111000000101001110,0.0,01110000100101011001
4,0.0,01110000100101011001,0.0,01100110100101011000
4,0.0,01100110100101011000,0.0,01100110110001011011
4,0.0,01100110110001011011,0.0,01100011010001001000
4,0.0,01100011010001001000,0.0,01101010011001001001
4,0.0,01101010011001001001,0.0,00101010011001011011
4,0.0,00101010011001011011,0.0,10100010001001011000
4,0.0,10100010001001011000,0.0,00101110101001011001
4,0.0,00101110101001011001,0.0,01100010000011011100
4,0.0,01100010000011011100,0.0,01100110010011011010
4,0.0,01100110010011011010,0.0,01100010010101011010
4,0.0,01100010010101011010,0.0,11100010010101001001
4,0.0,11100010010101001001,0.0,01110010010001001000
4,0.0,01110010010001001000,0.0,01110010010001001000
4,0.0,01110010010001001000,0.0,01110010010001001000
4,0.0,01110010010001001000,0.0,00110010010001011010
4,0.0,00110010010001011010,0.0,00110110100001011000
4,0.0,00110110100001011000,0.0,00111110110001110001
4,0.0,00111110110001110001,0.0,00100110110011111010
4,0.0,00100110110011111010,0.0,10000010110111111010
4,0.0,10000010110111111010,0.0,10101010100011111001
4,0.0,10101010100011111001,0.0,10100110110110111000
4,0.0,10100110110110111000,0.0,11101110010010111011
4,0.0,11101110010010111011,0.0,11101100010011111011
4,0.0,11101100010011111011,0.0,10100100010011111111
4,0.0,10100100010011111111,0.0,10100010010001011100
4,0.0,10100010010001011100,0.0,10101010000001111100
4,0.0,10101010000001111100,0.0,10101010000001111100
4,0.0,10101010000001111100,0.0,10011110000011110101
4,0.0,10011110000011110101,0.0,01011001000011110101
4,0.0,01011001000011110101,0.0,01011001000011110101
4,0.0,01011001000011110101,0.0,01011101010011110011
4,0.0,01011101010011110011,0.0,00011111000011110011
4,0.0,00011111000011110011,0.0,00010111010011010011
4,0.0,00010111010011010011,0.0,00110001110011010010
4,0.0,00110001110011010010,0.0,00110101110011100010
4,0.0,00110101110011100010,0.0,00110101110011100010
4,0.0,00110101110011100010,0.0,00010001110011110101
4,0.0,00010001110011110101,0.0,01011001110011110001
4,0.0,01011001110011110001,0.0,01011001010001110100
4,0.0,01011001010001110100,0.0,00010011010001010100
4,0.0,00010011010001010100,0.0,01011011010001010000
4,0.0,01011011010001010000,0.0,00011011110001110000
4,0.0,00011011110001110000,0.0,00010011110011010001
4,0.0,00010011110011010001,0.0,10001011110101110001
4,0.0,10001011110101110001,0.0,00000011101101110000
5,0.0,00101101011001101000,0.0,10101101001001001010
5,0.0,10101101001001001010,0.0,10101101001001001010
5,0.0,10101101001001001010,0.0,10101101001001001010
5,0.0,10101101001001001010,0.0,10101101010001001110
5,0.0,10101101010001001110,0.0,10101101000011001111
5,0.0,10101101000011001111,0.0,00001111100011101101
5,0.0,00001111100011101101,0.0,00000101101011101101
5,0.0,00000101101011101101,0.0,00011100101101001110
5,0.0,00011100101101001110,0.0,00011110101100001110
5,0.0,00011110101100001110,0.0,10010110101000001110
5,0.0,10010110101000001110,0.0,00010110101011001001
5,0.0,00010110101011001001,0.0,00010110111001001000
5,0.0,00010110111001001000,0.0,10011110001001001001
5,0.0,10011110001001001001,0.0,10011000011101101000
5,0.0,10011000011101101000,0.0,10011000001111101001
5,0.0,10011000001111101001,0.0,11011000011110101001
5,0.0,11011000011110101001,0.0,01011010011010101011
5,0.0,01011010011010101011,0.0,01001010111011101000
5,0.0,01001010111011101000,0.0,01001010111001011011
5,0.0,01001010111001011011,0.0,01001010111001011011
5,0.0,01001010111001011011,0.0,01011010101010011001
5,0.0,01011010101010011001,0.0,01011110001010011011
5,0.0,01011110001010011011,0.0,11001110111010011001
5,0.0,11001110111010011001,0.0,10101110011010011001
5,0.0,10101110011010011001,0.0,10100110010011011011
5,0.0,10100110010011011011,0.0,11100110010011110000
5,0.0,11100110010011110000,0.0,11000111010001110010
5,0.0,11000111010001110010,0.0,11000111010001110010
5,0.0,11000111010001110010,0.0,11000111010001110010
5,0.0,11000111010001110010,0.0,11000111000011110011
5,0.0,11000111000011110011,0.0,11000111000011110011
5,0.0,11000111000011110011,0.0,01100011000011110000
5,0.0,01100011000011110000,0.0,01100011000011110000
5,0.0,01100011000011110000,0.0,00101011000111110001
5,0.0,00101011000111110001,0.0,00110011000101000010
5,0.0,00110011000101000010,0.0,10101011000101010010
5,0.0,10101011000101010010,0.0,10101001000101110110
5,0.0,10101001000101110110,0.0,10100011000101000100
5,0.0,10100011000101000100,0.0,11101011000101000000
5,0.0,11101011000101000000,0.0,01101001011101000011
5,0.0,01101001011101000011,0.0,11100000011111100010
5,0.0,11100000011111100010,0.0,10100001011011100010
5,0.0,10100001011011100010,0.0,01001001011011101011
5,0.0,01001001011011101011,0.0,11000001111011100010
5,0.0,11000001111011100010,0.0,11000011111010100010
5,0.0,11000011111010100010,0.0,11000011111010100010
5,0.0,11000011111010100010,0.0,11000011111010100010
5,0.0,11000011111010100010,0.0,10000011101011100010
5,0.0,10000011101011100010,0.0,10000011101011100010
5,0.0,10000011101011100010,0.0,10000011011011100001
5,0.0,10000011011011100001,0.0,00001011011111100001
5,0.0,00001011011111100001,0.0,00001011011111100001
5,0.0,00001011011111100001,0.0,00001010011111001101
5,0.0,00001010011111001101,0.0,00101010010101011100
5,0.0,00101010010101011100,0.0,00100010011100011100
5,0.0,00100010011100011100,0.0,01101010011100010110
5,0.0,01101010011100010110,0.0,11100010011000010110
5,0.0,11100010011000010110,0.0,11100110011000100110
5,0.0,11100110011000100110,0.0,11100110011000100110
5,0.0,11100110011000100110,0.0,11101011010000100111
5,0.0,11101011010000100111,0.0,11100001011000100111
5,0.0,11100001011000100111,0.0,11100101101000100101
5,0.0,11100101101000100101,0.0,11010001101000100100
5,0.0,11010001101000100100,0.0,11010101001000100110
5,0.0,11010101001000100110,0.0,11010001101000100100
5,0.0,11010001101000100100,0.0,11011001100010111001
5,0.0,11011001100010111001,0.0,11011001110000111000
5,0.0,11011001110000111000,0.0,10010011110000011000
5,0.0,10010011110000011000,0.0,10011001100001001111
5,0.0,10011001100001001111,0.0,10010011100001000100
5,0.0,10010011100001000100,0.0,10010111110001000010
5,0.0,10010111110001000010,0.0,10010111110001000010
5,0.0,10010111110001000010,0.0,00011110110001101100
5,0.0,00011110110001101100,0.0,00011001110001101101
5,0.0,00011001110001101101,0.0,00011110110001101100
5,0.0,00011110110001101100,0.0,00011110110001101100
5,0.0,00011110110001101100,0.0,10001110110101101101
5,0.0,10001110110101101101,0.0,11000010110111101000
5,0.0,11000010110111101000,0.0,11000010110100111111
5,0.0,11000010110100111111,0.0,11000010110100111111
5,0.0,11000010110100111111,0.0,11000000110101111111
5,0.0,11000000110101111111,0.0,11000000110101111111
5,0.0,11000000110101111111,0.0,01001100110111111111
5,0.0,01001100110111111111,0.0,01001100110111111111
5,0.0,01001100110111111111,0.0,01001100110111111111
5,0.0,01001100110111111111,0.0,01100100110111001110
5,0.0,01100100110111001110,0.0,01100100110111001110
5,0.0,01100100110111001110,0.0,01101100010111101101
5,0.0,01101100010111101101,0.0,01101100010111101101
5,0.0,01101100010111101101,0.0,01100100011111110000
5,0.0,01100100011111110000,0.0,01100100001011111010
5,0.0,01100100001011111010,0.0,01100100011111001001
5,0.0,01100100011111001001,0.0,01100100011111001001
5,0.0,01100100011111001001,0.0,00100101011011001001
5,0.0,00100101011011001001,0.0,00100101011011001001
5,0.0,00100101011011001001,0.0,00100001011101001001
5,0.0,00100001011101001001,0.0,00101011010101001001
5,0.0,00101011010101001001,0.0,00110001000101101000
5,0.0,00110001000101101000,0.0,00101001100101101110
5,0.0,00101001100101101110,0.0,00100011110100001110
5,0.0,00100011110100001110,0.0,01101011011100000011
5,0.0,01101011011100000011,0.0,01100110101110001010
5,0.0,01100110101110001010,0.0,01101110111110100011
5,0.0,01101110111110100011,0.0,01101111011010000011
5,0.0,01101111011010000011,0.0,01101111011010000011
5,0.0,01101111011010000011,0.0,01001111011110010001
5,0.0,01001111011110010001,0.0,01001111011110010001
5,0.0,01001111011110010001,0.0,01001011010111001000
5,0.0,01001011010111001000,0.0,01001011010111001000
5,0.0,01001011010111001000,0.0,00101111010011001001
5,0.0,00101111010011001001,0.0,00100101011011001001
5,0.0,00100101011011001001,0.0,00100101101011001010
5,0.0,00100101101011001010,0.0,00101101111110001011
5,0.0,00101101111110001011,0.0,00101101111110001011
5,0.0,00101101111110001011,0.0,00101101111110001011
5,0.0,00101101111110001011,0.0,01100111110110100010
5,0.0,01100111110110100010,0.0,01100111000110100110
5,0.0,01100111000110100110,0.0,00100011001110110001
5,0.0,00100011001110110001,0.0,00101011001010011001
5,0.0,00101011001010011001,0.0,01100010101010111000
5,0.0,01100010101010111000,0.0,01101110011010011000
5,0.0,01101110011010011000,0.0,11001110011100011011
5,0.0,11001110011100011011,0.0,10011110011000011011
5,0.0,10011110011000011011,0.0,11000110001001011010
5,0.0,11000110001001011010,0.0,10000110011001111001
5,0.0,10000110011001111001,0.0,11001110011001110011
5,0.0,11001110011001110011,0.0,11001110011001110011
5,0.0,11001110011001110011,0.0,10000111011001010000
5,0.0,10000111011001010000,0.0,10000111011001010000
5,0.0,10000111011001010000,0.0,10000111011001010000
5,0.0,10000111011001010000,0.0,10001101111101010010
5,0.0,10001101111101010010,0.0,10001111010101110011
5,0.0,10001111010101110011,0.0,10000011001101010001
5,0.0,10000011001101010001,0.0,10001011001111000011
5,0.0,10001011001111000011,0.0,10001011001111000011
6,0.0,01100010000101101100,0.0,01100010000101101100
6,0.0,01100010000101101100,0.0,01110010010000101100
6,0.0,01110010010000101100,0.0,01011110001000101100
6,0.0,01011110001000101100,0.0,01011110101010101001
6,0.0,01011110101010101001,0.0,01011101011000101011
6,0.0,01011101011000101011,0.0,01000111011100110010
6,0.0,01000111011100110010,0.0,01000111001110110011
6,0.0,01000111001110110011,0.0,01000111011100110010
6,0.0,01000111011100110010,0.0,01000111011100110010
6,0.0,01000111011100110010,0.0,01000011111100110000
6,0.0,01000011111100110000,0.0,01000001110111110101
6,0.0,01000001110111110101,0.0,11001001010101110101
6,0.0,11001001010101110101,0.0,11000001110101010110
6,0.0,11000001110101010110,0.0,10000011100101010110
6,0.0,10000011100101010110,0.0,10100010100111010100
6,0.0,10100010100111010100,0.0,10100010100111010100
6,0.0,10100010100111010100,0.0,10101010100101001100
6,0.0,10101010100101001100,0.0,11101010100110001101
6,0.0,11101010100110001101,0.0,11101010100110001101
6,0.0,11101010100110001101,0.0,11011010100100001111
6,0.0,11011010100100001111,0.0,11011010000110001110
6,0.0,11011010000110001110,0.0,11010010100110011001
6,0.0,11010010100110011001,0.0,11010100110110111011
6,0.0,11010100110110111011,0.0,11010100110110111011
6,0.0,11010100110110111011,0.0,11000101110110111011
6,0.0,11000101110110111011,0.0,11000101110010111100
6,0.0,11000101110010111100,0.0,11000101110010111100
6,0.0,11000101110010111100,0.0,11010100110010111100
6,0.0,11010100110010111100,0.0,11010100110010111100
6,0.0,11010100110010111100,0.0,00011100110011111111
6,0.0,00011100110011111111,0.0,00111100010011101101
6,0.0,00111100010011101101,0.0,00110000010111110101
6,0.0,00110000010111110101,0.0,00100110010111110100
6,0.0,00100110010111110100,0.0,00100110010111110100
6,0.0,00100110010111110100,0.0,00100110010111110100
6,0.0,00100110010111110100,0.0,00101110010101101100
6,0.0,00101110010101101100,0.0,00101110010101101100
6,0.0,00101110010101101100,0.0,00100110011101001000
6,0.0,00100110011101001000,0.0,10000110011111001000
6,0.0,10000110011111001000,0.0,00010000011111011010
6,0.0,00010000011111011010,0.0,01010100011101001011
6,0.0,01010100011101001011,0.0,01000100011101011110
6,0.0,01000100011101011110,0.0,00000100111101111110
6,0.0,00000100111101111110,0.0,10001100111101111011
6,0.0,10001100111101111011,0.0,10001100011111111010
6,0.0,10001100011111111010,0.0,10011000011011011000
6,0.0,10011000011011011000,0.0,01011000111001011000
6,0.0,01011000111001011000,0.0,01011100111010111011
6,0.0,01011100111010111011,0.0,01011100111010111011
6,0.0,01011100111010111011,0.0,01011000101010111101
6,0.0,01011000101010111101,0.0,01001001111000111100
6,0.0,01001001111000111100,0.0,01001101011000111110
6,0.0,01001101011000111110,0.0,10001101111100110110
6,0.0,10001101111100110110,0.0,11000101011010110101
6,0.0,11000101011010110101,0.0,11001111001010110001
6,0.0,11001111001010110001,0.0,10000111001010110101
6,0.0,10000111001010110101,0.0,10000111011000110100
6,0.0,10000111011000110100,0.0,10000111011000110100
6,0.0,10000111011000110100,0.0,10000111011000110100
6,0.0,10000111011000110100,0.0,10000111011000110100
6,0.0,10000111011000110100,0.0,10011011010000110101
6,0.0,10011011010000110101,0.0,10011001010001110101
6,0.0,10011001010001110101,0.0,10011001100001110110
6,0.0,10011001100001110110,0.0,10011001100001110110
6,0.0,10011001100001110110,0.0,10101101100001110111
6,0.0,10101101100001110111,0.0,10101101100001110111
6,0.0,10101101100001110111,0.0,10101101100001110111
6,0.0,10101101100001110111,0.0,10100101100101010100
6,0.0,10100101100101010100,0.0,10100101100101010100
6,0.0,10100101100101010100,0.0,11101101100001100101
6,0.0,11101101100001100101,0.0,11101101100001100101
6,0.0,11101101100001100101,0.0,10100101110011100100
6,0.0,10100101110011100100,0.0,00101111010011000111
6,0.0,00101111010011000111,0.0,00101011110011000101
6,0.0,00101011110011000101,0.0,00101111010011000111
6,0.0,00101111010011000111,0.0,01100001110011100111
6,0.0,01100001110011100111,0.0,00100001111011000101
6,0.0,00100001111011000101,0.0,00110101111000000101
6,0.0,00110101111000000101,0.0,00111101001010100100
6,0.0,00111101001010100100,0.0,00111101101000100101
6,0.0,00111101101000100101,0.0,00111110011000100110
6,0.0,00111110011000100110,0.0,10110101011000100010
6,0.0,10110101011000100010,0.0,10110001001000100100
6,0.0,10110001001000100100,0.0,11010101001000100110
6,0.0,11010101001000100110,0.0,11010101001000100110
6,0.0,11010101001000100110,0.0,11011101000001100110
6,0.0,11011101000001100110,0.0,10111101100000110100
6,0.0,10111101100000110100,0.0,10101101001000101110
6,0.0,10101101001000101110,0.0,10100011001000100111
6,0.0,10100011001000100111,0.0,10100001001100110110
6,0.0,10100001001100110110,0.0,00100101001001110101
6,0.0,00100101001001110101,0.0,00100001001001111010
6,0.0,00100001001001111010,0.0,00111000001101101001
6,0.0,00111000001101101001,0.0,00111010001100101001
6,0.0,00111010001100101001,0.0,00111000001101101001
6,0.0,00111000001101101001,0.0,00111000001101101001
6,0.0,00111000001101101001,0.0,00111000001101101001
6,0.0,00111000001101101001,0.0,00111000001101101001
6,0.0,00111000001101101001,0.0,00111000001101101001
6,0.0,00111000001101101001,0.0,00111000001101101001
6,0.0,00111000001101101001,0.0,01110000001001101000
6,0.0,01110000001001101000,0.0,11111000001001100011
6,0.0,11111000001001100011,0.0,11111001000011000001
6,0.0,11111001000011000001,0.0,11111101100010010001
6,0.0,11111101100010010001,0.0,11111101100010010001
6,0.0,11111101100010010001,0.0,11110001100010000110
6,0.0,11110001100010000110,0.0,01110001000011000100
6,0.0,01110001000011000100,0.0,00111001000111000101
6,0.0,00111001000111000101,0.0,00111001000111000101
6,0.0,00111001000111000101,0.0,00111001110111000001
6,0.0,00111001110111000001,0.0,00010101110111001001
6,0.0,00010101110111001001,0.0,00111001110111000001
6,0.0,00111001110111000001,0.0,00111001110111000001
6,0.0,00111001110111000001,0.0,10110001110011000001
6,0.0,10110001110011000001,0.0,10110001110011000001
6,0.0,10110001110011000001,0.0,10111001110010110011
6,0.0,10111001110010110011,0.0,10101001101010011011
6,0.0,10101001101010011011,0.0,10101110101010011010
6,0.0,10101110101010011010,0.0,10000110111010011101
6,0.0,10000110111010011101,0.0,10101110011010010111
6,0.0,10101110011010010111,0.0,10101100011011010111
6,0.0,10101100011011010111,0.0,01101110011010010110
6,0.0,01101110011010010110,0.0,01101011001010000101
6,0.0,01101011001010000101,0.0,01100101001010001110
6,0.0,01100101001010001110,0.0,00110001001000001110
6,0.0,00110001001000001110,0.0,00010001001001001101
6,0.0,00010001001001001101,0.0,00010101010101001100
6,0.0,00010101010101001100,0.0,01001101010101101111
6,0.0,01001101010101101111,0.0,11000101000101101100
6,0.0,11000101000101101100,0.0,11010100000101101100
6,0.0,11010100000101101100,0.0,11000101000101101100
6,0.0,11000101000101101100,0.0,10000101000101111110
6,0.0,10000101000101111110,0.0,10000101000101111110
6,0.0,10000101000101111110,0.0,10000101000101111110
6,0.0,10000101000101111110,0.0,00001101001001111110
6,0.0,00001101001001111110,0.0,10001101001001101101
6,0.0,10001101001001101101,0.0,00010100111001101100
6,0.0,00010100111001101100,0.0,00111100100011101110
6,0.0,00111100100011101110,0.0,00110000100111110110
7,2.0,11000101110111001000,2.0,11000000110111011110
7,2.0,11000000110111011110,0.0,11000100110011111111
7,0.0,11000100110011111111,0.0,11000100110011111111
7,0.0,11000100110011111111,0.0,11000101110010111100
7,0.0,11000101110010111100,0.0,11010001110010011001
7,0.0,11010001110010011001,0.0,01000001111010011101
7,0.0,01000001111010011101,0.0,00000101111010111111
7,0.0,00000101111010111111,0.0,00010100111010111111
7,0.0,00010100111010111111,0.0,00011110110010111111
7,0.0,00011110110010111111,0.0,00011110110010111111
7,0.0,00011110110010111111,0.0,00010110110011110100
7,0.0,00010110110011110100,0.0,00010110110011110100
7,0.0,00010110110011110100,0.0,00010110110111110011
7,0.0,00010110110111110011,0.0,00010110110111110011
7,0.0,00010110110111110011,0.0,01010110110111100001
7,0.0,01010110110111100001,0.0,00010011110101100001
7,0.0,00010011110101100001,0.0,00010110010101111000
7,0.0,00010110010101111000,0.0,00010110010101111000
7,0.0,00010110010101111000,0.0,00011001000101011100
7,0.0,00011001000101011100,0.0,00010001001100011100
7,0.0,00010001001100011100,0.0,00010001001100011100
7,0.0,00010001001100011100,0.0,10011001001100010111
7,0.0,10011001001100010111,0.0,10011001001100010111
7,0.0,10011001001100010111,0.0,10001101101101100100
7,0.0,10001101101101100100,0.0,10001101101110110111
7,0.0,10001101101110110111,0.0,10011100101110110111
7,0.0,10011100101110110111,0.0,10011100101110110111
7,0.0,10011100101110110111,0.0,11011100101110100101
7,0.0,11011100101110100101,0.0,10011100101110110111
7,0.0,10011100101110110111,0.0,10010100001011110101
7,0.0,10010100001011110101,0.0,10011100101110110111
7,0.0,10011100101110110111,0.0,10011001101100100101
7,0.0,10011001101100100101,0.0,10011001001110100100
7,0.0,10011001001110100100,0.0,00110011100010100100
7,0.0,00110011100010100100,0.0,00111011000110000101
7,0.0,00111011000110000101,0.0,10111001000100001100
7,0.0,10111001000100001100,0.0,10111101000010001100
7,0.0,10111101000010001100,0.0,10111101000010001100
7,0.0,10111101000010001100,0.0,10111101110010001000
7,0.0,10111101110010001000,0.0,10111101010100001010
7,0.0,10111101010100001010,0.0,11110001000100001010
7,0.0,11110001000100001010,0.0,11110001000100001010
7,0.0,11110001000100001010,0.0,11110101000010001010
7,0.0,11110101000010001010,0.0,11101101001010110010
7,0.0,11101101001010110010,0.0,11100001001010010100
7,0.0,11100001001010010100,0.0,11111000000011010100
7,0.0,11111000000011010100,0.0,10110000101011010000
7,0.0,10110000101011010000,0.0,10111010100011010000
7,0.0,10111010100011010000,0.0,00111010101011000001
7,0.0,00111010101011000001,0.0,01110010100111000000
7,0.0,01110010100111000000,0.0,01100011100111000000
7,0.0,01100011100111000000,0.0,01100011100111000000
7,0.0,01100011100111000000,0.0,01111001100110000110
7,0.0,01111001100110000110,0.0,00111101100110010101
7,0.0,00111101100110010101,0.0,00111001101000010101
7,0.0,00111001101000010101,0.0,00111101100000011110
7,0.0,00111101100000011110,0.0,00111101100000011110
7,0.0,00111101100000011110,0.0,00111101100000011110
7,0.0,00111101100000011110,0.0,00110101100100110110
7,0.0,00110101100100110110,0.0,00110101100100110110
7,0.0,00110101100100110110,0.0,10110101000100010111
7,0.0,10110101000100010111,0.0,00111011010100000100
7,0.0,00111011010100000100,0.0,00111011000110000101
7,0.0,00111011000110000101,0.0,00011111100110100111
7,0.0,00011111100110100111,0.0,00010101000111110100
7,0.0,00010101000111110100,0.0,00011101000011011100
7,0.0,00011101000011011100,0.0,00001111000011011111
7,0.0,00001111000011011111,0.0,00010111010010110111
7,0.0,00010111010010110111,0.0,00111011010010110001
7,0.0,00111011010010110001,0.0,00111011010010110001
7,0.0,00111011010010110001,0.0,00010011111000110000
7,0.0,00010011111000110000,0.0,01010010111100110000
7,0.0,01010010111100110000,0.0,01010010111100110000
7,0.0,01010010111100110000,0.0,01010110011100110010
7,0.0,01010110011100110010,0.0,01010110010110110111
7,0.0,01010110010110110111,0.0,11010010010110101011
7,0.0,11010010010110101011,0.0,00011011010110101011
7,0.0,00011011010110101011,0.0,00011011010110101011
7,0.0,00011011010110101011,0.0,00011011010110101011
7,0.0,00011011010110101011,0.0,00010001011110101011
7,0.0,00010001011110101011,0.0,00010001011110101011
7,0.0,00010001011110101011,0.0,00000001011110111110
7,0.0,00000001011110111110,0.0,00100000001111011101
7,0.0,00100000001111011101,0.0,00101001001011011001
7,0.0,00101001001011011001,0.0,00101001001011011001
7,0.0,00101001001011011001,0.0,00101001001011011001
7,0.0,00101001001011011001,0.0,00101101010111011000
7,0.0,00101101010111011000,0.0,10001101110111011001
7,0.0,10001101110111011001,0.0,10001011010111001001
7,0.0,10001011010111001001,0.0,10001011010111000111
7,0.0,10001011010111000111,0.0,11000010110111100110
7,0.0,11000010110111100110,0.0,11000010110111100110
7,0.0,11000010110111100110,0.0,11000010110111100110
7,0.0,11000010110111100110,0.0,11000010110111101000
7,0.0,11000010110111101000,0.0,11000010110111101000
7,0.0,11000010110111101000,0.0,11001010100001111100
7,0.0,11001010100001111100,0.0,11001010100001111100
7,0.0,11001010100001111100,0.0,11001110100011111011
7,0.0,11001110100011111011,0.0,11001111100011010010
7,0.0,11001111100011010010,0.0,10101011100011010000
7,0.0,10101011100011010000,0.0,10100110110111010010
7,0.0,10100110110111010010,0.0,11101110110110110010
7,0.0,11101110110110110010,0.0,11101110110110110010
7,0.0,11101110110110110010,0.0,11101110110110110010
7,0.0,11101110110110110010,0.0,11101110110110110010
7,0.0,11101110110110110010,0.0,10101110100111110010
7,0.0,10101110100111110010,0.0,11101100110111110010
7,0.0,11101100110111110010,0.0,11001110110111110001
7,0.0,11001110110111110001,0.0,11000010110111101000
7,0.0,11000010110111101000,0.0,11000010110111101000
7,0.0,11000010110111101000,0.0,10000010110111111010
7,0.0,10000010110111111010,0.0,10000010110111111010
7,0.0,10000010110111111010,0.0,10000010110111111010
7,0.0,10000010110111111010,0.0,10000010110111111010
7,0.0,10000010110111111010,0.0,00100010110101111010
7,0.0,00100010110101111010,0.0,01100010110011011000
7,0.0,01100010110011011000,0.0,01100110010011011010
7,0.0,01100110010011011010,0.0,01001010011011011010
7,0.0,01001010011011011010,0.0,01010010011011100000
7,0.0,01010010011011100000,0.0,01000011011011100000
7,0.0,01000011011011100000,0.0,11001010011011000111
7,0.0,11001010011011000111,0.0,11000011010011000110
7,0.0,11000011010011000110,0.0,11010111010000000110
7,0.0,11010111010000000110,0.0,11011110011000000111
7,0.0,11011110011000000111,0.0,11011100011001000111
7,0.0,11011100011001000111,0.0,10111000011001000101
7,0.0,10111000011001000101,0.0,11011100011001000111
7,0.0,11011100011001000111,0.0,10011000011011010110
7,0.0,10011000011011010110,0.0,10011001011010100111
7,0.0,10011001011010100111,0.0,10001101011011100110
7,0.0,10001101011011100110,0.0,10001111011011000010
7,0.0,10001111011011000010,0.0,10100111110011000000
7,0.0,10100111110011000000,0.0,10101111100011100000
7,0.0,10101111100011100000,0.0,10101111100011100000
7,0.0,10101111100011100000,0.0,10101111000101100010
7,0.0,10101111000101100010,0.0,10101111000101100010
7,0.0,10101111000101100010,0.0,10110111100100000001
7,0.0,10110111100100000001,0.0,10110111000000110001
8,2.0,01010001001100010111,0.0,10011001001100010111
8,0.0,10011001001100010111,0.0,10011001001100010111
8,0.0,10011001001100010111,0.0,10011011101100000001
8,0.0,10011011101100000001,0.0,00010111111100000010
8,0.0,00010111111100000010,0.0,00010111111100000010
8,0.0,00010111111100000010,0.0,01011011111000000011
8,0.0,01011011111000000011,0.0,11010001111000010010
8,0.0,11010001111000010010,0.0,11011001101000110010
8,0.0,11011001101000110010,0.0,11100001101000010101
8,0.0,11100001101000010101,0.0,11100001001010010100
8,0.0,11100001001010010100,0.0,11100000001011010111
8,0.0,11100000001011010111,0.0,11110000001010010100
8,0.0,11110000001010010100,0.0,10110010001100010010
8,0.0,10110010001100010010,0.0,10110010010100011000
8,0.0,10110010010100011000,0.0,10110010010100011000
8,0.0,10110010010100011000,0.0,10110010010100011000
8,0.0,10110010010100011000,0.0,10110010010100011000
8,0.0,10110010010100011000,0.0,10010110110100111010
8,0.0,10010110110100111010,0.0,10100111110110100011
8,0.0,10100111110110100011,0.0,10100100101111110010
8,0.0,10100100101111110010,0.0,10001101101111010011
8,0.0,10001101101111010011,0.0,00000101101111010110
8,0.0,00000101101111010110,0.0,01011100101111010010
8,0.0,01011100101111010010,0.0,01001101101111010010
8,0.0,01001101101111010010,0.0,01001111101110010010
8,0.0,01001111101110010010,0.0,01001111101110010010
8,0.0,01001111101110010010,0.0,11100110001110010010
8,0.0,11100110001110010010,0.0,11100010101110010000
8,0.0,11100010101110010000,0.0,01100010101011010010
8,0.0,01100010101011010010,0.0,11101011000110010011
8,0.0,11101011000110010011,0.0,11101110000111010010
8,0.0,11101110000111010010,0.0,11111110010010010010
8,0.0,11111110010010010010,0.0,11010110110010010110
8,0.0,11010110110010010110,0.0,10110110010010010110
8,0.0,10110110010010010110,0.0,00110110011010110000
8,0.0,00110110011010110000,0.0,00110010010110110101
8,0.0,00110010010110110101,0.0,00110010010110110101
8,0.0,00110010010110110101,0.0,00110010010110110101
8,0.0,00110010010110110101,0.0,00101010110110111101
8,0.0,00101010110110111101,0.0,01001110110110111111
8,0.0,01001110110110111111,0.0,11000110100110111100
8,0.0,11000110100110111100,0.0,11000110100110111100
8,0.0,11000110100110111100,0.0,11000110100110111100
8,0.0,11000110100110111100,0.0,11000110110010111111
8,0.0,11000110110010111111,0.0,11010100010100111110
8,0.0,11010100010100111110,0.0,11001100011100111111
8,0.0,11001100011100111111,0.0,01000001011100011111
8,0.0,01000001011100011111,0.0,00100101001100011101
8,0.0,00100101001100011101,0.0,00100101001100011101
8,0.0,00100101001100011101,0.0,00100101001100011101
8,0.0,00100101001100011101,0.0,00100101011110011000
8,0.0,00100101011110011000,0.0,10101101110110011010
8,0.0,10101101110110011010,0.0,10101001111000011010
8,0.0,10101001111000011010,0.0,10101001111110010001
8,0.0,10101001111110010001,0.0,10100011110110010011
8,0.0,10100011110110010011,0.0,11100011110110000001
8,0.0,11100011110110000001,0.0,11100011110110000001
8,0.0,11100011110110000001,0.0,10000011011110001001
8,0.0,10000011011110001001,0.0,01000011011110001000
8,0.0,01000011011110001000,0.0,01001011001110101000
8,0.0,01001011001110101000,0.0,01000111010110111001
8,0.0,01000111010110111001,0.0,00010110010101111000
8,0.0,00010110010101111000,0.0,00111010010101110000
8,0.0,00111010010101110000,0.0,00111010010101110000
8,0.0,00111010010101110000,0.0,10011010110101110001
8,0.0,10011010110101110001,0.0,10111010110100110010
8,0.0,10111010110100110010,0.0,10111011010000010010
8,0.0,10111011010000010010,0.0,10101111010000001110
8,0.0,10101111010000001110,0.0,10101111001000001010
8,0.0,10101111001000001010,0.0,10001111001100011000
8,0.0,10001111001100011000,0.0,10011110001100011000
8,0.0,10011110001100011000,0.0,10001110001100111111
8,0.0,10001110001100111111,0.0,10000110111100101101
8,0.0,10000110111100101101,0.0,10000110111100101101
8,0.0,10000110111100101101,0.0,11001110011110100110
8,0.0,11001110011110100110,0.0,11001110011110101000
8,0.0,11001110011110101000,0.0,11001100011111101000
8,0.0,11001100011111101000,0.0,11001110011110101000
8,0.0,11001110011110101000,0.0,10000110011110101100
8,0.0,10000110011110101100,0.0,11001110011110100110
8,0.0,11001110011110100110,0.0,11100110110110100100
8,0.0,11100110110110100100,0.0,11001010111110100100
8,0.0,11001010111110100100,0.0,01101010101110100101
8,0.0,01101010101110100101,0.0,01101010101110100101
8,0.0,01101010101110100101,0.0,00111010101010100101
8,0.0,00111010101010100101,0.0,00111010101010100101
8,0.0,00111010101010100101,0.0,00111010101010100101
8,0.0,00111010101010100101,0.0,00101001101011100101
8,0.0,00101001101011100101,0.0,01101001001011000101
8,0.0,01101001001011000101,0.0,01101001001011000101
8,0.0,01101001001011000101,0.0,01111000001011000101
8,0.0,01111000001011000101,0.0,01111000001011000101
8,0.0,01111000001011000101,0.0,01111000001011000101
8,0.0,01111000001011000101,0.0,01111010001010000101
8,0.0,01111010001010000101,0.0,01111010001010000101
8,0.0,01111010001010000101,0.0,01101011001010000101
8,0.0,01101011001010000101,0.0,11101100001010011110
8,0.0,11101100001010011110,0.0,10101110101010011010
8,0.0,10101110101010011010,0.0,10101100101011011010
8,0.0,10101100101011011010,0.0,10101110101010011010
8,0.0,10101110101010011010,0.0,10101111000010001111
8,0.0,10101111000010001111,0.0,01101111000010001110
8,0.0,01101111000010001110,0.0,01101101000011001110
8,0.0,01101101000011001110,0.0,00100001001001111010
8,0.0,00100001001001111010,0.0,00100001001001111010
8,0.0,00100001001001111010,0.0,00100001001001111010
8,0.0,00100001001001111010,0.0,00100001001001111010
8,0.0,00100001001001111010,0.0,00110001000101101000
8,0.0,00110001000101101000,0.0,00011001000101011100
8,0.0,00011001000101011100,0.0,01011100000111011100
8,0.0,01011100000111011100,0.0,00011010000101011111
8,0.0,00011010000101011111,0.0,00011010100011011101
8,0.0,00011010100011011101,0.0,01001110110011011100
8,0.0,01001110110011011100,0.0,01001110110011011100
8,0.0,01001110110011011100,0.0,01000110111010011100
8,0.0,01000110111010011100,0.0,01000100111011011100
8,0.0,01000100111011011100,0.0,01000100111011011100
8,0.0,01000100111011011100,0.0,01000110110111110100
8,0.0,01000110110111110100,0.0,01000110110111110100
8,0.0,01000110110111110100,0.0,01101110110101110001
8,0.0,01101110110101110001,0.0,01100110111100110001
8,0.0,01100110111100110001,0.0,01100110111100110001
8,0.0,01100110111100110001,0.0,01101110111110100011
8,0.0,01101110111110100011,0.0,01010010111100000111
8,0.0,01010010111100000111,0.0,01010010111100001001
8,0.0,01010010111100001001,0.0,01010010111100001001
8,0.0,01010010111100001001,0.0,01110000111100001010
8,0.0,01110000111100001010,0.0,00110001111000001010
8,0.0,00110001111000001010,0.0,00110001111000001010
8,0.0,00110001111000001010,0.0,00111011110000001010
8,0.0,00111011110000001010,0.0,00011011110001001001
8,0.0,00011011110001001001,0.0,00001011110101011011
8,0.0,00001011110101011011,0.0,11000011110001001001
8,0.0,11000011110001001001,0.0,10000011110001011011
8,0.0,10000011110001011011,0.0,10100111110000011001
8,0.0,10100111110000011001,0.0,10000111110100111010
8,0.0,10000111110100111010,0.0,10000111110100111010
8,0.0,10000111110100111010,0.0,11000010110100111111
8,0.0,11000010110100111111,0.0,11000110110010111111
8,0.0,11000110110010111111,0.0,11010101010010011011
8,0.0,11010101010010011011,0.0,01010101110010111010
8,0.0,01010101110010111010,0.0,01110001010010011000
8,0.0,01110001010010011000,0.0,01110101110000101001
8,0.0,01110101110000101001,0.0,00101011010101001001
9,2.0,00010010111001100100,2.0,00110000111001100101
9,2.0,00110000111001100101,0.0,00111000101011100101
9,0.0,00111000101011100101,0.0,10110000101011010000
9,0.0,10110000101011010000,0.0,11010000001001011011
9,0.0,11010000001001011011,0.0,11010000001001011011
9,0.0,11010000001001011011,0.0,11010001001000011000
9,0.0,11010001001000011000,0.0,11010001001000011000
9,0.0,11010001001000011000,0.0,11000001101100111000
9,0.0,11000001101100111000,0.0,11100000101110110100
9,0.0,11100000101110110100,0.0,11110000001110010011
9,0.0,11110000001110010011,0.0,11100010001010010111
9,0.0,11100010001010010111,0.0,11110000001010010100
9,0.0,11110000001010010100,0.0,01111000001110010100
9,0.0,01111000001110010100,0.0,01111000001110010100
9,0.0,01111000001110010100,0.0,00111001001010010100
9,0.0,00111001001010010100,0.0,00111101011010010010
9,0.0,00111101011010010010,0.0,00111101001000010111
9,0.0,00111101001000010111,0.0,00111101001000011001
9,0.0,00111101001000011001,0.0,00111101001000011001
9,0.0,00111101001000011001,0.0,00111101001011000000
9,0.0,00111101001011000000,0.0,01110101001010100010
9,0.0,01110101001010100010,0.0,00111101001110100011
9,0.0,00111101001110100011,0.0,00111101001110100011
9,0.0,00111101001110100011,0.0,00111001101110100001
9,0.0,00111001101110100001,0.0,00111000101110001101
9,0.0,00111000101110001101,0.0,00110100001100011101
9,0.0,00110100001100011101,0.0,00110110001000110101
9,0.0,00110110001000110101,0.0,00110110001000110101
9,0.0,00110110001000110101,0.0,01111110010000110101
9,0.0,01111110010000110101,0.0,01101111010000110101
9,0.0,01101111010000110101,0.0,01101101010001110101
9,0.0,01101101010001110101,0.0,01101101010001110101
9,0.0,01101101010001110101,0.0,00100101111001110001
9,0.0,00100101111001110001,0.0,00100101111001110001
9,0.0,00100101111001110001,0.0,00001101111001111010
9,0.0,00001101111001111010,0.0,00001111111000111010
9,0.0,00001111111000111010,0.0,00001101111001111010
9,0.0,00001101111001111010,0.0,00001101111001111010
9,0.0,00001101111001111010,0.0,01000001101001111010
9,0.0,01000001101001111010,0.0,01000001011001111001
9,0.0,01000001011001111001,0.0,01100101011001010001
9,0.0,01100101011001010001,0.0,01100100111101110001
9,0.0,01100100111101110001,0.0,01100110111100110001
9,0.0,01100110111100110001,0.0,01100110111100110001
9,0.0,01100110111100110001,0.0,11100100111110110010
9,0.0,11100100111110110010,0.0,11001101111110010011
9,0.0,11001101111110010011,0.0,10101101111110100001
9,0.0,10101101111110100001,0.0,11100110101110100000
9,0.0,11100110101110100000,0.0,01101110111110100011
9,0.0,01101110111110100011,0.0,01100110011110001001
9,0.0,01100110011110001001,0.0,01101010011001001001
9,0.0,01101010011001001001,0.0,00100011110001101000
9,0.0,00100011110001101000,0.0,00100011100011101001
9,0.0,00100011100011101001,0.0,00110111100000101001
9,0.0,00110111100000101001,0.0,00111111101000000001
9,0.0,00111111101000000001,0.0,10100111100001000101
9,0.0,10100111100001000101,0.0,11001001111001000101
9,0.0,11001001111001000101,0.0,11101001111000000110
9,0.0,11101001111000000110,0.0,11101001111000000110
9,0.0,11101001111000000110,0.0,11001011111000000101
9,0.0,11001011111000000101,0.0,11000010011001010101
9,0.0,11000010011001010101,0.0,10110010001001000011
9,0.0,10110010001001000011,0.0,10110010001001000011
9,0.0,10110010001001000011,0.0,10110010001001000011
9,0.0,10110010001001000011,0.0,10110011001000000000
9,0.0,10110011001000000000,0.0,10110011001000000000
9,0.0,10110011001000000000,0.0,11110011000000100010
9,0.0,11110011000000100010,0.0,11011011100100100011
9,0.0,11011011100100100011,0.0,11000111110100101000
9,0.0,11000111110100101000,0.0,11000111110100101000
9,0.0,11000111110100101000,0.0,00001111110101101011
9,0.0,00001111110101101011,0.0,00000111111001001000
9,0.0,00000111111001001000,0.0,10000111110001101011
9,0.0,10000111110001101011,0.0,10000011110011100110
9,0.0,10000011110011100110,0.0,10001011010111000111
9,0.0,10001011010111000111,0.0,10001011010111000111
9,0.0,10001011010111000111,0.0,00000011001111000110
9,0.0,00000011001111000110,0.0,11001010001111000100
9,0.0,11001010001111000100,0.0,00010010001111000110
9,0.0,00010010001111000110,0.0,00110100001111000100
9,0.0,00110100001111000100,0.0,01100100011111000111
9,0.0,01100100011111000111,0.0,00000101011111010101
9,0.0,00000101011111010101,0.0,10000111011001010000
9,0.0,10000111011001010000,0.0,00001111011101010000
9,0.0,00001111011101010000,0.0,01000110011001111000
9,0.0,01000110011001111000,0.0,01000110011001111000
9,0.0,01000110011001111000,0.0,01100010011010110101
9,0.0,01100010011010110101,0.0,01101000111110110111
9,0.0,01101000111110110111,0.0,01101100111111100011
9,0.0,01101100111111100011,0.0,01101100111111100011
9,0.0,01101100111111100011,0.0,01101100111111100011
9,0.0,01101100111111100011,0.0,01010100011101110010
9,0.0,01010100011101110010,0.0,01000101011101110010
9,0.0,01000101011101110010,0.0,00010101011001110010
9,0.0,00010101011001110010,0.0,10010100111011110001
9,0.0,10010100111011110001,0.0,10010110001010110101
9,0.0,10010110001010110101,0.0,10010100001011110101
9,0.0,10010100001011110101,0.0,00110110001001010001
9,0.0,00110110001001010001,0.0,00111110000001110101
9,0.0,00111110000001110101,0.0,01010110010011010100
9,0.0,01010110010011010100,0.0,01010110010011010100
9,0.0,01010110010011010100,0.0,01011110010010011111
9,0.0,01011110010010011111,0.0,01010110010110110111
9,0.0,01010110010110110111,0.0,01010110010101100100
9,0.0,01010110010101100100,0.0,10010110010101100101
9,0.0,10010110010101100101,0.0,01010110010101100100
9,0.0,01010110010101100100,0.0,00011110010111010101
9,0.0,00011110010111010101,0.0,00011110010111010101
9,0.0,00011110010111010101,0.0,00010100110111011100
9,0.0,00010100110111011100,0.0,00001100111111011101
9,0.0,00001100111111011101,0.0,10100100110111001111
9,0.0,10100100110111001111,0.0,10101100110101101110
9,0.0,10101100110101101110,0.0,10101100100111101111
9,0.0,10101100100111101111,0.0,10100110110011101001
9,0.0,10100110110011101001,0.0,01100110110011101000
9,0.0,01100110110011101000,0.0,01101110000011111010
9,0.0,01101110000011111010,0.0,10101110000011111011
9,0.0,10101110000011111011,0.0,10111010000001101001
9,0.0,10111010000001101001,0.0,10010110000001101111
9,0.0,10010110000001101111,0.0,10111010000001100111
9,0.0,10111010000001100111,0.0,00110010110001100110
9,0.0,00110010110001100110,0.0,00110010110001100110
9,0.0,00110010110001100110,0.0,00100011110001100110
9,0.0,00100011110001100110,0.0,00101011010101000111
9,0.0,00101011010101000111,0.0,10100011010001000111
9,0.0,10100011010001000111,0.0,10100011010001110000
9,0.0,10100011010001110000,0.0,10100011000011110001
9,0.0,10100011000011110001,0.0,11101111000011000000
9,0.0,11101111000011000000,0.0,10101101100111001000
9,0.0,10101101100111001000,0.0,10111100100111001000
9,0.0,10111100100111001000,0.0,10111110100011100000
9,0.0,10111110100011100000,0.0,10111110100001010011
9,0.0,10111110100001010011,0.0,10010111110001000010
9,0.0,10010111110001000010,0.0,10010111110001000010
9,0.0,10010111110001000010,0.0,10010111110001000010
9,0.0,10010111110001000010,0.0,10011110111001000011
9,0.0,10011110111001000011,0.0,10011110111001000011
9,0.0,10011110111001000011,0.0,10011110011011000010
9,0.0,10011110011011000010,0.0,00111110001011000011
9,0.0,00111110001011000011,0.0,00111110001010100111
9,0.0,00111110001010100111,0.0,00111010001100100111
9,0.0,00111010001100100111,0.0,00111010101010100101
9,0.0,00111010101010100101,0.0,01111000111010100101
9,0.0,01111000111010100101,0.0,01110000110110110110
9,0.0,01110000110110110110,0.0,00110001110010110110
9,0.0,00110001110010110110,0.0,00110001110011010010
9,0.0,00110001110011010010,0.0,00110001110011010010
9,0.0,00110001110011010010,0.0,00111001100110011010
9,0.0,00111001100110011010,0.0,00111001100110011010
9,0.0,00111001100110011010,0.0,00110001000011011000
10,2.0,11111010010010110000,0.0,11111110010010010010
10,0.0,11111110010010010010,0.0,11101111010010010010
10,0.0,11101111010010010010,0.0,10011011011010000011
10,0.0,10011011011010000011,0.0,10011011011010000011
10,0.0,10011011011010000011,0.0,10100011011010100010
10,0.0,10100011011010100010,0.0,11101011001000100011
10,0.0,11101011001000100011,0.0,11101011001000100011
10,0.0,11101011001000100011,0.0,11110011000000100010
10,0.0,11110011000000100010,0.0,11111001000010100101
10,0.0,11111001000010100101,0.0,01110001110010100100
10,0.0,01110001110010100100,0.0,01101001111010100101
10,0.0,01101001111010100101,0.0,01101001111010100101
10,0.0,01101001111010100101,0.0,01101001111010100101
10,0.0,01101001111010100101,0.0,00111001110000101110
10,0.0,00111001110000101110,0.0,00111001100010101111
10,0.0,00111001100010101111,0.0,01111100110010101110
10,0.0,01111100110010101110,0.0,00111001100010101111
10,0.0,00111001100010101111,0.0,00100001101010011110
10,0.0,00100001101010011110,0.0,10101100101010111110
10,0.0,10101100101010111110,0.0,10101100101010111110
10,0.0,10101100101010111110,0.0,00100101101010101110
10,0.0,00100101101010101110,0.0,00100101101010101110
10,0.0,00100101101010101110,0.0,00100101101010101110
10,0.0,00100101101010101110,0.0,00101111001010100111
10,0.0,00101111001010100111,0.0,01001111101010100111
10,0.0,01001111101010100111,0.0,00000111101011000111
10,0.0,00000111101011000111,0.0,00101101001011100111
10,0.0,00101101001011100111,0.0,00101101001011100111
10,0.0,00101101001011100111,0.0,10101101001000101110
10,0.0,10101101001000101110,0.0,10100101011000001110
10,0.0,10100101011000001110,0.0,10100101011000001110
10,0.0,10100101011000001110,0.0,10100101011000001110
10,0.0,10100101011000001110,0.0,10100101011110000101
10,0.0,10100101011110000101,0.0,10000111111100000100
10,0.0,10000111111100000100,0.0,10000110111101000111
10,0.0,10000110111101000111,0.0,10000110001101001101
10,0.0,10000110001101001101,0.0,10100010101100001100
10,0.0,10100010101100001100,0.0,10100010101100001100
10,0.0,10100010101100001100,0.0,10100010101100001100
10,0.0,10100010101100001100,0.0,10110010100000101110
10,0.0,10110010100000101110,0.0,10110010100110100101
10,0.0,10110010100110100101,0.0,10100011100110100101
10,0.0,10100011100110100101,0.0,10101110100110101111
10,0.0,10101110100110101111,0.0,10011110000110011101
10,0.0,10011110000110011101,0.0,10111110000010001111
10,0.0,10111110000010001111,0.0,11101100001010011110
10,0.0,11101100001010011110,0.0,11111000001000001100
10,0.0,11111000001000001100,0.0,11111100000110001100
10,0.0,11111100000110001100,0.0,11101110000110001111
10,0.0,11101110000110001111,0.0,11110010000110000101
10,0.0,11110010000110000101,0.0,11100110000111000100
10,0.0,11100110000111000100,0.0,10100111000011000100
10,0.0,10100111000011000100,0.0,00101111000001110101
10,0.0,00101111000001110101,0.0,00100111100001010110
10,0.0,00100111100001010110,0.0,00110110100001010110
10,0.0,00110110100001010110,0.0,00011010101001010110
10,0.0,00011010101001010110,0.0,10010010000001011111
10,0.0,10010010000001011111,0.0,10010010000001011111
10,0.0,10010010000001011111,0.0,01010010000001011110
10,0.0,01010010000001011110,0.0,01010010000001011110
10,0.0,01010010000001011110,0.0,00010010100001111110
10,0.0,00010010100001111110,0.0,00010010100001111110
10,0.0,00010010100001111110,0.0,00010010100001111110
10,0.0,00010010100001111110,0.0,00010010100001111110
10,0.0,00010010100001111110,0.0,00000011010001111101
10,0.0,00000011010001111101,0.0,00000011010001111101
10,0.0,00000011010001111101,0.0,00010111010001100100
10,0.0,00010111010001100100,0.0,10010111000001000110
10,0.0,10010111000001000110,0.0,11010101000011000111
10,0.0,11010101000011000111,0.0,11000001001011100110
10,0.0,11000001001011100110,0.0,11000011000101110011
10,0.0,11000011000101110011,0.0,11001001001101110001
10,0.0,11001001001101110001,0.0,01000011001101010000
10,0.0,01000011001101010000,0.0,01001011001001110011
10,0.0,01001011001001110011,0.0,01001011100111110001
10,0.0,01001011100111110001,0.0,01000111001110110011
10,0.0,01000111001110110011,0.0,01000111001110110011
10,0.0,01000111001110110011,0.0,01000111100110111010
10,0.0,01000111100110111010,0.0,01100101010110111010
10,0.0,01100101010110111010,0.0,01101011010000111010
10,0.0,01101011010000111010,0.0,01100001011000111010
10,0.0,01100001011000111010,0.0,11100001011000101001
10,0.0,11100001011000101001,0.0,11101011010100010010
10,0.0,11101011010100010010,0.0,01101011011100000011
10,0.0,01101011011100000011,0.0,01101011011100000011
10,0.0,01101011011100000011,0.0,01101001011101000011
10,0.0,01101001011101000011,0.0,01000101011101001011
10,0.0,01000101011101001011,0.0,01001111010101001011
10,0.0,01001111010101001011,0.0,11000111000101001000
10,0.0,11000111000101001000,0.0,01001111001001001000
10,0.0,01001111001001001000,0.0,01001111001001001000
10,0.0,01001111001001001000,0.0,01100110010011011010
10,0.0,01100110010011011010,0.0,00101010011001011011
10,0.0,00101010011001011011,0.0,00010010001100011111
10,0.0,00010010001100011111,0.0,00000110001101011110
10,0.0,00000110001101011110,0.0,00000110101110111111
10,0.0,00000110101110111111,0.0,00000110101110111111
10,0.0,00000110101110111111,0.0,00000110111100111110
10,0.0,00000110111100111110,0.0,11101100110110101111
10,0.0,11101100110110101111,0.0,11100000111010110111
10,0.0,11100000111010110111,0.0,01101000111110110111
10,0.0,01101000111110110111,0.0,01101000111110110111
10,0.0,01101000111110110111,0.0,00111000001010111101
10,0.0,00111000001010111101,0.0,00111010001010011001
10,0.0,00111010001010011001,0.0,10011010001000011101
10,0.0,10011010001000011101,0.0,10001011001000011101
10,0.0,10001011001000011101,0.0,10001011001000011101
10,0.0,10001011001000011101,0.0,10000011001100110101
10,0.0,10000011001100110101,0.0,10000011011110000111
10,0.0,10000011011110000111,0.0,10010010011110000111
10,0.0,10010010011110000111,0.0,10011010001110100111
10,0.0,10011010001110100111,0.0,10011010010111000111
10,0.0,10011010010111000111,0.0,10011010010111000111
10,0.0,10011010010111000111,0.0,10011010010111001001
10,0.0,10011010010111001001,0.0,10011010100111001010
10,0.0,10011010100111001010,0.0,10011010100111001010
10,0.0,10011010100111001010,0.0,11011010110110001010
10,0.0,11011010110110001010,0.0,11010001010110101000
10,0.0,11010001010110101000,0.0,11010001110100101001
10,0.0,11010001110100101001,0.0,11010101110010101001
10,0.0,11010101110010101001,0.0,11010101110010101001
10,0.0,11010101110010101001,0.0,11010010010110101011
10,0.0,11010010010110101011,0.0,11101010010100111011
10,0.0,11101010010100111011,0.0,11100010010101110000
10,0.0,11100010010101110000,0.0,11001110110111110001
10,0.0,11001110110111110001,0.0,11000100111111110001
10,0.0,11000100111111110001,0.0,01001100111101111010
10,0.0,01001100111101111010,0.0,01000110011001111000
10,0.0,01000110011001111000,0.0,01000011011011100000
11,0.0,11101101010011010010,0.0,00101101010111010110
11,0.0,00101101010111010110,0.0,00101101010111010110
11,0.0,00101101010111010110,0.0,10100101010011010110
11,0.0,10100101010011010110,0.0,11101101010010110110
11,0.0,11101101010010110110,0.0,10100100110111110110
11,0.0,10100100110111110110,0.0,11000100011101110100
11,0.0,11000100011101110100,0.0,11011000010101110101
11,0.0,11011000010101110101,0.0,11010000010011101100
11,0.0,11010000010011101100,0.0,11011000110110101110
11,0.0,11011000110110101110,0.0,11110000110110100101
11,0.0,11110000110110100101,0.0,10111000100111110011
11,0.0,10111000100111110011,0.0,10111000000101110110
11,0.0,10111000000101110110,0.0,00111000001101100111
11,0.0,00111000001101100111,0.0,00101001001101100111
11,0.0,00101001001101100111,0.0,00000101001101101111
11,0.0,00000101001101101111,0.0,00001111000101101111
11,0.0,00001111000101101111,0.0,00001111100011101101
11,0.0,00001111100011101101,0.0,10000111100010111100
11,0.0,10000111100010111100,0.0,10001101110110111101
11,0.0,10001101110110111101,0.0,11001001110110101110
11,0.0,11001001110110101110,0.0,11001001110110101110
11,0.0,11001001110110101110,0.0,11011000110110101110
11,0.0,11011000110110101110,0.0,11110000110000101110
11,0.0,11110000110000101110,0.0,11110010110000001010
11,0.0,11110010110000001010,0.0,11110000110001001010
11,0.0,11110000110001001010,0.0,01010010110001011010
11,0.0,01010010110001011010,0.0,01000011110001011010
11,0.0,01000011110001011010,0.0,11101010010001011000
11,0.0,11101010010001011000,0.0,11101010010001010110
11,0.0,11101010010001010110,0.0,11101110010001100110
11,0.0,11101110010001100110,0.0,11101110011010000101
11,0.0,11101110011010000101,0.0,11011110011000000111
11,0.0,11011110011000000111,0.0,11011110011000000111
11,0.0,11011110011000000111,0.0,01000110011001001111
11,0.0,01000110011001001111,0.0,01101010011001000111
11,0.0,01101010011001000111,0.0,01101010011001000111
11,0.0,01101010011001000111,0.0,01100011001001000010
11,0.0,01100011001001000010,0.0,01100011010001001000
11,0.0,01100011010001001000,0.0,01100011010001000110
11,0.0,01100011010001000110,0.0,01100011010001000110
11,0.0,01100011010001000110,0.0,11101001010001100111
11,0.0,11101001010001100111,0.0,11100000111001100100
11,0.0,11100000111001100100,0.0,11100010001001000100
11,0.0,11100010001001000100,0.0,11101000101101000110
11,0.0,11101000101101000110,0.0,11101000001001001111
11,0.0,11101000001001001111,0.0,10101001101000101100
11,0.0,10101001101000101100,0.0,10100000111001111000
11,0.0,10100000111001111000,0.0,10101010110001111000
11,0.0,10101010110001111000,0.0,10101010100011111001
11,0.0,10101010100011111001,0.0,11001110100011111011
11,0.0,11001110100011111011,0.0,11101110110110110010
11,0.0,11101110110110110010,0.0,10100110101110110010
11,0.0,10100110101110110010,0.0,10100010101010111001
11,0.0,10100010101010111001,0.0,10100000110011111101
11,0.0,10100000110011111101,0.0,10100000110011111101
11,0.0,10100000110011111101,0.0,11101000000011111101
11,0.0,11101000000011111101,0.0,01101010100011110110
11,0.0,01101010100011110110,0.0,00100001100111110110
11,0.0,00100001100111110110,0.0,00100001100111110110
11,0.0,00100001100111110110,0.0,00100111100111100010
11,0.0,00100111100111100010,0.0,00100111100111100010
11,0.0,00100111100111100010,0.0,00110110100111100010
11,0.0,00110110100111100010,0.0,00111110110111000000
11,0.0,00111110110111000000,0.0,00111110100101000101
11,0.0,00111110100101000101,0.0,00111110100101000101
11,0.0,00111110100101000101,0.0,10110110100001000101
11,0.0,10110110100001000101,0.0,00111010101011000001
11,0.0,00111010101011000001,0.0,00011011001011000010
11,0.0,00011011001011000010,0.0,11010010001011000010
11,0.0,11010010001011000010,0.0,11010111001000000010
11,0.0,11010111001000000010,0.0,11010111100000110001
11,0.0,11010111100000110001,0.0,01111001100000111001
11,0.0,01111001100000111001,0.0,01111001100000110111
11,0.0,01111001100000110111,0.0,01111101100100110010
11,0.0,01111101100100110010,0.0,10111101000110110010
11,0.0,10111101000110110010,0.0,10111010100110110011
11,0.0,10111010100110110011,0.0,11101110110110110010
11,0.0,11101110110110110010,0.0,11100010101110010000
11,0.0,11100010101110010000,0.0,11100010101110010000
11,0.0,11100010101110010000,0.0,11100000101111010000
11,0.0,11100000101111010000,0.0,11101000101011110011
11,0.0,11101000101011110011,0.0,01011000101011010111
11,0.0,01011000101011010111,0.0,01011000101011010111
11,0.0,01011000101011010111,0.0,01010000111010011101
11,0.0,01010000111010011101,0.0,01010100011010011111
11,0.0,01010100011010011111,0.0,01010100011010011111
11,0.0,01010100011010011111,0.0,00010100011001011110
11,0.0,00010100011001011110,0.0,00010100001011011111
11,0.0,00010100001011011111,0.0,00010100111010111111
11,0.0,00010100111010111111,0.0,00010000011110111110
11,0.0,00010000011110111110,0.0,00010000011110111110
11,0.0,00010000011110111110,0.0,10010000101110101110
11,0.0,10010000101110101110,0.0,10010000101110101110
11,0.0,10010000101110101110,0.0,01010000011110101100
11,0.0,01010000011110101100,0.0,10010000011110101101
11,0.0,10010000011110101101,0.0,10010000011110101101
11,0.0,10010000011110101101,0.0,11011000101110101010
11,0.0,11011000101110101010,0.0,11101100111100101010
11,0.0,11101100111100101010,0.0,10100100111101001010
11,0.0,10100100111101001010,0.0,11101000111001001011
11,0.0,11101000111001001011,0.0,11101000111000101111
11,0.0,11101000111000101111,0.0,11100000111100001100
11,0.0,11100000111100001100,0.0,11100000111100001100
11,0.0,11100000111100001100,0.0,10110000111000001100
11,0.0,10110000111000001100,0.0,11111000110010001101
11,0.0,11111000110010001101,0.0,10111100110010101111
11,0.0,10111100110010101111,0.0,10110100001010001111
11,0.0,10110100001010001111,0.0,10100101001010001111
11,0.0,10100101001010001111,0.0,11101101001010001011
11,0.0,11101101001010001011,0.0,01111101011010000000
11,0.0,01111101011010000000,0.0,01111100011010100111
11,0.0,01111100011010100111,0.0,01111000011100100111
11,0.0,01111000011100100111,0.0,01101110011100100110
11,0.0,01101110011100100110,0.0,11000110011100110100
11,0.0,11000110011100110100,0.0,01010010001100110100
11,0.0,01010010001100110100,0.0,01011010001100011011
11,0.0,01011010001100011011,0.0,01010000011100011111
11,0.0,01010000011100011111,0.0,01010000011100011111
11,0.0,01010000011100011111,0.0,00010000011110111110
11,0.0,00010000011110111110,0.0,00010000111100111111
11,0.0,00010000111100111111,0.0,00011010110100111111
11,0.0,00011010110100111111,0.0,00001011110100111111
11,0.0,00001011110100111111,0.0,00001011110100111111
11,0.0,00001011110100111111,0.0,01100010010100111110
11,0.0,01100010010100111110,0.0,01100110010010111110
11,0.0,01100110010010111110,0.0,00100110110011111010
11,0.0,00100110110011111010,0.0,00111110100011001010
11,0.0,00111110100011001010,0.0,10110010100001001010
11,0.0,10110010100001001010,0.0,10110010100001001010
11,0.0,10110010100001001010,0.0,10110010100001001010
11,0.0,10110010100001001010,0.0,10101110000101001110
11,0.0,10101110000101001110,0.0,00101010010101011100
11,0.0,00101010010101011100,0.0,00101010010101011100
11,0.0,00101010010101011100,0.0,00100110011101001000
11,0.0,00100110011101001000,0.0,01000010001101111001
11,0.0,01000010001101111001,0.0,01011010001100011011
11,0.0,01011010001100011011,0.0,01010010101000111010
11,0.0,01010010101000111010,0.0,01010010101000111010
11,0.0,01010010101000111010,0.0,11010010001010101000
11,0.0,11010010001010101000,0.0,01011110101010101001
12,2.0,11001100111100011111,2.0,10010100111100110111
12,2.0,10010100111100110111,2.0,10010100111001010100
12,2.0,10010100111001010100,2.0,10010100011011010100
12,2.0,10010100011011010100,2.0,10111100110001010110
12,2.0,10111100110001010110,0.0,10110000110011010100
12,0.0,10110000110011010100,0.0,10100001110011010100
12,0.0,10100001110011010100,0.0,10110001110010100101
12,0.0,10110001110010100101,0.0,11111001110010100001
12,0.0,11111001110010100001,0.0,11010101110010100111
12,0.0,11010101110010100111,0.0,11010001010110100110
12,0.0,11010001010110100110,0.0,11010001010110101000
12,0.0,11010001010110101000,0.0,10010001010110111010
12,0.0,10010001010110111010,0.0,10010001010110111010
12,0.0,10010001010110111010,0.0,10010001010110111010
12,0.0,10010001010110111010,0.0,00011001011010111010
12,0.0,00011001011010111010,0.0,00011001111000111011
12,0.0,00011001111000111011,0.0,00010001111000101101
12,0.0,00010001111000101101,0.0,00000101111001101100
12,0.0,00000101111001101100,0.0,00010100111001101100
12,0.0,00010100111001101100,0.0,00011101101101100010
12,0.0,00011101101101100010,0.0,00010111001001100000
12,0.0,00010111001001100000,0.0,01000011001001100101
12,0.0,01000011001001100101,0.0,11001011000011100110
12,0.0,11001011000011100110,0.0,10001111000011110101
12,0.0,10001111000011110101,0.0,10101111000010110110
12,0.0,10101111000010110110,0.0,10101011100010110100
12,0.0,10101011100010110100,0.0,11101001110010110100
12,0.0,11101001110010110100,0.0,11101101110000110111
12,0.0,11101101110000110111,0.0,01101101010001110101
12,0.0,01101101010001110101,0.0,01101101010001110101
12,0.0,01101101010001110101,0.0,01011110100001110101
12,0.0,01011110100001110101,0.0,01010110001010110100
12,0.0,01010110001010110100,0.0,00111010111000100100
12,0.0,00111010111000100100,0.0,10101010111100100101
12,0.0,10101010111100100101,0.0,10101010111100100101
12,0.0,10101010111100100101,0.0,10101010111100100101
12,0.0,10101010111100100101,0.0,10101000111101100101
12,0.0,10101000111101100101,0.0,00100010101111000101
12,0.0,00100010101111000101,0.0,00100010101001001110
12,0.0,00100010101001001110,0.0,00100010101001001110
12,0.0,00100010101001001110,0.0,00101010101101100100
12,0.0,00101010101101100100,0.0,00000011101101000111
12,0.0,00000011101101000111,0.0,00000011101101110000
12,0.0,00000011101101110000,0.0,00000011101101110000
12,0.0,00000011101101110000,0.0,00000011101101110000
12,0.0,00000011101101110000,0.0,00000011101101110000
12,0.0,00000011101101110000,0.0,00000011101101110000
12,0.0,00000011101101110000,0.0,00001001101101111011
12,0.0,00001001101101111011,0.0,01000101101100011101
12,0.0,01000101101100011101,0.0,01000101101100011101
12,0.0,01000101101100011101,0.0,01001101100101011101
12,0.0,01001101100101011101,0.0,01011100100101011101
12,0.0,01011100100101011101,0.0,00111000100101101110
12,0.0,00111000100101101110,0.0,11100000100101101110
12,0.0,11100000100101101110,0.0,11101000001001001111
12,0.0,11101000001001001111,0.0,11101000001001001111
12,0.0,11101000001001001111,0.0,11101000001001001111
12,0.0,11101000001001001111,0.0,11101000001001001111
12,0.0,11101000001001001111,0.0,11101000001001001111
12,0.0,11101000001001001111,0.0,11101000101100101100
12,0.0,11101000101100101100,0.0,01100001001100001110
12,0.0,01100001001100001110,0.0,11101000001100011110
12,0.0,11101000001100011110,0.0,10100100001101001110
12,0.0,10100100001101001110,0.0,11100100001110001111
12,0.0,11100100001110001111,0.0,01100100011110101101
12,0.0,01100100011110101101,0.0,11101100110110101111
12,0.0,11101100110110101111,0.0,11011000110110101110
12,0.0,11011000110110101110,0.0,01011100110110111100
12,0.0,01011100110110111100,0.0,01011100101110111000
12,0.0,01011100101110111000,0.0,01011100110110111100
12,0.0,01011100110110111100,0.0,01011100110110111100
12,0.0,01011100110110111100,0.0,10011100110110111101
12,0.0,10011100110110111101,0.0,11010100110010111100
12,0.0,11010100110010111100,0.0,11000101110010111100
12,0.0,11000101110010111100,0.0,01001101110110111100
12,0.0,01001101110110111100,0.0,01001100110111111111
12,0.0,01001100110111111111,0.0,01000000101111011101
12,0.0,01000000101111011101,0.0,01000000101111011101
12,0.0,01000000101111011101,0.0,01100000101110011110
12,0.0,01100000101110011110,0.0,01100000101110011110
12,0.0,01100000101110011110,0.0,01000010101110011101
12,0.0,01000010101110011101,0.0,11000010101100111011
12,0.0,11000010101100111011,0.0,10001110111100111011
12,0.0,10001110111100111011,0.0,00011110111000111010
12,0.0,00011110111000111010,0.0,01010110111010110000
12,0.0,01010110111010110000,0.0,01000010011111110010
12,0.0,01000010011111110010,0.0,01000010011111110010
12,0.0,01000010011111110010,0.0,01000010011111110010
12,0.0,01000010011111110010,0.0,01000010001101111001
12,0.0,01000010001101111001,0.0,11001010001100011101
12,0.0,11001010001100011101,0.0,01000010111100011100
12,0.0,01000010111100011100,0.0,01000110101111000111
12,0.0,01000110101111000111,0.0,01001011101001000100
12,0.0,01001011101001000100,0.0,01001011110101000111
12,0.0,01001011110101000111,0.0,11000011100101000100
12,0.0,11000011100101000100,0.0,10011001110101000101
12,0.0,10011001110101000101,0.0,01011001110101000100
12,0.0,01011001110101000100,0.0,01011000110101101101
12,0.0,01011000110101101101,0.0,01001110010101011110
12,0.0,01001110010101011110,0.0,00101010010101011100
12,0.0,00101010010101011100,0.0,10111010000100001111
12,0.0,10111010000100001111,0.0,11110010000110000101
12,0.0,11110010000110000101,0.0,11110010000110000101
12,0.0,11110010000110000101,0.0,11110000000111000101
12,0.0,11110000000111000101,0.0,11110000000111000101
12,0.0,11110000000111000101,0.0,11010000001110001110
12,0.0,11010000001110001110,0.0,10010100001110011101
12,0.0,10010100001110011101,0.0,10011100000111011101
12,0.0,10011100000111011101,0.0,10011100110110111101
12,0.0,10011100110110111101,0.0,10111100000110011110
12,0.0,10111100000110011110,0.0,10101101000110011110
12,0.0,10101101000110011110,0.0,10101001001110010101
12,0.0,10101001001110010101,0.0,10101001001110010101
12,0.0,10101001001110010101,0.0,10100001000111010111
12,0.0,10100001000111010111,0.0,10101101100111000110
12,0.0,10101101100111000110,0.0,10101101100111000110
12,0.0,10101101100111000110,0.0,01101101110101000101
12,0.0,01101101110101000101,0.0,01100001100111100100
12,0.0,01100001100111100100,0.0,01100001100111100100
12,0.0,01100001100111100100,0.0,00101101110111100100
12,0.0,00101101110111100100,0.0,00101101110101010111
12,0.0,00101101110101010111,0.0,00101000111101001111
12,0.0,00101000111101001111,0.0,00100000111110111101
12,0.0,00100000111110111101,0.0,01100001110110111000
12,0.0,01100001110110111000,0.0,01011001110110011001
12,0.0,01011001110110011001,0.0,01100001110110111000
12,0.0,01100001110110111000,0.0,11101001000110111001
12,0.0,11101001000110111001,0.0,11100010001010011001
12,0.0,11100010001010011001,0.0,01001011101010011001
12,0.0,01001011101010011001,0.0,01011010101010011001
12,0.0,01011010101010011001,0.0,01001011101010011001
12,0.0,01001011101010011001,0.0,01101001101010011010
12,0.0,01101001101010011010,0.0,01110000101010001100
12,0.0,01110000101010001100,0.0,01110001000011000100
12,0.0,01110001000011000100,0.0,00111101010011000100
12,0.0,00111101010011000100,0.0,10110001000011000101
12,0.0,10110001000011000101,0.0,10111100000011001111
12,0.0,10111100000011001111,0.0,11111100010010001111
12,0.0,11111100010010001111,0.0,11111100010010001111
12,0.0,11111100010010001111,0.0,10110100011000001110
12,0.0,10110100011000001110,0.0,10100101011000001110
13,2.0,00101101001100011100,0.0,00100101001100011101
13,0.0,00100101001100011101,0.0,01101101001100011001
13,0.0,01101101001100011001,0.0,11101001001100110010
13,0.0,11101001001100110010,0.0,11000101001100111010
13,0.0,11000101001100111010,0.0,10111001000010111001
13,0.0,10111001000010111001,0.0,10110101000001110001
13,0.0,10110101000001110001,0.0,10110101000001110001
13,0.0,10110101000001110001,0.0,10110111000000110001
13,0.0,10110111000000110001,0.0,10101111100000111001
13,0.0,10101111100000111001,0.0,00001111101010111011
13,0.0,00001111101010111011,0.0,00001111101010111011
13,0.0,00001111101010111011,0.0,01001111101010101001
13,0.0,01001111101010101001,0.0,11001111100010111000
13,0.0,11001111100010111000,0.0,11001111100010111000
13,0.0,11001111100010111000,0.0,10010111000010011011
13,0.0,10010111000010011011,0.0,00000111001010011111
13,0.0,00000111001010011111,0.0,00010110001010011111
13,0.0,00010110001010011111,0.0,00010010101010011101
13,0.0,00010010101010011101,0.0,00010010011110011010
13,0.0,00010010011110011010,0.0,00000011011110011010
13,0.0,00000011011110011010,0.0,01001011001100011011
13,0.0,01001011001100011011,0.0,01011000001101011011
13,0.0,01011000001101011011,0.0,01011000001101011011
13,0.0,01011000001101011011,0.0,00010000011111011010
13,0.0,00010000011111011010,0.0,00000001011110111110
13,0.0,00000001011110111110,0.0,00011101011010110101
13,0.0,00011101011010110101,0.0,00001111111110110001
13,0.0,00001111111110110001,0.0,01000111111010110000
13,0.0,01000111111010110000,0.0,00000011111001110011
13,0.0,00000011111001110011,0.0,00000111110111110011
13,0.0,00000111110111110011,0.0,00000111110111110011
13,0.0,00000111110111110011,0.0,00010111110110110000
13,0.0,00010111110110110000,0.0,10001111110110010111
13,0.0,10001111110110010111,0.0,00000111110111110011
13,0.0,00000111110111110011,0.0,00101111110001110001
13,0.0,00101111110001110001,0.0,00100111111000110001
13,0.0,00100111111000110001,0.0,00010011111000110000
13,0.0,00010011111000110000,0.0,00010011111000000111
13,0.0,00010011111000000111,0.0,10001111111000100111
13,0.0,10001111111000100111,0.0,10001011011100100110
13,0.0,10001011011100100110,0.0,10000011010101101010
13,0.0,10000011010101101010,0.0,10010101110001101000
13,0.0,10010101110001101000,0.0,10010101110001101000
13,0.0,10010101110001101000,0.0,10010001110001011000
13,0.0,10010001110001011000,0.0,10010001110000111100
13,0.0,10010001110000111100,0.0,10000001110001111111
13,0.0,10000001110001111111,0.0,10000101110101111010
13,0.0,10000101110101111010,0.0,10000100111101101101
13,0.0,10000100111101101101,0.0,11001100111101100111
13,0.0,11001100111101100111,0.0,01000100111101101100
13,0.0,01000100111101101100,0.0,10000100111101101101
13,0.0,10000100111101101101,0.0,10001110110101101101
13,0.0,10001110110101101101,0.0,10100110010101101011
13,0.0,10100110010101101011,0.0,11100000010101101101
13,0.0,11100000010101101101,0.0,11101101010101100010
13,0.0,11101101010101100010,0.0,11100101011100100010
13,0.0,11100101011100100010,0.0,11100100111110110010
13,0.0,11100100111110110010,0.0,11000100111111110001
13,0.0,11000100111111110001,0.0,11001000111111100100
13,0.0,11001000111111100100,0.0,00100100111111100111
13,0.0,00100100111111100111,0.0,10100001100111100101
13,0.0,10100001100111100101,0.0,10101100100111101111
13,0.0,10101100100111101111,0.0,10111100000011001111
13,0.0,10111100000011001111,0.0,10100100010011111111
13,0.0,10100100010011111111,0.0,10100000110011111101
13,0.0,10100000110011111101,0.0,10111000100011001101
13,0.0,10111000100011001101,0.0,10111100110011001011
13,0.0,10111100110011001011,0.0,10111100110011001011
13,0.0,10111100110011001011,0.0,10111100110011001011
13,0.0,10111100110011001011,0.0,10111100110011001011
13,0.0,10111100110011001011,0.0,10110100110001011001
13,0.0,10110100110001011001,0.0,10110000010101011000
13,0.0,10110000010101011000,0.0,10110000010101011000
13,0.0,10110000010101011000,0.0,10111000010001111011
13,0.0,10111000010001111011,0.0,10111100100001110111
13,0.0,10111100100001110111,0.0,10101101100001110111
13,0.0,10101101100001110111,0.0,00111101100000011110
13,0.0,00111101100000011110,0.0,00111101100000011110
13,0.0,00111101100000011110,0.0,01101101100100011110
13,0.0,01101101100100011110,0.0,01101101001100011001
13,0.0,01101101001100011001,0.0,01100101000101011011
13,0.0,01100101000101011011,0.0,01101001100111001011
13,0.0,01101001100111001011,0.0,10101001010111001010
13,0.0,10101001010111001010,0.0,10101001110101001011
13,0.0,10101001110101001011,0.0,10100001010101011000
13,0.0,10100001010101011000,0.0,10100101010011011000
13,0.0,10100101010011011000,0.0,10001001011011011000
13,0.0,10001001011011011000,0.0,10001001011011011000
13,0.0,10001001011011011000,0.0,10001101011001011011
13,0.0,10001101011001011011,0.0,10101010101001001011
13,0.0,10101010101001001011,0.0,10101010100101001100
13,0.0,10101010100101001100,0.0,11101010110100001100
13,0.0,11101010110100001100,0.0,11101010101100000110
13,0.0,11101010101100000110,0.0,11001010001111000100
13,0.0,11001010001111000100,0.0,11001011011010000100
13,0.0,11001011011010000100,0.0,11001010011011000111
13,0.0,11001010011011000111,0.0,11010010010011000110
13,0.0,11010010010011000110,0.0,11000011010011000110
13,0.0,11000011010011000110,0.0,11000011000001001101
13,0.0,11000011000001001101,0.0,01001011000101001101
13,0.0,01001011000101001101,0.0,11000111000100101100
13,0.0,11000111000100101100,0.0,11000011000100011100
13,0.0,11000011000100011100,0.0,11000011110100010110
13,0.0,11000011110100010110,0.0,11000010110101011011
13,0.0,11000010110101011011,0.0,11000010110101011011
13,0.0,11000010110101011011,0.0,11001010100101111011
13,0.0,11001010100101111011,0.0,11000000101101111011
13,0.0,11000000101101111011,0.0,00101000101111111001
13,0.0,00101000101111111001,0.0,01001100101111111011
13,0.0,01001100101111111011,0.0,01011100101111010010
13,0.0,01011100101111010010,0.0,01000110101111110000
13,0.0,01000110101111110000,0.0,01001111110011110000
13,0.0,01001111110011110000,0.0,01000011110111010001
13,0.0,01000011110111010001,0.0,01011001110110010111
13,0.0,01011001110110010111,0.0,01010001111100000100
13,0.0,01010001111100000100,0.0,01011011110100000100
13,0.0,01011011110100000100,0.0,01011011100000001110
13,0.0,01011011100000001110,0.0,01010111100010100110
13,0.0,01010111100010100110,0.0,01011110101010100111
13,0.0,01011110101010100111,0.0,01011110101010100111
13,0.0,01011110101010100111,0.0,01010110111010000111
13,0.0,01010110111010000111,0.0,01011110101010100111
13,0.0,01011110101010100111,0.0,01011000101010111101
13,0.0,01011000101010111101,0.0,01111100101010010101
13,0.0,01111100101010010101,0.0,00111000110111010100
13,0.0,00111000110111010100,0.0,00111100110101010111
13,0.0,00111100110101010111,0.0,00101010110111010111
13,0.0,00101010110111010111,0.0,00100000111111010111
13,0.0,00100000111111010111,0.0,10100010100111010100
13,0.0,10100010100111010100,0.0,10110100100101010100
13,0.0,10110100100101010100,0.0,11010000000101011100
13,0.0,11010000000101011100,0.0,11010100000011011100
13,0.0,11010100000011011100,0.0,10010100100011111100
13,0.0,10010100100011111100,0.0,10000101100011111100
13,0.0,10000101100011111100,0.0,10000101100011111100
13,0.0,10000101100011111100,0.0,00000001101011011101
14,8.0,00100011101001010000,8.0,10100011011010010000
14,8.0,10100011011010010000,2.0,10100011001010001000
14,2.0,10100011001010001000,2.0,10100011011000001000
14,2.0,10100011011000001000,2.0,11101011011000000010
14,2.0,11101011011000000010,0.0,11101111110000010011
14,0.0,11101111110000010011,0.0,01111011100000010011
14,0.0,01111011100000010011,0.0,01010011011000010000
14,0.0,01010011011000010000,0.0,00011011011100010001
14,0.0,00011011011100010001,0.0,00011001011101010001
14,0.0,00011001011101010001,0.0,00110000011101110000
14,0.0,00110000011101110000,0.0,00110000001001111010
14,0.0,00110000001001111010,0.0,00011001001001011011
14,0.0,00011001001001011011,0.0,00111101001000011001
14,0.0,00111101001000011001,0.0,00111101001000011001
14,0.0,00111101001000011001,0.0,11010001001000011000
14,0.0,11010001001000011000,0.0,11010001001000011000
14,0.0,11010001001000011000,0.0,10011101001010011001
14,0.0,10011101001010011001,0.0,10011101001010010111
14,0.0,10011101001010010111,0.0,00011101101010110110
14,0.0,00011101101010110110,0.0,01011101001010010110
14,0.0,01011101001010010110,0.0,01010001001010110101
14,0.0,01010001001010110101,0.0,11001001101110010101
14,0.0,11001001101110010101,0.0,10001101101110110111
14,0.0,10001101101110110111,0.0,11000101100111100111
14,0.0,11000101100111100111,0.0,11101101000111100011
14,0.0,11101101000111100011,0.0,11101111000110100011
14,0.0,11101111000110100011,0.0,11101111000110100011
14,0.0,11101111000110100011,0.0,11101111000110100011
14,0.0,11101111000110100011,0.0,01100101110111100010
14,0.0,01100101110111100010,0.0,01100101110111100010
14,0.0,01100101110111100010,0.0,01100111110110100010
14,0.0,01100111110110100010,0.0,01100111110110100010
14,0.0,01100111110110100010,0.0,01100101110111100010
14,0.0,01100101110111100010,0.0,01100101110111100010
14,0.0,01100101110111100010,0.0,01100101010011101011
14,0.0,01100101010011101011,0.0,01100001110011101001
14,0.0,01100001110011101001,0.0,01100001110011101001
14,0.0,01100001110011101001,0.0,01110101010011000010
14,0.0,01110101010011000010,0.0,10111101110010001000
14,0.0,10111101110010001000,0.0,10111101110010001000
14,0.0,10111101110010001000,0.0,10101101110011001011
14,0.0,10101101110011001011,0.0,10101101000011001111
14,0.0,10101101000011001111,0.0,10101101110011001011
14,0.0,10101101110011001011,0.0,00101101100011101110
14,0.0,00101101100011101110,0.0,00111001100011110010
14,0.0,00111001100011110010,0.0,00111011100010110010
14,0.0,00111011100010110010,0.0,00110111110010100010
14,0.0,00110111110010100010,0.0,00010111110011100001
14,0.0,00010111110011100001,0.0,10011101110011000101
14,0.0,10011101110011000101,0.0,10011101110011000101
14,0.0,10011101110011000101,0.0,11010001110001000100
14,0.0,11010001110001000100,0.0,11011011100001000000
14,0.0,11011011100001000000,0.0,10011010101001000101
14,0.0,10011010101001000101,0.0,10011110100001001110
14,0.0,10011110100001001110,0.0,10010110110001101011
14,0.0,10010110110001101011,0.0,10010110110001101011
14,0.0,10010110110001101011,0.0,10000111110001101011
14,0.0,10000111110001101011,0.0,11000111110100101000
14,0.0,11000111110100101000,0.0,11001110111100101001
14,0.0,11001110111100101001,0.0,11000110011100110100
14,0.0,11000110011100110100,0.0,11000110011100110100
14,0.0,11000110011100110100,0.0,11001110010101110100
14,0.0,11001110010101110100,0.0,11001110000111110101
14,0.0,11001110000111110101,0.0,10000110111101110000
14,0.0,10000110111101110000,0.0,10010100011101110011
14,0.0,10010100011101110011,0.0,10010110011100110011
14,0.0,10010110011100110011,0.0,10010110011100110011
14,0.0,10010110011100110011,0.0,10011110010101110011
14,0.0,10011110010101110011,0.0,10011110010101110011
14,0.0,10011110010101110011,0.0,10011110010101110011
14,0.0,10011110010101110011,0.0,10010110011001010000
14,0.0,10010110011001010000,0.0,10010001011001010001
14,0.0,10010001011001010001,0.0,10010011011000010001
14,0.0,10010011011000010001,0.0,11010001111000010010
14,0.0,11010001111000010010,0.0,11010001111000010010
14,0.0,11010001111000010010,0.0,01010001111010110001
14,0.0,01010001111010110001,0.0,01011011110010110001
14,0.0,01011011110010110001,0.0,01011011110010110001
14,0.0,01011011110010110001,0.0,01011011110010110001
14,0.0,01011011110010110001,0.0,01001011010001111001
14,0.0,01001011010001111001,0.0,01101011010000111010
14,0.0,01101011010000111010,0.0,01100011010000101100
14,0.0,01100011010000101100,0.0,00101011010100101101
14,0.0,00101011010100101101,0.0,00101011010100101101
14,0.0,00101011010100101101,0.0,01100011010000101100
14,0.0,01100011010000101100,0.0,00101111011000101000
14,0.0,00101111011000101000,0.0,00101110011001101011
14,0.0,00101110011001101011,0.0,00101010011001011011
14,0.0,00101010011001011011,0.0,00101110011001101011
14,0.0,00101110011001101011,0.0,00101110011001101011
14,0.0,00101110011001101011,0.0,00101110011001101011
14,0.0,00101110011001101011,0.0,00101110011001101011
14,0.0,00101110011001101011,0.0,01101010011000101101
14,0.0,01101010011000101101,0.0,01101000011001101101
14,0.0,01101000011001101101,0.0,00100101011011001001
14,0.0,00100101011011001001,0.0,01101101011010101001
14,0.0,01101101011010101001,0.0,01100101010011101011
14,0.0,01100101010011101011,0.0,00100111000011101011
14,0.0,00100111000011101011,0.0,00100011000001101100
14,0.0,00100011000001101100,0.0,00100011000001101100
14,0.0,00100011000001101100,0.0,01100001010001101100
14,0.0,01100001010001101100,0.0,00101010001001101101
14,0.0,00101010001001101101,0.0,00101010001001101101
14,0.0,00101010001001101101,0.0,00000010111011101100
14,0.0,00000010111011101100,0.0,00001010011111001101
14,0.0,00001010011111001101,0.0,00001101011101001101
14,0.0,00001101011101001101,0.0,01001101010101101111
14,0.0,01001101010101101111,0.0,01001100110111111111
14,0.0,01001100110111111111,0.0,01000110110111110100
14,0.0,01000110110111110100,0.0,11001110110111110001
14,0.0,11001110110111110001,0.0,11000110110101101011
14,0.0,11000110110101101011,0.0,01010110110001101010
14,0.0,01010110110001101010,0.0,01010110110001101010
14,0.0,01010110110001101010,0.0,01001110111001101011
14,0.0,01001110111001101011,0.0,01000100111101101100
14,0.0,01000100111101101100,0.0,01001010101001101101
14,0.0,01001010101001101101,0.0,01001010111001011011
14,0.0,01001010111001011011,0.0,11000010101001011000
14,0.0,11000010101001011000,0.0,11000010101001011000
14,0.0,11000010101001011000,0.0,10001110101011011001
14,0.0,10001110101011011001,0.0,11000110100111011000
14,0.0,11000110100111011000,0.0,00011010110001011100
14,0.0,00011010110001011100,0.0,00011010110001011100
14,0.0,00011010110001011100,0.0,10011110010001001101
14,0.0,10011110010001001101,0.0,10010111000001001000
14,0.0,10010111000001001000,0.0,11010111010000001000
14,0.0,11010111010000001000,0.0,11011011000000011000
14,0.0,11011011000000011000,0.0,11000111000010011100
14,0.0,11000111000010011100,0.0,10101111000010111000
14,0.0,10101111000010111000,0.0,10101111000011010010
14,0.0,10101111000011010010,0.0,10111001000011010011
14,0.0,10111001000011010011,0.0,10111001000011010011
14,0.0,10111001000011010011,0.0,10111011000010010011
14,0.0,10111011000010010011,0.0,00110011000010010110
14,0.0,00110011000010010110,0.0,01110010000010101101
14,0.0,01110010000010101101,0.0,01110010010000101100
14,0.0,01110010010000101100,0.0,01111010011000000100
14,0.0,01111010011000000100,0.0,01111010011000000100
14,0.0,01111010011000000100,0.0,00111110011000101000
14,0.0,00111110011000101000,0.0,11011110011000001001
14,0.0,11011110011000001001,0.0,11011110011000001001
14,0.0,11011110011000001001,0.0,11010111010000001000
14,0.0,11010111010000001000,0.0,11000111010100011010
14,0.0,11000111010100011010,0.0,11011110000100111010
14,0.0,11011110000100111010,0.0,11010100001100111010
14,0.0,11010100001100111010,0.0,01011100001101101011
14,0.0,01011100001101101011,0.0,01011110001100101011
14,0.0,01011110001100101011,0.0,01011100001101101011
14,0.0,01011100001101101011,0.0,01010101000101101010
15,4.0,01001110110011101111,2.0,11001010110111100101
15,2.0,11001010110111100101,0.0,11101010110101100011
15,0.0,11101010110101100011,0.0,01100010110101100110
15,0.0,01100010110101100110,0.0,01100110110011100110
15,0.0,01100110110011100110,0.0,01000110110111110100
15,0.0,01000110110111110100,0.0,01000110110111110100
15,0.0,01000110110111110100,0.0,11001110010101110100
15,0.0,11001110010101110100,0.0,11011010010100110101
15,0.0,11011010010100110101,0.0,11011110010101100001
15,0.0,11011110010101100001,0.0,11011110010101100001
15,0.0,11011110010101100001,0.0,11100000010101101101
15,0.0,11100000010101101101,0.0,11000111000100101100
15,0.0,11000111000100101100,0.0,01001011010110101100
15,0.0,01001011010110101100,0.0,01001011010110101100
15,0.0,01001011010110101100,0.0,01001010111110001110
15,0.0,01001010111110001110,0.0,01001010111110001110
15,0.0,01001010111110001110,0.0,01011010111110100010
15,0.0,01011010111110100010,0.0,01011110111000100110
15,0.0,01011110111000100110,0.0,01001111111000100110
15,0.0,01001111111000100110,0.0,01100101101000110110
15,0.0,01100101101000110110,0.0,01100101101000110110
15,0.0,01100101101000110110,0.0,01001001101011010111
15,0.0,01001001101011010111,0.0,11000101101011010010
15,0.0,11000101101011010010,0.0,11000101011011010001
15,0.0,11000101011011010001,0.0,11001101010011110101
15,0.0,11001101010011110101,0.0,11001101100011110110
15,0.0,11001101100011110110,0.0,11001100101111010100
15,0.0,11001100101111010100,0.0,01011100101111010010
15,0.0,01011100101111010010,0.0,01110100101001010010
15,0.0,01110100101001010010,0.0,11100100101101010011
15,0.0,11100100101101010011,0.0,11100100101101010011
15,0.0,11100100101101010011,0.0,11100100110101010111
15,0.0,11100100110101010111,0.0,11100000011001010110
15,0.0,11100000011001010110,0.0,11100000011000111100
15,0.0,11100000011000111100,0.0,11101000110011111001
15,0.0,11101000110011111001,0.0,11101000110011111001
15,0.0,11101000110011111001,0.0,11101100010011111011
15,0.0,11101100010011111011,0.0,10101110000011111011
15,0.0,10101110000011111011,0.0,11101110000011101001
15,0.0,11101110000011101001,0.0,11100100101111100000
15,0.0,11100100101111100000,0.0,00101110101111100011
15,0.0,00101110101111100011,0.0,01100110101011100010
15,0.0,01100110101011100010,0.0,01100110101011100010
15,0.0,01100110101011100010,0.0,11101110100111100000
15,0.0,11101110100111100000,0.0,11101010100111010000
15,0.0,11101010100111010000,0.0,11101010100111010000
15,0.0,11101010100111010000,0.0,11101001110110110011
15,0.0,11101001110110110011,0.0,11101010110010110111
15,0.0,11101010110010110111,0.0,11101010110010110111
15,0.0,11101010110010110111,0.0,11110000110110100101
15,0.0,11110000110110100101,0.0,11110000110000101110
15,0.0,11110000110000101110,0.0,11101000111000101111
15,0.0,11101000111000101111,0.0,11101100111100101010
15,0.0,11101100111100101010,0.0,11101100101110101011
15,0.0,11101100101110101011,0.0,11100100110100111101
15,0.0,11100100110100111101,0.0,11000001110100111100
15,0.0,11000001110100111100,0.0,11000101010100111110
15,0.0,11000101010100111110,0.0,10001101011000111111
15,0.0,10001101011000111111,0.0,10001001111000111101
15,0.0,10001001111000111101,0.0,10000011110000111111
15,0.0,10000011110000111111,0.0,10010000110001111111
15,0.0,10010000110001111111,0.0,10011010100001111011
15,0.0,10011010100001111011,0.0,10010110100101101000
15,0.0,10010110100101101000,0.0,11010110110100101000
15,0.0,11010110110100101000,0.0,11010110001000101011
15,0.0,11010110001000101011,0.0,11010010001010101000
15,0.0,11010010001010101000,0.0,11010010001010101000
15,0.0,11010010001010101000,0.0,11010010001011000010
15,0.0,11010010001011000010,0.0,11000011001011000010
15,0.0,11000011001011000010,0.0,10001011001111000011
15,0.0,10001011001111000011,0.0,10001011001111000011
15,0.0,10001011001111000011,0.0,10001011001111000011
15,0.0,10001011001111000011,0.0,00000011001111000110
15,0.0,00000011001111000110,0.0,00000111001101110010
15,0.0,00000111001101110010,0.0,00001110011101110111
15,0.0,00001110011101110111,0.0,00001110011101110111
15,0.0,00001110011101110111,0.0,00010110001101110010
15,0.0,00010110001101110010,0.0,00010010101101110000
15,0.0,00010010101101110000,0.0,00010010101101110000
15,0.0,00010010101101110000,0.0,10010000111101110001
15,0.0,10010000111101110001,0.0,10000101111011110001
15,0.0,10000101111011110001,0.0,10010100111011110001
15,0.0,10010100111011110001,0.0,00111100111011100011
15,0.0,00111100111011100011,0.0,01111100110011001010
15,0.0,01111100110011001010,0.0,11111100110011100000
15,0.0,11111100110011100000,0.0,11111110110010100000
15,0.0,11111110110010100000,0.0,11111100110011100000
15,0.0,11111100110011100000,0.0,11110100111010100000
15,0.0,11110100111010100000,0.0,11111000110010110100
15,0.0,11111000110010110100,0.0,11111000110010110100
15,0.0,11111000110010110100,0.0,11111000110010110100
15,0.0,11111000110010110100,0.0,11111000110010110100
15,0.0,11111000110010110100,0.0,11101001110010110100
15,0.0,11101001110010110100,0.0,10100001101010110100
15,0.0,10100001101010110100,0.0,10100101101000110111
15,0.0,10100101101000110111,0.0,00110101100100110110
15,0.0,00110101100100110110,0.0,00110101100100110110
15,0.0,00110101100100110110,0.0,00100011100110111000
15,0.0,00100011100110111000,0.0,10100110110110111000
15,0.0,10100110110110111000,0.0,00110110100100111011
15,0.0,00110110100100111011,0.0,01100110101000111011
15,0.0,01100110101000111011,0.0,01100010101010111000
15,0.0,01100010101010111000,0.0,01100010101010001111
15,0.0,01100010101010001111,0.0,01100100101110101110
15,0.0,01100100101110101110,0.0,11101100001101001010
15,0.0,11101100001101001010,0.0,11001001000111001110
15,0.0,11001001000111001110,0.0,11001011000110001110
15,0.0,11001011000110001110,0.0,01100101001010001110
15,0.0,01100101001010001110,0.0,01100100011110101101
15,0.0,01100100011110101101,0.0,01101100001111101001
15,0.0,01101100001111101001,0.0,01100100011111001001
15,0.0,01100100011111001001,0.0,01100100011111001001
15,0.0,01100100011111001001,0.0,01100100011110101101
15,0.0,01100100011110101101,0.0,11100100011100001110
15,0.0,11100100011100001110,0.0,11100000111100001100
15,0.0,11100000111100001100,0.0,11100000111001100100
15,0.0,11100000111001100100,0.0,11100000111001100100
15,0.0,11100000111001100100,0.0,11100010111001000000
15,0.0,11100010111001000000,0.0,01101010101001001010
15,0.0,01101010101001001010,0.0,01100010001001101011
15,0.0,01100010001001101011,0.0,01100011100001110001
15,0.0,01100011100001110001,0.0,01100011001001000010
15,0.0,01100011001001000010,0.0,11100010001001000100
15,0.0,11100010001001000100,0.0,11100010001001000100
15,0.0,11100010001001000100,0.0,10100010101001100100
15,0.0,10100010101001100100,0.0,10101011110001100011
15,0.0,10101011110001100011,0.0,10100001111001100011
15,0.0,10100001111001100011,0.0,10110000111001100011
15,0.0,10110000111001100011,0.0,00111100111011100011
15,0.0,00111100111011100011,0.0,00111100111011100011
15,0.0,00111100111011100011,0.0,00111000111011010011
15,0.0,00111000111011010011,0.0,00111001011001000011
15,0.0,00111001011001000011,0.0,01101001011101000011
15,0.0,01101001011101000011,0.0,01101001011101000011
15,0.0,01101001011101000011,0.0,01101001011101000011
15,0.0,01101001011101000011,0.0,01111000011101000011
15,0.0,01111000011101000011,0.0,11110000001101000000
15,0.0,11110000001101000000,0.0,11100000001101101001
15,0.0,11100000001101101001,0.0,10001100001101111111
15,0.0,10001100001101111111,0.0,10000110001101110100
15,0.0,10000110001101110100,0.0,10001010101101010111
15,0.0,10001010101101010111,0.0,10000110111101110000
15,0.0,10000110111101110000,0.0,10000110111101110000
15,0.0,10000110111101110000,0.0,10000011111100110001
15,0.0,10000011111100110001,0.0,10000011011110110000
15,0.0,10000011011110110000,0.0,10000011011110110000
16,0.0,01010100111110010110,0.0,01011100111100001110
16,0.0,01011100111100001110,0.0,01110000001100001110
16,0.0,01110000001100001110,0.0,01011000001100111111
16,0.0,01011000001100111111,0.0,01011000001100111111
16,0.0,01011000001100111111,0.0,01010001000100111110
16,0.0,01010001000100111110,0.0,11000101010100111110
16,0.0,11000101010100111110,0.0,01001011010100011111
16,0.0,01001011010100011111,0.0,01000011010101010100
16,0.0,01000011010101010100,0.0,00000011110101110100
16,0.0,00000011110101110100,0.0,00000011110101110100
16,0.0,00000011110101110100,0.0,00000111110111110011
16,0.0,00000111110111110011,0.0,00010111110011100001
16,0.0,00010111110011100001,0.0,00010111110011100001
16,0.0,00010111110011100001,0.0,00010111110110001001
16,0.0,00010111110110001001,0.0,10011111100100001010
16,0.0,10011111100100001010,0.0,10011101100101001010
16,0.0,10011101100101001010,0.0,10111001100110001001
16,0.0,10111001100110001001,0.0,10111001100110000111
16,0.0,10111001100110000111,0.0,10100001110110110111
16,0.0,10100001110110110111,0.0,11101001110110110011
16,0.0,11101001110110110011,0.0,01100001101110110010
16,0.0,01100001101110110010,0.0,00111001100011110010
16,0.0,00111001100011110010,0.0,00111001010011110001
16,0.0,00111001010011110001,0.0,00110001000011011000
16,0.0,00110001000011011000,0.0,00110001000011011000
16,0.0,00110001000011011000,0.0,00110101000001011011
16,0.0,00110101000001011011,0.0,01010001000101011010
16,0.0,01010001000101011010,0.0,01010011000100011010
16,0.0,01010011000100011010,0.0,01110010000110011000
16,0.0,01110010000110011000,0.0,01110010000110011000
16,0.0,01110010000110011000,0.0,01101010001110011001
16,0.0,01101010001110011001,0.0,01110010000110011000
16,0.0,01110010000110011000,0.0,01110011000110000011
16,0.0,01110011000110000011,0.0,00110011000100101000
16,0.0,00110011000100101000,0.0,00111010001100101001
16,0.0,00111010001100101001,0.0,00111010001100101001
16,0.0,00111010001100101001,0.0,01011010101100101001
16,0.0,01011010101100101001,0.0,01011010001110101000
16,0.0,01011010001110101000,0.0,01011010001110101000
16,0.0,01011010001110101000,0.0,01001011001110101000
16,0.0,01001011001110101000,0.0,11000011001010101000
16,0.0,11000011001010101000,0.0,00101111001010101001
16,0.0,00101111001010101001,0.0,00100111011010001001
16,0.0,00100111011010001001,0.0,00101111001010101001
16,0.0,00101111001010101001,0.0,01101101011010101001
16,0.0,01101101011010101001,0.0,01101001011100101001
16,0.0,01101001011100101001,0.0,01101001011100101001
16,0.0,01101001011100101001,0.0,01111000011100101001
16,0.0,01111000011100101001,0.0,11100100011001101000
16,0.0,11100100011001101000,0.0,11100100011001100110
16,0.0,11100100011001100110,0.0,11000110011001100101
16,0.0,11000110011001100101,0.0,11101110010001100110
16,0.0,11101110010001100110,0.0,01111010000001100110
16,0.0,01111010000001100110,0.0,11011010000011100110
16,0.0,11011010000011100110,0.0,11010110000101000110
16,0.0,11010110000101000110,0.0,11010110000101000110
16,0.0,11010110000101000110,0.0,11001110010101001101
16,0.0,11001110010101001101,0.0,11101100010101001110
16,0.0,11101100010101001110,0.0,10100110010101101011
16,0.0,10100110010101101011,0.0,11101010010111100010
16,0.0,11101010010111100010,0.0,11101010010111100010
16,0.0,11101010010111100010,0.0,11101010010111100010
16,0.0,11101010010111100010,0.0,11101010110101100011
16,0.0,11101010110101100011,0.0,11111000110101100000
16,0.0,11111000110101100000,0.0,11111000110101100000
16,0.0,11111000110101100000,0.0,01110100100101101001
16,0.0,01110100100101101001,0.0,01110100100101101001
16,0.0,01110100100101101001,0.0,01110110000110101000
16,0.0,01110110000110101000,0.0,01110110100100101001
16,0.0,01110110100100101001,0.0,11110100100110101010
16,0.0,11110100100110101010,0.0,11110100100110101010
16,0.0,11110100100110101010,0.0,11110100100110101010
16,0.0,11110100100110101010,0.0,11111100110110001000
16,0.0,11111100110110001000,0.0,11111000110110110011
16,0.0,11111000110110110011,0.0,11111010100110100001
16,0.0,11111010100110100001,0.0,10111011100010100001
16,0.0,10111011100010100001,0.0,11111011000010000001
16,0.0,11111011000010000001,0.0,01111011000010010010
16,0.0,01111011000010010010,0.0,01011011000011010001
16,0.0,01011011000011010001,0.0,01110010100001110001
16,0.0,01110010100001110001,0.0,01110010000011110000
16,0.0,01110010000011110000,0.0,11011110001010110001
16,0.0,11011110001010110001,0.0,01010111001010100001
16,0.0,01010111001010100001,0.0,01001111101010100111
16,0.0,01001111101010100111,0.0,01101110001110100111
16,0.0,01101110001110100111,0.0,00101110110111100111
16,0.0,00101110110111100111,0.0,00101110110111100111
16,0.0,00101110110111100111,0.0,00101110110111100111
16,0.0,00101110110111100111,0.0,00100100111111100111
16,0.0,00100100111111100111,0.0,11100100110111100100
16,0.0,11100100110111100100,0.0,01100110110011100110
16,0.0,01100110110011100110,0.0,01100110110011100110
16,0.0,01100110110011100110,0.0,01101100111011100100
16,0.0,01101100111011100100,0.0,01111000111010100101
16,0.0,01111000111010100101,0.0,01111000111010100101
16,0.0,01111000111010100101,0.0,01110000110110110110
16,0.0,01110000110110110110,0.0,01110000000110111100
16,0.0,01110000000110111100,0.0,01110110000110101000
16,0.0,01110110000110101000,0.0,01110110000110101000
16,0.0,01110110000110101000,0.0,00110110100100111011
16,0.0,00110110100100111011,0.0,00110011000100101000
16,0.0,00110011000100101000,0.0,10110001010100101001
16,0.0,10110001010100101001,0.0,00110001010100111010
16,0.0,00110001010100111010,0.0,01100010110110111011
16,0.0,01100010110110111011,0.0,01010110010110111001
16,0.0,01010110010110111001,0.0,01011110000111110011
16,0.0,01011110000111110011,0.0,01011110010101110010
16,0.0,01011110010101110010,0.0,11011110010101100001
16,0.0,11011110010101100001,0.0,11010110010001110010
16,0.0,11010110010001110010,0.0,10011110110011110001
16,0.0,10011110110011110001,0.0,00010111001001100000
16,0.0,00010111001001100000,0.0,01100011001001000010
16,0.0,01100011001001000010,0.0,01100011001001000010
16,0.0,01100011001001000010,0.0,01100011001000101000
16,0.0,01100011001000101000,0.0,01100001001001101000
16,0.0,01100001001001101000,0.0,01001001011011101011
16,0.0,01001001011011101011,0.0,01010001010011101010
16,0.0,01010001010011101010,0.0,01010001010011101010
16,0.0,01010001010011101010,0.0,00010001011011001000
16,0.0,00010001011011001000,0.0,01011001011000011011
16,0.0,01011001011000011011,0.0,01011101001010011000
16,0.0,01011101001010011000,0.0,01001011101010011001
16,0.0,01001011101010011001,0.0,01001011101010011001
16,0.0,01001011101010011001,0.0,01000011100011011011
16,0.0,01000011100011011011,0.0,01100011010010011011
16,0.0,01100011010010011011,0.0,01100011010010011011
16,0.0,01100011010010011011,0.0,01110001010010011000
16,0.0,01110001010010011000,0.0,01110001010010011000
16,0.0,01110001010010011000,0.0,01110001010010010110
16,0.0,01110001010010010110,0.0,01110001010010010110
16,0.0,01110001010010010110,0.0,01110001001010010010
16,0.0,01110001001010010010,0.0,01111011000010010010
16,0.0,01111011000010010010,0.0,01111001000011010010
16,0.0,01111001000011010010,0.0,10111001000011010011
17,2.0,00100001111100110100,2.0,00100101011001010100
17,2.0,00100101011001010100,2.0,00110100011001010100
17,2.0,00110100011001010100,2.0,00110000011001010111
17,2.0,00110000011001010111,0.0,10110100010011010110
17,0.0,10110100010011010110,0.0,11111100010011010010
17,0.0,11111100010011010010,0.0,11101110000111010010
17,0.0,11101110000111010010,0.0,11101110110110110010
17,0.0,11101110110110110010,0.0,11101110110011100011
17,0.0,11101110110011100011,0.0,11101110110011100011
17,0.0,11101110110011100011,0.0,11100100111011100011
17,0.0,11100100111011100011,0.0,11101010110011010011
17,0.0,11101010110011010011,0.0,11100010111010010011
17,0.0,11100010111010010011,0.0,11100010101110010000
17,0.0,11100010101110010000,0.0,11100110101110100000
17,0.0,11100110101110100000,0.0,11100110101110100000
17,0.0,11100110101110100000,0.0,11100100111110110010
17,0.0,11100100111110110010,0.0,11100100111110110010
17,0.0,11100100111110110010,0.0,01101100011110111011
17,0.0,01101100011110111011,0.0,01101110011101000010
17,0.0,01101110011101000010,0.0,01101010011001001001
17,0.0,01101010011001001001,0.0,00100010011001001101
17,0.0,00100010011001001101,0.0,00100011011001100001
17,0.0,00100011011001100001,0.0,00100011101001100010
17,0.0,00100011101001100010,0.0,00101011100101001010
17,0.0,00101011100101001010,0.0,00101011010101001001
17,0.0,00101011010101001001,0.0,00101011010101001001
17,0.0,00101011010101001001,0.0,00110010110001101000
17,0.0,00110010110001101000,0.0,10100110110011101001
17,0.0,10100110110011101001,0.0,10100010110011011001
17,0.0,10100010110011011001,0.0,11101010110010111001
17,0.0,11101010110010111001,0.0,11010100110010111100
17,0.0,11010100110010111100,0.0,10011100110110111101
17,0.0,10011100110110111101,0.0,10011100110110111101
17,0.0,10011100110110111101,0.0,11010100010100111110
17,0.0,11010100010100111110,0.0,11010100010100111110
17,0.0,11010100010100111110,0.0,11010100010100111110
17,0.0,11010100010100111110,0.0,01011101010100101100
17,0.0,01011101010100101100,0.0,01011101010100101100
17,0.0,01011101010100101100,0.0,01010001011000001101
17,0.0,01010001011000001101,0.0,01010100011001001100
17,0.0,01010100011001001100,0.0,01011100001001101100
17,0.0,01011100001001101100,0.0,10111100001000101110
17,0.0,10111100001000101110,0.0,10111100111000101010
17,0.0,10111100111000101010,0.0,10110000111100001011
17,0.0,10110000111100001011,0.0,10110000011110001010
17,0.0,10110000011110001010,0.0,10111101011010000001
17,0.0,10111101011010000001,0.0,00111110001010101001
17,0.0,00111110001010101001,0.0,00011110101010111011
17,0.0,00011110101010111011,0.0,00011110111000111010
17,0.0,00011110111000111010,0.0,10011110111000100111
17,0.0,10011110111000100111,0.0,10010110011000110100
17,0.0,10010110011000110100,0.0,10010110011000110100
17,0.0,10010110011000110100,0.0,00010011001000110100
17,0.0,00010011001000110100,0.0,00010011001000110100
17,0.0,00010011001000110100,0.0,01010001011000110100
17,0.0,01010001011000110100,0.0,01011011001000110000
17,0.0,01011011001000110000,0.0,01101101001001110001
17,0.0,01101101001001110001,0.0,01101101001001110001
17,0.0,01101101001001110001,0.0,01101101001001110001
17,0.0,01101101001001110001,0.0,01110101000001110000
17,0.0,01110101000001110000,0.0,01110101000001110000
17,0.0,01110101000001110000,0.0,01010011000001110010
17,0.0,01010011000001110010,0.0,01011011000011010001
17,0.0,01011011000011010001,0.0,00011011100011110001
17,0.0,00011011100011110001,0.0,00000111101011110000
17,0.0,00000111101011110000,0.0,00011111000011110011
17,0.0,00011111000011110011,0.0,01110010000011110000
17,0.0,01110010000011110000,0.0,11110010010010110001
17,0.0,11110010010010110001,0.0,11110010010010110001
17,0.0,11110010010010110001,0.0,10111110110010110010
17,0.0,10111110110010110010,0.0,11111000110010110100
17,0.0,11111000110010110100,0.0,11111000101010110000
17,0.0,11111000101010110000,0.0,01110010001000101000
17,0.0,01110010001000101000,0.0,01110010001000101000
17,0.0,01110010001000101000,0.0,01110010001000101000
17,0.0,01110010001000101000,0.0,11010010101000101001
17,0.0,11010010101000101001,0.0,10110010001000101001
17,0.0,10110010001000101001,0.0,10111010000001101001
17,0.0,10111010000001101001,0.0,11011010100001101001
17,0.0,11011010100001101001,0.0,11010000101001101001
17,0.0,11010000101001101001,0.0,01010000101001111010
17,0.0,01010000101001111010,0.0,11010000001001011011
17,0.0,11010000001001011011,0.0,11000001001001011011
17,0.0,11000001001001011011,0.0,11000001011010111010
17,0.0,11000001011010111010,0.0,11000001011010111010
17,0.0,11000001011010111010,0.0,01001101111010111011
17,0.0,01001101111010111011,0.0,01001101111010111011
17,0.0,01001101111010111011,0.0,01001101111010111011
17,0.0,01001101111010111011,0.0,00001111101010111011
17,0.0,00001111101010111011,0.0,01000011101000111010
17,0.0,01000011101000111010,0.0,01000011101000111010
17,0.0,01000011101000111010,0.0,01000011101000111010
17,0.0,01000011101000111010,0.0,01001011111000011000
17,0.0,01001011111000011000,0.0,01101110111000011001
17,0.0,01101110111000011001,0.0,11100010011000011000
17,0.0,11100010011000011000,0.0,11100000011001011000
17,0.0,11100000011001011000,0.0,01000000111101011100
17,0.0,01000000111101011100,0.0,01000000111101011100
17,0.0,01000000111101011100,0.0,01000000111101011100
17,0.0,01000000111101011100,0.0,01000100011101011110
17,0.0,01000100011101011110,0.0,00010000001101011111
17,0.0,00010000001101011111,0.0,00010000001101011111
17,0.0,00010000001101011111,0.0,11010000000101011100
17,0.0,11010000000101011100,0.0,11010000000101011100
17,0.0,11010000000101011100,0.0,11010100010101011010
17,0.0,11010100010101011010,0.0,11000101010101011010
17,0.0,11000101010101011010,0.0,11000101010101011010
17,0.0,11000101010101011010,0.0,10010101010001011010
17,0.0,10010101010001011010,0.0,10011101010010011101
17,0.0,10011101010010011101,0.0,10011100110110111101
17,0.0,10011100110110111101,0.0,10010101100110111000
17,0.0,10010101100110111000,0.0,10110101100010101010
17,0.0,10110101100010101010,0.0,11110101000010001010
17,0.0,11110101000010001010,0.0,11100101100110101010
17,0.0,11100101100110101010,0.0,11101110110110001011
17,0.0,11101110110110001011,0.0,01100110110110001110
17,0.0,01100110110110001110,0.0,01111010100010001100
17,0.0,01111010100010001100,0.0,00111010100010011110
17,0.0,00111010100010011110,0.0,00101010110110111101
17,0.0,00101010110110111101,0.0,00101010111100110110
17,0.0,00101010111100110110,0.0,01101010011100010110
17,0.0,01101010011100010110,0.0,00101010001101010110
17,0.0,00101010001101010110,0.0,00101010001101010110
18,14.0,00001110110111101111,0.0,01001010010111101111
18,0.0,01001010010111101111,0.0,01001100110111111111
18,0.0,01001100110111111111,0.0,01000110100011111110
18,0.0,01000110100011111110,0.0,00001010101001111111
18,0.0,00001010101001111111,0.0,00001010001011111110
18,0.0,00001010001011111110,0.0,00101110001011010110
18,0.0,00101110001011010110,0.0,10100010001001010110
18,0.0,10100010001001010110,0.0,00101010001101010110
18,0.0,00101010001101010110,0.0,00101010111101010010
18,0.0,00101010111101010010,0.0,00101010001101010110
18,0.0,00101010001101010110,0.0,00101110101001010111
18,0.0,00101110101001010111,0.0,00101110001011010110
18,0.0,00101110001011010110,0.0,00000110101011011100
18,0.0,00000110101011011100,0.0,00001110111011110101
18,0.0,00001110111011110101,0.0,00001110111011110101
18,0.0,00001110111011110101,0.0,10001000111111110110
18,0.0,10001000111111110110,0.0,10011001010001110101
18,0.0,10011001010001110101,0.0,10011001010001110101
18,0.0,10011001010001110101,0.0,10011001010001110101
18,0.0,10011001010001110101,0.0,10011001100001110110
18,0.0,10011001100001110110,0.0,11011110100010110110
18,0.0,11011110100010110110,0.0,00010110110011110100
18,0.0,00010110110011110100,0.0,01101010010011110101
18,0.0,01101010010011110101,0.0,01110010000011110000
18,0.0,01110010000011110000,0.0,01110010000011110000
18,0.0,01110010000011110000,0.0,00111010000111110001
18,0.0,00111010000111110001,0.0,10101010000001111100
18,0.0,10101010000001111100,0.0,10101110010001111010
18,0.0,10101110010001111010,0.0,11001110110001111010
18,0.0,11001110110001111010,0.0,11001110100011111011
18,0.0,11001110100011111011,0.0,11001110110001111010
18,0.0,11001110110001111010,0.0,11011010000001011011
18,0.0,11011010000001011011,0.0,11111110000000011001
18,0.0,11111110000000011001,0.0,10110100010011011000
18,0.0,10110100010011011000,0.0,01110000010011011011
18,0.0,01110000010011011011,0.0,00110001000011011000
18,0.0,00110001000011011000,0.0,10101001000101111000
18,0.0,10101001000101111000,0.0,10100001010101011000
18,0.0,10100001010101011000,0.0,11000001110101011000
18,0.0,11000001110101011000,0.0,11000101010101011010
18,0.0,11000101010101011010,0.0,10000101110101111010
18,0.0,10000101110101111010,0.0,11000101010100111110
18,0.0,11000101010100111110,0.0,11000001010001011111
18,0.0,11000001010001011111,0.0,10100101010011010110
18,0.0,10100101010011010110,0.0,10100101010011011000
18,0.0,10100101010011011000,0.0,11100100010111011000
18,0.0,11100100010111011000,0.0,01101000010111011101
18,0.0,01101000010111011101,0.0,01101000010111011101
18,0.0,01101000010111011101,0.0,01101000010111011101
18,0.0,01101000010111011101,0.0,01100100010011111110
18,0.0,01100100010011111110,0.0,01100100010011111110
18,0.0,01100100010011111110,0.0,01100100010011111110
18,0.0,01100100010011111110,0.0,01001100110111111111
18,0.0,01001100110111111111,0.0,01001110110110111111
18,0.0,01001110110110111111,0.0,11000110110010111111
18,0.0,11000110110010111111,0.0,11000010110100111111
18,0.0,11000010110100111111,0.0,10010010100100111100
18,0.0,10010010100100111100,0.0,10010010100100111100
18,0.0,10010010100100111100,0.0,11001010100101111011
18,0.0,11001010100101111011,0.0,10000010110111111010
18,0.0,10000010110111111010,0.0,11000010101111100010
18,0.0,11000010101111100010,0.0,10000011101011100010
18,0.0,10000011101011100010,0.0,11001011110011100010
18,0.0,11001011110011100010,0.0,01000111110001101010
18,0.0,01000111110001101010,0.0,01001111111001000010
18,0.0,01001111111001000010,0.0,01000011011001010011
18,0.0,01000011011001010011,0.0,01000011111001100001
18,0.0,01000011111001100001,0.0,01001110011011101010
18,0.0,01001110011011101010,0.0,11001110011001110011
18,0.0,11001110011001110011,0.0,11000110011101010000
18,0.0,11000110011101010000,0.0,11001011010101010001
18,0.0,11001011010101010001,0.0,11001011010101010001
18,0.0,11001011010101010001,0.0,11011010010101010001
18,0.0,11011010010101010001,0.0,11010000011101010001
18,0.0,11010000011101010001,0.0,11010100011011010001
18,0.0,11010100011011010001,0.0,11010101000011110000
18,0.0,11010101000011110000,0.0,11011101100011100011
18,0.0,11011101100011100011,0.0,11011101110001100010
18,0.0,11011101110001100010,0.0,11011101000001100110
18,0.0,11011101000001100110,0.0,10010101000001101100
18,0.0,10010101000001101100,0.0,10011000001111101001
18,0.0,10011000001111101001,0.0,11010000001011101000
18,0.0,11010000001011101000,0.0,11010000001011101000
18,0.0,11010000001011101000,0.0,01110000001001101000
18,0.0,01110000001001101000,0.0,01110000001001101000
18,0.0,01110000001001101000,0.0,01110001000011000100
18,0.0,01110001000011000100,0.0,00111001000111000101
18,0.0,00111001000111000101,0.0,00111001000111000101
18,0.0,00111001000111000101,0.0,00111001000001001110
18,0.0,00111001000001001110,0.0,10111000100011001101
18,0.0,10111000100011001101,0.0,10111100110010101111
18,0.0,10111100110010101111,0.0,10111100110010101111
18,0.0,10111100110010101111,0.0,10110100110011100100
18,0.0,10110100110011100100,0.0,01110000110011100111
18,0.0,01110000110011100111,0.0,01110100100101100111
18,0.0,01110100100101100111,0.0,01110000100111100100
18,0.0,01110000100111100100,0.0,01110000100111100100
18,0.0,01110000100111100100,0.0,00110000100111001111
18,0.0,00110000100111001111,0.0,00110000100111110110
18,0.0,00110000100111110110,0.0,00010100101111010110
18,0.0,00010100101111010110,0.0,01011000101011010111
18,0.0,01011000101011010111,0.0,01011000101011010111
18,0.0,01011000101011010111,0.0,11011100100011110110
18,0.0,11011100100011110110,0.0,11011101000001100110
18,0.0,11011101000001100110,0.0,11011101000001100110
18,0.0,11011101000001100110,0.0,00010111010001100100
18,0.0,00010111010001100100,0.0,01011110110011000111
18,0.0,01011110110011000111,0.0,01011110110011000111
18,0.0,01011110110011000111,0.0,11010110100011000100
18,0.0,11010110100011000100,0.0,11010010001011000010
18,0.0,11010010001011000010,0.0,11011000011110100111
18,0.0,11011000011110100111,0.0,11011000110110101110
18,0.0,11011000110110101110,0.0,01011000110101101101
18,0.0,01011000110101101101,0.0,01011010010110101100
18,0.0,01011010010110101100,0.0,11010100110010111100
18,0.0,11010100110010111100,0.0,01010000111010011101
18,0.0,01010000111010011101,0.0,01011000101010111101
18,0.0,01011000101010111101,0.0,01000010101110011101
18,0.0,01000010101110011101,0.0,01000010101110011101
18,0.0,01000010101110011101,0.0,01000010101110011101
18,0.0,01000010101110011101,0.0,00010010001100011111
18,0.0,00010010001100011111,0.0,00010011001100110011
18,0.0,00010011001100110011,0.0,00010011001100110011
18,0.0,00010011001100110011,0.0,00010011001100110011
18,0.0,00010011001100110011,0.0,01010110001110110011
18,0.0,01010110001110110011,0.0,01011110000111110011
18,0.0,01011110000111110011,0.0,01010100001011110100
18,0.0,01010100001011110100,0.0,01011100011110110101
18,0.0,01011100011110110101,0.0,01011100011110110101
18,0.0,01011100011110110101,0.0,01011001001000101101
18,0.0,01011001001000101101,0.0,01011101001100101000
18,0.0,01011101001100101000,0.0,01010101000101101010
18,0.0,01010101000101101010,0.0,01010101100011101000
18,0.0,01010101100011101000,0.0,01010101100011101000
18,0.0,01010101100011101000,0.0,01010101100011101000
18,0.0,01010101100011101000,0.0,11011101100011100011
18,0.0,11011101100011100011,0.0,11011101100011100011
18,0.0,11011101100011100011,0.0,10111101000011100011
18,0.0,10111101000011100011,0.0,10101111000011010010
18,0.0,10101111000011010010,0.0,10101011000101010010
18,0.0,10101011000101010010,0.0,10101111100001010011
18,0.0,10101111100001010011,0.0,11101101000001011001
18,0.0,11101101000001011001,0.0,11111100000001011001
19,2.0,10100100111000111111,0.0,10101100111110110100
19,0.0,10101100111110110100,0.0,10111100111110100001
19,0.0,10111100111110100001,0.0,10010100101111000101
19,0.0,10010100101111000101,0.0,10010101100110001111
19,0.0,10010101100110001111,0.0,00010101110110101101
19,0.0,00010101110110101101,0.0,00110101110110001010
19,0.0,00110101110110001010,0.0,01111101100100001011
19,0.0,01111101100100001011,0.0,01111101100100001011
19,0.0,01111101100100001011,0.0,01101111110100000101
19,0.0,01101111110100000101,0.0,01101111110100000101
19,0.0,01101111110100000101,0.0,01110111100100000000
19,0.0,01110111100100000000,0.0,01010111110100010001
19,0.0,01010111110100010001,0.0,01010111000100010101
19,0.0,01010111000100010101,0.0,01010111100010100110
19,0.0,01010111100010100110,0.0,00011111100110100111
19,0.0,00011111100110100111,0.0,00100111100111100010
19,0.0,00100111100111100010,0.0,00100111010111100001
19,0.0,00100111010111100001,0.0,00100011000101101011
19,0.0,00100011000101101011,0.0,00101011001101000011
19,0.0,00101011001101000011,0.0,00101011001101000011
19,0.0,00101011001101000011,0.0,00101011001101000011
19,0.0,00101011001101000011,0.0,11100001001101000000
19,0.0,11100001001101000000,0.0,11100001011001000011
19,0.0,11100001011001000011,0.0,11100101011010010010
19,0.0,11100101011010010010,0.0,11101101001010110010
19,0.0,11101101001010110010,0.0,11101101101000110011
19,0.0,11101101101000110011,0.0,10100101111010110010
19,0.0,10100101111010110010,0.0,10101111110010110010
19,0.0,10101111110010110010,0.0,11101011110010010000
19,0.0,11101011110010010000,0.0,11001011110000111011
19,0.0,11001011110000111011,0.0,11001011110000111011
19,0.0,11001011110000111011,0.0,01001011100001111010
19,0.0,01001011100001111010,0.0,01000011100010111111
19,0.0,01000011100010111111,0.0,01000011100010111111
19,0.0,01000011100010111111,0.0,01000011100010111111
19,0.0,01000011100010111111,0.0,01000011100010111111
19,0.0,01000011100010111111,0.0,01000111100110111010
19,0.0,01000111100110111010,0.0,01000111010110111001
19,0.0,01000111010110111001,0.0,01000110110111110100
19,0.0,01000110110111110100,0.0,01101110110101110001
19,0.0,01101110110101110001,0.0,01101110111000010111
19,0.0,01101110111000010111,0.0,01101110111000010111
19,0.0,01101110111000010111,0.0,01101110111000010111
19,0.0,01101110111000010111,0.0,01101110111000010111
19,0.0,01101110111000010111,0.0,01101110111000010111
19,0.0,01101110111000010111,0.0,01101110111000010111
19,0.0,01101110111000010111,0.0,01101110111000010111
19,0.0,01101110111000010111,0.0,11100110101000010100
19,0.0,11100110101000010100,0.0,11101110100001010100
19,0.0,11101110100001010100,0.0,11101110100101010011
19,0.0,11101110100101010011,0.0,10100110110111010010
19,0.0,10100110110111010010,0.0,00101010110111011001
19,0.0,00101010110111011001,0.0,00101110010111011011
19,0.0,00101110010111011011,0.0,00101110010111011011
19,0.0,00101110010111011011,0.0,00101010110111011001
19,0.0,00101010110111011001,0.0,00101010110111011001
19,0.0,00101010110111011001,0.0,00101010110111011001
19,0.0,00101010110111011001,0.0,11100100110101011001
19,0.0,11100100110101011001,0.0,01101000011101011000
19,0.0,01101000011101011000,0.0,00100000011101011100
19,0.0,00100000011101011100,0.0,00101000111101110110
19,0.0,00101000111101110110,0.0,00100100111111100111
19,0.0,00100100111111100111,0.0,00100010101111000101
19,0.0,00100010101111000101,0.0,00101010001101010110
19,0.0,00101010001101010110,0.0,00111010001001000100
19,0.0,00111010001001000100,0.0,10101110001011000101
19,0.0,10101110001011000101,0.0,10100110001001100110
19,0.0,10100110001001100110,0.0,10110010001000100111
19,0.0,10110010001000100111,0.0,00111110001010100111
19,0.0,00111110001010100111,0.0,01111010001010000101
19,0.0,01111010001010000101,0.0,00111110001011000011
19,0.0,00111110001011000011,0.0,00111110001011000011
19,0.0,00111110001011000011,0.0,01101110101001000101
19,0.0,01101110101001000101,0.0,11101100101011000110
19,0.0,11101100101011000110,0.0,11101100101011000110
19,0.0,11101100101011000110,0.0,10101100111011100101
19,0.0,10101100111011100101,0.0,10101000111101100101
19,0.0,10101000111101100101,0.0,10101000111101100101
19,0.0,10101000111101100101,0.0,10100001110101100100
19,0.0,10100001110101100100,0.0,10100001101101100000
19,0.0,10100001101101100000,0.0,10101011100101100000
19,0.0,10101011100101100000,0.0,10001011110101110001
19,0.0,10001011110101110001,0.0,10001011110101110001
19,0.0,10001011110101110001,0.0,00000111110111110011
19,0.0,00000111110111110011,0.0,00011011110001110000
19,0.0,00011011110001110000,0.0,00011001110101010110
19,0.0,00011001110101010110,0.0,01011000010101011111
19,0.0,01011000010101011111,0.0,11010100000101101100
19,0.0,11010100000101101100,0.0,11000101110101100110
19,0.0,11000101110101100110,0.0,10001101111001100111
19,0.0,10001101111001100111,0.0,10000010111001110101
19,0.0,10000010111001110101,0.0,10100000111001110110
19,0.0,10100000111001110110,0.0,11110000110000101110
19,0.0,11110000110000101110,0.0,10111100110010101111
19,0.0,10111100110010101111,0.0,10110110110010100100
19,0.0,10110110110010100100,0.0,11110100001010100100
19,0.0,11110100001010100100,0.0,11110000001010010100
19,0.0,11110000001010010100,0.0,11110000001010010100
19,0.0,11110000001010010100,0.0,11110000101000010101
19,0.0,11110000101000010101,0.0,10110000101010110100
19,0.0,10110000101010110100,0.0,00110001101010110010
19,0.0,00110001101010110010,0.0,10110001101010100001
19,0.0,10110001101010100001,0.0,10110110101010100000
19,0.0,10110110101010100000,0.0,10110010101100100000
19,0.0,10110010101100100000,0.0,00111010001100101001
19,0.0,00111010001100101001,0.0,10110010001000101001
19,0.0,10110010001000101001,0.0,10011001011010101001
19,0.0,10011001011010101001,0.0,00010001011010101100
19,0.0,00010001011010101100,0.0,00001101110011111111
19,0.0,00001101110011111111,0.0,00100101110011001110
19,0.0,00100101110011001110,0.0,10111000010111001010
19,0.0,10111000010111001010,0.0,10111100100111001000
19,0.0,10111100100111001000,0.0,10111000100110011100
19,0.0,10111000100110011100,0.0,10110000000110111101
19,0.0,10110000000110111101,0.0,00110100000111111010
19,0.0,00110100000111111010,0.0,00110100000111111010
19,0.0,00110100000111111010,0.0,00011100101011111011
19,0.0,00011100101011111011,0.0,00000101111011011011
19,0.0,00000101111011011011,0.0,00010100111011011011
19,0.0,00010100111011011011,0.0,10010100111011110001
19,0.0,10010100111011110001,0.0,10011100111001101001
19,0.0,10011100111001101001,0.0,10010000111101110001
19,0.0,10010000111101110001,0.0,10010100110101111010
19,0.0,10010100110101111010,0.0,10000010110111111010
19,0.0,10000010110111111010,0.0,11000010110111101000
19,0.0,11000010110111101000,0.0,11000010110111101000
19,0.0,11000010110111101000,0.0,11000010110111101000
19,0.0,11000010110111101000,0.0,11000010110111101000
20,8.0,00001110011011111011,0.0,10001000011011111111
20,0.0,10001000011011111111,0.0,10100100010011111111
20,0.0,10100100010011111111,0.0,10100000110011111101
20,0.0,10100000110011111101,0.0,10101101110011110010
20,0.0,10101101110011110010,0.0,10101111110010110010
20,0.0,10101111110010110010,0.0,11101111110010100000
20,0.0,11101111110010100000,0.0,11101111110000010011
20,0.0,11101111110000010011,0.0,11101111110000010011
20,0.0,11101111110000010011,0.0,11101111110000010011
20,0.0,11101111110000010011,0.0,01100111110000011000
20,0.0,01100111110000011000,0.0,01100111110000011000
20,0.0,01100111110000011000,0.0,00001011110001011100
20,0.0,00001011110001011100,0.0,00101011010101000111
20,0.0,00101011010101000111,0.0,00100011110001100110
20,0.0,00100011110001100110,0.0,00101010111001100111
20,0.0,00101010111001100111,0.0,01000010111001110100
20,0.0,01000010111001110100,0.0,01000001001101110100
20,0.0,01000001001101110100,0.0,10000001001101110101
20,0.0,10000001001101110101,0.0,00001101011101110100
20,0.0,00001101011101110100,0.0,00001101011101110100
20,0.0,00001101011101110100,0.0,00001111011100110100
20,0.0,00001111011100110100,0.0,00101101101100110111
20,0.0,00101101101100110111,0.0,00101101101100111001
20,0.0,00101101101100111001,0.0,00100101000111111010
20,0.0,00100101000111111010,0.0,00100101000111111010
20,0.0,00100101000111111010,0.0,00100111000110111010
20,0.0,00100111000110111010,0.0,01000111100110111010
20,0.0,01000111100110111010,0.0,01000111100110111010
20,0.0,01000111100110111010,0.0,11001111000100111010
20,0.0,11001111000100111010,0.0,10011111000110110001
20,0.0,10011111000110110001,0.0,01011111000110110000
20,0.0,01011111000110110000,0.0,10011111000110110001
20,0.0,10011111000110110001,0.0,10011111000110110001
20,0.0,10011111000110110001,0.0,11010111000010110000
20,0.0,11010111000010110000,0.0,01111111100000100011
20,0.0,01111111100000100011,0.0,11101111110010100000
20,0.0,11101111110010100000,0.0,10111011110000100000
20,0.0,10111011110000100000,0.0,10110010110100100100
20,0.0,10110010110100100100,0.0,11011010111000000101
20,0.0,11011010111000000101,0.0,11010011101000000000
20,0.0,11010011101000000000,0.0,10011111101010000001
20,0.0,10011111101010000001,0.0,10110011001000000000
20,0.0,10110011001000000000,0.0,10100111001100100010
20,0.0,10100111001100100010,0.0,00010011001100110011
20,0.0,00010011001100110011,0.0,00010011101010110001
20,0.0,00010011101010110001,0.0,00011110101010111011
20,0.0,00011110101010111011,0.0,10010001101000111000
20,0.0,10010001101000111000,0.0,10010001100010111101
20,0.0,10010001100010111101,0.0,10010011100010011001
20,0.0,10010011100010011001,0.0,10010011000000011100
20,0.0,10010011000000011100,0.0,10010001000100111111
20,0.0,10010001000100111111,0.0,00110101000000111111
20,0.0,00110101000000111111,0.0,00110101100100110110
20,0.0,00110101100100110110,0.0,10010101100110110110
20,0.0,10010101100110110110,0.0,00010111100100110101
20,0.0,00010111100100110101,0.0,00010111000110110100
20,0.0,00010111000110110100,0.0,00011111100110100111
20,0.0,00011111100110100111,0.0,00011111101100100010
20,0.0,00011111101100100010,0.0,00011111101100100010
20,0.0,00011111101100100010,0.0,00010111111100000010
20,0.0,00010111111100000010,0.0,01011101111100100010
20,0.0,01011101111100100010,0.0,11011101011100000011
20,0.0,11011101011100000011,0.0,10010101011100001001
20,0.0,10010101011100001001,0.0,00010111001100001000
20,0.0,00010111001100001000,0.0,10010011100100101001
20,0.0,10010011100100101001,0.0,01010011100100101000
20,0.0,01010011100100101000,0.0,01010011100100101000
20,0.0,01010011100100101000,0.0,01111011000100100010
20,0.0,01111011000100100010,0.0,11111110010100100010
20,0.0,11111110010100100010,0.0,11111110000110100011
20,0.0,11111110000110100011,0.0,10110110000110100111
20,0.0,10110110000110100111,0.0,10110110010100100110
20,0.0,10110110010100100110,0.0,10110110010100101000
20,0.0,10110110010100101000,0.0,10100111010100101000
20,0.0,10100111010100101000,0.0,10110110010100101000
20,0.0,10110110010100101000,0.0,10101110011100101001
20,0.0,10101110011100101001,0.0,10100110110110111000
20,0.0,10100110110110111000,0.0,10101110011100101001
20,0.0,10101110011100101001,0.0,10110110010100101000
20,0.0,10110110010100101000,0.0,10101110011100100111
20,0.0,10101110011100100111,0.0,10101110011100100111
20,0.0,10101110011100100111,0.0,10101110110100101110
20,0.0,10101110110100101110,0.0,10101011000100001111
20,0.0,10101011000100001111,0.0,11100011000000001110
20,0.0,11100011000000001110,0.0,11100011000000001110
20,0.0,11100011000000001110,0.0,10100111000000011101
20,0.0,10100111000000011101,0.0,10101111100000111001
20,0.0,10101111100000111001,0.0,10101111100000111001
20,0.0,10101111100000111001,0.0,10100111000000011101
20,0.0,10100111000000011101,0.0,10110110000000011101
20,0.0,10110110000000011101,0.0,01110110000000011100
20,0.0,01110110000000011100,0.0,01110110000000011100
20,0.0,01110110000000011100,0.0,11010010000100011100
20,0.0,11010010000100011100,0.0,11010010000100011100
20,0.0,11010010000100011100,0.0,11010010000100011100
20,0.0,11010010000100011100,0.0,11010010000100011100
20,0.0,11010010000100011100,0.0,10011110000110011101
20,0.0,10011110000110011101,0.0,00011110100110111100
20,0.0,00011110100110111100,0.0,00011111100110100111
20,0.0,00011111100110100111,0.0,10011101001100100111
20,0.0,10011101001100100111,0.0,10010101100110001111
20,0.0,10010101100110001111,0.0,11000101000110111111
20,0.0,11000101000110111111,0.0,11000101101010001111
20,0.0,11000101101010001111,0.0,01011010101010010111
20,0.0,01011010101010010111,0.0,00111010001010010111
20,0.0,00111010001010010111,0.0,00111010100010011110
20,0.0,00111010100010011110,0.0,10111010000100001111
20,0.0,10111010000100001111,0.0,10111010000100001111
20,0.0,10111010000100001111,0.0,00111011000000001110
20,0.0,00111011000000001110,0.0,00111011000000001110
20,0.0,00111011000000001110,0.0,01111110100000001111
20,0.0,01111110100000001111,0.0,11011110100010001111
20,0.0,11011110100010001111,0.0,11010110100011000100
20,0.0,11010110100011000100,0.0,11010110100111000011
20,0.0,11010110100111000011,0.0,10001011010111000111
20,0.0,10001011010111000111,0.0,10101111010110000101
20,0.0,10101111010110000101,0.0,10101111010110000101
20,0.0,10101111010110000101,0.0,10101111100110000110
20,0.0,10101111100110000110,0.0,10101111100110000110
20,0.0,10101111100110000110,0.0,10101101100111000110
20,0.0,10101101100111000110,0.0,00100101101101000101
20,0.0,00100101101101000101,0.0,00101001101011100101
20,0.0,00101001101011100101,0.0,01101001001011000101
20,0.0,01101001001011000101,0.0,00101001001011010111
20,0.0,00101001001011010111,0.0,01101001001110010100
20,0.0,01101001001110010100,0.0,10101101011010010100
20,0.0,10101101011010010100,0.0,10101101011010010100
20,0.0,10101101011010010100,0.0,11001101011100010110
20,0.0,11001101011100010110,0.0,01000100011101011110
20,0.0,01000100011101011110,0.0,11001000001101011101
20,0.0,11001000001101011101,0.0,11001000001101011101
20,0.0,11001000001101011101,0.0,11001000001101011101
20,0.0,11001000001101011101,0.0,11001000111100111101
20,0.0,11001000111100111101,0.0,10001001111000111101
20,0.0,10001001111000111101,0.0,00000101111010111111
20,0.0,00000101111010111111,0.0,00000101101110111100
20,0.0,00000101101110111100,0.0,00000111101110010110
20,0.0,00000111101110010110,0.0,00000110101110111111
20,0.0,00000110101110111111,0.0,00000101101110111100
20,0.0,00000101101110111100,0.0,00010101001110011011
20,0.0,00010101001110011011,0.0,00011110001110110101
20,0.0,00011110001110110101,0.0,10011110001100010110
20,0.0,10011110001100010110,0.0,10011110001100011000
21,2.0,01100111010000111000,2.0,01100011000100111000
21,2.0,01100011000100111000,2.0,01100011000100111000
21,2.0,01100011000100111000,2.0,01101010001100111001
21,2.0,01101010001100111001,2.0,01101110001010111001
21,2.0,01101110001010111001,0.0,11101110010010111011
21,0.0,11101110010010111011,0.0,10100110010010111111
21,0.0,10100110010010111111,0.0,10100100010011111111
21,0.0,10100100010011111111,0.0,11100100010110111100
21,0.0,11100100010110111100,0.0,11100100010110111100
21,0.0,11100100010110111100,0.0,10011100110110111101
21,0.0,10011100110110111101,0.0,10011100110110111101
21,0.0,10011100110110111101,0.0,10010010100100111100
21,0.0,10010010100100111100,0.0,10001010101100111101
21,0.0,10001010101100111101,0.0,11000010101000111100
21,0.0,11000010101000111100,0.0,11001000111100111101
21,0.0,11001000111100111101,0.0,11001000111100111101
21,0.0,11001000111100111101,0.0,11100000111100001100
21,0.0,11100000111100001100,0.0,10101000011101010111
21,0.0,10101000011101010111,0.0,10100001010101010110
21,0.0,10100001010101010110,0.0,10100001110101100100
21,0.0,10100001110101100100,0.0,10111000011001000101
21,0.0,10111000011001000101,0.0,10101010001101000101
21,0.0,10101010001101000101,0.0,10101110001011000101
21,0.0,10101110001011000101,0.0,10101010001101000101
21,0.0,10101010001101000101,0.0,11100010001001000100
21,0.0,11100010001001000100,0.0,11100010111001000000
21,0.0,11100010111001000000,0.0,11100001011000100111
21,0.0,11100001011000100111,0.0,11101111010100100010
21,0.0,11101111010100100010,0.0,11001111010101100001
21,0.0,11001111010101100001,0.0,11000111101100100010
21,0.0,11000111101100100010,0.0,11001110111100100111
21,0.0,11001110111100100111,0.0,11001111011000000111
21,0.0,11001111011000000111,0.0,11001101011001000111
21,0.0,11001101011001000111,0.0,11001101011001000111
21,0.0,11001101011001000111,0.0,11001101011001000111
21,0.0,11001101011001000111,0.0,11010101010001000110
21,0.0,11010101010001000110,0.0,11010101010001000110
21,0.0,11010101010001000110,0.0,11010101001001000010
21,0.0,11010101001001000010,0.0,11010001101001000000
21,0.0,11010001101001000000,0.0,11010011101000000000
21,0.0,11010011101000000000,0.0,11010011101000000000
21,0.0,11010011101000000000,0.0,01011011111000000011
21,0.0,01011011111000000011,0.0,01011011001000001001
21,0.0,01011011001000001001,0.0,11010001001000011000
21,0.0,11010001001000011000,0.0,00011011001000011011
21,0.0,00011011001000011011,0.0,00011001001000111111
21,0.0,00011001001000111111,0.0,10111000001000011110
21,0.0,10111000001000011110,0.0,11101010001000001111
21,0.0,11101010001000001111,0.0,11100110000100011101
21,0.0,11100110000100011101,0.0,11111100000000111101
21,0.0,11111100000000111101,0.0,11110100010000011101
21,0.0,11110100010000011101,0.0,01101110001000011101
21,0.0,01101110001000011101,0.0,01110110000000011100
21,0.0,01110110000000011100,0.0,01110110000000011100
21,0.0,01110110000000011100,0.0,01010110101000110101
21,0.0,01010110101000110101,0.0,01010110101000110101
21,0.0,01010110101000110101,0.0,01001110101010111100
21,0.0,01001110101010111100,0.0,00001111101010111011
21,0.0,00001111101010111011,0.0,00001111111000111010
21,0.0,00001111111000111010,0.0,00000111111000101100
21,0.0,00000111111000101100,0.0,01000111011000001100
21,0.0,01000111011000001100,0.0,01001010101100111100
21,0.0,01001010101100111100,0.0,01001010101101011000
21,0.0,01001010101101011000,0.0,00000010101101011100
21,0.0,00000010101101011100,0.0,00000110001101011110
21,0.0,00000110001101011110,0.0,01001110001101011010
21,0.0,01001110001101011010,0.0,01001010101101011000
21,0.0,01001010101101011000,0.0,11000110101010111011
21,0.0,11000110101010111011,0.0,11000010101000111100
21,0.0,11000010101000111100,0.0,11000010101000111100
21,0.0,11000010101000111100,0.0,11000000101001111100
21,0.0,11000000101001111100,0.0,01001100101011111100
21,0.0,01001100101011111100,0.0,01000100111110111111
21,0.0,01000100111110111111,0.0,00010100111010111111
21,0.0,00010100111010111111,0.0,00010110111000101100
21,0.0,00010110111000101100,0.0,00011110101001100110
21,0.0,00011110101001100110,0.0,00110010101001100010
21,0.0,00110010101001100010,0.0,00111010001100100111
21,0.0,00111010001100100111,0.0,00111010011000010110
21,0.0,00111010011000010110,0.0,00111010011000010110
21,0.0,00111010011000010110,0.0,00111010011000010110
21,0.0,00111010011000010110,0.0,00111010011000010110
21,0.0,00111010011000010110,0.0,10111100011010010100
21,0.0,10111100011010010100,0.0,10111100111000010101
21,0.0,10111100111000010101,0.0,10111100111000010101
21,0.0,10111100111000010101,0.0,00111001001010010100
21,0.0,00111001001010010100,0.0,00111101001000010111
21,0.0,00111101001000010111,0.0,00110101011010000100
21,0.0,00110101011010000100,0.0,00110001011010110001
21,0.0,00110001011010110001,0.0,00110101011010000100
21,0.0,00110101011010000100,0.0,00110101111000000101
21,0.0,00110101111000000101,0.0,00110001011100000100
21,0.0,00110001011100000100,0.0,00111001011000100111
21,0.0,00111001011000100111,0.0,00111001011000100111
21,0.0,00111001011000100111,0.0,00111001011000100111
21,0.0,00111001011000100111,0.0,01111001010000001110
21,0.0,01111001010000001110,0.0,01011001010001001101
21,0.0,01011001010001001101,0.0,01110101000001001001
21,0.0,01110101000001001001,0.0,01110101000100011000
21,0.0,01110101000100011000,0.0,01110101000100011000
21,0.0,01110101000100011000,0.0,01110101000001001001
21,0.0,01110101000001001001,0.0,01011001010001001101
21,0.0,01011001010001001101,0.0,11010101010001001000
21,0.0,11010101010001001000,0.0,11010111010000001000
21,0.0,11010111010000001000,0.0,01011011010000001101
21,0.0,01011011010000001101,0.0,01011111010100000110
21,0.0,01011111010100000110,0.0,01011111000110000111
21,0.0,01011111000110000111,0.0,01011111000110000111
21,0.0,01011111000110000111,0.0,11010110100110100111
21,0.0,11010110100110100111,0.0,11010110101100100010
21,0.0,11010110101100100010,0.0,11010001101100100011
21,0.0,11010001101100100011,0.0,11010101101010100011
21,0.0,11010101101010100011,0.0,11010101110010100111
21,0.0,11010101110010100111,0.0,01011111110010000100
21,0.0,01011111110010000100,0.0,01011011110100000100
21,0.0,01011011110100000100,0.0,01011011100110000101
21,0.0,01011011100110000101,0.0,01011111000110000111
21,0.0,01011111000110000111,0.0,01011111000110000111
21,0.0,01011111000110000111,0.0,01010111100010100110
21,0.0,01010111100010100110,0.0,11010110100110100111
21,0.0,11010110100110100111,0.0,11000110100110111100
21,0.0,11000110100110111100,0.0,10000111100010111100
21,0.0,10000111100010111100,0.0,10000101100011111100
21,0.0,10000101100011111100,0.0,00001101110011111111
21,0.0,00001101110011111111,0.0,00001101110011111111
21,0.0,00001101110011111111,0.0,01000101010111110111
21,0.0,01000101010111110111,0.0,01001101110111010110
21,0.0,01001101110111010110,0.0,01000001110111110101
21,0.0,01000001110111110101,0.0,01000011110111010001
21,0.0,01000011110111010001,0.0,01000011110111010001
21,0.0,01000011110111010001,0.0,01001011100111110001
21,0.0,01001011100111110001,0.0,01011010100001111010
21,0.0,01011010100001111010,0.0,11010010110001110000
21,0.0,11010010110001110000,0.0,11011010110011100010
21,0.0,11011010110011100010,0.0,11101010110011010011
21,0.0,11101010110011010011,0.0,00101110111011010010
21,0.0,00101110111011010010,0.0,00101010111101010010
21,0.0,00101010111101010010,0.0,00101110111101100010
21,0.0,00101110111101100010,0.0,00101110111101100010
22,14.0,11101100010101011011,0.0,11100100010111010110
22,0.0,11100100010111010110,0.0,10100100110111110110
22,0.0,10100100110111110110,0.0,10100100110111110110
22,0.0,10100100110111110110,0.0,10011100110111010111
22,0.0,10011100110111010111,0.0,11011100111110010011
22,0.0,11011100111110010011,0.0,00111100111110110010
22,0.0,00111100111110110010,0.0,00111100111110001011
22,0.0,00111100111110001011,0.0,00110100111111000000
22,0.0,00110100111111000000,0.0,00110100001111000100
22,0.0,00110100001111000100,0.0,01011100011111010001
22,0.0,01011100011111010001,0.0,01011100011111010001
22,0.0,01011100011111010001,0.0,01011100011111010001
22,0.0,01011100011111010001,0.0,00011110001111010001
22,0.0,00011110001111010001,0.0,00111110000111000100
22,0.0,00111110000111000100,0.0,00111011000110000101
22,0.0,00111011000110000101,0.0,10101011000100001111
22,0.0,10101011000100001111,0.0,11100011010100000100
22,0.0,11100011010100000100,0.0,11000011110100010110
22,0.0,11000011110100010110,0.0,11000011110100010110
22,0.0,11000011110100010110,0.0,01001111110110010110
22,0.0,01001111110110010110,0.0,10100011110010010100
22,0.0,10100011110010010100,0.0,10100011110010010100
22,0.0,10100011110010010100,0.0,10001111101010010100
22,0.0,10001111101010010100,0.0,10001101101110110111
22,0.0,10001101101110110111,0.0,10001101101110110111
22,0.0,10001101101110110111,0.0,11001001101110010101
22,0.0,11001001101110010101,0.0,01000101111110010110
22,0.0,01000101111110010110,0.0,01001101110111010110
22,0.0,01001101110111010110,0.0,01001101110111010110
22,0.0,01001101110111010110,0.0,11000001100111010111
22,0.0,11000001100111010111,0.0,11000011100011110001
22,0.0,11000011100011110001,0.0,11101000000011111101
22,0.0,11101000000011111101,0.0,11000100100111111100
22,0.0,11000100100111111100,0.0,10010100100011111100
22,0.0,10010100100011111100,0.0,10010100100011111100
22,0.0,10010100100011111100,0.0,10110000000110111101
22,0.0,10110000000110111101,0.0,10111000100110011100
22,0.0,10111000100110011100,0.0,10110010000110010111
22,0.0,10110010000110010111,0.0,11110010000110000101
22,0.0,11110010000110000101,0.0,10110010010100010110
22,0.0,10110010010100010110,0.0,10111010000100110110
22,0.0,10111010000100110110,0.0,11101011000100100100
22,0.0,11101011000100100100,0.0,11001011100100110110
22,0.0,11001011100100110110,0.0,11001011100100110110
22,0.0,11001011100100110110,0.0,01101111100000110110
22,0.0,01101111100000110110,0.0,01000111101000110101
22,0.0,01000111101000110101,0.0,01000011100010111111
22,0.0,01000011100010111111,0.0,01010001100010111100
22,0.0,01010001100010111100,0.0,01110001000000011101
22,0.0,01110001000000011101,0.0,01110001000000011101
22,0.0,01110001000000011101,0.0,01110101000001001001
22,0.0,01110101000001001001,0.0,00110101100001101001
22,0.0,00110101100001101001,0.0,01111010000001101000
22,0.0,01111010000001101000,0.0,00110010000001101100
22,0.0,00110010000001101100,0.0,00110010000101101011
22,0.0,00110010000101101011,0.0,00110110000011101011
22,0.0,00110110000011101011,0.0,01100110110011101000
22,0.0,01100110110011101000,0.0,11100110100011001010
22,0.0,11100110100011001010,0.0,01110010000011001001
22,0.0,01110010000011001001,0.0,01110110000111000010
22,0.0,01110110000111000010,0.0,01110110100101000011
22,0.0,01110110100101000011,0.0,01011010100111110001
22,0.0,01011010100111110001,0.0,00010110110111110011
22,0.0,00010110110111110011,0.0,00010110110111110011
22,0.0,00010110110111110011,0.0,00010110101011110000
22,0.0,00010110101011110000,0.0,00010110101011110000
22,0.0,00010110101011110000,0.0,00010110101110011000
22,0.0,00010110101110011000,0.0,00010110101110011000
22,0.0,00010110101110011000,0.0,01001110101110111011
22,0.0,01001110101110111011,0.0,01011110101110010010
22,0.0,01011110101110010010,0.0,00011110111110110001
22,0.0,00011110111110110001,0.0,00011110111110110001
22,0.0,00011110111110110001,0.0,00011110111110110001
22,0.0,00011110111110110001,0.0,00011110101010111011
22,0.0,00011110101010111011,0.0,00010110011110101010
22,0.0,00010110011110101010,0.0,00010110011110101010
22,0.0,00010110011110101010,0.0,00010010011110011010
22,0.0,00010010011110011010,0.0,00010000011111011010
22,0.0,00010000011111011010,0.0,00010010011110011010
22,0.0,00010010011110011010,0.0,00011011011100010001
22,0.0,00011011011100010001,0.0,00100011011100110000
22,0.0,00100011011100110000,0.0,00100011011100110000
22,0.0,00100011011100110000,0.0,00100011011100110000
22,0.0,00100011011100110000,0.0,00100011011100110000
22,0.0,00100011011100110000,0.0,01100111011000010001
22,0.0,01100111011000010001,0.0,01100111011000010001
22,0.0,01100111011000010001,0.0,01101111010001010001
22,0.0,01101111010001010001,0.0,11111110000011000000
22,0.0,11111110000011000000,0.0,11101110000011101001
22,0.0,11101110000011101001,0.0,11101000100111110100
22,0.0,11101000100111110100,0.0,11100000110111010100
22,0.0,11100000110111010100,0.0,11101000110110011111
22,0.0,11101000110110011111,0.0,01101000010111011101
22,0.0,01101000010111011101,0.0,01101000100111011110
22,0.0,01101000100111011110,0.0,11100000100011011110
22,0.0,11100000100011011110,0.0,11100000010011011101
22,0.0,11100000010011011101,0.0,11000000010111111110
22,0.0,11000000010111111110,0.0,11000001010011101100
22,0.0,11000001010011101100,0.0,00101101010011101101
22,0.0,00101101010011101101,0.0,00101101010011101101
22,0.0,00101101010011101101,0.0,00101101010110111100
22,0.0,00101101010110111100,0.0,00101001011100111011
22,0.0,00101001011100111011,0.0,00110011110100100010
22,0.0,00110011110100100010,0.0,00110001110101100010
22,0.0,00110001110101100010,0.0,10010001100101101001
22,0.0,10010001100101101001,0.0,10010101000101101011
22,0.0,10010101000101101011,0.0,10000011000111101011
22,0.0,10000011000111101011,0.0,10101011000001101001
22,0.0,10101011000001101001,0.0,10100011001000101001
22,0.0,10100011001000101001,0.0,10100110001010111011
22,0.0,10100110001010111011,0.0,10100110001010111011
22,0.0,10100110001010111011,0.0,10100110011000111010
22,0.0,10100110011000111010,0.0,00111100011010111011
22,0.0,00111100011010111011,0.0,01011100111010111011
22,0.0,01011100111010111011,0.0,01010100111010101101
22,0.0,01010100111010101101,0.0,00010110101010101101
22,0.0,00010110101010101101,0.0,01010110001010001101
22,0.0,01010110001010001101,0.0,01011110101010100111
22,0.0,01011110101010100111,0.0,01011110101010100111
22,0.0,01011110101010100111,0.0,01010110001010110100
22,0.0,01010110001010110100,0.0,01011110001000101100
22,0.0,01011110001000101100,0.0,01010110000001101110
22,0.0,01010110000001101110,0.0,01010110000001101110
22,0.0,01010110000001101110,0.0,01001110001001101111
22,0.0,01001110001001101111,0.0,01001110001001101111
22,0.0,01001110001001101111,0.0,01001010101001101101
22,0.0,01001010101001101101,0.0,01000011100001101100
22,0.0,01000011100001101100,0.0,01001110110101101100
22,0.0,01001110110101101100,0.0,00001011100101101101
22,0.0,00001011100101101101,0.0,00001111110001101100
22,0.0,00001111110001101100,0.0,10000011110011101000
22,0.0,10000011110011101000,0.0,10000011110011101000
22,0.0,10000011110011101000,0.0,11000111110010011000
22,0.0,11000111110010011000,0.0,11010101010010011011
22,0.0,11010101010010011011,0.0,10110001010010011001
22,0.0,10110001010010011001,0.0,01110001010010011000
22,0.0,01110001010010011000,0.0,00111001010110011001
22,0.0,00111001010110011001,0.0,00110001110010111000
22,0.0,00110001110010111000,0.0,00110001110010111000
22,0.0,00110001110010111000,0.0,00011101110010111100
22,0.0,00011101110010111100,0.0,00011101110110111011
22,0.0,00011101110110111011,0.0,00011101110110111011
22,0.0,00011101110110111011,0.0,10010001110100111011
22,0.0,10010001110100111011,0.0,10010001000100111111
22,0.0,10010001000100111111,0.0,10010101100110110110
22,0.0,10010101100110110110,0.0,10010101100110110110
22,0.0,10010101100110110110,0.0,10010101100011100111
22,0.0,10010101100011100111,0.0,11011101100011100011
22,0.0,11011101100011100011,0.0,11010101100001110001
23,2.0,11010000001101001010,2.0,11010100011001001010
23,2.0,11010100011001001010,2.0,11000101011001001010
23,2.0,11000101011001001010,2.0,11010001011000001010
23,2.0,11010001011000001010,0.0,11010001101001000000
23,0.0,11010001101001000000,0.0,11001101110111000101
23,0.0,11001101110111000101,0.0,10000101111101000100
23,0.0,10000101111101000100,0.0,10000101111101000100
23,0.0,10000101111101000100,0.0,10000101111101000100
23,0.0,10000101111101000100,0.0,10001111110101000100
23,0.0,10001111110101000100,0.0,10001111111100010010
23,0.0,10001111111100010010,0.0,10001111111100010010
23,0.0,10001111111100010010,0.0,10001111101110010011
23,0.0,10001111101110010011,0.0,10001101101111010011
23,0.0,10001101101111010011,0.0,10001100011111111010
23,0.0,10001100011111111010,0.0,00101100011101111010
23,0.0,00101100011101111010,0.0,00101100011101111010
23,0.0,00101100011101111010,0.0,10001100011111111010
23,0.0,10001100011111111010,0.0,11000100110011111111
23,0.0,11000100110011111111,0.0,11000100101011111011
23,0.0,11000100101011111011,0.0,01001100101111111011
23,0.0,01001100101111111011,0.0,01001100110111111111
23,0.0,01001100110111111111,0.0,01000100111110111111
23,0.0,01000100111110111111,0.0,01101000111110110111
23,0.0,01101000111110110111,0.0,00111000101110110100
23,0.0,00111000101110110100,0.0,10011100101110110111
23,0.0,10011100101110110111,0.0,11011100001110010111
23,0.0,11011100001110010111,0.0,00010100001011011111
23,0.0,00010100001011011111,0.0,00010110001010011111
23,0.0,00010110001010011111,0.0,00001010001011111110
23,0.0,00001010001011111110,0.0,00011010000101011111
23,0.0,00011010000101011111,0.0,00010010010001111101
23,0.0,00010010010001111101,0.0,01011010010001110111
23,0.0,01011010010001110111,0.0,01011010010001110111
23,0.0,01011010010001110111,0.0,01100110000001011111
23,0.0,01100110000001011111,0.0,01100110010010111110
23,0.0,01100110010010111110,0.0,01100010000110111111
23,0.0,01100010000110111111,0.0,11000101000110111111
23,0.0,11000101000110111111,0.0,11000101010100111110
23,0.0,11000101010100111110,0.0,11000101010100111110
23,0.0,11000101010100111110,0.0,11000001110100111100
23,0.0,11000001110100111100,0.0,01100101110000111100
23,0.0,01100101110000111100,0.0,01001111110010101101
23,0.0,01001111110010101101,0.0,01001111110011000111
23,0.0,01001111110011000111,0.0,01011101110011000100
23,0.0,01011101110011000100,0.0,01010001100011010110
23,0.0,01010001100011010110,0.0,00110111000011000010
23,0.0,00110111000011000010,0.0,10110011001000000000
23,0.0,10110011001000000000,0.0,10110011001000000000
23,0.0,10110011001000000000,0.0,10110011001000000000
23,0.0,10110011001000000000,0.0,10110011001000000000
23,0.0,10110011001000000000,0.0,10101011101000001000
23,0.0,10101011101000001000,0.0,10100010111000111000
23,0.0,10100010111000111000,0.0,10001110111100111011
23,0.0,10001110111100111011,0.0,10001110111100111011
23,0.0,10001110111100111011,0.0,00001111110101101011
23,0.0,00001111110101101011,0.0,00001111110001101100
23,0.0,00001111110001101100,0.0,00001110110101111110
23,0.0,00001110110101111110,0.0,00001110101101111010
23,0.0,00001110101101111010,0.0,00001110101101111010
23,0.0,00001110101101111010,0.0,00000110101110111111
23,0.0,00000110101110111111,0.0,00000110101110111111
23,0.0,00000110101110111111,0.0,01001110110110111111
23,0.0,01001110110110111111,0.0,11000101110010111100
23,0.0,11000101110010111100,0.0,11010101110010101001
23,0.0,11010101110010101001,0.0,10010101110001101000
23,0.0,10010101110001101000,0.0,10010101110001101000
23,0.0,10010101110001101000,0.0,11000101110101101000
23,0.0,11000101110101101000,0.0,11000101110101101000
23,0.0,11000101110101101000,0.0,01110101110000101001
23,0.0,01110101110000101001,0.0,11111100110000111001
23,0.0,11111100110000111001,0.0,11011010110000111011
23,0.0,11011010110000111011,0.0,11011010110000111011
23,0.0,11011010110000111011,0.0,11001110110001111010
23,0.0,11001110110001111010,0.0,10101010110001111000
23,0.0,10101010110001111000,0.0,10101010011001110001
23,0.0,10101010011001110001,0.0,00100010111011110001
23,0.0,00100010111011110001,0.0,00100010111011110001
23,0.0,00100010111011110001,0.0,00101000101111111001
23,0.0,00101000101111111001,0.0,00101000101111111001
23,0.0,00101000101111111001,0.0,01100000101011111000
23,0.0,01100000101011111000,0.0,01110010000011001001
23,0.0,01110010000011001001,0.0,01110000000011101101
23,0.0,01110000000011101101,0.0,01010100101111000100
23,0.0,01010100101111000100,0.0,01000100001111011111
23,0.0,01000100001111011111,0.0,01000100001111011111
23,0.0,01000100001111011111,0.0,11001000001101011101
23,0.0,11001000001101011101,0.0,11000000101001111100
23,0.0,11000000101001111100,0.0,11000000101001111100
23,0.0,11000000101001111100,0.0,10000010111001110101
23,0.0,10000010111001110101,0.0,01000010111001110100
23,0.0,01000010111001110100,0.0,01000010111001110100
23,0.0,01000010111001110100,0.0,01000010001101110111
23,0.0,01000010001101110111,0.0,01010010001101010000
23,0.0,01010010001101010000,0.0,11011010010101010001
23,0.0,11011010010101010001,0.0,11011000010101110101
23,0.0,11011000010101110101,0.0,01010000001101110100
23,0.0,01010000001101110100,0.0,11011000001101110001
23,0.0,11011000001101110001,0.0,11110000011001000011
23,0.0,11110000011001000011,0.0,11110010011000000011
23,0.0,11110010011000000011,0.0,11101010111000001011
23,0.0,11101010111000001011,0.0,11100011011000000011
23,0.0,11100011011000000011,0.0,11100011001100000000
23,0.0,11100011001100000000,0.0,11100011001100000000
23,0.0,11100011001100000000,0.0,11101001001100110010
23,0.0,11101001001100110010,0.0,11101001001100110010
23,0.0,11101001001100110010,0.0,11100001001100100100
23,0.0,11100001001100100100,0.0,01100001001100001110
23,0.0,01100001001100001110,0.0,11100000111100001100
23,0.0,11100000111100001100,0.0,10100101110110001100
23,0.0,10100101110110001100,0.0,10101001100110011100
23,0.0,10101001100110011100,0.0,10101000100111011111
23,0.0,10101000100111011111,0.0,11100100100011101110
23,0.0,11100100100011101110,0.0,01101100100111101110
23,0.0,01101100100111101110,0.0,01101000100111011110
23,0.0,01101000100111011110,0.0,01001010100111011101
23,0.0,01001010100111011101,0.0,00011010100011011101
23,0.0,00011010100011011101,0.0,00110110100001011000
23,0.0,00110110100001011000,0.0,00110110100001011000
23,0.0,00110110100001011000,0.0,01101110100001111011
23,0.0,01101110100001111011,0.0,01101100111001011001
23,0.0,01101100111001011001,0.0,01110100110000111100
23,0.0,01110100110000111100,0.0,01011100011000111110
23,0.0,01011100011000111110,0.0,10011100011000111111
23,0.0,10011100011000111111,0.0,00001101111001111010
23,0.0,00001101111001111010,0.0,00011001111000111011
23,0.0,00011001111000111011,0.0,00010001011000011111
23,0.0,00010001011000011111,0.0,00010101101000011101
23,0.0,00010101101000011101,0.0,00000101011001011110
23,0.0,00000101011001011110,0.0,00000001111001011100
23,0.0,00000001111001011100,0.0,00000001101011011101
23,0.0,00000001101011011101,0.0,00000001101011011101
23,0.0,00000001101011011101,0.0,00000010101101011100
23,0.0,00000010101101011100,0.0,01000010101110011101
23,0.0,01000010101110011101,0.0,01000110001110011111
23,0.0,01000110001110011111,0.0,01100011000110011000
23,0.0,01100011000110011000,0.0,00100111000110111010
23,0.0,00100111000110111010,0.0,00100111000110111010
23,0.0,00100111000110111010,0.0,00100111000110111010
23,0.0,00100111000110111010,0.0,11100100001110111000
23,0.0,11100100001110111000,0.0,01101000111110111001
23,0.0,01101000111110111001,0.0,00101100111110011110
23,0.0,00101100111110011110,0.0,00111100001110001111
23,0.0,00111100001110001111,0.0,00111100001110001111
23,0.0,00111100001110001111,0.0,00110100001100011101
23,0.0,00110100001100011101,0.0,10011100000111011101
23,0.0,10011100000111011101,0.0,10010110010011010101
23,0.0,10010110010011010101,0.0,11011110010011010001
23,0.0,11011110010011010001,0.0,01011110110011110000
23,0.0,01011110110011110000,0.0,01010100111011110000
23,0.0,01010100111011110000,0.0,00010011101010110001
23,0.0,00010011101010110001,0.0,00110010001110110001
23,0.0,00110010001110110001,0.0,01111010010110110001
23,0.0,01111010010110110001,0.0,10110100010110111011
24,2.0,10000111100001110111,0.0,10000101100011111100
24,0.0,10000101100011111100,0.0,00100101100001111100
24,0.0,00100101100001111100,0.0,00011001110101011000
24,0.0,00011001110101011000,0.0,00011000010111111110
24,0.0,00011000010111111110,0.0,01011010110100101101
24,0.0,01011010110100101101,0.0,01011010101100101001
24,0.0,01011010101100101001,0.0,01001010101101011000
24,0.0,01001010101101011000,0.0,00001010101001111111
24,0.0,00001010101001111111,0.0,00001110101101111010
24,0.0,00001110101101111010,0.0,10001100001101111111
24,0.0,10001100001101111111,0.0,00000100111101111110
24,0.0,00000100111101111110,0.0,00000001111100111111
24,0.0,00000001111100111111,0.0,00000110111100111110
24,0.0,00000110111100111110,0.0,10000110111100101101
24,0.0,10000110111100101101,0.0,11001110111100100111
24,0.0,11001110111100100111,0.0,11001100111101100111
24,0.0,11001100111101100111,0.0,11000100101101001110
24,0.0,11000100101101001110,0.0,01000100111101101100
24,0.0,01000100111101101100,0.0,01001000111111001110
24,0.0,01001000111111001110,0.0,01001000111111001110
24,0.0,01001000111111001110,0.0,11011000011011000100
24,0.0,11011000011011000100,0.0,11010001000101000111
24,0.0,11010001000101000111,0.0,11010001000101001001
24,0.0,11010001000101001001,0.0,01110101000001001001
24,0.0,01110101000001001001,0.0,01110101000001000111
24,0.0,01110101000001000111,0.0,01110101000001000111
24,0.0,01110101000001000111,0.0,01010101100011100110
24,0.0,01010101100011100110,0.0,00110001100011100100
24,0.0,00110001100011100100,0.0,00110000100111110110
24,0.0,00110000100111110110,0.0,00110000100111110110
24,0.0,00110000100111110110,0.0,00101000101111110111
24,0.0,00101000101111110111,0.0,00100010111011110001
24,0.0,00100010111011110001,0.0,00000111101011110000
24,0.0,00000111101011110000,0.0,00100010111011110001
24,0.0,00100010111011110001,0.0,00100010011001110100
24,0.0,00100010011001110100,0.0,00101010111001100111
24,0.0,00101010111001100111,0.0,11100000111001100100
24,0.0,11100000111001100100,0.0,01100001001001100110
24,0.0,01100001001001100110,0.0,01000001001101110100
24,0.0,01000001001101110100,0.0,01001001101101100111
24,0.0,01001001101101100111,0.0,01001101111001100110
24,0.0,01001101111001100110,0.0,01000101011100101111
24,0.0,01000101011100101111,0.0,01000101011101001011
24,0.0,01000101011101001011,0.0,00000101011111101010
24,0.0,00000101011111101010,0.0,01000001011110101100
24,0.0,01000001011110101100,0.0,01000001111100101101
24,0.0,01000001111100101101,0.0,00001011101100111011
24,0.0,00001011101100111011,0.0,00001011101100111011
24,0.0,00001011101100111011,0.0,10000011100100111100
24,0.0,10000011100100111100,0.0,10000011100100111100
24,0.0,10000011100100111100,0.0,01001011110100101101
24,0.0,01001011110100101101,0.0,01001011110100101101
24,0.0,01001011110100101101,0.0,01010011100100101000
24,0.0,01010011100100101000,0.0,01010011100100101000
24,0.0,01010011100100101000,0.0,01010111000100101010
24,0.0,01010111000100101010,0.0,01010111000100101010
24,0.0,01010111000100101010,0.0,00011011101000101001
24,0.0,00011011101000101001,0.0,01001111111000101000
24,0.0,01001111111000101000,0.0,01001011110100101101
24,0.0,01001011110100101101,0.0,01001011110100101101
24,0.0,01001011110100101101,0.0,00001011110100111111
24,0.0,00001011110100111111,0.0,01100101110000111100
24,0.0,01100101110000111100,0.0,01001101111010111011
24,0.0,01001101111010111011,0.0,01001101111010111011
24,0.0,01001101111010111011,0.0,01001101111010111011
24,0.0,01001101111010111011,0.0,11100000111010111001
24,0.0,11100000111010111001,0.0,11100001111010010000
24,0.0,11100001111010010000,0.0,01110001001010010010
24,0.0,01110001001010010010,0.0,01110001010010010110
24,0.0,01110001010010010110,0.0,01111011000010010010
24,0.0,01111011000010010010,0.0,01111011000010010010
24,0.0,01111011000010010010,0.0,11101011000110010011
24,0.0,11101011000110010011,0.0,11101011000110010011
24,0.0,11101011000110010011,0.0,11101011010100010010
24,0.0,11101011010100010010,0.0,11101011010100010010
24,0.0,11101011010100010010,0.0,11100011001100000000
24,0.0,11100011001100000000,0.0,00101011001101000011
24,0.0,00101011001101000011,0.0,00111010001101000011
24,0.0,00111010001101000011,0.0,01111000011101000011
24,0.0,01111000011101000011,0.0,11100000011111100010
24,0.0,11100000011111100010,0.0,11100100111110110010
24,0.0,11100100111110110010,0.0,11000100111111110001
24,0.0,11000100111111110001,0.0,11000100111111110001
24,0.0,11000100111111110001,0.0,11000100111111110001
24,0.0,11000100111111110001,0.0,11000100111111110001
24,0.0,11000100111111110001,0.0,11001000111101011001
24,0.0,11001000111101011001,0.0,11010000110101011000
24,0.0,11010000110101011000,0.0,11010000110100111100
24,0.0,11010000110100111100,0.0,11011000000001111111
24,0.0,11011000000001111111,0.0,10010100100011111100
24,0.0,10010100100011111100,0.0,11010000110001101101
24,0.0,11010000110001101101,0.0,01011001010001001101
24,0.0,01011001010001001101,0.0,11010000010011101100
24,0.0,11010000010011101100,0.0,11011000111001000101
24,0.0,11011000111001000101,0.0,11011010111000000101
24,0.0,11011010111000000101,0.0,11010010111010100010
24,0.0,11010010111010100010,0.0,11010110101010010010
24,0.0,11010110101010010010,0.0,01010011001010010001
24,0.0,01010011001010010001,0.0,11000111101010010010
24,0.0,11000111101010010010,0.0,11000111101010010010
24,0.0,11000111101010010010,0.0,10001111101010010100
24,0.0,10001111101010010100,0.0,00010111101010000100
24,0.0,00010111101010000100,0.0,00010110101011000111
24,0.0,00010110101011000111,0.0,01010110101110000100
24,0.0,01010110101110000100,0.0,01010110101110000100
24,0.0,01010110101110000100,0.0,11011100101110100101
24,0.0,11011100101110100101,0.0,00111100001110110110
24,0.0,00111100001110110110,0.0,11100000101110110100
24,0.0,11100000101110110100,0.0,01101101101100100101
24,0.0,01101101101100100101,0.0,01101001001110010100
24,0.0,01101001001110010100,0.0,01101101001100010111
24,0.0,01101101001100010111,0.0,01101101001100010111
24,0.0,01101101001100010111,0.0,01101101001100010111
24,0.0,01101101001100010111,0.0,01101101001100010111
24,0.0,01101101001100010111,0.0,01111100001100010111
24,0.0,01111100001100010111,0.0,01110100000100111111
24,0.0,01110100000100111111,0.0,00110010010000111110
24,0.0,00110010010000111110,0.0,00101110010110111111
24,0.0,00101110010110111111,0.0,10100110110110110110
24,0.0,10100110110110110110,0.0,10100111110010100100
24,0.0,10100111110010100100,0.0,10101010011110100100
24,0.0,10101010011110100100,0.0,11100010001100100111
24,0.0,11100010001100100111,0.0,01100011001000100110
24,0.0,01100011001000100110,0.0,01101011011000000100
24,0.0,01101011011000000100,0.0,01100011010001000110
24,0.0,01100011010001000110,0.0,00100011011001100001
24,0.0,00100011011001100001,0.0,00101111011000100110
24,0.0,00101111011000100110,0.0,00100011011100000111
24,0.0,00100011011100000111,0.0,10010001111100000101
24,0.0,10010001111100000101,0.0,10011001010100011101
24,0.0,10011001010100011101,0.0,10111001010000001111
24,0.0,10111001010000001111,0.0,11110001000100001010
24,0.0,11110001000100001010,0.0,10110001100100101010
24,0.0,10110001100100101010,0.0,00111001101000101010
24,0.0,00111001101000101010,0.0,00110001111000001010
24,0.0,00110001111000001010,0.0,00111001110001001010
25,2.0,10110000111011000011,2.0,10110000111011000010
25,2.0,10110000111011000010,2.0,00111000111011000100
25,2.0,00111000111011000100,2.0,00011000111111100101
25,2.0,00011000111111100101,2.0,00011000101101101100
25,2.0,00011000101101101100,2.0,10010000101101101010
25,2.0,10010000101101101010,0.0,00011000101101111011
25,0.0,00011000101101111011,0.0,10110000111001100011
25,0.0,10110000111001100011,0.0,11111000001001100011
25,0.0,11111000001001100011,0.0,11110000011001000011
25,0.0,11110000011001000011,0.0,11111010010001000011
25,0.0,11111010010001000011,0.0,11111010010001000011
25,0.0,11111010010001000011,0.0,11111010010001000011
25,0.0,11111010010001000011,0.0,11111110110000010011
25,0.0,11111110110000010011,0.0,11011011100010010011
25,0.0,11011011100010010011,0.0,11011011100010010011
25,0.0,11011011100010010011,0.0,11111101100010010001
25,0.0,11111101100010010001,0.0,11111001010010010011
25,0.0,11111001010010010011,0.0,11101111010010010010
25,0.0,11101111010010010010,0.0,11100111010110000011
25,0.0,11100111010110000011,0.0,01100011110110010010
25,0.0,01100011110110010010,0.0,01110010110110010010
25,0.0,01110010110110010010,0.0,11110110010110000011
25,0.0,11110110010110000011,0.0,11010110100111000011
25,0.0,11010110100111000011,0.0,11111110000110100011
25,0.0,11111110000110100011,0.0,11111110000110100011
25,0.0,11111110000110100011,0.0,11110100100110101010
25,0.0,11110100100110101010,0.0,11110100100110101010
25,0.0,11110100100110101010,0.0,11110100100110101010
25,0.0,11110100100110101010,0.0,01111101100100001011
25,0.0,01111101100100001011,0.0,01111101100100001011
25,0.0,01111101100100001011,0.0,01111101100000001100
25,0.0,01111101100000001100,0.0,01111100100001001111
25,0.0,01111100100001001111,0.0,01111110100000001111
25,0.0,01111110100000001111,0.0,01111010100010001100
25,0.0,01111010100010001100,0.0,01100101001010001110
25,0.0,01100101001010001110,0.0,00101101001011101001
25,0.0,00101101001011101001,0.0,00101101001011100111
25,0.0,00101101001011100111,0.0,11100100001011100111
25,0.0,11100100001011100111,0.0,11111100100001100101
25,0.0,11111100100001100101,0.0,11110100000101110001
25,0.0,11110100000101110001,0.0,11111100010101100010
25,0.0,11111100010101100010,0.0,11111100000111100011
25,0.0,11111100000111100011,0.0,01110100000111100110
25,0.0,01110100000111100110,0.0,01110010000011000111
25,0.0,01110010000011000111,0.0,11101010000011010111
25,0.0,11101010000011010111,0.0,11101010000011010111
25,0.0,11101010000011010111,0.0,11101010000011010111
25,0.0,11101010000011010111,0.0,11100110010011000111
25,0.0,11100110010011000111,0.0,11010010010011000110
25,0.0,11010010010011000110,0.0,11010010010011000110
25,0.0,11010010010011000110,0.0,11000011010011000110
25,0.0,11000011010011000110,0.0,11000011010011000110
25,0.0,11000011010011000110,0.0,11001111010010110101
25,0.0,11001111010010110101,0.0,11001111010010110101
25,0.0,11001111010010110101,0.0,11001101010011110101
25,0.0,11001101010011110101,0.0,11001101001110010111
25,0.0,11001101001110010111,0.0,00101001101110110100
25,0.0,00101001101110110100,0.0,10100001101110110011
25,0.0,10100001101110110011,0.0,10101001100111110011
25,0.0,10101001100111110011,0.0,10101001100111110011
25,0.0,10101001100111110011,0.0,10101011100101100000
25,0.0,10101011100101100000,0.0,10101011100101100000
25,0.0,10101011100101100000,0.0,11101001110101100000
25,0.0,11101001110101100000,0.0,11100001111100100000
25,0.0,11100001111100100000,0.0,10100011001000101001
25,0.0,10100011001000101001,0.0,00101111011000101000
25,0.0,00101111011000101000,0.0,00100111011010110000
25,0.0,00100111011010110000,0.0,10101111000010111000
25,0.0,10101111000010111000,0.0,10101111000010111000
25,0.0,10101111000010111000,0.0,10100101001010111000
25,0.0,10100101001010111000,0.0,10110100111010110010
25,0.0,10110100111010110010,0.0,11111100110001010011
25,0.0,11111100110001010011,0.0,11111100110001010011
25,0.0,11111100110001010011,0.0,11111100110001010011
25,0.0,11111100110001010011,0.0,10110100101001010011
25,0.0,10110100101001010011,0.0,10110100101001010011
25,0.0,10110100101001010011,0.0,10111110100001010011
25,0.0,10111110100001010011,0.0,10111110100011100000
25,0.0,10111110100011100000,0.0,10111110000101100010
25,0.0,10111110000101100010,0.0,10111110000101100010
25,0.0,10111110000101100010,0.0,10111110000101100010
25,0.0,10111110000101100010,0.0,11111000010101010010
25,0.0,11111000010101010010,0.0,11111000000111010011
25,0.0,11111000000111010011,0.0,10111100110110011010
25,0.0,10111100110110011010,0.0,10110000011110001010
25,0.0,10110000011110001010,0.0,10011000011110111011
25,0.0,10011000011110111011,0.0,10010100100111111011
25,0.0,10010100100111111011,0.0,10010110100110111011
25,0.0,10010110100110111011,0.0,10010011100100101001
25,0.0,10010011100100101001,0.0,10101001110100101111
25,0.0,10101001110100101111,0.0,11101001010100001111
25,0.0,11101001010100001111,0.0,11101000100111001101
25,0.0,11101000100111001101,0.0,11101000100111001101
25,0.0,11101000100111001101,0.0,11011000000111001110
25,0.0,11011000000111001110,0.0,11011010000110001110
25,0.0,11011010000110001110,0.0,11000010010110111110
25,0.0,11000010010110111110,0.0,11000010010110111110
25,0.0,11000010010110111110,0.0,11000000010111111110
25,0.0,11000000010111111110,0.0,10010000010011111110
25,0.0,10010000010011111110,0.0,10000001010011111110
25,0.0,10000001010011111110,0.0,10000011010011011010
25,0.0,10000011010011011010,0.0,10000011010011011010
25,0.0,10000011010011011010,0.0,10000011010011011010
25,0.0,10000011010011011010,0.0,00100011010001011010
25,0.0,00100011010001011010,0.0,10000011000001011111
25,0.0,10000011000001011111,0.0,10000011000001011111
25,0.0,10000011000001011111,0.0,10001011100001111011
25,0.0,10001011100001111011,0.0,00000011100001111110
25,0.0,00000011100001111110,0.0,00000011100001111110
25,0.0,00000011100001111110,0.0,00100011100011100111
25,0.0,00100011100011100111,0.0,00101011101010100101
25,0.0,00101011101010100101,0.0,10100011100110100101
25,0.0,10100011100110100101,0.0,10100011100110100101
25,0.0,10100011100110100101,0.0,11111010100110100001
25,0.0,11111010100110100001,0.0,11111010100110100001
25,0.0,11111010100110100001,0.0,01110010100110100100
25,0.0,01110010100110100100,0.0,01110000100111100100
25,0.0,01110000100111100100,0.0,01110010100110100100
25,0.0,01110010100110100100,0.0,01110010100110100100
25,0.0,01110010100110100100,0.0,01111000100110101111
25,0.0,01111000100110101111,0.0,01111010100110001011
25,0.0,01111010100110001011,0.0,00110010100110001111
25,0.0,00110010100110001111,0.0,00110000100111001111
25,0.0,00110000100111001111,0.0,00110001100110001100
25,0.0,00110001100110001100,0.0,00111000101110001101
25,0.0,00111000101110001101,0.0,00111000111100001100
25,0.0,00111000111100001100,0.0,00110000011100101101
25,0.0,00110000011100101101,0.0,01111000011100101001
25,0.0,01111000011100101001,0.0,01111000011100101001
25,0.0,01111000011100101001,0.0,01111000011100101001
25,0.0,01111000011100101001,0.0,01111000011100101001
25,0.0,01111000011100101001,0.0,01111000011100101001
25,0.0,01111000011100101001,0.0,01111000010111110001
25,0.0,01111000010111110001,0.0,11110000010101000100
25,0.0,11110000010101000100,0.0,10110000010101010110
25,0.0,10110000010101010110,0.0,10110000010101010110
25,0.0,10110000010101010110,0.0,00111100010111010110
25,0.0,00111100010111010110,0.0,10110100110001010111
25,0.0,10110100110001010111,0.0,10110000110011010100
25,0.0,10110000110011010100,0.0,10011001110101000101
26,2.0,10010100110110111110,2.0,10111100010110111010
26,2.0,10111100010110111010,2.0,10111100010110111010
26,2.0,10111100010110111010,2.0,10110100010100011110
26,2.0,10110100010100011110,2.0,10111001000000011101
26,2.0,10111001000000011101,2.0,10110101000010110100
26,2.0,10110101000010110100,0.0,10111110000010110110
26,0.0,10111110000010110110,0.0,00111010001010010111
26,0.0,00111010001010010111,0.0,11111010000010010100
26,0.0,11111010000010010100,0.0,11101010100110110100
26,0.0,11101010100110110100,0.0,11100110100010101110
26,0.0,11100110100010101110,0.0,11100110100010101110
26,0.0,11100110100010101110,0.0,11000110001000111110
26,0.0,11000110001000111110,0.0,11000110101010111011
26,0.0,11000110101010111011,0.0,11010100101010111000
26,0.0,11010100101010111000,0.0,11011100100110011110
26,0.0,11011100100110011110,0.0,11111000000110110111
26,0.0,11111000000110110111,0.0,11010100000110111111
26,0.0,11010100000110111111,0.0,01010100010111110111
26,0.0,01010100010111110111,0.0,00010101000111110100
26,0.0,00010101000111110100,0.0,00010101100101110101
26,0.0,00010101100101110101,0.0,00010101000111110100
26,0.0,00010101000111110100,0.0,10010101100110110110
26,0.0,10010101100110110110,0.0,10001010111110110110
26,0.0,10001010111110110110,0.0,00001111111110110001
26,0.0,00001111111110110001,0.0,00010101001110011011
26,0.0,00010101001110011011,0.0,00010101001110011011
26,0.0,00010101001110011011,0.0,00010001101110011001
26,0.0,00010001101110011001,0.0,00010001001100011100
26,0.0,00010001001100011100,0.0,00000001001101011111
26,0.0,00000001001101011111,0.0,01001100001101111110
26,0.0,01001100001101111110,0.0,00000110001101011110
26,0.0,00000110001101011110,0.0,00000110001101011110
26,0.0,00000110001101011110,0.0,01001110001101011010
26,0.0,01001110001101011010,0.0,01000011001101010000
26,0.0,01000011001101010000,0.0,01010010001101010000
26,0.0,01010010001101010000,0.0,01010010001101010000
26,0.0,01010010001101010000,0.0,01010110001011010000
26,0.0,01010110001011010000,0.0,01010110001011010000
26,0.0,01010110001011010000,0.0,01010110101001010001
26,0.0,01010110101001010001,0.0,01110110100010011001
26,0.0,01110110100010011001,0.0,01110010100100011001
26,0.0,01110010100100011001,0.0,01110110000100011011
26,0.0,01110110000100011011,0.0,01011010010100011111
26,0.0,01011010010100011111,0.0,01010000011110101100
26,0.0,01010000011110101100,0.0,01010000011111001000
26,0.0,01010000011111001000,0.0,01011101010101001000
26,0.0,01011101010101001000,0.0,01001101110111011000
26,0.0,01001101110111011000,0.0,01001101110111011000
26,0.0,01001101110111011000,0.0,01011101110110101001
26,0.0,01011101110110101001,0.0,00010101110110101101
26,0.0,00010101110110101101,0.0,00010101110110101101
26,0.0,00010101110110101101,0.0,00010111110110001001
26,0.0,00010111110110001001,0.0,00011111110100101000
26,0.0,00011111110100101000,0.0,00011001110100111100
26,0.0,00011001110100111100,0.0,10011001100100011110
26,0.0,10011001100100011110,0.0,10011001100100011110
26,0.0,10011001100100011110,0.0,10010101100110110110
26,0.0,10010101100110110110,0.0,10001101101110110111
26,0.0,10001101101110110111,0.0,10100101001010110110
26,0.0,10100101001010110110,0.0,10110001001000100100
26,0.0,10110001001000100100,0.0,10110001001001000000
26,0.0,10110001001001000000,0.0,00101101001011101001
26,0.0,00101101001011101001,0.0,00111101001011000000
26,0.0,00111101001011000000,0.0,01111100011011000011
26,0.0,01111100011011000011,0.0,01110100110111100010
26,0.0,01110100110111100010,0.0,01110100010110111010
26,0.0,01110100010110111010,0.0,01110100010110111010
26,0.0,01110100010110111010,0.0,01110100010110111010
26,0.0,01110100010110111010,0.0,01110100010110111010
26,0.0,01110100010110111010,0.0,01110001010100101000
26,0.0,01110001010100101000,0.0,01100011010100101011
26,0.0,01100011010100101011,0.0,01110010010100101011
26,0.0,01110010010100101011,0.0,01010011001100100001
26,0.0,01010011001100100001,0.0,01011010101100100111
26,0.0,01011010101100100111,0.0,11011011100100100011
26,0.0,11011011100100100011,0.0,11010001101100100011
26,0.0,11010001101100100011,0.0,11010001001110100010
26,0.0,11010001001110100010,0.0,11010001001110100010
26,0.0,11010001001110100010,0.0,00011001001011101000
26,0.0,00011001001011101000,0.0,00101101001011101001
26,0.0,00101101001011101001,0.0,10100101001010111000
26,0.0,10100101001010111000,0.0,00101001001010111101
26,0.0,00101001001010111101,0.0,00101001001010111101
26,0.0,00101001001010111101,0.0,01101100011010111100
26,0.0,01101100011010111100,0.0,01101100011010111100
26,0.0,01101100011010111100,0.0,00111100011010111011
26,0.0,00111100011010111011,0.0,01110100111010001010
26,0.0,01110100111010001010,0.0,01110100111010001010
26,0.0,01110100111010001010,0.0,01100101111010001010
26,0.0,01100101111010001010,0.0,01110100111010001010
26,0.0,01110100111010001010,0.0,11100100111010001100
26,0.0,11100100111010001100,0.0,11101110110010001100
26,0.0,11101110110010001100,0.0,10100110101010001100
26,0.0,10100110101010001100,0.0,00110110101010001010
26,0.0,00110110101010001010,0.0,00110110011010001001
26,0.0,00110110011010001001,0.0,00110110011010000111
26,0.0,00110110011010000111,0.0,01110100011110000100
26,0.0,01110100011110000100,0.0,11100100001110001111
26,0.0,11100100001110001111,0.0,10100100101110101111
26,0.0,10100100101110101111,0.0,00100100001111101101
26,0.0,00100100001111101101,0.0,00101000101111111001
26,0.0,00101000101111111001,0.0,00100100111111101001
26,0.0,00100100111111101001,0.0,00100110111110101001
26,0.0,00100110111110101001,0.0,00100100111111101001
26,0.0,00100100111111101001,0.0,00100110111110101001
26,0.0,00100110111110101001,0.0,00100110111110101001
26,0.0,00100110111110101001,0.0,00100000111110111101
26,0.0,00100000111110111101,0.0,00111000111010111001
26,0.0,00111000111010111001,0.0,00101100111011111000
26,0.0,00101100111011111000,0.0,00100010111011110001
26,0.0,00100010111011110001,0.0,10001010111011101001
26,0.0,10001010111011101001,0.0,10100010111000111000
26,0.0,10100010111000111000,0.0,10101010011100011001
26,0.0,10101010011100011001,0.0,10101111011100000000
26,0.0,10101111011100000000,0.0,10100111010100101000
26,0.0,10100111010100101000,0.0,11101011010000101001
26,0.0,11101011010000101001,0.0,11101011010000101001
26,0.0,11101011010000101001,0.0,11001011010010111010
26,0.0,11001011010010111010,0.0,11001111010010110101
26,0.0,11001111010010110101,0.0,11011110010010110101
26,0.0,11011110010010110101,0.0,11011110010010110101
26,0.0,11011110010010110101,0.0,11011110010011010001
26,0.0,11011110010011010001,0.0,01010110001011010000
26,0.0,01010110001011010000,0.0,01010110001011010000
26,0.0,01010110001011010000,0.0,01010110001011010000
26,0.0,01010110001011010000,0.0,00010011001001010000
26,0.0,00010011001001010000,0.0,01010110101001010001
26,0.0,01010110101001010001,0.0,11010010101001000011
26,0.0,11010010101001000011,0.0,01110010001001000010
26,0.0,01110010001001000010,0.0,01110010001001000010
26,0.0,01110010001001000010,0.0,00111110001011000011
26,0.0,00111110001011000011,0.0,00111010101011000001
26,0.0,00111010101011000001,0.0,10011010111011000000
26,0.0,10011010111011000000,0.0,10011110111001000011
26,0.0,10011110111001000011,0.0,10011110111001000011
26,0.0,10011110111001000011,0.0,00010110111001001000
26,0.0,00010110111001001000,0.0,00010100111001101100
26,0.0,00010100111001101100,0.0,10011100111001100111
26,0.0,10011100111001100111,0.0,11011000111001000101
26,0.0,11011000111001000101,0.0,11011000011011000100
26,0.0,11011000011011000100,0.0,11011100011001000111
27,0.0,00111010110110010100,0.0,00010010110101110100
27,0.0,00010010110101110100,0.0,00010010110101110100
27,0.0,00010010110101110100,0.0,00010010110101110100
27,0.0,00010010110101110100,0.0,10010110000100111110
27,0.0,10010110000100111110,0.0,10010110000100111110
27,0.0,10010110000100111110,0.0,10010011000000011100
27,0.0,10010011000000011100,0.0,10010001000001011100
27,0.0,10010001000001011100,0.0,10000011000001011111
27,0.0,10000011000001011111,0.0,11000001010001011111
27,0.0,11000001010001011111,0.0,11000001010001011111
27,0.0,11000001010001011111,0.0,11010000010001011111
27,0.0,11010000010001011111,0.0,11010010000001001101
27,0.0,11010010000001001101,0.0,01110110000000011100
27,0.0,01110110000000011100,0.0,01111110000010001110
27,0.0,01111110000010001110,0.0,01110010000110010110
27,0.0,01110010000110010110,0.0,01010111000100010101
27,0.0,01010111000100010101,0.0,11011010010100110101
27,0.0,11011010010100110101,0.0,11101001010100110110
27,0.0,11101001010100110110,0.0,01101001011100100111
27,0.0,01101001011100100111,0.0,01101001011100100111
27,0.0,01101001011100100111,0.0,01101101011010100111
27,0.0,01101101011010100111,0.0,01101111011010000011
27,0.0,01101111011010000011,0.0,01100101001010001110
27,0.0,01100101001010001110,0.0,01100101001010001110
27,0.0,01100101001010001110,0.0,00100001101010011110
27,0.0,00100001101010011110,0.0,00100001101010011110
27,0.0,00100001101010011110,0.0,00101001001010111101
27,0.0,00101001001010111101,0.0,00100101001100011101
27,0.0,00100101001100011101,0.0,10101101100100011111
27,0.0,10101101100100011111,0.0,00101101110100111101
27,0.0,00101101110100111101,0.0,11101001010100111000
27,0.0,11101001010100111000,0.0,11101101010010111000
27,0.0,11101101010010111000,0.0,11101101110000111001
27,0.0,11101101110000111001,0.0,01110100110000111100
27,0.0,01110100110000111100,0.0,11111100000000111101
27,0.0,11111100000000111101,0.0,11110100100000011110
27,0.0,11110100100000011110,0.0,01110100110000111100
27,0.0,01110100110000111100,0.0,01110100110000111100
27,0.0,01110100110000111100,0.0,01110100000100111111
27,0.0,01110100000100111111,0.0,11110100010110101001
27,0.0,11110100010110101001,0.0,11110100010110101001
27,0.0,11110100010110101001,0.0,10111101010100001010
27,0.0,10111101010100001010,0.0,10111001000100001100
27,0.0,10111001000100001100,0.0,11000011000100011100
27,0.0,11000011000100011100,0.0,10000011000001011111
27,0.0,10000011000001011111,0.0,10000011000001011111
27,0.0,10000011000001011111,0.0,10000011000001011111
27,0.0,10000011000001011111,0.0,10101010100101001100
27,0.0,10101010100101001100,0.0,10101010001101000101
27,0.0,10101010001101000101,0.0,10101010001101000101
27,0.0,10101010001101000101,0.0,10001010101111100100
27,0.0,10001010101111100100,0.0,10001011001110100111
27,0.0,10001011001110100111,0.0,10011010001110100111
27,0.0,10011010001110100111,0.0,00010010001111000110
27,0.0,00010010001111000110,0.0,10011010010111000111
27,0.0,10011010010111000111,0.0,10010011000111000010
27,0.0,10010011000111000010,0.0,00110011100011000000
27,0.0,00110011100011000000,0.0,00101011101011000001
27,0.0,00101011101011000001,0.0,00110011100011000000
27,0.0,00110011100011000000,0.0,00110111000011000010
27,0.0,00110111000011000010,0.0,00110111000011000010
27,0.0,00110111000011000010,0.0,00110111000011000010
27,0.0,00110111000011000010,0.0,01111111000010100010
27,0.0,01111111000010100010,0.0,01110110000110101000
27,0.0,01110110000110101000,0.0,01110110100100101001
27,0.0,01110110100100101001,0.0,01110110100100101001
27,0.0,01110110100100101001,0.0,01110110110110100010
27,0.0,01110110110110100010,0.0,01110100110111100010
27,0.0,01110100110111100010,0.0,00110110010111100001
27,0.0,00110110010111100001,0.0,10100010010111100110
27,0.0,10100010010111100110,0.0,10000011010101101010
27,0.0,10000011010101101010,0.0,10100111010100101000
27,0.0,10100111010100101000,0.0,10100111010100101000
27,0.0,10100111010100101000,0.0,10001011011100101000
27,0.0,10001011011100101000,0.0,10001111011010101000
27,0.0,10001111011010101000,0.0,10001011001110100111
27,0.0,10001011001110100111,0.0,11000001001011100110
27,0.0,11000001001011100110,0.0,01001001001111100110
27,0.0,01001001001111100110,0.0,01001101101011100111
27,0.0,01001101101011100111,0.0,01001101101011100111
27,0.0,01001101101011100111,0.0,00001111101001100110
27,0.0,00001111101001100110,0.0,00010111001001100000
27,0.0,00010111001001100000,0.0,00010111011000110010
27,0.0,00010111011000110010,0.0,00010111011000110010
27,0.0,00010111011000110010,0.0,00010111011000110010
27,0.0,00010111011000110010,0.0,00010101011001110010
27,0.0,00010101011001110010,0.0,00110100011011110000
27,0.0,00110100011011110000,0.0,00100101111001110001
27,0.0,00100101111001110001,0.0,01100001111001100010
27,0.0,01100001111001100010,0.0,01101011110001100010
27,0.0,01101011110001100010,0.0,01101011000001100110
27,0.0,01101011000001100110,0.0,01101011000001100110
27,0.0,01101011000001100110,0.0,11101010100011100101
27,0.0,11101010100011100101,0.0,11101110000011100111
27,0.0,11101110000011100111,0.0,11111100000011100100
27,0.0,11111100000011100100,0.0,11111100110011100000
27,0.0,11111100110011100000,0.0,10110110110011000000
27,0.0,10110110110011000000,0.0,10110110010101000010
27,0.0,10110110010101000010,0.0,00110011000101000010
27,0.0,00110011000101000010,0.0,10110110010101000010
27,0.0,10110110010101000010,0.0,10111110000101100010
27,0.0,10111110000101100010,0.0,10111110000101100010
27,0.0,10111110000101100010,0.0,10110010110101000000
27,0.0,10110010110101000000,0.0,10110010110101000000
27,0.0,10110010110101000000,0.0,10111000110101001011
27,0.0,10111000110101001011,0.0,00110001110101100010
27,0.0,00110001110101100010,0.0,00110001110101100010
27,0.0,00110001110101100010,0.0,00110101100100110110
27,0.0,00110101100100110110,0.0,00110101100100110110
27,0.0,00110101100100110110,0.0,01110001100100010100
27,0.0,01110001100100010100,0.0,01110101110100010010
27,0.0,01110101110100010010,0.0,01100111101000010010
27,0.0,01100111101000010010,0.0,11100010001001000100
27,0.0,11100010001001000100,0.0,10101010001101000101
27,0.0,10101010001101000101,0.0,10101110011101000011
27,0.0,10101110011101000011,0.0,10000110011111000110
27,0.0,10000110011111000110,0.0,11001110011111000010
27,0.0,11001110011111000010,0.0,11001110011111000010
27,0.0,11001110011111000010,0.0,11011100101111000001
27,0.0,11011100101111000001,0.0,11011100101111000001
27,0.0,11011100101111000001,0.0,11110100001011000000
27,0.0,11110100001011000000,0.0,11101100011011000101
27,0.0,11101100011011000101,0.0,01101010011001000111
27,0.0,01101010011001000111,0.0,01000110011001001111
27,0.0,01000110011001001111,0.0,01000110111100101100
27,0.0,01000110111100101100,0.0,01000110111100101100
27,0.0,01000110111100101100,0.0,01010010100001101100
27,0.0,01010010100001101100,0.0,11011010100001101001
27,0.0,11011010100001101001,0.0,01010110100011101011
27,0.0,01010110100011101011,0.0,01000111100011101011
27,0.0,01000111100011101011,0.0,01000111100011101011
27,0.0,01000111100011101011,0.0,01001111000011001101
27,0.0,01001111000011001101,0.0,01000101001011001101
27,0.0,01000101001011001101,0.0,11000011000001001101
27,0.0,11000011000001001101,0.0,11000011000001001101
28,6.0,00010010011110001100,4.0,00011110111110000111
28,4.0,00011110111110000111,0.0,00100110111110100111
28,0.0,00100110111110100111,0.0,01101110111110100011
28,0.0,01101110111110100011,0.0,01100010011101100001
28,0.0,01100010011101100001,0.0,00101010001001101101
28,0.0,00101010001001101101,0.0,00100010011001001101
28,0.0,00100010011001001101,0.0,00000110011011101110
28,0.0,00000110011011101110,0.0,00000110011011101110
28,0.0,00000110011011101110,0.0,00000110011011101110
28,0.0,00000110011011101110,0.0,11100110010011000111
28,0.0,11100110010011000111,0.0,01100110110011100110
28,0.0,01100110110011100110,0.0,01100010110101100110
28,0.0,01100010110101100110,0.0,01011010110101000111
28,0.0,01011010110101000111,0.0,00010010111110100110
28,0.0,00010010111110100110,0.0,10101010111100100101
28,0.0,10101010111100100101,0.0,10101000111101100101
28,0.0,10101000111101100101,0.0,10110000110101100100
28,0.0,10110000110101100100,0.0,00111001010101000100
28,0.0,00111001010101000100,0.0,00111100110101010111
28,0.0,00111100110101010111,0.0,00111100110101010111
28,0.0,00111100110101010111,0.0,01011100110111010110
28,0.0,01011100110111010110,0.0,01011000101011010111
28,0.0,01011000101011010111,0.0,01001011101010010111
28,0.0,01001011101010010111,0.0,01001011101010010111
28,0.0,01001011101010010111,0.0,01001011101010010111
28,0.0,01001011101010010111,0.0,01011110001010011011
28,0.0,01011110001010011011,0.0,01011110001010011011
28,0.0,01011110001010011011,0.0,01010110001010110100
28,0.0,01010110001010110100,0.0,10011110101010010100
28,0.0,10011110101010010100,0.0,10111110100000110111
28,0.0,10111110100000110111,0.0,10111100100001110111
28,0.0,10111100100001110111,0.0,10111000101001000110
28,0.0,10111000101001000110,0.0,10110001001001000000
28,0.0,10110001001001000000,0.0,00111001001101000000
28,0.0,00111001001101000000,0.0,00010101001101000110
28,0.0,00010101001101000110,0.0,01011101000111000111
28,0.0,01011101000111000111,0.0,01011001100111000101
28,0.0,01011001100111000101,0.0,01110010100111000000
28,0.0,01110010100111000000,0.0,01110010100111000000
28,0.0,01110010100111000000,0.0,01111010100110001011
28,0.0,01111010100110001011,0.0,00111011000000001110
28,0.0,00111011000000001110,0.0,00011011010011000110
28,0.0,00011011010011000110,0.0,01011011010000001101
28,0.0,01011011010000001101,0.0,00011011110000101101
28,0.0,00011011110000101101,0.0,00011011110000101101
28,0.0,00011011110000101101,0.0,00010011111000110000
28,0.0,00010011111000110000,0.0,00010001111001110000
28,0.0,00010001111001110000,0.0,00010101011001110010
28,0.0,00010101011001110010,0.0,00011111010001001011
28,0.0,00011111010001001011,0.0,00011111010001001011
28,0.0,00011111010001001011,0.0,00011111010001110010
28,0.0,00011111010001110010,0.0,00011111010001110010
28,0.0,00011111010001110010,0.0,00011011110001110000
28,0.0,00011011110001110000,0.0,00011011100011110001
28,0.0,00011011100011110001,0.0,01010011000001110010
28,0.0,01010011000001110010,0.0,00011111010001110010
28,0.0,00011111010001110010,0.0,11010110010001110010
28,0.0,11010110010001110010,0.0,11110101010000110001
28,0.0,11110101010000110001,0.0,11111101010010100011
28,0.0,11111101010010100011,0.0,11110110010110000011
28,0.0,11110110010110000011,0.0,11110010110110000001
28,0.0,11110010110110000001,0.0,11111000110110110011
28,0.0,11111000110110110011,0.0,11111000110110110011
28,0.0,11111000110110110011,0.0,11101001110110110011
28,0.0,11101001110110110011,0.0,11101101110000111001
28,0.0,11101101110000111001,0.0,11101101110000111001
28,0.0,11101101110000111001,0.0,11100101100000011110
28,0.0,11100101100000011110,0.0,11101100101000011111
28,0.0,11101100101000011111,0.0,11101000001001001111
28,0.0,11101000001001001111,0.0,01100000111001001110
28,0.0,01100000111001001110,0.0,11101000001001001111
28,0.0,11101000001001001111,0.0,10100000001001111100
28,0.0,10100000001001111100,0.0,10111000001000011110
28,0.0,10111000001000011110,0.0,10111000001000011110
28,0.0,10111000001000011110,0.0,10111000001000011110
28,0.0,10111000001000011110,0.0,10111100001000101110
28,0.0,10111100001000101110,0.0,00110000011100101101
28,0.0,00110000011100101101,0.0,00110001001110000101
28,0.0,00110001001110000101,0.0,00101001101110001101
28,0.0,00101001101110001101,0.0,00101001101110001101
28,0.0,00101001101110001101,0.0,00000001001111101100
28,0.0,00000001001111101100,0.0,00000001001111101100
28,0.0,00000001001111101100,0.0,00000001001111101100
28,0.0,00000001001111101100,0.0,00000101001101101111
28,0.0,00000101001101101111,0.0,01000100111110111111
28,0.0,01000100111110111111,0.0,01001110110110111111
28,0.0,01001110110110111111,0.0,01001110110110111111
28,0.0,01001110110110111111,0.0,11001010011110010110
28,0.0,11001010011110010110,0.0,01101010111010010100
28,0.0,01101010111010010100,0.0,01101011011000000100
28,0.0,01101011011000000100,0.0,10101011011000000101
28,0.0,10101011011000000101,0.0,10100011110010010100
28,0.0,10100011110010010100,0.0,10101011110000001100
28,0.0,10101011110000001100,0.0,10101011101000001000
28,0.0,10101011101000001000,0.0,10110011001000000000
28,0.0,10110011001000000000,0.0,10110011001000000000
28,0.0,10110011001000000000,0.0,10110011001000000000
28,0.0,10110011001000000000,0.0,10110011001000000000
28,0.0,10110011001000000000,0.0,10111011010000010010
28,0.0,10111011010000010010,0.0,10111011010000010010
28,0.0,10111011010000010010,0.0,11001011010101010001
28,0.0,11001011010101010001,0.0,11001011010101010001
28,0.0,11001011010101010001,0.0,11001011010101010001
28,0.0,11001011010101010001,0.0,10000011011110110000
28,0.0,10000011011110110000,0.0,10000011111100110001
28,0.0,10000011111100110001,0.0,11001010111100011001
28,0.0,11001010111100011001,0.0,11001010111100011001
28,0.0,11001010111100011001,0.0,11010010101100010010
28,0.0,11010010101100010010,0.0,11010010101100010010
28,0.0,11010010101100010010,0.0,11010110000101001000
28,0.0,11010110000101001000,0.0,11011110110110000101
28,0.0,11011110110110000101,0.0,11101110110011100011
28,0.0,11101110110011100011,0.0,01100110110011101000
28,0.0,01100110110011101000,0.0,01100110010011011010
28,0.0,01100110010011011010,0.0,10101110111011000001
28,0.0,10101110111011000001,0.0,00101110111011010010
28,0.0,00101110111011010010,0.0,00101110001011010110
28,0.0,00101110001011010110,0.0,00100111011010000111
28,0.0,00100111011010000111,0.0,00100111011010000111
28,0.0,00100111011010000111,0.0,00100101011010101101
28,0.0,00100101011010101101,0.0,00101111010010101101
28,0.0,00101111010010101101,0.0,10101101110010101111
28,0.0,10101101110010101111,0.0,11101001110010001101
28,0.0,11101001110010001101,0.0,11111000110010001101
28,0.0,11111000110010001101,0.0,11111100010010001111
28,0.0,11111100010010001111,0.0,00110100110011001110
28,0.0,00110100110011001110,0.0,00111010110110010100
28,0.0,00111010110110010100,0.0,10110010110010010100
28,0.0,10110010110010010100,0.0,11111010110010010000
28,0.0,11111010110010010000,0.0,10110010110010010100
28,0.0,10110010110010010100,0.0,10100011110010010100
28,0.0,10100011110010010100,0.0,10100011110010010100
28,0.0,10100011110010010100,0.0,00100011111010000101
28,0.0,00100011111010000101,0.0,00100110111111000011
28,0.0,00100110111111000011,0.0,01101010101111000001
28,0.0,01101010101111000001,0.0,00101011001101000011
28,0.0,00101011001101000011,0.0,00101011001101000011
29,0.0,11011001100010110111,0.0,11011001100011010011
29,0.0,11011001100011010011,0.0,01010001100011010110
29,0.0,01010001100011010110,0.0,01010001100011010110
29,0.0,01010001100011010110,0.0,01010001100011010110
29,0.0,01010001100011010110,0.0,00011101110011010110
29,0.0,00011101110011010110,0.0,00011100110011111111
29,0.0,00011100110011111111,0.0,00010100101011101101
29,0.0,00010100101011101101,0.0,00010100101011101101
29,0.0,00010100101011101101,0.0,00010100111001101100
29,0.0,00010100111001101100,0.0,10011100111001101001
29,0.0,10011100111001101001,0.0,10010101110001101000
29,0.0,10010101110001101000,0.0,11010101010001001000
29,0.0,11010101010001001000,0.0,01010101011100001000
29,0.0,01010101011100001000,0.0,01010110011100001011
29,0.0,01010110011100001011,0.0,01010110011100110010
29,0.0,01010110011100110010,0.0,01010110011100001011
29,0.0,01010110011100001011,0.0,01011010001100011011
29,0.0,01011010001100011011,0.0,01011010001100011011
29,0.0,01011010001100011011,0.0,01011010001100011011
29,0.0,01011010001100011011,0.0,01011010001100011011
29,0.0,01011010001100011011,0.0,01010010001100001101
29,0.0,01010010001100001101,0.0,01011010000101001101
29,0.0,01011010000101001101,0.0,01000010010101111101
29,0.0,01000010010101111101,0.0,01100000010101111110
29,0.0,01100000010101111110,0.0,01000010010101111101
29,0.0,01000010010101111101,0.0,11001110010101110100
29,0.0,11001110010101110100,0.0,11001001010101110101
29,0.0,11001001010101110101,0.0,01010101010011100101
29,0.0,01010101010011100101,0.0,01011101010011110011
29,0.0,01011101010011110011,0.0,01011001010101110011
29,0.0,01011001010101110011,0.0,01011001010101110011
29,0.0,01011001010101110011,0.0,01011001010101110011
29,0.0,01011001010101110011,0.0,00011111010001110010
29,0.0,00011111010001110010,0.0,10011110110011110001
29,0.0,10011110110011110001,0.0,10111010100011010000
29,0.0,10111010100011010000,0.0,00111010101011000001
29,0.0,00111010101011000001,0.0,10110100001011010010
29,0.0,10110100001011010010,0.0,10110100001011010010
29,0.0,10110100001011010010,0.0,10110100101011100000
29,0.0,10110100101011100000,0.0,10110100101011100000
29,0.0,10110100101011100000,0.0,10110110101010100000
29,0.0,10110110101010100000,0.0,00111110111010100011
29,0.0,00111110111010100011,0.0,00110110011010110000
29,0.0,00110110011010110000,0.0,00110110011010000111
29,0.0,00110110011010000111,0.0,00100110011010011100
29,0.0,00100110011010011100,0.0,00100110011110011011
29,0.0,00100110011110011011,0.0,00101110010111011011
29,0.0,00101110010111011011,0.0,00010010010111001100
29,0.0,00010010010111001100,0.0,01011010010111001000
29,0.0,01011010010111001000,0.0,01101110010111001001
29,0.0,01101110010111001001,0.0,01101110010111001001
29,0.0,01101110010111001001,0.0,11100010010101001001
29,0.0,11100010010101001001,0.0,11100110110100011001
29,0.0,11100110110100011001,0.0,11100100110101011001
29,0.0,11100100110101011001,0.0,10011100110111011001
29,0.0,10011100110111011001,0.0,10010101100111010010
29,0.0,10010101100111010010,0.0,00011001101101010010
29,0.0,00011001101101010010,0.0,00010001111001110000
29,0.0,00010001111001110000,0.0,00010001110011110101
29,0.0,00010001110011110101,0.0,11010001110010010111
29,0.0,11010001110010010111,0.0,11010001100110010100
29,0.0,11010001100110010100,0.0,11010010100110010111
29,0.0,11010010100110010111,0.0,01110010100100010111
29,0.0,01110010100100010111,0.0,11100110110100010111
29,0.0,11100110110100010111,0.0,11101110010100001110
29,0.0,11101110010100001110,0.0,10100110001100001110
29,0.0,10100110001100001110,0.0,10100010101100001100
29,0.0,10100010101100001100,0.0,10101010101100011010
29,0.0,10101010101100011010,0.0,10100110101110110010
29,0.0,10100110101110110010,0.0,10100110101110110010
29,0.0,10100110101110110010,0.0,00101011101110010000
29,0.0,00101011101110010000,0.0,00101111101100010011
29,0.0,00101111101100010011,0.0,00111110101100010011
29,0.0,00111110101100010011,0.0,01111100101101000001
29,0.0,01111100101101000001,0.0,11101100001101001010
29,0.0,11101100001101001010,0.0,11100000001101101001
29,0.0,11100000001101101001,0.0,10100110001001101000
29,0.0,10100110001001101000,0.0,10100110001001101000
29,0.0,10100110001001101000,0.0,10011110001001001001
29,0.0,10011110001001001001,0.0,00011110001001011010
29,0.0,00011110001001011010,0.0,10010110101000001110
29,0.0,10010110101000001110,0.0,10010010110000111111
29,0.0,10010010110000111111,0.0,10010010110000111111
29,0.0,10010010110000111111,0.0,10011011010000110101
29,0.0,10011011010000110101,0.0,10011011001000110001
29,0.0,10011011001000110001,0.0,11010011000100110000
29,0.0,11010011000100110000,0.0,11010011000100110000
29,0.0,11010011000100110000,0.0,11010011000100110000
29,0.0,11010011000100110000,0.0,11010011000100110000
29,0.0,11010011000100110000,0.0,11010011000100110000
29,0.0,11010011000100110000,0.0,11010011000100110000
29,0.0,11010011000100110000,0.0,10010010011110110000
29,0.0,10010010011110110000,0.0,01011110011110010001
29,0.0,01011110011110010001,0.0,01011110011110010001
29,0.0,01011110011110010001,0.0,01100110011110110000
29,0.0,01100110011110110000,0.0,01101011010110110001
29,0.0,01101011010110110001,0.0,01101011010110110001
29,0.0,01101011010110110001,0.0,01101011010110110001
29,0.0,01101011010110110001,0.0,01101011010110110001
29,0.0,01101011010110110001,0.0,01111010010110110001
29,0.0,01111010010110110001,0.0,01110110011000010001
29,0.0,01110110011000010001,0.0,00110110001001010001
29,0.0,00110110001001010001,0.0,00111110011001000010
29,0.0,00111110011001000010,0.0,10111100011101000000
29,0.0,10111100011101000000,0.0,10111100011101000000
29,0.0,10111100011101000000,0.0,10111000011001000101
29,0.0,10111000011001000101,0.0,10111000011001000101
29,0.0,10111000011001000101,0.0,10111000001000011110
29,0.0,10111000001000011110,0.0,10111000101000101100
29,0.0,10111000101000101100,0.0,11111000001100001011
29,0.0,11111000001100001011,0.0,11110010001100000000
29,0.0,11110010001100000000,0.0,11110010001100000000
29,0.0,11110010001100000000,0.0,11110010001100000000
29,0.0,11110010001100000000,0.0,11110010001100000000
29,0.0,11110010001100000000,0.0,11110010001100000000
29,0.0,11110010001100000000,0.0,11010010011100010001
29,0.0,11010010011100010001,0.0,11110000011100010010
29,0.0,11110000011100010010,0.0,11110100111000010011
29,0.0,11110100111000010011,0.0,11110100111000010011
29,0.0,11110100111000010011,0.0,11100101111000010011
29,0.0,11100101111000010011,0.0,11100001111010010000
29,0.0,11100001111010010000,0.0,11001101111110010011
29,0.0,11001101111110010011,0.0,11001101111110010011
29,0.0,11001101111110010011,0.0,11001101111110010011
29,0.0,11001101111110010011,0.0,11001101111110010011
29,0.0,11001101111110010011,0.0,10101101011110010011
29,0.0,10101101011110010011,0.0,10100111001100100010
29,0.0,10100111001100100010,0.0,10100111001100100010
29,0.0,10100111001100100010,0.0,10100111001100100010
29,0.0,10100111001100100010,0.0,11100010001100100111
29,0.0,11100010001100100111,0.0,11100010100100101110
29,0.0,11100010100100101110,0.0,11100110100010101110
29,0.0,11100110100010101110,0.0,11100010100010011110
29,0.0,11100010100010011110,0.0,11100010100010011110
29,0.0,11100010100010011110,0.0,11101010110010111001
29,0.0,11101010110010111001,0.0,11101010110010111001
29,0.0,11101010110010111001,0.0,11101010110010111001
30,2.0,11100010111010000100,2.0,11101010110011000100
30,2.0,11101010110011000100,2.0,11101110100011000111
30,2.0,11101110100011000111,2.0,01100110100011110100
30,2.0,01100110100011110100,2.0,01011100100111110111
30,2.0,01011100100111110111,0.0,01011110000111110011
30,0.0,01011110000111110011,0.0,01011110000111110011
30,0.0,01011110000111110011,0.0,01011010100111110001
30,0.0,01011010100111110001,0.0,00011011100011110001
30,0.0,00011011100011110001,0.0,00010001101011110001
30,0.0,00010001101011110001,0.0,00110001101010110010
30,0.0,00110001101010110010,0.0,10100001101010110100
30,0.0,10100001101010110100,0.0,10101001100011110100
30,0.0,10101001100011110100,0.0,10101010111010010101
30,0.0,10101010111010010101,0.0,11101010111000110010
30,0.0,11101010111000110010,0.0,11101010111000110010
30,0.0,11101010111000110010,0.0,11101010111000001011
30,0.0,11101010111000001011,0.0,11101010111000001011
30,0.0,11101010111000001011,0.0,11011110110000001110
30,0.0,11011110110000001110,0.0,10111010110000001100
30,0.0,10111010110000001100,0.0,10111010110000001100
30,0.0,10111010110000001100,0.0,11110010000000001110
30,0.0,11110010000000001110,0.0,11011110100010001111
30,0.0,11011110100010001111,0.0,11011101100010001100
30,0.0,11011101100010001100,0.0,11011110100010001111
30,0.0,11011110100010001111,0.0,11011100100110011110
30,0.0,11011100100110011110,0.0,01011100110110111100
30,0.0,01011100110110111100,0.0,11011100100110011110
30,0.0,11011100100110011110,0.0,10010100000101111110
30,0.0,10010100000101111110,0.0,00000001001101011111
30,0.0,00000001001101011111,0.0,00010001001001001101
30,0.0,00010001001001001101,0.0,00010001111001001001
30,0.0,00010001111001001001,0.0,00010101111100101000
30,0.0,00010101111100101000,0.0,01011101110110101001
30,0.0,01011101110110101001,0.0,01011101110110100111
30,0.0,01011101110110100111,0.0,01011101110110100111
30,0.0,01011101110110100111,0.0,01010101010110110100
30,0.0,01010101010110110100,0.0,01010101110100110101
30,0.0,01010101110100110101,0.0,01010101110100110101
30,0.0,01010101110100110101,0.0,01010111010110010000
30,0.0,01010111010110010000,0.0,01001111000111110011
30,0.0,01001111000111110011,0.0,01010100001111110011
30,0.0,01010100001111110011,0.0,01010110011100110010
30,0.0,01010110011100110010,0.0,01010100011101110010
30,0.0,01010100011101110010,0.0,01111000011101000011
30,0.0,01111000011101000011,0.0,01011000001101011011
30,0.0,01011000001101011011,0.0,01011000001101011011
30,0.0,01011000001101011011,0.0,10010000011111001001
30,0.0,10010000011111001001,0.0,00010100011111101010
30,0.0,00010100011111101010,0.0,00011110010111101010
30,0.0,00011110010111101010,0.0,00011110010111101010
30,0.0,00011110010111101010,0.0,10011010010111001001
30,0.0,10011010010111001001,0.0,11010010010011001000
30,0.0,11010010010011001000,0.0,11000010110111101000
30,0.0,11000010110111101000,0.0,11001011100001101001
30,0.0,11001011100001101001,0.0,11001011100001101001
30,0.0,11001011100001101001,0.0,11001011100001101001
30,0.0,11001011100001101001,0.0,10000111100101101000
30,0.0,10000111100101101000,0.0,10000111100101101000
30,0.0,10000111100101101000,0.0,10100010110101101001
30,0.0,10100010110101101001,0.0,10100100110111111000
30,0.0,10100100110111111000,0.0,00101000111101111000
30,0.0,00101000111101111000,0.0,00101000101111111001
30,0.0,00101000101111111001,0.0,00101000101111111001
30,0.0,00101000101111111001,0.0,00101001001101101001
30,0.0,00101001001101101001,0.0,00100001101101001010
30,0.0,00100001101101001010,0.0,00100001101101001010
30,0.0,00100001101101001010,0.0,00101011001101000011
30,0.0,00101011001101000011,0.0,01100011001001000010
30,0.0,01100011001001000010,0.0,01100011001001000010
30,0.0,01100011001001000010,0.0,01100011001001000010
30,0.0,01100011001001000010,0.0,01000010001101111001
30,0.0,01000010001101111001,0.0,01000010001101111001
30,0.0,01000010001101111001,0.0,00101010001101011000
30,0.0,00101010001101011000,0.0,00100110011101001000
30,0.0,00100110011101001000,0.0,10000110011111001000
30,0.0,10000110011111001000,0.0,10011110010001001101
30,0.0,10011110010001001101,0.0,10000011110001011011
30,0.0,10000011110001011011,0.0,10000011010011011010
30,0.0,10000011010011011010,0.0,10010111010000011010
30,0.0,10010111010000011010,0.0,01010011011000010000
30,0.0,01010011011000010000,0.0,01011011001000001001
30,0.0,01011011001000001001,0.0,01011011001000001001
30,0.0,01011011001000001001,0.0,01011011001000001001
30,0.0,01011011001000001001,0.0,01011011001000001001
30,0.0,01011011001000001001,0.0,01011011001000001001
30,0.0,01011011001000001001,0.0,11010111001000000010
30,0.0,11010111001000000010,0.0,11010101111000100010
30,0.0,11010101111000100010,0.0,11010101111000100010
30,0.0,11010101111000100010,0.0,10011101111100100011
30,0.0,10011101111100100011,0.0,10011101111100100011
30,0.0,10011101111100100011,0.0,10011101111100100011
30,0.0,10011101111100100011,0.0,10011101111100100011
30,0.0,10011101111100100011,0.0,10011101111100100011
30,0.0,10011101111100100011,0.0,00111010111100100011
30,0.0,00111010111100100011,0.0,00111010001101000011
30,0.0,00111010001101000011,0.0,00101011001101000011
30,0.0,00101011001101000011,0.0,01101010101111000001
30,0.0,01101010101111000001,0.0,00111010101110010000
30,0.0,00111010101110010000,0.0,10111010100110110011
30,0.0,10111010100110110011,0.0,10100110101110110010
30,0.0,10100110101110110010,0.0,10100110101110110010
30,0.0,10100110101110110010,0.0,11100110101110100000
30,0.0,11100110101110100000,0.0,11110000101110100001
30,0.0,11110000101110100001,0.0,11110100001010100100
30,0.0,11110100001010100100,0.0,10110100101011100000
30,0.0,10110100101011100000,0.0,10111100100001111001
30,0.0,10111100100001111001,0.0,00111000001011011001
30,0.0,00111000001011011001,0.0,01101100011011011000
30,0.0,01101100011011011000,0.0,01101100011011011000
30,0.0,01101100011011011000,0.0,01100110001010111010
30,0.0,01100110001010111010,0.0,00110100101010101110
30,0.0,00110100101010101110,0.0,00110100101010101110
30,0.0,00110100101010101110,0.0,01110000101010001100
30,0.0,01110000101010001100,0.0,01110000101010001100
30,0.0,01110000101010001100,0.0,01110000101010001100
30,0.0,01110000101010001100,0.0,01111000001011000101
30,0.0,01111000001011000101,0.0,01110100001010001110
30,0.0,01110100001010001110,0.0,00111010001010011001
30,0.0,00111010001010011001,0.0,00111010001010010111
30,0.0,00111010001010010111,0.0,00111110001010100111
30,0.0,00111110001010100111,0.0,00111110001010100111
30,0.0,00111110001010100111,0.0,00111100001011100111
30,0.0,00111100001011100111,0.0,00110100011011110000
30,0.0,00110100011011110000,0.0,00110100011011110000
30,0.0,00110100011011110000,0.0,10110100111010110010
30,0.0,10110100111010110010,0.0,10110100111010110010
30,0.0,10110100111010110010,0.0,10110000110110111001
30,0.0,10110000110110111001,0.0,11111000110110110011
30,0.0,11111000110110110011,0.0,11111000110110110011
30,0.0,11111000110110110011,0.0,11111000110110110011
30,0.0,11111000110110110011,0.0,11011100111110010011
30,0.0,11011100111110010011,0.0,01011001101110010011
30,0.0,01011001101110010011,0.0,10011100101111010011
30,0.0,10011100101111010011,0.0,11011100111110010011
30,0.0,11011100111110010011,0.0,10010100111110011001
30,0.0,10010100111110011001,0.0,10001110111100111011
30,0.0,10001110111100111011,0.0,10001110011110111010
30,0.0,10001110011110111010,0.0,10001110111100111011
30,0.0,10001110111100111011,0.0,10001100111101111011
30,0.0,10001100111101111011,0.0,10001101111100111000
30,0.0,10001101111100111000,0.0,10001101111100111000
30,0.0,10001101111100111000,0.0,10000101111110011001
30,0.0,10000101111110011001,0.0,00000101101111011000
30,0.0,00000101101111011000,0.0,00000110101011011100
30,0.0,00000110101011011100,0.0,00000110101011011100
31,6.0,01011011110000101001,6.0,11001111010000101101
31,6.0,11001111010000101101,0.0,11001101011000101101
31,0.0,11001101011000101101,0.0,11011101011000000100
31,0.0,11011101011000000100,0.0,11100111110000000101
31,0.0,11100111110000000101,0.0,00111111110000000101
31,0.0,00111111110000000101,0.0,10010111110000100110
31,0.0,10010111110000100110,0.0,10010011100001000100
31,0.0,10010011100001000100,0.0,10011111010100000111
31,0.0,10011111010100000111,0.0,10011111010100000111
31,0.0,10011111010100000111,0.0,11010011110000000100
31,0.0,11010011110000000100,0.0,11010011110000000100
31,0.0,11010011110000000100,0.0,11010001110001000100
31,0.0,11010001110001000100,0.0,11010001100011000101
31,0.0,11010001100011000101,0.0,11010001100011000101
31,0.0,11010001100011000101,0.0,11011001000001010110
31,0.0,11011001000001010110,0.0,10010001110001010110
31,0.0,10010001110001010110,0.0,10010001011001010001
31,0.0,10010001011001010001,0.0,10110001001001000000
31,0.0,10110001001001000000,0.0,10110001001001000000
31,0.0,10110001001001000000,0.0,10110001001001000000
31,0.0,10110001001001000000,0.0,10110101100101000001
31,0.0,10110101100101000001,0.0,10101101100111001000
31,0.0,10101101100111001000,0.0,11100101100110101010
31,0.0,11100101100110101010,0.0,11100101100110101010
31,0.0,11100101100110101010,0.0,11110100100110101010
31,0.0,11110100100110101010,0.0,11110100100110101010
31,0.0,11110100100110101010,0.0,11110100100110101010
31,0.0,11110100100110101010,0.0,11110001100010001000
31,0.0,11110001100010001000,0.0,11110001100010000110
31,0.0,11110001100010000110,0.0,11110001100010000110
31,0.0,11110001100010000110,0.0,11111000101010000111
31,0.0,11111000101010000111,0.0,11110000101000101010
31,0.0,11110000101000101010,0.0,11110000100010101111
31,0.0,11110000100010101111,0.0,01111000100110101111
31,0.0,01111000100110101111,0.0,01110000000011101101
31,0.0,01110000000011101101,0.0,00110001100011100100
31,0.0,00110001100011100100,0.0,10110100110011100100
31,0.0,10110100110011100100,0.0,11100100110111100100
31,0.0,11100100110111100100,0.0,11100100110111100100
31,0.0,11100100110111100100,0.0,01101100010111101101
31,0.0,01101100010111101101,0.0,01101100010111101101
31,0.0,01101100010111101101,0.0,01101100100111101110
31,0.0,01101100100111101110,0.0,11100100100011101110
31,0.0,11100100100011101110,0.0,11010110100011000100
31,0.0,11010110100011000100,0.0,10011110001001000111
31,0.0,10011110001001000111,0.0,11100010001001000100
31,0.0,11100010001001000100,0.0,01100011001001000010
31,0.0,01100011001001000010,0.0,00101011001101000011
31,0.0,00101011001101000011,0.0,00100011011100001001
31,0.0,00100011011100001001,0.0,00100011011100000111
31,0.0,00100011011100000111,0.0,01000011111100000111
31,0.0,01000011111100000111,0.0,01000011111100001001
31,0.0,01000011111100001001,0.0,01100001111100001010
31,0.0,01100001111100001010,0.0,00100001101101001010
31,0.0,00100001101101001010,0.0,00000011101101001001
31,0.0,00000011101101001001,0.0,00000011101101001001
31,0.0,00000011101101001001,0.0,00000011101101001001
31,0.0,00000011101101001001,0.0,10001011100111001010
31,0.0,10001011100111001010,0.0,10001011010111001001
31,0.0,10001011010111001001,0.0,10001011010111000111
31,0.0,10001011010111000111,0.0,10001111011011000010
31,0.0,10001111011011000010,0.0,10001010011011011011
31,0.0,10001010011011011011,0.0,10001010011010111111
31,0.0,10001010011010111111,0.0,10100010101010111001
31,0.0,10100010101010111001,0.0,10100010111000111000
31,0.0,10100010111000111000,0.0,10001110111100111011
31,0.0,10001110111100111011,0.0,10101010101100011010
31,0.0,10101010101100011010,0.0,10101010101100011010
31,0.0,10101010101100011010,0.0,10101110101010011010
31,0.0,10101110101010011010,0.0,10111000101010011011
31,0.0,10111000101010011011,0.0,00111010001010011001
31,0.0,00111010001010011001,0.0,00110110011010001001
31,0.0,00110110011010001001,0.0,10100010011010001110
31,0.0,10100010011010001110,0.0,11000010111010001110
31,0.0,11000010111010001110,0.0,11101110011010000101
31,0.0,11101110011010000101,0.0,11101110011010000101
31,0.0,11101110011010000101,0.0,01100010111110000101
31,0.0,01100010111110000101,0.0,01100110011110000111
31,0.0,01100110011110000111,0.0,01101110111010100100
31,0.0,01101110111010100100,0.0,11100010101010100101
31,0.0,11100010101010100101,0.0,11100110101110100000
31,0.0,11100110101110100000,0.0,11100110101110100000
31,0.0,11100110101110100000,0.0,11101110101010001000
31,0.0,11101110101010001000,0.0,11101001101010001001
31,0.0,11101001101010001001,0.0,11110000101000101010
31,0.0,11110000101000101010,0.0,11110000111100100000
31,0.0,11110000111100100000,0.0,01111100111110100000
31,0.0,01111100111110100000,0.0,11100101011100100010
31,0.0,11100101011100100010,0.0,11100001011100010010
31,0.0,11100001011100010010,0.0,01100001011110110001
31,0.0,01100001011110110001,0.0,01101000111110111001
31,0.0,01101000111110111001,0.0,01101000111110111001
31,0.0,01101000111110111001,0.0,01101100011110111011
31,0.0,01101100011110111011,0.0,01110100010110111010
31,0.0,01110100010110111010,0.0,00110001010100111010
31,0.0,00110001010100111010,0.0,10111001010000111000
31,0.0,10111001010000111000,0.0,10111001010000111000
31,0.0,10111001010000111000,0.0,10111010010000111011
31,0.0,10111010010000111011,0.0,10010010010011011010
31,0.0,10010010010011011010,0.0,11011000010011111010
31,0.0,11011000010011111010,0.0,11011000010011111010
31,0.0,11011000010011111010,0.0,11011000110001111011
31,0.0,11011000110001111011,0.0,11010000111000111011
31,0.0,11010000111000111011,0.0,11101000111001001011
31,0.0,11101000111001001011,0.0,11101000111001001011
31,0.0,11101000111001001011,0.0,10110000111000001100
31,0.0,10110000111000001100,0.0,10111010110000001100
31,0.0,10111010110000001100,0.0,10101110110010011110
31,0.0,10101110110010011110,0.0,00100110011010011100
31,0.0,00100110011010011100,0.0,00101110010011011100
31,0.0,00101110010011011100,0.0,01100110010010111110
31,0.0,01100110010010111110,0.0,00100110110011111010
31,0.0,00100110110011111010,0.0,00101110001110111011
31,0.0,00101110001110111011,0.0,10100100101111110010
31,0.0,10100100101111110010,0.0,11101101101000110011
31,0.0,11101101101000110011,0.0,11101101101000110011
31,0.0,11101101101000110011,0.0,11101011001000100011
31,0.0,11101011001000100011,0.0,11101001001001100011
31,0.0,11101001001001100011,0.0,01101101001001110001
31,0.0,01101101001001110001,0.0,01000111001011010000
31,0.0,01000111001011010000,0.0,00001111001111010001
31,0.0,00001111001111010001,0.0,00001111001111010001
31,0.0,00001111001111010001,0.0,00001111001111010001
31,0.0,00001111001111010001,0.0,01001111011110010001
31,0.0,01001111011110010001,0.0,00000011011011110010
31,0.0,00000011011011110010,0.0,00100110011011110011
31,0.0,00100110011011110011,0.0,00100101011011110000
31,0.0,00100101011011110000,0.0,01101100011011011000
31,0.0,01101100011011011000,0.0,01100010110011011000
31,0.0,01100010110011011000,0.0,10101010110100011110
31,0.0,10101010110100011110,0.0,10101010110001110110
31,0.0,10101010110001110110,0.0,10010111110000100110
31,0.0,10010111110000100110,0.0,10010111000000101100
31,0.0,10010111000000101100,0.0,10010011000110101000
31,0.0,10010011000110101000,0.0,10011100110110111101
31,0.0,10011100110110111101,0.0,00010001110110011101
31,0.0,00010001110110011101,0.0,00010001111100010110
31,0.0,00010001111100010110,0.0,00011101111110000101
31,0.0,00011101111110000101,0.0,01010001111100000100
31,0.0,01010001111100000100,0.0,11010001110100100111
31,0.0,11010001110100100111,0.0,11010110110100100110
31,0.0,11010110110100100110,0.0,10110110010100100110
31,0.0,10110110010100100110,0.0,10110110000110100111
31,0.0,10110110000110100111,0.0,00110100111110100100
31,0.0,00110100111110100100,0.0,00111101111010100000
31,0.0,00111101111010100000,0.0,00110100011011110000
31,0.0,00110100011011110000,0.0,00111100011001100110
31,0.0,00111100011001100110,0.0,00110100011011000111
31,0.0,00110100011011000111,0.0,00110100011011000111
31,0.0,00110100011011000111,0.0,01101001001011000101
31,0.0,01101001001011000101,0.0,01101001001011000101
31,0.0,01101001001011000101,0.0,10101110001011000101
31,0.0,10101110001011000101,0.0,10001110101011010111
31,0.0,10001110101011010111,0.0,10001110101011010111
31,0.0,10001110101011010111,0.0,00010110101011000111
31,0.0,00010110101011000111,0.0,00011010111010001110
31,0.0,00011010111010001110,0.0,00001011111010001110
31,0.0,00001011111010001110,0.0,00011101111000001110
31,0.0,00011101111000001110,0.0,10111001010000001111
32,2.0,10100010110111001000,2.0,10100010110111001000
32,2.0,10100010110111001000,2.0,10000011100111001011
32,2.0,10000011100111001011,2.0,10000001001111101010
32,2.0,10000001001111101010,2.0,11100000001111001000
32,2.0,11100000001111001000,2.0,00100100011111001100
32,2.0,00100100011111001100,2.0,01101100001101001100
32,2.0,01101100001101001100,2.0,11110100001100001000
32,2.0,11110100001100001000,0.0,11111100011000001010
32,0.0,11111100011000001010,0.0,11011110011000001001
32,0.0,11011110011000001001,0.0,10011110011000011011
32,0.0,10011110011000011011,0.0,11011110011000001001
32,0.0,11011110011000001001,0.0,11100110011000101000
32,0.0,11100110011000101000,0.0,11100110011000101000
32,0.0,11100110011000101000,0.0,11101101011000001010
32,0.0,11101101011000001010,0.0,11001101011000101101
32,0.0,11001101011000101101,0.0,11001101101000101110
32,0.0,11001101101000101110,0.0,11001101011000101101
32,0.0,11001101011000101101,0.0,11000101110010111100
32,0.0,11000101110010111100,0.0,11000101110011010110
32,0.0,11000101110011010110,0.0,11000101110011011000
32,0.0,11000101110011011000,0.0,11010100110011011000
32,0.0,11010100110011011000,0.0,11011100100011111000
32,0.0,11011100100011111000,0.0,11000110100111011000
32,0.0,11000110100111011000,0.0,11000110100111011000
32,0.0,11000110100111011000,0.0,10000111100011011000
32,0.0,10000111100011011000,0.0,10000111100010111100
32,0.0,10000111100010111100,0.0,10001111001000101101
32,0.0,10001111001000101101,0.0,00000011001110101100
32,0.0,00000011001110101100,0.0,00000011011110011010
32,0.0,00000011011110011010,0.0,00000011011110011010
32,0.0,00000011011110011010,0.0,01001001011110111010
32,0.0,01001001011110111010,0.0,01001001011110111010
32,0.0,01001001011110111010,0.0,10000011011110110000
32,0.0,10000011011110110000,0.0,10000111110100111010
32,0.0,10000111110100111010,0.0,10001101111100001111
32,0.0,10001101111100001111,0.0,10000101111110010111
32,0.0,10000101111110010111,0.0,10000101111110010111
32,0.0,10000101111110010111,0.0,10001101101110110111
32,0.0,10001101101110110111,0.0,00111001101110100001
32,0.0,00111001101110100001,0.0,00110001101010001011
32,0.0,00110001101010001011,0.0,00111001100011001011
32,0.0,00111001100011001011,0.0,00111001100011001011
32,0.0,00111001100011001011,0.0,00101111100011001010
32,0.0,00101111100011001010,0.0,10101111000010001111
32,0.0,10101111000010001111,0.0,10101011000100001111
32,0.0,10101011000100001111,0.0,10100011010100010110
32,0.0,10100011010100010110,0.0,10100011010100011000
32,0.0,10100011010100011000,0.0,10100011010100011000
32,0.0,10100011010100011000,0.0,10100011010100011000
32,0.0,10100011010100011000,0.0,10100010010100111111
32,0.0,10100010010100111111,0.0,10101010110100011110
32,0.0,10101010110100011110,0.0,10100010010100111111
32,0.0,10100010010100111111,0.0,10100010010100111111
32,0.0,10100010010100111111,0.0,10100110010001101100
32,0.0,10100110010001101100,0.0,10100110001001101000
32,0.0,10100110001001101000,0.0,10101010000101111011
32,0.0,10101010000101111011,0.0,10100010010100111111
32,0.0,10100010010100111111,0.0,11101010010100111011
32,0.0,11101010010100111011,0.0,01100010010100111110
32,0.0,01100010010100111110,0.0,01100010010100111110
32,0.0,01100010010100111110,0.0,10100010010100111111
32,0.0,10100010010100111111,0.0,10100011010100010110
32,0.0,10100011010100010110,0.0,10100011010100010110
32,0.0,10100011010100010110,0.0,10011110110110010111
32,0.0,10011110110110010111,0.0,10100110110110110110
32,0.0,10100110110110110110,0.0,10100110110110110110
32,0.0,10100110110110110110,0.0,11101010110010110111
32,0.0,11101010110010110111,0.0,11100010110110010100
32,0.0,11100010110110010100,0.0,10100110110110110110
32,0.0,10100110110110110110,0.0,10100110110110111000
32,0.0,10100110110110111000,0.0,10100110110110111000
32,0.0,10100110110110111000,0.0,10100001110110111001
32,0.0,10100001110110111001,0.0,00101011010101001001
32,0.0,00101011010101001001,0.0,00101011010101001001
32,0.0,00101011010101001001,0.0,00101011010101001001
32,0.0,00101011010101001001,0.0,00101011010101001001
32,0.0,00101011010101001001,0.0,01011101010101001000
32,0.0,01011101010101001000,0.0,01010101011100001000
32,0.0,01010101011100001000,0.0,01010101011100001000
32,0.0,01010101011100001000,0.0,01011101011000101011
32,0.0,01011101011000101011,0.0,11010110001000101011
32,0.0,11010110001000101011,0.0,11010110001000101011
32,0.0,11010110001000101011,0.0,11010110011100100001
32,0.0,11010110011100100001,0.0,11010110101100100010
32,0.0,11010110101100100010,0.0,11010110101100100010
32,0.0,11010110101100100010,0.0,11000111101100100010
32,0.0,11000111101100100010,0.0,11000101101101100010
32,0.0,11000101101101100010,0.0,10001110101101100111
32,0.0,10001110101101100111,0.0,10001010101101010111
32,0.0,10001010101101010111,0.0,10101010001101000101
32,0.0,10101010001101000101,0.0,10101010001101000101
32,0.0,10101010001101000101,0.0,11100010001001000100
32,0.0,11100010001001000100,0.0,00111010001001000100
32,0.0,00111010001001000100,0.0,10111010101000000110
32,0.0,10111010101000000110,0.0,11111000111000000110
32,0.0,11111000111000000110,0.0,11111000111000000110
32,0.0,11111000111000000110,0.0,11110000101000010101
32,0.0,11110000101000010101,0.0,11011000011000011101
32,0.0,11011000011000011101,0.0,10011000111000111101
32,0.0,10011000111000111101,0.0,11010000110100111100
32,0.0,11010000110100111100,0.0,11010000110100111100
32,0.0,11010000110100111100,0.0,11011000110110101110
32,0.0,11011000110110101110,0.0,11010000110100111100
32,0.0,11010000110100111100,0.0,11010000100110111101
32,0.0,11010000100110111101,0.0,11010000110100111100
32,0.0,11010000110100111100,0.0,01111000110100101110
32,0.0,01111000110100101110,0.0,01110010010000101100
32,0.0,01110010010000101100,0.0,00011011000001001101
32,0.0,00011011000001001101,0.0,01010001000001101111
32,0.0,01010001000001101111,0.0,01011001010001001101
32,0.0,01011001010001001101,0.0,01011011010000001101
32,0.0,01011011010000001101,0.0,01010001111100000100
32,0.0,01010001111100000100,0.0,01010001111100000100
32,0.0,01010001111100000100,0.0,01010001111100000100
32,0.0,01010001111100000100,0.0,00011001111110001010
32,0.0,00011001111110001010,0.0,10010001111010001010
32,0.0,10010001111010001010,0.0,10011011000010001110
32,0.0,10011011000010001110,0.0,10010011000000011100
32,0.0,10010011000000011100,0.0,10010011000100011011
32,0.0,10010011000100011011,0.0,10000011100101011000
32,0.0,10000011100101011000,0.0,10000111000101011010
32,0.0,10000111000101011010,0.0,10000111000101011010
32,0.0,10000111000101011010,0.0,00001011110101011011
32,0.0,00001011110101011011,0.0,00001011110101011011
32,0.0,00001011110101011011,0.0,00000011110101001101
32,0.0,00000011110101001101,0.0,00011011000001001101
32,0.0,00011011000001001101,0.0,00011011000001001101
32,0.0,00011011000001001101,0.0,01011010000101001101
32,0.0,01011010000101001101,0.0,01011010000101001101
32,0.0,01011010000101001101,0.0,11010010000001001101
32,0.0,11010010000001001101,0.0,11000110000101101111
32,0.0,11000110000101101111,0.0,11000110110101101011
32,0.0,11000110110101101011,0.0,11000101110101101000
32,0.0,11000101110101101000,0.0,11000101100111101001
32,0.0,11000101100111101001,0.0,11000010100101101101
32,0.0,11000010100101101101,0.0,11001110100101001110
32,0.0,11001110100101001110,0.0,11001110100101001110
32,0.0,11001110100101001110,0.0,11001010101101000101
32,0.0,11001010101101000101,0.0,11001110001101000111
32,0.0,11001110001101000111,0.0,11011110001100000100
32,0.0,11011110001100000100,0.0,11110010000110000101
32,0.0,11110010000110000101,0.0,10110010100110100101
32,0.0,10110010100110100101,0.0,11111010100110100001
32,0.0,11111010100110100001,0.0,11111000100111100001
32,0.0,11111000100111100001,0.0,01111000100111110010
33,4.0,01101110010001110111,4.0,01101110010001110111
33,4.0,01101110010001110111,0.0,11101110010001100110
33,0.0,11101110010001100110,0.0,10100010010111100110
33,0.0,10100010010111100110,0.0,11101010010111100010
33,0.0,11101010010111100010,0.0,11101010010100111011
33,0.0,11101010010100111011,0.0,11101010011010001010
33,0.0,11101010011010001010,0.0,11101110110110001011
33,0.0,11101110110110001011,0.0,01101111110010001010
33,0.0,01101111110010001010,0.0,01101111100000001111
33,0.0,01101111100000001111,0.0,01101111100000001111
33,0.0,01101111100000001111,0.0,01100111100001000100
33,0.0,01100111100001000100,0.0,11101010110100001100
33,0.0,11101010110100001100,0.0,10101110110100101110
33,0.0,10101110110100101110,0.0,10101110100110101111
33,0.0,10101110100110101111,0.0,11100110100010101110
33,0.0,11100110100010101110,0.0,10101010101000101111
33,0.0,10101010101000101111,0.0,01101010101000101110
33,0.0,01101010101000101110,0.0,10101010101000101111
33,0.0,10101010101000101111,0.0,10101010101001001011
33,0.0,10101010101001001011,0.0,10101111001000001010
33,0.0,10101111001000001010,0.0,10101011000100001111
33,0.0,10101011000100001111,0.0,10101011000100001111
33,0.0,10101011000100001111,0.0,10111010000100001111
33,0.0,10111010000100001111,0.0,10111010000100001111
33,0.0,10111010000100001111,0.0,11111000010100001111
33,0.0,11111000010100001111,0.0,01111000000101001110
33,0.0,01111000000101001110,0.0,01111000000101001110
33,0.0,01111000000101001110,0.0,01101001000101001110
33,0.0,01101001000101001110,0.0,01000011000001011110
33,0.0,01000011000001011110,0.0,11001001000001111111
33,0.0,11001001000001111111,0.0,11001011000000111111
33,0.0,11001011000000111111,0.0,11001011000000111111
33,0.0,11001011000000111111,0.0,11000111010000101111
33,0.0,11000111010000101111,0.0,10101111010000001110
33,0.0,10101111010000001110,0.0,01101111000010001110
33,0.0,01101111000010001110,0.0,01100101001010001110
33,0.0,01100101001010001110,0.0,01101101011010100111
33,0.0,01101101011010100111,0.0,01101101011010100111
33,0.0,01101101011010100111,0.0,01110101010010100110
33,0.0,01110101010010100110,0.0,01110001010010010110
33,0.0,01110001010010010110,0.0,01110001010010010110
33,0.0,01110001010010010110,0.0,01111001000010001111
33,0.0,01111001000010001111,0.0,10111000000101001111
33,0.0,10111000000101001111,0.0,10111000000101001111
33,0.0,10111000000101001111,0.0,11110000000001001110
33,0.0,11110000000001001110,0.0,11110000000001001110
33,0.0,11110000000001001110,0.0,01110000010001101100
33,0.0,01110000010001101100,0.0,01011100010101101111
33,0.0,01011100010101101111,0.0,01110000010001101100
33,0.0,01110000010001101100,0.0,01011100110011101101
33,0.0,01011100110011101101,0.0,01001101110011101101
33,0.0,01001101110011101101,0.0,01011101110011000100
33,0.0,01011101110011000100,0.0,01011001100001001110
33,0.0,01011001100001001110,0.0,01011001010001001101
33,0.0,01011001010001001101,0.0,00011001110001101101
33,0.0,00011001110001101101,0.0,00011101010001101111
33,0.0,00011101010001101111,0.0,00011101010001101111
33,0.0,00011101010001101111,0.0,10010110000001101111
33,0.0,10010110000001101111,0.0,10010101000001101100
33,0.0,10010101000001101100,0.0,00011001110001101101
33,0.0,00011001110001101101,0.0,00011001110001101101
33,0.0,00011001110001101101,0.0,01011001010001001101
33,0.0,01011001010001001101,0.0,01010001110001101011
33,0.0,01010001110001101011,0.0,01010011110000101011
33,0.0,01010011110000101011,0.0,00110011010000101011
33,0.0,00110011010000101011,0.0,00110001010001101011
33,0.0,00110001010001101011,0.0,00110001000101101000
33,0.0,00110001000101101000,0.0,00111001000111000101
33,0.0,00111001000111000101,0.0,00111001000111000101
33,0.0,00111001000111000101,0.0,00111001000111000101
33,0.0,00111001000111000101,0.0,10011110100111000101
33,0.0,10011110100111000101,0.0,11010000100111011001
33,0.0,11010000100111011001,0.0,11010100110110111011
33,0.0,11010100110110111011,0.0,11010100110110111011
33,0.0,11010100110110111011,0.0,11010100110110111011
33,0.0,11010100110110111011,0.0,11111000110110110011
33,0.0,11111000110110110011,0.0,11110000010110010111
33,0.0,11110000010110010111,0.0,11111000010101010010
33,0.0,11111000010101010010,0.0,10111010000101010010
33,0.0,10111010000101010010,0.0,10111010000101010010
33,0.0,10111010000101010010,0.0,10110000000111011001
33,0.0,10110000000111011001,0.0,10110000000111011001
33,0.0,10110000000111011001,0.0,10110000000111011001
33,0.0,10110000000111011001,0.0,00010000011111011010
33,0.0,00010000011111011010,0.0,00111000011100111011
33,0.0,00111000011100111011,0.0,00111000010101101101
33,0.0,00111000010101101101,0.0,00111000010101101101
33,0.0,00111000010101101101,0.0,00101000110111111101
33,0.0,00101000110111111101,0.0,00101000110111111101
33,0.0,00101000110111111101,0.0,00001110110101111110
33,0.0,00001110110101111110,0.0,00001110111011110101
33,0.0,00001110111011110101,0.0,00001110111011110101
33,0.0,00001110111011110101,0.0,00001110111011110101
33,0.0,00001110111011110101,0.0,00101010101011010100
33,0.0,00101010101011010100,0.0,00010110101011110000
33,0.0,00010110101011110000,0.0,00001110111011110101
33,0.0,00001110111011110101,0.0,00001010011111110100
33,0.0,00001010011111110100,0.0,00010010001111000110
33,0.0,00010010001111000110,0.0,00010110001001001100
33,0.0,00010110001001001100,0.0,10010110011000001101
33,0.0,10010110011000001101,0.0,10011110001000101101
33,0.0,10011110001000101101,0.0,10011110001000101101
33,0.0,10011110001000101101,0.0,10001010001011101101
33,0.0,10001010001011101101,0.0,10100100001011111011
33,0.0,10100100001011111011,0.0,10100010001001011000
33,0.0,10100010001001011000,0.0,10100010001001011000
33,0.0,10100010001001011000,0.0,10100010001001011000
33,0.0,10100010001001011000,0.0,10100010001000111100
33,0.0,10100010001000111100,0.0,10101010101000101111
33,0.0,10101010101000101111,0.0,11000010101100111011
33,0.0,11000010101100111011,0.0,11000010001110111010
33,0.0,11000010001110111010,0.0,01100010101010111000
33,0.0,01100010101010111000,0.0,01100000101011111000
33,0.0,01100000101011111000,0.0,00111000001010111101
33,0.0,00111000001010111101,0.0,00111001001010010100
33,0.0,00111001001010010100,0.0,00110101000110001110
33,0.0,00110101000110001110,0.0,00111100001110001111
33,0.0,00111100001110001111,0.0,00111000101110001101
33,0.0,00111000101110001101,0.0,00110110101100000101
33,0.0,00110110101100000101,0.0,00110110001110000100
33,0.0,00110110001110000100,0.0,10011010001011000100
33,0.0,10011010001011000100,0.0,00010000111111100110
33,0.0,00010000111111100110,0.0,10011000111111100011
33,0.0,10011000111111100011,0.0,10011000111111100011
33,0.0,10011000111111100011,0.0,00010000111111101000
33,0.0,00010000111111101000,0.0,00010100111101101011
33,0.0,00010100111101101011,0.0,00010100111101101011
33,0.0,00010100111101101011,0.0,10000110111101001001
33,0.0,10000110111101001001,0.0,01000110111101001000
33,0.0,01000110111101001000,0.0,01000110111101001000
33,0.0,01000110111101001000,0.0,01000000111101011100
33,0.0,01000000111101011100,0.0,00010000111001011100
33,0.0,00010000111001011100,0.0,00010100011001011110
33,0.0,00010100011001011110,0.0,00011110010001011110
33,0.0,00011110010001011110,0.0,10010110000101011010
33,0.0,10010110000101011010,0.0,10011100101111010011
33,0.0,10011100101111010011,0.0,10011100101111010011
33,0.0,10011100101111010011,0.0,10011100101111010011
33,0.0,10011100101111010011,0.0,10011100101111010011
33,0.0,10011100101111010011,0.0,00011100111111110001
33,0.0,00011100111111110001,0.0,00011110111110110001
33,0.0,00011110111110110001,0.0,00110111010100010001
33,0.0,00110111010100010001,0.0,00110011000101000010
33,0.0,00110011000101000010,0.0,00110011000100101000
33,0.0,00110011000100101000,0.0,00111010001100101001
33,0.0,00111010001100101001,0.0,00111011001100000000
33,0.0,00111011001100000000,0.0,00011111011100100001
33,0.0,00011111011100100001,0.0,00011011011100010001
33,0.0,00011011011100010001,0.0,10010011011000010001
33,0.0,10010011011000010001,0.0,10000111011001010000
33,0.0,10000111011001010000,0.0,00010011001001010000
33,0.0,00010011001001010000,0.0,00010011001001010000
33,0.0,00010011001001010000,0.0,10010010001101010001
33,0.0,10010010001101010001,0.0,00010011001001010000
33,0.0,00010011001001010000,0.0,01110010001001000010
33,0.0,01110010001001000010,0.0,00110010101001100010
33,0.0,00110010101001100010,0.0,01110010100001110001
34,0.0,00110101000011101000,0.0,00100111000011101011
34,0.0,00100111000011101011,0.0,00101111100011001010
34,0.0,00101111100011001010,0.0,10101111100011100000
34,0.0,10101111100011100000,0.0,10101111100110000110
34,0.0,10101111100110000110,0.0,10101111100110000110
34,0.0,10101111100110000110,0.0,00100111100111100010
34,0.0,00100111100111100010,0.0,00110011100110100011
34,0.0,00110011100110100011,0.0,01100011100110100100
34,0.0,01100011100110100100,0.0,01100011100110100100
34,0.0,01100011100110100100,0.0,01110010100110100100
34,0.0,01110010100110100100,0.0,01110000100111100100
34,0.0,01110000100111100100,0.0,01110110100100100111
34,0.0,01110110100100100111,0.0,01110011000010000100
34,0.0,01110011000010000100,0.0,10110011000010000101
34,0.0,10110011000010000101,0.0,10111110000010001111
34,0.0,10111110000010001111,0.0,10111110010000001110
34,0.0,10111110010000001110,0.0,10111100010001001110
34,0.0,10111100010001001110,0.0,10111100010001001110
34,0.0,10111100010001001110,0.0,10111000110001001100
34,0.0,10111000110001001100,0.0,10110100100101010100
34,0.0,10110100100101010100,0.0,10110100100101010100
34,0.0,10110100100101010100,0.0,10110100100101010100
34,0.0,10110100100101010100,0.0,10100010100111010100
34,0.0,10100010100111010100,0.0,10100110000111010110
34,0.0,10100110000111010110,0.0,10001010001111010110
34,0.0,10001010001111010110,0.0,10011010001111000011
34,0.0,10011010001111000011,0.0,10011010001110101001
34,0.0,10011010001110101001,0.0,10011111001100000011
34,0.0,10011111001100000011,0.0,10011011001110000000
34,0.0,10011011001110000000,0.0,10101111001110000001
34,0.0,10101111001110000001,0.0,10100111000111000011
34,0.0,10100111000111000011,0.0,10100111000111000011
34,0.0,10100111000111000011,0.0,10101101001111000001
34,0.0,10101101001111000001,0.0,01111100001111000000
34,0.0,01111100001111000000,0.0,01110100011110000100
34,0.0,01110100011110000100,0.0,01101110010110101101
34,0.0,01101110010110101101,0.0,01001011010110101100
34,0.0,01001011010110101100,0.0,00000011010111001100
34,0.0,00000011010111001100,0.0,00000011010111001100
34,0.0,00000011010111001100,0.0,00000011010111001100
34,0.0,00000011010111001100,0.0,01001011000101001101
34,0.0,01001011000101001101,0.0,01000011100001101100
34,0.0,01000011100001101100,0.0,01000111000001101110
34,0.0,01000111000001101110,0.0,01000111000001101110
34,0.0,01000111000001101110,0.0,11011110000001101011
34,0.0,11011110000001101011,0.0,11011110000001101011
34,0.0,11011110000001101011,0.0,10111010000001101001
34,0.0,10111010000001101001,0.0,00101011000001111010
34,0.0,00101011000001111010,0.0,00100011001000111010
34,0.0,00100011001000111010,0.0,00100011001000111010
34,0.0,00100011001000111010,0.0,00100111001001010001
34,0.0,00100111001001010001,0.0,00100111001001010001
34,0.0,00100111001001010001,0.0,01101111010001010001
34,0.0,01101111010001010001,0.0,01011011010001010000
34,0.0,01011011010001010000,0.0,10011011010001010001
34,0.0,10011011010001010001,0.0,10010001011001010001
34,0.0,10010001011001010001,0.0,11010001010001110011
34,0.0,11010001010001110011,0.0,11000111010001110010
34,0.0,11000111010001110010,0.0,11000111010001110010
34,0.0,11000111010001110010,0.0,11101001001001100011
34,0.0,11101001001001100011,0.0,11101001010001100111
34,0.0,11101001010001100111,0.0,11101001010001100111
34,0.0,11101001010001100111,0.0,11101001010001101001
34,0.0,11101001010001101001,0.0,11101001010001101001
34,0.0,11101001010001101001,0.0,11101001010001101001
34,0.0,11101001010001101001,0.0,10101011000001101001
34,0.0,10101011000001101001,0.0,00100011000001101100
34,0.0,00100011000001101100,0.0,01101011000100001110
34,0.0,01101011000100001110,0.0,01100011000110011000
34,0.0,01100011000110011000,0.0,01100011000110011000
34,0.0,01100011000110011000,0.0,11101110000110001111
34,0.0,11101110000110001111,0.0,11101110000110001111
34,0.0,11101110000110001111,0.0,11101110000110001111
34,0.0,11101110000110001111,0.0,11101110000110001111
34,0.0,11101110000110001111,0.0,11101110000110001111
34,0.0,11101110000110001111,0.0,11100110000100011101
34,0.0,11100110000100011101,0.0,11010010000100011100
34,0.0,11010010000100011100,0.0,11010010000100011100
34,0.0,11010010000100011100,0.0,11000010110100111111
34,0.0,11000010110100111111,0.0,11000010110100111111
34,0.0,11000010110100111111,0.0,11000001110100111100
34,0.0,11000001110100111100,0.0,01001101100101011101
34,0.0,01001101100101011101,0.0,00001101100111111100
34,0.0,00001101100111111100,0.0,00000101101011101101
34,0.0,00000101101011101101,0.0,01001101101011100111
34,0.0,01001101101011100111,0.0,01010101100011100110
34,0.0,01010101100011100110,0.0,01010101100011100110
34,0.0,01010101100011100110,0.0,01110001100001000101
34,0.0,01110001100001000101,0.0,01110101000001000111
34,0.0,01110101000001000111,0.0,01110001000011000100
34,0.0,01110001000011000100,0.0,01110011000010000100
34,0.0,01110011000010000100,0.0,01011011100110000101
34,0.0,01011011100110000101,0.0,01011111101010000000
34,0.0,01011111101010000000,0.0,01010111001010100001
34,0.0,01010111001010100001,0.0,01010111011000100000
34,0.0,01010111011000100000,0.0,01110101001010100010
34,0.0,01110101001010100010,0.0,00110001101010110010
34,0.0,00110001101010110010,0.0,00110001101010110010
34,0.0,00110001101010110010,0.0,00110001110010111000
34,0.0,00110001110010111000,0.0,00110001110010111000
34,0.0,00110001110010111000,0.0,00110001101010110010
34,0.0,00110001101010110010,0.0,00010011001000110100
34,0.0,00010011001000110100,0.0,00010011001000110100
34,0.0,00010011001000110100,0.0,00010111011000110010
34,0.0,00010111011000110010,0.0,00010111001001100000
34,0.0,00010111001001100000,0.0,00011101011101100001
34,0.0,00011101011101100001,0.0,00010101001101001000
34,0.0,00010101001101001000,0.0,00010111001100001000
34,0.0,00010111001100001000,0.0,01010101011100001000
34,0.0,01010101011100001000,0.0,00010101011001001011
34,0.0,00010101011001001011,0.0,00011101010001101111
34,0.0,00011101010001101111,0.0,00011101010001101111
34,0.0,00011101010001101111,0.0,00010101011000101111
34,0.0,00010101011000101111,0.0,00010010011010101111
34,0.0,00010010011010101111,0.0,00010000011011101111
34,0.0,00010000011011101111,0.0,00010000011011101111
34,0.0,00010000011011101111,0.0,00010000001111101100
34,0.0,00010000001111101100,0.0,01011000001111101000
34,0.0,01011000001111101000,0.0,00111000001101101001
34,0.0,00111000001101101001,0.0,00101001001101101001
34,0.0,00101001001101101001,0.0,00110001000101101000
34,0.0,00110001000101101000,0.0,00011111000100101100
34,0.0,00011111000100101100,0.0,10010111000000101100
34,0.0,10010111000000101100,0.0,10010111000001000110
34,0.0,10010111000001000110,0.0,10010011100001000100
34,0.0,10010011100001000100,0.0,10001111100001001110
34,0.0,10001111100001001110,0.0,10001101111100001111
34,0.0,10001101111100001111,0.0,10001101011110001110
34,0.0,10001101011110001110,0.0,10100100111100101110
34,0.0,10100100111100101110,0.0,11101100111100101010
34,0.0,11101100111100101010,0.0,11100100111110110010
34,0.0,11100100111110110010,0.0,11100100001110110110
34,0.0,11100100001110110110,0.0,10111100001110100101
34,0.0,10111100001110100101,0.0,01111100001110100100
35,14.0,11101100111000001111,2.0,11011100111000001101
35,2.0,11011100111000001101,0.0,11100100111010001100
35,0.0,11100100111010001100,0.0,11101001110010110100
35,0.0,11101001110010110100,0.0,11101001110010110100
35,0.0,11101001110010110100,0.0,11101101010010110110
35,0.0,11101101010010110110,0.0,11100001011000100111
35,0.0,11100001011000100111,0.0,11100101111000010011
35,0.0,11100101111000010011,0.0,11100001011100010010
35,0.0,11100001011100010010,0.0,11100001001110010011
35,0.0,11100001001110010011,0.0,11100001011100010010
35,0.0,11100001011100010010,0.0,11101001001100110010
35,0.0,11101001001100110010,0.0,11100001001110010011
35,0.0,11100001001110010011,0.0,11101011000110010011
35,0.0,11101011000110010011,0.0,11101101101110000010
35,0.0,11101101101110000010,0.0,11101001101010000111
35,0.0,11101001101010000111,0.0,10100001101010001101
35,0.0,10100001101010001101,0.0,10100001101010001101
35,0.0,10100001101010001101,0.0,10101001100011001101
35,0.0,10101001100011001101,0.0,10101001100011001101
35,0.0,10101001100011001101,0.0,10111000100011001101
35,0.0,10111000100011001101,0.0,00111001100011001011
35,0.0,00111001100011001011,0.0,00111001100011001011
35,0.0,00111001100011001011,0.0,00111001100011001011
35,0.0,00111001100011001011,0.0,00110001000011011000
35,0.0,00110001000011011000,0.0,00110001100001011001
35,0.0,00110001100001011001,0.0,00011001100111011001
35,0.0,00011001100111011001,0.0,11000001100111011001
35,0.0,11000001100111011001,0.0,11000101110011011000
35,0.0,11000101110011011000,0.0,01100101110001011000
35,0.0,01100101110001011000,0.0,01100101110001011000
35,0.0,01100101110001011000,0.0,01101111010001010001
35,0.0,01101111010001010001,0.0,11100101000101110001
35,0.0,11100101000101110001,0.0,11010001000101110000
35,0.0,11010001000101110000,0.0,11011010010101010001
35,0.0,11011010010101010001,0.0,11011010010101010001
35,0.0,11011010010101010001,0.0,01010010010101010100
35,0.0,01010010010101010100,0.0,00011110010111010101
35,0.0,00011110010111010101,0.0,00001111010111010101
35,0.0,00001111010111010101,0.0,00000111110111110011
35,0.0,00000111110111110011,0.0,00000111110111110011
35,0.0,00000111110111110011,0.0,00001111111110110001
35,0.0,00001111111110110001,0.0,00001011011111100001
35,0.0,00001011011111100001,0.0,00001011001011101011
35,0.0,00001011001011101011,0.0,00001011001011101011
35,0.0,00001011001011101011,0.0,10100001011011100010
35,0.0,10100001011011100010,0.0,10110001111000100000
35,0.0,10110001111000100000,0.0,11110001011000000000
35,0.0,11110001011000000000,0.0,11110001011000000000
35,0.0,11110001011000000000,0.0,10110001001001000000
35,0.0,10110001001001000000,0.0,10110001001001000000
35,0.0,10110001001001000000,0.0,11110001001010000001
35,0.0,11110001001010000001,0.0,01111001001110000001
35,0.0,01111001001110000001,0.0,01111001001110000001
35,0.0,01111001001110000001,0.0,01110001001100100010
35,0.0,01110001001100100010,0.0,11111101100100100001
35,0.0,11111101100100100001,0.0,11110100100110101010
35,0.0,11110100100110101010,0.0,11110000100110011010
35,0.0,11110000100110011010,0.0,11111000001100001011
35,0.0,11111000001100001011,0.0,11111000001100001011
35,0.0,11111000001100001011,0.0,11111000001100001011
35,0.0,11111000001100001011,0.0,01110000001100001110
35,0.0,01110000001100001110,0.0,01011100111100001110
35,0.0,01011100111100001110,0.0,00011110101100001110
35,0.0,00011110101100001110,0.0,00010110001001001100
35,0.0,00010110001001001100,0.0,00011110011001100101
35,0.0,00011110011001100101,0.0,00011010011001010101
35,0.0,00011010011001010101,0.0,00011110011101010000
35,0.0,00011110011101010000,0.0,00010011001001010000
35,0.0,00010011001001010000,0.0,00010010001001110111
35,0.0,00010010001001110111,0.0,00100010001011110101
35,0.0,00100010001011110101,0.0,00100010001011110101
35,0.0,00100010001011110101,0.0,00100010011001110100
35,0.0,00100010011001110100,0.0,00101010001001101101
35,0.0,00101010001001101101,0.0,00101010001001101101
35,0.0,00101010001001101101,0.0,00101010001001101101
35,0.0,00101010001001101101,0.0,01100110100001101101
35,0.0,01100110100001101101,0.0,01101010100011001111
35,0.0,01101010100011001111,0.0,01101001100011001100
35,0.0,01101001100011001100,0.0,01101001001011000101
35,0.0,01101001001011000101,0.0,01101101000011001110
35,0.0,01101101000011001110,0.0,01101111100000001111
35,0.0,01101111100000001111,0.0,01100111000000011100
35,0.0,01100111000000011100,0.0,11101111000000010111
35,0.0,11101111000000010111,0.0,11100110110100010111
35,0.0,11100110110100010111,0.0,11101110100100110111
35,0.0,11101110100100110111,0.0,10111110100000110111
35,0.0,10111110100000110111,0.0,10110110110000010111
35,0.0,10110110110000010111,0.0,10110110110000010111
35,0.0,10110110110000010111,0.0,00110110010001010101
35,0.0,00110110010001010101,0.0,00101010010101011100
35,0.0,00101010010101011100,0.0,10100110000111011000
35,0.0,10100110000111011000,0.0,00101110010111011011
35,0.0,00101110010111011011,0.0,10100110010011011011
35,0.0,10100110010011011011,0.0,10100110110111010010
35,0.0,10100110110111010010,0.0,10001010111111010010
35,0.0,10001010111111010010,0.0,10000010011011110100
35,0.0,10000010011011110100,0.0,10000010011011110100
35,0.0,10000010011011110100,0.0,00001110111011110101
35,0.0,00001110111011110101,0.0,01001110101011010110
35,0.0,01001110101011010110,0.0,01100010101010110110
35,0.0,01100010101010110110,0.0,01100010101010110110
35,0.0,01100010101010110110,0.0,01010110001010110100
35,0.0,01010110001010110100,0.0,11010010001010100110
35,0.0,11010010001010100110,0.0,11011000011110100111
35,0.0,11011000011110100111,0.0,11001110011110100110
35,0.0,11001110011110100110,0.0,10000111111100000100
35,0.0,10000111111100000100,0.0,10000111101110000101
35,0.0,10000111101110000101,0.0,01000111101110000100
35,0.0,01000111101110000100,0.0,01000111001110110011
35,0.0,01000111001110110011,0.0,01010110001110110011
35,0.0,01010110001110110011,0.0,11010110101100100010
35,0.0,11010110101100100010,0.0,11010010101100010010
35,0.0,11010010101100010010,0.0,11010010101100010010
35,0.0,11010010101100010010,0.0,10010010100101011000
35,0.0,10010010100101011000,0.0,10010010100101011000
35,0.0,10010010100101011000,0.0,10001010101101011001
35,0.0,10001010101101011001,0.0,10111000101100101011
35,0.0,10111000101100101011,0.0,10110001100100101010
35,0.0,10110001100100101010,0.0,10110001100100101010
35,0.0,10110001100100101010,0.0,10010101110100001110
35,0.0,10010101110100001110,0.0,10010101110100001110
35,0.0,10010101110100001110,0.0,00010101010101001100
35,0.0,00010101010101001100,0.0,00010101000111001101
35,0.0,00010101000111001101,0.0,00010101000111001101
35,0.0,00010101000111001101,0.0,00011111000110011011
35,0.0,00011111000110011011,0.0,00110110000110111010
35,0.0,00110110000110111010,0.0,00110010100110111000
35,0.0,00110010100110111000,0.0,00111010110110010100
35,0.0,00111010110110010100,0.0,00111111101000000001
35,0.0,00111111101000000001,0.0,00110011100011000000
35,0.0,00110011100011000000,0.0,00110111100001000011
35,0.0,00110111100001000011,0.0,01111001100001010011
35,0.0,01111001100001010011,0.0,00110001100001011001
35,0.0,00110001100001011001,0.0,00110101000001011011
35,0.0,00110101000001011011,0.0,00110101010101010001
35,0.0,00110101010101010001,0.0,00110101010101010001
35,0.0,00110101010101010001,0.0,00111001110110100101
35,0.0,00111001110110100101,0.0,01110001010100100110
36,0.0,10101010001011001010,0.0,10101010001011001010
36,0.0,10101010001011001010,0.0,11101000011011001010
36,0.0,11101000011011001010,0.0,11100100111110001011
36,0.0,11100100111110001011,0.0,10100110111100001010
36,0.0,10100110111100001010,0.0,10100010111000001111
36,0.0,10100010111000001111,0.0,01100010111000001110
36,0.0,01100010111000001110,0.0,01100000111001001110
36,0.0,01100000111001001110,0.0,01101000011001101101
36,0.0,01101000011001101101,0.0,01100000110011111100
36,0.0,01100000110011111100,0.0,11101000010001111100
36,0.0,11101000010001111100,0.0,11101000010101111011
36,0.0,11101000010101111011,0.0,10101110010001111010
36,0.0,10101110010001111010,0.0,10111100100001111001
36,0.0,10111100100001111001,0.0,10111100100001111001
36,0.0,10111100100001111001,0.0,10110001001000100100
36,0.0,10110001001000100100,0.0,10110001011000010010
36,0.0,10110001011000010010,0.0,10110001011000010010
36,0.0,10110001011000010010,0.0,10111001001000001011
36,0.0,10111001001000001011,0.0,10111001001000001011
36,0.0,10111001001000001011,0.0,10110001100010011010
36,0.0,10110001100010011010,0.0,10111001000011010011
36,0.0,10111001000011010011,0.0,10110101010011000011
36,0.0,10110101010011000011,0.0,10110101000111000000
36,0.0,10110101000111000000,0.0,00010111000111010000
36,0.0,00010111000111010000,0.0,00011101011101100001
36,0.0,00011101011101100001,0.0,00010101111101000010
36,0.0,00010101111101000010,0.0,01000101011101110010
36,0.0,01000101011101110010,0.0,01000111011100110010
36,0.0,01000111011100110010,0.0,01010110011100110010
36,0.0,01010110011100110010,0.0,01000111010110110111
36,0.0,01000111010110110111,0.0,01011011100110000101
36,0.0,01011011100110000101,0.0,01011111000110000111
36,0.0,01011111000110000111,0.0,01011111110010000100
36,0.0,01011111110010000100,0.0,01011111110010000100
36,0.0,01011111110010000100,0.0,01011110010010011111
36,0.0,01011110010010011111,0.0,01001110110011011100
36,0.0,01001110110011011100,0.0,01000110110111110100
36,0.0,01000110110111110100,0.0,01000110110111110100
36,0.0,01000110110111110100,0.0,01000110110111110100
36,0.0,01000110110111110100,0.0,01000110110111110100
36,0.0,01000110110111110100,0.0,01000010111001110100
36,0.0,01000010111001110100,0.0,01011000111001010110
36,0.0,01011000111001010110,0.0,00111000011001010110
36,0.0,00111000011001010110,0.0,00111000011001010110
36,0.0,00111000011001010110,0.0,00111100011001100110
36,0.0,00111100011001100110,0.0,00111100011001100110
36,0.0,00111100011001100110,0.0,01110100011000110101
36,0.0,01110100011000110101,0.0,00111000111010110111
36,0.0,00111000111010110111,0.0,01110000110110110110
36,0.0,01110000110110110110,0.0,01110000110110110110
36,0.0,01110000110110110110,0.0,00110001110010110110
36,0.0,00110001110010110110,0.0,00111001111010010000
36,0.0,00111001111010010000,0.0,10011001011110010010
36,0.0,10011001011110010010,0.0,10011001111100010011
36,0.0,10011001111100010011,0.0,10011001111100010011
36,0.0,10011001111100010011,0.0,10011001111100010011
36,0.0,10011001111100010011,0.0,10011111001100000011
36,0.0,10011111001100000011,0.0,10010111101000100010
36,0.0,10010111101000100010,0.0,10010111101000100010
36,0.0,10010111101000100010,0.0,00011011101000100111
36,0.0,00011011101000100111,0.0,00011001101001100111
36,0.0,00011001101001100111,0.0,00011001101001100111
36,0.0,00011001101001100111,0.0,01011100111001100110
36,0.0,01011100111001100110,0.0,01111000011001000100
36,0.0,01111000011001000100,0.0,11011100011001000111
36,0.0,11011100011001000111,0.0,11011100011001000111
36,0.0,11011100011001000111,0.0,11010100010001101111
36,0.0,11010100010001101111,0.0,11010000110001101101
36,0.0,11010000110001101101,0.0,11110000100010101111
36,0.0,11110000100010101111,0.0,01110000101010001100
36,0.0,01110000101010001100,0.0,01010000111010011101
36,0.0,01010000111010011101,0.0,01010110011000001100
36,0.0,01010110011000001100,0.0,01011011001000001001
36,0.0,01011011001000001001,0.0,01011011001000001001
36,0.0,01011011001000001001,0.0,01011011001000001001
36,0.0,01011011001000001001,0.0,01011011001000001001
36,0.0,01011011001000001001,0.0,01011010101001000100
36,0.0,01011010101001000100,0.0,01011010101001000100
36,0.0,01011010101001000100,0.0,01011110001001001000
36,0.0,01011110001001001000,0.0,01001110101101101000
36,0.0,01001110101101101000,0.0,01001110101110111011
36,0.0,01001110101110111011,0.0,01001110001100111110
36,0.0,01001110001100111110,0.0,01000110011100011110
36,0.0,01000110011100011110,0.0,10000010111100011101
36,0.0,10000010111100011101,0.0,11001000111100111101
36,0.0,11001000111100111101,0.0,11001001011000011101
36,0.0,11001001011000011101,0.0,10001111011000011011
36,0.0,10001111011000011011,0.0,10000111011000001101
36,0.0,10000111011000001101,0.0,10000111011000001101
36,0.0,10000111011000001101,0.0,00000111001001001100
36,0.0,00000111001001001100,0.0,00001101011101001101
36,0.0,00001101011101001101,0.0,10001111010001001101
36,0.0,10001111010001001101,0.0,10000111011000001101
36,0.0,10000111011000001101,0.0,01000111011000001100
36,0.0,01000111011000001100,0.0,01001011001000011100
36,0.0,01001011001000011100,0.0,01010010101000111010
36,0.0,01010010101000111010,0.0,01010010101000111010
36,0.0,01010010101000111010,0.0,01010010111100110000
36,0.0,01010010111100110000,0.0,11011010010100110101
36,0.0,11011010010100110101,0.0,01010010110110110101
36,0.0,01010010110110110101,0.0,01010010110110110101
36,0.0,01010010110110110101,0.0,11010010100110010111
36,0.0,11010010100110010111,0.0,11000110100111010110
36,0.0,11000110100111010110,0.0,11000110010111010101
36,0.0,11000110010111010101,0.0,11011110010011010001
36,0.0,11011110010011010001,0.0,11011110100011010010
36,0.0,11011110100011010010,0.0,11011100100011111000
36,0.0,11011100100011111000,0.0,11001110100011111011
36,0.0,11001110100011111011,0.0,11001101100011111000
36,0.0,11001101100011111000,0.0,10101101100001111001
36,0.0,10101101100001111001,0.0,10111100100001111001
36,0.0,10111100100001111001,0.0,10101101100001111001
36,0.0,10101101100001111001,0.0,00100101100001111100
36,0.0,00100101100001111100,0.0,00111101000101110001
36,0.0,00111101000101110001,0.0,00011101101101100010
36,0.0,00011101101101100010,0.0,00011101110101100110
36,0.0,00011101110101100110,0.0,10010101110001100110
36,0.0,10010101110001100110,0.0,10010001100101100111
36,0.0,10010001100101100111,0.0,11101001100111100001
36,0.0,11101001100111100001,0.0,11100101010110100111
36,0.0,11100101010110100111,0.0,01100101010110111010
36,0.0,01100101010110111010,0.0,01100101110100111011
36,0.0,01100101110100111011,0.0,01001001111100111011
36,0.0,01001001111100111011,0.0,01011000111100111011
36,0.0,01011000111100111011,0.0,01011000001100111111
36,0.0,01011000001100111111,0.0,00110000001001111010
36,0.0,00110000001001111010,0.0,00110000001001111010
36,0.0,00110000001001111010,0.0,00011101001001101011
36,0.0,00011101001001101011,0.0,01001101101011101001
36,0.0,01001101101011101001,0.0,01001101001101101011
36,0.0,01001101001101101011,0.0,01000101001111110011
36,0.0,01000101001111110011,0.0,01001101001101101011
36,0.0,01001101001101101011,0.0,01010101000101101010
36,0.0,01010101000101101010,0.0,01010001000101011010
36,0.0,01010001000101011010,0.0,01010001000101011010
36,0.0,01010001000101011010,0.0,01010101000101101010
36,0.0,01010101000101101010,0.0,01001101001101101011
36,0.0,01001101001101101011,0.0,01000101100111111010
36,0.0,01000101100111111010,0.0,11000101110110111011
36,0.0,11000101110110111011,0.0,00010101100011111010
37,4.0,11100110111100100000,0.0,11111110010100100010
37,0.0,11111110010100100010,0.0,11011110010101100001
37,0.0,11011110010101100001,0.0,11001111010101100001
37,0.0,11001111010101100001,0.0,11001111010101100001
37,0.0,11001111010101100001,0.0,11001111010101100001
37,0.0,11001111010101100001,0.0,01001111010101110010
37,0.0,01001111010101110010,0.0,01000111011100110010
37,0.0,01000111011100110010,0.0,00001111011100110100
37,0.0,00001111011100110100,0.0,00101111011000100110
37,0.0,00101111011000100110,0.0,00101011111000100100
37,0.0,00101011111000100100,0.0,00101011001001000100
37,0.0,00101011001001000100,0.0,00100011000001101100
37,0.0,00100011000001101100,0.0,10101011000001100111
37,0.0,10101011000001100111,0.0,10101011000001101001
37,0.0,10101011000001101001,0.0,10100011010001001001
37,0.0,10100011010001001001,0.0,11101011010001000011
37,0.0,11101011010001000011,0.0,11111011010000000000
37,0.0,11111011010000000000,0.0,00111011011000000011
37,0.0,00111011011000000011,0.0,00111011011000000011
37,0.0,00111011011000000011,0.0,00111011011000000011
37,0.0,00111011011000000011,0.0,00101111111010100011
37,0.0,00101111111010100011,0.0,00011011111010100010
37,0.0,00011011111010100010,0.0,00011011111010100010
37,0.0,00011011111010100010,0.0,00010011101010110001
37,0.0,00010011101010110001,0.0,10011011001000110001
37,0.0,10011011001000110001,0.0,10011011001000110001
37,0.0,10011011001000110001,0.0,01011011001000110000
37,0.0,01011011001000110000,0.0,01011011001000110000
37,0.0,01011011001000110000,0.0,01010001011000110100
37,0.0,01010001011000110100,0.0,01010100111110010110
37,0.0,01010100111110010110,0.0,01010001101110000101
37,0.0,01010001101110000101,0.0,01010100101111000100
37,0.0,01010100101111000100,0.0,01010110101110000100
37,0.0,01010110101110000100,0.0,10010110101110000101
37,0.0,10010110101110000101,0.0,10010110111100000100
37,0.0,10010110111100000100,0.0,10010110111100000100
37,0.0,10010110111100000100,0.0,10010110101000001110
37,0.0,10010110101000001110,0.0,00000111101010101101
37,0.0,00000111101010101101,0.0,00000111101010101101
37,0.0,00000111101010101101,0.0,00101111100010101110
37,0.0,00101111100010101110,0.0,00101111010010101101
37,0.0,00101111010010101101,0.0,00101111010010101101
37,0.0,00101111010010101101,0.0,00100111010001101010
37,0.0,00100111010001101010,0.0,00110110010001101010
37,0.0,00110110010001101010,0.0,00110010000101101011
37,0.0,00110010000101101011,0.0,00110110010001101010
37,0.0,00110110010001101010,0.0,00110010010001011010
37,0.0,00110010010001011010,0.0,01110010010001001000
37,0.0,01110010010001001000,0.0,10110010010001001001
37,0.0,10110010010001001001,0.0,00011111010001001011
37,0.0,00011111010001001011,0.0,00011111010100011010
37,0.0,00011111010100011010,0.0,10110010010100011000
37,0.0,10110010010100011000,0.0,10110010010100011000
37,0.0,10110010010100011000,0.0,10110010010100011000
37,0.0,10110010010100011000,0.0,10110010010100011000
37,0.0,10110010010100011000,0.0,00110010011100110000
37,0.0,00110010011100110000,0.0,00111010011000011000
37,0.0,00111010011000011000,0.0,00111010011000011000
37,0.0,00111010011000011000,0.0,11100010011000011000
37,0.0,11100010011000011000,0.0,11100000011000111100
37,0.0,11100000011000111100,0.0,11101000010001111100
37,0.0,11101000010001111100,0.0,11111100000000111101
37,0.0,11111100000000111101,0.0,11111100000000111101
37,0.0,11111100000000111101,0.0,11111100010010110110
37,0.0,11111100010010110110,0.0,01110101010010100110
37,0.0,01110101010010100110,0.0,01110001000110100111
37,0.0,01110001000110100111,0.0,01100101000111100110
37,0.0,01100101000111100110,0.0,01101001100111110010
37,0.0,01101001100111110010,0.0,01101011100110110010
37,0.0,01101011100110110010,0.0,00100011100110111000
37,0.0,00100011100110111000,0.0,00100011100110111000
37,0.0,00100011100110111000,0.0,01100010101010111000
37,0.0,01100010101010111000,0.0,00101010101110111001
37,0.0,00101010101110111001,0.0,01100010101010111000
37,0.0,01100010101010111000,0.0,01100010101010111000
37,0.0,01100010101010111000,0.0,11100010001010011001
37,0.0,11100010001010011001,0.0,11101010000011011001
37,0.0,11101010000011011001,0.0,00100011000011011011
37,0.0,00100011000011011011,0.0,00101011001101000011
37,0.0,00101011001101000011,0.0,00101011001101000011
37,0.0,00101011001101000011,0.0,01101001011101000011
37,0.0,01101001011101000011,0.0,01101101111110100000
37,0.0,01101101111110100000,0.0,01111100111100010011
37,0.0,01111100111100010011,0.0,01010101111110000011
37,0.0,01010101111110000011,0.0,01010101011100000110
37,0.0,01010101011100000110,0.0,01101001011100100111
37,0.0,01101001011100100111,0.0,01101001011100100111
37,0.0,01101001011100100111,0.0,00000001011110111110
37,0.0,00000001011110111110,0.0,00000011011110011010
37,0.0,00000011011110011010,0.0,00000011011110011010
37,0.0,00000011011110011010,0.0,00000011001111001000
37,0.0,00000011001111001000,0.0,01000001011111001000
37,0.0,01000001011111001000,0.0,01000101011001001100
37,0.0,01000101011001001100,0.0,10000101011001001101
37,0.0,10000101011001001101,0.0,10001101011001011011
37,0.0,10001101011001011011,0.0,10001101011001011011
37,0.0,10001101011001011011,0.0,10001001111001011001
37,0.0,10001001111001011001,0.0,10001011111000011001
37,0.0,10001011111000011001,0.0,10101001111000011010
37,0.0,10101001111000011010,0.0,10101001111000011010
37,0.0,10101001111000011010,0.0,10101001101010011011
37,0.0,10101001101010011011,0.0,10100011101010010000
37,0.0,10100011101010010000,0.0,00101010101110111001
37,0.0,00101010101110111001,0.0,00101010101110111001
37,0.0,00101010101110111001,0.0,00100011100110111000
37,0.0,00100011100110111000,0.0,00100011001110110001
37,0.0,00100011001110110001,0.0,00000011101101110000
37,0.0,00000011101101110000,0.0,00000011101101110000
37,0.0,00000011101101110000,0.0,00010110001101110010
37,0.0,00010110001101110010,0.0,01011010001001110011
37,0.0,01011010001001110011,0.0,11011100001011110001
37,0.0,11011100001011110001,0.0,01010100001111110011
37,0.0,01010100001111110011,0.0,01010100001111110011
37,0.0,01010100001111110011,0.0,01010000001101110100
37,0.0,01010000001101110100,0.0,01011000101101100111
37,0.0,01011000101101100111,0.0,00010001101101000100
37,0.0,00010001101101000100,0.0,00011100101101001110
37,0.0,00011100101101001110,0.0,00000001101101101101
37,0.0,00000001101101101101,0.0,00000001001111101100
37,0.0,00000001001111101100,0.0,00000101101011101101
37,0.0,00000101101011101101,0.0,00000101111001101100
37,0.0,00000101111001101100,0.0,00000111001001001100
37,0.0,00000111001001001100,0.0,01001111001001000110
37,0.0,01001111001001000110,0.0,01001111001001000110
37,0.0,01001111001001000110,0.0,01001111001001000110
37,0.0,01001111001001000110,0.0,01101110101001000101
37,0.0,01101110101001000101,0.0,01101110111000010111
37,0.0,01101110111000010111,0.0,00101010101110110111
37,0.0,00101010101110110111,0.0,00101010101110110111
37,0.0,00101010101110110111,0.0,11100010101110010000
37,0.0,11100010101110010000,0.0,11110100101100010000
37,0.0,11110100101100010000,0.0,11110100101100010000
37,0.0,11110100101100010000,0.0,11100110101100010011
37,0.0,11100110101100010011,0.0,11100110101100010011
37,0.0,11100110101100010011,0.0,11100110101100010011
37,0.0,11100110101100010011,0.0,11100100111110110010
37,0.0,11100100111110110010,0.0,11100100111110110010
37,0.0,11100100111110110010,0.0,11100000111010110111
37,0.0,11100000111010110111,0.0,11101000100111110100
37,0.0,11101000100111110100,0.0,11101100000111110110
37,0.0,11101100000111110110,0.0,11101100100101110111
37,0.0,11101100100101110111,0.0,11101100100101110111
37,0.0,11101100100101110111,0.0,11101100100101110111
37,0.0,11101100100101110111,0.0,11100100101100110111
37,0.0,11100100101100110111,0.0,11100100101100110111
37,0.0,11100100101100110111,0.0,11101010001000110110
37,0.0,11101010001000110110,0.0,11101010101001100000
37,0.0,11101010101001100000,0.0,01100110101011100010
38,2.0,11011001100110100111,2.0,11011001000010101111
38,2.0,11011001000010101111,2.0,01011001001010001100
38,2.0,01011001001010001100,2.0,01010001001001001010
38,2.0,01010001001001001010,2.0,01100001101001110000
38,2.0,01100001101001110000,0.0,00110001101010110010
38,0.0,00110001101010110010,0.0,00110001101010110010
38,0.0,00110001101010110010,0.0,00110001101010001011
38,0.0,00110001101010001011,0.0,00110001001000001110
38,0.0,00110001001000001110,0.0,00110001001000001110
38,0.0,00110001001000001110,0.0,10100001001100001111
38,0.0,10100001001100001111,0.0,10101101001000101110
38,0.0,10101101001000101110,0.0,10001111001000101101
38,0.0,10001111001000101101,0.0,10011110001000101101
38,0.0,10011110001000101101,0.0,10011110001000101101
38,0.0,10011110001000101101,0.0,00010011001000001101
38,0.0,00010011001000001101,0.0,01011011001000001001
38,0.0,01011011001000001001,0.0,11001011110110001010
38,0.0,11001011110110001010,0.0,11000111000101001000
38,0.0,11000111000101001000,0.0,11000011110001001001
38,0.0,11000011110001001001,0.0,11001011110000111011
38,0.0,11001011110000111011,0.0,10001011100001111011
38,0.0,10001011100001111011,0.0,10011101000001111010
38,0.0,10011101000001111010,0.0,11011101010000111010
38,0.0,11011101010000111010,0.0,11010100010100111110
38,0.0,11010100010100111110,0.0,10010001000100111111
38,0.0,10010001000100111111,0.0,10010111000100101011
38,0.0,10010111000100101011,0.0,10110111100100000001
38,0.0,10110111100100000001,0.0,10110111000110000000
38,0.0,10110111000110000000,0.0,10110111010010000011
38,0.0,10110111010010000011,0.0,11100011110110000001
38,0.0,11100011110110000001,0.0,11100011110110000001
38,0.0,11100011110110000001,0.0,11100011110110000001
38,0.0,11100011110110000001,0.0,11100101100110101010
38,0.0,11100101100110101010,0.0,01101001100111001011
38,0.0,01101001100111001011,0.0,01101101100001001111
38,0.0,01101101100001001111,0.0,00100001100111001111
38,0.0,00100001100111001111,0.0,10100001110101100100
38,0.0,10100001110101100100,0.0,10000101111101000100
38,0.0,10000101111101000100,0.0,10010001111100000101
38,0.0,10010001111100000101,0.0,11011001110000001111
38,0.0,11011001110000001111,0.0,11011001110000001111
38,0.0,11011001110000001111,0.0,11010001010000011100
38,0.0,11010001010000011100,0.0,11011001000000111100
38,0.0,11011001000000111100,0.0,01010101100000111111
38,0.0,01010101100000111111,0.0,01010101000010111110
38,0.0,01010101000010111110,0.0,00110101000000111111
38,0.0,00110101000000111111,0.0,00011101000110111111
38,0.0,00011101000110111111,0.0,00011100100111111100
38,0.0,00011100100111111100,0.0,00011100001001111110
38,0.0,00011100001001111110,0.0,10001000011011111111
38,0.0,10001000011011111111,0.0,10001000011011111111
38,0.0,10001000011011111111,0.0,10001100111001111100
38,0.0,10001100111001111100,0.0,10001110111000111100
38,0.0,10001110111000111100,0.0,11000110111000111010
38,0.0,11000110111000111010,0.0,11000010101000111100
38,0.0,11000010101000111100,0.0,11001010100001111100
38,0.0,11001010100001111100,0.0,10000110100011111111
38,0.0,10000110100011111111,0.0,10000110100011111111
38,0.0,10000110100011111111,0.0,10010011100010010111
38,0.0,10010011100010010111,0.0,10000011010010111110
38,0.0,10000011010010111110,0.0,10100011010000101101
38,0.0,10100011010000101101,0.0,10001011010110101101
38,0.0,10001011010110101101,0.0,10001011100110101110
38,0.0,10001011100110101110,0.0,10001001100111101110
38,0.0,10001001100111101110,0.0,01101100100111101110
38,0.0,01101100100111101110,0.0,01101100100111101110
38,0.0,01101100100111101110,0.0,01101000100111011110
38,0.0,01101000100111011110,0.0,01100010110011011000
38,0.0,01100010110011011000,0.0,00101010110111011001
38,0.0,00101010110111011001,0.0,10100100110111111000
38,0.0,10100100110111111000,0.0,10100100110111111000
38,0.0,10100100110111111000,0.0,10110000110110111001
38,0.0,10110000110110111001,0.0,10111010100110110011
38,0.0,10111010100110110011,0.0,10111010100110110011
38,0.0,10111010100110110011,0.0,10111000100111110011
38,0.0,10111000100111110011,0.0,10111000110101110010
38,0.0,10111000110101110010,0.0,10110000110101100100
38,0.0,10110000110101100100,0.0,00011000110101111111
38,0.0,00011000110101111111,0.0,00011100110011111111
38,0.0,00011100110011111111,0.0,00011100110011111111
38,0.0,00011100110011111111,0.0,00011100110011111111
38,0.0,00011100110011111111,0.0,00110100110011001110
38,0.0,00110100110011001110,0.0,00110000111011000101
38,0.0,00110000111011000101,0.0,00110000111011000101
38,0.0,00110000111011000101,0.0,00111000111010110111
38,0.0,00111000111010110111,0.0,11111000110010110100
38,0.0,11111000110010110100,0.0,11111001110010100001
38,0.0,11111001110010100001,0.0,10110001110011000001
38,0.0,10110001110011000001,0.0,00111001110111000001
38,0.0,00111001110111000001,0.0,10110001110011000001
38,0.0,10110001110011000001,0.0,10110101000111000000
38,0.0,10110101000111000000,0.0,11110000000111000101
38,0.0,11110000000111000101,0.0,11110000001101000000
38,0.0,11110000001101000000,0.0,11110100101001000001
38,0.0,11110100101001000001,0.0,01111000111011000001
38,0.0,01111000111011000001,0.0,00111100111011100011
38,0.0,00111100111011100011,0.0,00111100111011100011
38,0.0,00111100111011100011,0.0,00111100111011100011
38,0.0,00111100111011100011,0.0,00111100111011100011
38,0.0,00111100111011100011,0.0,00110101110011100010
38,0.0,00110101110011100010,0.0,00111101110001000101
38,0.0,00111101110001000101,0.0,00111001010101000100
38,0.0,00111001010101000100,0.0,00111001010101000100
38,0.0,00111001010101000100,0.0,10011001010111000100
38,0.0,10011001010111000100,0.0,10101101010111000101
38,0.0,10101101010111000101,0.0,11100111010010000100
38,0.0,11100111010010000100,0.0,10101110011001000100
38,0.0,10101110011001000100,0.0,10101110001011000101
38,0.0,10101110001011000101,0.0,01100110110011100110
38,0.0,01100110110011100110,0.0,00101110110111100111
38,0.0,00101110110111100111,0.0,00101110110111101001
38,0.0,00101110110111101001,0.0,10101000111011101010
38,0.0,10101000111011101010,0.0,10001010011101101011
38,0.0,10001010011101101011,0.0,10000011010101101010
38,0.0,10000011010101101010,0.0,11000110110101101011
38,0.0,11000110110101101011,0.0,11001100011101011011
38,0.0,11001100011101011011,0.0,11001110011100011011
38,0.0,11001110011100011011,0.0,11010110010100011010
38,0.0,11010110010100011010,0.0,11010010000100011100
38,0.0,11010010000100011100,0.0,11001010001100011101
38,0.0,11001010001100011101,0.0,11011000011000011101
38,0.0,11011000011000011101,0.0,11011110011000001001
38,0.0,11011110011000001001,0.0,11011110011000001001
38,0.0,11011110011000001001,0.0,00010101011001001011
38,0.0,00010101011001001011,0.0,00000101111011011011
39,8.0,10010110100101010100,2.0,10010000001111010100
39,2.0,10010000001111010100,0.0,11000100001111110101
39,0.0,11000100001111110101,0.0,01101100001111100111
39,0.0,01101100001111100111,0.0,01101100001111100111
39,0.0,01101100001111100111,0.0,01100100001101110101
39,0.0,01100100001101110101,0.0,11000100011101110100
39,0.0,11000100011101110100,0.0,11000100011101110100
39,0.0,11000100011101110100,0.0,01001101011110110101
39,0.0,01001101011110110101,0.0,00010110011110010101
39,0.0,00010110011110010101,0.0,00010100011111010101
39,0.0,00010100011111010101,0.0,00111100001111010010
39,0.0,00111100001111010010,0.0,00111100001111010010
39,0.0,00111100001111010010,0.0,10110000001101010010
39,0.0,10110000001101010010,0.0,11111000001100110010
39,0.0,11111000001100110010,0.0,11100110001110010010
39,0.0,11100110001110010010,0.0,11101010001001010010
39,0.0,11101010001001010010,0.0,11101010001001010010
39,0.0,11101010001001010010,0.0,10100010101011010011
39,0.0,10100010101011010011,0.0,00101010101111010011
39,0.0,00101010101111010011,0.0,00111010101110010000
39,0.0,00111010101110010000,0.0,00111110101100010011
39,0.0,00111110101100010011,0.0,00111110101100010011
39,0.0,00111110101100010011,0.0,00101111101100010011
39,0.0,00101111101100010011,0.0,00101101111110110010
39,0.0,00101101111110110010,0.0,00001101111111110001
39,0.0,00001101111111110001,0.0,00000011111001110011
39,0.0,00000011111001110011,0.0,01000011111001100001
39,0.0,01000011111001100001,0.0,01000010111101110011
39,0.0,01000010111101110011,0.0,01000011111100110000
39,0.0,01000011111100110000,0.0,00000011111001110011
39,0.0,00000011111001110011,0.0,00000011111001110011
39,0.0,00000011111001110011,0.0,00011111010001110010
39,0.0,00011111010001110010,0.0,00010111110110110000
39,0.0,00010111110110110000,0.0,00010111110110000111
39,0.0,00010111110110000111,0.0,00111111010110000011
39,0.0,00111111010110000011,0.0,00111111010110000011
39,0.0,00111111010110000011,0.0,00111111010110000011
39,0.0,00111111010110000011,0.0,00111101010111000011
39,0.0,00111101010111000011,0.0,00111101010111000011
39,0.0,00111101010111000011,0.0,00111101010111000011
39,0.0,00111101010111000011,0.0,00110110010001101010
39,0.0,00110110010001101010,0.0,00100111010001101010
39,0.0,00100111010001101010,0.0,00101101100011101110
39,0.0,00101101100011101110,0.0,00111100100011101110
39,0.0,00111100100011101110,0.0,10110100110011100100
39,0.0,10110100110011100100,0.0,00111100001011100111
39,0.0,00111100001011100111,0.0,00111100001011101001
39,0.0,00111100001011101001,0.0,10110100101011100000
39,0.0,10110100101011100000,0.0,10110101100010101010
39,0.0,10110101100010101010,0.0,10010111100010101001
39,0.0,10010111100010101001,0.0,10010111100010101001
39,0.0,10010111100010101001,0.0,10010111100011000011
39,0.0,10010111100011000011,0.0,01010011100101000010
39,0.0,01010011100101000010,0.0,01011001110101000100
39,0.0,01011001110101000100,0.0,01010001010101100101
39,0.0,01010001010101100101,0.0,01000001111100101101
39,0.0,01000001111100101101,0.0,01001001110101101101
39,0.0,01001001110101101101,0.0,01010001110001101011
39,0.0,01010001110001101011,0.0,01001011010001111001
39,0.0,01001011010001111001,0.0,01011010010001111001
39,0.0,01011010010001111001,0.0,01011010010001111001
39,0.0,01011010010001111001,0.0,11000011110001110000
39,0.0,11000011110001110000,0.0,11000011110001110000
39,0.0,11000011110001110000,0.0,10101011110001100011
39,0.0,10101011110001100011,0.0,10100011010001000111
39,0.0,10100011010001000111,0.0,10100011010001110000
39,0.0,10100011010001110000,0.0,11101011010000100111
39,0.0,11101011010000100111,0.0,11100011011000000011
39,0.0,11100011011000000011,0.0,11100110011001000010
39,0.0,11100110011001000010,0.0,11000110011101010000
39,0.0,11000110011101010000,0.0,11001110011100011011
39,0.0,11001110011100011011,0.0,11001110011100011011
39,0.0,11001110011100011011,0.0,11001110011100011011
39,0.0,11001110011100011011,0.0,01001110111100111010
39,0.0,01001110111100111010,0.0,01001100111101111010
39,0.0,01001100111101111010,0.0,01001100101011111100
39,0.0,01001100101011111100,0.0,10001100101011111101
39,0.0,10001100101011111101,0.0,10001000001111111100
39,0.0,10001000001111111100,0.0,10101100100111101111
39,0.0,10101100100111101111,0.0,10100100101110101111
39,0.0,10100100101110101111,0.0,11101100101110101011
39,0.0,11101100101110101011,0.0,11101100111100101010
39,0.0,11101100111100101010,0.0,11101101011000001010
39,0.0,11101101011000001010,0.0,11101101001010001011
39,0.0,11101101001010001011,0.0,11101101011000001010
39,0.0,11101101011000001010,0.0,00101101011100001110
39,0.0,00101101011100001110,0.0,11101010011100000101
39,0.0,11101010011100000101,0.0,11101000011101000101
39,0.0,11101000011101000101,0.0,11100000111001100100
39,0.0,11100000111001100100,0.0,00111000111001100100
39,0.0,00111000111001100100,0.0,00111010111000100100
39,0.0,00111010111000100100,0.0,01111010011000000100
39,0.0,01111010011000000100,0.0,00110010111010000101
39,0.0,00110010111010000101,0.0,00100010111110010111
39,0.0,00100010111110010111,0.0,00101010101110110111
39,0.0,00101010101110110111,0.0,00101010101110111001
39,0.0,00101010101110111001,0.0,00100010111110011001
39,0.0,00100010111110011001,0.0,00100010111110011001
39,0.0,00100010111110011001,0.0,00101010101110111001
39,0.0,00101010101110111001,0.0,00100010111110011001
39,0.0,00100010111110011001,0.0,10100010101100001100
39,0.0,10100010101100001100,0.0,10010010101110001010
39,0.0,10010010101110001010,0.0,00100011101100001010
39,0.0,00100011101100001010,0.0,00000011101101001001
39,0.0,00000011101101001001,0.0,00001011101001011000
39,0.0,00001011101001011000,0.0,00001011101001011000
39,0.0,00001011101001011000,0.0,01000011000001011110
39,0.0,01000011000001011110,0.0,01100010000011011100
39,0.0,01100010000011011100,0.0,01100010000011011100
39,0.0,01100010000011011100,0.0,01000011000001011110
39,0.0,01000011000001011110,0.0,01000011110001011010
39,0.0,01000011110001011010,0.0,01000011110001011010
39,0.0,01000011110001011010,0.0,00001111110011011011
39,0.0,00001111110011011011,0.0,10001111110011110001
39,0.0,10001111110011110001,0.0,10000111111010110001
39,0.0,10000111111010110001,0.0,10101111110010110010
39,0.0,10101111110010110010,0.0,10101111110010110010
39,0.0,10101111110010110010,0.0,10101111110010110010
39,0.0,10101111110010110010,0.0,10100111001010010010
39,0.0,10100111001010010010,0.0,10100111001010010010
39,0.0,10100111001010010010,0.0,10100111001010010010
39,0.0,10100111001010010010,0.0,00101111001010100111
39,0.0,00101111001010100111,0.0,00111110001010100111
39,0.0,00111110001010100111,0.0,11111110000010100100
39,0.0,11111110000010100100,0.0,11111110100000100101
39,0.0,11111110100000100101,0.0,11111110100000100101
39,0.0,11111110100000100101,0.0,10110110110010100100
39,0.0,10110110110010100100,0.0,10110110110010100100
39,0.0,10110110110010100100,0.0,10110110110010100100
39,0.0,10110110110010100100,0.0,11100010110011000101
39,0.0,11100010110011000101,0.0,00101011110011000101
39,0.0,00101011110011000101,0.0,00101111110111000000
39,0.0,00101111110111000000,0.0,00111110110111000000
39,0.0,00111110110111000000,0.0,00111110100011001010
39,0.0,00111110100011001010,0.0,01111110110010001010
39,0.0,01111110110010001010,0.0,01100111110000011000
39,0.0,01100111110000011000,0.0,11100101100000011110
39,0.0,11100101100000011110,0.0,11001101100011001111
40,16.0,10111101110000110011,6.0,00111101110001010011
40,6.0,00111101110001010011,4.0,00110111001000100010
40,4.0,00110111001000100010,4.0,00111111010000110011
40,4.0,00111111010000110011,2.0,10110111010000010000
40,2.0,10110111010000010000,2.0,10011111010000010111
40,2.0,10011111010000010111,2.0,10011111010000010111
40,2.0,10011111010000010111,2.0,00011111011000110001
40,2.0,00011111011000110001,2.0,10001111101000110101
40,2.0,10001111101000110101,0.0,10000111001010110101
40,0.0,10000111001010110101,0.0,11001111001010110001
40,0.0,11001111001010110001,0.0,10010011101000010010
40,0.0,10010011101000010010,0.0,10011111100001100010
40,0.0,10011111100001100010,0.0,10111011000001000000
40,0.0,10111011000001000000,0.0,11111010010001000011
40,0.0,11111010010001000011,0.0,11111010010001000011
40,0.0,11111010010001000011,0.0,10110001010101000011
40,0.0,10110001010101000011,0.0,10110010110101000000
40,0.0,10110010110101000000,0.0,10110010100111000001
40,0.0,10110010100111000001,0.0,10110010101010010000
40,0.0,10110010101010010000,0.0,10011110101010010100
40,0.0,10011110101010010100,0.0,10000110111010011101
40,0.0,10000110111010011101,0.0,10000100111011011101
40,0.0,10000100111011011101,0.0,01000100111011011100
40,0.0,01000100111011011100,0.0,01001000111001111111
40,0.0,01001000111001111111,0.0,01000100111110111111
40,0.0,01000100111110111111,0.0,01001100110111111111
40,0.0,01001100110111111111,0.0,01000000111101011100
40,0.0,01000000111101011100,0.0,01000000111101011100
40,0.0,01000000111101011100,0.0,01000010111100011100
40,0.0,01000010111100011100,0.0,10000010011110011100
40,0.0,10000010011110011100,0.0,10000010011110011100
40,0.0,10000010011110011100,0.0,10001111010100011100
40,0.0,10001111010100011100,0.0,00101111000100011101
40,0.0,00101111000100011101,0.0,00011011000100011100
40,0.0,00011011000100011100,0.0,10010011000000011100
40,0.0,10010011000000011100,0.0,00011011000001001101
40,0.0,00011011000001001101,0.0,01011010000101001101
40,0.0,01011010000101001101,0.0,01011010000101001101
40,0.0,01011010000101001101,0.0,01011100010101101111
40,0.0,01011100010101101111,0.0,01011100010101101111
40,0.0,01011100010101101111,0.0,01011010110100101101
40,0.0,01011010110100101101,0.0,01011011110100000100
40,0.0,01011011110100000100,0.0,01010011100100100110
40,0.0,01010011100100100110,0.0,01011001001001000111
40,0.0,01011001001001000111,0.0,01011001001001000111
40,0.0,01011001001001000111,0.0,01011101001101000010
40,0.0,01011101001101000010,0.0,11011100101111000001
40,0.0,11011100101111000001,0.0,11001000011111010110
40,0.0,11001000011111010110,0.0,11100000110111010100
40,0.0,11100000110111010100,0.0,11100001110110100101
40,0.0,11100001110110100101,0.0,01100011110010100111
40,0.0,01100011110010100111,0.0,01010111100010100110
40,0.0,01010111100010100110,0.0,11011011100000100100
40,0.0,11011011100000100100,0.0,11011111100010100011
40,0.0,11011111100010100011,0.0,11010111000010000111
40,0.0,11010111000010000111,0.0,01011111000110000111
40,0.0,01011111000110000111,0.0,01010101001110000111
40,0.0,01010101001110000111,0.0,01010101011100000110
40,0.0,01010101011100000110,0.0,11011100011100010110
40,0.0,11011100011100010110,0.0,10011101011000010110
40,0.0,10011101011000010110,0.0,11001101011100010110
40,0.0,11001101011100010110,0.0,11001101011100010110
40,0.0,11001101011100010110,0.0,11000100011101110100
40,0.0,11000100011101110100,0.0,11000110011100110100
40,0.0,11000110011100110100,0.0,11001110111100100111
40,0.0,11001110111100100111,0.0,10011110101100100100
40,0.0,10011110101100100100,0.0,11001110111100100111
40,0.0,11001110111100100111,0.0,11100010111000100100
40,0.0,11100010111000100100,0.0,11101010001000111000
40,0.0,11101010001000111000,0.0,11000110001000111110
40,0.0,11000110001000111110,0.0,11000110111000111010
40,0.0,11000110111000111010,0.0,10100110011000111010
40,0.0,10100110011000111010,0.0,10101011010000111011
40,0.0,10101011010000111011,0.0,11100001110000101110
40,0.0,11100001110000101110,0.0,11101011100000101010
40,0.0,11101011100000101010,0.0,11101011100000101010
40,0.0,11101011100000101010,0.0,11100011110000001010
40,0.0,11100011110000001010,0.0,00111011110000001010
40,0.0,00111011110000001010,0.0,00110010110001101000
40,0.0,00110010110001101000,0.0,01111100010001110101
40,0.0,01111100010001110101,0.0,01111100010001110101
40,0.0,01111100010001110101,0.0,01111100010001110101
40,0.0,01111100010001110101,0.0,00110100011011000111
40,0.0,00110100011011000111,0.0,10111100011101000000
40,0.0,10111100011101000000,0.0,00111100011001101000
40,0.0,00111100011001101000,0.0,00010100111001101100
40,0.0,00010100111001101100,0.0,00011001110001101101
40,0.0,00011001110001101101,0.0,00011001010001011111
40,0.0,00011001010001011111,0.0,00110001000011011000
40,0.0,00110001000011011000,0.0,00111001000001001110
40,0.0,00111001000001001110,0.0,01111000000101001110
40,0.0,01111000000101001110,0.0,01111010000100001110
40,0.0,01111010000100001110,0.0,00111110000100011101
40,0.0,00111110000100011101,0.0,00110110100000111100
40,0.0,00110110100000111100,0.0,01011110100100011101
40,0.0,01011110100100011101,0.0,01010111000100010101
40,0.0,01010111000100010101,0.0,11010101000110010110
40,0.0,11010101000110010110,0.0,01011101001010010110
40,0.0,01011101001010010110,0.0,01011101101000010111
40,0.0,01011101101000010111,0.0,01011101101000010111
40,0.0,01011101101000010111,0.0,00011101101010110110
40,0.0,00011101101010110110,0.0,00011101101010110110
40,0.0,00011101101010110110,0.0,00111001101000010101
40,0.0,00111001101000010101,0.0,10011001111000010100
40,0.0,10011001111000010100,0.0,10110101110000010100
40,0.0,10110101110000010100,0.0,11110100110100010100
40,0.0,11110100110100010100,0.0,11110100110100010100
40,0.0,11110100110100010100,0.0,11100101110100010100
40,0.0,11100101110100010100,0.0,11100101110100010100
40,0.0,11100101110100010100,0.0,11000001110101010110
40,0.0,11000001110101010110,0.0,11000011110100010110
40,0.0,11000011110100010110,0.0,11000011110100010110
40,0.0,11000011110100010110,0.0,11100101110100010100
40,0.0,11100101110100010100,0.0,11100101110100010100
40,0.0,11100101110100010100,0.0,10101001011100010100
40,0.0,10101001011100010100,0.0,10101000011101010111
40,0.0,10101000011101010111,0.0,00101010001101010110
40,0.0,00101010001101010110,0.0,11100100001111010010
40,0.0,11100100001111010010,0.0,10000100011101011111
40,0.0,10000100011101011111,0.0,10100100111010011110
40,0.0,10100100111010011110,0.0,10100100111010011110
40,0.0,10100100111010011110,0.0,10100100111010011110
40,0.0,10100100111010011110,0.0,00100110111000011101
40,0.0,00100110111000011101,0.0,00100110011110011011
40,0.0,00100110011110011011,0.0,00100110011110011011
40,0.0,00100110011110011011,0.0,10100110011110110001
40,0.0,10100110011110110001,0.0,10101110010111110001
40,0.0,10101110010111110001,0.0,10100010010111101000
41,6.0,10001101101100101111,0.0,10010101101100001010
41,0.0,10010101101100001010,0.0,10010101101100001010
41,0.0,10010101101100001010,0.0,11010111001000000010
41,0.0,11010111001000000010,0.0,10010111101000100010
41,0.0,10010111101000100010,0.0,10100111101000010011
41,0.0,10100111101000010011,0.0,10100011101010010000
41,0.0,10100011101010010000,0.0,10100110101110110010
41,0.0,10100110101110110010,0.0,10100110101110110010
41,0.0,10100110101110110010,0.0,10100110011110110001
41,0.0,10100110011110110001,0.0,10101101111110100001
41,0.0,10101101111110100001,0.0,10101000111101100101
41,0.0,10101000111101100101,0.0,11100000111001100100
41,0.0,11100000111001100100,0.0,10101000111101100101
41,0.0,10101000111101100101,0.0,10101000111101100101
41,0.0,10101000111101100101,0.0,10100110111001100010
41,0.0,10100110111001100010,0.0,10001111111001000011
41,0.0,10001111111001000011,0.0,10001111111001000011
41,0.0,10001111111001000011,0.0,11001001111001000101
41,0.0,11001001111001000101,0.0,11000101110101100110
41,0.0,11000101110101100110,0.0,11000101110101100110
41,0.0,11000101110101100110,0.0,11101101110000110111
41,0.0,11101101110000110111,0.0,10101101100001110111
41,0.0,10101101100001110111,0.0,10101101100111000110
41,0.0,10101101100111000110,0.0,10100101101110000110
41,0.0,10100101101110000110,0.0,10101111100110000110
41,0.0,10101111100110000110,0.0,00101111100101000101
41,0.0,00101111100101000101,0.0,00111110100101000101
41,0.0,00111110100101000101,0.0,00110110101100000101
41,0.0,00110110101100000101,0.0,00011110101100001110
41,0.0,00011110101100001110,0.0,00001111101100001110
41,0.0,00001111101100001110,0.0,00001111100110111100
41,0.0,00001111100110111100,0.0,00001111111110110001
41,0.0,00001111111110110001,0.0,00001111111110110001
41,0.0,00001111111110110001,0.0,00001111111110110001
41,0.0,00001111111110110001,0.0,00101111111010100011
41,0.0,00101111111010100011,0.0,10100101111010110010
41,0.0,10100101111010110010,0.0,11101000110011111001
41,0.0,11101000110011111001,0.0,11101000110011111001
41,0.0,11101000110011111001,0.0,11100000011001011000
41,0.0,11100000011001011000,0.0,10101000011101011001
41,0.0,10101000011101011001,0.0,10101100011011011001
41,0.0,10101100011011011001,0.0,11100000011001011000
41,0.0,11100000011001011000,0.0,11100000011001011000
41,0.0,11100000011001011000,0.0,11101010111000110010
41,0.0,11101010111000110010,0.0,10101010101001110010
41,0.0,10101010101001110010,0.0,10100010001001011000
41,0.0,10100010001001011000,0.0,10100010001001011000
41,0.0,10100010001001011000,0.0,10100100011001111010
41,0.0,10100100011001111010,0.0,10100100011001111010
41,0.0,10100100011001111010,0.0,10100010001001011000
41,0.0,10100010001001011000,0.0,10100010001001011000
41,0.0,10100010001001011000,0.0,10001001011011011000
41,0.0,10001001011011011000,0.0,00100000111111011001
41,0.0,00100000111111011001,0.0,10101000011101011001
41,0.0,10101000011101011001,0.0,00101100011101111010
41,0.0,00101100011101111010,0.0,00101100011101111010
41,0.0,00101100011101111010,0.0,00001110011101111001
41,0.0,00001110011101111001,0.0,10001110011110111010
41,0.0,10001110011110111010,0.0,10001010001110111100
41,0.0,10001010001110111100,0.0,10001010001111011000
41,0.0,10001010001111011000,0.0,11001010011110011000
41,0.0,11001010011110011000,0.0,11010110011010010001
41,0.0,11010110011010010001,0.0,11011110011000001001
41,0.0,11011110011000001001,0.0,11010111000010001001
41,0.0,11010111000010001001,0.0,11011110100010001111
41,0.0,11011110100010001111,0.0,01011110110010101101
41,0.0,01011110110010101101,0.0,01011110110010101101
41,0.0,01011110110010101101,0.0,00011110110010111111
41,0.0,00011110110010111111,0.0,00011110110010111111
41,0.0,00011110110010111111,0.0,00010101100011111010
41,0.0,00010101100011111010,0.0,00011101000111011011
41,0.0,00011101000111011011,0.0,00011111000110011011
41,0.0,00011111000110011011,0.0,00011111000110011011
41,0.0,00011111000110011011,0.0,00011111010100011010
41,0.0,00011111010100011010,0.0,00011011110100010110
41,0.0,00011011110100010110,0.0,01010010010101010100
41,0.0,01010010010101010100,0.0,11010000110101011000
41,0.0,11010000110101011000,0.0,00011010110101011011
41,0.0,00011010110101011011,0.0,00011010010111011010
41,0.0,00011010010111011010,0.0,00011010000101011111
41,0.0,00011010000101011111,0.0,00011010000101011111
41,0.0,00011010000101011111,0.0,00110010110100001110
41,0.0,00110010110100001110,0.0,00110010110100001110
41,0.0,00110010110100001110,0.0,01100110110110001110
41,0.0,01100110110110001110,0.0,01100110110110001110
41,0.0,01100110110110001110,0.0,00100110100111001110
41,0.0,00100110100111001110,0.0,00101110000111101101
41,0.0,00101110000111101101,0.0,10100100000111111100
41,0.0,10100100000111111100,0.0,10110000000111010111
41,0.0,10110000000111010111,0.0,10111000001110010101
41,0.0,10111000001110010101,0.0,10110000101010110100
41,0.0,10110000101010110100,0.0,11010100101010110110
41,0.0,11010100101010110110,0.0,11010100101010110110
41,0.0,11010100101010110110,0.0,11010100101010110110
41,0.0,11010100101010110110,0.0,11011110100010110110
41,0.0,11011110100010110110,0.0,11001110100011111011
41,0.0,11001110100011111011,0.0,11000100100111111100
41,0.0,11000100100111111100,0.0,10000101000101111110
41,0.0,10000101000101111110,0.0,11001101000101111010
41,0.0,11001101000101111010,0.0,11001001100101111000
41,0.0,11001001100101111000,0.0,11010001000101001001
41,0.0,11010001000101001001,0.0,01011101000111001001
41,0.0,01011101000111001001,0.0,11001001000111001110
41,0.0,11001001000111001110,0.0,10001101000111011101
41,0.0,10001101000111011101,0.0,10001101110111011001
41,0.0,10001101110111011001,0.0,10000101110101111010
41,0.0,10000101110101111010,0.0,10010100100111111011
41,0.0,10010100100111111011,0.0,10010100110101111010
41,0.0,10010100110101111010,0.0,10010100110101111010
41,0.0,10010100110101111010,0.0,10010110110100111010
41,0.0,10010110110100111010,0.0,10000110101001111010
41,0.0,10000110101001111010,0.0,10000110011001111001
41,0.0,10000110011001111001,0.0,10001110011011101011
41,0.0,10001110011011101011,0.0,11101110000011101001
41,0.0,11101110000011101001,0.0,11101110000011101001
41,0.0,11101110000011101001,0.0,11101110010001101000
41,0.0,11101110010001101000,0.0,11111010010000101001
41,0.0,11111010010000101001,0.0,10111010110001100011
41,0.0,10111010110001100011,0.0,00111110011001000010
41,0.0,00111110011001000010,0.0,01111010011000000100
41,0.0,01111010011000000100,0.0,01111010011000000100
41,0.0,01111010011000000100,0.0,01111010011000000100
41,0.0,01111010011000000100,0.0,01101011011000000100
41,0.0,01101011011000000100,0.0,01101011011000000100
41,0.0,01101011011000000100,0.0,10101011011000000101
41,0.0,10101011011000000101,0.0,10101011011000000101
41,0.0,10101011011000000101,0.0,10101011011000000101
41,0.0,10101011011000000101,0.0,10101011011000000101
41,0.0,10101011011000000101,0.0,11001011011010000100
42,2.0,11011000101001101000,0.0,11011001101000001011
42,0.0,11011001101000001011,0.0,11000001101001101001
42,0.0,11000001101001101001,0.0,11000001101001100111
42,0.0,11000001101001100111,0.0,11000001101001100111
42,0.0,11000001101001100111,0.0,01001101001001101100
42,0.0,01001101001001101100,0.0,11010100000101101100
42,0.0,11010100000101101100,0.0,11011100001101000100
42,0.0,11011100001101000100,0.0,11011110001100000100
42,0.0,11011110001100000100,0.0,01011110001001000110
42,0.0,01011110001001000110,0.0,10101110011001000100
42,0.0,10101110011001000100,0.0,11100010001001000100
42,0.0,11100010001001000100,0.0,11100010011000010110
42,0.0,11100010011000010110,0.0,11101010001000110110
42,0.0,11101010001000110110,0.0,10100000001001111100
42,0.0,10100000001001111100,0.0,00001010101001111111
42,0.0,00001010101001111111,0.0,00001011101001011000
42,0.0,00001011101001011000,0.0,00101110101001011001
42,0.0,00101110101001011001,0.0,00111100101001010100
42,0.0,00111100101001010100,0.0,00101110101001010111
42,0.0,00101110101001010111,0.0,00101110101001010111
42,0.0,00101110101001010111,0.0,00101110101001010111
42,0.0,00101110101001010111,0.0,00101110101001010111
42,0.0,00101110101001010111,0.0,00101010101011010100
42,0.0,00101010101011010100,0.0,00101110101001010111
42,0.0,00101110101001010111,0.0,00111100101001010100
42,0.0,00111100101001010100,0.0,00111100101001010100
42,0.0,00111100101001010100,0.0,10110100101011100000
42,0.0,10110100101011100000,0.0,10111100001001001010
42,0.0,10111100001001001010,0.0,10110001001001000000
42,0.0,10110001001001000000,0.0,10110001001001000000
42,0.0,10110001001001000000,0.0,10110101000111000000
42,0.0,10110101000111000000,0.0,00111101010111000011
42,0.0,00111101010111000011,0.0,10110101010011000011
42,0.0,10110101010011000011,0.0,10110111010010000011
42,0.0,10110111010010000011,0.0,00111011011000000011
42,0.0,00111011011000000011,0.0,00111011011000000011
42,0.0,00111011011000000011,0.0,01110011100000000101
42,0.0,01110011100000000101,0.0,01110111000000001001
42,0.0,01110111000000001001,0.0,01110010010001001000
42,0.0,01110010010001001000,0.0,01110000001001101000
42,0.0,01110000001001101000,0.0,01110100101000111000
42,0.0,01110100101000111000,0.0,11010100101010111000
42,0.0,11010100101010111000,0.0,11010100101010111000
42,0.0,11010100101010111000,0.0,10110000101010110100
42,0.0,10110000101010110100,0.0,10110000101010001101
42,0.0,10110000101010001101,0.0,00110000101010011110
42,0.0,00110000101010011110,0.0,11101000101110011011
42,0.0,11101000101110011011,0.0,11101000101110011011
42,0.0,11101000101110011011,0.0,11100000111010111001
42,0.0,11100000111010111001,0.0,11100000111010110111
42,0.0,11100000111010110111,0.0,11100000111010110111
42,0.0,11100000111010110111,0.0,11101010001001010010
42,0.0,11101010001001010010,0.0,11101000001001110110
42,0.0,11101000001001110110,0.0,11101000001001110110
42,0.0,11101000001001110110,0.0,11000100001001111110
42,0.0,11000100001001111110,0.0,10001100001101111111
42,0.0,10001100001101111111,0.0,10101101001001001010
42,0.0,10101101001001001010,0.0,10101100101101101010
42,0.0,10101100101101101010,0.0,00000110101101101100
42,0.0,00000110101101101100,0.0,00101110001101100110
42,0.0,00101110001101100110,0.0,00101010111100110110
42,0.0,00101010111100110110,0.0,00111010001100100111
42,0.0,00111010001100100111,0.0,00011011001010100110
42,0.0,00011011001010100110,0.0,01001011011010101011
42,0.0,01001011011010101011,0.0,01001010111011100110
42,0.0,01001010111011100110,0.0,01001010111011101000
42,0.0,01001010111011101000,0.0,01001010111011101000
42,0.0,01001010111011101000,0.0,00101010111001101001
42,0.0,00101010111001101001,0.0,01101000101001101110
42,0.0,01101000101001101110,0.0,01110000111001100010
42,0.0,01110000111001100010,0.0,01110000111001100010
42,0.0,01110000111001100010,0.0,01110100010011101011
42,0.0,01110100010011101011,0.0,01110110010010101011
42,0.0,01110110010010101011,0.0,11101110010010111011
42,0.0,11101110010010111011,0.0,10111110000010111000
42,0.0,10111110000010111000,0.0,10110010001000101001
42,0.0,10110010001000101001,0.0,10110010001000100111
42,0.0,10110010001000100111,0.0,10111011000000100100
42,0.0,10111011000000100100,0.0,00110011000100100110
42,0.0,00110011000100100110,0.0,00010011000101100101
42,0.0,00010011000101100101,0.0,00011101100111100111
42,0.0,00011101100111100111,0.0,00011001100111010111
42,0.0,00011001100111010111,0.0,00101001110111010100
42,0.0,00101001110111010100,0.0,00101101010111010110
42,0.0,00101101010111010110,0.0,00001111100111010110
42,0.0,00001111100111010110,0.0,10100011000110010111
42,0.0,10100011000110010111,0.0,10110010000110010111
42,0.0,10110010000110010111,0.0,10111110100110000110
42,0.0,10111110100110000110,0.0,10111110000010001111
42,0.0,10111110000010001111,0.0,10111110000010001111
42,0.0,10111110000010001111,0.0,00110110110010001110
42,0.0,00110110110010001110,0.0,00000110110111011111
42,0.0,00000110110111011111,0.0,00000110110111011111
42,0.0,00000110110111011111,0.0,00100110100111001110
42,0.0,00100110100111001110,0.0,00111110100011001010
42,0.0,00111110100011001010,0.0,01111010100010001100
42,0.0,01111010100010001100,0.0,01110110000000011100
42,0.0,01110110000000011100,0.0,01110110000000011100
42,0.0,01110110000000011100,0.0,01111110100000110110
42,0.0,01111110100000110110,0.0,01111110100000110110
42,0.0,01111110100000110110,0.0,01111110100000110110
42,0.0,01111110100000110110,0.0,00110111000010100110
42,0.0,00110111000010100110,0.0,00110111100000100111
42,0.0,00110111100000100111,0.0,00110101100100110110
42,0.0,00110101100100110110,0.0,10111101100100110011
42,0.0,10111101100100110011,0.0,00110101100100111000
42,0.0,00110101100100111000,0.0,00100111100100111011
42,0.0,00100111100100111011,0.0,10100110100100111101
42,0.0,10100110100100111101,0.0,10101110101100010101
42,0.0,10101110101100010101,0.0,10100010101100001100
42,0.0,10100010101100001100,0.0,10110000001100001111
42,0.0,10110000001100001111,0.0,10100001001100001111
42,0.0,10100001001100001111,0.0,01100001001100001110
42,0.0,01100001001100001110,0.0,00110001001000001110
42,0.0,00110001001000001110,0.0,00010001011010101100
42,0.0,00010001011010101100,0.0,00010001011010101100
42,0.0,00010001011010101100,0.0,00010001011010101100
42,0.0,00010001011010101100,0.0,00000001011011101111
42,0.0,00000001011011101111,0.0,00000101011111101010
42,0.0,00000101011111101010,0.0,00010100011111101010
42,0.0,00010100011111101010,0.0,01011000011110111010
42,0.0,01011000011110111010,0.0,00010000011110111110
42,0.0,00010000011110111110,0.0,00011010010110111110
42,0.0,00011010010110111110,0.0,10011010010110101101
42,0.0,10011010010110101101,0.0,11010010010010101100
42,0.0,11010010010010101100,0.0,10010110100010111100
42,0.0,10010110100010111100,0.0,10000111100010111100
42,0.0,10000111100010111100,0.0,10000111100011011000
42,0.0,10000111100011011000,0.0,10100110110011101001
42,0.0,10100110110011101001,0.0,10101110010001111010
42,0.0,10101110010001111010,0.0,00100011010001011010
42,0.0,00100011010001011010,0.0,00100011000011011011
42,0.0,00100011000011011011,0.0,01100011000110011000
42,0.0,01100011000110011000,0.0,01100001000111011000
42,0.0,01100001000111011000,0.0,11000101000011011100
42,0.0,11000101000011011100,0.0,01001101010011011111
42,0.0,01001101010011011111,0.0,01001101010011011111
42,0.0,01001101010011011111,0.0,01000110010011111101
42,0.0,01000110010011111101,0.0,01001110011011010101
42,0.0,01001110011011010101,0.0,10101110011010010111
42,0.0,10101110011010010111,0.0,10101110111110010000
42,0.0,10101110111110010000,0.0,11100010101110010000
42,0.0,11100010101110010000,0.0,11100000101111010000
42,0.0,11100000101111010000,0.0,11100100101101010011
42,0.0,11100100101101010011,0.0,11100101101001000001
42,0.0,11100101101001000001,0.0,11110100101001000001
42,0.0,11110100101001000001,0.0,11100100101001010100
42,0.0,11100100101001010100,0.0,11101100101000011111
43,0.0,11001111000100111010,0.0,01000111100110111010
43,0.0,01000111100110111010,0.0,01001111100100011101
43,0.0,01001111100100011101,0.0,01100011100100010111
43,0.0,01100011100100010111,0.0,11100011010100000100
43,0.0,11100011010100000100,0.0,11100011010100000100
43,0.0,11100011010100000100,0.0,01101111110100000101
43,0.0,01101111110100000101,0.0,10100011110010010100
43,0.0,10100011110010010100,0.0,00101011110110010100
43,0.0,00101011110110010100,0.0,01101010100110011110
43,0.0,01101010100110011110,0.0,01001110110110111111
43,0.0,01001110110110111111,0.0,01001110110110111111
43,0.0,01001110110110111111,0.0,01001110101110111011
43,0.0,01001110101110111011,0.0,01010110100110111010
43,0.0,01010110100110111010,0.0,01010110100110111010
43,0.0,01010110100110111010,0.0,01010010100010111111
43,0.0,01010010100010111111,0.0,01010010110000111110
43,0.0,01010010110000111110,0.0,11010010110000101101
43,0.0,11010010110000101101,0.0,11010110010000101111
43,0.0,11010110010000101111,0.0,11011110110000001110
43,0.0,11011110110000001110,0.0,01011110010001001100
43,0.0,01011110010001001100,0.0,01110010010001001000
43,0.0,01110010010001001000,0.0,11101010010001011000
43,0.0,11101010010001011000,0.0,11100010010101001001
43,0.0,11100010010101001001,0.0,11100010010101001001
43,0.0,11100010010101001001,0.0,01101000010111011101
43,0.0,01101000010111011101,0.0,01001100110111111111
43,0.0,01001100110111111111,0.0,01001100110111111111
43,0.0,01001100110111111111,0.0,01001100110111111111
43,0.0,01001100110111111111,0.0,01001100110111111111
43,0.0,01001100110111111111,0.0,11000000110101111111
43,0.0,11000000110101111111,0.0,11000000010111111110
43,0.0,11000000010111111110,0.0,11000010010110111110
43,0.0,11000010010110111110,0.0,01000011110110110101
43,0.0,01000011110110110101,0.0,01001111110110010110
43,0.0,01001111110110010110,0.0,01001011101010010111
43,0.0,01001011101010010111,0.0,01001011101010010111
43,0.0,01001011101010010111,0.0,01001111101010100111
43,0.0,01001111101010100111,0.0,11000011101000100111
43,0.0,11000011101000100111,0.0,01110010001000100110
43,0.0,01110010001000100110,0.0,01110010001000100110
43,0.0,01110010001000100110,0.0,11100110001010100111
43,0.0,11100110001010100111,0.0,01100110001010111010
43,0.0,01100110001010111010,0.0,01100110001010111010
43,0.0,01100110001010111010,0.0,01100110001010111010
43,0.0,01100110001010111010,0.0,11100100011010111011
43,0.0,11100100011010111011,0.0,11111100011000001010
43,0.0,11111100011000001010,0.0,11101010011010001010
43,0.0,11101010011010001010,0.0,11100110011000101000
43,0.0,11100110011000101000,0.0,11101010001000111000
43,0.0,11101010001000111000,0.0,11101010001000111000
43,0.0,11101010001000111000,0.0,11101010001001010010
43,0.0,11101010001001010010,0.0,11100010001001000100
43,0.0,11100010001001000100,0.0,10110010001001000011
43,0.0,10110010001001000011,0.0,11110010011000000011
43,0.0,11110010011000000011,0.0,11111010001000100011
43,0.0,11111010001000100011,0.0,11111010001000100011
43,0.0,11111010001000100011,0.0,10110010011010100010
43,0.0,10110010011010100010,0.0,11100010011110100010
43,0.0,11100010011110100010,0.0,11100010001010010111
43,0.0,11100010001010010111,0.0,11100001001010010100
43,0.0,11100001001010010100,0.0,11100001001010010100
43,0.0,11100001001010010100,0.0,11100001001010010100
43,0.0,11100001001010010100,0.0,11100001001010010100
43,0.0,11100001001010010100,0.0,11010001100110010100
43,0.0,11010001100110010100,0.0,11011001100010110111
43,0.0,11011001100010110111,0.0,11011001110000110110
43,0.0,11011001110000110110,0.0,10011011100000110110
43,0.0,10011011100000110110,0.0,10011111000000111010
43,0.0,10011111000000111010,0.0,00110111000000011011
43,0.0,00110111000000011011,0.0,01110010010010011011
43,0.0,01110010010010011011,0.0,01110001010010011000
43,0.0,01110001010010011000,0.0,01110001010010011000
43,0.0,01110001010010011000,0.0,00111001010110011001
43,0.0,00111001010110011001,0.0,00111001010110011001
43,0.0,00111001010110011001,0.0,00110011000010011000
43,0.0,00110011000010011000,0.0,00110011000010011000
43,0.0,00110011000010011000,0.0,00110011000010011000
43,0.0,00110011000010011000,0.0,00110011000010011000
43,0.0,00110011000010011000,0.0,00110011000010011000
43,0.0,00110011000010011000,0.0,00110011000010011000
43,0.0,00110011000010011000,0.0,00110001000011011000
43,0.0,00110001000011011000,0.0,10100101010011011000
43,0.0,10100101010011011000,0.0,10101100011011011001
43,0.0,10101100011011011001,0.0,11100000011001011000
43,0.0,11100000011001011000,0.0,11100000011001011000
43,0.0,11100000011001011000,0.0,11000110001001011010
43,0.0,11000110001001011010,0.0,11000110001001011010
43,0.0,11000110001001011010,0.0,10001110101011011001
43,0.0,10001110101011011001,0.0,00000110101011011100
43,0.0,00000110101011011100,0.0,00010010101010011101
43,0.0,00010010101010011101,0.0,00011110100110111100
43,0.0,00011110100110111100,0.0,00010110110110011100
43,0.0,00010110110110011100,0.0,00010110011110010101
43,0.0,00010110011110010101,0.0,00011110011100001101
43,0.0,00011110011100001101,0.0,00011100011101001101
43,0.0,00011100011101001101,0.0,00011111010001001011
43,0.0,00011111010001001011,0.0,00011111010001001011
43,0.0,00011111010001001011,0.0,00100111010001101010
43,0.0,00100111010001101010,0.0,00110101100001101001
43,0.0,00110101100001101001,0.0,00011001110001101101
43,0.0,00011001110001101101,0.0,00011100110011111111
43,0.0,00011100110011111111,0.0,01011000110011011101
43,0.0,01011000110011011101,0.0,01011000111001011000
43,0.0,01011000111001011000,0.0,01011000001101011011
43,0.0,01011000001101011011,0.0,01011000001101011011
43,0.0,01011000001101011011,0.0,01110000000111011000
43,0.0,01110000000111011000,0.0,01110000000111011000
43,0.0,01110000000111011000,0.0,01110000000111011000
43,0.0,01110000000111011000,0.0,01111000100111001011
43,0.0,01111000100111001011,0.0,01101001100111001011
43,0.0,01101001100111001011,0.0,01101001100111001011
43,0.0,01101001100111001011,0.0,01100001000111011000
43,0.0,01100001000111011000,0.0,01100001000111011000
43,0.0,01100001000111011000,0.0,01100101000111101000
43,0.0,01100101000111101000,0.0,01100001100101011001
43,0.0,01100001100101011001,0.0,01100001000111011000
43,0.0,01100001000111011000,0.0,01100101000111101000
43,0.0,01100101000111101000,0.0,01100101000111101000
43,0.0,01100101000111101000,0.0,01001101001101101011
43,0.0,01001101001101101011,0.0,00101001001101101001
43,0.0,00101001001101101001,0.0,00111001001101000000
43,0.0,00111001001101000000,0.0,00111100001111010010
43,0.0,00111100001111010010,0.0,11011000011111000011
43,0.0,11011000011111000011,0.0,11100000011111100010
43,0.0,11100000011111100010,0.0,01100100011111000111
43,0.0,01100100011111000111,0.0,01101001001110010100
43,0.0,01101001001110010100,0.0,11100001001010010100
43,0.0,11100001001010010100,0.0,11100001001010010100
43,0.0,11100001001010010100,0.0,01101001011010010111
43,0.0,01101001011010010111,0.0,00101001011001010110
43,0.0,00101001011001010110,0.0,00101101011001100110
43,0.0,00101101011001100110,0.0,00101101011001100110
43,0.0,00101101011001100110,0.0,00111100011001100110
43,0.0,00111100011001100110,0.0,00111000011001010110
44,2.0,10001000111011011111,0.0,10000100111011011101
44,0.0,10000100111011011101,0.0,10000100111011011101
44,0.0,10000100111011011101,0.0,10000100111011011101
44,0.0,10000100111011011101,0.0,01000100111011011100
44,0.0,01000100111011011100,0.0,00010000101011011101
44,0.0,00010000101011011101,0.0,00000001101011011101
44,0.0,00000001101011011101,0.0,10000100111011011101
44,0.0,10000100111011011101,0.0,10001110110011011101
44,0.0,10001110110011011101,0.0,10100101110011100100
44,0.0,10100101110011100100,0.0,10100001110101100100
44,0.0,10100001110101100100,0.0,10100011110101000000
44,0.0,10100011110101000000,0.0,10100011110101000000
44,0.0,10100011110101000000,0.0,00011111110101000010
44,0.0,00011111110101000010,0.0,00011010110101011011
44,0.0,00011010110101011011,0.0,00010010110101001101
44,0.0,00010010110101001101,0.0,00011011110001001001
44,0.0,00011011110001001001,0.0,10010010110011101000
44,0.0,10010010110011101000,0.0,10010110010011101010
44,0.0,10010110010011101010,0.0,10010110010011101010
44,0.0,10010110010011101010,0.0,10110010010001001001
44,0.0,10110010010001001001,0.0,10110010001000101001
44,0.0,10110010001000101001,0.0,00111110001010101001
44,0.0,00111110001010101001,0.0,10110010001000101001
44,0.0,10110010001000101001,0.0,10110001001001000000
44,0.0,10110001001001000000,0.0,10110001001001000000
44,0.0,10110001001001000000,0.0,10110001001001000000
44,0.0,10110001001001000000,0.0,10110001001001000000
44,0.0,10110001001001000000,0.0,01110100011001010001
44,0.0,01110100011001010001,0.0,11111100101000110011
44,0.0,11111100101000110011,0.0,11111100101000110011
44,0.0,11111100101000110011,0.0,10110101101000010000
44,0.0,10110101101000010000,0.0,10111101100001010000
44,0.0,10111101100001010000,0.0,10010001101001010010
44,0.0,10010001101001010010,0.0,00001011101001010110
44,0.0,00001011101001010110,0.0,10000110011001110111
44,0.0,10000110011001110111,0.0,10000010111001110101
44,0.0,10000010111001110101,0.0,10000110110001111110
44,0.0,10000110110001111110,0.0,10000110110001111110
44,0.0,10000110110001111110,0.0,10000110100011111111
44,0.0,10000110100011111111,0.0,11000110110010111111
44,0.0,11000110110010111111,0.0,11000110000011011111
44,0.0,11000110000011011111,0.0,00001111000011011111
44,0.0,00001111000011011111,0.0,00001111100011101101
44,0.0,00001111100011101101,0.0,00100011000001101100
44,0.0,00100011000001101100,0.0,00100011000001101100
44,0.0,00100011000001101100,0.0,01100010000101101100
44,0.0,01100010000101101100,0.0,01100010000101101100
44,0.0,01100010000101101100,0.0,01100110000011101100
44,0.0,01100110000011101100,0.0,01100110110011100110
44,0.0,01100110110011100110,0.0,01100110110011100110
44,0.0,01100110110011100110,0.0,00101110110111100111
44,0.0,00101110110111100111,0.0,00100110111110100111
44,0.0,00100110111110100111,0.0,00101110110111100111
44,0.0,00101110110111100111,0.0,00100110111110100111
44,0.0,00100110111110100111,0.0,00100110111111000011
44,0.0,00100110111111000011,0.0,00100110111011000100
44,0.0,00100110111011000100,0.0,00100010101111000101
44,0.0,00100010101111000101,0.0,00100010101111000101
44,0.0,00100010101111000101,0.0,00101000101111110111
44,0.0,00101000101111110111,0.0,01100010101010110110
44,0.0,01100010101010110110,0.0,01010110101000110101
44,0.0,01010110101000110101,0.0,01010110101000110101
44,0.0,01010110101000110101,0.0,01011110101010100111
44,0.0,01011110101010100111,0.0,11011110100010110110
44,0.0,11011110100010110110,0.0,11011110100010110110
44,0.0,11011110100010110110,0.0,11011100100011110110
44,0.0,11011100100011110110,0.0,11011100100011110110
44,0.0,11011100100011110110,0.0,11011100100011110110
44,0.0,11011100100011110110,0.0,11011100100011110110
44,0.0,11011100100011110110,0.0,11011100100011110110
44,0.0,11011100100011110110,0.0,11011010110011100010
44,0.0,11011010110011100010,0.0,10011110011011000010
44,0.0,10011110011011000010,0.0,10011110111001000011
44,0.0,10011110111001000011,0.0,10011110111001000011
44,0.0,10011110111001000011,0.0,00111010111001000000
44,0.0,00111010111001000000,0.0,00111011011000000011
44,0.0,00111011011000000011,0.0,00111011011000000011
44,0.0,00111011011000000011,0.0,01110111110000000011
44,0.0,01110111110000000011,0.0,01111111100000100011
44,0.0,01111111100000100011,0.0,01111111100000100011
44,0.0,01111111100000100011,0.0,00110111110010100010
44,0.0,00110111110010100010,0.0,00110111110010100010
44,0.0,00110111110010100010,0.0,00110011110100100010
44,0.0,00110011110100100010,0.0,00010111111100000010
44,0.0,00010111111100000010,0.0,00010011111000000111
44,0.0,00010011111000000111,0.0,10010110101000001110
44,0.0,10010110101000001110,0.0,10011110001001001001
44,0.0,10011110001001001001,0.0,10011110001001001001
44,0.0,10011110001001001001,0.0,00011110001001011010
44,0.0,00011110001001011010,0.0,00011111010001001011
44,0.0,00011111010001001011,0.0,00110011000101000010
44,0.0,00110011000101000010,0.0,00101011001101000011
44,0.0,00101011001101000011,0.0,01100011001001000010
44,0.0,01100011001001000010,0.0,01000011110001011010
44,0.0,01000011110001011010,0.0,01101001110010011110
44,0.0,01101001110010011110,0.0,01100001110110110110
44,0.0,01100001110110110110,0.0,01100001110110110110
44,0.0,01100001110110110110,0.0,11101001110110110011
44,0.0,11101001110110110011,0.0,11101001110010110100
44,0.0,11101001110010110100,0.0,01100001110110110110
44,0.0,01100001110110110110,0.0,01101000111110110111
44,0.0,01101000111110110111,0.0,00100010111110010111
44,0.0,00100010111110010111,0.0,00110110101100000101
44,0.0,00110110101100000101,0.0,00111111101000000001
44,0.0,00111111101000000001,0.0,00010111101010000100
44,0.0,00010111101010000100,0.0,00010011001000001101
44,0.0,00010011001000001101,0.0,00011111001000101011
44,0.0,00011111001000101011,0.0,00011111001000101011
44,0.0,00011111001000101011,0.0,00011111001000101011
44,0.0,00011111001000101011,0.0,00011111001000101011
44,0.0,00011111001000101011,0.0,00011111010000101111
44,0.0,00011111010000101111,0.0,00011111010000101111
44,0.0,00011111010000101111,0.0,00011110110010111111
44,0.0,00011110110010111111,0.0,00000111110011110100
44,0.0,00000111110011110100,0.0,10001111010101110011
44,0.0,10001111010101110011,0.0,10001011110101110001
44,0.0,10001011110101110001,0.0,10001111010101110011
44,0.0,10001111010101110011,0.0,10000110110111110101
44,0.0,10000110110111110101,0.0,00010010110101110100
44,0.0,00010010110101110100,0.0,00010010100001111110
44,0.0,00010010100001111110,0.0,01010010100010111111
44,0.0,01010010100010111111,0.0,11100010100010011110
44,0.0,11100010100010011110,0.0,01100010110010111100
44,0.0,01100010110010111100,0.0,01100010110010111100
44,0.0,01100010110010111100,0.0,00101010110110111101
44,0.0,00101010110110111101,0.0,00100010100111111011
44,0.0,00100010100111111011,0.0,00101110110111101001
44,0.0,00101110110111101001,0.0,10101110110101001010
44,0.0,10101110110101001010,0.0,10101110110101001010
44,0.0,10101110110101001010,0.0,10101110110100101110
44,0.0,10101110110100101110,0.0,10101100110101101110
44,0.0,10101100110101101110,0.0,01100010110101101000
44,0.0,01100010110101101000,0.0,00110010011100001001
44,0.0,00110010011100001001,0.0,00111110010110011000
44,0.0,00111110010110011000,0.0,10110110010010011000
44,0.0,10110110010010011000,0.0,10111110110010001011
44,0.0,10111110110010001011,0.0,10100111010010011000
45,0.0,10111110010110000101,0.0,10110011010000000100
45,0.0,10110011010000000100,0.0,00111111110000000101
45,0.0,00111111110000000101,0.0,00111010110011000101
45,0.0,00111010110011000101,0.0,00111110010011000111
45,0.0,00111110010011000111,0.0,00110110110010001110
45,0.0,00110110110010001110,0.0,00110001110010001111
45,0.0,00110001110010001111,0.0,00111001100010101111
45,0.0,00111001100010101111,0.0,01111001000010110110
45,0.0,01111001000010110110,0.0,10111001000010110111
45,0.0,10111001000010110111,0.0,10111001010000110110
45,0.0,10111001010000110110,0.0,10110001010010010111
45,0.0,10110001010010010111,0.0,10110100010010111100
45,0.0,10110100010010111100,0.0,10111000110001001100
45,0.0,10111000110001001100,0.0,10111010110000001100
45,0.0,10111010110000001100,0.0,10111000110001001100
45,0.0,10111000110001001100,0.0,10111000110001001100
45,0.0,10111000110001001100,0.0,00110000110101001110
45,0.0,00110000110101001110,0.0,00110000100111001111
45,0.0,00110000100111001111,0.0,00110100101011001010
45,0.0,00110100101011001010,0.0,00111001100011001011
45,0.0,00111001100011001011,0.0,00111001110001001010
45,0.0,00111001110001001010,0.0,00111001000001001110
45,0.0,00111001000001001110,0.0,00111001000001001110
45,0.0,00111001000001001110,0.0,00110001001000001110
45,0.0,00110001001000001110,0.0,00110001001000001110
45,0.0,00110001001000001110,0.0,10110000001100001111
45,0.0,10110000001100001111,0.0,10100001001100001111
45,0.0,10100001001100001111,0.0,10100001001100001111
45,0.0,10100001001100001111,0.0,10101010011100010111
45,0.0,10101010011100010111,0.0,10101010011100010111
45,0.0,10101010011100010111,0.0,10101010011100010111
45,0.0,10101010011100010111,0.0,11100110110100010111
45,0.0,11100110110100010111,0.0,11100010110110010100
45,0.0,11100010110110010100,0.0,10100110110110110110
45,0.0,10100110110110110110,0.0,10110110010100100110
45,0.0,10110110010100100110,0.0,10100111110110100011
45,0.0,10100111110110100011,0.0,00110110111110000000
45,0.0,00110110111110000000,0.0,00110110111110000000
45,0.0,00110110111110000000,0.0,00110110111110000000
45,0.0,00110110111110000000,0.0,00110010111010000101
45,0.0,00110010111010000101,0.0,00010011011010001000
45,0.0,00010011011010001000,0.0,01011011001000001001
45,0.0,01011011001000001001,0.0,11011001001010001010
45,0.0,11011001001010001010,0.0,11111100001010001011
45,0.0,11111100001010001011,0.0,10110100111010001011
45,0.0,10110100111010001011,0.0,10110100111010001011
45,0.0,10110100111010001011,0.0,10110100111010001011
45,0.0,10110100111010001011,0.0,10101101110010101111
45,0.0,10101101110010101111,0.0,10101101110010101111
45,0.0,10101101110010101111,0.0,11000101110010111100
45,0.0,11000101110010111100,0.0,11000101110010111100
45,0.0,11000101110010111100,0.0,11000101110010111100
45,0.0,11000101110010111100,0.0,10010101010000111110
45,0.0,10010101010000111110,0.0,11011101010000111010
45,0.0,11011101010000111010,0.0,11011101000010111011
45,0.0,11011101000010111011,0.0,11011101010000111010
45,0.0,11011101010000111010,0.0,10011101011000011000
45,0.0,10011101011000011000,0.0,10010101000011011011
45,0.0,10010101000011011011,0.0,10011101000111110001
45,0.0,10011101000111110001,0.0,10110101000111000000
45,0.0,10110101000111000000,0.0,10100111000111000011
45,0.0,10100111000111000011,0.0,10010101100111010010
45,0.0,10010101100111010010,0.0,10010101100110111000
45,0.0,10010101100110111000,0.0,00010101100011111010
45,0.0,00010101100011111010,0.0,00001101101011111011
45,0.0,00001101101011111011,0.0,00001101101011111011
45,0.0,00001101101011111011,0.0,10000101111011110001
45,0.0,10000101111011110001,0.0,00000111101011110000
45,0.0,00000111101011110000,0.0,00001101111111110001
45,0.0,00001101111111110001,0.0,00001101111111110001
45,0.0,00001101111111110001,0.0,00001101111111110001
45,0.0,00001101111111110001,0.0,00001101011101110100
45,0.0,00001101011101110100,0.0,00101001111001100100
45,0.0,00101001111001100100,0.0,00100101001001110101
45,0.0,00100101001001110101,0.0,00101001011001010110
45,0.0,00101001011001010110,0.0,00101001001011010111
45,0.0,00101001001011010111,0.0,00110001000011010110
45,0.0,00110001000011010110,0.0,00110001000011011000
45,0.0,00110001000011011000,0.0,00110101000011101000
45,0.0,00110101000011101000,0.0,00111100001011101001
45,0.0,00111100001011101001,0.0,00111010101011000001
45,0.0,00111010101011000001,0.0,00111010111001000000
45,0.0,00111010111001000000,0.0,00110010110001101000
45,0.0,00110010110001101000,0.0,01110010110010101001
45,0.0,01110010110010101001,0.0,01011110110011001001
45,0.0,01011110110011001001,0.0,00010110111001001000
45,0.0,00010110111001001000,0.0,10011110011000011011
45,0.0,10011110011000011011,0.0,00011011001000011011
45,0.0,00011011001000011011,0.0,00011011001000011011
45,0.0,00011011001000011011,0.0,00010011001000001101
45,0.0,00010011001000001101,0.0,00010011001000001101
45,0.0,00010011001000001101,0.0,00010011001000110100
45,0.0,00010011001000110100,0.0,01011001101010010100
45,0.0,01011001101010010100,0.0,01011101101000011001
45,0.0,01011101101000011001,0.0,01011111101010000000
45,0.0,01011111101010000000,0.0,01011111101010000000
45,0.0,01011111101010000000,0.0,01010111100010101000
45,0.0,01010111100010101000,0.0,01011101000110101101
45,0.0,01011101000110101101,0.0,01011101000110101101
45,0.0,01011101000110101101,0.0,00111101010110100111
45,0.0,00111101010110100111,0.0,00010111110110000111
45,0.0,00010111110110000111,0.0,00010111110110000111
45,0.0,00010111110110000111,0.0,00111111010110000011
45,0.0,00111111010110000011,0.0,10100111010010010110
45,0.0,10100111010010010110,0.0,10101111110010110010
45,0.0,10101111110010110010,0.0,11101001110110110011
45,0.0,11101001110110110011,0.0,10111001110010110011
45,0.0,10111001110010110011,0.0,11111001010010010011
45,0.0,11111001010010010011,0.0,11111001010010010011
45,0.0,11111001010010010011,0.0,11111001010010010011
45,0.0,11111001010010010011,0.0,11111001000110010000
45,0.0,11111001000110010000,0.0,11111001000110010000
45,0.0,11111001000110010000,0.0,11100100001110110110
45,0.0,11100100001110110110,0.0,11100100001110111000
45,0.0,11100100001110111000,0.0,11101001000110111001
45,0.0,11101001000110111001,0.0,11101001000110111001
45,0.0,11101001000110111001,0.0,01100011000110011000
45,0.0,01100011000110011000,0.0,01100001000111011000
45,0.0,01100001000111011000,0.0,01101001000101001110
45,0.0,01101001000101001110,0.0,01101111000010001110
45,0.0,01101111000010001110,0.0,01101111000010001110
45,0.0,01101111000010001110,0.0,01100111000000011100
45,0.0,01100111000000011100,0.0,11000111000010011100
45,0.0,11000111000010011100,0.0,11000111000010011100
45,0.0,11000111000010011100,0.0,11101011000010010100
45,0.0,11101011000010010100,0.0,11101011000010010100
45,0.0,11101011000010010100,0.0,11101001000011010100
45,0.0,11101001000011010100,0.0,01010001100011010110
45,0.0,01010001100011010110,0.0,11010000100111010111
45,0.0,11010000100111010111,0.0,10010110100011010110
45,0.0,10010110100011010110,0.0,10110001000011000101
45,0.0,10110001000011000101,0.0,10110001000011000101
45,0.0,10110001000011000101,0.0,10110001010001000100
45,0.0,10110001010001000100,0.0,11100001010101000100
45,0.0,11100001010101000100,0.0,11100001010101000100
45,0.0,11100001010101000100,0.0,10111101010100001010
45,0.0,10111101010100001010,0.0,00111101010110101001
45,0.0,00111101010110101001,0.0,00110101000110001110
45,0.0,00110101000110001110,0.0,00110001110010001111
45,0.0,00110001110010001111,0.0,00110001100110001100
45,0.0,00110001100110001100,0.0,00110001100110001100
45,0.0,00110001100110001100,0.0,00101001101110110100
45,0.0,00101001101110110100,0.0,00101011101110010000
45,0.0,00101011101110010000,0.0,00100011100110111000
45,0.0,00100011100110111000,0.0,00001011010110111110
45,0.0,00001011010110111110,0.0,10001011010111110000
45,0.0,10001011010111110000,0.0,11001011010101010001
45,0.0,11001011010101010001,0.0,11001011010101010001
45,0.0,11001011010101010001,0.0,11001110110111110001
45,0.0,11001110110111110001,0.0,11000011100011110001
45,0.0,11000011100011110001,0.0,01100011000011110000
45,0.0,01100011000011110000,0.0,01100011000011110000
45,0.0,01100011000011110000,0.0,01100111000001110011
45,0.0,01100111000001110011,0.0,11100110000001110101
45,0.0,11100110000001110101,0.0,11100110010011110000
45,0.0,11100110010011110000,0.0,11101100010011111011
45,0.0,11101100010011111011,0.0,11100100111011100011
45,0.0,11100100111011100011,0.0,11100100101111100000
45,0.0,11100100101111100000,0.0,11110000101110100001
46,2.0,01110010111010000010,0.0,01110011110010000000
46,0.0,01110011110010000000,0.0,00111111010110000011
46,0.0,00111111010110000011,0.0,00111111010110000011
46,0.0,00111111010110000011,0.0,00111111110000000101
46,0.0,00111111110000000101,0.0,00111111110000000101
46,0.0,00111111110000000101,0.0,00111111110000000101
46,0.0,00111111110000000101,0.0,00111111110000000101
46,0.0,00111111110000000101,0.0,00010011001000001101
46,0.0,00010011001000001101,0.0,00000111001100101111
46,0.0,00000111001100101111,0.0,00001111011100001101
46,0.0,00001111011100001101,0.0,00010111001100001000
46,0.0,00010111001100001000,0.0,00010111001100001000
46,0.0,00010111001100001000,0.0,01011111001100000010
46,0.0,01011111001100000010,0.0,01011110001100101011
46,0.0,01011110001100101011,0.0,01010111000100101010
46,0.0,01010111000100101010,0.0,11000011010110101011
46,0.0,11000011010110101011,0.0,01010011010010101010
46,0.0,01010011010010101010,0.0,01010011010010101010
46,0.0,01010011010010101010,0.0,01000011011110001000
46,0.0,01000011011110001000,0.0,00000011011110011010
46,0.0,00000011011110011010,0.0,00000011111110101000
46,0.0,00000011111110101000,0.0,00000011111110101000
46,0.0,00000011111110101000,0.0,00010010111110101000
46,0.0,00010010111110101000,0.0,01010010111100110000
46,0.0,01010010111100110000,0.0,01101010111110010011
46,0.0,01101010111110010011,0.0,01101010111110010011
46,0.0,01101010111110010011,0.0,01101110111110100011
46,0.0,01101110111110100011,0.0,11001110011110100110
46,0.0,11001110011110100110,0.0,11001110011110100110
46,0.0,11001110011110100110,0.0,11111110000110100011
46,0.0,11111110000110100011,0.0,10110110001100100010
46,0.0,10110110001100100010,0.0,10101110011100100111
46,0.0,10101110011100100111,0.0,10101100111110001101
46,0.0,10101100111110001101,0.0,10100000101101001100
46,0.0,10100000101101001100,0.0,11101000101101001000
46,0.0,11101000101101001000,0.0,11101100001101001010
46,0.0,11101100001101001010,0.0,01101100011101101000
46,0.0,01101100011101101000,0.0,01101100011101101000
46,0.0,01101100011101101000,0.0,01101100011101100110
46,0.0,01101100011101100110,0.0,01101100011101100110
46,0.0,01101100011101100110,0.0,01101000011001101101
46,0.0,01101000011001101101,0.0,01110000010001101100
46,0.0,01110000010001101100,0.0,01011100110011101101
46,0.0,01011100110011101101,0.0,01011110000011001101
46,0.0,01011110000011001101,0.0,01011010000101001101
46,0.0,01011010000101001101,0.0,00111010010101001001
46,0.0,00111010010101001001,0.0,00111010010101001001
46,0.0,00111010010101001001,0.0,00111010010101000111
46,0.0,00111010010101000111,0.0,00011111000101000110
46,0.0,00011111000101000110,0.0,00011111000101000110
46,0.0,00011111000101000110,0.0,00011011000001001101
46,0.0,00011011000001001101,0.0,01011001100001001110
46,0.0,01011001100001001110,0.0,11011001100100001100
46,0.0,11011001100100001100,0.0,11010101100110100100
46,0.0,11010101100110100100,0.0,11010101100110100100
46,0.0,11010101100110100100,0.0,11010101100110100100
46,0.0,11010101100110100100,0.0,11000101110101100110
46,0.0,11000101110101100110,0.0,11000101110101101000
46,0.0,11000101110101101000,0.0,11000110110101101011
46,0.0,11000110110101101011,0.0,11000100110011111111
46,0.0,11000100110011111111,0.0,11000000111011001110
46,0.0,11000000111011001110,0.0,10000010101011001110
46,0.0,10000010101011001110,0.0,11001010110011001110
46,0.0,11001010110011001110,0.0,11001010110011001110
46,0.0,11001010110011001110,0.0,11000110110010111111
46,0.0,11000110110010111111,0.0,11000100110011111111
46,0.0,11000100110011111111,0.0,01000001100011111111
46,0.0,01000001100011111111,0.0,00001101110011111111
46,0.0,00001101110011111111,0.0,00001101110011111111
46,0.0,00001101110011111111,0.0,00001101110011111111
46,0.0,00001101110011111111,0.0,00011100110011111111
46,0.0,00011100110011111111,0.0,00011100110011111111
46,0.0,00011100110011111111,0.0,00011101110101101000
46,0.0,00011101110101101000,0.0,00001111110101101011
46,0.0,00001111110101101011,0.0,00001111010111101010
46,0.0,00001111010111101010,0.0,00000111011110101010
46,0.0,00000111011110101010,0.0,00010110011110101010
46,0.0,00010110011110101010,0.0,00010110111100101011
46,0.0,00010110111100101011,0.0,00010100111101101011
46,0.0,00010100111101101011,0.0,10010000111101110001
46,0.0,10010000111101110001,0.0,10010100011101110011
46,0.0,10010100011101110011,0.0,10011100111001100111
46,0.0,10011100111001100111,0.0,10011101101010100101
46,0.0,10011101101010100101,0.0,01011101101010100100
46,0.0,01011101101010100100,0.0,01011101101011000000
46,0.0,01011101101011000000,0.0,11011101100011100011
46,0.0,11011101100011100011,0.0,10011111100001100010
46,0.0,10011111100001100010,0.0,10010101101001100010
46,0.0,10010101101001100010,0.0,10010101101001100010
46,0.0,10010101101001100010,0.0,10010100101001001110
46,0.0,10010100101001001110,0.0,10010100101001001110
46,0.0,10010100101001001110,0.0,10010110101110000101
46,0.0,10010110101110000101,0.0,10011110000110011101
46,0.0,10011110000110011101,0.0,10011110110110010111
46,0.0,10011110110110010111,0.0,00011111110010010110
46,0.0,00011111110010010110,0.0,00011101110011010110
46,0.0,00011101110011010110,0.0,01110100110001010110
46,0.0,01110100110001010110,0.0,01110100110001010110
46,0.0,01110100110001010110,0.0,01110110110000010110
46,0.0,01110110110000010110,0.0,01110010000011000111
46,0.0,01110010000011000111,0.0,01110010010001000110
46,0.0,01110010010001000110,0.0,11111010010001000011
46,0.0,11111010010001000011,0.0,00110010011001100001
46,0.0,00110010011001100001,0.0,10110100010101100110
46,0.0,10110100010101100110,0.0,10110000110101100100
46,0.0,10110000110101100100,0.0,10111000110101110010
46,0.0,10111000110101110010,0.0,10010100110101111010
46,0.0,10010100110101111010,0.0,11101000010101111011
46,0.0,11101000010101111011,0.0,11101100010011111011
46,0.0,11101100010011111011,0.0,10101001010001111011
46,0.0,10101001010001111011,0.0,11100010000001111010
46,0.0,11100010000001111010,0.0,11001110100011111011
46,0.0,11001110100011111011,0.0,11001110110001111010
46,0.0,11001110110001111010,0.0,01101110100001111011
46,0.0,01101110100001111011,0.0,11001110000001111110
46,0.0,11001110000001111110,0.0,11011000000001111111
46,0.0,11011000000001111111,0.0,11011101000001100110
46,0.0,11011101000001100110,0.0,11011101000001100110
46,0.0,11011101000001100110,0.0,11011111000000100110
46,0.0,11011111000000100110,0.0,01001111111000100110
46,0.0,01001111111000100110,0.0,01001011101100100111
46,0.0,01001011101100100111,0.0,01000011001100110100
46,0.0,01000011001100110100,0.0,00000011001001110111
46,0.0,00000011001001110111,0.0,00000011100001111110
46,0.0,00000011100001111110,0.0,00011011000001001101
46,0.0,00011011000001001101,0.0,00011011000001001101
46,0.0,00011011000001001101,0.0,00011011000001001101
46,0.0,00011011000001001101,0.0,00010110110011001101
46,0.0,00010110110011001101,0.0,01011110110010101101
46,0.0,01011110110010101101,0.0,01010100111010101101
46,0.0,01010100111010101101,0.0,01011000101010111101
46,0.0,01011000101010111101,0.0,01011000101010111101
46,0.0,01011000101010111101,0.0,01011100001010111111
46,0.0,01011100001010111111,0.0,01010101001110110000
46,0.0,01010101001110110000,0.0,01011101000111110000
46,0.0,01011101000111110000,0.0,01011101000111001001
46,0.0,01011101000111001001,0.0,11010001010111000010
46,0.0,11010001010111000010,0.0,11010001010111000010
47,0.0,11011001100010110111,0.0,11010100101010110110
47,0.0,11010100101010110110,0.0,11010100101010111000
47,0.0,11010100101010111000,0.0,01111100101010101010
47,0.0,01111100101010101010,0.0,01011110101010101001
47,0.0,01011110101010101001,0.0,11111100001010001011
47,0.0,11111100001010001011,0.0,11100010001010011001
47,0.0,11100010001010011001,0.0,01101110011010011000
47,0.0,01101110011010011000,0.0,01101110111000011001
47,0.0,01101110111000011001,0.0,01001111011000011010
47,0.0,01001111011000011010,0.0,01011110011000011010
47,0.0,01011110011000011010,0.0,10010110011000110100
47,0.0,10010110011000110100,0.0,10001110101010111101
47,0.0,10001110101010111101,0.0,10000010101011001110
47,0.0,10000010101011001110,0.0,10001010001011101101
47,0.0,10001010001011101101,0.0,10000111000001101111
47,0.0,10000111000001101111,0.0,00100011000001101100
47,0.0,00100011000001101100,0.0,00100011000001101100
47,0.0,00100011000001101100,0.0,00100011000001101100
47,0.0,00100011000001101100,0.0,00100011000001101100
47,0.0,00100011000001101100,0.0,00100011000001101100
47,0.0,00100011000001101100,0.0,00001011010011101111
47,0.0,00001011010011101111,0.0,00001111010111101010
47,0.0,00001111010111101010,0.0,00000101011111101010
47,0.0,00000101011111101010,0.0,00100101011011001001
47,0.0,00100101011011001001,0.0,00100101101011001010
47,0.0,00100101101011001010,0.0,10101101101010101011
47,0.0,10101101101010101011,0.0,10101101110010101111
47,0.0,10101101110010101111,0.0,10101101110010101111
47,0.0,10101101110010101111,0.0,10101101110010101111
47,0.0,10101101110010101111,0.0,10101001110100101111
47,0.0,10101001110100101111,0.0,00101011010100101101
47,0.0,00101011010100101101,0.0,00101011111000100100
47,0.0,00101011111000100100,0.0,00111001011000100111
47,0.0,00111001011000100111,0.0,01110000001001100110
47,0.0,01110000001001100110,0.0,00111000001101100111
47,0.0,00111000001101100111,0.0,00111010001100100111
47,0.0,00111010001100100111,0.0,00111010001100100111
47,0.0,00111010001100100111,0.0,01011010001110100110
47,0.0,01011010001110100110,0.0,01010110101110000100
47,0.0,01010110101110000100,0.0,01000111101110000100
47,0.0,01000111101110000100,0.0,11000110101100001110
47,0.0,11000110101100001110,0.0,11000110101100001110
47,0.0,11000110101100001110,0.0,01011100101110001111
47,0.0,01011100101110001111,0.0,11011100101110100101
47,0.0,11011100101110100101,0.0,00110000101100101110
47,0.0,00110000101100101110,0.0,00110000101100101110
47,0.0,00110000101100101110,0.0,01110100000100111111
47,0.0,01110100000100111111,0.0,01110000100100111101
47,0.0,01110000100100111101,0.0,01110000100100111101
47,0.0,01110000100100111101,0.0,01110000000110111100
47,0.0,01110000000110111100,0.0,01110010000110011000
47,0.0,01110010000110011000,0.0,01110010100100011001
47,0.0,01110010100100011001,0.0,01110010000110011000
47,0.0,01110010000110011000,0.0,01110110100010011001
47,0.0,01110110100010011001,0.0,01110110100010011001
47,0.0,01110110100010011001,0.0,00110110100001011000
47,0.0,00110110100001011000,0.0,00101110110001011101
47,0.0,00101110110001011101,0.0,10100010010001011100
47,0.0,10100010010001011100,0.0,10100110010010111111
47,0.0,10100110010010111111,0.0,11101110010010111011
47,0.0,11101110010010111011,0.0,11101110000110111000
47,0.0,11101110000110111000,0.0,11001111000100111010
47,0.0,11001111000100111010,0.0,11000101001100111010
47,0.0,11000101001100111010,0.0,11001101000101111010
47,0.0,11001101000101111010,0.0,11001001100101111000
47,0.0,11001001100101111000,0.0,01001011100001111010
47,0.0,01001011100001111010,0.0,01010010110001011010
47,0.0,01010010110001011010,0.0,11000010110001011100
47,0.0,11000010110001011100,0.0,11000010110001011100
47,0.0,11000010110001011100,0.0,11000110110011011011
47,0.0,11000110110011011011,0.0,01100110010011011010
47,0.0,01100110010011011010,0.0,01100101010011101011
47,0.0,01100101010011101011,0.0,01100001000011101101
47,0.0,01100001000011101101,0.0,01100001000011101101
47,0.0,01100001000011101101,0.0,01100001110011101001
47,0.0,01100001110011101001,0.0,01100001110011101001
47,0.0,01100001110011101001,0.0,01100010110011011000
47,0.0,01100010110011011000,0.0,01100010101011010010
47,0.0,01100010101011010010,0.0,00100010111011110001
47,0.0,00100010111011110001,0.0,10101110111011000001
47,0.0,10101110111011000001,0.0,10100101101011100000
47,0.0,10100101101011100000,0.0,00101101101111100000
47,0.0,00101101101111100000,0.0,00100101101011001010
47,0.0,00100101101011001010,0.0,00100001101101001010
47,0.0,00100001101101001010,0.0,00101011100101001010
47,0.0,00101011100101001010,0.0,00101101110101011001
47,0.0,00101101110101011001,0.0,00001110110101111110
47,0.0,00001110110101111110,0.0,00011000110101111111
47,0.0,00011000110101111111,0.0,01010000110001111110
47,0.0,01010000110001111110,0.0,00110000010001111110
47,0.0,00110000010001111110,0.0,01111000010001111010
47,0.0,01111000010001111010,0.0,01111000010001111010
47,0.0,01111000010001111010,0.0,01110010010001001000
47,0.0,01110010010001001000,0.0,01110010010001000110
47,0.0,01110010010001000110,0.0,01100011010001000110
47,0.0,01100011010001000110,0.0,00101111010011000111
47,0.0,00101111010011000111,0.0,00100111110010001110
47,0.0,00100111110010001110,0.0,10101111100110000110
47,0.0,10101111100110000110,0.0,10101111000101100010
47,0.0,10101111000101100010,0.0,00100111100111100010
47,0.0,00100111100111100010,0.0,01101001100111110010
47,0.0,01101001100111110010,0.0,01100001100111100100
47,0.0,01100001100111100100,0.0,01100011100111000000
47,0.0,01100011100111000000,0.0,01100011100111000000
47,0.0,01100011100111000000,0.0,01100011100111000000
47,0.0,01100011100111000000,0.0,01100011100111000000
47,0.0,01100011100111000000,0.0,01110111100100000000
47,0.0,01110111100100000000,0.0,01110110100101000011
47,0.0,01110110100101000011,0.0,01110110100001000100
47,0.0,01110110100001000100,0.0,01110011100000000101
47,0.0,01110011100000000101,0.0,01111111100000100011
47,0.0,01111111100000100011,0.0,01111111100000100011
47,0.0,01111111100000100011,0.0,01110111110000000011
47,0.0,01110111110000000011,0.0,01110111110000000011
47,0.0,01110111110000000011,0.0,01101111110100000101
47,0.0,01101111110100000101,0.0,01001011000101001101
47,0.0,01001011000101001101,0.0,01001011000101001101
47,0.0,01001011000101001101,0.0,01001111000011001101
47,0.0,01001111000011001101,0.0,00111001000001001110
47,0.0,00111001000001001110,0.0,00111001100011001011
47,0.0,00111001100011001011,0.0,00111001100011001011
47,0.0,00111001100011001011,0.0,10110010100001001010
47,0.0,10110010100001001010,0.0,11110010110000001010
47,0.0,11110010110000001010,0.0,10111110110010001011
47,0.0,10111110110010001011,0.0,10101111110010001011
47,0.0,10101111110010001011,0.0,10101111110010001011
47,0.0,10101111110010001011,0.0,10101111110010001011
47,0.0,10101111110010001011,0.0,10101101110011001011
47,0.0,10101101110011001011,0.0,00101100111011001111
47,0.0,00101100111011001111,0.0,10100010111001010010
47,0.0,10100010111001010010,0.0,10100010111001010010
47,0.0,10100010111001010010,0.0,10100010001001010110
47,0.0,10100010001001010110,0.0,10100010100111010100
47,0.0,10100010100111010100,0.0,10101010100110011111
48,2.0,11000011100001101010,0.0,11001001100101001111
48,0.0,11001001100101001111,0.0,11001001110110101110
48,0.0,11001001110110101110,0.0,11000001001110001110
48,0.0,11000001001110001110,0.0,11001001011110100111
48,0.0,11001001011110100111,0.0,10001011001110100111
48,0.0,10001011001110100111,0.0,11100101010110100111
48,0.0,11100101010110100111,0.0,11101101110110000110
48,0.0,11101101110110000110,0.0,11101101010010001111
48,0.0,11101101010010001111,0.0,11101101010010001111
48,0.0,11101101010010001111,0.0,11101101010010001111
48,0.0,11101101010010001111,0.0,11000101111000001110
48,0.0,11000101111000001110,0.0,11100101101000100101
48,0.0,11100101101000100101,0.0,11101101110110000110
48,0.0,11101101110110000110,0.0,10100101011110000101
48,0.0,10100101011110000101,0.0,11101101110110000110
48,0.0,11101101110110000110,0.0,11111100110110000110
48,0.0,11111100110110000110,0.0,10110100110110001100
48,0.0,10110100110110001100,0.0,10110100110110001100
48,0.0,10110100110110001100,0.0,10111000100110011100
48,0.0,10111000100110011100,0.0,10111000100111110011
48,0.0,10111000100111110011,0.0,10111001100110110000
48,0.0,10111001100110110000,0.0,00110101100100111000
48,0.0,00110101100100111000,0.0,01111101000000111011
48,0.0,01111101000000111011,0.0,01111110100000111000
48,0.0,01111110100000111000,0.0,01101110100001111011
48,0.0,01101110100001111011,0.0,01101110100001111011
48,0.0,01101110100001111011,0.0,00100110100001111111
48,0.0,00100110100001111111,0.0,00100110110011111010
48,0.0,00100110110011111010,0.0,00100110110011111010
48,0.0,00100110110011111010,0.0,10100110110111010010
48,0.0,10100110110111010010,0.0,10100110100101010111
48,0.0,10100110100101010111,0.0,10100001001101010010
48,0.0,10100001001101010010,0.0,11100001001101000000
48,0.0,11100001001101000000,0.0,11100001001101000000
48,0.0,11100001001101000000,0.0,11100001001101000000
48,0.0,11100001001101000000,0.0,11100001001100100100
48,0.0,11100001001100100100,0.0,11101001001000001100
48,0.0,11101001001000001100,0.0,11101001001000001100
48,0.0,11101001001000001100,0.0,10101001001000011110
48,0.0,10101001001000011110,0.0,10100001111000001100
48,0.0,10100001111000001100,0.0,11101001001000001100
48,0.0,11101001001000001100,0.0,11101001001100001011
48,0.0,11101001001100001011,0.0,11100001011100010010
48,0.0,11100001011100010010,0.0,11000011011100010001
48,0.0,11000011011100010001,0.0,10101001111110010001
48,0.0,10101001111110010001,0.0,11101001110110110011
48,0.0,11101001110110110011,0.0,11101101110000111001
48,0.0,11101101110000111001,0.0,11101101110000111001
48,0.0,11101101110000111001,0.0,10100101110000111101
48,0.0,10100101110000111101,0.0,11101101110000111001
48,0.0,11101101110000111001,0.0,01110001110000011001
48,0.0,01110001110000011001,0.0,01110001110000011001
48,0.0,01110001110000011001,0.0,01110001010010011000
48,0.0,01110001010010011000,0.0,01110101010000011011
48,0.0,01110101010000011011,0.0,11111101010010100011
48,0.0,11111101010010100011,0.0,11010101101010100011
48,0.0,11010101101010100011,0.0,11111101010010100011
48,0.0,11111101010010100011,0.0,11110001011000000000
48,0.0,11110001011000000000,0.0,11110001011000000000
48,0.0,11110001011000000000,0.0,11100011011000000011
48,0.0,11100011011000000011,0.0,11100011011000000011
48,0.0,11100011011000000011,0.0,11101011010001000011
48,0.0,11101011010001000011,0.0,11100011110000001010
48,0.0,11100011110000001010,0.0,01101011010000111010
48,0.0,01101011010000111010,0.0,01001011110101110000
48,0.0,01001011110101110000,0.0,01011011010100110011
48,0.0,01011011010100110011,0.0,01010001011100110011
48,0.0,01010001011100110011,0.0,01011000111100111011
48,0.0,01011000111100111011,0.0,01010101011100001000
48,0.0,01010101011100001000,0.0,01011101001100101000
48,0.0,01011101001100101000,0.0,11000111011100100001
48,0.0,11000111011100100001,0.0,11001110111100101001
48,0.0,11001110111100101001,0.0,00010110111100101011
48,0.0,00010110111100101011,0.0,00010110111100101011
48,0.0,00010110111100101011,0.0,00010111001100001000
48,0.0,00010111001100001000,0.0,01001111001001001000
48,0.0,01001111001001001000,0.0,00000111001001001100
48,0.0,00000111001001001100,0.0,00001011111010001110
48,0.0,00001011111010001110,0.0,00001011111010001110
48,0.0,00001011111010001110,0.0,00000101111010111111
48,0.0,00000101111010111111,0.0,00000101111010111111
48,0.0,00000101111010111111,0.0,10101101101010101011
48,0.0,10101101101010101011,0.0,11000101101010111000
48,0.0,11000101101010111000,0.0,11000101101010001111
48,0.0,11000101101010001111,0.0,00000101101011101101
48,0.0,00000101101011101101,0.0,00000101101011101101
48,0.0,00000101101011101101,0.0,00000001101101101101
48,0.0,00000001101101101101,0.0,01000001111101000111
48,0.0,01000001111101000111,0.0,01000001111101000111
48,0.0,01000001111101000111,0.0,01001001101101100111
48,0.0,01001001101101100111,0.0,01011101100101110001
48,0.0,01011101100101110001,0.0,01011100100101011101
48,0.0,01011100100101011101,0.0,01010100101100011101
48,0.0,01010100101100011101,0.0,11010000110100111100
48,0.0,11010000110100111100,0.0,11010100110110111011
48,0.0,11010100110110111011,0.0,11010100110110111011
48,0.0,11010100110110111011,0.0,11111000110110110011
48,0.0,11111000110110110011,0.0,11111000110110110011
48,0.0,11111000110110110011,0.0,11010100110110111011
48,0.0,11010100110110111011,0.0,11010100110110111011
48,0.0,11010100110110111011,0.0,10010001110100111011
48,0.0,10010001110100111011,0.0,10010001000100111111
48,0.0,10010001000100111111,0.0,10010001100010111101
48,0.0,10010001100010111101,0.0,00011001100110111101
48,0.0,00011001100110111101,0.0,00011101110110111011
48,0.0,00011101110110111011,0.0,00010101110111110000
48,0.0,00010101110111110000,0.0,10011001111110100000
48,0.0,10011001111110100000,0.0,00111001110110100101
48,0.0,00111001110110100101,0.0,00010111110110000111
48,0.0,00010111110110000111,0.0,00010101111010010110
48,0.0,00010101111010010110,0.0,00110001110010110110
48,0.0,00110001110010110110,0.0,01110001110010100100
48,0.0,01110001110010100100,0.0,01110001110010100100
48,0.0,01110001110010100100,0.0,11101001110010110100
48,0.0,11101001110010110100,0.0,11101010100110110100
48,0.0,11101010100110110100,0.0,01110010100110100100
48,0.0,01110010100110100100,0.0,01110010100110100100
48,0.0,01110010100110100100,0.0,11101010100110110100
48,0.0,11101010100110110100,0.0,11101000100111110100
48,0.0,11101000100111110100,0.0,11101000110011110111
48,0.0,11101000110011110111,0.0,11101000110011110111
48,0.0,11101000110011110111,0.0,11100000111010110111
48,0.0,11100000111010110111,0.0,11100100111011100011
48,0.0,11100100111011100011,0.0,11100100101111100000
48,0.0,11100100101111100000,0.0,11100100111110110010
48,0.0,11100100111110110010,0.0,11110100011010010010
48,0.0,11110100011010010010,0.0,11100010101110010000
49,0.0,10111101011010000001,0.0,10110101001010100011
49,0.0,10110101001010100011,0.0,10110001101010100001
49,0.0,10110001101010100001,0.0,10110001101010100001
49,0.0,10110001101010100001,0.0,10110101010010100111
49,0.0,10110101010010100111,0.0,10110001110010100101
49,0.0,10110001110010100101,0.0,00110011100010100100
49,0.0,00110011100010100100,0.0,00101111100010101110
49,0.0,00101111100010101110,0.0,00101111100010101110
49,0.0,00101111100010101110,0.0,01001111110010101101
49,0.0,01001111110010101101,0.0,01001111110010101101
49,0.0,01001111110010101101,0.0,01001111110010101101
49,0.0,01001111110010101101,0.0,01000011110000111110
49,0.0,01000011110000111110,0.0,11000011110000101101
49,0.0,11000011110000101101,0.0,11000010110111101000
49,0.0,11000010110111101000,0.0,01011100110111011000
49,0.0,01011100110111011000,0.0,00010100110111011100
49,0.0,00010100110111011100,0.0,00011100100111111100
49,0.0,00011100100111111100,0.0,10011100110110111101
49,0.0,10011100110110111101,0.0,10011100110110111101
49,0.0,10011100110110111101,0.0,01011100110110111100
49,0.0,01011100110110111100,0.0,01011100110110111100
49,0.0,01011100110110111100,0.0,10011100110110111101
49,0.0,10011100110110111101,0.0,00010100110111011100
49,0.0,00010100110111011100,0.0,01011100000111011100
49,0.0,01011100000111011100,0.0,01011010000101001101
49,0.0,01011010000101001101,0.0,01011010000101001101
49,0.0,01011010000101001101,0.0,01011010110101001001
49,0.0,01011010110101001001,0.0,01010010111100001001
49,0.0,01010010111100001001,0.0,01010000111101001001
49,0.0,01010000111101001001,0.0,01110000111100001010
49,0.0,01110000111100001010,0.0,11110100011100100010
49,0.0,11110100011100100010,0.0,11110100011100100010
49,0.0,11110100011100100010,0.0,11110000111100100000
49,0.0,11110000111100100000,0.0,11110000111100100000
49,0.0,11110000111100100000,0.0,01110000111001100010
49,0.0,01110000111001100010,0.0,01110000001001101000
49,0.0,01110000001001101000,0.0,00110010010001011010
49,0.0,00110010010001011010,0.0,11011010000001011011
49,0.0,11011010000001011011,0.0,10011110110011110001
49,0.0,10011110110011110001,0.0,10011110110011110001
49,0.0,10011110110011110001,0.0,10011010110101110001
49,0.0,10011010110101110001,0.0,10010010010101101010
49,0.0,10010010010101101010,0.0,00011010010011101111
49,0.0,00011010010011101111,0.0,10010000010011111110
49,0.0,10010000010011111110,0.0,00011100110011111111
49,0.0,00011100110011111111,0.0,00011100110011111111
49,0.0,00011100110011111111,0.0,00011100110011111111
49,0.0,00011100110011111111,0.0,00011000110101111111
49,0.0,00011000110101111111,0.0,00011001110101010110
49,0.0,00011001110101010110,0.0,00111000110111010100
49,0.0,00111000110111010100,0.0,00111010110110010100
49,0.0,00111010110110010100,0.0,00110000111110010100
49,0.0,00110000111110010100,0.0,01101000111110110111
49,0.0,01101000111110110111,0.0,01111100111110100000
49,0.0,01111100111110100000,0.0,01101000111110110111
49,0.0,01101000111110110111,0.0,01101000111110110111
49,0.0,01101000111110110111,0.0,01110000110110110110
49,0.0,01110000110110110110,0.0,10110101010110010010
49,0.0,10110101010110010010,0.0,10110101010110010010
49,0.0,10110101010110010010,0.0,10111101000110110010
49,0.0,10111101000110110010,0.0,10100101010110111011
49,0.0,10100101010110111011,0.0,10100101010110111011
49,0.0,10100101010110111011,0.0,10001101110110111101
49,0.0,10001101110110111101,0.0,11010001110100101001
49,0.0,11010001110100101001,0.0,11011001111100000001
49,0.0,11011001111100000001,0.0,11011001001100000101
49,0.0,11011001001100000101,0.0,11011001001100000101
49,0.0,11011001001100000101,0.0,11011001001100000101
49,0.0,11011001001100000101,0.0,11011001001100000101
49,0.0,11011001001100000101,0.0,01010001101110000101
49,0.0,01010001101110000101,0.0,01010001101110000101
49,0.0,01010001101110000101,0.0,01010001101110000101
49,0.0,01010001101110000101,0.0,01010001101110000101
49,0.0,01010001101110000101,0.0,01011001001100010110
49,0.0,01011001001100010110,0.0,01011101001010010110
49,0.0,01011101001010010110,0.0,01011001101010010100
49,0.0,01011001101010010100,0.0,01000001111010011101
49,0.0,01000001111010011101,0.0,01001001101010111101
49,0.0,01001001101010111101,0.0,01000001111010011101
49,0.0,01000001111010011101,0.0,00001001111011001110
49,0.0,00001001111011001110,0.0,00011000111011001110
49,0.0,00011000111011001110,0.0,00011000111011001110
49,0.0,00011000111011001110,0.0,01010100011001001100
49,0.0,01010100011001001100,0.0,01000110001101001100
49,0.0,01000110001101001100,0.0,00000110101101101100
49,0.0,00000110101101101100,0.0,01001010101001101101
49,0.0,01001010101001101101,0.0,01001010101001101101
49,0.0,01001010101001101101,0.0,01000011100001101100
49,0.0,01000011100001101100,0.0,11001011100001101001
49,0.0,11001011100001101001,0.0,01101011000001101000
49,0.0,01101011000001101000,0.0,00100011110001101000
49,0.0,00100011110001101000,0.0,00100011110001101000
49,0.0,00100011110001101000,0.0,00100011110001101000
49,0.0,00100011110001101000,0.0,00100011110001101000
49,0.0,00100011110001101000,0.0,00100011110001101000
49,0.0,00100011110001101000,0.0,01101011000001101000
49,0.0,01101011000001101000,0.0,01100011010000101100
49,0.0,01100011010000101100,0.0,01100110010010111110
49,0.0,01100110010010111110,0.0,01100010010100111110
49,0.0,01100010010100111110,0.0,01101110010110101101
49,0.0,01101110010110101101,0.0,01101110010111000111
49,0.0,01101110010111000111,0.0,11101100000111001111
49,0.0,11101100000111001111,0.0,11111100000110001100
49,0.0,11111100000110001100,0.0,10111100000110011110
49,0.0,10111100000110011110,0.0,00111100001110001111
49,0.0,00111100001110001111,0.0,00010110001100101111
49,0.0,00010110001100101111,0.0,10011110001000101101
49,0.0,10011110001000101101,0.0,10001111001000101101
49,0.0,10001111001000101101,0.0,10001111001000101101
49,0.0,10001111001000101101,0.0,10000111001010110101
49,0.0,10000111001010110101,0.0,11001111010010110101
49,0.0,11001111010010110101,0.0,11001110000111110101
49,0.0,11001110000111110101,0.0,11011100010011110101
49,0.0,11011100010011110101,0.0,10010110010011010101
49,0.0,10010110010011010101,0.0,10011110000011110101
49,0.0,10011110000011110101,0.0,01011110000011110100
49,0.0,01011110000011110100,0.0,01011100001001101100
49,0.0,01011100001001101100,0.0,01010110000001101110
49,0.0,01010110000001101110,0.0,11011110110000001110
49,0.0,11011110110000001110,0.0,01011010110100101101
49,0.0,01011010110100101101,0.0,00010010101101001001
49,0.0,00010010101101001001,0.0,00010010101101001001
49,0.0,00010010101101001001,0.0,00010010001111001000
49,0.0,00010010001111001000,0.0,10010010011110001001
49,0.0,10010010011110001001,0.0,10100010010111101000
49,0.0,10100010010111101000,0.0,10100010010111101000
49,0.0,10100010010111101000,0.0,10101010010011001110
49,0.0,10101010010011001110,0.0,10100010000011011101
49,0.0,10100010000011011101,0.0,10100010110011011001
49,0.0,10100010110011011001,0.0,10100010110011011001
49,0.0,10100010110011011001,0.0,10100100110111111000
49,0.0,10100100110111111000,0.0,10100100110111111000
49,0.0,10100100110111111000,0.0,10101101110011001011
49,0.0,10101101110011001011,0.0,10101101110011001011
49,0.0,10101101110011001011,0.0,10101101110011001011
49,0.0,10101101110011001011,0.0,10100101111010001011
49,0.0,10100101111010001011,0.0,00100111101010001010
49,0.0,00100111101010001010,0.0,00101111111010100011
49,0.0,00101111111010100011,0.0,00111110111010100011
49,0.0,00111110111010100011,0.0,10110010011010100010
49,0.0,10110010011010100010,0.0,00111010011110100010
49,0.0,00111010011110100010,0.0,00111010001100100111
49,0.0,00111010001100100111,0.0,00111010001100100111
49,0.0,00111010001100100111,0.0,00111101001110100011
49,0.0,00111101001110100011,0.0,01111001001110000001
49,0.0,01111001001110000001,0.0,11111100101110000010
49,0.0,11111100101110000010,0.0,10110100101110000110
49,0.0,10110100101110000110,0.0,00010110101110010110
49,0.0,00010110101110010110,0.0,01110110101000010010
49,0.0,01110110101000010010,0.0,01100110101000111011
49,0.0,01100110101000111011,0.0,01110110101000010010
50,0.0,01000111101110000100,0.0,01000111101110000100
50,0.0,01000111101110000100,0.0,10001011101100010100
50,0.0,10001011101100010100,0.0,10011011100000110110
50,0.0,10011011100000110110,0.0,10011011100000110110
50,0.0,10011011100000110110,0.0,11011011000000010110
50,0.0,11011011000000010110,0.0,11010010110100010110
50,0.0,11010010110100010110,0.0,10010010100101010110
50,0.0,10010010100101010110,0.0,10010010001101010001
50,0.0,10010010001101010001,0.0,10010010001101010001
50,0.0,10010010001101010001,0.0,10111010000101010010
50,0.0,10111010000101010010,0.0,10111000100111110011
50,0.0,10111000100111110011,0.0,10111000110101110010
50,0.0,10111000110101110010,0.0,11111000110101100000
50,0.0,11111000110101100000,0.0,11111010110100100000
50,0.0,11111010110100100000,0.0,11111010100110100001
50,0.0,11111010100110100001,0.0,11111010100110100001
50,0.0,11111010100110100001,0.0,11110110000100110001
50,0.0,11110110000100110001,0.0,10111110000010110110
50,0.0,10111110000010110110,0.0,11010110000010011100
50,0.0,11010110000010011100,0.0,11010110000010011100
50,0.0,11010110000010011100,0.0,00011111000010011100
50,0.0,00011111000010011100,0.0,00111110000100011101
50,0.0,00111110000100011101,0.0,00100110011010011100
50,0.0,00100110011010011100,0.0,10101110011010010111
50,0.0,10101110011010010111,0.0,10100111010010010110
50,0.0,10100111010010010110,0.0,00101011011000010110
50,0.0,00101011011000010110,0.0,00100101001001110101
50,0.0,00100101001001110101,0.0,01101101001001110001
50,0.0,01101101001001110001,0.0,01101101001001110001
50,0.0,01101101001001110001,0.0,01100001100101010111
50,0.0,01100001100101010111,0.0,01100001100101010111
50,0.0,01100001100101010111,0.0,00100101100001111100
50,0.0,00100101100001111100,0.0,00100101100001111100
50,0.0,00100101100001111100,0.0,00110001100000111101
50,0.0,00110001100000111101,0.0,00110101000000111111
50,0.0,00110101000000111111,0.0,01010101100000111111
50,0.0,01010101100000111111,0.0,01010101100000111111
50,0.0,01010101100000111111,0.0,01011001001000101101
50,0.0,01011001001000101101,0.0,01011101000110101101
50,0.0,01011101000110101101,0.0,01011101000110101101
50,0.0,01011101000110101101,0.0,00011101000110111111
50,0.0,00011101000110111111,0.0,11011101000010111011
50,0.0,11011101000010111011,0.0,11010101010010011011
50,0.0,11010101010010011011,0.0,01011010011010101011
50,0.0,01011010011010101011,0.0,00010110011110101010
50,0.0,00010110011110101010,0.0,00011110010111101010
50,0.0,00011110010111101010,0.0,01011100110011101101
50,0.0,01011100110011101101,0.0,11010000110001101101
50,0.0,11010000110001101101,0.0,10010010110011100110
50,0.0,10010010110011100110,0.0,10001010111011100111
50,0.0,10001010111011100111,0.0,10010010110011100110
50,0.0,10010010110011100110,0.0,10010010110011100110
50,0.0,10010010110011100110,0.0,11011010000011100110
50,0.0,11011010000011100110,0.0,11010010010011001000
50,0.0,11010010010011001000,0.0,11000011010011001000
50,0.0,11000011010011001000,0.0,01001011010111001000
50,0.0,01001011010111001000,0.0,11001001110111001010
50,0.0,11001001110111001010,0.0,01001111110011001001
50,0.0,01001111110011001001,0.0,01011111110110000011
50,0.0,01011111110110000011,0.0,01110111110000000011
50,0.0,01110111110000000011,0.0,01110101110000101001
50,0.0,01110101110000101001,0.0,01010101110010111010
50,0.0,01010101110010111010,0.0,00110101010010111010
50,0.0,00110101010010111010,0.0,11011101010000111010
50,0.0,11011101010000111010,0.0,11011001000100111011
50,0.0,11011001000100111011,0.0,01010001100110111011
50,0.0,01010001100110111011,0.0,01011001000110011101
50,0.0,01011001000110011101,0.0,00010001001100011100
50,0.0,00010001001100011100,0.0,00010001001100011100
50,0.0,00010001001100011100,0.0,00010001001100011100
50,0.0,00010001001100011100,0.0,00011001000101011100
50,0.0,00011001000101011100,0.0,00011101000111011011
50,0.0,00011101000111011011,0.0,00011101000110111111
50,0.0,00011101000110111111,0.0,00011111100110100111
50,0.0,00011111100110100111,0.0,01010111100010100110
50,0.0,01010111100010100110,0.0,01010111100010100110
50,0.0,01010111100010100110,0.0,10010111100010100111
50,0.0,10010111100010100111,0.0,00110111100000100111
50,0.0,00110111100000100111,0.0,00110111000010100110
50,0.0,00110111000010100110,0.0,00010111000011100101
50,0.0,00010111000011100101,0.0,00110101000011100110
50,0.0,00110101000011100110,0.0,00110101000011100110
50,0.0,00110101000011100110,0.0,00110001100011100100
50,0.0,00110001100011100100,0.0,11011001100001100100
50,0.0,11011001100001100100,0.0,01011001001001000111
50,0.0,01011001001001000111,0.0,00010001111001000111
50,0.0,00010001111001000111,0.0,00011011100101000100
50,0.0,00011011100101000100,0.0,00111110100101000101
50,0.0,00111110100101000101,0.0,00011011100101000100
50,0.0,00011011100101000100,0.0,00011011110001000111
50,0.0,00011011110001000111,0.0,00010110110011001101
50,0.0,00010110110011001101,0.0,10010010110011101000
50,0.0,10010010110011101000,0.0,10010010110011101000
50,0.0,10010010110011101000,0.0,10010010010011011010
50,0.0,10010010010011011010,0.0,10001010011011011011
50,0.0,10001010011011011011,0.0,10001010011011011011
50,0.0,10001010011011011011,0.0,10001110011011101011
50,0.0,10001110011011101011,0.0,10001010111011101001
50,0.0,10001010111011101001,0.0,11001010011011001001
50,0.0,11001010011011001001,0.0,11001010101011001010
50,0.0,11001010101011001010,0.0,01000110101111001001
50,0.0,01000110101111001001,0.0,01000110101111001001
50,0.0,01000110101111001001,0.0,10101110100111001011
50,0.0,10101110100111001011,0.0,10101110110101001010
50,0.0,10101110110101001010,0.0,01100100110111001110
50,0.0,01100100110111001110,0.0,01101100100111101110
50,0.0,01101100100111101110,0.0,01101101100001001111
50,0.0,01101101100001001111,0.0,00100101110011001110
50,0.0,00100101110011001110,0.0,10101001100011001101
50,0.0,10101001100011001101,0.0,10101001100011001101
50,0.0,10101001100011001101,0.0,10101101000011001111
50,0.0,10101101000011001111,0.0,00100111000011101011
50,0.0,00100111000011101011,0.0,10100110001010111011
50,0.0,10100110001010111011,0.0,10100101001010111000
50,0.0,10100101001010111000,0.0,11100100011010111011
50,0.0,11100100011010111011,0.0,11100000011100111011
50,0.0,11100000011100111011,0.0,11101010001000111000
50,0.0,11101010001000111000,0.0,01111110001000110001
50,0.0,01111110001000110001,0.0,01110110000001110011
50,0.0,01110110000001110011,0.0,00110110001001010001
50,0.0,00110110001001010001,0.0,00010110001001001100
50,0.0,00010110001001001100,0.0,00010110001001001100
50,0.0,00010110001001001100,0.0,00010110001001001100
50,0.0,00010110001001001100,0.0,00010111010001100100
50,0.0,00010111010001100100,0.0,00010111001001100000
50,0.0,00010111001001100000,0.0,00010111001001100000
50,0.0,00010111001001100000,0.0,00010011001001010000
50,0.0,00010011001001010000,0.0,00100111001001010001
50,0.0,00100111001001010001,0.0,10000111011001010000
50,0.0,10000111011001010000,0.0,00000111010101111000
50,0.0,00000111010101111000,0.0,00000111010101111000
50,0.0,00000111010101111000,0.0,00001011010011101111
50,0.0,00001011010011101111,0.0,00000011010111001100
50,0.0,00000011010111001100,0.0,00000011110101001101
50,0.0,00000011110101001101,0.0,00000011110101001101
50,0.0,00000011110101001101,0.0,00001011100101101101
50,0.0,00001011100101101101,0.0,00001011100101101101
50,0.0,00001011100101101101,0.0,10000111100101101000
50,0.0,10000111100101101000,0.0,10000111100101100110
50,0.0,10000111100101100110,0.0,10001111110101000100
50,0.0,10001111110101000100,0.0,11000101110101100110
50,0.0,11000101110101100110,0.0,11101001010001100111
50,0.0,11101001010001100111,0.0,11101001010001101001
50,0.0,11101001010001101001,0.0,11101001100001101010
50,0.0,11101001100001101010,0.0,11101101110011100000
50,0.0,11101101110011100000,0.0,11101100110111001011
50,0.0,11101100110111001011,0.0,11101100110011001100
51,2.0,00111111000011000001,0.0,00101111001011000011
51,0.0,00101111001011000011,0.0,00101101001011100111
51,0.0,00101101001011100111,0.0,00101100001011111100
51,0.0,00101100001011111100,0.0,10101000001011101110
51,0.0,10101000001011101110,0.0,00111100001011100111
51,0.0,00111100001011100111,0.0,00100110001111000111
51,0.0,00100110001111000111,0.0,00100111001110000100
51,0.0,00100111001110000100,0.0,00100111001110000100
51,0.0,00100111001110000100,0.0,00110001001110000101
51,0.0,00110001001110000101,0.0,00110001001110000101
51,0.0,00110001001110000101,0.0,00101101001110001111
51,0.0,00101101001110001111,0.0,00101101001110001111
51,0.0,00101101001110001111,0.0,00101101001110001111
51,0.0,00101101001110001111,0.0,00101101001110001111
51,0.0,00101101001110001111,0.0,00100101001111000100
51,0.0,00100101001111000100,0.0,00100101001111000100
51,0.0,00100101001111000100,0.0,00101011001001000100
51,0.0,00101011001001000100,0.0,01100011010001001000
51,0.0,01100011010001001000,0.0,01100011010001001000
51,0.0,01100011010001001000,0.0,01001111010101001011
51,0.0,01001111010101001011,0.0,00011111010001001011
51,0.0,00011111010001001011,0.0,00010111010101100011
51,0.0,00010111010101100011,0.0,01010011010101000001
51,0.0,01010011010101000001,0.0,01010011010101000001
51,0.0,01010011010101000001,0.0,01110001010101000010
51,0.0,01110001010101000010,0.0,01110001010100101000
51,0.0,01110001010100101000,0.0,01111000011100101001
51,0.0,01111000011100101001,0.0,00110000011101001001
51,0.0,00110000011101001001,0.0,00011001011101010001
51,0.0,00011001011101010001,0.0,00011001110101011000
51,0.0,00011001110101011000,0.0,10010001000101011011
51,0.0,10010001000101011011,0.0,10010001000101011011
51,0.0,10010001000101011011,0.0,10010011000001110011
51,0.0,10010011000001110011,0.0,11010011000001100001
51,0.0,11010011000001100001,0.0,11010011000001100001
51,0.0,11010011000001100001,0.0,01011011000101100001
51,0.0,01011011000101100001,0.0,01011011000101100001
51,0.0,01011011000101100001,0.0,01010110110111100001
51,0.0,01010110110111100001,0.0,01011010010111001000
51,0.0,01011010010111001000,0.0,01011010001100011011
51,0.0,01011010001100011011,0.0,01011001001001001001
51,0.0,01011001001001001001,0.0,01111001001000001010
51,0.0,01111001001000001010,0.0,00110001001000001110
51,0.0,00110001001000001110,0.0,00110001001000001110
51,0.0,00110001001000001110,0.0,01111001001000001010
51,0.0,01111001001000001010,0.0,10111001001000001011
51,0.0,10111001001000001011,0.0,10110001100100101010
51,0.0,10110001100100101010,0.0,10111001000101100011
51,0.0,10111001000101100011,0.0,10111101000011100011
51,0.0,10111101000011100011,0.0,10111101000011100011
51,0.0,10111101000011100011,0.0,10010101100011101001
51,0.0,10010101100011101001,0.0,11110101000010001010
51,0.0,11110101000010001010,0.0,01110101010010101000
51,0.0,01110101010010101000,0.0,01010101110010111010
51,0.0,01010101110010111010,0.0,01010101100000111111
51,0.0,01010101100000111111,0.0,11010101110010101001
51,0.0,11010101110010101001,0.0,11010111110010000011
51,0.0,11010111110010000011,0.0,11010011101000000000
51,0.0,11010011101000000000,0.0,11010111001000000010
51,0.0,11010111001000000010,0.0,10011111001100000011
51,0.0,10011111001100000011,0.0,10010101101100001010
51,0.0,10010101101100001010,0.0,10010101101100001010
51,0.0,10010101101100001010,0.0,10011101001100101001
51,0.0,10011101001100101001,0.0,11010101001000101000
51,0.0,11010101001000101000,0.0,10011001011010101001
51,0.0,10011001011010101001,0.0,00010001011011001000
51,0.0,00010001011011001000,0.0,00010001001001001101
51,0.0,00010001001001001101,0.0,00010001001001001101
51,0.0,00010001001001001101,0.0,00010001001001001101
51,0.0,00010001001001001101,0.0,00010001001001001101
51,0.0,00010001001001001101,0.0,00010001001001001101
51,0.0,00010001001001001101,0.0,00010001011011001000
51,0.0,00010001011011001000,0.0,00010001011011001000
51,0.0,00010001011011001000,0.0,00010001011011001000
51,0.0,00010001011011001000,0.0,00011001001011101000
51,0.0,00011001001011101000,0.0,10001001001111101001
51,0.0,10001001001111101001,0.0,01001001001111101000
51,0.0,01001001001111101000,0.0,01011000001111101000
51,0.0,01011000001111101000,0.0,00010000001111101100
51,0.0,00010000001111101100,0.0,00010100011111101010
51,0.0,00010100011111101010,0.0,00010100001101101111
51,0.0,00010100001101101111,0.0,01011100010101101111
51,0.0,01011100010101101111,0.0,01011100110011101101
51,0.0,01011100110011101101,0.0,01011100111001101000
51,0.0,01011100111001101000,0.0,01011100111001101000
51,0.0,01011100111001101000,0.0,01011001111001000011
51,0.0,01011001111001000011,0.0,01011001111001000011
51,0.0,01011001111001000011,0.0,01011011101100000000
51,0.0,01011011101100000000,0.0,01010011001100100001
51,0.0,01010011001100100001,0.0,01011010001110100110
51,0.0,01011010001110100110,0.0,00010010001110101100
51,0.0,00010010001110101100,0.0,10011010001110101001
51,0.0,10011010001110101001,0.0,10011010001110101001
51,0.0,10011010001110101001,0.0,00010010001110101100
51,0.0,00010010001110101100,0.0,01011010101100100111
51,0.0,01011010101100100111,0.0,01011010101100100111
51,0.0,01011010101100100111,0.0,01010011100100100110
51,0.0,01010011100100100110,0.0,01010111000100101010
51,0.0,01010111000100101010,0.0,00011111000100101100
51,0.0,00011111000100101100,0.0,10000111000100111110
51,0.0,10000111000100111110,0.0,10000111100110111011
51,0.0,10000111100110111011,0.0,01000111100110111010
51,0.0,01000111100110111010,0.0,01000101100111111010
51,0.0,01000101100111111010,0.0,01100001000111011000
51,0.0,01100001000111011000,0.0,01101011000010111011
51,0.0,01101011000010111011,0.0,01100111100010010111
51,0.0,01100111100010010111,0.0,01100111100010010111
51,0.0,01100111100010010111,0.0,01100111110000010110
51,0.0,01100111110000010110,0.0,10100111110000010111
51,0.0,10100111110000010111,0.0,10110110110000010111
51,0.0,10110110110000010111,0.0,00111010001010010111
51,0.0,00111010001010010111,0.0,00111010001010010111
51,0.0,00111010001010010111,0.0,00101011001010010111
51,0.0,00101011001010010111,0.0,00101111001010100111
51,0.0,00101111001010100111,0.0,01100001101011100011
51,0.0,01100001101011100011,0.0,01100001001001101000
51,0.0,01100001001001101000,0.0,01100001001001101000
51,0.0,01100001001001101000,0.0,11100001011000101001
51,0.0,11100001011000101001,0.0,11000011111010100010
51,0.0,11000011111010100010,0.0,11001010111110100100
51,0.0,11001010111110100100,0.0,01001010010111101111
51,0.0,01001010010111101111,0.0,01001110100111101101
51,0.0,01001110100111101101,0.0,01000110101110101101
51,0.0,01000110101110101101,0.0,01000110001110011111
51,0.0,01000110001110011111,0.0,01000100111110111111
51,0.0,01000100111110111111,0.0,01001110110110111111
51,0.0,01001110110110111111,0.0,01001110110110111111
51,0.0,01001110110110111111,0.0,01010110100110111010
51,0.0,01010110100110111010,0.0,01010110100011101011
51,0.0,01010110100011101011,0.0,11011010100001101001
51,0.0,11011010100001101001,0.0,11010010000001001101
51,0.0,11010010000001001101,0.0,01011110000011001101
51,0.0,01011110000011001101,0.0,01001111000011001101
51,0.0,01001111000011001101,0.0,01000110010011111101
51,0.0,01000110010011111101,0.0,01000110010011111101
51,0.0,01000110010011111101,0.0,01001110011011101010
51,0.0,01001110011011101010,0.0,01000110001011111001
51,0.0,01000110001011111001,0.0,01100010101010111000
51,0.0,01100010101010111000,0.0,10100010101010111001
51,0.0,10100010101010111001,0.0,10101010101001001011
51,0.0,10101010101001001011,0.0,10110010001001000011
51,0.0,10110010001001000011,0.0,11111010001000100011
51,0.0,11111010001000100011,0.0,11110010001100000000
51,0.0,11110010001100000000,0.0,11111110010100100010
51,0.0,11111110010100100010,0.0,11111110010100100010
51,0.0,11111110010100100010,0.0,11111000010100110110
51,0.0,11111000010100110110,0.0,11111000010100110110
51,0.0,11111000010100110110,0.0,10110000010101010110
51,0.0,10110000010101010110,0.0,10110000000111010111
51,0.0,10110000000111010111,0.0,01110000000111010110
51,0.0,01110000000111010110,0.0,01110000000110111100
51,0.0,01110000000110111100,0.0,01110100100010111101
51,0.0,01110100100010111101,0.0,11010000100110111101
51,0.0,11010000100110111101,0.0,11011010100100111000
51,0.0,11011010100100111000,0.0,11011010110000111011
51,0.0,11011010110000111011,0.0,11011010110000111011
51,0.0,11011010110000111011,0.0,11011010110000111011
51,0.0,11011010110000111011,0.0,10011010100001111011
51,0.0,10011010100001111011,0.0,10010000101001111011
51,0.0,10010000101001111011,0.0,10010000101001111011
51,0.0,10010000101001111011,0.0,00011100101011111011
51,0.0,00011100101011111011,0.0,00011000001111111010
52,4.0,01011010000110011111,0.0,01010010001100001101
52,0.0,01010010001100001101,0.0,01011010000101001101
52,0.0,01011010000101001101,0.0,01111010000100001110
52,0.0,01111010000100001110,0.0,01111010000100001110
52,0.0,01111010000100001110,0.0,11101010110100001100
52,0.0,11101010110100001100,0.0,01101011110100001010
52,0.0,01101011110100001010,0.0,00111010010101001001
52,0.0,00111010010101001001,0.0,00110000011101001001
52,0.0,00110000011101001001,0.0,00110010101100001010
52,0.0,00110010101100001010,0.0,00111000101110001101
52,0.0,00111000101110001101,0.0,10110100101110001000
52,0.0,10110100101110001000,0.0,10110100111010001011
52,0.0,10110100111010001011,0.0,10110100011000001110
52,0.0,10110100011000001110,0.0,11111000001000001100
52,0.0,11111000001000001100,0.0,01110100001010001110
52,0.0,01110100001010001110,0.0,01110000001100001110
52,0.0,01110000001100001110,0.0,01010010001100001101
52,0.0,01010010001100001101,0.0,01001111001000101100
52,0.0,01001111001000101100,0.0,00010110101010101101
52,0.0,00010110101010101101,0.0,00011110100011101101
52,0.0,00011110100011101101,0.0,10010010100001101101
52,0.0,10010010100001101101,0.0,11011110100010001111
52,0.0,11011110100010001111,0.0,10111110110010001011
52,0.0,10111110110010001011,0.0,10111010100010001101
52,0.0,10111010100010001101,0.0,10111000100011001101
52,0.0,10111000100011001101,0.0,10110100001010001111
52,0.0,10110100001010001111,0.0,10111110000010001111
52,0.0,10111110000010001111,0.0,10110011000010000101
52,0.0,10110011000010000101,0.0,11111011000010000001
52,0.0,11111011000010000001,0.0,10111111000010100011
52,0.0,10111111000010100011,0.0,00111111001010000000
52,0.0,00111111001010000000,0.0,00111110001011000011
52,0.0,00111110001011000011,0.0,00111110001011000011
52,0.0,00111110001011000011,0.0,00100111001001010001
52,0.0,00100111001001010001,0.0,00101111011001000010
52,0.0,00101111011001000010,0.0,00101111110001110001
52,0.0,00101111110001110001,0.0,10101111110010110010
52,0.0,10101111110010110010,0.0,10001111110011110001
52,0.0,10001111110011110001,0.0,10001111110011110001
52,0.0,10001111110011110001,0.0,10000111100011011000
52,0.0,10000111100011011000,0.0,10000011010011011010
52,0.0,10000011010011011010,0.0,10000111000101011010
52,0.0,10000111000101011010,0.0,10001101010101011100
52,0.0,10001101010101011100,0.0,10100101010101101000
52,0.0,10100101010101101000,0.0,10100101010101101000
52,0.0,10100101010101101000,0.0,10100101010101101000
52,0.0,10100101010101101000,0.0,10101100011101101001
52,0.0,10101100011101101001,0.0,10101100011101100111
52,0.0,10101100011101100111,0.0,10101000111101100101
52,0.0,10101000111101100101,0.0,00100100011101101100
52,0.0,00100100011101101100,0.0,00100100011101101100
52,0.0,00100100011101101100,0.0,01010100011101001011
52,0.0,01010100011101001011,0.0,00010101001101001000
52,0.0,00010101001101001000,0.0,00010111001100001000
52,0.0,00010111001100001000,0.0,01010011000100011010
52,0.0,01010011000100011010,0.0,01010011100100101000
52,0.0,01010011100100101000,0.0,11011011100100100011
52,0.0,11011011100100100011,0.0,11011011100100100011
52,0.0,11011011100100100011,0.0,11010110110100100110
52,0.0,11010110110100100110,0.0,11010010110000101101
52,0.0,11010010110000101101,0.0,01110010010000101100
52,0.0,01110010010000101100,0.0,01110010010000101100
52,0.0,01110010010000101100,0.0,11101110010001100110
52,0.0,11101110010001100110,0.0,11100110010011000111
52,0.0,11100110010011000111,0.0,11100110010011000111
52,0.0,11100110010011000111,0.0,11110100010011000100
52,0.0,11110100010011000100,0.0,11111100110110000110
52,0.0,11111100110110000110,0.0,11110010110110000001
52,0.0,11110010110110000001,0.0,10110010100111000001
52,0.0,10110010100111000001,0.0,00100010101111000101
52,0.0,00100010101111000101,0.0,00100110111011000100
52,0.0,00100110111011000100,0.0,10101100111011100101
52,0.0,10101100111011100101,0.0,00110100111111000000
52,0.0,00110100111111000000,0.0,00100101111111000000
52,0.0,00100101111111000000,0.0,11001101101111000001
52,0.0,11001101101111000001,0.0,01001101101111010010
52,0.0,01001101101111010010,0.0,01001011001111000010
52,0.0,01001011001111000010,0.0,01001011001110100110
52,0.0,01001011001110100110,0.0,01001111101010100111
52,0.0,01001111101010100111,0.0,00101111001010100111
52,0.0,00101111001010100111,0.0,00101111001010100111
52,0.0,00101111001010100111,0.0,00001111001000111110
52,0.0,00001111001000111110,0.0,00001111100110111100
52,0.0,00001111100110111100,0.0,10000111100010111100
52,0.0,10000111100010111100,0.0,10000011100001101101
52,0.0,10000011100001101101,0.0,01000011100001101100
52,0.0,01000011100001101100,0.0,11001011100001100111
52,0.0,11001011100001100111,0.0,01010010100001101100
52,0.0,01010010100001101100,0.0,01110010001000100110
52,0.0,01110010001000100110,0.0,11111010001000100011
52,0.0,11111010001000100011,0.0,11111000001001100011
52,0.0,11111000001001100011,0.0,01110000001001101000
52,0.0,01110000001001101000,0.0,11010000001011101000
52,0.0,11010000001011101000,0.0,01010100111011110000
52,0.0,01010100111011110000,0.0,01011100111010111011
52,0.0,01011100111010111011,0.0,11010000111000111011
52,0.0,11010000111000111011,0.0,11000100111001111010
52,0.0,11000100111001111010,0.0,11000100111001111010
52,0.0,11000100111001111010,0.0,01101100111001011001
52,0.0,01101100111001011001,0.0,01100101110001011000
52,0.0,01100101110001011000,0.0,01100101110001011000
52,0.0,01100101110001011000,0.0,01100110110001011011
52,0.0,01100110110001011011,0.0,11011010110000111011
52,0.0,11011010110000111011,0.0,11011000110001111011
52,0.0,11011000110001111011,0.0,11011000110001111011
52,0.0,11011000110001111011,0.0,01010000110001111110
52,0.0,01010000110001111110,0.0,11010000110100111100
52,0.0,11010000110100111100,0.0,11010000010011101100
52,0.0,11010000010011101100,0.0,11010100100111100111
52,0.0,11010100100111100111,0.0,10110100000111100111
52,0.0,10110100000111100111,0.0,10101100100111101111
52,0.0,10101100100111101111,0.0,11000101100111100111
52,0.0,11000101100111100111,0.0,11001101100011110110
52,0.0,11001101100011110110,0.0,11001101100011110110
52,0.0,11001101100011110110,0.0,11011001100010110111
52,0.0,11011001100010110111,0.0,10010001100010111101
52,0.0,10010001100010111101,0.0,11011001100010110111
52,0.0,11011001100010110111,0.0,11011001100010110111
52,0.0,11011001100010110111,0.0,11011001100010110111
52,0.0,11011001100010110111,0.0,10011001100001110110
52,0.0,10011001100001110110,0.0,11011000100101110110
52,0.0,11011000100101110110,0.0,11011000100101111000
52,0.0,11011000100101111000,0.0,11010000101100111000
52,0.0,11010000101100111000,0.0,11010100101010111000
52,0.0,11010100101010111000,0.0,11010100101010111000
52,0.0,11010100101010111000,0.0,11010100101010001111
52,0.0,11010100101010001111,0.0,00011101101010001111
52,0.0,00011101101010001111,0.0,01010101111010000100
52,0.0,01010101111010000100,0.0,00010101111010010110
52,0.0,00010101111010010110,0.0,11011110011000000111
52,0.0,11011110011000000111,0.0,11011110110110000101
52,0.0,11011110110110000101,0.0,11001110101110010100
52,0.0,11001110101110010100,0.0,11001001101110010101
52,0.0,11001001101110010101,0.0,11011001001100000101
52,0.0,11011001001100000101,0.0,11011001001100000101
52,0.0,11011001001100000101,0.0,10011111001000000100
52,0.0,10011111001000000100,0.0,10010111011000100001
52,0.0,10010111011000100001,0.0,10010011011000010001
52,0.0,10010011011000010001,0.0,10011011010001010001
52,0.0,10011011010001010001,0.0,10010110011001010000
52,0.0,10010110011001010000,0.0,10010110011001010000
52,0.0,10010110011001010000,0.0,10011110111100010010
52,0.0,10011110111100010010,0.0,10011110111100010010
52,0.0,10011110111100010010,0.0,10110010001100010010
52,0.0,10110010001100010010,0.0,10110010101100100000
52,0.0,10110010101100100000,0.0,10011010011100100110
52,0.0,10011010011100100110,0.0,10011010001110100111
52,0.0,10011010001110100111,0.0,10011001001110100100
52,0.0,10011001001110100100,0.0,10011001101010010101
52,0.0,10011001101010010101,0.0,10011101100010011110
52,0.0,10011101100010011110,0.0,10010110100010111100
52,0.0,10010110100010111100,0.0,01011010110010011101
52,0.0,01011010110010011101,0.0,01011000110011011101
53,6.0,11001001111000110111,2.0,11001001011100110100
53,2.0,11001001011100110100,0.0,11001001111100010100
53,0.0,11001001111100010100,0.0,01101000111110110111
53,0.0,01101000111110110111,0.0,01111000011100100111
53,0.0,01111000011100100111,0.0,01111000011100100111
53,0.0,01111000011100100111,0.0,01111000011101000011
53,0.0,01111000011101000011,0.0,01111000011101000011
53,0.0,01111000011101000011,0.0,00111000111101100011
53,0.0,00111000111101100011,0.0,00111000111101100011
53,0.0,00111000111101100011,0.0,00111010111100100011
53,0.0,00111010111100100011,0.0,10110010101100100000
53,0.0,10110010101100100000,0.0,10100010101100001100
53,0.0,10100010101100001100,0.0,10101010100101001100
53,0.0,10101010100101001100,0.0,10101110100011001100
53,0.0,10101110100011001100,0.0,10101111010000001110
53,0.0,10101111010000001110,0.0,11100011000000001110
53,0.0,11100011000000001110,0.0,01100011000010101101
53,0.0,01100011000010101101,0.0,01100011000010101101
53,0.0,01100011000010101101,0.0,11100001100010101111
53,0.0,11100001100010101111,0.0,11101001110010001101
53,0.0,11101001110010001101,0.0,11101001110010001101
53,0.0,11101001110010001101,0.0,11100101110001000101
53,0.0,11100101110001000101,0.0,11101001111000000110
53,0.0,11101001111000000110,0.0,11101100111100010101
53,0.0,11101100111100010101,0.0,11101100111100010101
53,0.0,11101100111100010101,0.0,10101010011100010111
53,0.0,10101010011100010111,0.0,00101010001101010110
53,0.0,00101010001101010110,0.0,00101010101110110111
53,0.0,00101010101110110111,0.0,00101010101110110111
53,0.0,00101010101110110111,0.0,01100110011110000111
53,0.0,01100110011110000111,0.0,00110010011100000111
53,0.0,00110010011100000111,0.0,00111010010101000111
53,0.0,00111010010101000111,0.0,00111010010101000111
53,0.0,00111010010101000111,0.0,00111110110100010111
53,0.0,00111110110100010111,0.0,00111110110100010111
53,0.0,00111110110100010111,0.0,00111110110001110001
53,0.0,00111110110001110001,0.0,00010110110111110011
53,0.0,00010110110111110011,0.0,00010110110111110011
53,0.0,00010110110111110011,0.0,10010111100011000011
53,0.0,10010111100011000011,0.0,10101111100001010011
53,0.0,10101111100001010011,0.0,10000011110001011011
53,0.0,10000011110001011011,0.0,10000011100101011000
53,0.0,10000011100101011000,0.0,10001011100001111011
53,0.0,10001011100001111011,0.0,00100011100011101001
53,0.0,00100011100011101001,0.0,00101011101011000001
53,0.0,00101011101011000001,0.0,10101110111011000001
53,0.0,10101110111011000001,0.0,11111100011000001010
53,0.0,11111100011000001010,0.0,11101101011000001010
53,0.0,11101101011000001010,0.0,11100100011100001110
53,0.0,11100100011100001110,0.0,11101100001100101110
53,0.0,11101100001100101110,0.0,11001110001100101101
53,0.0,11001110001100101101,0.0,10011110001000101101
53,0.0,10011110001000101101,0.0,00000111001100101111
53,0.0,00000111001100101111,0.0,01000110111100101100
53,0.0,01000110111100101100,0.0,01000110101110101101
53,0.0,01000110101110101101,0.0,00000110101110111111
53,0.0,00000110101110111111,0.0,00000110101110111111
53,0.0,00000110101110111111,0.0,00011010101100111011
53,0.0,00011010101100111011,0.0,00111000011100111011
53,0.0,00111000011100111011,0.0,10011000011110111011
53,0.0,10011000011110111011,0.0,11010000011010111010
53,0.0,11010000011010111010,0.0,01011100111010111011
53,0.0,01011100111010111011,0.0,01011100001010111111
53,0.0,01011100001010111111,0.0,01001101001010111111
53,0.0,01001101001010111111,0.0,00000101001011011111
53,0.0,00000101001011011111,0.0,00000001001111101100
53,0.0,00000001001111101100,0.0,00000101001101101111
53,0.0,00000101001101101111,0.0,01001001001100111111
53,0.0,01001001001100111111,0.0,00001001101101111011
53,0.0,00001001101101111011,0.0,00001001101101111011
53,0.0,00001001101101111011,0.0,00000001111111101000
53,0.0,00000001111111101000,0.0,01001001101101101001
53,0.0,01001001101101101001,0.0,01000001111101001001
53,0.0,01000001111101001001,0.0,00000001111111101000
53,0.0,00000001111111101000,0.0,00000101011111101010
53,0.0,00000101011111101010,0.0,00000101011111101010
53,0.0,00000101011111101010,0.0,00101110011001101011
53,0.0,00101110011001101011,0.0,00100010011001001101
53,0.0,00100010011001001101,0.0,00101000111101001111
53,0.0,00101000111101001111,0.0,10101000101001101111
53,0.0,10101000101001101111,0.0,10110000100001101110
53,0.0,10110000100001101110,0.0,10110000100001101110
53,0.0,10110000100001101110,0.0,10010010100001101101
53,0.0,10010010100001101101,0.0,00011011000001001101
53,0.0,00011011000001001101,0.0,00011011000001001101
53,0.0,00011011000001001101,0.0,00011011100101000100
53,0.0,00011011100101000100,0.0,11000011100101000100
53,0.0,11000011100101000100,0.0,01001011110101000111
53,0.0,01001011110101000111,0.0,01001011110101000111
53,0.0,01001011110101000111,0.0,11000101110101100110
53,0.0,11000101110101100110,0.0,11010101100110100100
53,0.0,11010101100110100100,0.0,11010101100110100100
53,0.0,11010101100110100100,0.0,11011101100110110010
53,0.0,11011101100110110010,0.0,11011101100110110010
53,0.0,11011101100110110010,0.0,11110000100110011010
53,0.0,11110000100110011010,0.0,11110000100110011010
53,0.0,11110000100110011010,0.0,11101000101110011011
53,0.0,11101000101110011011,0.0,11101000101010011100
53,0.0,11101000101010011100,0.0,01101000100111011110
53,0.0,01101000100111011110,0.0,01001110100111101101
53,0.0,01001110100111101101,0.0,01000010100101111110
53,0.0,01000010100101111110,0.0,10000010100101111111
53,0.0,10000010100101111111,0.0,00100011000001101100
53,0.0,00100011000001101100,0.0,00110010000001101100
53,0.0,00110010000001101100,0.0,00101010001001101101
53,0.0,00101010001001101101,0.0,00100010011001110100
53,0.0,00100010011001110100,0.0,00100010011001110100
53,0.0,00100010011001110100,0.0,00100010011001110100
53,0.0,00100010011001110100,0.0,00100010011001110100
53,0.0,00100010011001110100,0.0,00001110011101110111
53,0.0,00001110011101110111,0.0,01000111010101100100
53,0.0,01000111010101100100,0.0,01010110010101100100
53,0.0,01010110010101100100,0.0,00010011000101100101
53,0.0,00010011000101100101,0.0,00010011110101100001
53,0.0,00010011110101100001,0.0,00010011110101100001
53,0.0,00010011110101100001,0.0,00010011110101100001
53,0.0,00010011110101100001,0.0,11011001100101100011
53,0.0,11011001100101100011,0.0,11010001000101110000
53,0.0,11010001000101110000,0.0,11011000100101111000
53,0.0,11011000100101111000,0.0,11010000100111011001
53,0.0,11010000100111011001,0.0,11010000110101011000
53,0.0,11010000110101011000,0.0,11010000110100111100
53,0.0,11010000110100111100,0.0,10011001010100011101
53,0.0,10011001010100011101,0.0,00011101010100111110
53,0.0,00011101010100111110,0.0,10000101000101111110
53,0.0,10000101000101111110,0.0,11000101010100111110
53,0.0,11000101010100111110,0.0,11000101110110111011
53,0.0,11000101110110111011,0.0,01100101110100111011
53,0.0,01100101110100111011,0.0,11101101010010111000
53,0.0,11101101010010111000,0.0,11101101010010111000
53,0.0,11101101010010111000,0.0,01110101010010101000
53,0.0,01110101010010101000,0.0,01001111110010101101
53,0.0,01001111110010101101,0.0,01001011110010011101
53,0.0,01001011110010011101,0.0,01100010110110111011
53,0.0,01100010110110111011,0.0,11101110110110110010
53,0.0,11101110110110110010,0.0,11101010100110110100
53,0.0,11101010100110110100,0.0,11100000101110110100
54,8.0,00011111001100010011,8.0,00111011101000000011
54,8.0,00111011101000000011,0.0,00110010101001100010
54,0.0,00110010101001100010,0.0,01010010111001100001
54,0.0,01010010111001100001,0.0,01010110011100110010
54,0.0,01010110011100110010,0.0,01010010111100110000
54,0.0,01010010111100110000,0.0,10010010111100110001
54,0.0,10010010111100110001,0.0,10000111011100110011
54,0.0,10000111011100110011,0.0,10000011001101010001
54,0.0,10000011001101010001,0.0,10010010001101010001
54,0.0,10010010001101010001,0.0,10001010101101011001
54,0.0,10001010101101011001,0.0,10001110001101011011
54,0.0,10001110001101011011,0.0,10100010001001011000
54,0.0,10100010001001011000,0.0,10100110001001101000
54,0.0,10100110001001101000,0.0,10100000001001111100
54,0.0,10100000001001111100,0.0,11101000001001110110
54,0.0,11101000001001110110,0.0,11101000001001110110
54,0.0,11101000001001110110,0.0,11101000001001111000
54,0.0,11101000001001111000,0.0,11100000011001011000
54,0.0,11100000011001011000,0.0,11000101011011010001
54,0.0,11000101011011010001,0.0,10000001011111110000
54,0.0,10000001011111110000,0.0,10000101110101111010
54,0.0,10000101110101111010,0.0,10001101111101010010
54,0.0,10001101111101010010,0.0,10011100111101010010
54,0.0,10011100111101010010,0.0,10011000111111100011
54,0.0,10011000111111100011,0.0,10010101101001100010
54,0.0,10010101101001100010,0.0,10010000101001111011
54,0.0,10010000101001111011,0.0,00011001001001011011
54,0.0,00011001001001011011,0.0,00011001001001011011
54,0.0,00011001001001011011,0.0,00011001001011101000
54,0.0,00011001001011101000,0.0,00011001001011100110
54,0.0,00011001001011100110,0.0,00011001001011100110
54,0.0,00011001001011100110,0.0,10011001001110100100
54,0.0,10011001001110100100,0.0,10011001001110100100
54,0.0,10011001001110100100,0.0,10011001001110100100
54,0.0,10011001001110100100,0.0,11111001000010100101
54,0.0,11111001000010100101,0.0,00110001100011100100
54,0.0,00110001100011100100,0.0,00110001100011100100
54,0.0,00110001100011100100,0.0,00110001100011100100
54,0.0,00110001100011100100,0.0,00110101100001100111
54,0.0,00110101100001100111,0.0,00110101100001100111
54,0.0,00110101100001100111,0.0,01111101100001100011
54,0.0,01111101100001100011,0.0,01101111100001010010
54,0.0,01101111100001010010,0.0,01101111100001010010
54,0.0,01101111100001010010,0.0,01001111100001110101
54,0.0,01001111100001110101,0.0,01001111100001110101
54,0.0,01001111100001110101,0.0,01011110100001110101
54,0.0,01011110100001110101,0.0,10011110000011110101
54,0.0,10011110000011110101,0.0,10010010000011101100
54,0.0,10010010000011101100,0.0,10001010001011101101
54,0.0,10001010001011101101,0.0,10001000001111111100
54,0.0,10001000001111111100,0.0,10000000011111011100
54,0.0,10000000011111011100,0.0,10000000011111011100
54,0.0,10000000011111011100,0.0,00100000001111011101
54,0.0,00100000001111011101,0.0,00100000011101011100
54,0.0,00100000011101011100,0.0,01101000010111011101
54,0.0,01101000010111011101,0.0,01001000011011111110
54,0.0,01001000011011111110,0.0,01000110001011111001
54,0.0,01000110001011111001,0.0,01000110101111110000
54,0.0,01000110101111110000,0.0,01000110101111110000
54,0.0,01000110101111110000,0.0,01000110101111110000
54,0.0,01000110101111110000,0.0,11000100111111110001
54,0.0,11000100111111110001,0.0,10001100111101111011
54,0.0,10001100111101111011,0.0,10001110111100111011
54,0.0,10001110111100111011,0.0,10001110111100111011
54,0.0,10001110111100111011,0.0,10001110111100111011
54,0.0,10001110111100111011,0.0,10101110101100101010
54,0.0,10101110101100101010,0.0,10101010101100011010
54,0.0,10101010101100011010,0.0,10100110101110001011
54,0.0,10100110101110001011,0.0,10101110101100101010
54,0.0,10101110101100101010,0.0,01100010101101100010
54,0.0,01100010101101100010,0.0,00101110111101100010
54,0.0,00101110111101100010,0.0,00101110111101100010
54,0.0,00101110111101100010,0.0,00101110111101100010
54,0.0,00101110111101100010,0.0,10001110111111100010
54,0.0,10001110111111100010,0.0,10001100111101111011
54,0.0,10001100111101111011,0.0,10001101111001101001
54,0.0,10001101111001101001,0.0,10001101111001101001
54,0.0,10001101111001101001,0.0,11000101110101101000
54,0.0,11000101110101101000,0.0,11001001110111001010
54,0.0,11001001110111001010,0.0,10011010100111001010
54,0.0,10011010100111001010,0.0,10101110100111001011
54,0.0,10101110100111001011,0.0,10101110100111001011
54,0.0,10101110100111001011,0.0,10101010100101001100
54,0.0,10101010100101001100,0.0,11100010100101001010
54,0.0,11100010100101001010,0.0,11001010100101111011
54,0.0,11001010100101111011,0.0,11011000100101111000
54,0.0,11011000100101111000,0.0,10010000100101111100
54,0.0,10010000100101111100,0.0,10111100100001111001
54,0.0,10111100100001111001,0.0,10111100100001111001
54,0.0,10111100100001111001,0.0,10101101100001111001
54,0.0,10101101100001111001,0.0,10101101100001111001
54,0.0,10101101100001111001,0.0,10101101101010101011
54,0.0,10101101101010101011,0.0,10101101101010101011
54,0.0,10101101101010101011,0.0,10100101111010001011
54,0.0,10100101111010001011,0.0,00101110111010001111
54,0.0,00101110111010001111,0.0,00101110111010001111
54,0.0,00101110111010001111,0.0,10101110111010100101
54,0.0,10101110111010100101,0.0,11001110111100100111
54,0.0,11001110111100100111,0.0,01000110111100101100
54,0.0,01000110111100101100,0.0,00001111011100001101
54,0.0,00001111011100001101,0.0,00001011000101011111
54,0.0,00001011000101011111,0.0,00100011100111010010
54,0.0,00100011100111010010,0.0,00100011100111010010
54,0.0,00100011100111010010,0.0,00100011100111010010
54,0.0,00100011100111010010,0.0,00100011100111010010
54,0.0,00100011100111010010,0.0,00100111100111100010
54,0.0,00100111100111100010,0.0,10100001100111100101
54,0.0,10100001100111100101,0.0,10100011000101000100
54,0.0,10100011000101000100,0.0,10100011110101000000
54,0.0,10100011110101000000,0.0,10101010111101000001
54,0.0,10101010111101000001,0.0,10101100111011100101
54,0.0,10101100111011100101,0.0,10001101111001100111
54,0.0,10001101111001100111,0.0,10001101011000111111
54,0.0,10001101011000111111,0.0,10010001011000110101
54,0.0,10010001011000110101,0.0,10011100111001100111
54,0.0,10011100111001100111,0.0,10011100111001100111
54,0.0,10011100111001100111,0.0,10011110111000100111
54,0.0,10011110111000100111,0.0,10011110111000100111
54,0.0,10011110111000100111,0.0,10011110111000101001
54,0.0,10011110111000101001,0.0,00011110101001101000
54,0.0,00011110101001101000,0.0,00010100111001101100
54,0.0,00010100111001101100,0.0,00010110111000101100
54,0.0,00010110111000101100,0.0,01011110111000100110
54,0.0,01011110111000100110,0.0,01011110111000100110
54,0.0,01011110111000100110,0.0,01101110111010100100
54,0.0,01101110111010100100,0.0,01101110111010100100
54,0.0,01101110111010100100,0.0,00101110111010111000
54,0.0,00101110111010111000,0.0,00101110111010111000
54,0.0,00101110111010111000,0.0,01101110111000011001
54,0.0,01101110111000011001,0.0,01110110011000010001
54,0.0,01110110011000010001,0.0,01110101110100010010
54,0.0,01110101110100010010,0.0,01110101110100010010
54,0.0,01110101110100010010,0.0,01110101110100010010
54,0.0,01110101110100010010,0.0,00110101010101010001
54,0.0,00110101010101010001,0.0,00011001110101011000
54,0.0,00011001110101011000,0.0,00010001010101111001
54,0.0,00010001010101111001,0.0,00011101010101011010
54,0.0,00011101010101011010,0.0,00011001010111101011
54,0.0,00011001010111101011,0.0,00011110010111101010
54,0.0,00011110010111101010,0.0,00011110110101101011
54,0.0,00011110110101101011,0.0,00010110111100101011
54,0.0,00010110111100101011,0.0,00010110111100101011
54,0.0,00010110111100101011,0.0,00011110101100001110
54,0.0,00011110101100001110,0.0,00011110101100001110
54,0.0,00011110101100001110,0.0,00011110101100001110
54,0.0,00011110101100001110,0.0,10010110101000001110
55,2.0,00111101000111010001,0.0,00110101100101010010
55,0.0,00110101100101010010,0.0,01100001100101010111
55,0.0,01100001100101010111,0.0,01101101001100010111
55,0.0,01101101001100010111,0.0,00100101001100011101
55,0.0,00100101001100011101,0.0,00101101000101011101
55,0.0,00101101000101011101,0.0,00101111000100011101
55,0.0,00101111000100011101,0.0,00100111100001011000
55,0.0,00100111100001011000,0.0,01100111110000011000
55,0.0,01100111110000011000,0.0,01100011100001110001
55,0.0,01100011100001110001,0.0,01100011000011110000
55,0.0,01100011000011110000,0.0,01100011000011110000
55,0.0,01100011000011110000,0.0,01100011010010011011
55,0.0,01100011010010011011,0.0,01100011010010011011
55,0.0,01100011010010011011,0.0,00110011000010011000
55,0.0,00110011000010011000,0.0,00110011000010011000
55,0.0,00110011000010011000,0.0,00110011000010011000
55,0.0,00110011000010011000,0.0,01110001010010011000
55,0.0,01110001010010011000,0.0,01110101010000011011
55,0.0,01110101010000011011,0.0,01110101010000011011
55,0.0,01110101010000011011,0.0,00111101001000011001
55,0.0,00111101001000011001,0.0,01011101101000011001
55,0.0,01011101101000011001,0.0,00010101111100101000
55,0.0,00010101111100101000,0.0,10011101111100100011
55,0.0,10011101111100100011,0.0,10011101111100100011
55,0.0,10011101111100100011,0.0,10011101111100100011
55,0.0,10011101111100100011,0.0,10010101011100000111
55,0.0,10010101011100000111,0.0,10010100111110010111
55,0.0,10010100111110010111,0.0,10011110110110010111
55,0.0,10011110110110010111,0.0,10010110100011010110
55,0.0,10010110100011010110,0.0,00010110110011110100
55,0.0,00010110110011110100,0.0,10011110000011110101
55,0.0,10011110000011110101,0.0,10010110100010111100
55,0.0,10010110100010111100,0.0,10111010100010110100
55,0.0,10111010100010110100,0.0,10111110100000110111
55,0.0,10111110100000110111,0.0,10110010110100100100
55,0.0,10110010110100100100,0.0,10110010010100010110
55,0.0,10110010010100010110,0.0,00111110010110010110
55,0.0,00111110010110010110,0.0,00111010010100101101
55,0.0,00111010010100101101,0.0,00111010100100101110
55,0.0,00111010100100101110,0.0,00111110100010101110
55,0.0,00111110100010101110,0.0,00011110100011101101
55,0.0,00011110100011101101,0.0,00010110001001001100
55,0.0,00010110001001001100,0.0,00010110001001001100
55,0.0,00010110001001001100,0.0,00000111001001001100
55,0.0,00000111001001001100,0.0,00001101001001111110
55,0.0,00001101001001111110,0.0,10001001001001011101
55,0.0,10001001001001011101,0.0,10001001011011010110
55,0.0,10001001011011010110,0.0,10011000011011010110
55,0.0,10011000011011010110,0.0,10110100010011010110
55,0.0,10110100010011010110,0.0,10011100110111010111
55,0.0,10011100110111010111,0.0,11010000110101010110
55,0.0,11010000110101010110,0.0,10011000111001010111
55,0.0,10011000111001010111,0.0,10110000110101100100
55,0.0,10110000110101100100,0.0,10110000110101100100
55,0.0,10110000110101100100,0.0,10110000110101100100
55,0.0,10110000110101100100,0.0,11111000010100110110
55,0.0,11111000010100110110,0.0,11110000011000100111
55,0.0,11110000011000100111,0.0,11110000011000100111
55,0.0,11110000011000100111,0.0,11110000011000101001
55,0.0,11110000011000101001,0.0,11110000011000101001
55,0.0,11110000011000101001,0.0,01110000001001101000
55,0.0,01110000001001101000,0.0,01100001001001101000
55,0.0,01100001001001101000,0.0,01100001010101101011
55,0.0,01100001010101101011,0.0,01100011010100101011
55,0.0,01100011010100101011,0.0,01100111010010101011
55,0.0,01100111010010101011,0.0,01110110010010101011
55,0.0,01110110010010101011,0.0,11011000110110101110
55,0.0,11011000110110101110,0.0,10011000100111101110
55,0.0,10011000100111101110,0.0,10110100000111100111
55,0.0,10110100000111100111,0.0,10110100000111100111
55,0.0,10110100000111100111,0.0,10111101000011100011
55,0.0,10111101000011100011,0.0,10111101000011100011
55,0.0,10111101000011100011,0.0,11101001100111100001
55,0.0,11101001100111100001,0.0,11101001000101100100
55,0.0,11101001000101100100,0.0,11111000000101100100
55,0.0,11111000000101100100,0.0,11111000000101100100
55,0.0,11111000000101100100,0.0,11010010000001110100
55,0.0,11010010000001110100,0.0,11010110010001110010
55,0.0,11010110010001110010,0.0,11100010010101110000
55,0.0,11100010010101110000,0.0,11100010010101110000
55,0.0,11100010010101110000,0.0,11100010010101110000
55,0.0,11100010010101110000,0.0,10111010110100110010
55,0.0,10111010110100110010,0.0,10011010111110100011
55,0.0,10011010111110100011,0.0,10011001111110100000
55,0.0,10011001111110100000,0.0,10101001101100101011
55,0.0,10101001101100101011,0.0,10101100101101101010
55,0.0,10101100101101101010,0.0,00101010101110111001
55,0.0,00101010101110111001,0.0,01101000001111011001
55,0.0,01101000001111011001,0.0,11100000001011011001
55,0.0,11100000001011011001,0.0,10100101001011010010
55,0.0,10100101001011010010,0.0,11000101101011010010
55,0.0,11000101101011010010,0.0,11000101101011010010
55,0.0,11000101101011010010,0.0,11000111101010010010
55,0.0,11000111101010010010,0.0,01001111101110010010
55,0.0,01001111101110010010,0.0,01001111101011000011
55,0.0,01001111101011000011,0.0,01001011001111000010
55,0.0,01001011001111000010,0.0,00000011001111001000
55,0.0,00000011001111001000,0.0,00000011001111001000
55,0.0,00000011001111001000,0.0,10000011011110001001
55,0.0,10000011011110001001,0.0,10001011011100101000
55,0.0,10001011011100101000,0.0,00010111001100001000
55,0.0,00010111001100001000,0.0,00011111011100100001
55,0.0,00011111011100100001,0.0,00000111011110101010
55,0.0,00000111011110101010,0.0,00000111011110101010
55,0.0,00000111011110101010,0.0,00000111011110101010
55,0.0,00000111011110101010,0.0,00001011001011101011
55,0.0,00001011001011101011,0.0,00001011001011101011
55,0.0,00001011001011101011,0.0,00011010001011101011
55,0.0,00011010001011101011,0.0,00011010101111100010
55,0.0,00011010101111100010,0.0,00011010011111100001
55,0.0,00011010011111100001,0.0,11000010011111100001
55,0.0,11000010011111100001,0.0,11001010001111000100
55,0.0,11001010001111000100,0.0,11001010001111000100
55,0.0,11001010001111000100,0.0,11001010001111000100
55,0.0,11001010001111000100,0.0,11001010011011000111
55,0.0,11001010011011000111,0.0,01001110011011101010
55,0.0,01001110011011101010,0.0,01001110011011101010
55,0.0,01001110011011101010,0.0,01010010011011100000
55,0.0,01010010011011100000,0.0,01010010011011100000
55,0.0,01010010011011100000,0.0,01110010001001000010
55,0.0,01110010001001000010,0.0,01110010111000100010
55,0.0,01110010111000100010,0.0,01110010110010101001
55,0.0,01110010110010101001,0.0,01110010110010101001
55,0.0,01110010110010101001,0.0,00111001100011001011
55,0.0,00111001100011001011,0.0,01010001100011011000
55,0.0,01010001100011011000,0.0,01001001101011011001
55,0.0,01001001101011011001,0.0,01001001001101011011
55,0.0,01001001001101011011,0.0,01100000001101111010
55,0.0,01100000001101111010,0.0,00110000001001111010
55,0.0,00110000001001111010,0.0,00110010001000111010
55,0.0,00110010001000111010,0.0,01100010001100111010
55,0.0,01100010001100111010,0.0,01100111000100011011
55,0.0,01100111000100011011,0.0,11000011110100011000
55,0.0,11000011110100011000,0.0,11001010111100011001
55,0.0,11001010111100011001,0.0,11000011110100011000
55,0.0,11000011110100011000,0.0,01101011110100001010
55,0.0,01101011110100001010,0.0,01100011110110010010
55,0.0,01100011110110010010,0.0,11101001110110110011
55,0.0,11101001110110110011,0.0,11101001110110110011
55,0.0,11101001110110110011,0.0,11101001110110110011
55,0.0,11101001110110110011,0.0,10100111110110100011
55,0.0,10100111110110100011,0.0,10100111110110100011
55,0.0,10100111110110100011,0.0,00101111111010100011
55,0.0,00101111111010100011,0.0,00100011110010111011
55,0.0,00100011110010111011,0.0,00011110101010111011
56,0.0,01101110111010100100,0.0,11100010101010100101
56,0.0,11100010101010100101,0.0,01101010101110100101
56,0.0,01101010101110100101,0.0,01101010111100100100
56,0.0,01101010111100100100,0.0,01101110111000010111
56,0.0,01101110111000010111,0.0,11111110000000010111
56,0.0,11111110000000010111,0.0,10111110000010110110
56,0.0,10111110000010110110,0.0,10111110100000110111
56,0.0,10111110100000110111,0.0,10110100101000110111
56,0.0,10110100101000110111,0.0,00100111001000110101
56,0.0,00100111001000110101,0.0,00101111101000010100
56,0.0,00101111101000010100,0.0,00101011101010100101
56,0.0,00101011101010100101,0.0,00101011101010100101
56,0.0,00101011101010100101,0.0,00101001101011100101
56,0.0,00101001101011100101,0.0,10101001101000101100
56,0.0,10101001101000101100,0.0,10101101001000101110
56,0.0,10101101001000101110,0.0,10101101001000101110
56,0.0,10101101001000101110,0.0,10001101001001101101
56,0.0,10001101001001101101,0.0,10000101011001001101
56,0.0,10000101011001001101,0.0,00010101011001001011
56,0.0,00010101011001001011,0.0,00011101001001101011
56,0.0,00011101001001101011,0.0,00011101001001101011
56,0.0,00011101001001101011,0.0,01011001001001001001
56,0.0,01011001001001001001,0.0,01011001001001001001
56,0.0,01011001001001001001,0.0,00010001001001001101
56,0.0,00010001001001001101,0.0,01001001001001011100
56,0.0,01001001001001011100,0.0,01001001101010111101
56,0.0,01001001101010111101,0.0,01100101101000111000
56,0.0,01100101101000111000,0.0,11100100101100111001
56,0.0,11100100101100111001,0.0,11101100101110101011
56,0.0,11101100101110101011,0.0,11101100001100101110
56,0.0,11101100001100101110,0.0,11101100001101001010
56,0.0,11101100001101001010,0.0,11100100011001101000
56,0.0,11100100011001101000,0.0,11101110010001101000
56,0.0,11101110010001101000,0.0,11101110010010111011
56,0.0,11101110010010111011,0.0,11101110010010111011
56,0.0,11101110010010111011,0.0,10100110010010111111
56,0.0,10100110010010111111,0.0,10110000010100111100
56,0.0,10110000010100111100,0.0,10110000010100111100
56,0.0,10110000010100111100,0.0,00111100110100111101
56,0.0,00111100110100111101,0.0,00111100110100111101
56,0.0,00111100110100111101,0.0,00110000011100101101
56,0.0,00110000011100101101,0.0,10110000001100001111
56,0.0,10110000001100001111,0.0,11111000001100001011
56,0.0,11111000001100001011,0.0,11110000001110010011
56,0.0,11110000001110010011,0.0,10111000001110010101
56,0.0,10111000001110010101,0.0,10111000000101110110
56,0.0,10111000000101110110,0.0,10111000000101110110
56,0.0,10111000000101110110,0.0,10110000001101010010
56,0.0,10110000001101010010,0.0,10110000000111010111
56,0.0,10110000000111010111,0.0,10100001000111010111
56,0.0,10100001000111010111,0.0,00110001000011010110
56,0.0,00110001000011010110,0.0,00110001100001010111
56,0.0,00110001100001010111,0.0,00110010100111010010
56,0.0,00110010100111010010,0.0,00111010001101000011
56,0.0,00111010001101000011,0.0,10011010001111000011
56,0.0,10011010001111000011,0.0,10001011001111000011
56,0.0,10001011001111000011,0.0,10011000001111101001
56,0.0,10011000001111101001,0.0,00010010001111001000
56,0.0,00010010001111001000,0.0,00010010001111000110
56,0.0,00010010001111000110,0.0,00010010001111000110
56,0.0,00010010001111000110,0.0,00000011001111000110
56,0.0,00000011001111000110,0.0,00010001101101000100
56,0.0,00010001101101000100,0.0,00110001011100000100
56,0.0,00110001011100000100,0.0,00110101011110000011
56,0.0,00110101011110000011,0.0,00111001010110010111
56,0.0,00111001010110010111,0.0,10110001000110010100
56,0.0,10110001000110010100,0.0,10110001100100010101
56,0.0,10110001100100010101,0.0,10110001000110010100
56,0.0,10110001000110010100,0.0,11010001000010011101
56,0.0,11010001000010011101,0.0,11010001000010011101
56,0.0,11010001000010011101,0.0,11010001000010011101
56,0.0,11010001000010011101,0.0,10010101000010111111
56,0.0,10010101000010111111,0.0,10110100001010001111
56,0.0,10110100001010001111,0.0,10111101000010001100
56,0.0,10111101000010001100,0.0,10100101110110001100
56,0.0,10100101110110001100,0.0,10101101100111000110
56,0.0,10101101100111000110,0.0,10101101100111000110
56,0.0,10101101100111000110,0.0,10101101000110011110
56,0.0,10101101000110011110,0.0,10101101100100011111
56,0.0,10101101100100011111,0.0,10101101100100011111
56,0.0,10101101100100011111,0.0,10001101000111011101
56,0.0,10001101000111011101,0.0,01001101000111011100
56,0.0,01001101000111011100,0.0,11011001100100001100
56,0.0,11011001100100001100,0.0,11011001100100001100
56,0.0,11011001100100001100,0.0,10010101100110001111
56,0.0,10010101100110001111,0.0,11101101100100001101
56,0.0,11101101100100001101,0.0,11101101000110001100
56,0.0,11101101000110001100,0.0,11101100110110101111
56,0.0,11101100110110101111,0.0,11101100110110101111
56,0.0,11101100110110101111,0.0,11101100110110101111
56,0.0,11101100110110101111,0.0,11101000110110011111
56,0.0,11101000110110011111,0.0,11101000110110011111
56,0.0,11101000110110011111,0.0,11101000110110011111
56,0.0,11101000110110011111,0.0,10101010100110011111
56,0.0,10101010100110011111,0.0,10101010100110011111
56,0.0,10101010100110011111,0.0,10101011100110110011
56,0.0,10101011100110110011,0.0,10111001100110110000
56,0.0,10111001100110110000,0.0,10011001111110100000
56,0.0,10011001111110100000,0.0,10011101111100100011
56,0.0,10011101111100100011,0.0,11011101011100000011
56,0.0,11011101011100000011,0.0,11011101011100000011
56,0.0,11011101011100000011,0.0,01010101011100001000
56,0.0,01010101011100001000,0.0,01010101011100001000
56,0.0,01010101011100001000,0.0,01011101011000101011
56,0.0,01011101011000101011,0.0,00111001011000101001
56,0.0,00111001011000101001,0.0,01111100011010101001
56,0.0,01111100011010101001,0.0,01111100011010100111
56,0.0,01111100011010100111,0.0,11010000001011100110
56,0.0,11010000001011100110,0.0,10100001001001100111
56,0.0,10100001001001100111,0.0,10100001001100110110
56,0.0,10100001001100110110,0.0,10100001000110111101
56,0.0,10100001000110111101,0.0,00100101000111111010
56,0.0,00100101000111111010,0.0,00100101000111111010
56,0.0,00100101000111111010,0.0,00100101000111111010
56,0.0,00100101000111111010,0.0,01100101000111101000
56,0.0,01100101000111101000,0.0,01100101000101011011
56,0.0,01100101000101011011,0.0,01101001010001111010
56,0.0,01101001010001111010,0.0,11001001000001111111
56,0.0,11001001000001111111,0.0,11001001100101001111
56,0.0,11001001100101001111,0.0,11001001100101001111
56,0.0,11001001100101001111,0.0,11001101100011001111
56,0.0,11001101100011001111,0.0,11001001000111001110
56,0.0,11001001000111001110,0.0,11001001100101001111
56,0.0,11001001100101001111,0.0,00001101101101001110
56,0.0,00001101101101001110,0.0,01001101111100001110
56,0.0,01001101111100001110,0.0,01011101101000010111
56,0.0,01011101101000010111,0.0,01011101001010010110
56,0.0,01011101001010010110,0.0,11011101001010000101
56,0.0,11011101001010000101,0.0,10011101101010100101
56,0.0,10011101101010100101,0.0,10011101101010100101
56,0.0,10011101101010100101,0.0,00011011001010100110
56,0.0,00011011001010100110,0.0,00010011001000110100
56,0.0,00010011001000110100,0.0,01011011001000000111
57,2.0,00000101101101110111,2.0,01001101100111110111
57,2.0,01001101100111110111,2.0,01001101100111110111
57,2.0,01001101100111110111,2.0,11001000100111111111
57,2.0,11001000100111111111,2.0,11001001000101101110
57,2.0,11001001000101101110,2.0,10001111000001101110
57,2.0,10001111000001101110,2.0,10101101000001101111
57,2.0,10101101000001101111,0.0,10101101100001110111
57,0.0,10101101100001110111,0.0,10101001000101110110
57,0.0,10101001000101110110,0.0,10011101000111110001
57,0.0,10011101000111110001,0.0,10010101100110111000
57,0.0,10010101100110111000,0.0,10010101110010111011
57,0.0,10010101110010111011,0.0,10010101110010111011
57,0.0,10010101110010111011,0.0,01010101110010111010
57,0.0,01010101110010111010,0.0,11011101010000111010
57,0.0,11011101010000111010,0.0,11000111010100011010
57,0.0,11000111010100011010,0.0,01001011110101000111
57,0.0,01001011110101000111,0.0,01001011101101000011
57,0.0,01001011101101000011,0.0,01001011101001000100
57,0.0,01001011101001000100,0.0,01101110101001000101
57,0.0,01101110101001000101,0.0,00001111101001100110
57,0.0,00001111101001100110,0.0,00001111011001100101
57,0.0,00001111011001100101,0.0,00100011011001100001
57,0.0,00100011011001100001,0.0,00100011011001100001
57,0.0,00100011011001100001,0.0,10100001011011100010
57,0.0,10100001011011100010,0.0,10010101011001100001
57,0.0,10010101011001100001,0.0,10010101011001100001
57,0.0,10010101011001100001,0.0,10111101010001100010
57,0.0,10111101010001100010,0.0,10111001110001100000
57,0.0,10111001110001100000,0.0,11111000010001100111
57,0.0,11111000010001100111,0.0,11101001010100110110
57,0.0,11101001010100110110,0.0,11100001011100010010
57,0.0,11100001011100010010,0.0,11101001001100110010
57,0.0,11101001001100110010,0.0,11101001010100110110
57,0.0,11101001010100110110,0.0,01110000110110110110
57,0.0,01110000110110110110,0.0,01110000110110110110
57,0.0,01110000110110110110,0.0,11101010100110110100
57,0.0,11101010100110110100,0.0,11101110110110110010
57,0.0,11101110110110110010,0.0,11110010010010110001
57,0.0,11110010010010110001,0.0,11111010000110010011
57,0.0,11111010000110010011,0.0,01110010000110010110
57,0.0,01110010000110010110,0.0,11111010000110010011
57,0.0,11111010000110010011,0.0,10110010001100010010
57,0.0,10110010001100010010,0.0,10110010001100010010
57,0.0,10110010001100010010,0.0,00111010001101000011
57,0.0,00111010001101000011,0.0,00101010101111010011
57,0.0,00101010101111010011,0.0,11100000101111010000
57,0.0,11100000101111010000,0.0,10100110110111010010
57,0.0,10100110110111010010,0.0,00101010110111010111
57,0.0,00101010110111010111,0.0,00101110110111100111
57,0.0,00101110110111100111,0.0,00101110101111100011
57,0.0,00101110101111100011,0.0,00100110111111000011
57,0.0,00100110111111000011,0.0,00100111111110000000
57,0.0,00100111111110000000,0.0,01101111101100000001
57,0.0,01101111101100000001,0.0,00100111001110000100
57,0.0,00100111001110000100,0.0,01100110001100110101
57,0.0,01100110001100110101,0.0,01100110001100110101
57,0.0,01100110001100110101,0.0,01100110011110110000
57,0.0,01100110011110110000,0.0,01000111001110110011
57,0.0,01000111001110110011,0.0,01000011001100110100
57,0.0,01000011001100110100,0.0,00000011101101110000
57,0.0,00000011101101110000,0.0,00001011101001010110
57,0.0,00001011101001010110,0.0,00001001101001111100
57,0.0,00001001101001111100,0.0,10000001100101111100
57,0.0,10000001100101111100,0.0,10000001100101111100
57,0.0,10000001100101111100,0.0,10000101000101111110
57,0.0,10000101000101111110,0.0,00001001010111111110
57,0.0,00001001010111111110,0.0,00011001010111101011
57,0.0,00011001010111101011,0.0,00010011010111100000
57,0.0,00010011010111100000,0.0,00010011010111100000
57,0.0,00010011010111100000,0.0,00010011010111100000
57,0.0,00010011010111100000,0.0,00011001010111101011
57,0.0,00011001010111101011,0.0,00110001010100111010
57,0.0,00110001010100111010,0.0,00110001010100111010
57,0.0,00110001010100111010,0.0,00110001000110111011
57,0.0,00110001000110111011,0.0,01100001000110111100
57,0.0,01100001000110111100,0.0,01100001000110111100
57,0.0,01100001000110111100,0.0,01100010000110111111
57,0.0,01100010000110111111,0.0,01100010110110111011
57,0.0,01100010110110111011,0.0,01100010110110111011
57,0.0,01100010110110111011,0.0,01100010110110111011
57,0.0,01100010110110111011,0.0,01101000111110111001
57,0.0,01101000111110111001,0.0,00111100111110110010
57,0.0,00111100111110110010,0.0,00111100001110110110
57,0.0,00111100001110110110,0.0,00110100011110010110
57,0.0,00110100011110010110,0.0,00111110110100010111
57,0.0,00111110110100010111,0.0,01011110110110010110
57,0.0,01011110110110010110,0.0,11100110010110010110
57,0.0,11100110010110010110,0.0,11100110010110011000
57,0.0,11100110010110011000,0.0,01100010000111011011
57,0.0,01100010000111011011,0.0,01010010000111101010
57,0.0,01010010000111101010,0.0,01111010100110001011
57,0.0,01111010100110001011,0.0,01011010101010011001
57,0.0,01011010101010011001,0.0,01011110001010011011
57,0.0,01011110001010011011,0.0,01011110001010011011
57,0.0,01011110001010011011,0.0,11010010001000011011
57,0.0,11010010001000011011,0.0,01011110011000011010
57,0.0,01011110011000011010,0.0,01011110011000011010
57,0.0,01011110011000011010,0.0,01011110011000011010
57,0.0,01011110011000011010,0.0,01011110011000011010
57,0.0,01011110011000011010,0.0,10011110011000011011
57,0.0,10011110011000011011,0.0,10010110101000001110
57,0.0,10010110101000001110,0.0,10010110101000001110
57,0.0,10010110101000001110,0.0,10010110011000001101
57,0.0,10010110011000001101,0.0,10011110001000101101
57,0.0,10011110001000101101,0.0,10011100001001101101
57,0.0,10011100001001101101,0.0,10011110001000101101
57,0.0,10011110001000101101,0.0,10011110001001000111
57,0.0,10011110001001000111,0.0,10011010101001000101
57,0.0,10011010101001000101,0.0,10011010101001000101
57,0.0,10011010101001000101,0.0,10011110001001000111
57,0.0,10011110001001000111,0.0,10011110001001000111
57,0.0,10011110001001000111,0.0,00010111001100000110
57,0.0,00010111001100000110,0.0,00010111001100000110
57,0.0,00010111001100000110,0.0,00010111001100000110
57,0.0,00010111001100000110,0.0,00111011001100000000
57,0.0,00111011001100000000,0.0,11100011001100000000
57,0.0,11100011001100000000,0.0,11010010101100010010
57,0.0,11010010101100010010,0.0,10010011101000010010
57,0.0,10010011101000010010,0.0,11010111001000000010
57,0.0,11010111001000000010,0.0,11100111001010000000
57,0.0,11100111001010000000,0.0,11100110001010101001
57,0.0,11100110001010101001,0.0,11101110000110111000
57,0.0,11101110000110111000,0.0,11101110000110001111
57,0.0,11101110000110001111,0.0,10101110100110101111
57,0.0,10101110100110101111,0.0,10100011100000101110
57,0.0,10100011100000101110,0.0,11101011100000101010
57,0.0,11101011100000101010,0.0,11101111100001000001
57,0.0,11101111100001000001,0.0,11011011100001000000
57,0.0,11011011100001000000,0.0,11011111000001000010
57,0.0,11011111000001000010,0.0,10001111000011110101
57,0.0,10001111000011110101,0.0,11001111100010110110
57,0.0,11001111100010110110,0.0,11000111110010010110
57,0.0,11000111110010010110,0.0,11000111110010010110
57,0.0,11000111110010010110,0.0,11000111100000011101
57,0.0,11000111100000011101,0.0,11000111000010011100
57,0.0,11000111000010011100,0.0,11010110000010011100
57,0.0,11010110000010011100,0.0,00011110000011011111
57,0.0,00011110000011011111,0.0,00011011100110010111
57,0.0,00011011100110010111,0.0,00011111000101000110
57,0.0,00011111000101000110,0.0,00010011010001010100
57,0.0,00010011010001010100,0.0,01010011010010010101
57,0.0,01010011010010010101,0.0,01011011000011010001
57,0.0,01011011000011010001,0.0,01010111010011000001
58,8.0,10110110100001001000,2.0,10110011000001000001
58,2.0,10110011000001000001,2.0,11110011010000000001
58,2.0,11110011010000000001,0.0,11110001000100001010
58,0.0,11110001000100001010,0.0,10111001001000001011
58,0.0,10111001001000001011,0.0,10111001001000001011
58,0.0,10111001001000001011,0.0,10111001001000001011
58,0.0,10111001001000001011,0.0,10110011001000000000
58,0.0,10110011001000000000,0.0,00111011001100000000
58,0.0,00111011001100000000,0.0,00111001011100010010
58,0.0,00111001011100010010,0.0,00111001111010010000
58,0.0,00111001111010010000,0.0,00011101011011010001
58,0.0,00011101011011010001,0.0,00010001011011000110
58,0.0,00010001011011000110,0.0,00111101001011000000
58,0.0,00111101001011000000,0.0,00110101110011100010
58,0.0,00110101110011100010,0.0,10100001110111010011
58,0.0,10100001110111010011,0.0,10100001110111010011
58,0.0,10100001110111010011,0.0,10100101110111100011
58,0.0,10100101110111100011,0.0,00010101110111110000
58,0.0,00010101110111110000,0.0,00010001010101111001
58,0.0,00010001010101111001,0.0,00110001010100111010
58,0.0,00110001010100111010,0.0,01100001011000111010
58,0.0,01100001011000111010,0.0,01100001011000111010
58,0.0,01100001011000111010,0.0,01100001001010111011
58,0.0,01100001001010111011,0.0,01101000001111011001
58,0.0,01101000001111011001,0.0,11100000101111010000
58,0.0,11100000101111010000,0.0,11100000101111010000
58,0.0,11100000101111010000,0.0,10101100101011011010
58,0.0,10101100101011011010,0.0,10101100101011011010
58,0.0,10101100101011011010,0.0,11000100110011111111
58,0.0,11000100110011111111,0.0,10000001110001111111
58,0.0,10000001110001111111,0.0,10010001110000111100
58,0.0,10010001110000111100,0.0,10001001111000111101
58,0.0,10001001111000111101,0.0,00000011111000011100
58,0.0,00000011111000011100,0.0,00000001111001011100
58,0.0,00000001111001011100,0.0,00000011111000011100
58,0.0,00000011111000011100,0.0,00001011101000111100
58,0.0,00001011101000111100,0.0,00100011001000111010
58,0.0,00100011001000111010,0.0,00011011001000011011
58,0.0,00011011001000011011,0.0,00011001111000111011
58,0.0,00011001111000111011,0.0,10011101111100100011
58,0.0,10011101111100100011,0.0,11011101011100000011
58,0.0,11011101011100000011,0.0,01010101011100001000
58,0.0,01010101011100001000,0.0,01010100011100101111
58,0.0,01010100011100101111,0.0,00110000101100101110
58,0.0,00110000101100101110,0.0,00110000101100101110
58,0.0,00110000101100101110,0.0,01111000100110101111
58,0.0,01111000100110101111,0.0,01100001000110111100
58,0.0,01100001000110111100,0.0,01100001110110111000
58,0.0,01100001110110111000,0.0,01100001110110111000
58,0.0,01100001110110111000,0.0,01100001110110111000
58,0.0,01100001110110111000,0.0,11100001100110011010
58,0.0,11100001100110011010,0.0,11000101000111011011
58,0.0,11000101000111011011,0.0,11000111000110011011
58,0.0,11000111000110011011,0.0,11000011100110011001
58,0.0,11000011100110011001,0.0,01100011100100011001
58,0.0,01100011100100011001,0.0,01100010101010111000
58,0.0,01100010101010111000,0.0,11101000101110011011
58,0.0,11101000101110011011,0.0,10100000101110011111
58,0.0,10100000101110011111,0.0,11100000101110001101
58,0.0,11100000101110001101,0.0,01100000101110011110
58,0.0,01100000101110011110,0.0,01100000101110011110
58,0.0,01100000101110011110,0.0,11100000101110001101
58,0.0,11100000101110001101,0.0,11100100001110001111
58,0.0,11100100001110001111,0.0,11101100101110101011
58,0.0,11101100101110101011,0.0,10110100101110001000
58,0.0,10110100101110001000,0.0,10110111000110000000
58,0.0,10110111000110000000,0.0,00110111000011000010
58,0.0,00110111000011000010,0.0,00100111100111100010
58,0.0,00100111100111100010,0.0,00100111100111100010
58,0.0,00100111100111100010,0.0,00100111100111100010
58,0.0,00100111100111100010,0.0,10100101110111100011
58,0.0,10100101110111100011,0.0,10100101110111100011
58,0.0,10100101110111100011,0.0,11100100110111100100
58,0.0,11100100110111100100,0.0,10101101010111000101
58,0.0,10101101010111000101,0.0,10100101010101100110
58,0.0,10100101010101100110,0.0,10100101010101100110
58,0.0,10100101010101100110,0.0,00101101110111100100
58,0.0,00101101110111100100,0.0,00101111100101000101
58,0.0,00101111100101000101,0.0,10100110100111100100
58,0.0,10100110100111100100,0.0,10100100110111110110
58,0.0,10100100110111110110,0.0,00010100110111011100
58,0.0,00010100110111011100,0.0,00011100110011111111
58,0.0,00011100110011111111,0.0,00011100110011111111
58,0.0,00011100110011111111,0.0,10111000100011110100
58,0.0,10111000100011110100,0.0,10110000101010110100
58,0.0,10110000101010110100,0.0,10100110101110110010
58,0.0,10100110101110110010,0.0,10100110101110110010
58,0.0,10100110101110110010,0.0,10111010100110110011
58,0.0,10111010100110110011,0.0,10111110000101100010
58,0.0,10111110000101100010,0.0,10101110011101000011
58,0.0,10101110011101000011,0.0,10101100011101101001
58,0.0,10101100011101101001,0.0,00100100011101101100
58,0.0,00100100011101101100,0.0,00100000011101011100
58,0.0,00100000011101011100,0.0,00010000001101011111
58,0.0,00010000001101011111,0.0,01000000111101011100
58,0.0,01000000111101011100,0.0,00000001001101011111
58,0.0,00000001001101011111,0.0,00011001001001011011
58,0.0,00011001001001011011,0.0,01011000001101011011
58,0.0,01011000001101011011,0.0,01010001000101011010
58,0.0,01010001000101011010,0.0,01011000001101011011
58,0.0,01011000001101011011,0.0,01011000101011011001
58,0.0,01011000101011011001,0.0,01011000001101011011
58,0.0,01011000001101011011,0.0,00010000111101011011
58,0.0,00010000111101011011,0.0,00011001100111011001
58,0.0,00011001100111011001,0.0,00011001100111010111
58,0.0,00011001100111010111,0.0,00010101110111000111
58,0.0,00010101110111000111,0.0,01011101110111000011
58,0.0,01011101110111000011,0.0,00010111110011100001
58,0.0,00010111110011100001,0.0,00010111000011100101
58,0.0,00010111000011100101,0.0,00110111000010100110
58,0.0,00110111000010100110,0.0,00111101001000011001
58,0.0,00111101001000011001,0.0,00011001001001011011
58,0.0,00011001001001011011,0.0,01011001001001001001
58,0.0,01011001001001001001,0.0,01111001001000001010
58,0.0,01111001001000001010,0.0,01111001001000001010
58,0.0,01111001001000001010,0.0,00111100111110001011
58,0.0,00111100111110001011,0.0,00101110111010111000
58,0.0,00101110111010111000,0.0,00110110101010001010
58,0.0,00110110101010001010,0.0,00110100101011001010
58,0.0,00110100101011001010,0.0,10111100101010101011
58,0.0,10111100101010101011,0.0,10110101100010101010
58,0.0,10110101100010101010,0.0,10101101101010101011
58,0.0,10101101101010101011,0.0,10111100101010101011
58,0.0,10111100101010101011,0.0,10111100101010101011
58,0.0,10111100101010101011,0.0,10111100101010101011
58,0.0,10111100101010101011,0.0,10111100101010101011
58,0.0,10111100101010101011,0.0,10010010101011100010
58,0.0,10010010101011100010,0.0,10010010101011100010
58,0.0,10010010101011100010,0.0,10100110101011100011
58,0.0,10100110101011100011,0.0,10100110101011100011
58,0.0,10100110101011100011,0.0,10100110111001100010
58,0.0,10100110111001100010,0.0,11101110110011100011
58,0.0,11101110110011100011,0.0,01100011110011000011
58,0.0,01100011110011000011,0.0,01000111110111100001
58,0.0,01000111110111100001,0.0,01000111110111100001
58,0.0,01000111110111100001,0.0,01000111010111010011
59,0.0,10110000100001101110,0.0,11101100110011001100
59,0.0,11101100110011001100,0.0,10101001110001001100
59,0.0,10101001110001001100,0.0,10001001111011100100
59,0.0,10001001111011100100,0.0,10000011110011100110
59,0.0,10000011110011100110,0.0,10010010110011100110
59,0.0,10010010110011100110,0.0,00011100110011111111
59,0.0,00011100110011111111,0.0,00010110110111110011
59,0.0,00010110110111110011,0.0,00111110110001110001
59,0.0,00111110110001110001,0.0,00111010010101110000
59,0.0,00111010010101110000,0.0,00110000011101110000
59,0.0,00110000011101110000,0.0,00110000011101110000
59,0.0,00110000011101110000,0.0,00100000011101011100
59,0.0,00100000011101011100,0.0,00100000011101011100
59,0.0,00100000011101011100,0.0,00100100011011011100
59,0.0,00100100011011011100,0.0,00100110011010011100
59,0.0,00100110011010011100,0.0,00100110011100101100
59,0.0,00100110011100101100,0.0,00101010001100111100
59,0.0,00101010001100111100,0.0,01001010101100111100
59,0.0,01001010101100111100,0.0,01000010111100011100
59,0.0,01000010111100011100,0.0,01001011111000011000
59,0.0,01001011111000011000,0.0,01001111011000011010
59,0.0,01001111011000011010,0.0,01011110011000011010
59,0.0,01011110011000011010,0.0,01011110011000011010
59,0.0,01011110011000011010,0.0,11011110011000001001
59,0.0,11011110011000001001,0.0,11011110011000000111
59,0.0,11011110011000000111,0.0,11001111011000000111
59,0.0,11001111011000000111,0.0,11001111011000000111
59,0.0,11001111011000000111,0.0,11010111001000000010
59,0.0,11010111001000000010,0.0,11000011101001000011
59,0.0,11000011101001000011,0.0,00011011101001000011
59,0.0,00011011101001000011,0.0,00110010101001100010
59,0.0,00110010101001100010,0.0,00011010101111100010
59,0.0,00011010101111100010,0.0,00011010101111100010
59,0.0,00011010101111100010,0.0,00010010111110100110
59,0.0,00010010111110100110,0.0,00010010111110100110
59,0.0,00010010111110100110,0.0,01000010011110101111
59,0.0,01000010011110101111,0.0,01000010011111110010
59,0.0,01000010011111110010,0.0,01000010011111110010
59,0.0,01000010011111110010,0.0,01010010011011100000
59,0.0,01010010011011100000,0.0,01010110110111100001
59,0.0,01010110110111100001,0.0,01000111110111100001
59,0.0,01000111110111100001,0.0,01010011010101000001
59,0.0,01010011010101000001,0.0,01011011010100110011
59,0.0,01011011010100110011,0.0,01010011011000010000
59,0.0,01010011011000010000,0.0,01010011011000010000
59,0.0,01010011011000010000,0.0,00010011010100111001
59,0.0,00010011010100111001,0.0,00010011010100111001
59,0.0,00010011010100111001,0.0,00010011010100111001
59,0.0,00010011010100111001,0.0,00011011010110101011
59,0.0,00011011010110101011,0.0,00011101110110111011
59,0.0,00011101110110111011,0.0,01011101010110011011
59,0.0,01011101010110011011,0.0,01001100110111111111
59,0.0,01001100110111111111,0.0,01001100101111111011
59,0.0,01001100101111111011,0.0,00010100101111011000
59,0.0,00010100101111011000,0.0,01010110001011010000
59,0.0,01010110001011010000,0.0,01011110001001001000
59,0.0,01011110001001001000,0.0,01011110001001001000
59,0.0,01011110001001001000,0.0,01011110101011000011
59,0.0,01011110101011000011,0.0,11011111100010100011
59,0.0,11011111100010100011,0.0,01010111100010100110
59,0.0,01010111100010100110,0.0,01010111100010101000
59,0.0,01010111100010101000,0.0,01011110000011001101
59,0.0,01011110000011001101,0.0,01111100000011001110
59,0.0,01111100000011001110,0.0,01111000100011001100
59,0.0,01111000100011001100,0.0,01111100100001001111
59,0.0,01111100100001001111,0.0,11100010100101001010
59,0.0,11100010100101001010,0.0,11100110100011001010
59,0.0,11100110100011001010,0.0,11100110100011001010
59,0.0,11100110100011001010,0.0,11110010100010001011
59,0.0,11110010100010001011,0.0,11110010100010001011
59,0.0,11110010100010001011,0.0,10110010100001001010
59,0.0,10110010100001001010,0.0,10101010101001001011
59,0.0,10101010101001001011,0.0,00100010101001001110
59,0.0,00100010101001001110,0.0,00110000011101000111
59,0.0,00110000011101000111,0.0,00101000011111001110
59,0.0,00101000011111001110,0.0,00001010011111001101
59,0.0,00001010011111001101,0.0,00001010011111001101
59,0.0,00001010011111001101,0.0,10000010011011001101
59,0.0,10000010011011001101,0.0,10000010101011001110
59,0.0,10000010101011001110,0.0,10000001101111001010
59,0.0,10000001101111001010,0.0,10010001100101101001
59,0.0,10010001100101101001,0.0,00011001101001101001
59,0.0,00011001101001101001,0.0,10000001001011111010
59,0.0,10000001001011111010,0.0,10001000001111111100
59,0.0,10001000001111111100,0.0,00000100101111111111
59,0.0,00000100101111111111,0.0,00000110101101101100
59,0.0,00000110101101101100,0.0,00001110100111111111
59,0.0,00001110100111111111,0.0,00001111100110111100
59,0.0,00001111100110111100,0.0,00001101100111111100
59,0.0,00001101100111111100,0.0,00001111010111010101
59,0.0,00001111010111010101,0.0,00010111000110110100
59,0.0,00010111000110110100,0.0,00010110011110010101
59,0.0,00010110011110010101,0.0,01011110011110010001
59,0.0,01011110011110010001,0.0,01111100011110010010
59,0.0,01111100011110010010,0.0,01011100011111010001
59,0.0,01011100011111010001,0.0,01011100101111010010
59,0.0,01011100101111010010,0.0,01011100011111010001
59,0.0,01011100011111010001,0.0,01110100011001010001
59,0.0,01110100011001010001,0.0,01110110011000010001
59,0.0,01110110011000010001,0.0,00011010011001010101
59,0.0,00011010011001010101,0.0,00011110000011011111
59,0.0,00011110000011011111,0.0,01011010110010011101
59,0.0,01011010110010011101,0.0,01011010110010011101
59,0.0,01011010110010011101,0.0,01001011110010011101
59,0.0,01001011110010011101,0.0,00001011110001011100
59,0.0,00001011110001011100,0.0,00001111010001011110
59,0.0,00001111010001011110,0.0,00001011011001010101
59,0.0,00001011011001010101,0.0,00101011010101000111
59,0.0,00101011010101000111,0.0,00111010010101000111
59,0.0,00111010010101000111,0.0,10110010000101000100
59,0.0,10110010000101000100,0.0,10110010000101000100
59,0.0,10110010000101000100,0.0,11111010000101000000
59,0.0,11111010000101000000,0.0,11110010001100000000
59,0.0,11110010001100000000,0.0,11100011001100000000
59,0.0,11100011001100000000,0.0,11100011001100000000
59,0.0,11100011001100000000,0.0,11001111101110000001
59,0.0,11001111101110000001,0.0,11000111100111000011
59,0.0,11000111100111000011,0.0,11000111000101000110
59,0.0,11000111000101000110,0.0,10000111100101100110
59,0.0,10000111100101100110,0.0,10101111000101100010
59,0.0,10101111000101100010,0.0,11101101000111100011
59,0.0,11101101000111100011,0.0,00100111100111100010
59,0.0,00100111100111100010,0.0,00100111100111100010
59,0.0,00100111100111100010,0.0,00100111010111100001
59,0.0,00100111010111100001,0.0,00101011000111110001
59,0.0,00101011000111110001,0.0,00101011000111110001
59,0.0,00101011000111110001,0.0,10101001100111110011
59,0.0,10101001100111110011,0.0,10101001100111110011
59,0.0,10101001100111110011,0.0,10101001100111110011
59,0.0,10101001100111110011,0.0,10100001000111011001
59,0.0,10100001000111011001,0.0,10010011000100011011
59,0.0,10010011000100011011,0.0,10110001100100101010
59,0.0,10110001100100101010,0.0,10111000110100101111
59,0.0,10111000110100101111,0.0,10111000110100101111
59,0.0,10111000110100101111,0.0,10111000110100101111
59,0.0,10111000110100101111,0.0,10110000110101100100
59,0.0,10110000110101100100,0.0,10110000110101100100
60,12.0,00110001011001100000,6.0,00111001010001101001
60,6.0,00111001010001101001,2.0,00111001010001101010
60,2.0,00111001010001101010,0.0,00111011110000001010
60,0.0,00111011110000001010,0.0,00111011100010001011
60,0.0,00111011100010001011,0.0,00111011100010001011
60,0.0,00111011100010001011,0.0,10110001100010011010
60,0.0,10110001100010011010,0.0,10101001110010011111
60,0.0,10101001110010011111,0.0,01000101011010011111
60,0.0,01000101011010011111,0.0,01000101011010011111
60,0.0,01000101011010011111,0.0,01001111010010011111
60,0.0,01001111010010011111,0.0,01000111010011010100
60,0.0,01000111010011010100,0.0,01000111010011010100
60,0.0,01000111010011010100,0.0,01000101111011000111
60,0.0,01000101111011000111,0.0,01001101101011100111
60,0.0,01001101101011100111,0.0,01001101101011100111
60,0.0,01001101101011100111,0.0,01001101101011100111
60,0.0,01001101101011100111,0.0,01011101101011000000
60,0.0,01011101101011000000,0.0,00010101101011000100
60,0.0,00010101101011000100,0.0,01011101101011000000
60,0.0,01011101101011000000,0.0,00011101101011010010
60,0.0,00011101101011010010,0.0,00011101101011010010
60,0.0,00011101101011010010,0.0,00011101101011010010
60,0.0,00011101101011010010,0.0,10010011101000010010
60,0.0,10010011101000010010,0.0,10010011011000010001
60,0.0,10010011011000010001,0.0,10011011001000110001
60,0.0,10011011001000110001,0.0,11011010001100110001
60,0.0,11011010001100110001,0.0,11011110101110000001
60,0.0,11011110101110000001,0.0,11011100101110100101
60,0.0,11011100101110100101,0.0,11001000111111100100
60,0.0,11001000111111100100,0.0,11001000011110111100
60,0.0,11001000011110111100,0.0,01011000010111101100
60,0.0,01011000010111101100,0.0,01011001010001001101
60,0.0,01011001010001001101,0.0,01011001001001001001
60,0.0,01011001001001001001,0.0,01011001001001001001
60,0.0,01011001001001001001,0.0,01011001011010101000
60,0.0,01011001011010101000,0.0,01011011001000001001
60,0.0,01011011001000001001,0.0,11011001101000001011
60,0.0,11011001101000001011,0.0,01010111100000011011
60,0.0,01010111100000011011,0.0,00011011001000011011
60,0.0,00011011001000011011,0.0,00110111000000011011
60,0.0,00110111000000011011,0.0,00110011000010011000
60,0.0,00110011000010011000,0.0,00111011010010110001
60,0.0,00111011010010110001,0.0,00010111010010111001
60,0.0,00010111010010111001,0.0,10010111010000011010
60,0.0,10010111010000011010,0.0,10010011110000011000
60,0.0,10010011110000011000,0.0,10010001110001011000
60,0.0,10010001110001011000,0.0,10011110110011110001
60,0.0,10011110110011110001,0.0,00010110110011110100
60,0.0,00010110110011110100,0.0,10000110110111110101
60,0.0,10000110110111110101,0.0,10101110010111110001
60,0.0,10101110010111110001,0.0,10100110110111010010
60,0.0,10100110110111010010,0.0,10101111100001010011
60,0.0,10101111100001010011,0.0,10100111110011000000
60,0.0,10100111110011000000,0.0,11100110110111000000
60,0.0,11100110110111000000,0.0,01101010110111000101
60,0.0,01101010110111000101,0.0,01100011100111000000
60,0.0,01100011100111000000,0.0,01100011100111000000
60,0.0,01100011100111000000,0.0,01100011100111000000
60,0.0,01100011100111000000,0.0,01101011100011100011
60,0.0,01101011100011100011,0.0,01101011100011100011
60,0.0,01101011100011100011,0.0,01100001000011101101
60,0.0,01100001000011101101,0.0,01100001000011101101
60,0.0,01100001000011101101,0.0,01110000000011101101
60,0.0,01110000000011101101,0.0,00100001000011111111
60,0.0,00100001000011111111,0.0,01101001000011111011
60,0.0,01101001000011111011,0.0,01100001000111011000
60,0.0,01100001000111011000,0.0,00100001100111111000
60,0.0,00100001100111111000,0.0,00100011100110111000
60,0.0,00100011100110111000,0.0,01100001110110111000
60,0.0,01100001110110111000,0.0,11101101110000111001
60,0.0,11101101110000111001,0.0,11101111110000010011
60,0.0,11101111110000010011,0.0,01100111101000010010
60,0.0,01100111101000010010,0.0,01101111100001010010
60,0.0,01101111100001010010,0.0,01111011100000010011
60,0.0,01111011100000010011,0.0,01111010100110110010
60,0.0,01111010100110110010,0.0,01111010100110110010
60,0.0,01111010100110110010,0.0,01111000100111110010
60,0.0,01111000100111110010,0.0,01010100100111111010
60,0.0,01010100100111111010,0.0,01001100101111111011
60,0.0,01001100101111111011,0.0,01001100101111111011
60,0.0,01001100101111111011,0.0,00000110101111011011
60,0.0,00000110101111011011,0.0,01001110101110111011
60,0.0,01001110101110111011,0.0,01001110101110111011
60,0.0,01001110101110111011,0.0,01101110001110101001
60,0.0,01101110001110101001,0.0,11101110000110001111
60,0.0,11101110000110001111,0.0,11101110000110110110
60,0.0,11101110000110110110,0.0,11100100111110110010
60,0.0,11100100111110110010,0.0,11100100001011100111
60,0.0,11100100001011100111,0.0,11100100001011100111
60,0.0,11100100001011100111,0.0,11000100001111110101
60,0.0,11000100001111110101,0.0,11000100111111110001
60,0.0,11000100111111110001,0.0,10000101111011110001
60,0.0,10000101111011110001,0.0,10000101111011110001
60,0.0,10000101111011110001,0.0,10001111110011110001
60,0.0,10001111110011110001,0.0,11001110100011111011
60,0.0,11001110100011111011,0.0,11001110100011111011
60,0.0,11001110100011111011,0.0,11010010100011110001
60,0.0,11010010100011110001,0.0,11010010000001110100
60,0.0,11010010000001110100,0.0,11011000000001111111
60,0.0,11011000000001111111,0.0,11000000010111111110
60,0.0,11000000010111111110,0.0,10000010100101111111
60,0.0,10000010100101111111,0.0,10001010101100111101
60,0.0,10001010101100111101,0.0,10000010111100011101
60,0.0,10000010111100011101,0.0,01000010111100011100
60,0.0,01000010111100011100,0.0,01001010111000111111
60,0.0,01001010111000111111,0.0,01101010011000101101
60,0.0,01101010011000101101,0.0,00101110011001101011
60,0.0,00101110011001101011,0.0,00101110011001101011
60,0.0,00101110011001101011,0.0,01100010010001101111
60,0.0,01100010010001101111,0.0,01100110000011101100
60,0.0,01100110000011101100,0.0,01100010000011011100
60,0.0,01100010000011011100,0.0,01101010100011001111
60,0.0,01101010100011001111,0.0,01101010100011001111
60,0.0,01101010100011001111,0.0,01101010100011001111
60,0.0,01101010100011001111,0.0,01100110110011100110
60,0.0,01100110110011100110,0.0,01101010100011110110
60,0.0,01101010100011110110,0.0,11101010100011100101
60,0.0,11101010100011100101,0.0,11101010100011100101
60,0.0,11101010100011100101,0.0,11111000000101100100
60,0.0,11111000000101100100,0.0,01110101100100100100
60,0.0,01110101100100100100,0.0,01110001010100100110
60,0.0,01110001010100100110,0.0,11111001010100100011
60,0.0,11111001010100100011,0.0,11011101010000111010
60,0.0,11011101010000111010,0.0,11010001010000011100
60,0.0,11010001010000011100,0.0,11010001010000011100
60,0.0,11010001010000011100,0.0,01011101110000011101
60,0.0,01011101110000011101,0.0,01011101110000011101
60,0.0,01011101110000011101,0.0,00011111100000011101
60,0.0,00011111100000011101,0.0,00100111100000111100
60,0.0,00100111100000111100,0.0,00100011001000111010
60,0.0,00100011001000111010,0.0,00100011110010111011
60,0.0,00100011110010111011,0.0,00101011100010011110
60,0.0,00101011100010011110,0.0,10101010100110011111
60,0.0,10101010100110011111,0.0,11100010100010011110
60,0.0,11100010100010011110,0.0,11101000101010011100
61,2.0,00010110101101010010,2.0,00111000101101110000
61,2.0,00111000101101110000,2.0,00111010100111010001
61,2.0,00111010100111010001,0.0,01110010000110011000
61,0.0,01110010000110011000,0.0,01110000000110111100
61,0.0,01110000000110111100,0.0,01100010000110111111
61,0.0,01100010000110111111,0.0,01110000000110111100
61,0.0,01110000000110111100,0.0,01011001000110011101
61,0.0,01011001000110011101,0.0,00011001000101011100
61,0.0,00011001000101011100,0.0,00011010000101011111
61,0.0,00011010000101011111,0.0,11010010000100011100
61,0.0,11010010000100011100,0.0,11011100010110011101
61,0.0,11011100010110011101,0.0,10011100000111011101
61,0.0,10011100000111011101,0.0,10011100000111011101
61,0.0,10011100000111011101,0.0,10011100000111011101
61,0.0,10011100000111011101,0.0,11010100000011011100
61,0.0,11010100000011011100,0.0,10011000001001011101
61,0.0,10011000001001011101,0.0,10111000001000011110
61,0.0,10111000001000011110,0.0,10110100011000001110
61,0.0,10110100011000001110,0.0,10110000111000001100
61,0.0,10110000111000001100,0.0,00111000111100001100
61,0.0,00111000111100001100,0.0,00101010111100001111
61,0.0,00101010111100001111,0.0,00101010111100001111
61,0.0,00101010111100001111,0.0,00101010111100001111
61,0.0,00101010111100001111,0.0,00100011110100001110
61,0.0,00100011110100001110,0.0,00001011000101011111
61,0.0,00001011000101011111,0.0,11000010000101011111
61,0.0,11000010000101011111,0.0,11000010000101011111
61,0.0,11000010000101011111,0.0,11000001000101011100
61,0.0,11000001000101011100,0.0,11000001000101011100
61,0.0,11000001000101011100,0.0,11001001100101110110
61,0.0,11001001100101110110,0.0,11101101100001100101
61,0.0,11101101100001100101,0.0,11101101000001010111
61,0.0,11101101000001010111,0.0,01110101000001000111
61,0.0,01110101000001000111,0.0,01100111100001000100
61,0.0,01100111100001000100,0.0,01001011101001000100
61,0.0,01001011101001000100,0.0,00101011001001000100
61,0.0,00101011001001000100,0.0,00101011001001000100
61,0.0,00101011001001000100,0.0,01101010011001000111
61,0.0,01101010011001000111,0.0,01101010011001000111
61,0.0,01101010011001000111,0.0,11100010001001000100
61,0.0,11100010001001000100,0.0,11001110001101000111
61,0.0,11001110001101000111,0.0,01001010011101010101
61,0.0,01001010011101010101,0.0,11001110011111000010
61,0.0,11001110011111000010,0.0,11001110011111000010
61,0.0,11001110011111000010,0.0,11100110010110010110
61,0.0,11100110010110010110,0.0,11100110010110010110
61,0.0,11100110010110010110,0.0,11100110001110010010
61,0.0,11100110001110010010,0.0,11100010001101000011
61,0.0,11100010001101000011,0.0,11001110111101000011
61,0.0,11001110111101000011,0.0,11001110111101000011
61,0.0,11001110111101000011,0.0,01101010111101000000
61,0.0,01101010111101000000,0.0,01101010111100100100
61,0.0,01101010111100100100,0.0,01000011111100110000
61,0.0,01000011111100110000,0.0,00000111111000101100
61,0.0,00000111111000101100,0.0,10001111111000101001
61,0.0,10001111111000101001,0.0,10000111011000001101
61,0.0,10000111011000001101,0.0,10100101011000001110
61,0.0,10100101011000001110,0.0,10100101011000001110
61,0.0,10100101011000001110,0.0,10110100011000001110
61,0.0,10110100011000001110,0.0,10010100011001001101
61,0.0,10010100011001001101,0.0,10000101011001001101
61,0.0,10000101011001001101,0.0,10100000011011001110
61,0.0,10100000011011001110,0.0,10100000011011001110
61,0.0,10100000011011001110,0.0,10000010011011001101
61,0.0,10000010011011001101,0.0,11001010101011001010
61,0.0,11001010101011001010,0.0,11001110001101001001
61,0.0,11001110001101001001,0.0,11001110001101001001
61,0.0,11001110001101001001,0.0,11001110001101001001
61,0.0,11001110001101001001,0.0,11001110001101001001
61,0.0,11001110001101001001,0.0,11001110001101001001
61,0.0,11001110001101001001,0.0,11001110100101001110
61,0.0,11001110100101001110,0.0,11000011000001001101
61,0.0,11000011000001001101,0.0,01000011000001011110
61,0.0,01000011000001011110,0.0,01001011010100011111
61,0.0,01001011010100011111,0.0,11101000110110011111
61,0.0,11101000110110011111,0.0,11101000110110011111
61,0.0,11101000110110011111,0.0,11101000110110011111
61,0.0,11101000110110011111,0.0,11101000110110011111
61,0.0,11101000110110011111,0.0,10100000101110011111
61,0.0,10100000101110011111,0.0,10100001111000001100
61,0.0,10100001111000001100,0.0,00101001111100001100
61,0.0,00101001111100001100,0.0,00001101011101001101
61,0.0,00001101011101001101,0.0,00100001011101001001
61,0.0,00100001011101001001,0.0,10101110011101000011
61,0.0,10101110011101000011,0.0,00111001011001000011
61,0.0,00111001011001000011,0.0,10110001001001000000
61,0.0,10110001001001000000,0.0,10010101101001100010
61,0.0,10010101101001100010,0.0,10011101001101000011
61,0.0,10011101001101000011,0.0,10010101000101101011
61,0.0,10010101000101101011,0.0,10010101000101101011
61,0.0,10010101000101101011,0.0,11010001000101001001
61,0.0,11010001000101001001,0.0,11011001100101100011
61,0.0,11011001100101100011,0.0,11010001101001000000
61,0.0,11010001101001000000,0.0,11010001101001000000
61,0.0,11010001101001000000,0.0,11010001101001000000
61,0.0,11010001101001000000,0.0,10110001001001000000
61,0.0,10110001001001000000,0.0,11111100110011100000
61,0.0,11111100110011100000,0.0,11111000100111100001
61,0.0,11111000100111100001,0.0,11110000000111000101
61,0.0,11110000000111000101,0.0,10110001110110010000
61,0.0,10110001110110010000,0.0,10100001111100110010
61,0.0,10100001111100110010,0.0,10100001111100110010
61,0.0,10100001111100110010,0.0,10101001110101110010
61,0.0,10101001110101110010,0.0,10100001111100110010
61,0.0,10100001111100110010,0.0,10100001111100001011
61,0.0,10100001111100001011,0.0,10100001111100001011
61,0.0,10100001111100001011,0.0,10000001101111001010
61,0.0,10000001101111001010,0.0,10000001101111001010
61,0.0,10000001101111001010,0.0,10000001011111001001
61,0.0,10000001011111001001,0.0,10000001011111001001
61,0.0,10000001011111001001,0.0,01000101111110011000
61,0.0,01000101111110011000,0.0,00001101101101001110
61,0.0,00001101101101001110,0.0,01001001101101100111
61,0.0,01001001101101100111,0.0,01001001101101100111
61,0.0,01001001101101100111,0.0,01001001001111100110
61,0.0,01001001001111100110,0.0,00000011001111000110
61,0.0,00000011001111000110,0.0,01001011001111000010
61,0.0,01001011001111000010,0.0,01001111011110010001
61,0.0,01001111011110010001,0.0,01000001111010011101
61,0.0,01000001111010011101,0.0,10001001111000111101
61,0.0,10001001111000111101,0.0,10001101011000111111
61,0.0,10001101011000111111,0.0,10001101011000111111
61,0.0,10001101011000111111,0.0,01100001011000111010
61,0.0,01100001011000111010,0.0,00101001011000111100
61,0.0,00101001011000111100,0.0,00011001011010111010
61,0.0,00011001011010111010,0.0,00011001111000111011
61,0.0,00011001111000111011,0.0,00101001111010111001
61,0.0,00101001111010111001,0.0,00101001111010111001
61,0.0,00101001111010111001,0.0,00101101011010111011
61,0.0,00101101011010111011,0.0,01100101010110111010
61,0.0,01100101010110111010,0.0,01110101000100011000
61,0.0,01110101000100011000,0.0,01110101000100011000
61,0.0,01110101000100011000,0.0,11010011000100001001
61,0.0,11010011000100001001,0.0,11010011000100110000
61,0.0,11010011000100110000,0.0,11010111000010110000
61,0.0,11010111000010110000,0.0,01011111000110110000
61,0.0,01011111000110110000,0.0,01011111000110000111
62,2.0,11011010100000011111,0.0,11110010000000001110
62,0.0,11110010000000001110,0.0,01110010000010101101
62,0.0,01110010000010101101,0.0,01110010110010101001
62,0.0,01110010110010101001,0.0,01110000010001101100
62,0.0,01110000010001101100,0.0,00100001010001111110
62,0.0,00100001010001111110,0.0,01100001010001101100
62,0.0,01100001010001101100,0.0,01101000011001101101
62,0.0,01101000011001101101,0.0,01101000011001101101
62,0.0,01101000011001101101,0.0,10001010011001101100
62,0.0,10001010011001101100,0.0,10001010011001101100
62,0.0,10001010011001101100,0.0,11000110110001101100
62,0.0,11000110110001101100,0.0,10000110101001111010
62,0.0,10000110101001111010,0.0,11000100111001111010
62,0.0,11000100111001111010,0.0,11000100111001111010
62,0.0,11000100111001111010,0.0,11000110001001011010
62,0.0,11000110001001011010,0.0,11000110001001011010
62,0.0,11000110001001011010,0.0,01000110001011111001
62,0.0,01000110001011111001,0.0,01000110101111110000
62,0.0,01000110101111110000,0.0,01000110101111110000
62,0.0,01000110101111110000,0.0,01101100001111101001
62,0.0,01101100001111101001,0.0,01110100000111101000
62,0.0,01110100000111101000,0.0,01110100000111101000
62,0.0,01110100000111101000,0.0,01010010000111101010
62,0.0,01010010000111101010,0.0,01010100100111111010
62,0.0,01010100100111111010,0.0,01000101100111111010
62,0.0,01000101100111111010,0.0,11000011100110011001
62,0.0,11000011100110011001,0.0,10001111101110010011
62,0.0,10001111101110010011,0.0,10000111111010110001
62,0.0,10000111111010110001,0.0,10000111111010110001
62,0.0,10000111111010110001,0.0,10000111111010110001
62,0.0,10000111111010110001,0.0,10010110111010110001
62,0.0,10010110111010110001,0.0,10010110011100110011
62,0.0,10010110011100110011,0.0,11010010011100010001
62,0.0,11010010011100010001,0.0,11110010001100000000
62,0.0,11110010001100000000,0.0,10110110001100100010
62,0.0,10110110001100100010,0.0,10110110001100100010
62,0.0,10110110001100100010,0.0,10010110001101100001
62,0.0,10010110001101100001,0.0,11011100001101000100
62,0.0,11011100001101000100,0.0,11011100101111000001
62,0.0,11011100101111000001,0.0,11011100101111000001
62,0.0,11011100101111000001,0.0,01011001101110010011
62,0.0,01011001101110010011,0.0,01001111101110010010
62,0.0,01001111101110010010,0.0,01001101101111010010
62,0.0,01001101101111010010,0.0,00000101101111010110
62,0.0,00000101101111010110,0.0,00000100101111111111
62,0.0,00000100101111111111,0.0,00000101011111101010
62,0.0,00000101011111101010,0.0,00010100011111101010
62,0.0,00010100011111101010,0.0,00010110011110101010
62,0.0,00010110011110101010,0.0,01011110001100101011
62,0.0,01011110001100101011,0.0,01011010001110101000
62,0.0,01011010001110101000,0.0,01111010000010111011
62,0.0,01111010000010111011,0.0,01110010000110011000
62,0.0,01110010000110011000,0.0,01111010010110110001
62,0.0,01111010010110110001,0.0,01110010110110010010
62,0.0,01110010110110010010,0.0,00111010111010010011
62,0.0,00111010111010010011,0.0,01101010111110010011
62,0.0,01101010111110010011,0.0,01101010111110010011
62,0.0,01101010111110010011,0.0,01101010111110010011
62,0.0,01101010111110010011,0.0,01111010111010000001
62,0.0,01111010111010000001,0.0,01111100011011000011
62,0.0,01111100011011000011,0.0,01100100011111001001
62,0.0,01100100011111001001,0.0,11100100001110001111
62,0.0,11100100001110001111,0.0,11100000101110001101
62,0.0,11100000101110001101,0.0,11101000110110011111
62,0.0,11101000110110011111,0.0,11101000110110011111
62,0.0,11101000110110011111,0.0,11100001110110100101
62,0.0,11100001110110100101,0.0,01101001111010100101
62,0.0,01101001111010100101,0.0,00001001111011001110
62,0.0,00001001111011001110,0.0,10000001101111001010
62,0.0,10000001101111001010,0.0,00100101101011001010
62,0.0,00100101101011001010,0.0,00101001001011011001
62,0.0,00101001001011011001,0.0,00101110001011011000
62,0.0,00101110001011011000,0.0,00110100011011001001
62,0.0,00110100011011001001,0.0,01111100011010101001
62,0.0,01111100011010101001,0.0,01110100100010111101
62,0.0,01110100100010111101,0.0,01110100100010111101
62,0.0,01110100100010111101,0.0,11110100100000011110
62,0.0,11110100100000011110,0.0,01110110000000011100
62,0.0,01110110000000011100,0.0,01110110000000011100
62,0.0,01110110000000011100,0.0,11010110000010011100
62,0.0,11010110000010011100,0.0,11100010010010011101
62,0.0,11100010010010011101,0.0,11100000010011011101
62,0.0,11100000010011011101,0.0,11000001010001011111
62,0.0,11000001010001011111,0.0,01000011000001011110
62,0.0,01000011000001011110,0.0,11000101100001011101
62,0.0,11000101100001011101,0.0,11101001100001010101
62,0.0,11101001100001010101,0.0,11101001100001010101
62,0.0,11101001100001010101,0.0,11101001100001010101
62,0.0,11101001100001010101,0.0,11100001101000010101
62,0.0,11100001101000010101,0.0,11110001100010000110
62,0.0,11110001100010000110,0.0,11110000100010101111
62,0.0,11110000100010101111,0.0,10111000010110101110
62,0.0,10111000010110101110,0.0,10011100011110001110
62,0.0,10011100011110001110,0.0,10110100011000001110
62,0.0,10110100011000001110,0.0,10110000111000001100
62,0.0,10110000111000001100,0.0,00111100111010001100
62,0.0,00111100111010001100,0.0,00111000111100001100
62,0.0,00111000111100001100,0.0,00111000100101101110
62,0.0,00111000100101101110,0.0,00110000110101001110
62,0.0,00110000110101001110,0.0,00101000111101001111
62,0.0,00101000111101001111,0.0,00101000011111001110
62,0.0,00101000011111001110,0.0,00100101110011001110
62,0.0,00100101110011001110,0.0,00100101110011001110
62,0.0,00100101110011001110,0.0,00101111010011001001
62,0.0,00101111010011001001,0.0,00101101010011101101
62,0.0,00101101010011101101,0.0,10100101010010111100
62,0.0,10100101010010111100,0.0,10101101110010101111
62,0.0,10101101110010101111,0.0,11100110100010101110
62,0.0,11100110100010101110,0.0,11011110100010001111
62,0.0,11011110100010001111,0.0,11011111100010100011
62,0.0,11011111100010100011,0.0,11011111100010100011
62,0.0,11011111100010100011,0.0,11011111100010100011
62,0.0,11011111100010100011,0.0,11011111100010100011
62,0.0,11011111100010100011,0.0,11010011100010000101
62,0.0,11010011100010000101,0.0,10011011100000110110
62,0.0,10011011100000110110,0.0,00110011100000010111
62,0.0,00110011100000010111,0.0,00110011000010010110
62,0.0,00110011000010010110,0.0,00010011000011010101
62,0.0,00010011000011010101,0.0,11010110000011110011
62,0.0,11010110000011110011,0.0,11010110000011110011
62,0.0,11010110000011110011,0.0,01000110100011111110
62,0.0,01000110100011111110,0.0,01000110100011111110
62,0.0,01000110100011111110,0.0,11000110100110111100
62,0.0,11000110100110111100,0.0,11101110100100111001
62,0.0,11101110100100111001,0.0,11101110100100111001
62,0.0,11101110100100111001,0.0,11101110100100110111
62,0.0,11101110100100110111,0.0,01111010100110110010
62,0.0,01111010100110110010,0.0,01111110101100000001
62,0.0,01111110101100000001,0.0,01101110111110100011
62,0.0,01101110111110100011,0.0,11100010011110100010
62,0.0,11100010011110100010,0.0,11100010011110100010
62,0.0,11100010011110100010,0.0,01101110001110100111
62,0.0,01101110001110100111,0.0,00100110001110101101
62,0.0,00100110001110101101,0.0,00100110111110100111
63,2.0,10010000001111010100,2.0,10011000001101110100
63,2.0,10011000001101110100,2.0,00010000101111110100
63,2.0,00010000101111110100,0.0,00011100001111110101
63,0.0,00011100001111110101,0.0,01011000001111100110
63,0.0,01011000001111100110,0.0,01011000001111100110
63,0.0,01011000001111100110,0.0,01011000001111100110
63,0.0,01011000001111100110,0.0,01010000011110101100
63,0.0,01010000011110101100,0.0,01011100011110110101
63,0.0,01011100011110110101,0.0,01010100111010101101
63,0.0,01010100111010101101,0.0,01011110101010100111
63,0.0,01011110101010100111,0.0,11110100001010100100
63,0.0,11110100001010100100,0.0,11011100101110100101
63,0.0,11011100101110100101,0.0,11010101100110100100
63,0.0,11010101100110100100,0.0,11001101101110100101
63,0.0,11001101101110100101,0.0,11000101000110111111
63,0.0,11000101000110111111,0.0,11000101110010111100
63,0.0,11000101110010111100,0.0,11001101100011110110
63,0.0,11001101100011110110,0.0,11001101100011110110
63,0.0,11001101100011110110,0.0,11001101100011110110
63,0.0,11001101100011110110,0.0,11000001100111010111
63,0.0,11000001100111010111,0.0,11000001000101011100
63,0.0,11000001000101011100,0.0,10000101000101111110
63,0.0,10000101000101111110,0.0,00100101000111111010
63,0.0,00100101000111111010,0.0,00100101000111111010
63,0.0,00100101000111111010,0.0,00100101000111111010
63,0.0,00100101000111111010,0.0,10000101110101111010
63,0.0,10000101110101111010,0.0,10100001010101011000
63,0.0,10100001010101011000,0.0,10101001000101111000
63,0.0,10101001000101111000,0.0,10101011000100111000
63,0.0,10101011000100111000,0.0,10101011000101010010
63,0.0,10101011000101010010,0.0,10100001010101011000
63,0.0,10100001010101011000,0.0,10101011000101010010
63,0.0,10101011000101010010,0.0,10101011000101010010
63,0.0,10101011000101010010,0.0,10101011000001100111
63,0.0,10101011000001100111,0.0,10101011000001100111
63,0.0,10101011000001100111,0.0,10101111000010110110
63,0.0,10101111000010110110,0.0,11101111000000010111
63,0.0,11101111000000010111,0.0,11111101000000010100
63,0.0,11111101000000010100,0.0,10110001100100010101
63,0.0,10110001100100010101,0.0,10110001100100010101
63,0.0,10110001100100010101,0.0,11111001100100010001
63,0.0,11111001100100010001,0.0,11111101000100010011
63,0.0,11111101000100010011,0.0,11111101000100010011
63,0.0,11111101000100010011,0.0,11111101000100010011
63,0.0,11111101000100010011,0.0,10111111100000010000
63,0.0,10111111100000010000,0.0,11111010100000010101
63,0.0,11111010100000010101,0.0,00111110101000010100
63,0.0,00111110101000010100,0.0,00110110100000111100
63,0.0,00110110100000111100,0.0,00110110001000110101
63,0.0,00110110001000110101,0.0,01111110001000110001
63,0.0,01111110001000110001,0.0,01011011001000110000
63,0.0,01011011001000110000,0.0,01011011001000110000
63,0.0,01011011001000110000,0.0,01010110011100110010
63,0.0,01010110011100110010,0.0,00010110001101110010
63,0.0,00010110001101110010,0.0,00010110001101110010
63,0.0,00010110001101110010,0.0,00010110001101110010
63,0.0,00010110001101110010,0.0,00011110001001011010
63,0.0,00011110001001011010,0.0,00010011001001010000
63,0.0,00010011001001010000,0.0,00011001011101010001
63,0.0,00011001011101010001,0.0,00011001101101010010
63,0.0,00011001101101010010,0.0,00011001101101010010
63,0.0,00011001101101010010,0.0,00010101111101000010
63,0.0,00010101111101000010,0.0,00010101111101000010
63,0.0,00010101111101000010,0.0,00010101001101000110
63,0.0,00010101001101000110,0.0,00010101001101000110
63,0.0,00010101001101000110,0.0,00110001011100000100
63,0.0,00110001011100000100,0.0,00110000011101000111
63,0.0,00110000011101000111,0.0,00100001011101000111
63,0.0,00100001011101000111,0.0,00010001111001000111
63,0.0,00010001111001000111,0.0,00011001101001100111
63,0.0,00011001101001100111,0.0,00011101101010110110
63,0.0,00011101101010110110,0.0,00011101101011010010
63,0.0,00011101101011010010,0.0,00111001011001000011
63,0.0,00111001011001000011,0.0,00111101011100100010
63,0.0,00111101011100100010,0.0,00110010011100110000
63,0.0,00110010011100110000,0.0,00110010011100110000
63,0.0,00110010011100110000,0.0,00110010011100110000
63,0.0,00110010011100110000,0.0,00110010011100110000
63,0.0,00110010011100110000,0.0,10111010000100111000
63,0.0,10111010000100111000,0.0,10110110100100010100
63,0.0,10110110100100010100,0.0,10110110100100010100
63,0.0,10110110100100010100,0.0,10110110100100010100
63,0.0,10110110100100010100,0.0,10110110010100100110
63,0.0,10110110010100100110,0.0,10100111010100100110
63,0.0,10100111010100100110,0.0,10100011110100100100
63,0.0,10100011110100100100,0.0,00101011101010100101
63,0.0,00101011101010100101,0.0,00101011101010100101
63,0.0,00101011101010100101,0.0,00101001101011100101
63,0.0,00101001101011100101,0.0,00001001101001111100
63,0.0,00001001101001111100,0.0,00001010101001111111
63,0.0,00001010101001111111,0.0,00000010101101011100
63,0.0,00000010101101011100,0.0,00001010101001111111
63,0.0,00001010101001111111,0.0,01000010001101110111
63,0.0,01000010001101110111,0.0,01000010011111110010
63,0.0,01000010011111110010,0.0,01011010001111000010
63,0.0,01011010001111000010,0.0,01011010101100100111
63,0.0,01011010101100100111,0.0,01011010110100101101
63,0.0,01011010110100101101,0.0,00111010010100101101
63,0.0,00111010010100101101,0.0,00111010010100101101
63,0.0,00111010010100101101,0.0,00110010000101101011
63,0.0,00110010000101101011,0.0,00110010100110111000
63,0.0,00110010100110111000,0.0,00110110100100111011
63,0.0,00110110100100111011,0.0,00111110000100011101
63,0.0,00111110000100011101,0.0,01011110100100011101
63,0.0,01011110100100011101,0.0,11010110100000011101
63,0.0,11010110100000011101,0.0,11011010111000000101
63,0.0,11011010111000000101,0.0,01011010101001000100
63,0.0,01011010101001000100,0.0,01011010101001000100
63,0.0,01011010101001000100,0.0,01011010101101000011
63,0.0,01011010101101000011,0.0,01011010001110101000
63,0.0,01011010001110101000,0.0,01010010011110001000
63,0.0,01010010011110001000,0.0,01010010011110001000
63,0.0,01010010011110001000,0.0,00010111110110001001
63,0.0,00010111110110001001,0.0,10011110110110011001
63,0.0,10011110110110011001,0.0,10011010010111001001
63,0.0,10011010010111001001,0.0,10011011000010001110
63,0.0,10011011000010001110,0.0,10000011010010111110
63,0.0,10000011010010111110,0.0,10001011011010010110
63,0.0,10001011011010010110,0.0,10001011111000010111
63,0.0,10001011111000010111,0.0,10001111111000100111
63,0.0,10001111111000100111,0.0,10011110111000100111
63,0.0,10011110111000100111,0.0,00111010111000100100
63,0.0,00111010111000100100,0.0,00111010101010100101
63,0.0,00111010101010100101,0.0,00110110101100000101
63,0.0,00110110101100000101,0.0,00110110101100000101
63,0.0,00110110101100000101,0.0,00111110100101000101
63,0.0,00111110100101000101,0.0,10110110100100010100
63,0.0,10110110100100010100,0.0,10110010100110100101
63,0.0,10110010100110100101,0.0,10011011110100000101
63,0.0,10011011110100000101,0.0,00010111110110000111
63,0.0,00010111110110000111,0.0,00010111111100000010
63,0.0,00010111111100000010,0.0,00010111001100000110
63,0.0,00010111001100000110,0.0,00010111001100000110
63,0.0,00010111001100000110,0.0,00010011001100110011
63,0.0,00010011001100110011,0.0,00010010001111000110
63,0.0,00010010001111000110,0.0,00011011001011000010
63,0.0,00011011001011000010,0.0,00011011010011000110
63,0.0,00011011010011000110,0.0,00010011010111100000
64,6.0,01010001010100011110,6.0,01010001000101001100
64,6.0,01010001000101001100,0.0,00111001000001001110
64,0.0,00111001000001001110,0.0,00111001000001001110
64,0.0,00111001000001001110,0.0,01011001100001001110
64,0.0,01011001100001001110,0.0,01011001100001001110
64,0.0,01011001100001001110,0.0,01011000110101101101
64,0.0,01011000110101101101,0.0,11010000110001101101
64,0.0,11010000110001101101,0.0,11010000010011101100
64,0.0,11010000010011101100,0.0,11000001010011101100
64,0.0,11000001010011101100,0.0,10001001010111101101
64,0.0,10001001010111101101,0.0,10001001010111101101
64,0.0,10001001010111101101,0.0,10001001010111101101
64,0.0,10001001010111101101,0.0,10001001010111101101
64,0.0,10001001010111101101,0.0,10010001000101011011
64,0.0,10010001000101011011,0.0,10011101001101000011
64,0.0,10011101001101000011,0.0,10010111101000100010
64,0.0,10010111101000100010,0.0,10010111101000100010
64,0.0,10010111101000100010,0.0,10010111110000100110
64,0.0,10010111110000100110,0.0,10110011010000000100
64,0.0,10110011010000000100,0.0,10111011000000100100
64,0.0,10111011000000100100,0.0,01111010000001100110
64,0.0,01111010000001100110,0.0,01101010011001000111
64,0.0,01101010011001000111,0.0,01101010011001000111
64,0.0,01101010011001000111,0.0,11100010001001000100
64,0.0,11100010001001000100,0.0,11100010001001000100
64,0.0,11100010001001000100,0.0,11101010101001100000
64,0.0,11101010101001100000,0.0,11101110110011100011
64,0.0,11101110110011100011,0.0,11101110000011100111
64,0.0,11101110000011100111,0.0,11100110010011000111
64,0.0,11100110010011000111,0.0,11100110000111000100
64,0.0,11100110000111000100,0.0,11010110000101000110
64,0.0,11010110000101000110,0.0,11000111000101000110
64,0.0,11000111000101000110,0.0,11000111000101000110
64,0.0,11000111000101000110,0.0,11000011000001001101
64,0.0,11000011000001001101,0.0,10000111000001101111
64,0.0,10000111000001101111,0.0,10000110110001111110
64,0.0,10000110110001111110,0.0,10000110110001111110
64,0.0,10000110110001111110,0.0,10000000111101011101
64,0.0,10000000111101011101,0.0,10000000011111011100
64,0.0,10000000011111011100,0.0,10000000011111011100
64,0.0,10000000011111011100,0.0,10000000011111011100
64,0.0,10000000011111011100,0.0,10000100011111101100
64,0.0,10000100011111101100,0.0,10000100011111101100
64,0.0,10000100011111101100,0.0,10001001010111101101
64,0.0,10001001010111101101,0.0,11100001110111000001
64,0.0,11100001110111000001,0.0,11100001110111000001
64,0.0,11100001110111000001,0.0,10100011110101000000
64,0.0,10100011110101000000,0.0,10100011110101000000
64,0.0,10100011110101000000,0.0,10100011110101000000
64,0.0,10100011110101000000,0.0,10100011001001000011
64,0.0,10100011001001000011,0.0,10110010001001000011
64,0.0,10110010001001000011,0.0,10110001001001000000
64,0.0,10110001001001000000,0.0,10111101100001010000
64,0.0,10111101100001010000,0.0,11111100100101010000
64,0.0,11111100100101010000,0.0,01100110100101011000
64,0.0,01100110100101011000,0.0,00111100110101011001
64,0.0,00111100110101011001,0.0,00111100101101010011
64,0.0,00111100101101010011,0.0,11111100100101010000
64,0.0,11111100100101010000,0.0,01111110100001010010
64,0.0,01111110100001010010,0.0,01110100101001010010
64,0.0,01110100101001010010,0.0,11110100001011000000
64,0.0,11110100001011000000,0.0,11110000000111000101
64,0.0,11110000000111000101,0.0,11100001000111000101
64,0.0,11100001000111000101,0.0,11100001000111000101
64,0.0,11100001000111000101,0.0,10100001100111100101
64,0.0,10100001100111100101,0.0,10000011100101010110
64,0.0,10000011100101010110,0.0,10100010100111010100
64,0.0,10100010100111010100,0.0,00100010000101111110
64,0.0,00100010000101111110,0.0,00101110000111101101
64,0.0,00101110000111101101,0.0,00101110000111101101
64,0.0,00101110000111101101,0.0,01101110010111000111
64,0.0,01101110010111000111,0.0,01100110110011100110
64,0.0,01100110110011100110,0.0,01100110110011100110
64,0.0,01100110110011100110,0.0,01101010100011001111
64,0.0,01101010100011001111,0.0,01100110110011100110
64,0.0,01100110110011100110,0.0,00101110110111100111
64,0.0,00101110110111100111,0.0,00100110110101110101
64,0.0,00100110110101110101,0.0,00100110010111110100
64,0.0,00100110010111110100,0.0,01000110110111110100
64,0.0,01000110110111110100,0.0,11000110001110110101
64,0.0,11000110001110110101,0.0,11000110001110110101
64,0.0,11000110001110110101,0.0,11000110001110110101
64,0.0,11000110001110110101,0.0,11001110101110010100
64,0.0,11001110101110010100,0.0,01101110101100010100
64,0.0,01101110101100010100,0.0,01101010011100010110
64,0.0,01101010011100010110,0.0,00100010111101000100
64,0.0,00100010111101000100,0.0,00100010111101000100
64,0.0,00100010111101000100,0.0,00101010111001100111
64,0.0,00101010111001100111,0.0,00101010111001100111
64,0.0,00101010111001100111,0.0,01000110111101000110
64,0.0,01000110111101000110,0.0,01101100111001010111
64,0.0,01101100111001010111,0.0,11111000100001010101
64,0.0,11111000100001010101,0.0,11110000001010010100
64,0.0,11110000001010010100,0.0,11110000001100100100
64,0.0,11110000001100100100,0.0,11110100011100100010
64,0.0,11110100011100100010,0.0,11110001011000000000
64,0.0,11110001011000000000,0.0,11110001000001100010
64,0.0,11110001000001100010,0.0,01111001000101100010
64,0.0,01111001000101100010,0.0,00111001010011110001
64,0.0,00111001010011110001,0.0,00111001010011110001
64,0.0,00111001010011110001,0.0,00111001011000101001
64,0.0,00111001011000101001,0.0,00010101011000101111
64,0.0,00010101011000101111,0.0,00011111010000101111
64,0.0,00011111010000101111,0.0,00010111010100001100
64,0.0,00010111010100001100,0.0,00011111000100101100
64,0.0,00011111000100101100,0.0,00011110000101101111
64,0.0,00011110000101101111,0.0,00011100011101001101
64,0.0,00011100011101001101,0.0,00001101011101001101
64,0.0,00001101011101001101,0.0,01000101011101001011
64,0.0,01000101011101001011,0.0,01000111011100001011
64,0.0,01000111011100001011,0.0,01001111010101001011
64,0.0,01001111010101001011,0.0,01000111010111010011
64,0.0,01000111010111010011,0.0,01010110010111010011
64,0.0,01010110010111010011,0.0,01010110010111010011
64,0.0,01010110010111010011,0.0,01010101010111010000
64,0.0,01010101010111010000,0.0,01011001110011110001
64,0.0,01011001110011110001,0.0,01011001110011110001
64,0.0,01011001110011110001,0.0,01011001110011110001
64,0.0,01011001110011110001,0.0,01011001110011110001
64,0.0,01011001110011110001,0.0,01010001100011011000
64,0.0,01010001100011011000,0.0,01010001100011011000
64,0.0,01010001100011011000,0.0,01010101010111010000
64,0.0,01010101010111010000,0.0,01000111010111010011
64,0.0,01000111010111010011,0.0,00100011010111010001
64,0.0,00100011010111010001,0.0,00101001111011010011
64,0.0,00101001111011010011,0.0,00110001011010110001
64,0.0,00110001011010110001,0.0,00110001011010110001
64,0.0,00110001011010110001,0.0,00100111011010110000
64,0.0,00100111011010110000,0.0,01111110011010000011
64,0.0,01111110011010000011,0.0,01111110011010000011
64,0.0,01111110011010000011,0.0,01111000011010010111
64,0.0,01111000011010010111,0.0,10111000001110010101
64,0.0,10111000001110010101,0.0,00111000001011010111
64,0.0,00111000001011010111,0.0,00111100001011100111
64,0.0,00111100001011100111,0.0,00111000101011100101
64,0.0,00111000101011100101,0.0,00111000101011100101
64,0.0,00111000101011100101,0.0,01100000101011110110
64,0.0,01100000101011110110,0.0,11101000101011110011
64,0.0,11101000101011110011,0.0,11101000101011110011
64,0.0,11101000101011110011,0.0,11101000101011110011
64,0.0,11101000101011110011,0.0,11001101001011110001
64,0.0,11001101001011110001,0.0,11001101001011110001
64,0.0,11001101001011110001,0.0,01000101111011110000
64,0.0,01000101111011110000,0.0,01000101111011110000
64,0.0,01000101111011110000,0.0,11000101011011010001
64,0.0,11000101011011010001,0.0,01010001001011010001
65,2.0,10011011110000101011,2.0,10011111000100101010
65,2.0,10011111000100101010,0.0,10110110010100101000
65,0.0,10110110010100101000,0.0,10110000111100110010
65,0.0,10110000111100110010,0.0,11110000111100100000
65,0.0,11110000111100100000,0.0,11110000001100100100
65,0.0,11110000001100100100,0.0,11111010000100100100
65,0.0,11111010000100100100,0.0,11110010010100000100
65,0.0,11110010010100000100,0.0,10110010110100100100
65,0.0,10110010110100100100,0.0,10110010110100100100
65,0.0,10110010110100100100,0.0,11100110110110100100
65,0.0,11100110110110100100,0.0,11100010110110010100
65,0.0,11100010110110010100,0.0,11101010110010110111
65,0.0,11101010110010110111,0.0,11100011100010110010
65,0.0,11100011100010110010,0.0,11100001100110011010
65,0.0,11100001100110011010,0.0,01100001110110111000
65,0.0,01100001110110111000,0.0,01100101110100111011
65,0.0,01100101110100111011,0.0,01101101100100011110
65,0.0,01101101100100011110,0.0,01111100100100011110
65,0.0,01111100100100011110,0.0,01111100100100011110
65,0.0,01111100100100011110,0.0,01111100100100011110
65,0.0,01111100100100011110,0.0,01011000001001011100
65,0.0,01011000001001011100,0.0,01001010001001011111
65,0.0,01001010001001011111,0.0,01001111001001001000
65,0.0,01001111001001001000,0.0,00001111001001011010
65,0.0,00001111001001011010,0.0,00001111001001011010
65,0.0,00001111001001011010,0.0,00001111000011011111
65,0.0,00001111000011011111,0.0,01000011000001011110
65,0.0,01000011000001011110,0.0,00001011000101011111
65,0.0,00001011000101011111,0.0,00001011110101011011
65,0.0,00001011110101011011,0.0,01001011110101001001
65,0.0,01001011110101001001,0.0,01001011110101001001
65,0.0,01001011110101001001,0.0,10001011010111001001
65,0.0,10001011010111001001,0.0,00000011010111001100
65,0.0,00000011010111001100,0.0,00011011000001001101
65,0.0,00011011000001001101,0.0,00011011000001001101
65,0.0,00011011000001001101,0.0,00001011010011101111
65,0.0,00001011010011101111,0.0,00001111110010111111
65,0.0,00001111110010111111,0.0,00001101110011111111
65,0.0,00001101110011111111,0.0,00010101100011111010
65,0.0,00010101100011111010,0.0,10010101100111010010
65,0.0,10010101100111010010,0.0,10010101100111010010
65,0.0,10010101100111010010,0.0,10010101100111010010
65,0.0,10010101100111010010,0.0,10010101100110110110
65,0.0,10010101100110110110,0.0,11000101110010111100
65,0.0,11000101110010111100,0.0,01001101111010111011
65,0.0,01001101111010111011,0.0,01011101011000101011
65,0.0,01011101011000101011,0.0,01010001011000110100
65,0.0,01010001011000110100,0.0,01010001011000001101
65,0.0,01010001011000001101,0.0,01011001001001000111
65,0.0,01011001001001000111,0.0,01011001001001000111
65,0.0,01011001001001000111,0.0,01011001001001000111
65,0.0,01011001001001000111,0.0,01001111001001000110
65,0.0,01001111001001000110,0.0,11001111011000000111
65,0.0,11001111011000000111,0.0,11011110011000000111
65,0.0,11011110011000000111,0.0,11011110011000000111
65,0.0,11011110011000000111,0.0,11010101110010100111
65,0.0,11010101110010100111,0.0,11010101110011000011
65,0.0,11010101110011000011,0.0,11011101100011100011
65,0.0,11011101100011100011,0.0,11011100100011110110
65,0.0,11011100100011110110,0.0,11011001100010110111
65,0.0,11011001100010110111,0.0,10011100101110110111
65,0.0,10011100101110110111,0.0,11010100101010110110
65,0.0,11010100101010110110,0.0,11010100101010110110
65,0.0,11010100101010110110,0.0,10010100111110010111
65,0.0,10010100111110010111,0.0,00010110101110010110
65,0.0,00010110101110010110,0.0,00011011100110010111
65,0.0,00011011100110010111,0.0,00010101010110011111
65,0.0,00010101010110011111,0.0,01011101010110011011
65,0.0,01011101010110011011,0.0,00011101000110111111
65,0.0,00011101000110111111,0.0,00011101000110111111
65,0.0,00011101000110111111,0.0,00011101000110111111
65,0.0,00011101000110111111,0.0,00011001100110111101
65,0.0,00011001100110111101,0.0,00010001110110011101
65,0.0,00010001110110011101,0.0,10011101010010011101
65,0.0,10011101010010011101,0.0,11001101010110011101
65,0.0,11001101010110011101,0.0,10001101000111011101
65,0.0,10001101000111011101,0.0,11000111000010011100
65,0.0,11000111000010011100,0.0,10101011100010001101
65,0.0,10101011100010001101,0.0,10101011100010001101
65,0.0,10101011100010001101,0.0,10011011100000001111
65,0.0,10011011100000001111,0.0,01011011100000001110
65,0.0,01011011100000001110,0.0,01010010100010111111
65,0.0,01010010100010111111,0.0,01010001100010111100
65,0.0,01010001100010111100,0.0,01010101000010111110
65,0.0,01010101000010111110,0.0,00011101000110111111
65,0.0,00011101000110111111,0.0,10011101010010011101
65,0.0,10011101010010011101,0.0,00011101110011011000
65,0.0,00011101110011011000,0.0,01010101000011011010
65,0.0,01010101000011011010,0.0,01010001100011011000
65,0.0,01010001100011011000,0.0,11011001000001011000
65,0.0,11011001000001011000,0.0,00011001001001011011
65,0.0,00011001001001011011,0.0,00011101101011010010
65,0.0,00011101101011010010,0.0,00011101101011010010
65,0.0,00011101101011010010,0.0,00011011001011000010
65,0.0,00011011001011000010,0.0,01011011001000000111
65,0.0,01011011001000000111,0.0,01011011001000000111
65,0.0,01011011001000000111,0.0,01010001101000001110
65,0.0,01010001101000001110,0.0,00011001001001011011
65,0.0,00011001001001011011,0.0,01011001001001001001
65,0.0,01011001001001001001,0.0,01011001001001001001
65,0.0,01011001001001001001,0.0,01101001001011000101
65,0.0,01101001001011000101,0.0,00101011001001000100
65,0.0,00101011001001000100,0.0,00101011001001000100
65,0.0,00101011001001000100,0.0,01001111001001000110
65,0.0,01001111001001000110,0.0,01011110001001000110
65,0.0,01011110001001000110,0.0,01011110001001000110
65,0.0,01011110001001000110,0.0,01010110101000110101
65,0.0,01010110101000110101,0.0,01011000111000111100
65,0.0,01011000111000111100,0.0,01010000111100101101
65,0.0,01010000111100101101,0.0,11011100101000101110
65,0.0,11011100101000101110,0.0,11010010101000100111
65,0.0,11010010101000100111,0.0,11000110101001100110
65,0.0,11000110101001100110,0.0,11000110110001101100
65,0.0,11000110110001101100,0.0,11000001110001101101
65,0.0,11000001110001101101,0.0,11011001110000001111
65,0.0,11011001110000001111,0.0,01001111110010101101
65,0.0,01001111110010101101,0.0,01001111110011001001
65,0.0,01001111110011001001,0.0,01001111110011001001
65,0.0,01001111110011001001,0.0,01010111100011000010
65,0.0,01010111100011000010,0.0,11010101100111000000
65,0.0,11010101100111000000,0.0,01110101100101000000
65,0.0,01110101100101000000,0.0,01110101100101000000
65,0.0,01110101100101000000,0.0,01110101100101000000
65,0.0,01110101100101000000,0.0,01100111100101000011
65,0.0,01100111100101000011,0.0,01100111100101000011
65,0.0,01100111100101000011,0.0,01100110100101010110
65,0.0,01100110100101010110,0.0,01100001100101010111
65,0.0,01100001100101010111,0.0,00001011000101011111
65,0.0,00001011000101011111,0.0,00001111001001011010
65,0.0,00001111001001011010,0.0,00011110001001011010
65,0.0,00011110001001011010,0.0,00010011001001010000
65,0.0,00010011001001010000,0.0,01010010001101010000
65,0.0,01010010001101010000,0.0,01001110001101011010
65,0.0,01001110001101011010,0.0,00000011101101001001
65,0.0,00000011101101001001,0.0,00000111001101001011
65,0.0,00000111001101001011,0.0,00000101001101101111
65,0.0,00000101001101101111,0.0,00000011001111000110
65,0.0,00000011001111000110,0.0,00011111000101000110
65,0.0,00011111000101000110,0.0,00011111000101000110
65,0.0,00011111000101000110,0.0,00011111100111000011
65,0.0,00011111100111000011,0.0,00010110110111110011
65,0.0,00010110110111110011,0.0,00010110110111110011
65,0.0,00010110110111110011,0.0,00011000001111111010
65,0.0,00011000001111111010,0.0,00011000001111111010
65,0.0,00011000001111111010,0.0,00011000001111111010
65,0.0,00011000001111111010,0.0,01011010001100011011
65,0.0,01011010001100011011,0.0,01011011001000001001
66,0.0,11011000101110010101,0.0,11011000111100010100
66,0.0,11011000111100010100,0.0,10000101111110010111
66,0.0,10000101111110010111,0.0,10000101111110010111
66,0.0,10000101111110010111,0.0,10010100111110010111
66,0.0,10010100111110010111,0.0,10011100111100110110
66,0.0,10011100111100110110,0.0,10011100111100110110
66,0.0,10011100111100110110,0.0,10011100001100111100
66,0.0,10011100001100111100,0.0,10011110001100011000
66,0.0,10011110001100011000,0.0,10010100011100011100
66,0.0,10010100011100011100,0.0,11011100011100010110
66,0.0,11011100011100010110,0.0,11011110011000000111
66,0.0,11011110011000000111,0.0,11011110011000000111
66,0.0,11011110011000000111,0.0,11011110011000000111
66,0.0,11011110011000000111,0.0,10011110111000100111
66,0.0,10011110111000100111,0.0,10101110111010100101
66,0.0,10101110111010100101,0.0,10101110111010100101
66,0.0,10101110111010100101,0.0,10101110011100100111
66,0.0,10101110011100100111,0.0,10111100011100100100
66,0.0,10111100011100100100,0.0,00111100011001100110
66,0.0,00111100011001100110,0.0,00111110011000100110
66,0.0,00111110011000100110,0.0,01101110011010010110
66,0.0,01101110011010010110,0.0,00100110011010011100
66,0.0,00100110011010011100,0.0,01101110011010011000
66,0.0,01101110011010011000,0.0,01111110011010000011
66,0.0,01111110011010000011,0.0,01010110011001100011
66,0.0,01010110011001100011,0.0,01010110011000001100
66,0.0,01010110011000001100,0.0,01111000011100100111
66,0.0,01111000011100100111,0.0,11110100010110100111
66,0.0,11110100010110100111,0.0,11100101010110100111
66,0.0,11100101010110100111,0.0,10100111000110100111
66,0.0,10100111000110100111,0.0,01100111000110100110
66,0.0,01100111000110100110,0.0,10100111000110100111
66,0.0,10100111000110100111,0.0,11101110000110110110
66,0.0,11101110000110110110,0.0,11100110000100011101
66,0.0,11100110000100011101,0.0,11101010000010111101
66,0.0,11101010000010111101,0.0,11001010100001111100
66,0.0,11001010100001111100,0.0,11000000101001111100
66,0.0,11000000101001111100,0.0,10001001001001011101
66,0.0,10001001001001011101,0.0,01001000101101111100
66,0.0,01001000101101111100,0.0,01001000101101111100
66,0.0,01001000101101111100,0.0,11000000101001111100
66,0.0,11000000101001111100,0.0,10001000101101111101
66,0.0,10001000101101111101,0.0,10100100100101111101
66,0.0,10100100100101111101,0.0,01100110100100111100
66,0.0,01100110100100111100,0.0,01001111000110011100
66,0.0,01001111000110011100,0.0,10001111000110011101
66,0.0,10001111000110011101,0.0,10001010010111011100
66,0.0,10001010010111011100,0.0,10011110000110011101
66,0.0,10011110000110011101,0.0,10111100000110011110
66,0.0,10111100000110011110,0.0,10111100000011001111
66,0.0,10111100000011001111,0.0,10111110000010001111
66,0.0,10111110000010001111,0.0,10100110010010111111
66,0.0,10100110010010111111,0.0,00100110011010011100
66,0.0,00100110011010011100,0.0,00010110001010011111
66,0.0,00010110001010011111,0.0,00010110001010011111
66,0.0,00010110001010011111,0.0,00010110001010011111
66,0.0,00010110001010011111,0.0,00010110001010011111
66,0.0,00010110001010011111,0.0,00011110001000111110
66,0.0,00011110001000111110,0.0,00111010000001111010
66,0.0,00111010000001111010,0.0,00110110010001101010
66,0.0,00110110010001101010,0.0,00110011010000101011
66,0.0,00110011010000101011,0.0,00110011010000101011
66,0.0,00110011010000101011,0.0,01110001010100101000
66,0.0,01110001010100101000,0.0,01110001010100101000
66,0.0,01110001010100101000,0.0,01110001010100101000
66,0.0,01110001010100101000,0.0,10111001000101100011
66,0.0,10111001000101100011,0.0,00111001001101000000
66,0.0,00111001001101000000,0.0,10110000101101100000
66,0.0,10110000101101100000,0.0,11110000001101000000
66,0.0,11110000001101000000,0.0,11110000001101000000
66,0.0,11110000001101000000,0.0,11100001001101000000
66,0.0,11100001001101000000,0.0,01111001011100000000
66,0.0,01111001011100000000,0.0,01011001001100011000
66,0.0,01011001001100011000,0.0,01011001001100011000
66,0.0,01011001001100011000,0.0,01011001001100011000
66,0.0,01011001001100011000,0.0,01011001010100011100
66,0.0,01011001010100011100,0.0,01011001010100011100
66,0.0,01011001010100011100,0.0,11001101011100010110
66,0.0,11001101011100010110,0.0,11001101111110010011
66,0.0,11001101111110010011,0.0,11001101111110010011
66,0.0,11001101111110010011,0.0,10001101101111010011
66,0.0,10001101101111010011,0.0,10001101110111010111
66,0.0,10001101110111010111,0.0,10001101110111010111
66,0.0,10001101110111010111,0.0,11001101110111000101
66,0.0,11001101110111000101,0.0,01000111110111100001
66,0.0,01000111110111100001,0.0,00000010111011101100
66,0.0,00000010111011101100,0.0,00000110101101101100
66,0.0,00000110101101101100,0.0,00010000101101101101
66,0.0,00010000101101101101,0.0,00011000101001111100
66,0.0,00011000101001111100,0.0,00011001101001101001
66,0.0,00011001101001101001,0.0,10011001011010101001
66,0.0,10011001011010101001,0.0,10011001011010101001
66,0.0,10011001011010101001,0.0,01011001111000101001
66,0.0,01011001111000101001,0.0,01001101111010111011
66,0.0,01001101111010111011,0.0,01010101110010111010
66,0.0,01010101110010111010,0.0,11011101000010111011
66,0.0,11011101000010111011,0.0,11011101000010111011
66,0.0,11011101000010111011,0.0,10010101110010111011
66,0.0,10010101110010111011,0.0,00010101010011111001
66,0.0,00010101010011111001,0.0,00010101010011111001
66,0.0,00010101010011111001,0.0,00110101000011101000
66,0.0,00110101000011101000,0.0,00010101010011111001
66,0.0,00010101010011111001,0.0,00010101010011111001
66,0.0,00010101010011111001,0.0,00010110010101111000
66,0.0,00010110010101111000,0.0,00010110010101111000
66,0.0,00010110010101111000,0.0,00010010010001111101
66,0.0,00010010010001111101,0.0,10010010110000111111
66,0.0,10010010110000111111,0.0,00000011111000011100
66,0.0,00000011111000011100,0.0,00000111111000101100
66,0.0,00000111111000101100,0.0,00000111111000101100
66,0.0,00000111111000101100,0.0,00000111111000101100
66,0.0,00000111111000101100,0.0,00010011001000001101
66,0.0,00010011001000001101,0.0,01000011001100001101
66,0.0,01000011001100001101,0.0,01000001001101001101
66,0.0,01000001001101001101,0.0,01001001001101011011
66,0.0,01001001001101011011,0.0,01001001001101011011
66,0.0,01001001001101011011,0.0,00010000101011011101
66,0.0,00010000101011011101,0.0,00011000111011001110
66,0.0,00011000111011001110,0.0,11000000111011001110
66,0.0,11000000111011001110,0.0,10000101101001001110
66,0.0,10000101101001001110,0.0,10000101111101000100
66,0.0,10000101111101000100,0.0,00101001111001100100
66,0.0,00101001111001100100,0.0,00101001111100001100
66,0.0,00101001111100001100,0.0,10100001111100001011
66,0.0,10100001111100001011,0.0,10001101111100001111
66,0.0,10001101111100001111,0.0,10001101111100001111
66,0.0,10001101111100001111,0.0,10000101011100011100
66,0.0,10000101011100011100,0.0,10001101111100001111
66,0.0,10001101111100001111,0.0,11000101111000001110
66,0.0,11000101111000001110,0.0,11010100111000001110
66,0.0,11010100111000001110,0.0,11011110110000001110
66,0.0,11011110110000001110,0.0,01011110010001001100
66,0.0,01011110010001001100,0.0,01101010110001001110
66,0.0,01101010110001001110,0.0,01000010111001110100
66,0.0,01000010111001110100,0.0,01000010111001110100
66,0.0,01000010111001110100,0.0,01001010111000111111
66,0.0,01001010111000111111,0.0,01001000111001111111
66,0.0,01001000111001111111,0.0,01001000111001111111
66,0.0,01001000111001111111,0.0,01000001110001111110
66,0.0,01000001110001111110,0.0,11000001010001011111
66,0.0,11000001010001011111,0.0,00011001010001011111
66,0.0,00011001010001011111,0.0,01110001000000011101
67,0.0,10011001010100011101,0.0,10110000010100111100
67,0.0,10110000010100111100,0.0,10110000010100111100
67,0.0,10110000010100111100,0.0,00111100110100111101
67,0.0,00111100110100111101,0.0,11100100110100111101
67,0.0,11100100110100111101,0.0,11100100010110111100
67,0.0,11100100010110111100,0.0,00101100010111111111
67,0.0,00101100010111111111,0.0,00101100010111111111
67,0.0,00101100010111111111,0.0,10100101010011010110
67,0.0,10100101010011010110,0.0,10100110000111010110
67,0.0,10100110000111010110,0.0,10110000000111010111
67,0.0,10110000000111010111,0.0,10110000000111010111
67,0.0,10110000000111010111,0.0,10110000000111011001
67,0.0,10110000000111011001,0.0,10111100100111001000
67,0.0,10111100100111001000,0.0,10111001100110001001
67,0.0,10111001100110001001,0.0,10111001110100001000
67,0.0,10111001110100001000,0.0,10111001100110001001
67,0.0,10111001100110001001,0.0,10101111100110001000
67,0.0,10101111100110001000,0.0,10101110100111001011
67,0.0,10101110100111001011,0.0,10101110100111001011
67,0.0,10101110100111001011,0.0,10100110000111011000
67,0.0,10100110000111011000,0.0,10000010110111111010
67,0.0,10000010110111111010,0.0,10001010010111011100
67,0.0,10001010010111011100,0.0,11001010000111111010
67,0.0,11001010000111111010,0.0,11001010000111111010
67,0.0,11001010000111111010,0.0,11000000001111111010
67,0.0,11000000001111111010,0.0,11001000011110111100
67,0.0,11001000011110111100,0.0,10001001011010111100
67,0.0,10001001011010111100,0.0,10101100011010111101
67,0.0,10101100011010111101,0.0,10101100011011010111
67,0.0,10101100011011010111,0.0,10101100111011100101
67,0.0,10101100111011100101,0.0,10011000111011100100
67,0.0,10011000111011100100,0.0,10011000011101100110
67,0.0,10011000011101100110,0.0,00111000001101100111
67,0.0,00111000001101100111,0.0,01110000001001100110
67,0.0,01110000001001100110,0.0,10110100010101100110
67,0.0,10110100010101100110,0.0,10110110010101000010
67,0.0,10110110010101000010,0.0,10110110010100101000
67,0.0,10110110010100101000,0.0,10110010010000101101
67,0.0,10110010010000101101,0.0,10110010100000101110
67,0.0,10110010100000101110,0.0,10110010100000101110
67,0.0,10110010100000101110,0.0,11011010100100001111
67,0.0,11011010100100001111,0.0,11010010000001001101
67,0.0,11010010000001001101,0.0,00011010000101011111
67,0.0,00011010000101011111,0.0,01011000010101011111
67,0.0,01011000010101011111,0.0,00010001010101111001
67,0.0,00010001010101111001,0.0,01010100010111111001
67,0.0,01010100010111111001,0.0,01011100011110110101
67,0.0,01011100011110110101,0.0,01001101011110110101
67,0.0,01001101011110110101,0.0,01101101011010100111
67,0.0,01101101011010100111,0.0,00101101011001100110
67,0.0,00101101011001100110,0.0,00101111011000100110
67,0.0,00101111011000100110,0.0,10001011011100100110
67,0.0,10001011011100100110,0.0,10001011011100100110
67,0.0,10001011011100100110,0.0,00001111011100110100
67,0.0,00001111011100110100,0.0,00000110111100111110
67,0.0,00000110111100111110,0.0,00000110111100111110
67,0.0,00000110111100111110,0.0,00000111111100101011
67,0.0,00000111111100101011,0.0,10000111110100111010
67,0.0,10000111110100111010,0.0,10100111110000011001
67,0.0,10100111110000011001,0.0,00110101000001011011
67,0.0,00110101000001011011,0.0,00110101000001011011
67,0.0,00110101000001011011,0.0,00110101000001011011
67,0.0,00110101000001011011,0.0,00110001000011011000
67,0.0,00110001000011011000,0.0,10111001000011010011
67,0.0,10111001000011010011,0.0,10111010000101010010
67,0.0,10111010000101010010,0.0,10010110000101011010
67,0.0,10010110000101011010,0.0,10100010001001011000
67,0.0,10100010001001011000,0.0,10001111001001110000
67,0.0,10001111001001110000,0.0,01000011001101010000
67,0.0,01000011001101010000,0.0,00010011001001010000
67,0.0,00010011001001010000,0.0,00010011001001010000
67,0.0,00010011001001010000,0.0,00010011001001010000
67,0.0,00010011001001010000,0.0,00010011010101010011
67,0.0,00010011010101010011,0.0,00010111010011010011
67,0.0,00010111010011010011,0.0,00010111010011010011
67,0.0,00010111010011010011,0.0,10010010010011011010
67,0.0,10010010010011011010,0.0,10000011010011011010
67,0.0,10000011010011011010,0.0,11000010010111011010
67,0.0,11000010010111011010,0.0,11001010000111111010
67,0.0,11001010000111111010,0.0,11001010100101111011
67,0.0,11001010100101111011,0.0,11000010100101101101
67,0.0,11000010100101101101,0.0,11000110110101101011
67,0.0,11000110110101101011,0.0,11000110110101101011
67,0.0,11000110110101101011,0.0,11100010001100101001
67,0.0,11100010001100101001,0.0,11100000001101101001
67,0.0,11100000001101101001,0.0,10100001001001101001
67,0.0,10100001001001101001,0.0,11000001001011101000
67,0.0,11000001001011101000,0.0,11000001001011101000
67,0.0,11000001001011101000,0.0,11000001001011101000
67,0.0,11000001001011101000,0.0,01011001001001001001
67,0.0,01011001001001001001,0.0,11010000001011101000
67,0.0,11010000001011101000,0.0,11000001001011101000
67,0.0,11000001001011101000,0.0,10001001001111100111
67,0.0,10001001001111100111,0.0,00101001001101100111
67,0.0,00101001001101100111,0.0,00101101001110110110
67,0.0,00101101001110110110,0.0,00101101001110110110
67,0.0,00101101001110110110,0.0,00100101011110010110
67,0.0,00100101011110010110,0.0,00000101011111010101
67,0.0,00000101011111010101,0.0,00000001011111011010
67,0.0,00000001011111011010,0.0,00000001011111011010
67,0.0,00000001011111011010,0.0,00000011111110101000
67,0.0,00000011111110101000,0.0,00010010111110101000
67,0.0,00010010111110101000,0.0,00011000001111111010
67,0.0,00011000001111111010,0.0,00110000001111110001
67,0.0,00110000001111110001,0.0,00110000001111110001
67,0.0,00110000001111110001,0.0,00101000101111110111
67,0.0,00101000101111110111,0.0,00101010101110110111
67,0.0,00101010101110110111,0.0,00101010110111010111
67,0.0,00101010110111010111,0.0,00100011010111010001
67,0.0,00100011010111010001,0.0,00101011000111110001
67,0.0,00101011000111110001,0.0,00100011001110110001
67,0.0,00100011001110110001,0.0,00001011001110111010
67,0.0,00001011001110111010,0.0,00001001001111111010
67,0.0,00001001001111111010,0.0,00011100101011111011
67,0.0,00011100101011111011,0.0,00011100111001111010
67,0.0,00011100111001111010,0.0,00001101111001111010
67,0.0,00001101111001111010,0.0,00011100111001111010
67,0.0,00011100111001111010,0.0,00011100111111110001
67,0.0,00011100111111110001,0.0,10001000111111110110
67,0.0,10001000111111110110,0.0,10001000111111111000
67,0.0,10001000111111111000,0.0,10011000011101101000
67,0.0,10011000011101101000,0.0,10001110001111101000
67,0.0,10001110001111101000,0.0,00001111001001011010
67,0.0,00001111001001011010,0.0,00001011110101011011
67,0.0,00001011110101011011,0.0,10000011100101011000
67,0.0,10000011100101011000,0.0,11011000100101111000
67,0.0,11011000100101111000,0.0,11011000110001111011
67,0.0,11011000110001111011,0.0,11011100000101111010
67,0.0,11011100000101111010,0.0,10010100110101111010
67,0.0,10010100110101111010,0.0,10010110000101011010
67,0.0,10010110000101011010,0.0,10110100001011010010
67,0.0,10110100001011010010,0.0,11111100001010110010
67,0.0,11111100001010110010,0.0,01111000011010010111
67,0.0,01111000011010010111,0.0,01101100011010111100
67,0.0,01101100011010111100,0.0,00100101011010101101
67,0.0,00100101011010101101,0.0,01101101011010100111
67,0.0,01101101011010100111,0.0,00101111001010100111
67,0.0,00101111001010100111,0.0,10101111000010001111
67,0.0,10101111000010001111,0.0,10101011000100001111
68,10.0,01110010001100000100,0.0,00010011101100000100
68,0.0,00010011101100000100,0.0,00011111101100100010
68,0.0,00011111101100100010,0.0,00011111011100100001
68,0.0,00011111011100100001,0.0,11011101011100000011
68,0.0,11011101011100000011,0.0,01010001011001010000
68,0.0,01010001011001010000,0.0,00011101011011010001
68,0.0,00011101011011010001,0.0,00111101001011000000
68,0.0,00111101001011000000,0.0,00111101001011000000
68,0.0,00111101001011000000,0.0,00011111101010010010
68,0.0,00011111101010010010,0.0,01011110110011110000
68,0.0,01011110110011110000,0.0,01000110110111110100
68,0.0,01000110110111110100,0.0,00011110100111010110
68,0.0,00011110100111010110,0.0,00010110101110010110
68,0.0,00010110101110010110,0.0,10011110101110010011
68,0.0,10011110101110010011,0.0,10010010001101010001
68,0.0,10010010001101010001,0.0,00010010101101110000
68,0.0,00010010101101110000,0.0,01001001101101100111
68,0.0,01001001101101100111,0.0,01001001101101100111
68,0.0,01001001101101100111,0.0,01000001111100101101
68,0.0,01000001111100101101,0.0,00000001111111101000
68,0.0,00000001111111101000,0.0,01001001101101101001
68,0.0,01001001101101101001,0.0,01000001111101001001
68,0.0,01000001111101001001,0.0,01110000111100001010
68,0.0,01110000111100001010,0.0,10110000011110001010
68,0.0,10110000011110001010,0.0,00110000011101001001
68,0.0,00110000011101001001,0.0,00100001011101001001
68,0.0,00100001011101001001,0.0,00100001011101001001
68,0.0,00100001011101001001,0.0,00100001011101000111
68,0.0,00100001011101000111,0.0,00100000011101011100
68,0.0,00100000011101011100,0.0,00100000011101011100
68,0.0,00100000011101011100,0.0,10101000011101011001
68,0.0,10101000011101011001,0.0,10101010011100011001
68,0.0,10101010011100011001,0.0,11001010111100011001
68,0.0,11001010111100011001,0.0,11101010101100001000
68,0.0,11101010101100001000,0.0,10101010101100011010
68,0.0,10101010101100011010,0.0,11100110101100010011
68,0.0,11100110101100010011,0.0,00101111101100010011
68,0.0,00101111101100010011,0.0,00111110101100010011
68,0.0,00111110101100010011,0.0,10011110101110010011
68,0.0,10011110101110010011,0.0,01011110101110010010
68,0.0,01011110101110010010,0.0,11011100111110010011
68,0.0,11011100111110010011,0.0,11011100111110010011
68,0.0,11011100111110010011,0.0,11011000011111000011
68,0.0,11011000011111000011,0.0,11011010011110000011
68,0.0,11011010011110000011,0.0,11010000111110001010
68,0.0,11010000111110001010,0.0,11010000111110001010
68,0.0,11010000111110001010,0.0,01011010011010101011
68,0.0,01011010011010101011,0.0,01010010011000111001
68,0.0,01010010011000111001,0.0,01010010011000111001
68,0.0,01010010011000111001,0.0,01010000011001111001
68,0.0,01010000011001111001,0.0,01010000011001111001
68,0.0,01010000011001111001,0.0,11110000011000101001
68,0.0,11110000011000101001,0.0,11110000011000101001
68,0.0,11110000011000101001,0.0,01111100011010101001
68,0.0,01111100011010101001,0.0,01110100010110111010
68,0.0,01110100010110111010,0.0,00110110000110111010
68,0.0,00110110000110111010,0.0,00010110011110101010
68,0.0,00010110011110101010,0.0,00010000111111101000
68,0.0,00010000111111101000,0.0,00010100011111101010
68,0.0,00010100011111101010,0.0,00110100011011001001
68,0.0,00110100011011001001,0.0,00110000011101001001
68,0.0,00110000011101001001,0.0,00110000101101001010
68,0.0,00110000101101001010,0.0,11110000111100100000
68,0.0,11110000111100100000,0.0,11110000101110100001
68,0.0,11110000101110100001,0.0,11100001101110100001
68,0.0,11100001101110100001,0.0,11100001001110010011
68,0.0,11100001001110010011,0.0,11101001000111010011
68,0.0,11101001000111010011,0.0,10101111000011010010
68,0.0,10101111000011010010,0.0,11101101000001010111
68,0.0,11101101000001010111,0.0,01110101000001000111
68,0.0,01110101000001000111,0.0,01010101010011100101
68,0.0,01010101010011100101,0.0,01010111010010100101
68,0.0,01010111010010100101,0.0,10010111000001000110
68,0.0,10010111000001000110,0.0,00010011010001010100
68,0.0,00010011010001010100,0.0,00011010011001010101
68,0.0,00011010011001010101,0.0,10000010111001110101
68,0.0,10000010111001110101,0.0,01000010111001110100
68,0.0,01000010111001110100,0.0,01001100101011111100
68,0.0,01001100101011111100,0.0,01101100111011100100
68,0.0,01101100111011100100,0.0,01111000111011000001
68,0.0,01111000111011000001,0.0,01111100011011000011
68,0.0,01111100011011000011,0.0,01100010011011010001
68,0.0,01100010011011010001,0.0,11100110010011110000
68,0.0,11100110010011110000,0.0,11100011010010110001
68,0.0,11100011010010110001,0.0,11100011010010110001
68,0.0,11100011010010110001,0.0,01101011000010111011
68,0.0,01101011000010111011,0.0,11101011000110010011
68,0.0,11101011000110010011,0.0,11100001101110100001
68,0.0,11100001101110100001,0.0,10101111001110000001
68,0.0,10101111001110000001,0.0,10101111001000001010
68,0.0,10101111001000001010,0.0,10101010001011001010
68,0.0,10101010001011001010,0.0,10101010001011001010
68,0.0,10101010001011001010,0.0,11100000001011011001
68,0.0,11100000001011011001,0.0,11010000000101011100
68,0.0,11010000000101011100,0.0,11010100100001011101
68,0.0,11010100100001011101,0.0,01010010000001011110
68,0.0,01010010000001011110,0.0,11011010000001011011
68,0.0,11011010000001011011,0.0,11000110001001011010
68,0.0,11000110001001011010,0.0,11000010101001011000
68,0.0,11000010101001011000,0.0,11000110100111011000
68,0.0,11000110100111011000,0.0,11100110100011001010
68,0.0,11100110100011001010,0.0,10101010001011001010
68,0.0,10101010001011001010,0.0,10101010101001001011
68,0.0,10101010101001001011,0.0,10101010101001001011
68,0.0,10101010101001001011,0.0,10101001101001001000
68,0.0,10101001101001001000,0.0,10111000101001001000
68,0.0,10111000101001001000,0.0,10111000000101001111
68,0.0,10111000000101001111,0.0,10111000000101001111
68,0.0,10111000000101001111,0.0,10111001000100001100
68,0.0,10111001000100001100,0.0,10101011000100001111
68,0.0,10101011000100001111,0.0,10101011000100001111
68,0.0,10101011000100001111,0.0,10101011000100001111
68,0.0,10101011000100001111,0.0,11000011000100011100
68,0.0,11000011000100011100,0.0,11000011000100011100
68,0.0,11000011000100011100,0.0,11001011000110001110
68,0.0,11001011000110001110,0.0,11100011000000001110
68,0.0,11100011000000001110,0.0,11000011000100011100
68,0.0,11000011000100011100,0.0,11001111000100111010
68,0.0,11001111000100111010,0.0,11011111000000101000
68,0.0,11011111000000101000,0.0,11010111010000001000
68,0.0,11010111010000001000,0.0,11011111000000101000
68,0.0,11011111000000101000,0.0,10010111000000101100
68,0.0,10010111000000101100,0.0,10010011000000011100
68,0.0,10010011000000011100,0.0,10010011000000011100
68,0.0,10010011000000011100,0.0,10010011110000011000
68,0.0,10010011110000011000,0.0,11000011110100011000
68,0.0,11000011110100011000,0.0,11000011110100011000
68,0.0,11000011110100011000,0.0,11000011110100011000
68,0.0,11000011110100011000,0.0,11000011110100011000
68,0.0,11000011110100011000,0.0,11000001110100111100
68,0.0,11000001110100111100,0.0,00001001110101111111
68,0.0,00001001110101111111,0.0,00001101100111111100
68,0.0,00001101100111111100,0.0,00000101110111011100
68,0.0,00000101110111011100,0.0,10001110010101011111
68,0.0,10001110010101011111,0.0,00101110110001011101
68,0.0,00101110110001011101,0.0,00101110110001011101
68,0.0,00101110110001011101,0.0,00001110110101111110
68,0.0,00001110110101111110,0.0,01001110110111011011
68,0.0,01001110110111011011,0.0,01000111100110111010
68,0.0,01000111100110111010,0.0,01000111100110111010
68,0.0,01000111100110111010,0.0,01000111010110111001
68,0.0,01000111010110111001,0.0,01001110101110111011
68,0.0,01001110101110111011,0.0,01001110101110111011
68,0.0,01001110101110111011,0.0,01000100111110111111
68,0.0,01000100111110111111,0.0,00000110111100111110
68,0.0,00000110111100111110,0.0,00000110111101011010
69,4.0,01100011110100100100,4.0,01111001110100000101
69,4.0,01111001110100000101,2.0,01011101110100110100
69,2.0,01011101110100110100,2.0,01011101001000110111
69,2.0,01011101001000110111,0.0,00111101101000100101
69,0.0,00111101101000100101,0.0,10110001001000100100
69,0.0,10110001001000100100,0.0,00110001001000001110
69,0.0,00110001001000001110,0.0,00110001001000001110
69,0.0,00110001001000001110,0.0,00111001000001001110
69,0.0,00111001000001001110,0.0,00111001000001001110
69,0.0,00111001000001001110,0.0,00111000100101101110
69,0.0,00111000100101101110,0.0,10010000101110101110
69,0.0,10010000101110101110,0.0,00010000001111101100
69,0.0,00010000001111101100,0.0,00010000001101011111
69,0.0,00010000001101011111,0.0,00010000101101101101
69,0.0,00010000101101101101,0.0,01000100111101101100
69,0.0,01000100111101101100,0.0,01000100111101101100
69,0.0,01000100111101101100,0.0,01000100011101011110
69,0.0,01000100011101011110,0.0,01000110011001110110
69,0.0,01000110011001110110,0.0,10000010111001110101
69,0.0,10000010111001110101,0.0,10000110111101110000
69,0.0,10000110111101110000,0.0,10000110011001110111
69,0.0,10000110011001110111,0.0,10000111011001010000
69,0.0,10000111011001010000,0.0,10000011001101010001
69,0.0,10000011001101010001,0.0,01000011001101010000
69,0.0,01000011001101010000,0.0,01001010101101010110
69,0.0,01001010101101010110,0.0,01001010101101010110
69,0.0,01001010101101010110,0.0,00101010101111010011
69,0.0,00101010101111010011,0.0,00101010101111010011
69,0.0,00101010101111010011,0.0,00101010101110110111
69,0.0,00101010101110110111,0.0,01001011101100100111
69,0.0,01001011101100100111,0.0,01001011101100100111
69,0.0,01001011101100100111,0.0,11001011100100001111
69,0.0,11001011100100001111,0.0,11001001100101001111
69,0.0,11001001100101001111,0.0,10101001100011001101
69,0.0,10101001100011001101,0.0,10101011100010001101
69,0.0,10101011100010001101,0.0,10101011100010110100
69,0.0,10101011100010110100,0.0,00101011001010010111
69,0.0,00101011001010010111,0.0,00111010001010010111
69,0.0,00111010001010010111,0.0,00011010101000111100
69,0.0,00011010101000111100,0.0,00011000101001111100
69,0.0,00011000101001111100,0.0,00010000111001011100
69,0.0,00010000111001011100,0.0,10011000111000111101
69,0.0,10011000111000111101,0.0,10001001111000111101
69,0.0,10001001111000111101,0.0,00000001111100111111
69,0.0,00000001111100111111,0.0,00100001011101001001
69,0.0,00100001011101001001,0.0,00110000011101001001
69,0.0,00110000011101001001,0.0,00110000101101001010
69,0.0,00110000101101001010,0.0,01100100101111001010
69,0.0,01100100101111001010,0.0,00100100111111101001
69,0.0,00100100111111101001,0.0,01100100011110101101
69,0.0,01100100011110101101,0.0,11100100010110111100
69,0.0,11100100010110111100,0.0,11101110010010111011
69,0.0,11101110010010111011,0.0,11000110010001011110
69,0.0,11000110010001011110,0.0,10100010000011011101
69,0.0,10100010000011011101,0.0,10101101000011001111
69,0.0,10101101000011001111,0.0,10100101000111100111
69,0.0,10100101000111100111,0.0,11101101000111100011
69,0.0,11101101000111100011,0.0,10111111000010100011
69,0.0,10111111000010100011,0.0,10111011000010010011
69,0.0,10111011000010010011,0.0,11111011000010000001
69,0.0,11111011000010000001,0.0,11010111000010110000
69,0.0,11010111000010110000,0.0,11010111000010110000
69,0.0,11010111000010110000,0.0,11011101100110110010
69,0.0,11011101100110110010,0.0,11100001100110011010
69,0.0,11100001100110011010,0.0,01100011110010101001
69,0.0,01100011110010101001,0.0,01101001011100101001
69,0.0,01101001011100101001,0.0,00100001011101001001
69,0.0,00100001011101001001,0.0,10101100011101101001
69,0.0,10101100011101101001,0.0,10101100011101101001
69,0.0,10101100011101101001,0.0,00101100011101111010
69,0.0,00101100011101111010,0.0,10011100011001011011
69,0.0,10011100011001011011,0.0,10011000011011011000
69,0.0,10011000011011011000,0.0,10011000111001011001
69,0.0,10011000111001011001,0.0,10001100111001111100
69,0.0,10001100111001111100,0.0,10001100111001111100
69,0.0,10001100111001111100,0.0,11001100111101100111
69,0.0,11001100111101100111,0.0,11011100011001000111
69,0.0,11011100011001000111,0.0,00010001011011000110
69,0.0,00010001011011000110,0.0,00010001011011000110
69,0.0,00010001011011000110,0.0,10011001011011000011
69,0.0,10011001011011000011,0.0,01011001011011000010
69,0.0,01011001011011000010,0.0,01010001010011010101
69,0.0,01010001010011010101,0.0,01011001110011110001
69,0.0,01011001110011110001,0.0,01011001110011110001
69,0.0,01011001110011110001,0.0,01011001110011110001
69,0.0,01011001110011110001,0.0,01011001110011110001
69,0.0,01011001110011110001,0.0,01000101111011110000
69,0.0,01000101111011110000,0.0,01000111111010110000
69,0.0,01000111111010110000,0.0,11001111001010110001
69,0.0,11001111001010110001,0.0,11001111100010111000
69,0.0,11001111100010111000,0.0,01010011100010011000
69,0.0,01010011100010011000,0.0,00011111101010010010
69,0.0,00011111101010010010,0.0,00011011101001000011
69,0.0,00011011101001000011,0.0,00110111100001000011
69,0.0,00110111100001000011,0.0,01111111100000100011
69,0.0,01111111100000100011,0.0,01111111100000100011
69,0.0,01111111100000100011,0.0,01010011100100100110
69,0.0,01010011100100100110,0.0,01010111100010100110
69,0.0,01010111100010100110,0.0,01010011100010010110
69,0.0,01010011100010010110,0.0,01010011100010010110
69,0.0,01010011100010010110,0.0,01010011010010010101
69,0.0,01010011010010010101,0.0,01010011001010010001
69,0.0,01010011001010010001,0.0,10011011001000110001
69,0.0,10011011001000110001,0.0,00010111011000110010
69,0.0,00010111011000110010,0.0,00010111011000110010
69,0.0,00010111011000110010,0.0,01010110011100110010
69,0.0,01010110011100110010,0.0,01010110011100110010
69,0.0,01010110011100110010,0.0,10010110011100110011
69,0.0,10010110011100110011,0.0,01010110011100110010
69,0.0,01010110011100110010,0.0,01010110011100110010
69,0.0,01010110011100110010,0.0,11010111001000000010
69,0.0,11010111001000000010,0.0,11011101011100000011
69,0.0,11011101011100000011,0.0,11110001011000000000
69,0.0,11110001011000000000,0.0,10110001111000100000
69,0.0,10110001111000100000,0.0,10110100001010110110
69,0.0,10110100001010110110,0.0,10101101011010010100
69,0.0,10101101011010010100,0.0,10101100011011010111
69,0.0,10101100011011010111,0.0,10101100011011010111
69,0.0,10101100011011010111,0.0,10100101010011010110
69,0.0,10100101010011010110,0.0,10100101001010110110
69,0.0,10100101001010110110,0.0,10100101101000110111
69,0.0,10100101101000110111,0.0,10100101101000110111
69,0.0,10100101101000110111,0.0,01100101101000110110
69,0.0,01100101101000110110,0.0,01100101011000110101
69,0.0,01100101011000110101,0.0,01100010011010110101
69,0.0,01100010011010110101,0.0,01100000011011110101
69,0.0,01100000011011110101,0.0,00101010011011100110
69,0.0,00101010011011100110,0.0,01111100011010100111
69,0.0,01111100011010100111,0.0,01111000011010010111
69,0.0,01111000011010010111,0.0,01111000001011000101
69,0.0,01111000001011000101,0.0,01111000001011000101
69,0.0,01111000001011000101,0.0,01111000001011000101
69,0.0,01111000001011000101,0.0,00101001001011010111
69,0.0,00101001001011010111,0.0,00101001001011010111
69,0.0,00101001001011010111,0.0,00101011001001000100
69,0.0,00101011001001000100,0.0,10101011101000000110
69,0.0,10101011101000000110,0.0,10101010001101000101
69,0.0,10101010001101000101,0.0,10110010000101000100
69,0.0,10110010000101000100,0.0,10110000010101010110
69,0.0,10110000010101010110,0.0,10010001000001011100
69,0.0,10010001000001011100,0.0,10010001000001011100
70,2.0,10010000100111011100,0.0,10011100000111011101
70,0.0,10011100000111011101,0.0,00011110000101101111
70,0.0,00011110000101101111,0.0,00011110000101101111
70,0.0,00011110000101101111,0.0,01011110010100101111
70,0.0,01011110010100101111,0.0,01011110010100101111
70,0.0,01011110010100101111,0.0,01011110110010101101
70,0.0,01011110110010101101,0.0,11010010010010101100
70,0.0,11010010010010101100,0.0,11010010010010101100
70,0.0,11010010010010101100,0.0,11010010010010101100
70,0.0,11010010010010101100,0.0,01011110010010011111
70,0.0,01011110010010011111,0.0,01011110110011000111
70,0.0,01011110110011000111,0.0,11010100110011010110
70,0.0,11010100110011010110,0.0,11010110110010010110
70,0.0,11010110110010010110,0.0,11010110110010010110
70,0.0,11010110110010010110,0.0,11001110111010010111
70,0.0,11001110111010010111,0.0,10001111101010010100
70,0.0,10001111101010010100,0.0,10001011101100010100
70,0.0,10001011101100010100,0.0,10001111001100010110
70,0.0,10001111001100010110,0.0,10001111101100100100
70,0.0,10001111101100100100,0.0,11001101111100100100
70,0.0,11001101111100100100,0.0,10001111111000100111
70,0.0,10001111111000100111,0.0,10001011101001000101
70,0.0,10001011101001000101,0.0,11000011110001000111
70,0.0,11000011110001000111,0.0,10001111111001000011
70,0.0,10001111111001000011,0.0,11000111110101000010
70,0.0,11000111110101000010,0.0,11000011110001000111
70,0.0,11000011110001000111,0.0,11001011100001100111
70,0.0,11001011100001100111,0.0,10010111110000100110
70,0.0,10010111110000100110,0.0,10010101110001100110
70,0.0,10010101110001100110,0.0,10010101110001100110
70,0.0,10010101110001100110,0.0,10010001100101100111
70,0.0,10010001100101100111,0.0,11011000100101111000
70,0.0,11011000100101111000,0.0,00011101110101101000
70,0.0,00011101110101101000,0.0,00011001110101011000
70,0.0,00011001110101011000,0.0,00011001100111011001
70,0.0,00011001100111011001,0.0,00011001100111011001
70,0.0,00011001100111011001,0.0,00010111100101010001
70,0.0,00010111100101010001,0.0,00110101100101010010
70,0.0,00110101100101010010,0.0,01110001100100010100
70,0.0,01110001100100010100,0.0,01111100001100010111
70,0.0,01111100001100010111,0.0,01111100001100010111
70,0.0,01111100001100010111,0.0,01111100001100010111
70,0.0,01111100001100010111,0.0,00111100101100110111
70,0.0,00111100101100110111,0.0,10111110100000110111
70,0.0,10111110100000110111,0.0,10111010000100110110
70,0.0,10111010000100110110,0.0,10111110100000110111
70,0.0,10111110100000110111,0.0,10011011100000110110
70,0.0,10011011100000110110,0.0,11011010100100110110
70,0.0,11011010100100110110,0.0,11001011100100110110
70,0.0,11001011100100110110,0.0,11101110100100110111
70,0.0,11101110100100110111,0.0,11101110100100110111
70,0.0,11101110100100110111,0.0,11101110000110111000
70,0.0,11101110000110111000,0.0,11111000000110111001
70,0.0,11111000000110111001,0.0,11111000000110111001
70,0.0,11111000000110111001,0.0,01111001100110001000
70,0.0,01111001100110001000,0.0,01101001111110010000
70,0.0,01101001111110010000,0.0,11101001101010110000
70,0.0,11101001101010110000,0.0,11101001101010110000
70,0.0,11101001101010110000,0.0,11100000111010110111
70,0.0,11100000111010110111,0.0,11100000111010111001
70,0.0,11100000111010111001,0.0,11100000111010111001
70,0.0,11100000111010111001,0.0,11100000111010111001
70,0.0,11100000111010111001,0.0,11100000111010111001
70,0.0,11100000111010111001,0.0,10100010111000111000
70,0.0,10100010111000111000,0.0,10100010110010111101
70,0.0,10100010110010111101,0.0,11000010101000111100
70,0.0,11000010101000111100,0.0,11001010001100011101
70,0.0,11001010001100011101,0.0,11000010101000111100
70,0.0,11000010101000111100,0.0,11000010101000111100
70,0.0,11000010101000111100,0.0,01101010101000101110
70,0.0,01101010101000101110,0.0,01101010101001001010
70,0.0,01101010101001001010,0.0,01001010101001101101
70,0.0,01001010101001101101,0.0,01001110101010111100
70,0.0,01001110101010111100,0.0,01010110001010110100
70,0.0,01010110001010110100,0.0,10001110101010111101
70,0.0,10001110101010111101,0.0,10100010101010111001
70,0.0,10100010101010111001,0.0,11000010101100111011
70,0.0,11000010101100111011,0.0,11000010101100111011
70,0.0,11000010101100111011,0.0,11010000101100111000
70,0.0,11010000101100111000,0.0,11010000100110111101
70,0.0,11010000100110111101,0.0,11110000100010101111
70,0.0,11110000100010101111,0.0,11110000110000101110
70,0.0,11110000110000101110,0.0,11110000110000101110
70,0.0,11110000110000101110,0.0,10101101110010101111
70,0.0,10101101110010101111,0.0,10101101110010101111
70,0.0,10101101110010101111,0.0,10011001110010101110
70,0.0,10011001110010101110,0.0,10111100110010101111
70,0.0,10111100110010101111,0.0,10111100110010101111
70,0.0,10111100110010101111,0.0,00110001110010001111
70,0.0,00110001110010001111,0.0,00100101101010101110
70,0.0,00100101101010101110,0.0,10100001101010001101
70,0.0,10100001101010001101,0.0,10100101001010001111
70,0.0,10100101001010001111,0.0,10101001100011001101
70,0.0,10101001100011001101,0.0,11101001110010001101
70,0.0,11101001110010001101,0.0,11101101110110001000
70,0.0,11101101110110001000,0.0,11100101010110101001
70,0.0,11100101010110101001,0.0,11100101010110101001
70,0.0,11100101010110101001,0.0,10100101010101101000
70,0.0,10100101010101101000,0.0,10000101110101111010
70,0.0,10000101110101111010,0.0,10010101110010111011
70,0.0,10010101110010111011,0.0,10010101110010111011
70,0.0,10010101110010111011,0.0,10010101110010111011
70,0.0,10010101110010111011,0.0,11011001110000111000
70,0.0,11011001110000111000,0.0,11011001110000111000
70,0.0,11011001110000111000,0.0,00011001111000111011
70,0.0,00011001111000111011,0.0,00010011111000110000
70,0.0,00010011111000110000,0.0,10011101111100100011
70,0.0,10011101111100100011,0.0,10011101001101000011
70,0.0,10011101001101000011,0.0,10010101101001100010
70,0.0,10010101101001100010,0.0,11110100101001000001
70,0.0,11110100101001000001,0.0,11110100101001000001
70,0.0,11110100101001000001,0.0,11101000011101000101
70,0.0,11101000011101000101,0.0,01101000001111010111
70,0.0,01101000001111010111,0.0,01100000000111111111
70,0.0,01100000000111111111,0.0,01110000100100111101
70,0.0,01110000100100111101,0.0,01110000100100111101
70,0.0,01110000100100111101,0.0,01110000100100111101
70,0.0,01110000100100111101,0.0,01011000001100111111
70,0.0,01011000001100111111,0.0,01011110001100101011
70,0.0,01011110001100101011,0.0,00011111001000101011
70,0.0,00011111001000101011,0.0,00011011001000011011
70,0.0,00011011001000011011,0.0,00010011111000001001
70,0.0,00010011111000001001,0.0,00011011110001001001
70,0.0,00011011110001001001,0.0,01011011100000001110
70,0.0,01011011100000001110,0.0,01011011100000001110
70,0.0,01011011100000001110,0.0,01010101100000111111
70,0.0,01010101100000111111,0.0,01100101100010111101
70,0.0,01100101100010111101,0.0,01100101000100111111
70,0.0,01100101000100111111,0.0,01100101000100111111
70,0.0,01100101000100111111,0.0,00011101000110111111
70,0.0,00011101000110111111,0.0,10010101000010111111
70,0.0,10010101000010111111,0.0,00011101000110111111
70,0.0,00011101000110111111,0.0,00011101000110111111
70,0.0,00011101000110111111,0.0,00011101000101101100
70,0.0,00011101000101101100,0.0,00011110110001101100
70,0.0,00011110110001101100,0.0,01011100110011101101
70,0.0,01011100110011101101,0.0,00011100110011111111
70,0.0,00011100110011111111,0.0,01100100110001111111
70,0.0,01100100110001111111,0.0,01001100110111111111
70,0.0,01001100110111111111,0.0,01001110110110111111
70,0.0,01001110110110111111,0.0,00000110110111011111
71,4.0,00101001110111100111,0.0,00111001110110100101
71,0.0,00111001110110100101,0.0,01110101110000100111
71,0.0,01110101110000100111,0.0,01110101110000100111
71,0.0,01110101110000100111,0.0,00110101100001100111
71,0.0,00110101100001100111,0.0,00110111100001000011
71,0.0,00110111100001000011,0.0,00110111100001000011
71,0.0,00110111100001000011,0.0,00110111000011000010
71,0.0,00110111000011000010,0.0,00101111001011000011
71,0.0,00101111001011000011,0.0,00101111001011000011
71,0.0,00101111001011000011,0.0,00100110001111001001
71,0.0,00100110001111001001,0.0,00100110001111110000
71,0.0,00100110001111110000,0.0,00101110001110111011
71,0.0,00101110001110111011,0.0,00110110000110111010
71,0.0,00110110000110111010,0.0,00110111000010101000
71,0.0,00110111000010101000,0.0,00110111100000101001
71,0.0,00110111100000101001,0.0,00110111000000011011
71,0.0,00110111000000011011,0.0,00110001000010111100
71,0.0,00110001000010111100,0.0,00011101000110111111
71,0.0,00011101000110111111,0.0,01010001000100111110
71,0.0,01010001000100111110,0.0,00011001001000111111
71,0.0,00011001001000111111,0.0,00010101011000101111
71,0.0,00010101011000101111,0.0,01010001011000001101
71,0.0,01010001011000001101,0.0,01010100011001001100
71,0.0,01010100011001001100,0.0,01011100001001101100
71,0.0,01011100001001101100,0.0,11010100000101101100
71,0.0,11010100000101101100,0.0,11010100100111101001
71,0.0,11010100100111101001,0.0,11111000100111100001
71,0.0,11111000100111100001,0.0,01110010100111000000
71,0.0,01110010100111000000,0.0,00110110100111100010
71,0.0,00110110100111100010,0.0,00110110100111100010
71,0.0,00110110100111100010,0.0,10110100110111100011
71,0.0,10110100110111100011,0.0,10110100010101100110
71,0.0,10110100010101100110,0.0,10010110010101100101
71,0.0,10010110010101100101,0.0,10010110100101100110
71,0.0,10010110100101100110,0.0,10010110100101100110
71,0.0,10010110100101100110,0.0,10010110100101100110
71,0.0,10010110100101100110,0.0,10100110100111100100
71,0.0,10100110100111100100,0.0,10100110100111100100
71,0.0,10100110100111100100,0.0,10100110100111100100
71,0.0,10100110100111100100,0.0,10100110100111100100
71,0.0,10100110100111100100,0.0,00001111100011101101
71,0.0,00001111100011101101,0.0,00001111101001100110
71,0.0,00001111101001100110,0.0,10001010111011100111
71,0.0,10001010111011100111,0.0,11001100011111100110
71,0.0,11001100011111100110,0.0,11000110011001100101
71,0.0,11000110011001100101,0.0,10001010011001101100
71,0.0,10001010011001101100,0.0,00101010001001101101
71,0.0,00101010001001101101,0.0,00000110111001101111
71,0.0,00000110111001101111,0.0,00001011110001011100
71,0.0,00001011110001011100,0.0,00101011010101001001
71,0.0,00101011010101001001,0.0,00101011010101001001
71,0.0,00101011010101001001,0.0,10100011010100011000
71,0.0,10100011010100011000,0.0,10100011000110011001
71,0.0,10100011000110011001,0.0,10100001000110111101
71,0.0,10100001000110111101,0.0,00100111000110111010
71,0.0,00100111000110111010,0.0,00100111100100111011
71,0.0,00100111100100111011,0.0,00100101100101111011
71,0.0,00100101100101111011,0.0,00110101100100111000
71,0.0,00110101100100111000,0.0,01111101100100001011
71,0.0,01111101100100001011,0.0,01111101100100001011
71,0.0,01111101100100001011,0.0,01111101100100001011
71,0.0,01111101100100001011,0.0,01110101100101000000
71,0.0,01110101100101000000,0.0,01110001100001000101
71,0.0,01110001100001000101,0.0,01011011000101100001
71,0.0,01011011000101100001,0.0,11011001100101100011
71,0.0,11011001100101100011,0.0,01011001101101000000
71,0.0,01011001101101000000,0.0,01011001101101000000
71,0.0,01011001101101000000,0.0,11010101100111000000
71,0.0,11010101100111000000,0.0,11010110100111000011
71,0.0,11010110100111000011,0.0,11010010100101000100
71,0.0,11010010100101000100,0.0,11011010100100001111
71,0.0,11011010100100001111,0.0,11011010100001101001
71,0.0,11011010100001101001,0.0,10010010100001101101
71,0.0,10010010100001101101,0.0,10010010000011101100
71,0.0,10010010000011101100,0.0,01011010000101001101
71,0.0,01011010000101001101,0.0,01010010000001011110
71,0.0,01010010000001011110,0.0,01011010010100011111
71,0.0,01011010010100011111,0.0,01011000010101011111
71,0.0,01011000010101011111,0.0,01110100000101011011
71,0.0,01110100000101011011,0.0,01110100000001011100
71,0.0,01110100000001011100,0.0,01110100000001011100
71,0.0,01110100000001011100,0.0,01110100000001011100
71,0.0,01110100000001011100,0.0,01100101000001011100
71,0.0,01100101000001011100,0.0,01100001000011101101
71,0.0,01100001000011101101,0.0,01101101110010101110
71,0.0,01101101110010101110,0.0,01100101110000111100
71,0.0,01100101110000111100,0.0,01101100111000111101
71,0.0,01101100111000111101,0.0,01101100111000111101
71,0.0,01101100111000111101,0.0,01001110101110111011
71,0.0,01001110101110111011,0.0,01001111001100101011
71,0.0,01001111001100101011,0.0,01001110001101011010
71,0.0,01001110001101011010,0.0,01000110011100011110
71,0.0,01000110011100011110,0.0,01010100001110011100
71,0.0,01010100001110011100,0.0,01011100000111011100
71,0.0,01011100000111011100,0.0,01011100000111011100
71,0.0,01011100000111011100,0.0,11111000000011010100
71,0.0,11111000000011010100,0.0,01111000001011000101
71,0.0,01111000001011000101,0.0,01110000000011101101
71,0.0,01110000000011101101,0.0,01100001000110111100
71,0.0,01100001000110111100,0.0,01100001010010111111
71,0.0,01100001010010111111,0.0,11000101000110111111
71,0.0,11000101000110111111,0.0,11010101000110010110
71,0.0,11010101000110010110,0.0,01010101010110110100
71,0.0,01010101010110110100,0.0,01010101010110110100
71,0.0,01010101010110110100,0.0,01010101010110110100
71,0.0,01010101010110110100,0.0,01110101010010100110
71,0.0,01110101010010100110,0.0,11000101011010110101
71,0.0,11000101011010110101,0.0,11011001011000110001
71,0.0,11011001011000110001,0.0,11010001001000011000
71,0.0,11010001001000011000,0.0,01010011001010010001
71,0.0,01010011001010010001,0.0,01011011000011010001
71,0.0,01011011000011010001,0.0,00010011110011010001
71,0.0,00010011110011010001,0.0,00110011110010010010
71,0.0,00110011110010010010,0.0,00110011000010011000
71,0.0,00110011000010011000,0.0,00011011001000011011
71,0.0,00011011001000011011,0.0,00010001001100011100
71,0.0,00010001001100011100,0.0,00110001001000001110
71,0.0,00110001001000001110,0.0,00110001001000001110
71,0.0,00110001001000001110,0.0,00110101011010000100
71,0.0,00110101011010000100,0.0,00100111111110000000
71,0.0,00100111111110000000,0.0,01100111110110100010
71,0.0,01100111110110100010,0.0,01100011010100101011
71,0.0,01100011010100101011,0.0,00100011000101101011
71,0.0,00100011000101101011,0.0,00100011000101101011
71,0.0,00100011000101101011,0.0,10100110010101101011
71,0.0,10100110010101101011,0.0,10100110010101101011
71,0.0,10100110010101101011,0.0,10100101010101101000
71,0.0,10100101010101101000,0.0,10100001001001101001
71,0.0,10100001001001101001,0.0,10100001001101010010
71,0.0,10100001001101010010,0.0,10110001001001000000
71,0.0,10110001001001000000,0.0,10110001001001000000
71,0.0,10110001001001000000,0.0,11111001001000100000
71,0.0,11111001001000100000,0.0,11101001001000001100
71,0.0,11101001001000001100,0.0,10101011101000000110
71,0.0,10101011101000000110,0.0,10101111001000001010
71,0.0,10101111001000001010,0.0,10101101101010101011
71,0.0,10101101101010101011,0.0,01101101101010101010
71,0.0,01101101101010101010,0.0,01110101101000100011
71,0.0,01110101101000100011,0.0,01111111100000100011
71,0.0,01111111100000100011,0.0,01111111000010100010
71,0.0,01111111000010100010,0.0,01010111100010100110
71,0.0,01010111100010100110,0.0,01010111100010101000
71,0.0,01010111100010101000,0.0,01011011001000001001
71,0.0,01011011001000001001,0.0,01011011001000001001
71,0.0,01011011001000001001,0.0,01011011001000001001
71,0.0,01011011001000001001,0.0,01011011001000001001
71,0.0,01011011001000001001,0.0,01011011001000001001
72,10.0,00111100011110100111,6.0,00101100011111010111
72,6.0,00101100011111010111,2.0,00100100111110011111
72,2.0,00100100111110011111,2.0,00100000011111001111
72,2.0,00100000011111001111,0.0,00000010011011011110
72,0.0,00000010011011011110,0.0,10000010011011001101
72,0.0,10000010011011001101,0.0,10111010100010001101
72,0.0,10111010100010001101,0.0,10110011000010000101
72,0.0,10110011000010000101,0.0,10110110000011000100
72,0.0,10110110000011000100,0.0,10010110010011010101
72,0.0,10010110010011010101,0.0,11011110010011010001
72,0.0,11011110010011010001,0.0,11001111010011010001
72,0.0,11001111010011010001,0.0,11100111010010000100
72,0.0,11100111010010000100,0.0,11110110010010000100
72,0.0,11110110010010000100,0.0,11100110010011000111
72,0.0,11100110010011000111,0.0,11101011010001000011
72,0.0,11101011010001000011,0.0,11000111010001001011
72,0.0,11000111010001001011,0.0,11101110010001101000
72,0.0,11101110010001101000,0.0,11100010010101110000
72,0.0,11100010010101110000,0.0,11100010010101110000
72,0.0,11100010010101110000,0.0,11100010010101110000
72,0.0,11100010010101110000,0.0,11001110110111110001
72,0.0,11001110110111110001,0.0,10100110110110111000
72,0.0,10100110110110111000,0.0,11101010110010111001
72,0.0,11101010110010111001,0.0,11101010110010111001
72,0.0,11101010110010111001,0.0,11100100010110111100
72,0.0,11100100010110111100,0.0,10100100110111111000
72,0.0,10100100110111111000,0.0,10100100110111111000
72,0.0,10100100110111111000,0.0,00101011010101110000
72,0.0,00101011010101110000,0.0,01001111010101110010
72,0.0,01001111010101110010,0.0,01000111011100110010
72,0.0,01000111011100110010,0.0,01000111011100110010
72,0.0,01000111011100110010,0.0,00010011010100111001
72,0.0,00010011010100111001,0.0,00110011010000101011
72,0.0,00110011010000101011,0.0,10110010010000101101
72,0.0,10110010010000101101,0.0,11111010010000101001
72,0.0,11111010010000101001,0.0,11101011010000101001
72,0.0,11101011010000101001,0.0,01101011010000111010
72,0.0,01101011010000111010,0.0,01100011010001001000
72,0.0,01100011010001001000,0.0,01100011010001001000
72,0.0,01100011010001001000,0.0,01100011010001000110
72,0.0,01100011010001000110,0.0,11100010010101000111
72,0.0,11100010010101000111,0.0,10110010010001000111
72,0.0,10110010010001000111,0.0,10110010000101000100
72,0.0,10110010000101000100,0.0,11110010000110000101
72,0.0,11110010000110000101,0.0,10110010100110100101
72,0.0,10110010100110100101,0.0,10100011110100100100
72,0.0,10100011110100100100,0.0,10100011110100100100
72,0.0,10100011110100100100,0.0,11101011000100100100
72,0.0,11101011000100100100,0.0,11011011000110100010
72,0.0,11011011000110100010,0.0,11011011000110100010
72,0.0,11011011000110100010,0.0,11010011000100110000
72,0.0,11010011000100110000,0.0,00010011001100110011
72,0.0,00010011001100110011,0.0,00010111001010110011
72,0.0,00010111001010110011,0.0,00010111001010110011
72,0.0,00010111001010110011,0.0,10000111001010110101
72,0.0,10000111001010110101,0.0,10100111101010100000
72,0.0,10100111101010100000,0.0,10100111001010010010
72,0.0,10100111001010010010,0.0,10100111001010010010
72,0.0,10100111001010010010,0.0,10100011101010010000
72,0.0,10100011101010010000,0.0,11100010101110010000
72,0.0,11100010101110010000,0.0,11100110101110100000
72,0.0,11100110101110100000,0.0,11100010101110010000
72,0.0,11100010101110010000,0.0,11100110101100010011
72,0.0,11100110101100010011,0.0,11100100111110110010
72,0.0,11100100111110110010,0.0,11101100110111110010
72,0.0,11101100110111110010,0.0,10011100110111010111
72,0.0,10011100110111010111,0.0,11001100101111010100
72,0.0,11001100101111010100,0.0,11100100101111100000
72,0.0,11100100101111100000,0.0,11100100101111100000
72,0.0,11100100101111100000,0.0,11100100101111100000
72,0.0,11100100101111100000,0.0,01101100111111100011
72,0.0,01101100111111100011,0.0,01100000111111000101
72,0.0,01100000111111000101,0.0,00010001011011000110
72,0.0,00010001011011000110,0.0,01011001011011000010
72,0.0,01011001011011000010,0.0,01011001111001000011
72,0.0,01011001111001000011,0.0,01011011111000000011
72,0.0,01011011111000000011,0.0,01111101111000000001
72,0.0,01111101111000000001,0.0,00111011011000000011
72,0.0,00111011011000000011,0.0,01110111010010000010
72,0.0,01110111010010000010,0.0,01110101010011000010
72,0.0,01110101010011000010,0.0,01111001000011010010
72,0.0,01111001000011010010,0.0,01100011000011110000
72,0.0,01100011000011110000,0.0,01101011100011100011
72,0.0,01101011100011100011,0.0,01101011100011100011
72,0.0,01101011100011100011,0.0,01101011000001100110
72,0.0,01101011000001100110,0.0,01111010000001100110
72,0.0,01111010000001100110,0.0,01110010010001000110
72,0.0,01110010010001000110,0.0,01011010010111000110
72,0.0,01011010010111000110,0.0,11010110000101000110
72,0.0,11010110000101000110,0.0,10001111100111000101
72,0.0,10001111100111000101,0.0,10100011110110010011
72,0.0,10100011110110010011,0.0,10100011110101000000
72,0.0,10100011110101000000,0.0,10100011110101000000
72,0.0,10100011110101000000,0.0,10101010111101000001
72,0.0,10101010111101000001,0.0,10100010111001010010
72,0.0,10100010111001010010,0.0,10100010111000111000
72,0.0,10100010111000111000,0.0,10101010101001110010
72,0.0,10101010101001110010,0.0,00100010011001110100
72,0.0,00100010011001110100,0.0,00100010011001110100
72,0.0,00100010011001110100,0.0,00100010011001110100
72,0.0,00100010011001110100,0.0,10100010111001010010
72,0.0,10100010111001010010,0.0,10111110100001010011
72,0.0,10111110100001010011,0.0,10111010100011010000
72,0.0,10111010100011010000,0.0,10101111100001010011
72,0.0,10101111100001010011,0.0,10100011001001000011
72,0.0,10100011001001000011,0.0,10110001001001000000
72,0.0,10110001001001000000,0.0,10110001001001000000
72,0.0,10110001001001000000,0.0,10110001001000100100
72,0.0,10110001001000100100,0.0,10110001001000100100
72,0.0,10110001001000100100,0.0,10011001101010010101
72,0.0,10011001101010010101,0.0,10011001101010010101
72,0.0,10011001101010010101,0.0,10011101111010010011
72,0.0,10011101111010010011,0.0,10011101111010010011
72,0.0,10011101111010010011,0.0,10011101111010010011
72,0.0,10011101111010010011,0.0,10011101111010010011
72,0.0,10011101111010010011,0.0,11011100111010010100
72,0.0,11011100111010010100,0.0,10011110101010010100
72,0.0,10011110101010010100,0.0,10011010011010010110
72,0.0,10011010011010010110,0.0,10010110010011010101
72,0.0,10010110010011010101,0.0,00010110110011110100
72,0.0,00010110110011110100,0.0,10010110010011010101
72,0.0,10010110010011010101,0.0,00010011010001010100
72,0.0,00010011010001010100,0.0,00010011010001010100
72,0.0,00010011010001010100,0.0,00011011000001001101
72,0.0,00011011000001001101,0.0,00010011001001010000
72,0.0,00010011001001010000,0.0,10010011101000010010
72,0.0,10010011101000010010,0.0,00010011001001010000
72,0.0,00010011001001010000,0.0,00010001001001110100
72,0.0,00010001001001110100,0.0,10010001011000110101
72,0.0,10010001011000110101,0.0,10011101011000010110
72,0.0,10011101011000010110,0.0,10000101111110010111
72,0.0,10000101111110010111,0.0,10000101111110010111
72,0.0,10000101111110010111,0.0,10100000111100011110
72,0.0,10100000111100011110,0.0,01001101111100001110
72,0.0,01001101111100001110,0.0,01011101111010010010
73,0.0,00110110100001011000,0.0,01011110001001001000
73,0.0,01011110001001001000,0.0,01011001001001001001
73,0.0,01011001001001001001,0.0,01011101000111001001
73,0.0,01011101000111001001,0.0,11010101100111000000
73,0.0,11010101100111000000,0.0,11010101100111000000
73,0.0,11010101100111000000,0.0,01011101000111000111
73,0.0,01011101000111000111,0.0,01111000000101001110
73,0.0,01111000000101001110,0.0,10111000000101001111
73,0.0,10111000000101001111,0.0,10101000100111011111
73,0.0,10101000100111011111,0.0,10111010100110110011
73,0.0,10111010100110110011,0.0,00110010100111010010
73,0.0,00110010100111010010,0.0,00110010001110110001
73,0.0,00110010001110110001,0.0,00110010001110110001
73,0.0,00110010001110110001,0.0,10110010001100010010
73,0.0,10110010001100010010,0.0,10110010001100010010
73,0.0,10110010001100010010,0.0,10110010001100010010
73,0.0,10110010001100010010,0.0,10110000001100111000
73,0.0,10110000001100111000,0.0,00111010001100101001
73,0.0,00111010001100101001,0.0,00110011000100101000
73,0.0,00110011000100101000,0.0,01010011010010101010
73,0.0,01010011010010101010,0.0,01010101010110001101
73,0.0,01010101010110001101,0.0,00010101110110101101
73,0.0,00010101110110101101,0.0,00010101111100100110
73,0.0,00010101111100100110,0.0,10011001101100100101
73,0.0,10011001101100100101,0.0,10010001111100000101
73,0.0,10010001111100000101,0.0,10010001011110000100
73,0.0,10010001011110000100,0.0,10000101111110010111
73,0.0,10000101111110010111,0.0,11000101111110000101
73,0.0,11000101111110000101,0.0,11101101011110000001
73,0.0,11101101011110000001,0.0,11111100011110000001
73,0.0,11111100011110000001,0.0,00110110111110000000
73,0.0,00110110111110000000,0.0,00111011001100000000
73,0.0,00111011001100000000,0.0,10100111001100100010
73,0.0,10100111001100100010,0.0,10100011001100010010
73,0.0,10100011001100010010,0.0,11110010001100000000
73,0.0,11110010001100000000,0.0,11111000001000001100
73,0.0,11111000001000001100,0.0,11011010000000111111
73,0.0,11011010000000111111,0.0,11011110000001101011
73,0.0,11011110000001101011,0.0,01010011000001001011
73,0.0,01010011000001001011,0.0,01010101100001011011
73,0.0,01010101100001011011,0.0,01011001100001001110
73,0.0,01011001100001001110,0.0,01011001100001001110
73,0.0,01011001100001001110,0.0,01101001100011001100
73,0.0,01101001100011001100,0.0,01101101100001001111
73,0.0,01101101100001001111,0.0,01111100100001001111
73,0.0,01111100100001001111,0.0,01110000100101010111
73,0.0,01110000100101010111,0.0,01110000100101010111
73,0.0,01110000100101010111,0.0,01110100100011010111
73,0.0,01110100100011010111,0.0,01110101000001000111
73,0.0,01110101000001000111,0.0,01111001010000001110
73,0.0,01111001010000001110,0.0,01111101001000000101
73,0.0,01111101001000000101,0.0,00110101011010000100
73,0.0,00110101011010000100,0.0,00100101011011000111
73,0.0,00100101011011000111,0.0,10101101000011001111
73,0.0,10101101000011001111,0.0,10101101000011001111
73,0.0,10101101000011001111,0.0,10101001100011001101
73,0.0,10101001100011001101,0.0,10101101100110101100
73,0.0,10101101100110101100,0.0,00100001100111111000
73,0.0,00100001100111111000,0.0,00100001100111111000
73,0.0,00100001100111111000,0.0,10101001000101111000
73,0.0,10101001000101111000,0.0,10100001000111011001
73,0.0,10100001000111011001,0.0,10100001000111011001
73,0.0,10100001000111011001,0.0,10110101000111000000
73,0.0,10110101000111000000,0.0,10010111100011000011
73,0.0,10010111100011000011,0.0,00010111110011100001
73,0.0,00010111110011100001,0.0,00110011100010100100
73,0.0,00110011100010100100,0.0,00110011100010100100
73,0.0,00110011100010100100,0.0,00110001110010110110
73,0.0,00110001110010110110,0.0,00111101100000011110
73,0.0,00111101100000011110,0.0,00011111100000011101
73,0.0,00011111100000011101,0.0,00110011100000011001
73,0.0,00110011100000011001,0.0,00111011100010001011
73,0.0,00111011100010001011,0.0,01011011001000001001
73,0.0,01011011001000001001,0.0,01011011001000001001
73,0.0,01011011001000001001,0.0,00010111001100001000
73,0.0,00010111001100001000,0.0,10011111001100000011
73,0.0,10011111001100000011,0.0,10011111001100000011
73,0.0,10011111001100000011,0.0,00010101001110011011
73,0.0,00010101001110011011,0.0,00010101001110011011
73,0.0,00010101001110011011,0.0,00010101011100011010
73,0.0,00010101011100011010,0.0,00011001011100110101
73,0.0,00011001011100110101,0.0,00011001001000111111
73,0.0,00011001001000111111,0.0,00011110001000111110
73,0.0,00011110001000111110,0.0,01011000001100111111
73,0.0,01011000001100111111,0.0,01011000001100111111
73,0.0,01011000001100111111,0.0,01001110001100111110
73,0.0,01001110001100111110,0.0,11010100010100111110
73,0.0,11010100010100111110,0.0,01110100000100111111
73,0.0,01110100000100111111,0.0,01110100000100111111
73,0.0,01110100000100111111,0.0,01110100110100111011
73,0.0,01110100110100111011,0.0,01110100110100111011
73,0.0,01110100110100111011,0.0,11010100110110111011
73,0.0,11010100110110111011,0.0,11010101110110010010
73,0.0,11010101110110010010,0.0,11010101110110010010
73,0.0,11010101110110010010,0.0,11011101010110110001
73,0.0,11011101010110110001,0.0,10011101000111110001
73,0.0,10011101000111110001,0.0,10010101100111010010
73,0.0,10010101100111010010,0.0,10110101000111000000
73,0.0,10110101000111000000,0.0,10100101000111101001
73,0.0,10100101000111101001,0.0,11100101100110101010
73,0.0,11100101100110101010,0.0,11100101100110101010
73,0.0,11100101100110101010,0.0,11101110000110001111
73,0.0,11101110000110001111,0.0,11100110000100011101
73,0.0,11100110000100011101,0.0,11100110010110011000
73,0.0,11100110010110011000,0.0,11101110110110001011
73,0.0,11101110110110001011,0.0,11101110110110001011
73,0.0,11101110110110001011,0.0,01101010111110010011
73,0.0,01101010111110010011,0.0,01000110111110011011
73,0.0,01000110111110011011,0.0,01100110101110001010
73,0.0,01100110101110001010,0.0,01101110111110100011
73,0.0,01101110111110100011,0.0,00101101111110110010
73,0.0,00101101111110110010,0.0,00101001111010111001
73,0.0,00101001111010111001,0.0,00101101011010111011
73,0.0,00101101011010111011,0.0,00000101111010111111
73,0.0,00000101111010111111,0.0,00010001111000101101
73,0.0,00010001111000101101,0.0,01011001001000101101
73,0.0,01011001001000101101,0.0,01011101101010100100
73,0.0,01011101101010100100,0.0,00010101101011000100
73,0.0,00010101101011000100,0.0,00010000101011011101
73,0.0,00010000101011011101,0.0,00010000101011011101
73,0.0,00010000101011011101,0.0,00010100101111010110
73,0.0,00010100101111010110,0.0,00010010001111000110
73,0.0,00010010001111000110,0.0,00010010001111000110
73,0.0,00010010001111000110,0.0,00111010001001000100
73,0.0,00111010001001000100,0.0,01110010001001000010
73,0.0,01110010001001000010,0.0,01111110100001010010
73,0.0,01111110100001010010,0.0,00111110110001110001
73,0.0,00111110110001110001,0.0,10111100110011110010
73,0.0,10111100110011110010,0.0,10100100110111111000
73,0.0,10100100110111111000,0.0,10100100110111110110
73,0.0,10100100110111110110,0.0,10100100110111110110
73,0.0,10100100110111110110,0.0,10100100110111111000
73,0.0,10100100110111111000,0.0,00101110110111101001
73,0.0,00101110110111101001,0.0,00101110110111101001
73,0.0,00101110110111101001,0.0,10111100110011001011
73,0.0,10111100110011001011,0.0,10111100100111001000
73,0.0,10111100100111001000,0.0,10111001100110001001
73,0.0,10111001100110001001,0.0,10110101000111000000
73,0.0,10110101000111000000,0.0,10111101000110001011
73,0.0,10111101000110001011,0.0,10110101100010101010
73,0.0,10110101100010101010,0.0,11110001100010001000
73,0.0,11110001100010001000,0.0,00111001100011001011
73,0.0,00111001100011001011,0.0,00110001110011010010
73,0.0,00110001110011010010,0.0,10110001110110010000
73,0.0,10110001110110010000,0.0,10110001110110010000
73,0.0,10110001110110010000,0.0,11101101011110000001
73,0.0,11101101011110000001,0.0,01000001011111001000
74,4.0,01100010001001010110,2.0,00100010001001101110
74,2.0,00100010001001101110,2.0,00000010001011111111
74,2.0,00000010001011111111,0.0,01001010001011101100
74,0.0,01001010001011101100,0.0,01011110101010101001
74,0.0,01011110101010101001,0.0,01010111001010100001
74,0.0,01010111001010100001,0.0,01011011001000001001
74,0.0,01011011001000001001,0.0,01011110001001001000
74,0.0,01011110001001001000,0.0,00010110001101001011
74,0.0,00010110001101001011,0.0,11010110000101001000
74,0.0,11010110000101001000,0.0,01011110010101001011
74,0.0,01011110010101001011,0.0,01011110010101001011
74,0.0,01011110010101001011,0.0,01011110110011001001
74,0.0,01011110110011001001,0.0,01001111110011001001
74,0.0,01001111110011001001,0.0,01001111110011001001
74,0.0,01001111110011001001,0.0,10000111100011011000
74,0.0,10000111100011011000,0.0,10000111100011011000
74,0.0,10000111100011011000,0.0,10000111100011011000
74,0.0,10000111100011011000,0.0,00001111110011011011
74,0.0,00001111110011011011,0.0,00011111010001001011
74,0.0,00011111010001001011,0.0,00100111010001101010
74,0.0,00100111010001101010,0.0,00101110011001101011
74,0.0,00101110011001101011,0.0,00100010011101110011
74,0.0,00100010011101110011,0.0,00101110111101100010
74,0.0,00101110111101100010,0.0,00101110011001101011
74,0.0,00101110011001101011,0.0,01001110001001101111
74,0.0,01001110001001101111,0.0,01001110011011101010
74,0.0,01001110011011101010,0.0,01001110011011101010
74,0.0,01001110011011101010,0.0,01001010011101101010
74,0.0,01001010011101101010,0.0,01000100011101011110
74,0.0,01000100011101011110,0.0,01000100011101011110
74,0.0,01000100011101011110,0.0,00000110001101011110
74,0.0,00000110001101011110,0.0,10001110001101011011
74,0.0,10001110001101011011,0.0,11001110001101110000
74,0.0,11001110001101110000,0.0,01000010001101111001
74,0.0,01000010001101111001,0.0,01001010001001011111
74,0.0,01001010001001011111,0.0,01001010101100111100
74,0.0,01001010101100111100,0.0,01000100111110111111
74,0.0,01000100111110111111,0.0,01000110001110011111
74,0.0,01000110001110011111,0.0,01001110000111011111
74,0.0,01001110000111011111,0.0,01001110000111011111
74,0.0,01001110000111011111,0.0,01101010010110011101
74,0.0,01101010010110011101,0.0,01101000010111011101
74,0.0,01101000010111011101,0.0,01100000010101111110
74,0.0,01100000010101111110,0.0,01100000001101111010
74,0.0,01100000001101111010,0.0,01100000001101111010
74,0.0,01100000001101111010,0.0,01100000001101111010
74,0.0,01100000001101111010,0.0,01101100011110111011
74,0.0,01101100011110111011,0.0,01110100010110111010
74,0.0,01110100010110111010,0.0,11110100010110101001
74,0.0,11110100010110101001,0.0,11111100000111100011
74,0.0,11111100000111100011,0.0,11111100010101100010
74,0.0,11111100010101100010,0.0,11110000011100010010
74,0.0,11110000011100010010,0.0,11110000011100010010
74,0.0,11110000011100010010,0.0,01111001011100000000
74,0.0,01111001011100000000,0.0,01111001001110000001
74,0.0,01111001001110000001,0.0,00111001001110010011
74,0.0,00111001001110010011,0.0,00110101011110000011
74,0.0,00110101011110000011,0.0,00111011011000000011
74,0.0,00111011011000000011,0.0,00111011011000000011
74,0.0,00111011011000000011,0.0,00111011011000000011
74,0.0,00111011011000000011,0.0,00111011011000000011
74,0.0,00111011011000000011,0.0,00111011011000000011
74,0.0,00111011011000000011,0.0,01110010111000100010
74,0.0,01110010111000100010,0.0,01110010001000100110
74,0.0,01110010001000100110,0.0,01110010001000100110
74,0.0,01110010001000100110,0.0,01110100101000110110
74,0.0,01110100101000110110,0.0,01111001100000110111
74,0.0,01111001100000110111,0.0,01111001100000110111
74,0.0,01111001100000110111,0.0,00110001100001010111
74,0.0,00110001100001010111,0.0,00110001100001010111
74,0.0,00110001100001010111,0.0,11010001100011000101
74,0.0,11010001100011000101,0.0,11011001100010110111
74,0.0,11011001100010110111,0.0,11011111100010100011
74,0.0,11011111100010100011,0.0,11011101100011100011
74,0.0,11011101100011100011,0.0,11000101100111100111
74,0.0,11000101100111100111,0.0,11000101100111100111
74,0.0,11000101100111100111,0.0,00011101100111100111
74,0.0,00011101100111100111,0.0,00010101101011000100
74,0.0,00010101101011000100,0.0,00011101101010001111
74,0.0,00011101101010001111,0.0,00011101101010001111
74,0.0,00011101101010001111,0.0,00110101000110001110
74,0.0,00110101000110001110,0.0,10100101101110001000
74,0.0,10100101101110001000,0.0,10101011101000001000
74,0.0,10101011101000001000,0.0,10101011101000001000
74,0.0,10101011101000001000,0.0,10111010101000001000
74,0.0,10111010101000001000,0.0,10111010101000001000
74,0.0,10111010101000001000,0.0,10110011001000000000
74,0.0,10110011001000000000,0.0,10110011001000000000
74,0.0,10110011001000000000,0.0,10111011000001000000
74,0.0,10111011000001000000,0.0,00110111100001000011
74,0.0,00110111100001000011,0.0,00110111000011000010
74,0.0,00110111000011000010,0.0,00110111000011000010
74,0.0,00110111000011000010,0.0,00111110001011000011
74,0.0,00111110001011000011,0.0,00111110001011000011
74,0.0,00111110001011000011,0.0,00110111000011000010
74,0.0,00110111000011000010,0.0,00110001000011011000
74,0.0,00110001000011011000,0.0,00110001000011011000
74,0.0,00110001000011011000,0.0,00111000001011011001
74,0.0,00111000001011011001,0.0,00111010001010011001
74,0.0,00111010001010011001,0.0,01011010101010011001
74,0.0,01011010101010011001,0.0,01010011100010011000
74,0.0,01010011100010011000,0.0,01010011100010011000
74,0.0,01010011100010011000,0.0,10010011100010011001
74,0.0,10010011100010011001,0.0,10010011100010011001
74,0.0,10010011100010011001,0.0,00010111000110001101
74,0.0,00010111000110001101,0.0,00010111010100001100
74,0.0,00010111010100001100,0.0,10011010010110101101
74,0.0,10011010010110101101,0.0,10110101010010101001
74,0.0,10110101010010101001,0.0,11010101000010101101
74,0.0,11010101000010101101,0.0,11011001010010001110
74,0.0,11011001010010001110,0.0,10011001110010101110
74,0.0,10011001110010101110,0.0,10001101110110111101
74,0.0,10001101110110111101,0.0,10001101110110111101
74,0.0,10001101110110111101,0.0,10010001100010111101
74,0.0,10010001100010111101,0.0,10010010100100111100
74,0.0,10010010100100111100,0.0,10110010010100011000
74,0.0,10110010010100011000,0.0,00111000011100111011
74,0.0,00111000011100111011,0.0,00110000011100101101
74,0.0,00110000011100101101,0.0,10100000111100011110
74,0.0,10100000111100011110,0.0,10101001011100010100
74,0.0,10101001011100010100,0.0,10011001001100010111
74,0.0,10011001001100010111,0.0,01011001001100010110
74,0.0,01011001001100010110,0.0,01011011001000000111
74,0.0,01011011001000000111,0.0,01011110001001000110
74,0.0,01011110001001000110,0.0,01001111001001000110
74,0.0,01001111001001000110,0.0,01001111001001000110
74,0.0,01001111001001000110,0.0,10001111001001000111
74,0.0,10001111001001000111,0.0,10010111000001000110
74,0.0,10010111000001000110,0.0,10000111100011010110
74,0.0,10000111100011010110,0.0,00011111100011000100
74,0.0,00011111100011000100,0.0,00011111100011000100
74,0.0,00011111100011000100,0.0,00011111100111000011
74,0.0,00011111100111000011,0.0,00011111100111000011
74,0.0,00011111100111000011,0.0,00011111100111000011
74,0.0,00011111100111000011,0.0,00010111000111010000
74,0.0,00010111000111010000,0.0,00010011001001010000
74,0.0,00010011001001010000,0.0,00010011001001010000
74,0.0,00010011001001010000,0.0,10011010001111000011
74,0.0,10011010001111000011,0.0,10110010001001000011
74,0.0,10110010001001000011,0.0,10110010001001000011
74,0.0,10110010001001000011,0.0,10100010111001010010
74,0.0,10100010111001010010,0.0,10011110111001000011
75,8.0,11111100000001101011,8.0,11111110000000101011
75,8.0,11111110000000101011,0.0,01111110010000110101
75,0.0,01111110010000110101,0.0,01111110010000110101
75,0.0,01111110010000110101,0.0,01101110010110101101
75,0.0,01101110010110101101,0.0,11100110010010101101
75,0.0,11100110010010101101,0.0,11100110011000100110
75,0.0,11100110011000100110,0.0,11100100011001100110
75,0.0,11100100011001100110,0.0,11100100011001100110
75,0.0,11100100011001100110,0.0,11000110011001100101
75,0.0,11000110011001100101,0.0,01010000011001110111
75,0.0,01010000011001110111,0.0,01010000011001110111
75,0.0,01010000011001110111,0.0,11001000111111100100
75,0.0,11001000111111100100,0.0,11001000111111100100
75,0.0,11001000111111100100,0.0,11001000111111100100
75,0.0,11001000111111100100,0.0,11001000111111100100
75,0.0,11001000111111100100,0.0,01100000111111000101
75,0.0,01100000111111000101,0.0,01111000111011000001
75,0.0,01111000111011000001,0.0,11111100110011100000
75,0.0,11111100110011100000,0.0,11110100111010100000
75,0.0,11110100111010100000,0.0,10110110101010100000
75,0.0,10110110101010100000,0.0,00111110111010100011
75,0.0,00111110111010100011,0.0,01101110111010100100
75,0.0,01101110111010100100,0.0,01101110111010100100
75,0.0,01101110111010100100,0.0,01101010111010010100
75,0.0,01101010111010010100,0.0,01101010011100010110
75,0.0,01101010011100010110,0.0,10101010011100010111
75,0.0,10101010011100010111,0.0,10101010011100010111
75,0.0,10101010011100010111,0.0,10100010010100111111
75,0.0,10100010010100111111,0.0,11000010110100111111
75,0.0,11000010110100111111,0.0,10010010110000111111
75,0.0,10010010110000111111,0.0,10010110100010111100
75,0.0,10010110100010111100,0.0,10000111100010111100
75,0.0,10000111100010111100,0.0,11001111100010111000
75,0.0,11001111100010111000,0.0,11001011100100111000
75,0.0,11001011100100111000,0.0,10010011100100101001
75,0.0,10010011100100101001,0.0,10011010001110101001
75,0.0,10011010001110101001,0.0,10101110101100101010
75,0.0,10101110101100101010,0.0,10100011101100100000
75,0.0,10100011101100100000,0.0,10101110011100100111
75,0.0,10101110011100100111,0.0,10101010011110100100
75,0.0,10101010011110100100,0.0,10101010001101000101
75,0.0,10101010001101000101,0.0,10101010001101000101
75,0.0,10101010001101000101,0.0,10101010001101000101
75,0.0,10101010001101000101,0.0,10101010001101000101
75,0.0,10101010001101000101,0.0,10100010001001011000
75,0.0,10100010001001011000,0.0,10100010001001011000
75,0.0,10100010001001011000,0.0,10001010101101011001
75,0.0,10001010101101011001,0.0,10001000111111111000
75,0.0,10001000111111111000,0.0,10100100110111111000
75,0.0,10100100110111111000,0.0,11101000110011111001
75,0.0,11101000110011111001,0.0,11101100010011111011
75,0.0,11101100010011111011,0.0,11101100000111111000
75,0.0,11101100000111111000,0.0,11101100000111001111
75,0.0,11101100000111001111,0.0,10101100100111101111
75,0.0,10101100100111101111,0.0,10101110100110101111
75,0.0,10101110100110101111,0.0,10101110100110101111
75,0.0,10101110100110101111,0.0,11111100110110000110
75,0.0,11111100110110000110,0.0,01110100111100000101
75,0.0,01110100111100000101,0.0,11010100111110000101
75,0.0,11010100111110000101,0.0,11011100101110100101
75,0.0,11011100101110100101,0.0,11010101100110100100
75,0.0,11010101100110100100,0.0,11001101101110100101
75,0.0,11001101101110100101,0.0,11010101101010100011
75,0.0,11010101101010100011,0.0,01011101101110100011
75,0.0,01011101101110100011,0.0,01011101101110100011
75,0.0,01011101101110100011,0.0,01011101101110100011
75,0.0,01011101101110100011,0.0,01011101101110100011
75,0.0,01011101101110100011,0.0,01011101101110100011
75,0.0,01011101101110100011,0.0,01010101001110110000
75,0.0,01010101001110110000,0.0,01011100011110110101
75,0.0,01011100011110110101,0.0,01010101010110110100
75,0.0,01010101010110110100,0.0,01011101010100101100
75,0.0,01011101010100101100,0.0,01011100010101101111
75,0.0,01011100010101101111,0.0,01001100110111111111
75,0.0,01001100110111111111,0.0,01001110110011011100
75,0.0,01001110110011011100,0.0,00010110110011110100
75,0.0,00010110110011110100,0.0,00010110110011110100
75,0.0,00010110110011110100,0.0,00000111110011110100
75,0.0,00000111110011110100,0.0,00000111101011110000
75,0.0,00000111101011110000,0.0,00101111111010100011
75,0.0,00101111111010100011,0.0,00111110111010100011
75,0.0,00111110111010100011,0.0,00111110111010100011
75,0.0,00111110111010100011,0.0,00111110111010100011
75,0.0,00111110111010100011,0.0,00111110001010100111
75,0.0,00111110001010100111,0.0,01010110111010000111
75,0.0,01010110111010000111,0.0,01011010110101000111
75,0.0,01011010110101000111,0.0,11010110110100100110
75,0.0,11010110110100100110,0.0,11010100110101100110
75,0.0,11010100110101100110,0.0,11010100110101100110
75,0.0,11010100110101100110,0.0,11011000100101110110
75,0.0,11011000100101110110,0.0,01011100110111010110
75,0.0,01011100110111010110,0.0,01011100110111010110
75,0.0,01011100110111010110,0.0,11010000110101010110
75,0.0,11010000110101010110,0.0,11001000111101010111
75,0.0,11001000111101010111,0.0,10000000111101011101
75,0.0,10000000111101011101,0.0,10000001110001111111
75,0.0,10000001110001111111,0.0,10010001110001010110
75,0.0,10010001110001010110,0.0,00011001010001011111
75,0.0,00011001010001011111,0.0,00011011010000011111
75,0.0,00011011010000011111,0.0,00011001010001011111
75,0.0,00011001010001011111,0.0,00011101010001101111
75,0.0,00011101010001101111,0.0,00011001110001101101
75,0.0,00011001110001101101,0.0,00011001110001101101
75,0.0,00011001110001101101,0.0,00110001100011100100
75,0.0,00110001100011100100,0.0,00110001100011100100
75,0.0,00110001100011100100,0.0,00110000100111110110
75,0.0,00110000100111110110,0.0,00111000100011011110
75,0.0,00111000100011011110,0.0,00111001100011001011
75,0.0,00111001100011001011,0.0,00111001100011001011
75,0.0,00111001100011001011,0.0,00101101100011101110
75,0.0,00101101100011101110,0.0,00100101101010101110
75,0.0,00100101101010101110,0.0,00100001101100101110
75,0.0,00100001101100101110,0.0,00100001101100101110
75,0.0,00100001101100101110,0.0,10100001001100001111
75,0.0,10100001001100001111,0.0,11000001101100001111
75,0.0,11000001101100001111,0.0,11100000101110001101
75,0.0,11100000101110001101,0.0,11101010100110001101
75,0.0,11101010100110001101,0.0,11110010000110000101
75,0.0,11110010000110000101,0.0,11111000000111010011
75,0.0,11111000000111010011,0.0,11111000000111010011
75,0.0,11111000000111010011,0.0,11111110000110100011
75,0.0,11111110000110100011,0.0,10110010000110010111
75,0.0,10110010000110010111,0.0,10110010010100010110
75,0.0,10110010010100010110,0.0,11110010010100000100
75,0.0,11110010010100000100,0.0,11111110010100100010
75,0.0,11111110010100100010,0.0,11111110010100100010
75,0.0,11111110010100100010,0.0,11111010010100010010
75,0.0,11111010010100010010,0.0,01111010010110110001
75,0.0,01111010010110110001,0.0,01011110110110010110
75,0.0,01011110110110010110,0.0,01011110110011000111
75,0.0,01011110110011000111,0.0,01011110110011000111
75,0.0,01011110110011000111,0.0,00010110111001000110
75,0.0,00010110111001000110,0.0,00010110111001000110
75,0.0,00010110111001000110,0.0,00010110001001001100
75,0.0,00010110001001001100,0.0,10011110001001001001
75,0.0,10011110001001001001,0.0,10001110001101011011
75,0.0,10001110001101011011,0.0,10001010101101011001
75,0.0,10001010101101011001,0.0,10001110001101011011
75,0.0,10001110001101011011,0.0,10010011101000010010
75,0.0,10010011101000010010,0.0,00011011101001000011
75,0.0,00011011101001000011,0.0,00011011101100010010
76,4.0,10101110100001111011,2.0,00100110101001011010
76,2.0,00100110101001011010,2.0,00111010100001011011
76,2.0,00111010100001011011,2.0,00111010100001011011
76,2.0,00111010100001011011,0.0,10111010100011010000
76,0.0,10111010100011010000,0.0,10110000101011010000
76,0.0,10110000101011010000,0.0,10111000111110010001
76,0.0,10111000111110010001,0.0,10111001011100000001
76,0.0,10111001011100000001,0.0,10111001011100000001
76,0.0,10111001011100000001,0.0,00111011011000000011
76,0.0,00111011011000000011,0.0,00110010011100001001
76,0.0,00110010011100001001,0.0,00110010011100001001
76,0.0,00110010011100001001,0.0,00010011011010001000
76,0.0,00010011011010001000,0.0,00010011011010001000
76,0.0,00010011011010001000,0.0,10011111111000000000
76,0.0,10011111111000000000,0.0,00111111101000000001
76,0.0,00111111101000000001,0.0,00010011101100000100
76,0.0,00010011101100000100,0.0,00110001001110000101
76,0.0,00110001001110000101,0.0,00110001011100000100
76,0.0,00110001011100000100,0.0,00110001011100000100
76,0.0,00110001011100000100,0.0,01110000001100001110
76,0.0,01110000001100001110,0.0,01110000001100001110
76,0.0,01110000001100001110,0.0,00110000101100101110
76,0.0,00110000101100101110,0.0,01011000001100111111
76,0.0,01011000001100111111,0.0,01011000001100111111
76,0.0,01011000001100111111,0.0,01010100001110011100
76,0.0,01010100001110011100,0.0,11011100100110011110
76,0.0,11011100100110011110,0.0,11010101110110010010
76,0.0,11010101110110010010,0.0,11111100110001010011
76,0.0,11111100110001010011,0.0,11010100110011010110
76,0.0,11010100110011010110,0.0,11001100111011010111
76,0.0,11001100111011010111,0.0,11001100111011010111
76,0.0,11001100111011010111,0.0,11000101110011010110
76,0.0,11000101110011010110,0.0,11000101110011010110
76,0.0,11000101110011010110,0.0,11000101110011010110
76,0.0,11000101110011010110,0.0,11000101110010111100
76,0.0,11000101110010111100,0.0,11000101110010111100
76,0.0,11000101110010111100,0.0,01010101000010111110
76,0.0,01010101000010111110,0.0,01011011000010110101
76,0.0,01011011000010110101,0.0,00010111000011100101
76,0.0,00010111000011100101,0.0,00011111000011110011
76,0.0,00011111000011110011,0.0,00010111001001100000
76,0.0,00010111001001100000,0.0,00010111001001100000
76,0.0,00010111001001100000,0.0,00010111001001100000
76,0.0,00010111001001100000,0.0,00010111001001100000
76,0.0,00010111001001100000,0.0,00010111001001100000
76,0.0,00010111001001100000,0.0,01011001001001110000
76,0.0,01011001001001110000,0.0,11011001100010111001
76,0.0,11011001100010111001,0.0,11011101000010111011
76,0.0,11011101000010111011,0.0,11011101000010111011
76,0.0,11011101000010111011,0.0,10111111000010100011
76,0.0,10111111000010100011,0.0,10111101000110001011
76,0.0,10111101000110001011,0.0,10111101000110001011
76,0.0,10111101000110001011,0.0,10111101000110001011
76,0.0,10111101000110001011,0.0,01111101000110001010
76,0.0,01111101000110001010,0.0,00110101110110001010
76,0.0,00110101110110001010,0.0,00110001111110000001
76,0.0,00110001111110000001,0.0,10110001101010100001
76,0.0,10110001101010100001,0.0,10110001101010100001
76,0.0,10110001101010100001,0.0,11100001101110100001
76,0.0,11100001101110100001,0.0,11101100101110101011
76,0.0,11101100101110101011,0.0,11101100101110101011
76,0.0,11101100101110101011,0.0,11101100101110101011
76,0.0,11101100101110101011,0.0,11100100110100111101
76,0.0,11100100110100111101,0.0,11100100110100111101
76,0.0,11100100110100111101,0.0,11100100110100111101
76,0.0,11100100110100111101,0.0,11000001110100111100
76,0.0,11000001110100111100,0.0,11100001110000101110
76,0.0,11100001110000101110,0.0,11000001110100111100
76,0.0,11000001110100111100,0.0,11001001100101111000
76,0.0,11001001100101111000,0.0,11001100111101101001
76,0.0,11001100111101101001,0.0,11001100111101101001
76,0.0,11001100111101101001,0.0,11001100111101101001
76,0.0,11001100111101101001,0.0,11001000111100111101
76,0.0,11001000111100111101,0.0,11001000111100111101
76,0.0,11001000111100111101,0.0,11001100011100111111
76,0.0,11001100011100111111,0.0,11001110001100101101
76,0.0,11001110001100101101,0.0,11100001001100100100
76,0.0,11100001001100100100,0.0,11110000001100100100
76,0.0,11110000001100100100,0.0,11111000000101100100
76,0.0,11111000000101100100,0.0,11111000000101100100
76,0.0,11111000000101100100,0.0,10110100000111100111
76,0.0,10110100000111100111,0.0,10111101000011100011
76,0.0,10111101000011100011,0.0,10111101000011100011
76,0.0,10111101000011100011,0.0,10111101010001100010
76,0.0,10111101010001100010,0.0,11110101010000110001
76,0.0,11110101010000110001,0.0,01111101100100110010
76,0.0,01111101100100110010,0.0,00110101100100110110
76,0.0,00110101100100110110,0.0,00110101100100111000
76,0.0,00110101100100111000,0.0,00111100010110111100
76,0.0,00111100010110111100,0.0,00010110110110011100
76,0.0,00010110110110011100,0.0,01011110110110010110
76,0.0,01011110110110010110,0.0,00010110110110011100
76,0.0,00010110110110011100,0.0,10110010010100010110
76,0.0,10110010010100010110,0.0,10101010011100010111
76,0.0,10101010011100010111,0.0,10101001011100010100
76,0.0,10101001011100010100,0.0,11100101110100010100
76,0.0,11100101110100010100,0.0,11001001111100010100
76,0.0,11001001111100010100,0.0,11001000011111010110
76,0.0,11001000011111010110,0.0,10011000011011010110
76,0.0,10011000011011010110,0.0,11001010011011000111
76,0.0,11001010011011000111,0.0,11001010011011000111
76,0.0,11001010011011000111,0.0,01001011111000010110
76,0.0,01001011111000010110,0.0,01001001111001010110
76,0.0,01001001111001010110,0.0,01011000111001010110
76,0.0,01011000111001010110,0.0,01011010111000010110
76,0.0,01011010111000010110,0.0,01011110110110010110
76,0.0,01011110110110010110,0.0,01011100110111010110
76,0.0,01011100110111010110,0.0,01011100110111010110
76,0.0,01011100110111010110,0.0,01011100010011011111
76,0.0,01011100010011011111,0.0,01010100011010011111
76,0.0,01010100011010011111,0.0,01111000011010010111
76,0.0,01111000011010010111,0.0,01100000011110011101
76,0.0,01100000011110011101,0.0,01101101010100011101
76,0.0,01101101010100011101,0.0,01101101010100011101
76,0.0,01101101010100011101,0.0,01100000011110011101
76,0.0,01100000011110011101,0.0,01100000011110011101
76,0.0,01100000011110011101,0.0,01100000011110011101
76,0.0,01100000011110011101,0.0,01101000001110111101
76,0.0,01101000001110111101,0.0,01101000001110111101
76,0.0,01101000001110111101,0.0,01101001001110010100
76,0.0,01101001001110010100,0.0,01101001111110010000
76,0.0,01101001111110010000,0.0,01101101111110100000
76,0.0,01101101111110100000,0.0,01101101111100010011
76,0.0,01101101111100010011,0.0,01000111011100110010
76,0.0,01000111011100110010,0.0,11000110111110110001
76,0.0,11000110111110110001,0.0,11101110110110110010
76,0.0,11101110110110110010,0.0,11101110110110110010
76,0.0,11101110110110110010,0.0,11101110110110110010
76,0.0,11101110110110110010,0.0,11101001110110110011
76,0.0,11101001110110110011,0.0,11111000110110110011
76,0.0,11111000110110110011,0.0,11100100111110110010
76,0.0,11100100111110110010,0.0,11100100001110001111
76,0.0,11100100001110001111,0.0,10100110101110001011
76,0.0,10100110101110001011,0.0,10100110001100001110
76,0.0,10100110001100001110,0.0,10101110101100101010
76,0.0,10101110101100101010,0.0,10101110101100101010
76,0.0,10101110101100101010,0.0,11101100111100101010
76,0.0,11101100111100101010,0.0,11100100011100001110
76,0.0,11100100011100001110,0.0,11100100011100001110
76,0.0,11100100011100001110,0.0,11101100001100101110
76,0.0,11101100001100101110,0.0,11101001001000001100
76,0.0,11101001001000001100,0.0,11001001011000011101
76,0.0,11001001011000011101,0.0,11001000111100111101
76,0.0,11001000111100111101,0.0,01001110001100111110
76,0.0,01001110001100111110,0.0,01000010100101111110
76,0.0,01000010100101111110,0.0,01100010000101101100
76,0.0,01100010000101101100,0.0,01100010000101101100
76,0.0,01100010000101101100,0.0,01100010100111101001
76,0.0,01100010100111101001,0.0,01001110100111101101
76,0.0,01001110100111101101,0.0,11000010100101101101
76,0.0,11000010100101101101,0.0,11000110100011101101
76,0.0,11000110100011101101,0.0,01100110100001101101
76,0.0,01100110100001101101,0.0,01100110100101010110
76,0.0,01100110100101010110,0.0,01100110100101010110
76,0.0,01100110100101010110,0.0,01101010100110011110
76,0.0,01101010100110011110,0.0,01101010010110011101
76,0.0,01101010010110011101,0.0,01100010110010111100
76,0.0,01100010110010111100,0.0,01100010110110111011
76,0.0,01100010110110111011,0.0,01101110111110100011
76,0.0,01101110111110100011,0.0,01110110110110100010
76,0.0,01110110110110100010,0.0,00111110111010100011
76,0.0,00111110111010100011,0.0,00111110111010100011
76,0.0,00111110111010100011,0.0,01010110111010110000
76,0.0,01010110111010110000,0.0,01101110011010010110
76,0.0,01101110011010010110,0.0,01101110011010010110
76,0.0,01101110011010010110,0.0,11001110111010010111
76,0.0,11001110111010010111,0.0,11001110111010010111
76,0.0,11001110111010010111,0.0,11001110111010010111
77,0.0,11010000000101011100,0.0,11011000100101001111
77,0.0,11011000100101001111,0.0,11010000101100001111
77,0.0,11010000101100001111,0.0,11010000111110001010
77,0.0,11010000111110001010,0.0,11010000101100001111
77,0.0,11010000101100001111,0.0,11011000100101001111
77,0.0,11011000100101001111,0.0,11000100101101001110
77,0.0,11000100101101001110,0.0,11001100001101101101
77,0.0,11001100001101101101,0.0,10011100001001101101
77,0.0,10011100001001101101,0.0,10001100001101111111
77,0.0,10001100001101111111,0.0,00110100001100011101
77,0.0,00110100001100011101,0.0,00110001001110000101
77,0.0,00110001001110000101,0.0,00110001001110000101
77,0.0,00110001001110000101,0.0,10111100001110100101
77,0.0,10111100001110100101,0.0,10110101000110100100
77,0.0,10110101000110100100,0.0,10110001101010100001
77,0.0,10110001101010100001,0.0,10110101001010100011
77,0.0,10110101001010100011,0.0,10110101001010100011
77,0.0,10110101001010100011,0.0,10110101000110100100
77,0.0,10110101000110100100,0.0,10111101000110001011
77,0.0,10111101000110001011,0.0,00110101000011101000
77,0.0,00110101000011101000,0.0,00110101000001011011
77,0.0,00110101000001011011,0.0,00110111000000011011
77,0.0,00110111000000011011,0.0,00110011100000011001
77,0.0,00110011100000011001,0.0,00110001000011011000
77,0.0,00110001000011011000,0.0,00100011000011011011
77,0.0,00100011000011011011,0.0,00100101000111111010
77,0.0,00100101000111111010,0.0,00100101000111111010
77,0.0,00100101000111111010,0.0,00100101000111111010
77,0.0,00100101000111111010,0.0,00100111000011101011
77,0.0,00100111000011101011,0.0,00100011100011101001
77,0.0,00100011100011101001,0.0,00001011001011101011
77,0.0,00001011001011101011,0.0,00011001001011101000
77,0.0,00011001001011101000,0.0,00011001001011101000
77,0.0,00011001001011101000,0.0,00011001001011101000
77,0.0,00011001001011101000,0.0,01010101100011101000
77,0.0,01010101100011101000,0.0,01010101100011101000
77,0.0,01010101100011101000,0.0,00010101100011111010
77,0.0,00010101100011111010,0.0,10010101100110111000
77,0.0,10010101100110111000,0.0,10000101100111111011
77,0.0,10000101100111111011,0.0,10000001100101111100
77,0.0,10000001100101111100,0.0,10000011100100111100
77,0.0,10000011100100111100,0.0,10100110100100111101
77,0.0,10100110100100111101,0.0,11101110100100110111
77,0.0,11101110100100110111,0.0,11100110110110100100
77,0.0,11100110110110100100,0.0,11100110110110100100
77,0.0,11100110110110100100,0.0,11100111010110000011
77,0.0,11100111010110000011,0.0,11100111010110000011
77,0.0,11100111010110000011,0.0,11100011000110000101
77,0.0,11100011000110000101,0.0,00111011000110000101
77,0.0,00111011000110000101,0.0,00111111010010000100
77,0.0,00111111010010000100,0.0,00111111001010000000
77,0.0,00111111001010000000,0.0,01111101011010000000
77,0.0,01111101011010000000,0.0,01110101010011000010
77,0.0,01110101010011000010,0.0,01110101010011000010
77,0.0,01110101010011000010,0.0,01110111010010000010
77,0.0,01110111010010000010,0.0,00111111010110000011
77,0.0,00111111010110000011,0.0,00111101010111000011
77,0.0,00111101010111000011,0.0,00111001110111000001
77,0.0,00111001110111000001,0.0,10110001010101000011
77,0.0,10110001010101000011,0.0,10110001010101000011
77,0.0,10110001010101000011,0.0,10110001010100101001
77,0.0,10110001010100101001,0.0,10110001010100101001
77,0.0,10110001010100101001,0.0,11110101010110000000
77,0.0,11110101010110000000,0.0,10110001110110010000
77,0.0,10110001110110010000,0.0,00111001110110100101
77,0.0,00111001110110100101,0.0,00111001110110100101
77,0.0,00111001110110100101,0.0,00110101010100110101
77,0.0,00110101010100110101,0.0,00110101010101010001
77,0.0,00110101010101010001,0.0,00111101000101110001
77,0.0,00111101000101110001,0.0,00111101000101110001
77,0.0,00111101000101110001,0.0,00110101100101010010
77,0.0,00110101100101010010,0.0,00101101110101011001
77,0.0,00101101110101011001,0.0,10101101110110011010
77,0.0,10101101110110011010,0.0,10111100110110011010
77,0.0,10111100110110011010,0.0,10111100100100011111
77,0.0,10111100100100011111,0.0,10111100000110011110
77,0.0,10111100000110011110,0.0,10110000000110111101
77,0.0,10110000000110111101,0.0,00111100010110111100
77,0.0,00111100010110111100,0.0,10110100010010111100
77,0.0,10110100010010111100,0.0,10110100110000111101
77,0.0,10110100110000111101,0.0,10111110100000111001
77,0.0,10111110100000111001,0.0,10111110100000111001
77,0.0,10111110100000111001,0.0,11010110110100101000
77,0.0,11010110110100101000,0.0,11010110110100101000
77,0.0,11010110110100101000,0.0,11110100100110101010
77,0.0,11110100100110101010,0.0,11010000100110111101
77,0.0,11010000100110111101,0.0,11010100110010111100
77,0.0,11010100110010111100,0.0,01010000111010011101
77,0.0,01010000111010011101,0.0,01010000111010011101
77,0.0,01010000111010011101,0.0,01010000111010011101
77,0.0,01010000111010011101,0.0,01010010110000111110
77,0.0,01010010110000111110,0.0,10010010110000111111
77,0.0,10010010110000111111,0.0,10011110110011110001
77,0.0,10011110110011110001,0.0,10110010010001110000
77,0.0,10110010010001110000,0.0,10110010010001110000
77,0.0,10110010010001110000,0.0,10011110110110010111
77,0.0,10011110110110010111,0.0,10011110110110010111
77,0.0,10011110110110010111,0.0,10011100110111010111
77,0.0,10011100110111010111,0.0,00011110100111010110
77,0.0,00011110100111010110,0.0,10100110000111010110
77,0.0,10100110000111010110,0.0,10100110000111010110
77,0.0,10100110000111010110,0.0,10100110000111010110
77,0.0,10100110000111010110,0.0,10100110000111010110
77,0.0,10100110000111010110,0.0,10100110000111010110
77,0.0,10100110000111010110,0.0,11101000100111110100
77,0.0,11101000100111110100,0.0,11101000100111110100
77,0.0,11101000100111110100,0.0,01101000001111010111
77,0.0,01101000001111010111,0.0,01101100001111100111
77,0.0,01101100001111100111,0.0,01101100001111100111
77,0.0,01101100001111100111,0.0,01000100101111101101
77,0.0,01000100101111101101,0.0,00010000101101101101
77,0.0,00010000101101101101,0.0,00010000001111101100
77,0.0,00010000001111101100,0.0,00011100001111110101
77,0.0,00011100001111110101,0.0,00010100101111010110
77,0.0,00010100101111010110,0.0,00010100101111010110
77,0.0,00010100101111010110,0.0,00011110100111010110
77,0.0,00011110100111010110,0.0,10011110101010010100
77,0.0,10011110101010010100,0.0,10011110101010010100
77,0.0,10011110101010010100,0.0,10001110101010111101
77,0.0,10001110101010111101,0.0,00000011101010011101
77,0.0,00000011101010011101,0.0,10001011001000011101
77,0.0,10001011001000011101,0.0,10001011001000011101
77,0.0,10001011001000011101,0.0,10001001001001011101
77,0.0,10001001001001011101,0.0,10011101001001000100
77,0.0,10011101001001000100,0.0,10011100001001101101
77,0.0,10011100001001101101,0.0,10011100001001101101
78,2.0,00111110000111010011,2.0,00111010010111100011
78,2.0,00111010010111100011,2.0,10110010010101100000
78,2.0,10110010010101100000,2.0,01111010010001000101
78,2.0,01111010010001000101,2.0,01110010110001100011
78,2.0,01110010110001100011,2.0,01110010110001100011
78,2.0,01110010110001100011,2.0,01110010110001100011
78,2.0,01110010110001100011,2.0,11111010110000110001
78,2.0,11111010110000110001,2.0,11101010110001110011
78,2.0,11101010110001110011,2.0,01100010101001110010
78,2.0,01100010101001110010,2.0,00011010101011110011
78,2.0,00011010101011110011,2.0,00010110111011100010
78,2.0,00010110111011100010,0.0,00010110101011110000
78,0.0,00010110101011110000,0.0,00011100101011111011
78,0.0,00011100101011111011,0.0,00011100101011111011
78,0.0,00011100101011111011,0.0,00010100111011011011
78,0.0,00010100111011011011,0.0,10110110110000011001
78,0.0,10110110110000011001,0.0,10010011110000011000
78,0.0,10010011110000011000,0.0,10010011110000010110
78,0.0,10010011110000010110,0.0,10110011001000000000
78,0.0,10110011001000000000,0.0,10110011001000000000
78,0.0,10110011001000000000,0.0,10100011001001000011
78,0.0,10100011001001000011,0.0,10010011100001000100
78,0.0,10010011100001000100,0.0,10010111100010100111
78,0.0,10010111100010100111,0.0,10011111101010000001
78,0.0,10011111101010000001,0.0,00111111101000000001
78,0.0,00111111101000000001,0.0,00111011001100000000
78,0.0,00111011001100000000,0.0,00111001001110010011
78,0.0,00111001001110010011,0.0,10110000001101010010
78,0.0,10110000001101010010,0.0,10110000110111010011
78,0.0,10110000110111010011,0.0,10100110110111010010
78,0.0,10100110110111010010,0.0,10100111110011000000
78,0.0,10100111110011000000,0.0,10110110110011000000
78,0.0,10110110110011000000,0.0,10100110110011100111
78,0.0,10100110110011100111,0.0,11101010100011100101
78,0.0,11101010100011100101,0.0,11101100101011000110
78,0.0,11101100101011000110,0.0,11101110101010000110
78,0.0,11101110101010000110,0.0,11001110101110010100
78,0.0,11001110101110010100,0.0,11001101001110010111
78,0.0,11001101001110010111,0.0,01011100011110110101
78,0.0,01011100011110110101,0.0,00011101010100111110
78,0.0,00011101010100111110,0.0,00011101010100111110
78,0.0,00011101010100111110,0.0,00011101000110111111
78,0.0,00011101000110111111,0.0,11010100000110111111
78,0.0,11010100000110111111,0.0,10010110000100111110
78,0.0,10010110000100111110,0.0,10010110000100111110
78,0.0,10010110000100111110,0.0,10010110000100111110
78,0.0,10010110000100111110,0.0,10010110110100111010
78,0.0,10010110110100111010,0.0,10100110110110111000
78,0.0,10100110110110111000,0.0,10100110110110111000
78,0.0,10100110110110111000,0.0,11100110110100011001
78,0.0,11100110110100011001,0.0,01100111000100011011
78,0.0,01100111000100011011,0.0,01101011000010111011
78,0.0,01101011000010111011,0.0,01100011000110011000
78,0.0,01100011000110011000,0.0,01010111010110010000
78,0.0,01010111010110010000,0.0,01011110011110010001
78,0.0,01011110011110010001,0.0,01010110001011010000
78,0.0,01010110001011010000,0.0,01010110101001010001
78,0.0,01010110101001010001,0.0,00010010101101110000
78,0.0,00010010101101110000,0.0,00010010101101110000
78,0.0,00010010101101110000,0.0,00010110101011110000
78,0.0,00010110101011110000,0.0,00010110111010011011
78,0.0,00010110111010011011,0.0,00010010011110011010
78,0.0,00010010011110011010,0.0,01011010001100011011
78,0.0,01011010001100011011,0.0,01011010001100011011
78,0.0,01011010001100011011,0.0,00010010011110011010
78,0.0,00010010011110011010,0.0,00010101001110011011
78,0.0,00010101001110011011,0.0,01011001101110010011
78,0.0,01011001101110010011,0.0,01010001101110000101
78,0.0,01010001101110000101,0.0,11011101001010000101
78,0.0,11011101001010000101,0.0,11011101001010000101
78,0.0,11011101001010000101,0.0,11011101001010000101
78,0.0,11011101001010000101,0.0,11010101110010100111
78,0.0,11010101110010100111,0.0,11010101100110100100
78,0.0,11010101100110100100,0.0,11010101100110100100
78,0.0,11010101100110100100,0.0,00011111100110100111
78,0.0,00011111100110100111,0.0,00011111100110100111
78,0.0,00011111100110100111,0.0,00011101100111100111
78,0.0,00011101100111100111,0.0,00011101100111100111
78,0.0,00011101100111100111,0.0,00011001010111101011
78,0.0,00011001010111101011,0.0,00001111010111101010
78,0.0,00001111010111101010,0.0,01001111010101001011
78,0.0,01001111010101001011,0.0,01010011010101000001
78,0.0,01010011010101000001,0.0,01000011010101010100
78,0.0,01000011010101010100,0.0,11000001110101010110
78,0.0,11000001110101010110,0.0,11001000111101010111
78,0.0,11001000111101010111,0.0,11010000110101010110
78,0.0,11010000110101010110,0.0,10011000111001010111
78,0.0,10011000111001010111,0.0,10011001111000010100
78,0.0,10011001111000010100,0.0,10011101011000010110
78,0.0,10011101011000010110,0.0,10011101011000011000
78,0.0,10011101011000011000,0.0,00010101111010011000
78,0.0,00010101111010011000,0.0,01011101001010011000
78,0.0,01011101001010011000,0.0,01011101001010011000
78,0.0,01011101001010011000,0.0,01011101001010011000
78,0.0,01011101001010011000,0.0,01011001001000101101
78,0.0,01011001001000101101,0.0,01001001111000111100
78,0.0,01001001111000111100,0.0,00101001011000111100
78,0.0,00101001011000111100,0.0,00101011011000010110
78,0.0,00101011011000010110,0.0,00001011011001010101
78,0.0,00001011011001010101,0.0,01001011001000011100
78,0.0,01001011001000011100,0.0,11000111000010011100
78,0.0,11000111000010011100,0.0,11000111000010011100
78,0.0,11000111000010011100,0.0,11000110100110111100
78,0.0,11000110100110111100,0.0,11000101000110111111
78,0.0,11000101000110111111,0.0,11000101000011011100
78,0.0,11000101000011011100,0.0,10000101100011111100
78,0.0,10000101100011111100,0.0,11000101110010111100
78,0.0,11000101110010111100,0.0,01001101001010111111
78,0.0,01001101001010111111,0.0,01001101101110110110
78,0.0,01001101101110110110,0.0,01101101001110100100
78,0.0,01101101001110100100,0.0,01100101011110000100
78,0.0,01100101011110000100,0.0,11101101110110000110
78,0.0,11101101110110000110,0.0,10101101100111000110
78,0.0,10101101100111000110,0.0,00111001000111000101
78,0.0,00111001000111000101,0.0,01110001000011000100
78,0.0,01110001000011000100,0.0,01100111100001000100
78,0.0,01100111100001000100,0.0,01001011101001000100
78,0.0,01001011101001000100,0.0,00001111101001100110
78,0.0,00001111101001100110,0.0,11001011100001100111
78,0.0,11001011100001100111,0.0,11001011100001100111
78,0.0,11001011100001100111,0.0,11001111100101100010
78,0.0,11001111100101100010,0.0,11001011100100110110
78,0.0,11001011100100110110,0.0,11011010100100110110
78,0.0,11011010100100110110,0.0,10100010100111010100
78,0.0,10100010100111010100,0.0,10001010101101010111
78,0.0,10001010101101010111,0.0,10011010101100010100
78,0.0,10011010101100010100,0.0,10011101101110010000
78,0.0,10011101101110010000,0.0,00010101001110011011
78,0.0,00010101001110011011,0.0,00010001111100011000
78,0.0,00010001111100011000,0.0,00010001111100011000
78,0.0,00010001111100011000,0.0,01011001001100011000
78,0.0,01011001001100011000,0.0,01101000011101011000
78,0.0,01101000011101011000,0.0,00101000111101111000
78,0.0,00101000111101111000,0.0,00101000111101111000
78,0.0,00101000111101111000,0.0,00101010111001101001
79,4.0,11001100110111101101,0.0,11101100110110101111
79,0.0,11101100110110101111,0.0,11101100110110101111
79,0.0,11101100110110101111,0.0,01101100111110001100
79,0.0,01101100111110001100,0.0,00111000111100001100
79,0.0,00111000111100001100,0.0,10110000111000001100
79,0.0,10110000111000001100,0.0,10110000111000001100
79,0.0,10110000111000001100,0.0,10011000111110001100
79,0.0,10011000111110001100,0.0,10010001011110000100
79,0.0,10010001011110000100,0.0,10010001011110000100
79,0.0,10010001011110000100,0.0,10111001110100000110
79,0.0,10111001110100000110,0.0,10111001101100000010
79,0.0,10111001101100000010,0.0,10011101111100100011
79,0.0,10011101111100100011,0.0,11011001111100000001
79,0.0,11011001111100000001,0.0,11000011011100010001
79,0.0,11000011011100010001,0.0,00100011011100000111
79,0.0,00100011011100000111,0.0,00100001011101000111
79,0.0,00100001011101000111,0.0,00100100111111100111
79,0.0,00100100111111100111,0.0,10100100110111110110
79,0.0,10100100110111110110,0.0,10110100110111100011
79,0.0,10110100110111100011,0.0,10110000110111010011
79,0.0,10110000110111010011,0.0,01110000110111010010
79,0.0,01110000110111010010,0.0,01110010110110010010
79,0.0,01110010110110010010,0.0,10111110100110000110
79,0.0,10111110100110000110,0.0,00111011000110000101
79,0.0,00111011000110000101,0.0,00111011000110000101
79,0.0,00111011000110000101,0.0,00010011001000110100
79,0.0,00010011001000110100,0.0,01011011001000110000
79,0.0,01011011001000110000,0.0,01011011001000001001
79,0.0,01011011001000001001,0.0,01011001001000101101
79,0.0,01011001001000101101,0.0,01010001011000110100
79,0.0,01010001011000110100,0.0,10010001011000110101
79,0.0,10010001011000110101,0.0,00010011110010110101
79,0.0,00010011110010110101,0.0,00010011110011010001
79,0.0,00010011110011010001,0.0,00010111010011010011
79,0.0,00010111010011010011,0.0,00010011000011010101
79,0.0,00010011000011010101,0.0,00011011000001110100
79,0.0,00011011000001110100,0.0,00110010000001101100
79,0.0,00110010000001101100,0.0,00110010100011101001
79,0.0,00110010100011101001,0.0,00110011100011000000
79,0.0,00110011100011000000,0.0,01111011100010100000
79,0.0,01111011100010100000,0.0,01101011100011100011
79,0.0,01101011100011100011,0.0,10101011010011100010
79,0.0,10101011010011100010,0.0,10010011110110100010
79,0.0,10010011110110100010,0.0,11010111110010000011
79,0.0,11010111110010000011,0.0,11010011110000000100
79,0.0,11010011110000000100,0.0,11010011110000000100
79,0.0,11010011110000000100,0.0,11011010111000000101
79,0.0,11011010111000000101,0.0,01010101111010000100
79,0.0,01010101111010000100,0.0,01010101111010000100
79,0.0,01010101111010000100,0.0,01000111111010000111
79,0.0,01000111111010000111,0.0,01001111101010100111
79,0.0,01001111101010100111,0.0,01001111101010100111
79,0.0,01001111101010100111,0.0,01001111101010100111
79,0.0,01001111101010100111,0.0,01001111111000100110
79,0.0,01001111111000100110,0.0,11001011111000000101
79,0.0,11001011111000000101,0.0,11001001111001000101
79,0.0,11001001111001000101,0.0,11010001110001000100
79,0.0,11010001110001000100,0.0,11011001110000001111
79,0.0,11011001110000001111,0.0,10011011000010001110
79,0.0,10011011000010001110,0.0,10011011000010001110
79,0.0,10011011000010001110,0.0,10011011100000001111
79,0.0,10011011100000001111,0.0,10011110100001001110
79,0.0,10011110100001001110,0.0,10010100101001001110
79,0.0,10010100101001001110,0.0,10000100111101101101
79,0.0,10000100111101101101,0.0,00000100111101111110
79,0.0,00000100111101111110,0.0,00000100111101111110
79,0.0,00000100111101111110,0.0,00001110101101111010
79,0.0,00001110101101111010,0.0,01001110001101011010
79,0.0,01001110001101011010,0.0,01000100011101011110
79,0.0,01000100011101011110,0.0,00000101011001011110
79,0.0,00000101011001011110,0.0,00010100011001011110
79,0.0,00010100011001011110,0.0,00010000111001011100
79,0.0,00010000111001011100,0.0,00000001101011011101
79,0.0,00000001101011011101,0.0,00000001101011011101
79,0.0,00000001101011011101,0.0,00000001111001011100
79,0.0,00000001111001011100,0.0,10000000111101011101
79,0.0,10000000111101011101,0.0,01000100011101011110
79,0.0,01000100011101011110,0.0,01000110011001001111
79,0.0,01000110011001001111,0.0,01000110011100011110
79,0.0,01000110011100011110,0.0,10000110011100011111
79,0.0,10000110011100011111,0.0,10000010011110011100
79,0.0,10000010011110011100,0.0,10000010011110011100
79,0.0,10000010011110011100,0.0,10101010011100011001
79,0.0,10101010011100011001,0.0,10101010111010010101
79,0.0,10101010111010010101,0.0,10101010111010010101
79,0.0,10101010111010010101,0.0,10101000111011010101
79,0.0,10101000111011010101,0.0,01101000111011010100
79,0.0,01101000111011010100,0.0,01101000111011010100
79,0.0,01101000111011010100,0.0,01101100111001010111
79,0.0,01101100111001010111,0.0,01101100111001010111
79,0.0,01101100111001010111,0.0,01000100111011011100
79,0.0,01000100111011011100,0.0,00001100111111011101
79,0.0,00001100111111011101,0.0,00010100110111011100
79,0.0,00010100110111011100,0.0,00010100110111011100
79,0.0,00010100110111011100,0.0,00000110110111011111
79,0.0,00000110110111011111,0.0,00101010110111010111
79,0.0,00101010110111010111,0.0,00001111100111010110
79,0.0,00001111100111010110,0.0,00001111100110111100
79,0.0,00001111100110111100,0.0,00001111101010111011
79,0.0,00001111101010111011,0.0,00001111101010111011
79,0.0,00001111101010111011,0.0,00000101111010111111
79,0.0,00000101111010111111,0.0,00001011101000111100
79,0.0,00001011101000111100,0.0,10001011001000011101
79,0.0,10001011001000011101,0.0,10001011001000011101
79,0.0,10001011001000011101,0.0,00000111001010011111
79,0.0,00000111001010011111,0.0,00000111011000011110
79,0.0,00000111011000011110,0.0,00010011111000110000
79,0.0,00010011111000110000,0.0,10010011000001110011
79,0.0,10010011000001110011,0.0,11010001000101110000
79,0.0,11010001000101110000,0.0,11110000001101000000
79,0.0,11110000001101000000,0.0,01101101101101000001
79,0.0,01101101101101000001,0.0,00100001101101001010
79,0.0,00100001101101001010,0.0,00100011101100001010
79,0.0,00100011101100001010,0.0,00100011011100001001
79,0.0,00100011011100001001,0.0,00100111011010001001
79,0.0,00100111011010001001,0.0,01101101011010101001
79,0.0,01101101011010101001,0.0,01101010011000101101
79,0.0,01101010011000101101,0.0,10101010001010101110
79,0.0,10101010001010101110,0.0,10100110001001100110
79,0.0,10100110001001100110,0.0,10100010001001010110
79,0.0,10100010001001010110,0.0,10100010001001010110
79,0.0,10100010001001010110,0.0,10100010111001010010
79,0.0,10100010111001010010,0.0,10001010111111010010
79,0.0,10001010111111010010,0.0,10001010111110110110
79,0.0,10001010111110110110,0.0,10001010111110110110
79,0.0,10001010111110110110,0.0,10001010111110110110
79,0.0,10001010111110110110,0.0,10000011011110110000
79,0.0,10000011011110110000,0.0,11001001011110100111
79,0.0,11001001011110100111,0.0,11001101011100010110
79,0.0,11001101011100010110,0.0,10000101011100011100
80,2.0,00001111111100101010,0.0,10001111111000101001
80,0.0,10001111111000101001,0.0,10001111111000101001
80,0.0,10001111111000101001,0.0,00000111111000101100
80,0.0,00000111111000101100,0.0,00000101111001101100
80,0.0,00000101111001101100,0.0,00001101111001111010
80,0.0,00001101111001111010,0.0,00001010111011111010
80,0.0,00001010111011111010,0.0,00001010111011111010
80,0.0,00001010111011111010,0.0,10000110100011111111
80,0.0,10000110100011111111,0.0,10001110101011010111
80,0.0,10001110101011010111,0.0,00101110101001010111
80,0.0,00101110101001010111,0.0,01100110101000111011
80,0.0,01100110101000111011,0.0,11101010111000110010
80,0.0,11101010111000110010,0.0,11111110110000010011
80,0.0,11111110110000010011,0.0,11111110110000010011
80,0.0,11111110110000010011,0.0,11111110110000010011
80,0.0,11111110110000010011,0.0,11110110101000000001
80,0.0,11110110101000000001,0.0,10111110011100000000
80,0.0,10111110011100000000,0.0,10010110111100000100
80,0.0,10010110111100000100,0.0,10011010101001000101
80,0.0,10011010101001000101,0.0,00011010101001010110
80,0.0,00011010101001010110,0.0,01011000101011010111
80,0.0,01011000101011010111,0.0,11011000101110010101
80,0.0,11011000101110010101,0.0,11011000101110010101
80,0.0,11011000101110010101,0.0,11011000101110010101
80,0.0,11011000101110010101,0.0,01000010101110011101
80,0.0,01000010101110011101,0.0,01000110111110011011
80,0.0,01000110111110011011,0.0,01000110111110011011
80,0.0,01000110111110011011,0.0,01001101111010111011
80,0.0,01001101111010111011,0.0,11000001111000111011
80,0.0,11000001111000111011,0.0,01000001101001111010
80,0.0,01000001101001111010,0.0,01100000101011111000
80,0.0,01100000101011111000,0.0,01100100101001111011
80,0.0,01100100101001111011,0.0,01101100111000111101
80,0.0,01101100111000111101,0.0,01000110111100101100
80,0.0,01000110111100101100,0.0,01001011110100101101
80,0.0,01001011110100101101,0.0,01010011100100101000
80,0.0,01010011100100101000,0.0,01010011100100101000
80,0.0,01010011100100101000,0.0,01010011100100101000
80,0.0,01010011100100101000,0.0,00011111000101001000
80,0.0,00011111000101001000,0.0,00011001000101011100
80,0.0,00011001000101011100,0.0,00011101100001011101
80,0.0,00011101100001011101,0.0,00001111000011011111
80,0.0,00001111000011011111,0.0,00001111000011011111
80,0.0,00001111000011011111,0.0,00001111000011011111
80,0.0,00001111000011011111,0.0,00001011000101011111
80,0.0,00001011000101011111,0.0,01000011010101010100
80,0.0,01000011010101010100,0.0,01001011010001110111
80,0.0,01001011010001110111,0.0,01001011001001110011
80,0.0,01001011001001110011,0.0,01010011000001110010
80,0.0,01010011000001110010,0.0,01011010001001110011
80,0.0,01011010001001110011,0.0,01010010001101010000
80,0.0,01010010001101010000,0.0,01010010001101010000
80,0.0,01010010001101010000,0.0,01010110010111010011
80,0.0,01010110010111010011,0.0,01010110010111010011
80,0.0,01010110010111010011,0.0,01011001010101110011
80,0.0,01011001010101110011,0.0,00010011110101100001
80,0.0,00010011110101100001,0.0,00010011110101100001
80,0.0,00010011110101100001,0.0,10010001110111100010
80,0.0,10010001110111100010,0.0,11010011000001100001
80,0.0,11010011000001100001,0.0,11001111000001101011
80,0.0,11001111000001101011,0.0,11000111000101001000
80,0.0,11000111000101001000,0.0,01001111001001001000
80,0.0,01001111001001001000,0.0,01001111001001001000
80,0.0,01001111001001001000,0.0,01001111001001001000
80,0.0,01001111001001001000,0.0,01010011000001001011
80,0.0,01010011000001001011,0.0,01011001001001001001
80,0.0,01011001001001001001,0.0,01011001001001001001
80,0.0,01011001001001001001,0.0,01011011001000001001
80,0.0,01011011001000001001,0.0,00011011001000011011
80,0.0,00011011001000011011,0.0,00011011001000011011
80,0.0,00011011001000011011,0.0,00011011001000011011
80,0.0,00011011001000011011,0.0,00011011010000011111
80,0.0,00011011010000011111,0.0,01010111100000011011
80,0.0,01010111100000011011,0.0,00010111100010111010
80,0.0,00010111100010111010,0.0,01010011100010011000
80,0.0,01010011100010011000,0.0,01010001100011011000
80,0.0,01010001100011011000,0.0,11010101110010101001
80,0.0,11010101110010101001,0.0,01010101110010111010
80,0.0,01010101110010111010,0.0,01010001110100111010
80,0.0,01010001110100111010,0.0,00010011010100111001
80,0.0,00010011010100111001,0.0,00010011010100111001
80,0.0,00010011010100111001,0.0,00000111010101111000
80,0.0,00000111010101111000,0.0,00010001010101111001
80,0.0,00010001010101111001,0.0,00011101010101011010
80,0.0,00011101010101011010,0.0,00011101000111011011
80,0.0,00011101000111011011,0.0,00011001100111011001
80,0.0,00011001100111011001,0.0,00011001100111011001
80,0.0,00011001100111011001,0.0,00011101000111011011
80,0.0,00011101000111011011,0.0,10010101100111010010
80,0.0,10010101100111010010,0.0,10111001000011010011
80,0.0,10111001000011010011,0.0,10111001000011010011
80,0.0,10111001000011010011,0.0,00111101001011000000
80,0.0,00111101001011000000,0.0,00110111000011000010
80,0.0,00110111000011000010,0.0,00111110001011000011
80,0.0,00111110001011000011,0.0,00111110001011000011
80,0.0,00111110001011000011,0.0,00111101001011000000
80,0.0,00111101001011000000,0.0,10011101101011000001
80,0.0,10011101101011000001,0.0,10001011101001000101
80,0.0,10001011101001000101,0.0,10001011101001000101
80,0.0,10001011101001000101,0.0,11001010011011000111
80,0.0,11001010011011000111,0.0,11010010010011000110
80,0.0,11010010010011000110,0.0,01110010110011000011
80,0.0,01110010110011000011,0.0,01110000110011100111
80,0.0,01110000110011100111,0.0,01110001110010100100
80,0.0,01110001110010100100,0.0,01110001110010100100
80,0.0,01110001110010100100,0.0,01110101010010100110
80,0.0,01110101010010100110,0.0,11111001010000100100
80,0.0,11111001010000100100,0.0,10110001010001000100
80,0.0,10110001010001000100,0.0,10111000110001001100
80,0.0,10111000110001001100,0.0,10111000100011001101
80,0.0,10111000100011001101,0.0,10110000110011010100
80,0.0,10110000110011010100,0.0,10100001110011010100
80,0.0,10100001110011010100,0.0,11000101110011010110
80,0.0,11000101110011010110,0.0,11001101010011110101
80,0.0,11001101010011110101,0.0,10100101010011010110
80,0.0,10100101010011010110,0.0,10100101010011010110
80,0.0,10100101010011010110,0.0,10100101010011010110
80,0.0,10100101010011010110,0.0,10110100010011010110
80,0.0,10110100010011010110,0.0,00110110010001010101
80,0.0,00110110010001010101,0.0,00110101010101010001
80,0.0,00110101010101010001,0.0,00110111010100010001
80,0.0,00110111010100010001,0.0,00110111100100010010
80,0.0,00110111100100010010,0.0,00101111101100010011
80,0.0,00101111101100010011,0.0,00101111101100010011
80,0.0,00101111101100010011,0.0,00101111101100010011
80,0.0,00101111101100010011,0.0,00110111100100010010
80,0.0,00110111100100010010,0.0,00010111101010000100
81,4.0,00101011101000010111,2.0,00010011101000010101
81,2.0,00010011101000010101,0.0,00010101101000011101
81,0.0,00010101101000011101,0.0,00011111100000011101
81,0.0,00011111100000011101,0.0,00011011000100011100
81,0.0,00011011000100011100,0.0,10001111000110011101
81,0.0,10001111000110011101,0.0,10000011100100111100
81,0.0,10000011100100111100,0.0,10001011100110101110
81,0.0,10001011100110101110,0.0,00001011000111101100
81,0.0,00001011000111101100,0.0,01001001001111100110
81,0.0,01001001001111100110,0.0,11001001011110100111
81,0.0,11001001011110100111,0.0,11001101011100010110
81,0.0,11001101011100010110,0.0,11000110011100001101
81,0.0,11000110011100001101,0.0,11000110011100001101
81,0.0,11000110011100001101,0.0,11000100011101001101
81,0.0,11000100011101001101,0.0,11000100011101001101
81,0.0,11000100011101001101,0.0,11001110010101001101
81,0.0,11001110010101001101,0.0,11001110010101001101
81,0.0,11001110010101001101,0.0,10011110010001001101
81,0.0,10011110010001001101,0.0,10000010011011001101
81,0.0,10000010011011001101,0.0,10000010011110011100
81,0.0,10000010011110011100,0.0,10000110011110101100
81,0.0,10000110011110101100,0.0,11010110011100100001
81,0.0,11010110011100100001,0.0,10010110011000110100
81,0.0,10010110011000110100,0.0,00010110011000011110
81,0.0,00010110011000011110,0.0,01011010010100011111
81,0.0,01011010010100011111,0.0,01011010010100011111
81,0.0,01011010010100011111,0.0,00111010010100101101
81,0.0,00111010010100101101,0.0,00110010011100000111
81,0.0,00110010011100000111,0.0,00101010111100001111
81,0.0,00101010111100001111,0.0,00101010111100001111
81,0.0,00101010111100001111,0.0,00100110111110100111
81,0.0,00100110111110100111,0.0,11100001110110100101
81,0.0,11100001110110100101,0.0,10100111000110100111
81,0.0,10100111000110100111,0.0,10101111000010001111
81,0.0,10101111000010001111,0.0,10110011000010000101
81,0.0,10110011000010000101,0.0,10111111000010100011
81,0.0,10111111000010100011,0.0,10111011000100100011
81,0.0,10111011000100100011,0.0,10011011110100000101
81,0.0,10011011110100000101,0.0,10110011010000000100
81,0.0,10110011010000000100,0.0,10110001010001000100
81,0.0,10110001010001000100,0.0,10110001010001000100
81,0.0,10110001010001000100,0.0,10110001010001000100
81,0.0,10110001010001000100,0.0,10110001010101000011
81,0.0,10110001010101000011,0.0,01101001011101000011
81,0.0,01101001011101000011,0.0,01101100011101100110
81,0.0,01101100011101100110,0.0,00100110011101000110
81,0.0,00100110011101000110,0.0,00000110111101011010
81,0.0,00000110111101011010,0.0,00100110011110011011
81,0.0,00100110011110011011,0.0,00101110010111011011
81,0.0,00101110010111011011,0.0,01001110110111011011
81,0.0,01001110110111011011,0.0,01001111010010011111
81,0.0,01001111010010011111,0.0,00001111110011011011
81,0.0,00001111110011011011,0.0,10000011110001011011
81,0.0,10000011110001011011,0.0,10000011110001011011
81,0.0,10000011110001011011,0.0,10000011110001011011
81,0.0,10000011110001011011,0.0,10011011010001010001
81,0.0,10011011010001010001,0.0,10011011010001010001
81,0.0,10011011010001010001,0.0,00010111011000110010
81,0.0,00010111011000110010,0.0,01011011010000110100
81,0.0,01011011010000110100,0.0,01011001001100010110
81,0.0,01011001001100010110,0.0,01010001000100111110
81,0.0,01010001000100111110,0.0,11000001100110111101
81,0.0,11000001100110111101,0.0,01001101110110111100
81,0.0,01001101110110111100,0.0,01001110110110111111
81,0.0,01001110110110111111,0.0,01001110110110111111
81,0.0,01001110110110111111,0.0,01001110110110111111
81,0.0,01001110110110111111,0.0,01001110101010111100
81,0.0,01001110101010111100,0.0,00100110111000011101
81,0.0,00100110111000011101,0.0,00100110111000011101
81,0.0,00100110111000011101,0.0,01101110111000010111
81,0.0,01101110111000010111,0.0,01101110111000010111
81,0.0,01101110111000010111,0.0,01100111110000010110
81,0.0,01100111110000010110,0.0,01100111110000010110
81,0.0,01100111110000010110,0.0,01101110111000010111
81,0.0,01101110111000010111,0.0,01101100111001010111
81,0.0,01101100111001010111,0.0,01101100111001010111
81,0.0,01101100111001010111,0.0,01101100111001010111
81,0.0,01101100111001010111,0.0,01101100111001010111
81,0.0,01101100111001010111,0.0,01110100101000110110
81,0.0,01110100101000110110,0.0,01110010001000100110
81,0.0,01110010001000100110,0.0,00111010001100100111
81,0.0,00111010001100100111,0.0,00111010001100101001
81,0.0,00111010001100101001,0.0,00101110001101101000
81,0.0,00101110001101101000,0.0,00101011001100101001
81,0.0,00101011001100101001,0.0,00100011011100001001
81,0.0,00100011011100001001,0.0,00010111001100001000
81,0.0,00010111001100001000,0.0,00010111001100001000
81,0.0,00010111001100001000,0.0,10010101011100001001
81,0.0,10010101011100001001,0.0,10010111010000011010
81,0.0,10010111010000011010,0.0,10010111010000011010
81,0.0,10010111010000011010,0.0,10010011110000011000
81,0.0,10010011110000011000,0.0,10010001100011011001
81,0.0,10010001100011011001,0.0,10010011100010011001
81,0.0,10010011100010011001,0.0,10010011100010011001
81,0.0,10010011100010011001,0.0,11011110100010111000
81,0.0,11011110100010111000,0.0,11011110100010111000
81,0.0,11011110100010111000,0.0,11010100101010111000
81,0.0,11010100101010111000,0.0,11001010101010101110
81,0.0,11001010101010101110,0.0,01001010111000111111
81,0.0,01001010111000111111,0.0,11001010111100010111
81,0.0,11001010111100010111,0.0,11000011101100010010
81,0.0,11000011101100010010,0.0,10100011001100010010
81,0.0,10100011001100010010,0.0,11101011000110010011
81,0.0,11101011000110010011,0.0,11101011000110010011
81,0.0,11101011000110010011,0.0,11111001000110010000
81,0.0,11111001000110010000,0.0,11110001100010000110
81,0.0,11110001100010000110,0.0,11110001100010000110
81,0.0,11110001100010000110,0.0,11010001101000100100
81,0.0,11010001101000100100,0.0,11011001100010110111
81,0.0,11011001100010110111,0.0,10010001101000110110
81,0.0,10010001101000110110,0.0,00010001001001110100
81,0.0,00010001001001110100,0.0,00010001001001110100
81,0.0,00010001001001110100,0.0,00010001001001110100
81,0.0,00010001001001110100,0.0,00010101011001110010
81,0.0,00010101011001110010,0.0,00010101001011110011
81,0.0,00010101001011110011,0.0,01011101000111110000
81,0.0,01011101000111110000,0.0,11010001000101110000
81,0.0,11010001000101110000,0.0,10011101000111110001
81,0.0,10011101000111110001,0.0,10011101000001111010
81,0.0,10011101000001111010,0.0,11010101100001110001
81,0.0,11010101100001110001,0.0,11001101100011111000
81,0.0,11001101100011111000,0.0,11000101110010111100
81,0.0,11000101110010111100,0.0,11000101110010111100
81,0.0,11000101110010111100,0.0,11001111100010110110
81,0.0,11001111100010110110,0.0,01101111100000110110
81,0.0,01101111100000110110,0.0,01111111100000100011
81,0.0,01111111100000100011,0.0,01111111100000100011
81,0.0,01111111100000100011,0.0,01110101100100100100
81,0.0,01110101100100100100,0.0,01110101000100010110
81,0.0,01110101000100010110,0.0,01110101000100010110
81,0.0,01110101000100010110,0.0,01110101000100010110
81,0.0,01110101000100010110,0.0,11111101000100010011
81,0.0,11111101000100010011,0.0,11111101000000010100
81,0.0,11111101000000010100,0.0,00111101001000010111
81,0.0,00111101001000010111,0.0,00111101101000100101
81,0.0,00111101101000100101,0.0,01111101001000000101
81,0.0,01111101001000000101,0.0,01110001000011000100
81,0.0,01110001000011000100,0.0,11111001000010100101
81,0.0,11111001000010100101,0.0,11111001000010100101
81,0.0,11111001000010100101,0.0,11111001010000100100
81,0.0,11111001010000100100,0.0,10011001010001110101
81,0.0,10011001010001110101,0.0,01011001010001110100
81,0.0,01011001010001110100,0.0,01011001010001110100
81,0.0,01011001010001110100,0.0,01011011010001010000
81,0.0,01011011010001010000,0.0,00010011010001010100
81,0.0,00010011010001010100,0.0,00011010011001010101
81,0.0,00011010011001010101,0.0,00011010011001010101
81,0.0,00011010011001010101,0.0,00010011010001010100
82,12.0,01001101001011010111,2.0,00100101001011010100
82,2.0,00100101001011010100,2.0,00101101011011000110
82,2.0,00101101011011000110,0.0,00100101011011000111
82,0.0,00100101011011000111,0.0,00100101001111000100
82,0.0,00100101001111000100,0.0,10100100101011001100
82,0.0,10100100101011001100,0.0,10100110101010001100
82,0.0,10100110101010001100,0.0,10100010011010001110
82,0.0,10100010011010001110,0.0,10100000011011001110
82,0.0,10100000011011001110,0.0,00101100111011001111
82,0.0,00101100111011001111,0.0,00100101101011001010
82,0.0,00100101101011001010,0.0,01100001101010001100
82,0.0,01100001101010001100,0.0,11000101101010001111
82,0.0,11000101101010001111,0.0,11001101100011001111
82,0.0,11001101100011001111,0.0,11001111100010001111
82,0.0,11001111100010001111,0.0,10011011000010001110
82,0.0,10011011000010001110,0.0,10111110010000001110
82,0.0,10111110010000001110,0.0,10110110010010011000
82,0.0,10110110010010011000,0.0,10110100010011011000
82,0.0,10110100010011011000,0.0,10110100010011011000
82,0.0,10110100010011011000,0.0,10110100010011011000
82,0.0,10110100010011011000,0.0,10010110100011011000
82,0.0,10010110100011011000,0.0,10010110100010111100
82,0.0,10010110100010111100,0.0,10010011000000011100
82,0.0,10010011000000011100,0.0,10001011001000011101
82,0.0,10001011001000011101,0.0,10001011001000011101
82,0.0,10001011001000011101,0.0,10001011001000011101
82,0.0,10001011001000011101,0.0,00001111001000111110
82,0.0,00001111001000111110,0.0,00000111101010101101
82,0.0,00000111101010101101,0.0,00101111001010100111
82,0.0,00101111001010100111,0.0,00101111001010100111
82,0.0,00101111001010100111,0.0,00101011101010100101
82,0.0,00101011101010100101,0.0,00111001101000010101
82,0.0,00111001101000010101,0.0,00111111101000000001
82,0.0,00111111101000000001,0.0,00111011001100000000
82,0.0,00111011001100000000,0.0,00111111101000000001
82,0.0,00111111101000000001,0.0,00011011101001000011
82,0.0,00011011101001000011,0.0,00010011001001010000
82,0.0,00010011001001010000,0.0,00010011001001010000
82,0.0,00010011001001010000,0.0,00100011001000111010
82,0.0,00100011001000111010,0.0,10101011010000111011
82,0.0,10101011010000111011,0.0,10100111110000011001
82,0.0,10100111110000011001,0.0,11101101110000111001
82,0.0,11101101110000111001,0.0,11101101110000111001
82,0.0,11101101110000111001,0.0,11100011110000001010
82,0.0,11100011110000001010,0.0,10101011110100001011
82,0.0,10101011110100001011,0.0,10101111110010001011
82,0.0,10101111110010001011,0.0,11101110110110001011
82,0.0,11101110110110001011,0.0,10101101110110011010
82,0.0,10101101110110011010,0.0,10101101000110011110
82,0.0,10101101000110011110,0.0,00101111010110010110
82,0.0,00101111010110010110,0.0,11100110010110010110
82,0.0,11100110010110010110,0.0,11100110010110011000
82,0.0,11100110010110011000,0.0,11100110010110011000
82,0.0,11100110010110011000,0.0,11101110110110001011
82,0.0,11101110110110001011,0.0,11100110110110100100
82,0.0,11100110110110100100,0.0,11100110110110100100
82,0.0,11100110110110100100,0.0,11100100110111100100
82,0.0,11100100110111100100,0.0,11100100110111100100
82,0.0,11100100110111100100,0.0,01101100010111101101
82,0.0,01101100010111101101,0.0,11000000010111111110
82,0.0,11000000010111111110,0.0,01001100110111111111
82,0.0,01001100110111111111,0.0,01001010100111011101
82,0.0,01001010100111011101,0.0,01000000101111011101
82,0.0,01000000101111011101,0.0,01101000001111011001
82,0.0,01101000001111011001,0.0,01011000101011011001
82,0.0,01011000101011011001,0.0,00111000001011011001
82,0.0,00111000001011011001,0.0,01101000001111011001
82,0.0,01101000001111011001,0.0,01101010001110011001
82,0.0,01101010001110011001,0.0,01101010001110011001
82,0.0,01101010001110011001,0.0,01100110001010111010
82,0.0,01100110001010111010,0.0,01100110001010111010
82,0.0,01100110001010111010,0.0,01100110001010111010
82,0.0,01100110001010111010,0.0,01100110001010111010
82,0.0,01100110001010111010,0.0,01100100001011111010
82,0.0,01100100001011111010,0.0,01100000101011111000
82,0.0,01100000101011111000,0.0,11100000111010111001
82,0.0,11100000111010111001,0.0,11101000110011111001
82,0.0,11101000110011111001,0.0,11101000001001111000
82,0.0,11101000001001111000,0.0,01100001001001101000
82,0.0,01100001001001101000,0.0,11100001101000101010
82,0.0,11100001101000101010,0.0,11101001001100001011
82,0.0,11101001001100001011,0.0,00101001001101101001
82,0.0,00101001001101101001,0.0,00101000101111111001
82,0.0,00101000101111111001,0.0,10101010101001110010
82,0.0,10101010101001110010,0.0,11000110101001100110
82,0.0,11000110101001100110,0.0,11000110101001100110
82,0.0,11000110101001100110,0.0,10010010101011100010
82,0.0,10010010101011100010,0.0,10110010101010010000
82,0.0,10110010101010010000,0.0,11110000111010010000
82,0.0,11110000111010010000,0.0,11101000101010011100
82,0.0,11101000101010011100,0.0,11101100111010011010
82,0.0,11101100111010011010,0.0,11101100111010011010
82,0.0,11101100111010011010,0.0,11100001111010010000
82,0.0,11100001111010010000,0.0,11110000111010010000
82,0.0,11110000111010010000,0.0,11110000111010010000
82,0.0,11110000111010010000,0.0,11110000011100010010
82,0.0,11110000011100010010,0.0,11101000111100011010
82,0.0,11101000111100011010,0.0,11000100111001111010
82,0.0,11000100111001111010,0.0,11000100111001111010
82,0.0,11000100111001111010,0.0,11000100111001111010
82,0.0,11000100111001111010,0.0,10001100111101111011
82,0.0,10001100111101111011,0.0,10100000001101111011
82,0.0,10100000001101111011,0.0,10100001001100111000
82,0.0,10100001001100111000,0.0,10100001001100111000
82,0.0,10100001001100111000,0.0,10011001001100011001
82,0.0,10011001001100011001,0.0,10011001001100011001
82,0.0,10011001001100011001,0.0,10011001001100011001
82,0.0,10011001001100011001,0.0,00010001001100011100
82,0.0,00010001001100011100,0.0,01011001010100011100
82,0.0,01011001010100011100,0.0,01011101010100101100
82,0.0,01011101010100101100,0.0,01001111010100101111
82,0.0,01001111010100101111,0.0,01000101011100101111
82,0.0,01000101011100101111,0.0,01000001011110101100
82,0.0,01000001011110101100,0.0,01100001010001101100
82,0.0,01100001010001101100,0.0,00101001011001010110
82,0.0,00101001011001010110,0.0,00000101011001011110
82,0.0,00000101011001011110,0.0,00001001010111111110
82,0.0,00001001010111111110,0.0,00001001110101111111
82,0.0,00001001110101111111,0.0,00011001110101010110
82,0.0,00011001110101010110,0.0,00011001000101011100
82,0.0,00011001000101011100,0.0,00011001000101011100
82,0.0,00011001000101011100,0.0,00111001001101000000
82,0.0,00111001001101000000,0.0,10110001001001000000
82,0.0,10110001001001000000,0.0,10110011001000000000
82,0.0,10110011001000000000,0.0,10110011001000000000
82,0.0,10110011001000000000,0.0,10110001001001000000
82,0.0,10110001001001000000,0.0,10110010001001000011
82,0.0,10110010001001000011,0.0,10110010001001000011
82,0.0,10110010001001000011,0.0,11011100011001000111
82,0.0,11011100011001000111,0.0,11011100011001000111
82,0.0,11011100011001000111,0.0,01010100011001001100
82,0.0,01010100011001001100,0.0,01011000111001011000
82,0.0,01011000111001011000,0.0,00110100111001110001
82,0.0,00110100111001110001,0.0,00101000111101110110
82,0.0,00101000111101110110,0.0,10101000011101010111
82,0.0,10101000011101010111,0.0,10101101011110010011
82,0.0,10101101011110010011,0.0,10111100011110010011
82,0.0,10111100011110010011,0.0,10110100111010110010
82,0.0,10110100111010110010,0.0,00111100111011100011
82,0.0,00111100111011100011,0.0,00111100111011100011
82,0.0,00111100111011100011,0.0,00111010101010100101
82,0.0,00111010101010100101,0.0,00110010111010000101
82,0.0,00110010111010000101,0.0,01110010100111000000
82,0.0,01110010100111000000,0.0,01110110000111000010
82,0.0,01110110000111000010,0.0,01100110001101010001
82,0.0,01100110001101010001,0.0,00110110001001010001
82,0.0,00110110001001010001,0.0,00111110001110010010
82,0.0,00111110001110010010,0.0,00111001001110010011
82,0.0,00111001001110010011,0.0,01111001001110000001
82,0.0,01111001001110000001,0.0,01101101001111000000
82,0.0,01101101001111000000,0.0,01101100001111101001
83,2.0,11010110000001011001,2.0,11010110000001011000
83,2.0,11010110000001011000,0.0,10010110000101011010
83,0.0,10010110000101011010,0.0,10010110000101011010
83,0.0,10010110000101011010,0.0,10011100001101010110
83,0.0,10011100001101010110,0.0,10011001001100010111
83,0.0,10011001001100010111,0.0,10011101001100100111
83,0.0,10011101001100100111,0.0,10110101100100100101
83,0.0,10110101100100100101,0.0,10110001100100010101
83,0.0,10110001100100010101,0.0,10110001000110010100
83,0.0,10110001000110010100,0.0,10111101000010001100
83,0.0,10111101000010001100,0.0,10111001000100001100
83,0.0,10111001000100001100,0.0,10111101000010001100
83,0.0,10111101000010001100,0.0,10111101000010001100
83,0.0,10111101000010001100,0.0,10111101000010001100
83,0.0,10111101000010001100,0.0,11111100001010001011
83,0.0,11111100001010001011,0.0,11100100111110001011
83,0.0,11100100111110001011,0.0,01110000111100001010
83,0.0,01110000111100001010,0.0,10111000110101001011
83,0.0,10111000110101001011,0.0,10111000110101110010
83,0.0,10111000110101110010,0.0,10110000001101010010
83,0.0,10110000001101010010,0.0,10111000100111110011
83,0.0,10111000100111110011,0.0,10111001000101100011
83,0.0,10111001000101100011,0.0,00111001001101000000
83,0.0,00111001001101000000,0.0,00110011000101000010
83,0.0,00110011000101000010,0.0,00101011001101000011
83,0.0,00101011001101000011,0.0,01101011011100000011
83,0.0,01101011011100000011,0.0,01101011011100000011
83,0.0,01101011011100000011,0.0,01101001011101000011
83,0.0,01101001011101000011,0.0,01000101011101110010
83,0.0,01000101011101110010,0.0,01000101011101110010
83,0.0,01000101011101110010,0.0,01001001001101011011
83,0.0,01001001001101011011,0.0,01001001010101011111
83,0.0,01001001010101011111,0.0,11000001000101011100
83,0.0,11000001000101011100,0.0,11000001110101011000
83,0.0,11000001110101011000,0.0,11000001110100111100
83,0.0,11000001110100111100,0.0,11000101110010111100
83,0.0,11000101110010111100,0.0,11001101100011110110
83,0.0,11001101100011110110,0.0,10101101000011110110
83,0.0,10101101000011110110,0.0,00100101011011110000
83,0.0,00100101011011110000,0.0,00100101011011110000
83,0.0,00100101011011110000,0.0,00100101011011110000
83,0.0,00100101011011110000,0.0,00100101011011110000
83,0.0,00100101011011110000,0.0,01111100001001110001
83,0.0,01111100001001110001,0.0,01110100011001010001
83,0.0,01110100011001010001,0.0,11110100001011000000
83,0.0,11110100001011000000,0.0,10111100001111000001
83,0.0,10111100001111000001,0.0,00111110001011000011
83,0.0,00111110001011000011,0.0,00111110010011000111
83,0.0,00111110010011000111,0.0,00111110000111000100
83,0.0,00111110000111000100,0.0,00111110010011000111
83,0.0,00111110010011000111,0.0,00110100011011000111
83,0.0,00110100011011000111,0.0,00110110011010000111
83,0.0,00110110011010000111,0.0,00110010111010000101
83,0.0,00110010111010000101,0.0,10111000011001000101
83,0.0,10111000011001000101,0.0,10111000011001000101
83,0.0,10111000011001000101,0.0,10011000011011010110
83,0.0,10011000011011010110,0.0,10011000011011010110
83,0.0,10011000011011010110,0.0,10011100011011100110
83,0.0,10011100011011100110,0.0,10011101001001000100
83,0.0,10011101001001000100,0.0,10011110001001000111
83,0.0,10011110001001000111,0.0,00010110001101001011
83,0.0,00010110001101001011,0.0,00010110001001001100
83,0.0,00010110001001001100,0.0,10011010001000011101
83,0.0,10011010001000011101,0.0,01011010001100011011
83,0.0,01011010001100011011,0.0,01011010001100011011
83,0.0,01011010001100011011,0.0,00010010111100011011
83,0.0,00010010111100011011,0.0,00111110110100011001
83,0.0,00111110110100011001,0.0,00111110110100011001
83,0.0,00111110110100011001,0.0,00011011110100011000
83,0.0,00011011110100011000,0.0,00011101110110111011
83,0.0,00011101110110111011,0.0,00011101000110111111
83,0.0,00011101000110111111,0.0,00011101000110111111
83,0.0,00011101000110111111,0.0,00011101010100111110
83,0.0,00011101010100111110,0.0,00010101010110011111
83,0.0,00010101010110011111,0.0,00000001011110111110
83,0.0,00000001011110111110,0.0,01101001001110010100
83,0.0,01101001001110010100,0.0,01101001001110010100
83,0.0,01101001001110010100,0.0,01101001101100010101
83,0.0,01101001101100010101,0.0,01100011100100010111
83,0.0,01100011100100010111,0.0,01100011100100011001
83,0.0,01100011100100011001,0.0,01100011100100011001
83,0.0,01100011100100011001,0.0,01101111100000111000
83,0.0,01101111100000111000,0.0,01100101101000111000
83,0.0,01100101101000111000,0.0,00101101101100111001
83,0.0,00101101101100111001,0.0,00100111100100111011
83,0.0,00100111100100111011,0.0,01000111100110111010
83,0.0,01000111100110111010,0.0,01000101100111111010
83,0.0,01000101100111111010,0.0,01010101010111010000
83,0.0,01010101010111010000,0.0,11011101010110110001
83,0.0,11011101010110110001,0.0,01011101010110011011
83,0.0,01011101010110011011,0.0,01010110010110111001
83,0.0,01010110010110111001,0.0,00100011100110111000
83,0.0,00100011100110111000,0.0,00101010110110111101
83,0.0,00101010110110111101,0.0,01101010010110011101
83,0.0,01101010010110011101,0.0,01101010010110011101
83,0.0,01101010010110011101,0.0,01111010001010000101
83,0.0,01111010001010000101,0.0,00111110010011000111
83,0.0,00111110010011000111,0.0,10011010010111000111
83,0.0,10011010010111000111,0.0,10011010010111000111
83,0.0,10011010010111000111,0.0,00111010010101000111
83,0.0,00111010010101000111,0.0,01011010110101000111
83,0.0,01011010110101000111,0.0,11110010010100000100
83,0.0,11110010010100000100,0.0,10011111010100000111
83,0.0,10011111010100000111,0.0,10011111010100000111
83,0.0,10011111010100000111,0.0,10011101010101000111
83,0.0,10011101010101000111,0.0,10011010010111000111
83,0.0,10011010010111000111,0.0,10011101010101000111
83,0.0,10011101010101000111,0.0,11111001010100100011
83,0.0,11111001010100100011,0.0,11111001010000100100
83,0.0,11111001010000100100,0.0,11111001010001000000
83,0.0,11111001010001000000,0.0,10110001010001000100
83,0.0,10110001010001000100,0.0,10110000110101100100
83,0.0,10110000110101100100,0.0,10101100011101100111
83,0.0,10101100011101100111,0.0,10100001001001101001
83,0.0,10100001001001101001,0.0,10100000001001111100
83,0.0,10100000001001111100,0.0,10101010000001111100
83,0.0,10101010000001111100,0.0,10001110001001011100
83,0.0,10001110001001011100,0.0,10011000001001011101
83,0.0,10011000001001011101,0.0,10111000001000011110
83,0.0,10111000001000011110,0.0,10111000001000011110
83,0.0,10111000001000011110,0.0,10101001001000011110
83,0.0,10101001001000011110,0.0,10110101000100010111
83,0.0,10110101000100010111,0.0,10110001000110010100
83,0.0,10110001000110010100,0.0,10110001000110010100
83,0.0,10110001000110010100,0.0,00111001000111000101
83,0.0,00111001000111000101,0.0,01011001100111000101
83,0.0,01011001100111000101,0.0,00010101110111000111
83,0.0,00010101110111000111,0.0,01001011110101000111
83,0.0,01001011110101000111,0.0,01011111110110000011
83,0.0,01011111110110000011,0.0,01011111110110000011
83,0.0,01011111110110000011,0.0,01011111110110000011
83,0.0,01011111110110000011,0.0,01110011110010000000
83,0.0,01110011110010000000,0.0,01011011110010110001
83,0.0,01011011110010110001,0.0,01011011110010110001
83,0.0,01011011110010110001,0.0,00010011100100111010
83,0.0,00010011100100111010,0.0,00110010100110111000
83,0.0,00110010100110111000,0.0,00111010110110010100
83,0.0,00111010110110010100,0.0,00101011110110010100
83,0.0,00101011110110010100,0.0,00100001111110010100
83,0.0,00100001111110010100,0.0,01100101111100000101
83,0.0,01100101111100000101,0.0,01101111110100000101
84,2.0,11100111001000100001,2.0,11100101001010110011
84,2.0,11100101001010110011,0.0,11100101001010100100
84,0.0,11100101001010100100,0.0,11100101001000010111
84,0.0,11100101001000010111,0.0,11110000001010010100
84,0.0,11110000001010010100,0.0,11110000001010010100
84,0.0,11110000001010010100,0.0,10011000101101010100
84,0.0,10011000101101010100,0.0,10011000001001011101
84,0.0,10011000001001011101,0.0,11010000000101011100
84,0.0,11010000000101011100,0.0,11011100000101111010
84,0.0,11011100000101111010,0.0,11010101000011110000
84,0.0,11010101000011110000,0.0,01010101001011100001
84,0.0,01010101001011100001,0.0,01011101010011110011
84,0.0,01011101010011110011,0.0,01011101010011110011
84,0.0,01011101010011110011,0.0,01011101010011110011
84,0.0,01011101010011110011,0.0,01011001011011000010
84,0.0,01011001011011000010,0.0,01011001111001000011
84,0.0,01011001111001000011,0.0,01000001111101001001
84,0.0,01000001111101001001,0.0,01001001101101101001
84,0.0,01001001101101101001,0.0,01001001101101101001
84,0.0,01001001101101101001,0.0,01001001101101101001
84,0.0,01001001101101101001,0.0,01000001111101001001
84,0.0,01000001111101001001,0.0,01000101111110011000
84,0.0,01000101111110011000,0.0,01001101110110111100
84,0.0,01001101110110111100,0.0,01001111000110011100
84,0.0,01001111000110011100,0.0,00011111000010011100
84,0.0,00011111000010011100,0.0,00011011000100011100
84,0.0,00011011000100011100,0.0,00011011000100011100
84,0.0,00011011000100011100,0.0,00011001000101011100
84,0.0,00011001000101011100,0.0,00011101010101011010
84,0.0,00011101010101011010,0.0,10010100110101111010
84,0.0,10010100110101111010,0.0,10000101110101111010
84,0.0,10000101110101111010,0.0,10000001111101110001
84,0.0,10000001111101110001,0.0,00001101111111110001
84,0.0,00001101111111110001,0.0,10001001111111100011
84,0.0,10001001111111100011,0.0,11000001111011100010
84,0.0,11000001111011100010,0.0,01010001110001101011
84,0.0,01010001110001101011,0.0,01010001000001101111
84,0.0,01010001000001101111,0.0,01011001010001001101
84,0.0,01011001010001001101,0.0,01011001010001001101
84,0.0,01011001010001001101,0.0,01011001010001001101
84,0.0,01011001010001001101,0.0,11010101010001001000
84,0.0,11010101010001001000,0.0,01011101010101001000
84,0.0,01011101010101001000,0.0,01011101000111001001
84,0.0,01011101000111001001,0.0,11011101100110001011
84,0.0,11011101100110001011,0.0,11001101100110011110
84,0.0,11001101100110011110,0.0,01010101100110001110
84,0.0,01010101100110001110,0.0,11001001000111001110
84,0.0,11001001000111001110,0.0,11000001000101011100
84,0.0,11000001000101011100,0.0,01001101100101011101
84,0.0,01001101100101011101,0.0,00011101100001011101
84,0.0,00011101100001011101,0.0,00011101100001011101
84,0.0,00011101100001011101,0.0,00011001110001101101
84,0.0,00011001110001101101,0.0,00011000101001111100
84,0.0,00011000101001111100,0.0,00001010101001111111
84,0.0,00001010101001111111,0.0,01001110111100111010
84,0.0,01001110111100111010,0.0,01001110111100111010
84,0.0,01001110111100111010,0.0,00011010101100111011
84,0.0,00011010101100111011,0.0,00010110000111111001
84,0.0,00010110000111111001,0.0,01010110100110111010
84,0.0,01010110100110111010,0.0,00010111100010111010
84,0.0,00010111100010111010,0.0,00010111100010111010
84,0.0,00010111100010111010,0.0,01010111100010101000
84,0.0,01010111100010101000,0.0,01010111100010101000
84,0.0,01010111100010101000,0.0,01010111100010101000
84,0.0,01010111100010101000,0.0,01010111100010101000
84,0.0,01010111100010101000,0.0,10111101110010001000
84,0.0,10111101110010001000,0.0,00111011100010001011
84,0.0,00111011100010001011,0.0,10010011100010011001
84,0.0,10010011100010011001,0.0,11010010100110011001
84,0.0,11010010100110011001,0.0,10010101100110111000
84,0.0,10010101100110111000,0.0,00011001100111011001
84,0.0,00011001100111011001,0.0,00010101110111001001
84,0.0,00010101110111001001,0.0,00011001110101011000
84,0.0,00011001110101011000,0.0,10010001110001011000
84,0.0,10010001110001011000,0.0,10010001110001011000
84,0.0,10010001110001011000,0.0,10010001110001011000
84,0.0,10010001110001011000,0.0,10010001110001011000
84,0.0,10010001110001011000,0.0,10001001001001011101
84,0.0,10001001001001011101,0.0,10010001000001011100
84,0.0,10010001000001011100,0.0,11000101000011011100
84,0.0,11000101000011011100,0.0,11001100001011011101
84,0.0,11001100001011011101,0.0,11001100001011011101
84,0.0,11001100001011011101,0.0,11101100001010011110
84,0.0,11101100001010011110,0.0,11101100101000011111
84,0.0,11101100101000011111,0.0,10101000101100111110
84,0.0,10101000101100111110,0.0,10101000011100111101
84,0.0,10101000011100111101,0.0,00100000111110111101
84,0.0,00100000111110111101,0.0,00101101110100111101
84,0.0,00101101110100111101,0.0,00100101100001111100
84,0.0,00100101100001111100,0.0,10000101100011111100
84,0.0,10000101100011111100,0.0,10100101110000111101
84,0.0,10100101110000111101,0.0,10100101110000111101
84,0.0,10100101110000111101,0.0,10001101110110111101
84,0.0,10001101110110111101,0.0,10001101101110111001
84,0.0,10001101101110111001,0.0,00000101101110111100
84,0.0,00000101101110111100,0.0,00001101101101001110
84,0.0,00001101101101001110,0.0,00001101101101001110
84,0.0,00001101101101001110,0.0,00000001101101101101
84,0.0,00000001101101101101,0.0,00000001101101101101
84,0.0,00000001101101101101,0.0,00000001101101101101
84,0.0,00000001101101101101,0.0,00010101001101001000
84,0.0,00010101001101001000,0.0,00010101001100101100
84,0.0,00010101001100101100,0.0,00011101000101101100
84,0.0,00011101000101101100,0.0,00010101001100101100
84,0.0,00010101001100101100,0.0,00011101001100111010
84,0.0,00011101001100111010,0.0,01111101000000111011
84,0.0,01111101000000111011,0.0,01010001000001101111
84,0.0,01010001000001101111,0.0,01010001000001101111
84,0.0,01010001000001101111,0.0,11001001000001111111
84,0.0,11001001000001111111,0.0,11010001000010011101
84,0.0,11010001000010011101,0.0,11010001010000011100
84,0.0,11010001010000011100,0.0,01010001011000001101
84,0.0,01010001011000001101,0.0,01011011001000001001
84,0.0,01011011001000001001,0.0,01011011001000001001
84,0.0,01011011001000001001,0.0,01000111111010001001
84,0.0,01000111111010001001,0.0,00001011111010001110
84,0.0,00001011111010001110,0.0,10100010011010001110
84,0.0,10100010011010001110,0.0,00101110111010001111
84,0.0,00101110111010001111,0.0,00111110100010101110
84,0.0,00111110100010101110,0.0,00101110111010110110
84,0.0,00101110111010110110,0.0,00101110101000111101
84,0.0,00101110101000111101,0.0,00000111101010101101
84,0.0,00000111101010101101,0.0,00001011101000111100
84,0.0,00001011101000111100,0.0,10001011001000011101
84,0.0,10001011001000011101,0.0,10011111001000000100
84,0.0,10011111001000000100,0.0,10001111001001000111
84,0.0,10001111001001000111,0.0,10011110001001000111
84,0.0,10011110001001000111,0.0,11001110001101000111
84,0.0,11001110001101000111,0.0,11001110001101000111
84,0.0,11001110001101000111,0.0,11001110101011000101
84,0.0,11001110101011000101,0.0,11101110101010000110
84,0.0,11101110101010000110,0.0,11101110101010000110
84,0.0,11101110101010000110,0.0,11110100100110010101
84,0.0,11110100100110010101,0.0,11110010000110000101
84,0.0,11110010000110000101,0.0,11110010010100000100
84,0.0,11110010010100000100,0.0,11111010010100010010
84,0.0,11111010010100010010,0.0,11110010010100000100
84,0.0,11110010010100000100,0.0,11111010000100100100
84,0.0,11111010000100100100,0.0,10000010000111111110
84,0.0,10000010000111111110,0.0,10000010000111111110
84,0.0,10000010000111111110,0.0,11000010010111011010
84,0.0,11000010010111011010,0.0,10000010110111111010
84,0.0,10000010110111111010,0.0,11001110110111110001
84,0.0,11001110110111110001,0.0,11001110110111110001
84,0.0,11001110110111110001,0.0,11001110110111110001
84,0.0,11001110110111110001,0.0,11001110110111110001
84,0.0,11001110110111110001,0.0,11001110110111110001
84,0.0,11001110110111110001,0.0,11001110110111110001
84,0.0,11001110110111110001,0.0,10100110110110111000
84,0.0,10100110110110111000,0.0,11100101010110101001
84,0.0,11100101010110101001,0.0,11100101010110101001
84,0.0,11100101010110101001,0.0,11101001010001101001
84,0.0,11101001010001101001,0.0,10101011000001101001
84,0.0,10101011000001101001,0.0,10101010100011111001
85,12.0,01011110001100100111,0.0,01011101101110100011
85,0.0,01011101101110100011,0.0,01110001101010100000
85,0.0,01110001101010100000,0.0,01110101101000100011
85,0.0,01110101101000100011,0.0,01110101010010101000
85,0.0,01110101010010101000,0.0,01110101010010101000
85,0.0,01110101010010101000,0.0,11110101000010001010
85,0.0,11110101000010001010,0.0,10111001100110001001
85,0.0,10111001100110001001,0.0,10111001100110001001
85,0.0,10111001100110001001,0.0,10100101110110001100
85,0.0,10100101110110001100,0.0,10001101110110111101
85,0.0,10001101110110111101,0.0,10010000110111001110
85,0.0,10010000110111001110,0.0,00010100110111011100
85,0.0,00010100110111011100,0.0,00011001100110111101
85,0.0,00011001100110111101,0.0,00011101100111100111
85,0.0,00011101100111100111,0.0,00010101101011000100
85,0.0,00010101101011000100,0.0,10011100000111011101
85,0.0,10011100000111011101,0.0,10001101000111011101
85,0.0,10001101000111011101,0.0,00000101110111011100
85,0.0,00000101110111011100,0.0,10001101110110111101
85,0.0,10001101110110111101,0.0,00000001011110111110
85,0.0,00000001011110111110,0.0,10001001011010111100
85,0.0,10001001011010111100,0.0,10001001011011011000
85,0.0,10001001011011011000,0.0,10000111011001010000
85,0.0,10000111011001010000,0.0,10001011001011000100
85,0.0,10001011001011000100,0.0,10001011001011000100
85,0.0,10001011001011000100,0.0,10001011001011000100
85,0.0,10001011001011000100,0.0,11000111100011000100
85,0.0,11000111100011000100,0.0,11010001100011000101
85,0.0,11010001100011000101,0.0,11010101100111000000
85,0.0,11010101100111000000,0.0,11010101100111000000
85,0.0,11010101100111000000,0.0,11011101100011100011
85,0.0,11011101100011100011,0.0,11101101110011100000
85,0.0,11101101110011100000,0.0,11101101110011100000
85,0.0,11101101110011100000,0.0,01010101010011100101
85,0.0,01010101010011100101,0.0,01011101110110100111
85,0.0,01011101110110100111,0.0,01011111110010000100
85,0.0,01011111110010000100,0.0,01011011001000000111
85,0.0,01011011001000000111,0.0,01010010011110000110
85,0.0,01010010011110000110,0.0,00010011011010000110
85,0.0,00010011011010000110,0.0,00010110001010011111
85,0.0,00010110001010011111,0.0,00010110001010011111
85,0.0,00010110001010011111,0.0,00011110000011011111
85,0.0,00011110000011011111,0.0,01011110000110011100
85,0.0,01011110000110011100,0.0,11010010000100011100
85,0.0,11010010000100011100,0.0,11010011000100000111
85,0.0,11010011000100000111,0.0,10111011000100100011
85,0.0,10111011000100100011,0.0,10111011000100100011
85,0.0,10111011000100100011,0.0,10111011000100100011
85,0.0,10111011000100100011,0.0,10111111000010100011
85,0.0,10111111000010100011,0.0,01111111000010100010
85,0.0,01111111000010100010,0.0,01111011000100100010
85,0.0,01111011000100100010,0.0,01111011000100100010
85,0.0,01111011000100100010,0.0,01011111110110000011
85,0.0,01011111110110000011,0.0,01110111100100000000
85,0.0,01110111100100000000,0.0,01110111100100000000
85,0.0,01110111100100000000,0.0,01110111100100000000
85,0.0,01110111100100000000,0.0,10111011110000100000
85,0.0,10111011110000100000,0.0,10111011000001000000
85,0.0,10111011000001000000,0.0,00111111101000000001
85,0.0,00111111101000000001,0.0,00111101101001000001
85,0.0,00111101101001000001,0.0,01111000111011000001
85,0.0,01111000111011000001,0.0,01111000001011000101
85,0.0,01111000001011000101,0.0,01111000001011000101
85,0.0,01111000001011000101,0.0,01111010001010000101
85,0.0,01111010001010000101,0.0,01101011001010000101
85,0.0,01101011001010000101,0.0,01101011001010000101
85,0.0,01101011001010000101,0.0,01101001001011000101
85,0.0,01101001001011000101,0.0,01101001001011000101
85,0.0,01101001001011000101,0.0,01100000011011110101
85,0.0,01100000011011110101,0.0,01000110011001110110
85,0.0,01000110011001110110,0.0,01000001011001110111
85,0.0,01000001011001110111,0.0,01000001011001110111
85,0.0,01000001011001110111,0.0,01000001101001111010
85,0.0,01000001101001111010,0.0,01000101100111111010
85,0.0,01000101100111111010,0.0,11000001100111010111
85,0.0,11000001100111010111,0.0,01010111100011000010
85,0.0,01010111100011000010,0.0,00110011100011000000
85,0.0,00110011100011000000,0.0,00110111000011000010
85,0.0,00110111000011000010,0.0,00100111100111100010
85,0.0,00100111100111100010,0.0,00100011100110001111
85,0.0,00100011100110001111,0.0,00100011100110001111
85,0.0,00100011100110001111,0.0,01101011100110001011
85,0.0,01101011100110001011,0.0,01000011100011011011
85,0.0,01000011100011011011,0.0,01000011100011011011
85,0.0,01000011100011011011,0.0,01000011100011011011
85,0.0,01000011100011011011,0.0,00110001000011011000
85,0.0,00110001000011011000,0.0,00110001000011011000
85,0.0,00110001000011011000,0.0,00110001000011011000
85,0.0,00110001000011011000,0.0,01111001000011010010
85,0.0,01111001000011010010,0.0,00110001110010110110
85,0.0,00110001110010110110,0.0,00110001110010110110
85,0.0,00110001110010110110,0.0,10111001110010110011
85,0.0,10111001110010110011,0.0,10110001110110010000
85,0.0,10110001110110010000,0.0,10110101110100010011
85,0.0,10110101110100010011,0.0,10010100111110010111
85,0.0,10010100111110010111,0.0,10010100111110010111
85,0.0,10010100111110010111,0.0,10111100011110010011
85,0.0,10111100011110010011,0.0,10111100011110010011
85,0.0,10111100011110010011,0.0,11110000001110010011
85,0.0,11110000001110010011,0.0,11111000000111010011
85,0.0,11111000000111010011,0.0,01110000000111010110
85,0.0,01110000000111010110,0.0,01111001000011010010
85,0.0,01111001000011010010,0.0,11101101000001011001
85,0.0,11101101000001011001,0.0,01100101000001011100
85,0.0,01100101000001011100,0.0,01110001000000011101
85,0.0,01110001000000011101,0.0,01100111000000011100
85,0.0,01100111000000011100,0.0,01100111000000011100
85,0.0,01100111000000011100,0.0,00100111001000110101
85,0.0,00100111001000110101,0.0,01000111001010110100
85,0.0,01000111001010110100,0.0,01000111001011010000
85,0.0,01000111001011010000,0.0,00011111101010010010
85,0.0,00011111101010010010,0.0,00010111101010000100
85,0.0,00010111101010000100,0.0,00010111101010000100
85,0.0,00010111101010000100,0.0,00111111001010000000
85,0.0,00111111001010000000,0.0,00111011001100000000
85,0.0,00111011001100000000,0.0,00111001001101000000
85,0.0,00111001001101000000,0.0,00010101001101000110
85,0.0,00010101001101000110,0.0,01010101011100000110
85,0.0,01010101011100000110,0.0,11011001001100000101
85,0.0,11011001001100000101,0.0,01011001101100100100
85,0.0,01011001101100100100,0.0,01001101101110110110
85,0.0,01001101101110110110,0.0,01001101101110110110
85,0.0,01001101101110110110,0.0,00001101001111110101
85,0.0,00001101001111110101,0.0,00101001001011010111
85,0.0,00101001001011010111,0.0,00101001011001010110
85,0.0,00101001011001010110,0.0,00101011011000010110
85,0.0,00101011011000010110,0.0,00001011011001010101
85,0.0,00001011011001010101,0.0,00100010011001001101
85,0.0,00100010011001001101,0.0,00100010011001001101
85,0.0,00100010011001001101,0.0,00100110001111001001
85,0.0,00100110001111001001,0.0,00100110001111001001
85,0.0,00100110001111001001,0.0,00100110001111000111
85,0.0,00100110001111000111,0.0,00100110011101000110
85,0.0,00100110011101000110,0.0,00100110011101000110
85,0.0,00100110011101000110,0.0,00100110011101000110
86,0.0,00110110001110000100,0.0,00010101001101000110
86,0.0,00010101001101000110,0.0,00010101101011000100
86,0.0,00010101101011000100,0.0,00101001101011100101
86,0.0,00101001101011100101,0.0,00101001101011100101
86,0.0,00101001101011100101,0.0,01100001100111100100
86,0.0,01100001100111100100,0.0,01100001100111100100
86,0.0,01100001100111100100,0.0,01100001100111100100
86,0.0,01100001100111100100,0.0,01110001100001000101
86,0.0,01110001100001000101,0.0,01110001110011000000
86,0.0,01110001110011000000,0.0,01101111100001010010
86,0.0,01101111100001010010,0.0,00101111110001110001
86,0.0,00101111110001110001,0.0,00100111100001010110
86,0.0,00100111100001010110,0.0,00110110100001010110
86,0.0,00110110100001010110,0.0,00110110010001010101
86,0.0,00110110010001010101,0.0,00100111010001010101
86,0.0,00100111010001010101,0.0,00101111000001110101
86,0.0,00101111000001110101,0.0,00101111000001110101
86,0.0,00101111000001110101,0.0,00101111000001110101
86,0.0,00101111000001110101,0.0,00101111010011000111
86,0.0,00101111010011000111,0.0,00101111010011000111
86,0.0,00101111010011000111,0.0,00101111010110010110
86,0.0,00101111010110010110,0.0,00111011000110000101
86,0.0,00111011000110000101,0.0,00111011000000001110
86,0.0,00111011000000001110,0.0,00110011100000011001
86,0.0,00110011100000011001,0.0,00110111000000011011
86,0.0,00110111000000011011,0.0,00110111100000101001
86,0.0,00110111100000101001,0.0,00110001100000111101
86,0.0,00110001100000111101,0.0,01100101000001011100
86,0.0,01100101000001011100,0.0,01101100001001011101
86,0.0,01101100001001011101,0.0,11100100000101011101
86,0.0,11100100000101011101,0.0,11101010000101101001
86,0.0,11101010000101101001,0.0,11000010110111101000
86,0.0,11000010110111101000,0.0,11001110110111110001
86,0.0,11001110110111110001,0.0,11001110000111110101
86,0.0,11001110000111110101,0.0,01000110110111110100
86,0.0,01000110110111110100,0.0,01000110110111110100
86,0.0,01000110110111110100,0.0,00000111110011110100
86,0.0,00000111110011110100,0.0,00000111110011110100
86,0.0,00000111110011110100,0.0,00101111010011110000
86,0.0,00101111010011110000,0.0,00100110010111110100
86,0.0,00100110010111110100,0.0,00111100110111100100
86,0.0,00111100110111100100,0.0,00011010110111100110
86,0.0,00011010110111100110,0.0,00011010110111100110
86,0.0,00011010110111100110,0.0,00101110110111100111
86,0.0,00101110110111100111,0.0,00101111110110100100
86,0.0,00101111110110100100,0.0,01100001110110001111
86,0.0,01100001110110001111,0.0,10101001110100101111
86,0.0,10101001110100101111,0.0,10101101111000101010
86,0.0,10101101111000101010,0.0,10100001111000001100
86,0.0,10100001111000001100,0.0,10101001110001001100
86,0.0,10101001110001001100,0.0,11001101110001001110
86,0.0,11001101110001001110,0.0,01001101110011101101
86,0.0,01001101110011101101,0.0,01000111110111100001
86,0.0,01000111110111100001,0.0,00101111110111000000
86,0.0,00101111110111000000,0.0,00100111111110000000
86,0.0,00100111111110000000,0.0,00100111111110000000
86,0.0,00100111111110000000,0.0,01100111101000010010
86,0.0,01100111101000010010,0.0,01101111101100000001
86,0.0,01101111101100000001,0.0,01101101101101000001
86,0.0,01101101101101000001,0.0,01101101101101000001
86,0.0,01101101101101000001,0.0,00100101101101000101
86,0.0,00100101101101000101,0.0,00101001101110001101
86,0.0,00101001101110001101,0.0,00101010101110110111
86,0.0,00101010101110110111,0.0,00101000101111110111
86,0.0,00101000101111110111,0.0,00111000001011010111
86,0.0,00111000001011010111,0.0,00111100001011100111
86,0.0,00111100001011100111,0.0,00111100001011100111
86,0.0,00111100001011100111,0.0,00110100101010101110
86,0.0,00110100101010101110,0.0,00010100101011101101
86,0.0,00010100101011101101,0.0,00010110101011001001
86,0.0,00010110101011001001,0.0,00010110101011001001
86,0.0,00010110101011001001,0.0,00010010101101001001
86,0.0,00010010101101001001,0.0,00010010101101001001
86,0.0,00010010101101001001,0.0,00010010101101001001
86,0.0,00010010101101001001,0.0,00011100101101001110
86,0.0,00011100101101001110,0.0,10100100001101001110
86,0.0,10100100001101001110,0.0,10101110000101001110
86,0.0,10101110000101001110,0.0,10101010100101001100
86,0.0,10101010100101001100,0.0,11101010101100001000
86,0.0,11101010101100001000,0.0,11101010101100001000
86,0.0,11101010101100001000,0.0,11100110010110011000
86,0.0,11100110010110011000,0.0,11000010010111011010
86,0.0,11000010010111011010,0.0,10001010010111011100
86,0.0,10001010010111011100,0.0,10011110000110011101
86,0.0,10011110000110011101,0.0,10011110000110011101
86,0.0,10011110000110011101,0.0,11010110000010011100
86,0.0,11010110000010011100,0.0,11011101100010001100
86,0.0,11011101100010001100,0.0,11011110100010001111
86,0.0,11011110100010001111,0.0,11010110000010011100
86,0.0,11010110000010011100,0.0,11010110000010011100
86,0.0,11010110000010011100,0.0,11011011000000011000
86,0.0,11011011000000011000,0.0,01010011100010011000
86,0.0,01010011100010011000,0.0,11011001100010111001
86,0.0,11011001100010111001,0.0,10010001100010111101
86,0.0,10010001100010111101,0.0,10010001100010111101
86,0.0,10010001100010111101,0.0,10010001100010111101
86,0.0,10010001100010111101,0.0,10000111100010111100
86,0.0,10000111100010111100,0.0,10001011001000011101
86,0.0,10001011001000011101,0.0,10010010001101010001
86,0.0,10010010001101010001,0.0,10010010001101010001
86,0.0,10010010001101010001,0.0,11011000001101110001
86,0.0,11011000001101110001,0.0,11011000001101110001
86,0.0,11011000001101110001,0.0,11011000001101110001
86,0.0,11011000001101110001,0.0,10011001001001110001
86,0.0,10011001001001110001,0.0,00010001001001110100
86,0.0,00010001001001110100,0.0,01011001001001001001
86,0.0,01011001001001001001,0.0,01000101011101001011
86,0.0,01000101011101001011,0.0,01000101011101001011
86,0.0,01000101011101001011,0.0,01000001111101001001
86,0.0,01000001111101001001,0.0,01000001111101000111
86,0.0,01000001111101000111,0.0,00000011101101000111
86,0.0,00000011101101000111,0.0,00101011001101000011
86,0.0,00101011001101000011,0.0,00101001001101101001
86,0.0,00101001001101101001,0.0,00101001001101101001
86,0.0,00101001001101101001,0.0,10100001001100111000
86,0.0,10100001001100111000,0.0,10100001001100111000
86,0.0,10100001001100111000,0.0,10100001001100111000
86,0.0,10100001001100111000,0.0,10111001001000110010
86,0.0,10111001001000110010,0.0,10100101101001010011
86,0.0,10100101101001010011,0.0,10100101001011010010
86,0.0,10100101001011010010,0.0,10100101001010111000
86,0.0,10100101001010111000,0.0,10100101001010111000
86,0.0,10100101001010111000,0.0,10100011001000101001
86,0.0,10100011001000101001,0.0,10100111001100100010
86,0.0,10100111001100100010,0.0,10100111101010100000
86,0.0,10100111101010100000,0.0,10101111100011100000
86,0.0,10101111100011100000,0.0,10100111110110100011
86,0.0,10100111110110100011,0.0,00110011100110100011
86,0.0,00110011100110100011,0.0,00110011100110100011
86,0.0,00110011100110100011,0.0,00110011100110100011
86,0.0,00110011100110100011,0.0,00110111100001000011
86,0.0,00110111100001000011,0.0,00101111010011001001
86,0.0,00101111010011001001,0.0,00100101011011001001
86,0.0,00100101011011001001,0.0,00010001111001001001
86,0.0,00010001111001001001,0.0,00010001111001001001
86,0.0,00010001111001001001,0.0,00010001001101110011
86,0.0,00010001001101110011,0.0,10010010001101010001
86,0.0,10010010001101010001,0.0,10010010001101010001
86,0.0,10010010001101010001,0.0,01010010001101010000
86,0.0,01010010001101010000,0.0,01000010001101111001
87,2.0,00110101010110010100,2.0,00111001011010001001
87,2.0,00111001011010001001,2.0,10111001011000010001
87,2.0,10111001011000010001,2.0,10010001011010010101
87,2.0,10010001011010010101,2.0,10010010011010010111
87,2.0,10010010011010010111,0.0,00010101111010010110
87,0.0,00010101111010010110,0.0,00111001101000010101
87,0.0,00111001101000010101,0.0,00111001101000010101
87,0.0,00111001101000010101,0.0,00111001101000010101
87,0.0,00111001101000010101,0.0,00111001001010010100
87,0.0,00111001001010010100,0.0,00111101001000011001
87,0.0,00111101001000011001,0.0,00111101001000011001
87,0.0,00111101001000011001,0.0,01110101000100011000
87,0.0,01110101000100011000,0.0,01101101001100011001
87,0.0,01101101001100011001,0.0,11110101110100000001
87,0.0,11110101110100000001,0.0,01110101110100010010
87,0.0,01110101110100010010,0.0,01110001110000011001
87,0.0,01110001110000011001,0.0,01111101111000000001
87,0.0,01111101111000000001,0.0,01111101111000000001
87,0.0,01111101111000000001,0.0,01111101111000000001
87,0.0,01111101111000000001,0.0,01111101111000000001
87,0.0,01111101111000000001,0.0,01111101111000000001
87,0.0,01111101111000000001,0.0,01010101111010000100
87,0.0,01010101111010000100,0.0,11010101010000101100
87,0.0,11010101010000101100,0.0,11010001010000011100
87,0.0,11010001010000011100,0.0,11010001001000011000
87,0.0,11010001001000011000,0.0,11010001001000011000
87,0.0,11010001001000011000,0.0,11000001101100111000
87,0.0,11000001101100111000,0.0,11000101001100111010
87,0.0,11000101001100111010,0.0,11010001001000011000
87,0.0,11010001001000011000,0.0,11001101111110010011
87,0.0,11001101111110010011,0.0,11101101101110000010
87,0.0,11101101101110000010,0.0,11101000101101000110
87,0.0,11101000101101000110,0.0,01100000111111000101
87,0.0,01100000111111000101,0.0,01101110101001000101
87,0.0,01101110101001000101,0.0,00101110101001010111
87,0.0,00101110101001010111,0.0,01101100111001010111
87,0.0,01101100111001010111,0.0,01001110011011010101
87,0.0,01001110011011010101,0.0,01001010011101010101
87,0.0,01001010011101010101,0.0,01001010011101010101
87,0.0,01001010011101010101,0.0,11001010111100010111
87,0.0,11001010111100010111,0.0,11001000111101010111
87,0.0,11001000111101010111,0.0,11011000111100010100
87,0.0,11011000111100010100,0.0,11011100011100010110
87,0.0,11011100011100010110,0.0,11011100011100010110
87,0.0,11011100011100010110,0.0,11011001001100000101
87,0.0,11011001001100000101,0.0,11011001001100000101
87,0.0,11011001001100000101,0.0,11011001001100000101
87,0.0,11011001001100000101,0.0,11011100001101000100
87,0.0,11011100001101000100,0.0,11011110001100000100
87,0.0,11011110001100000100,0.0,10011111001100000011
87,0.0,10011111001100000011,0.0,10011111001100000011
87,0.0,10011111001100000011,0.0,10010110011000001101
87,0.0,10010110011000001101,0.0,00011110011100001101
87,0.0,00011110011100001101,0.0,00001111011100001101
87,0.0,00001111011100001101,0.0,00010011001000001101
87,0.0,00010011001000001101,0.0,00010011001000001101
87,0.0,00010011001000001101,0.0,00010001001100011100
87,0.0,00010001001100011100,0.0,00010001001100011100
87,0.0,00010001001100011100,0.0,00010001001100011100
87,0.0,00010001001100011100,0.0,01011001000110011101
87,0.0,01011001000110011101,0.0,01011001000011110101
87,0.0,01011001000011110101,0.0,01011001000011110101
87,0.0,01011001000011110101,0.0,00010001001001110100
87,0.0,00010001001001110100,0.0,00010001001001110100
87,0.0,00010001001001110100,0.0,00010001111001110000
87,0.0,00010001111001110000,0.0,00010001111001110000
87,0.0,00010001111001110000,0.0,10011000111001011001
87,0.0,10011000111001011001,0.0,10011100111001101001
87,0.0,10011100111001101001,0.0,11001100111101101001
87,0.0,11001100111101101001,0.0,11101100111100101010
87,0.0,11101100111100101010,0.0,10100110111100001010
87,0.0,10100110111100001010,0.0,00101010011001011011
87,0.0,00101010011001011011,0.0,00100010011001110100
87,0.0,00100010011001110100,0.0,10101010011100010111
87,0.0,10101010011100010111,0.0,10100010111000110110
87,0.0,10100010111000110110,0.0,10101010101000101111
87,0.0,10101010101000101111,0.0,10101110101100101010
87,0.0,10101110101100101010,0.0,10110110001100100010
87,0.0,10110110001100100010,0.0,10100110101110110010
87,0.0,10100110101110110010,0.0,11100010000111110001
87,0.0,11100010000111110001,0.0,11101100110111110010
87,0.0,11101100110111110010,0.0,11101100110111110010
87,0.0,11101100110111110010,0.0,11101100110111001011
87,0.0,11101100110111001011,0.0,11101100110011001100
87,0.0,11101100110011001100,0.0,11111000110010001101
87,0.0,11111000110010001101,0.0,11100110010010101101
87,0.0,11100110010010101101,0.0,11000110110010111111
87,0.0,11000110110010111111,0.0,00001111110010111111
87,0.0,00001111110010111111,0.0,01000011110000111110
87,0.0,01000011110000111110,0.0,01000011100001101100
87,0.0,01000011100001101100,0.0,01000011100001101100
87,0.0,01000011100001101100,0.0,01001011000101001101
87,0.0,01001011000101001101,0.0,11000011000001001101
87,0.0,11000011000001001101,0.0,11000011000001001101
87,0.0,11000011000001001101,0.0,11000111010001001011
87,0.0,11000111010001001011,0.0,11001011000001011011
87,0.0,11001011000001011011,0.0,11001011000001011011
87,0.0,11001011000001011011,0.0,11000011001000011011
87,0.0,11000011001000011011,0.0,11010010001000011011
87,0.0,11010010001000011011,0.0,11001010001100011101
87,0.0,11001010001100011101,0.0,10001111001100011000
87,0.0,10001111001100011000,0.0,00001111001001011010
87,0.0,00001111001001011010,0.0,00000011001001111001
87,0.0,00000011001001111001,0.0,00000011001001110111
87,0.0,00000011001001110111,0.0,00010011001000110100
87,0.0,00010011001000110100,0.0,00010011001000110100
87,0.0,00010011001000110100,0.0,00010011001000110100
87,0.0,00010011001000110100,0.0,00011001001000111111
87,0.0,00011001001000111111,0.0,00011001001000111111
87,0.0,00011001001000111111,0.0,01011001001000101101
87,0.0,01011001001000101101,0.0,11010101001000101000
87,0.0,11010101001000101000,0.0,01011011001000001001
87,0.0,01011011001000001001,0.0,01011001011010101000
87,0.0,01011001011010101000,0.0,01010111011000100000
87,0.0,01010111011000100000,0.0,01011110111000100110
87,0.0,01011110111000100110,0.0,01010110011001100011
87,0.0,01010110011001100011,0.0,10010010011011100001
87,0.0,10010010011011100001,0.0,00011010101111100010
87,0.0,00011010101111100010,0.0,00011010001011101011
87,0.0,00011010001011101011,0.0,00010010011011001011
87,0.0,00010010011011001011,0.0,01101010011001000111
87,0.0,01101010011001000111,0.0,01101010011001000111
87,0.0,01101010011001000111,0.0,00100110011101000110
87,0.0,00100110011101000110,0.0,10000110011111000110
87,0.0,10000110011111000110,0.0,10000110011111000110
87,0.0,10000110011111000110,0.0,10001110001111100110
87,0.0,10001110001111100110,0.0,10001010101111100100
87,0.0,10001010101111100100,0.0,00011010101111100010
87,0.0,00011010101111100010,0.0,01011010101101000011
87,0.0,01011010101101000011,0.0,11010010101100010010
87,0.0,11010010101100010010,0.0,01011110101110010010
87,0.0,01011110101110010010,0.0,01011110110110011000
87,0.0,01011110110110011000,0.0,01010010110111010001
87,0.0,01010010110111010001,0.0,00010010110101110100
87,0.0,00010010110101110100,0.0,00111110110100010111
87,0.0,00111110110100010111,0.0,11100110110100010111
88,12.0,00010001100111110100,2.0,01011000101001110111
88,2.0,01011000101001110111,2.0,01110000101001110000
88,2.0,01110000101001110000,2.0,01110000110001110100
88,2.0,01110000110001110100,2.0,11110100010001100100
88,2.0,11110100010001100100,2.0,10111100000001101111
88,2.0,10111100000001101111,0.0,10110000100001101110
88,0.0,10110000100001101110,0.0,10110000100001101110
88,0.0,10110000100001101110,0.0,10110000100001101110
88,0.0,10110000100001101110,0.0,10100000101101001100
88,0.0,10100000101101001100,0.0,10100100101011001100
88,0.0,10100100101011001100,0.0,10101001101001001000
88,0.0,10101001101001001000,0.0,10100011001001000011
88,0.0,10100011001001000011,0.0,01100011001001000010
88,0.0,01100011001001000010,0.0,01100011001001000010
88,0.0,01100011001001000010,0.0,11100001011001000011
88,0.0,11100001011001000011,0.0,00111001011001000011
88,0.0,00111001011001000011,0.0,00010101011001110010
88,0.0,00010101011001110010,0.0,00001101111001111010
88,0.0,00001101111001111010,0.0,00001101101011111011
88,0.0,00001101101011111011,0.0,01011101101011000000
88,0.0,01011101101011000000,0.0,01010100101111000100
88,0.0,01010100101111000100,0.0,00010101101111000011
88,0.0,00010101101111000011,0.0,01011000111111100010
88,0.0,01011000111111100010,0.0,10011000111111100011
88,0.0,10011000111111100011,0.0,10010000111101110001
88,0.0,10010000111101110001,0.0,00110000011101110000
88,0.0,00110000011101110000,0.0,00100010011001110100
88,0.0,00100010011001110100,0.0,00001110011101110111
88,0.0,00001110011101110111,0.0,00011110011100110100
88,0.0,00011110011100110100,0.0,00010011001000110100
88,0.0,00010011001000110100,0.0,10000111011000110100
88,0.0,10000111011000110100,0.0,10000101011001110100
88,0.0,10000101011001110100,0.0,00100101001001110101
88,0.0,00100101001001110101,0.0,00100101111001110001
88,0.0,00100101111001110001,0.0,00100001011101110000
88,0.0,00100001011101110000,0.0,10000001111101110001
88,0.0,10000001111101110001,0.0,10001011011101000010
88,0.0,10001011011101000010,0.0,10001011011101000010
88,0.0,10001011011101000010,0.0,00011111110101000010
88,0.0,00011111110101000010,0.0,00111001110111000001
88,0.0,00111001110111000001,0.0,00111110110111000000
88,0.0,00111110110111000000,0.0,00111110110111000000
88,0.0,00111110110111000000,0.0,00111110110111000000
88,0.0,00111110110111000000,0.0,00110100111111000000
88,0.0,00110100111111000000,0.0,00110000111011000101
88,0.0,00110000111011000101,0.0,00110000111011000101
88,0.0,00110000111011000101,0.0,00111000111011010011
88,0.0,00111000111011010011,0.0,01111000111011000001
88,0.0,01111000111011000001,0.0,01110000110011101001
88,0.0,01110000110011101001,0.0,00110010110001101000
88,0.0,00110010110001101000,0.0,11110010110000001010
88,0.0,11110010110000001010,0.0,11110010110000001010
88,0.0,11110010110000001010,0.0,11110010000000001110
88,0.0,11110010000000001110,0.0,11110110110000000101
88,0.0,11110110110000000101,0.0,11110100110100010100
88,0.0,11110100110100010100,0.0,11110010010010110001
88,0.0,11110010010010110001,0.0,11110010010010110001
88,0.0,11110010010010110001,0.0,10111110110010110010
88,0.0,10111110110010110010,0.0,10011110110011110001
88,0.0,10011110110011110001,0.0,10011010110101110001
88,0.0,10011010110101110001,0.0,11011010100101010010
88,0.0,11011010100101010010,0.0,01010010110001011010
88,0.0,01010010110001011010,0.0,01011110110011000111
88,0.0,01011110110011000111,0.0,11011010011010000100
88,0.0,11011010011010000100,0.0,11111000001000001100
88,0.0,11111000001000001100,0.0,10111000001000011110
88,0.0,10111000001000011110,0.0,00111000001011010111
88,0.0,00111000001011010111,0.0,00111010001010010111
88,0.0,00111010001010010111,0.0,00101010001101010110
88,0.0,00101010001101010110,0.0,01101010011100010110
88,0.0,01101010011100010110,0.0,01100010010100111110
88,0.0,01100010010100111110,0.0,01100010110101100110
88,0.0,01100010110101100110,0.0,01100010100111100111
88,0.0,01100010100111100111,0.0,01100010100111100111
88,0.0,01100010100111100111,0.0,01110010100110100100
88,0.0,01110010100110100100,0.0,01110010100110100100
88,0.0,01110010100110100100,0.0,01100011100110100100
88,0.0,01100011100110100100,0.0,00110011100010100100
88,0.0,00110011100010100100,0.0,00110001100011100100
88,0.0,00110001100011100100,0.0,10010101100011100111
88,0.0,10010101100011100111,0.0,10010101110001100110
88,0.0,10010101110001100110,0.0,00010111010001100100
88,0.0,00010111010001100100,0.0,00010111010101100011
88,0.0,00010111010101100011,0.0,00010011010101010011
88,0.0,00010011010101010011,0.0,00010011010100110111
88,0.0,00010011010100110111,0.0,00010011010100110111
88,0.0,00010011010100110111,0.0,00010011010100111001
88,0.0,00010011010100111001,0.0,00001011110100111111
88,0.0,00001011110100111111,0.0,00001011110100111111
88,0.0,00001011110100111111,0.0,00001011110100111111
88,0.0,00001011110100111111,0.0,00001011110100111111
88,0.0,00001011110100111111,0.0,00001011010110111110
88,0.0,00001011010110111110,0.0,00001011010111011010
88,0.0,00001011010111011010,0.0,00101010110111011001
88,0.0,00101010110111011001,0.0,10000010110111111010
88,0.0,10000010110111111010,0.0,10000001010011111110
88,0.0,10000001010011111110,0.0,10000011010010111110
88,0.0,10000011010010111110,0.0,10001010011010111111
88,0.0,10001010011010111111,0.0,10001010011010111111
88,0.0,10001010011010111111,0.0,10000011010010111110
88,0.0,10000011010010111110,0.0,01001011010100011111
88,0.0,01001011010100011111,0.0,01001011010100011111
88,0.0,01001011010100011111,0.0,01000011010101010100
88,0.0,01000011010101010100,0.0,11000011110100010110
88,0.0,11000011110100010110,0.0,11000011110100011000
88,0.0,11000011110100011000,0.0,11000010110101011011
88,0.0,11000010110101011011,0.0,10000011110001011011
88,0.0,10000011110001011011,0.0,10000111110001101011
88,0.0,10000111110001101011,0.0,10010111110000101000
88,0.0,10010111110000101000,0.0,10011110111000101001
88,0.0,10011110111000101001,0.0,10011110111000101001
88,0.0,10011110111000101001,0.0,10001110111100111011
88,0.0,10001110111100111011,0.0,11001110111100101001
88,0.0,11001110111100101001,0.0,11001110111100101001
88,0.0,11001110111100101001,0.0,11010110011100100001
88,0.0,11010110011100100001,0.0,11011110010101100001
88,0.0,11011110010101100001,0.0,11010110110100101000
88,0.0,11010110110100101000,0.0,10010110100101101000
88,0.0,10010110100101101000,0.0,11010110100110101001
88,0.0,11010110100110101001,0.0,11000111100110101001
88,0.0,11000111100110101001,0.0,10000111100101101000
88,0.0,10000111100101101000,0.0,11000101110101101000
88,0.0,11000101110101101000,0.0,10000101110101111010
88,0.0,10000101110101111010,0.0,10001100111101111011
88,0.0,10001100111101111011,0.0,00000100111101111110
88,0.0,00000100111101111110,0.0,01000100111110111111
88,0.0,01000100111110111111,0.0,01000100111111011011
88,0.0,01000100111111011011,0.0,01000100111111011011
88,0.0,01000100111111011011,0.0,01000100111111011011
88,0.0,01000100111111011011,0.0,01000100111111011011
88,0.0,01000100111111011011,0.0,01000100011101011110
88,0.0,01000100011101011110,0.0,01000100011101011110
88,0.0,01000100011101011110,0.0,01000100011101011110
88,0.0,01000100011101011110,0.0,11001000011111010110
88,0.0,11001000011111010110,0.0,10000000011111011100
88,0.0,10000000011111011100,0.0,10000100011111101100
88,0.0,10000100011111101100,0.0,10001100011111111010
88,0.0,10001100011111111010,0.0,10011000010111101101
88,0.0,10011000010111101101,0.0,10010001000111100110
88,0.0,10010001000111100110,0.0,11000101100111100111
88,0.0,11000101100111100111,0.0,11000111100110100111
88,0.0,11000111100110100111,0.0,11000111100110100111
88,0.0,11000111100110100111,0.0,11000111100110100111
88,0.0,11000111100110100111,0.0,11000111110100100110
88,0.0,11000111110100100110,0.0,11001111110110000101
88,0.0,11001111110110000101,0.0,11100011010100000100
88,0.0,11100011010100000100,0.0,11100011000110000101
88,0.0,11100011000110000101,0.0,11001111110110000101
88,0.0,11001111110110000101,0.0,10001111110110010111
88,0.0,10001111110110010111,0.0,10001111110110011001
88,0.0,10001111110110011001,0.0,10001101110111011001
88,0.0,10001101110111011001,0.0,10001111110101000100
88,0.0,10001111110101000100,0.0,10001111111001000011
88,0.0,10001111111001000011,0.0,10011111111000000000
88,0.0,10011111111000000000,0.0,10010110011001010000
88,0.0,10010110011001010000,0.0,10011010111011000000
88,0.0,10011010111011000000,0.0,10001011111011000000
88,0.0,10001011111011000000,0.0,10001011111010100100
88,0.0,10001011111010100100,0.0,10001011101001000101
88,0.0,10001011101001000101,0.0,10001111001001000111
89,0.0,10100000001001111100,0.0,10100000001001111100
89,0.0,10100000001001111100,0.0,10101000001011101110
89,0.0,10101000001011101110,0.0,10101000101001101111
89,0.0,10101000101001101111,0.0,10101001101001000110
89,0.0,10101001101001000110,0.0,10010001101001010010
89,0.0,10010001101001010010,0.0,10011001001001110001
89,0.0,10011001001001110001,0.0,10010001011001010001
89,0.0,10010001011001010001,0.0,00011101011011010001
89,0.0,00011101011011010001,0.0,00011101101011010010
89,0.0,00011101101011010010,0.0,01001111101110010010
89,0.0,01001111101110010010,0.0,01001111101110010010
89,0.0,01001111101110010010,0.0,10001111101110010011
89,0.0,10001111101110010011,0.0,10100111001010010010
89,0.0,10100111001010010010,0.0,10101011100010110100
89,0.0,10101011100010110100,0.0,11101011100000010101
89,0.0,11101011100000010101,0.0,11101011100000010101
89,0.0,11101011100000010101,0.0,11100011000000001110
89,0.0,11100011000000001110,0.0,10101011000001101001
89,0.0,10101011000001101001,0.0,10100011000011110001
89,0.0,10100011000011110001,0.0,10101110010111110001
89,0.0,10101110010111110001,0.0,10001110010101011111
89,0.0,10001110010101011111,0.0,10001110010101011111
89,0.0,10001110010101011111,0.0,10001010110101011101
89,0.0,10001010110101011101,0.0,10001110010101011111
89,0.0,10001110010101011111,0.0,10101110000101001110
89,0.0,10101110000101001110,0.0,10100110001100001110
89,0.0,10100110001100001110,0.0,10000110011111000110
89,0.0,10000110011111000110,0.0,10000110011111000110
89,0.0,10000110011111000110,0.0,10001110111111100010
89,0.0,10001110111111100010,0.0,11000010110111100110
89,0.0,11000010110111100110,0.0,11001000111111100100
89,0.0,11001000111111100100,0.0,11100100101111100000
89,0.0,11100100101111100000,0.0,10110100101011100000
89,0.0,10110100101011100000,0.0,00110100011011000111
89,0.0,00110100011011000111,0.0,00100100111111100111
89,0.0,00100100111111100111,0.0,00100100111111100111
89,0.0,00100100111111100111,0.0,00101110110111100111
89,0.0,00101110110111100111,0.0,00100111100111100010
89,0.0,00100111100111100010,0.0,00100111100111100010
89,0.0,00100111100111100010,0.0,10100111110110100011
89,0.0,10100111110110100011,0.0,00111111010110000011
89,0.0,00111111010110000011,0.0,00111111010110000011
89,0.0,00111111010110000011,0.0,00010111110110000111
89,0.0,00010111110110000111,0.0,10010110101110000101
89,0.0,10010110101110000101,0.0,10011110111000100111
89,0.0,10011110111000100111,0.0,10011111110010000101
89,0.0,10011111110010000101,0.0,10011001111000010100
89,0.0,10011001111000010100,0.0,10011001111000010100
89,0.0,10011001111000010100,0.0,10010001110000111100
89,0.0,10010001110000111100,0.0,10011001110010101110
89,0.0,10011001110010101110,0.0,10010101110100001110
89,0.0,10010101110100001110,0.0,10010101110100001110
89,0.0,10010101110100001110,0.0,10011001100100011110
89,0.0,10011001100100011110,0.0,00011001000101011100
89,0.0,00011001000101011100,0.0,11010000000101011100
89,0.0,11010000000101011100,0.0,11000010000101011111
89,0.0,11000010000101011111,0.0,11011000100101001111
89,0.0,11011000100101001111,0.0,00110000100111001111
89,0.0,00110000100111001111,0.0,00110000100111001111
89,0.0,00110000100111001111,0.0,00110100101101000101
89,0.0,00110100101101000101,0.0,00111001001101000000
89,0.0,00111001001101000000,0.0,10011001001111000000
89,0.0,10011001001111000000,0.0,10011001001111000000
89,0.0,10011001001111000000,0.0,10001011001111000011
89,0.0,10001011001111000011,0.0,10001010001111011000
89,0.0,10001010001111011000,0.0,10001010101101011001
89,0.0,10001010101101011001,0.0,10001110001101011011
89,0.0,10001110001101011011,0.0,10001110010101011111
89,0.0,10001110010101011111,0.0,10001110010101011111
89,0.0,10001110010101011111,0.0,00101010001101011000
89,0.0,00101010001101011000,0.0,00101010011001011011
89,0.0,00101010011001011011,0.0,01101010011001000111
89,0.0,01101010011001000111,0.0,01100011010001000110
89,0.0,01100011010001000110,0.0,01001011110101000111
89,0.0,01001011110101000111,0.0,00000011101101000111
89,0.0,00000011101101000111,0.0,01000011001101010000
89,0.0,01000011001101010000,0.0,01010011011000010000
89,0.0,01010011011000010000,0.0,00111010011000010110
89,0.0,00111010011000010110,0.0,00111010011000010110
89,0.0,00111010011000010110,0.0,00011010011001010101
89,0.0,00011010011001010101,0.0,00010011010001010100
89,0.0,00010011010001010100,0.0,01000011010101010100
89,0.0,01000011010101010100,0.0,01000011010101010100
89,0.0,01000011010101010100,0.0,01000111010011010100
89,0.0,01000111010011010100,0.0,01000111010011010100
89,0.0,01000111010011010100,0.0,01001111110011000111
89,0.0,01001111110011000111,0.0,00101111010011000111
89,0.0,00101111010011000111,0.0,00101111001011000011
89,0.0,00101111001011000011,0.0,10100110101011100011
89,0.0,10100110101011100011,0.0,10100010001111100010
89,0.0,10100010001111100010,0.0,10100010001111100010
89,0.0,10100010001111100010,0.0,10100010010111101000
89,0.0,10100010010111101000,0.0,10101001010111001010
89,0.0,10101001010111001010,0.0,00101101110101011001
89,0.0,00101101110101011001,0.0,00101001011001011000
89,0.0,00101001011001011000,0.0,00101001011001010110
89,0.0,00101001011001010110,0.0,00101001011001010110
89,0.0,00101001011001010110,0.0,00001011011001010101
89,0.0,00001011011001010101,0.0,11001100111011010111
89,0.0,11001100111011010111,0.0,11001100111011010111
89,0.0,11001100111011010111,0.0,11001100101111010100
89,0.0,11001100101111010100,0.0,11001100111011010111
89,0.0,11001100111011010111,0.0,10001110101011010111
89,0.0,10001110101011010111,0.0,10000111100011010110
89,0.0,10000111100011010110,0.0,10100010110011010111
89,0.0,10100010110011010111,0.0,10100010110011011001
89,0.0,10100010110011011001,0.0,10100010111001010010
89,0.0,10100010111001010010,0.0,11100010111010010011
89,0.0,11100010111010010011,0.0,11100001111010010000
89,0.0,11100001111010010000,0.0,11100001111010010000
89,0.0,11100001111010010000,0.0,11100101111010100000
89,0.0,11100101111010100000,0.0,11101101101000110011
89,0.0,11101101101000110011,0.0,01100111101000010010
89,0.0,01100111101000010010,0.0,00101011111010010011
89,0.0,00101011111010010011,0.0,01101111010001010001
89,0.0,01101111010001010001,0.0,11101001110011010000
89,0.0,11101001110011010000,0.0,11101011110010010000
89,0.0,11101011110010010000,0.0,01101111010001010001
89,0.0,01101111010001010001,0.0,01100111100001000100
89,0.0,01100111100001000100,0.0,00100111100001010110
89,0.0,00100111100001010110,0.0,00110011100011000000
89,0.0,00110011100011000000,0.0,00101011101011000001
89,0.0,00101011101011000001,0.0,00100011100011101001
89,0.0,00100011100011101001,0.0,00100011100011101001
89,0.0,00100011100011101001,0.0,00100011100011101001
89,0.0,00100011100011101001,0.0,00100011100011101001
89,0.0,00100011100011101001,0.0,01100011100111000000
89,0.0,01100011100111000000,0.0,01100111100101000011
89,0.0,01100111100101000011,0.0,01010011010101000001
89,0.0,01010011010101000001,0.0,01010001010101100101
89,0.0,01010001010101100101,0.0,01010001010101100101
89,0.0,01010001010101100101,0.0,00101001010101101101
89,0.0,00101001010101101101,0.0,00101011010101000111
89,0.0,00101011010101000111,0.0,10000011010101010101
89,0.0,10000011010101010101,0.0,10000011010101010101
89,0.0,10000011010101010101,0.0,00001111011101010000
89,0.0,00001111011101010000,0.0,01000011010101010100
89,0.0,01000011010101010100,0.0,01001011010111000110
89,0.0,01001011010111000110,0.0,01001011010111000110
89,0.0,01001011010111000110,0.0,00000011110101001101
90,2.0,00011010001001110110,0.0,00011110101001100110
90,0.0,00011110101001100110,0.0,00011010101001010110
90,0.0,00011010101001010110,0.0,00010001111001001001
90,0.0,00010001111001001001,0.0,00000111111001001000
90,0.0,00000111111001001000,0.0,00101011111001000000
90,0.0,00101011111001000000,0.0,00101111110111000000
90,0.0,00101111110111000000,0.0,00100111111110000000
90,0.0,00100111111110000000,0.0,00100111111110000000
90,0.0,00100111111110000000,0.0,00101111111010100011
90,0.0,00101111111010100011,0.0,00110111110010100010
90,0.0,00110111110010100010,0.0,00111110111010100011
90,0.0,00111110111010100011,0.0,00110110101100000101
90,0.0,00110110101100000101,0.0,01111010001010000101
90,0.0,01111010001010000101,0.0,01111010011000000100
90,0.0,01111010011000000100,0.0,11110110010010000100
90,0.0,11110110010010000100,0.0,11101110011010000101
90,0.0,11101110011010000101,0.0,11011110010010110101
90,0.0,11011110010010110101,0.0,11001111010010110101
90,0.0,11001111010010110101,0.0,01011011110010110001
90,0.0,01011011110010110001,0.0,01011011010000110100
90,0.0,01011011010000110100,0.0,01110111000000110000
90,0.0,01110111000000110000,0.0,01100111000001110011
90,0.0,01100111000001110011,0.0,01100111000000011100
90,0.0,01100111000000011100,0.0,01100111000000011100
90,0.0,01100111000000011100,0.0,01100101000001011100
90,0.0,01100101000001011100,0.0,00101101101001010100
90,0.0,00101101101001010100,0.0,00101101101101010011
90,0.0,00101101101101010011,0.0,01101101001100010111
90,0.0,01101101001100010111,0.0,01101101100100011110
90,0.0,01101101100100011110,0.0,11101101100100110100
90,0.0,11101101100100110100,0.0,11111101000100010011
90,0.0,11111101000100010011,0.0,01111101010100110001
90,0.0,01111101010100110001,0.0,01111001000010110110
90,0.0,01111001000010110110,0.0,01110001100001000101
90,0.0,01110001100001000101,0.0,01110001000011000100
90,0.0,01110001000011000100,0.0,01111001000011010010
90,0.0,01111001000011010010,0.0,01100001000011101101
90,0.0,01100001000011101101,0.0,01100001000011101101
90,0.0,01100001000011101101,0.0,01010001010011101010
90,0.0,01010001010011101010,0.0,00010001011010101100
90,0.0,00010001011010101100,0.0,00010001011010101100
90,0.0,00010001011010101100,0.0,00010101011000101111
90,0.0,00010101011000101111,0.0,00010001111000101101
90,0.0,00010001111000101101,0.0,00010001011000011111
90,0.0,00010001011000011111,0.0,10000101011100011100
90,0.0,10000101011100011100,0.0,10011101011000010110
90,0.0,10011101011000010110,0.0,10010101010000111110
90,0.0,10010101010000111110,0.0,10010101010000111110
90,0.0,10010101010000111110,0.0,11010001010100011011
90,0.0,11010001010100011011,0.0,11000111010100011010
90,0.0,11000111010100011010,0.0,11000011010000011111
90,0.0,11000011010000011111,0.0,11001111000100111010
90,0.0,11001111000100111010,0.0,01000111100110111010
90,0.0,01000111100110111010,0.0,00010111100010111010
90,0.0,00010111100010111010,0.0,00001011010110111110
90,0.0,00001011010110111110,0.0,00100011010110110101
90,0.0,00100011010110110101,0.0,00101011110110010100
90,0.0,00101011110110010100,0.0,10101010011100010111
90,0.0,10101010011100010111,0.0,10101110001110010100
90,0.0,10101110001110010100,0.0,00101011001010010111
90,0.0,00101011001010010111,0.0,00000111001010011111
90,0.0,00000111001010011111,0.0,00000111011000011110
90,0.0,00000111011000011110,0.0,00000101111010111111
90,0.0,00000101111010111111,0.0,00000101111010111111
90,0.0,00000101111010111111,0.0,00100001011010011101
90,0.0,00100001011010011101,0.0,10100100111010011110
90,0.0,10100100111010011110,0.0,10101100110011011110
90,0.0,10101100110011011110,0.0,00100101110011001110
90,0.0,00100101110011001110,0.0,10101101000011001111
90,0.0,10101101000011001111,0.0,11100100010011101101
90,0.0,11100100010011101101,0.0,10100110010001101100
90,0.0,10100110010001101100,0.0,10101110000101001110
90,0.0,10101110000101001110,0.0,00100111100001011000
90,0.0,00100111100001011000,0.0,01100101100011011001
90,0.0,01100101100011011001,0.0,00111110100011001010
90,0.0,00111110100011001010,0.0,00111110100011001010
90,0.0,00111110100011001010,0.0,10110110110011000000
90,0.0,10110110110011000000,0.0,10100111110011000000
90,0.0,10100111110011000000,0.0,10101111110010001011
90,0.0,10101111110010001011,0.0,11101110010010111011
90,0.0,11101110010010111011,0.0,01100110010010111110
90,0.0,01100110010010111110,0.0,01011110010010011111
90,0.0,01011110010010011111,0.0,01011110010010011111
90,0.0,01011110010010011111,0.0,01001111010010011111
90,0.0,01001111010010011111,0.0,01100111110000010110
90,0.0,01100111110000010110,0.0,01100111110000010110
90,0.0,01100111110000010110,0.0,00001111010001011110
90,0.0,00001111010001011110,0.0,00011101010001101111
90,0.0,00011101010001101111,0.0,01011001010001110100
90,0.0,01011001010001110100,0.0,01011001010001110100
90,0.0,01011001010001110100,0.0,00010010110101110100
90,0.0,00010010110101110100,0.0,00010110010101110110
90,0.0,00010110010101110110,0.0,00010110010101111000
90,0.0,00010110010101111000,0.0,00011110110010111111
90,0.0,00011110110010111111,0.0,00011110110010111111
90,0.0,00011110110010111111,0.0,00110110100000111100
90,0.0,00110110100000111100,0.0,00111100110100111101
90,0.0,00111100110100111101,0.0,01110000100100111101
90,0.0,01110000100100111101,0.0,00110000100111001111
90,0.0,00110000100111001111,0.0,01111000100111001011
90,0.0,01111000100111001011,0.0,01111000100111001011
90,0.0,01111000100111001011,0.0,01111100110011001010
90,0.0,01111100110011001010,0.0,00110101110011100010
90,0.0,00110101110011100010,0.0,00110101110011100010
90,0.0,00110101110011100010,0.0,10111001110001100000
90,0.0,10111001110001100000,0.0,10111010110001100011
90,0.0,10111010110001100011,0.0,10111010010011100010
90,0.0,10111010010011100010,0.0,00101110110111100111
90,0.0,00101110110111100111,0.0,00101110110111100111
90,0.0,00101110110111100111,0.0,01100110110011100110
90,0.0,01100110110011100110,0.0,01100011110010100111
90,0.0,01100011110010100111,0.0,00100011100011100111
90,0.0,00100011100011100111,0.0,00110011100010100100
90,0.0,00110011100010100100,0.0,00110011000100100110
90,0.0,00110011000100100110,0.0,10110001010100100111
90,0.0,10110001010100100111,0.0,00111001110110100101
90,0.0,00111001110110100101,0.0,00111001110110100101
90,0.0,00111001110110100101,0.0,00111001110110100101
90,0.0,00111001110110100101,0.0,00111001100110011010
90,0.0,00111001100110011010,0.0,00111001100110011010
90,0.0,00111001100110011010,0.0,01110010000110011000
90,0.0,01110010000110011000,0.0,00110110000110111010
90,0.0,00110110000110111010,0.0,00110010100110111000
90,0.0,00110010100110111000,0.0,00110100000111111010
90,0.0,00110100000111111010,0.0,00110000110011111011
90,0.0,00110000110011111011,0.0,00110010110010111011
90,0.0,00110010110010111011,0.0,00110010000010111111
90,0.0,00110010000010111111,0.0,00110010000010111111
90,0.0,00110010000010111111,0.0,00110001000010111100
90,0.0,00110001000010111100,0.0,00110000010111110101
90,0.0,00110000010111110101,0.0,01110000110111010010
90,0.0,01110000110111010010,0.0,01110000110111010010
90,0.0,01110000110111010010,0.0,11010000110101010110
90,0.0,11010000110101010110,0.0,01010000111101000111
90,0.0,01010000111101000111,0.0,00110100111111000000
90,0.0,00110100111111000000,0.0,00110100111111000000
90,0.0,00110100111111000000,0.0,00111100101111100000
90,0.0,00111100101111100000,0.0,00110100111111000000
90,0.0,00110100111111000000,0.0,00110100111110100100
90,0.0,00110100111110100100,0.0,00111000101110110100
90,0.0,00111000101110110100,0.0,00101000101111110111
90,0.0,00101000101111110111,0.0,00101100111011110110
90,0.0,00101100111011110110,0.0,00101000101111110111
90,0.0,00101000101111110111,0.0,00101000111101111000
91,4.0,11011100001011000111,2.0,11010000101011001001
91,2.0,11010000101011001001,0.0,11111000100111100001
91,0.0,11111000100111100001,0.0,01110000110110110110
91,0.0,01110000110110110110,0.0,01110000110110110110
91,0.0,01110000110110110110,0.0,01110000110110111000
91,0.0,01110000110110111000,0.0,01110100110000111100
91,0.0,01110100110000111100,0.0,01111001100000111001
91,0.0,01111001100000111001,0.0,01010101100000111111
91,0.0,01010101100000111111,0.0,01110101000000101101
91,0.0,01110101000000101101,0.0,01110101010010101000
91,0.0,01110101010010101000,0.0,01100101110100111011
91,0.0,01100101110100111011,0.0,01101101010100011101
91,0.0,01101101010100011101,0.0,01101101010100011101
91,0.0,01101101010100011101,0.0,10100100000111111100
91,0.0,10100100000111111100,0.0,10111000000101111000
91,0.0,10111000000101111000,0.0,10110000010101011000
91,0.0,10110000010101011000,0.0,10011000011101101000
91,0.0,10011000011101101000,0.0,10011000011101101000
91,0.0,10011000011101101000,0.0,10101100011101101001
91,0.0,10101100011101101001,0.0,10000100011111101100
91,0.0,10000100011111101100,0.0,10001000111111111000
91,0.0,10001000111111111000,0.0,00011100111111110001
91,0.0,00011100111111110001,0.0,00011100111111110001
91,0.0,00011100111111110001,0.0,00001101111111110001
91,0.0,00001101111111110001,0.0,00000001011111011010
91,0.0,00000001011111011010,0.0,10000001011111001001
91,0.0,10000001011111001001,0.0,00100101011011001001
91,0.0,00100101011011001001,0.0,00100001011101001001
91,0.0,00100001011101001001,0.0,00100000111111011001
91,0.0,00100000111111011001,0.0,00100100111111101001
91,0.0,00100100111111101001,0.0,10101100111110001101
91,0.0,10101100111110001101,0.0,10000110011110101100
91,0.0,10000110011110101100,0.0,10001110001100111111
91,0.0,10001110001100111111,0.0,10001101011000111111
91,0.0,10001101011000111111,0.0,10011101011000010110
91,0.0,10011101011000010110,0.0,10101101111000010101
91,0.0,10101101111000010101,0.0,10101101111000010101
91,0.0,10101101111000010101,0.0,00111101111000010011
91,0.0,00111101111000010011,0.0,00110001111000001010
91,0.0,00110001111000001010,0.0,00100001101101001010
91,0.0,00100001101101001010,0.0,00100001101101001010
91,0.0,00100001101101001010,0.0,00100001101101001010
91,0.0,00100001101101001010,0.0,00000001101101101101
91,0.0,00000001101101101101,0.0,10000001110111001110
91,0.0,10000001110111001110,0.0,10011001100001001111
91,0.0,10011001100001001111,0.0,10100001100001101110
91,0.0,10100001100001101110,0.0,10100011100001001010
91,0.0,10100011100001001010,0.0,10100011100001001010
91,0.0,10100011100001001010,0.0,10110010100001001010
91,0.0,10110010100001001010,0.0,10110000001001101001
91,0.0,10110000001001101001,0.0,10110000001001101001
91,0.0,10110000001001101001,0.0,11111000001001100011
91,0.0,11111000001001100011,0.0,10110000001001101001
91,0.0,10110000001001101001,0.0,10111000101100101011
91,0.0,10111000101100101011,0.0,10111000101100101011
91,0.0,10111000101100101011,0.0,10111000101100101011
91,0.0,10111000101100101011,0.0,10110000111100001011
91,0.0,10110000111100001011,0.0,11010000111110001010
91,0.0,11010000111110001010,0.0,11011010110110001010
91,0.0,11011010110110001010,0.0,10111110110010001011
91,0.0,10111110110010001011,0.0,10111100110011001011
91,0.0,10111100110011001011,0.0,10110100010011011000
91,0.0,10110100010011011000,0.0,11111100010010111000
91,0.0,11111100010010111000,0.0,11111100010010110110
91,0.0,11111100010010110110,0.0,11110100111010100000
91,0.0,11110100111010100000,0.0,11110100011100100010
91,0.0,11110100011100100010,0.0,11011000011110100111
91,0.0,11011000011110100111,0.0,11001001011110100111
91,0.0,11001001011110100111,0.0,01001001001111100110
91,0.0,01001001001111100110,0.0,00011001101001100111
91,0.0,00011001101001100111,0.0,01011001001001000111
91,0.0,01011001001001000111,0.0,01011001001001000111
91,0.0,01011001001001000111,0.0,11011000111001000101
91,0.0,11011000111001000101,0.0,11011000111001000101
91,0.0,11011000111001000101,0.0,11001001111001000101
91,0.0,11001001111001000101,0.0,11001101111101000000
91,0.0,11001101111101000000,0.0,10000101111101000100
91,0.0,10000101111101000100,0.0,10001101111001100111
91,0.0,10001101111001100111,0.0,10001011101001000101
91,0.0,10001011101001000101,0.0,10001011101001000101
91,0.0,10001011101001000101,0.0,11001110111001000100
91,0.0,11001110111001000100,0.0,10000010111001110101
91,0.0,10000010111001110101,0.0,00100010011001110100
91,0.0,00100010011001110100,0.0,00100010011001110100
91,0.0,00100010011001110100,0.0,01000110001011110111
91,0.0,01000110001011110111,0.0,01000010001101110111
91,0.0,01000010001101110111,0.0,01000110001011110111
91,0.0,01000110001011110111,0.0,01001011001001110011
91,0.0,01001011001001110011,0.0,01001111001001001000
91,0.0,01001111001001001000,0.0,01001111101011000011
91,0.0,01001111101011000011,0.0,01001011101101000011
91,0.0,01001011101101000011,0.0,01010011100101000010
91,0.0,01010011100101000010,0.0,01010001100101100110
91,0.0,01010001100101100110,0.0,01011000101101100111
91,0.0,01011000101101100111,0.0,01011100101011100111
91,0.0,01011100101011100111,0.0,00010101101011000100
91,0.0,00010101101011000100,0.0,00010101101011000100
91,0.0,00010101101011000100,0.0,10101001100011110100
91,0.0,10101001100011110100,0.0,10101001100110011100
91,0.0,10101001100110011100,0.0,10101001100110011100
91,0.0,10101001100110011100,0.0,10101101000110011110
91,0.0,10101101000110011110,0.0,10000101001110011101
91,0.0,10000101001110011101,0.0,11000001001110001110
91,0.0,11000001001110001110,0.0,11011001001010001010
91,0.0,11011001001010001010,0.0,11011001011110000000
91,0.0,11011001011110000000,0.0,01111001001110000001
91,0.0,01111001001110000001,0.0,11111000001100001011
91,0.0,11111000001100001011,0.0,11111000001100001011
91,0.0,11111000001100001011,0.0,11101000111100011010
91,0.0,11101000111100011010,0.0,11101000111100011010
91,0.0,11101000111100011010,0.0,11100000111100001100
91,0.0,11100000111100001100,0.0,10100000111100011110
91,0.0,10100000111100011110,0.0,00110100111100010111
91,0.0,00110100111100010111,0.0,10111100011110010011
91,0.0,10111100011110010011,0.0,10110101010110010010
91,0.0,10110101010110010010,0.0,10110101010110010010
91,0.0,10110101010110010010,0.0,10110000110111010011
91,0.0,10110000110111010011,0.0,10110000010101011000
91,0.0,10110000010101011000,0.0,10110000010101011000
91,0.0,10110000010101011000,0.0,10111000000101111000
91,0.0,10111000000101111000,0.0,10111000000101111000
91,0.0,10111000000101111000,0.0,10111000000101111000
91,0.0,10111000000101111000,0.0,10111010000100111000
91,0.0,10111010000100111000,0.0,10101010000101111011
91,0.0,10101010000101111011,0.0,10101111000101100010
91,0.0,10101111000101100010,0.0,10110011001000000000
91,0.0,10110011001000000000,0.0,10110010001100010010
91,0.0,10110010001100010010,0.0,10110110101000010011
91,0.0,10110110101000010011,0.0,11010111001000000010
91,0.0,11010111001000000010,0.0,11010011101000000000
91,0.0,11010011101000000000,0.0,10011011101100000001
91,0.0,10011011101100000001,0.0,10011111101010000001
91,0.0,10011111101010000001,0.0,10011111101010000001
92,2.0,11010001001100000110,0.0,10011001101100100101
92,0.0,10011001101100100101,0.0,10011001101100100101
92,0.0,10011001101100100101,0.0,10011001101100100101
92,0.0,10011001101100100101,0.0,10011001101100100101
92,0.0,10011001101100100101,0.0,10110001010100100111
92,0.0,10110001010100100111,0.0,10110000010100111100
92,0.0,10110000010100111100,0.0,10100010010100111111
92,0.0,10100010010100111111,0.0,01100010010100111110
92,0.0,01100010010100111110,0.0,11111000010100110110
92,0.0,11111000010100110110,0.0,11010000011100110101
92,0.0,11010000011100110101,0.0,11001100011100111111
92,0.0,11001100011100111111,0.0,11001100011100111111
92,0.0,11001100011100111111,0.0,11100100010110111100
92,0.0,11100100010110111100,0.0,00101110010110111111
92,0.0,00101110010110111111,0.0,00101100010111111111
92,0.0,00101100010111111111,0.0,00011000010111111110
92,0.0,00011000010111111110,0.0,00101100010111111111
92,0.0,00101100010111111111,0.0,00101101010011101101
92,0.0,00101101010011101101,0.0,00001111000101101111
92,0.0,00001111000101101111,0.0,00110001000101101000
92,0.0,00110001000101101000,0.0,00110101000011101000
92,0.0,00110101000011101000,0.0,00011101001001101011
92,0.0,00011101001001101011,0.0,00010100101011101101
92,0.0,00010100101011101101,0.0,00010110101011001001
92,0.0,00010110101011001001,0.0,00010110101011110000
92,0.0,00010110101011110000,0.0,01010110001011010000
92,0.0,01010110001011010000,0.0,01010110001011010000
92,0.0,01010110001011010000,0.0,01010110001011010000
92,0.0,01010110001011010000,0.0,10010110001011010001
92,0.0,10010110001011010001,0.0,10010010001101010001
92,0.0,10010010001101010001,0.0,10010110001101100001
92,0.0,10010110001101100001,0.0,10000110001101110100
92,0.0,10000110001101110100,0.0,10001011000101110101
92,0.0,10001011000101110101,0.0,10001011000101110101
92,0.0,10001011000101110101,0.0,10000111000101011010
92,0.0,10000111000101011010,0.0,00011101010101011010
92,0.0,00011101010101011010,0.0,00011101010101011010
92,0.0,00011101010101011010,0.0,01011101010110011011
92,0.0,01011101010110011011,0.0,00010001111100011000
92,0.0,00010001111100011000,0.0,00010001111100011000
92,0.0,00010001111100011000,0.0,00010011111000001001
92,0.0,00010011111000001001,0.0,00000111111001001000
92,0.0,00000111111001001000,0.0,00001011101001011000
92,0.0,00001011101001011000,0.0,00001011101001011000
92,0.0,00001011101001011000,0.0,10001011100001111011
92,0.0,10001011100001111011,0.0,10000011110011101000
92,0.0,10000011110011101000,0.0,10001011111011000000
92,0.0,10001011111011000000,0.0,10001011111011000000
92,0.0,10001011111011000000,0.0,11001111010011010001
92,0.0,11001111010011010001,0.0,11000111011010010001
92,0.0,11000111011010010001,0.0,11000111010001110010
92,0.0,11000111010001110010,0.0,11000111010001110010
92,0.0,11000111010001110010,0.0,11000110010001011110
92,0.0,11000110010001011110,0.0,11000010000101011111
92,0.0,11000010000101011111,0.0,10001110001101011011
92,0.0,10001110001101011011,0.0,10100010001001011000
92,0.0,10100010001001011000,0.0,10100010001001011000
92,0.0,10100010001001011000,0.0,10100010111001010010
92,0.0,10100010111001010010,0.0,11100010111001000000
92,0.0,11100010111001000000,0.0,11100010111001000000
92,0.0,11100010111001000000,0.0,10101110111011000001
92,0.0,10101110111011000001,0.0,10100111110011000000
92,0.0,10100111110011000000,0.0,10100011110010010100
92,0.0,10100011110010010100,0.0,00101011110011000101
92,0.0,00101011110011000101,0.0,00101011110011000101
92,0.0,00101011110011000101,0.0,00101111010011000111
92,0.0,00101111010011000111,0.0,00111110010011000111
92,0.0,00111110010011000111,0.0,00100110010111110100
92,0.0,00100110010111110100,0.0,10100100110111110110
92,0.0,10100100110111110110,0.0,10100100110111110110
92,0.0,10100100110111110110,0.0,10100100110111110110
92,0.0,10100100110111110110,0.0,11100100110111100100
92,0.0,11100100110111100100,0.0,11010100110011010110
92,0.0,11010100110011010110,0.0,11111100010011010010
92,0.0,11111100010011010010,0.0,11010100110011010110
92,0.0,11010100110011010110,0.0,11010000100111010111
92,0.0,11010000100111010111,0.0,01001001101011010111
92,0.0,01001001101011010111,0.0,01001100101011111100
92,0.0,01001100101011111100,0.0,00101100001011111100
92,0.0,00101100001011111100,0.0,00101100001011111100
92,0.0,00101100001011111100,0.0,00101100101001111101
92,0.0,00101100101001111101,0.0,10100100101011001100
92,0.0,10100100101011001100,0.0,00101100101111001100
92,0.0,00101100101111001100,0.0,10101110100111001011
92,0.0,10101110100111001011,0.0,11101110110110001011
92,0.0,11101110110110001011,0.0,00101110010111011011
92,0.0,00101110010111011011,0.0,01101111010001010001
92,0.0,01101111010001010001,0.0,01101111100001010010
92,0.0,01101111100001010010,0.0,01001111001001000110
92,0.0,01001111001001000110,0.0,11001111011000000111
92,0.0,11001111011000000111,0.0,10001011011101000010
92,0.0,10001011011101000010,0.0,10011010011101000010
92,0.0,10011010011101000010,0.0,10011110111100010010
92,0.0,10011110111100010010,0.0,00011110111110110001
92,0.0,00011110111110110001,0.0,00011110001111010001
92,0.0,00011110001111010001,0.0,00111110001011000011
92,0.0,00111110001011000011,0.0,00111110001011000011
92,0.0,00111110001011000011,0.0,00111110001110010010
92,0.0,00111110001110010010,0.0,01101010001110010111
92,0.0,01101010001110010111,0.0,00100110001111000111
92,0.0,00100110001111000111,0.0,01101100001111100111
92,0.0,01101100001111100111,0.0,00101110101111100011
92,0.0,00101110101111100011,0.0,00101110101111100011
92,0.0,00101110101111100011,0.0,01000110101111110000
92,0.0,01000110101111110000,0.0,01001010101101011000
92,0.0,01001010101101011000,0.0,00000010101101011100
92,0.0,00000010101101011100,0.0,00000010101101011100
92,0.0,00000010101101011100,0.0,00010010001100011111
92,0.0,00010010001100011111,0.0,00100010011100011100
92,0.0,00100010011100011100,0.0,01000010111100011100
92,0.0,01000010111100011100,0.0,01000100111111011011
92,0.0,01000100111111011011,0.0,01000100111111011011
92,0.0,01000100111111011011,0.0,01101000111111010011
92,0.0,01101000111111010011,0.0,11101100110111001011
92,0.0,11101100110111001011,0.0,00101100011101111010
92,0.0,00101100011101111010,0.0,00101001001101101001
92,0.0,00101001001101101001,0.0,00101001001101101001
92,0.0,00101001001101101001,0.0,00101001001101101001
92,0.0,00101001001101101001,0.0,00100101111110100100
92,0.0,00100101111110100100,0.0,01100001110110110110
92,0.0,01100001110110110110,0.0,01101000111110110111
92,0.0,01101000111110110111,0.0,01111000011010010111
92,0.0,01111000011010010111,0.0,01111100111000010100
92,0.0,01111100111000010100,0.0,01101110111000010111
92,0.0,01101110111000010111,0.0,01100110110011100110
92,0.0,01100110110011100110,0.0,01100110110011100110
92,0.0,01100110110011100110,0.0,11101010010111100010
92,0.0,11101010010111100010,0.0,11100110010110010110
92,0.0,11100110010110010110,0.0,11100100010111010110
92,0.0,11100100010111010110,0.0,11100100010111010110
92,0.0,11100100010111010110,0.0,11101101010011010010
92,0.0,11101101010011010010,0.0,11001101010011110101
92,0.0,11001101010011110101,0.0,11100101010011000100
92,0.0,11100101010011000100,0.0,11100101110001000101
92,0.0,11100101110001000101,0.0,01100111100001000100
92,0.0,01100111100001000100,0.0,01100111100001000100
92,0.0,01100111100001000100,0.0,01110001000011000100
92,0.0,01110001000011000100,0.0,01111101001000000101
92,0.0,01111101001000000101,0.0,01110001000000011101
92,0.0,01110001000000011101,0.0,01100111000000011100
92,0.0,01100111000000011100,0.0,01101011100010001100
92,0.0,01101011100010001100,0.0,01101011100110001011
92,0.0,01101011100110001011,0.0,00100011101100001010
92,0.0,00100011101100001010,0.0,00100011110100001110
92,0.0,00100011110100001110,0.0,10101011110100001011
92,0.0,10101011110100001011,0.0,10101111100110001000
92,0.0,10101111100110001000,0.0,10101111010110000101
92,0.0,10101111010110000101,0.0,10101101010111000101
93,2.0,10010001001001001010,2.0,10010001001001001011
93,2.0,10010001001001001011,2.0,10010001001001001010
93,2.0,10010001001001001010,0.0,10010101000001101100
93,0.0,10010101000001101100,0.0,10010111000000101100
93,0.0,10010111000000101100,0.0,10010111000000101100
93,0.0,10010111000000101100,0.0,10010101000001101100
93,0.0,10010101000001101100,0.0,10110001001000100100
93,0.0,10110001001000100100,0.0,10110001001001000000
93,0.0,10110001001001000000,0.0,10011001001111000000
93,0.0,10011001001111000000,0.0,10011001001111000000
93,0.0,10011001001111000000,0.0,10011101001101000011
93,0.0,10011101001101000011,0.0,10011101001101000011
93,0.0,10011101001101000011,0.0,00111101001110100011
93,0.0,00111101001110100011,0.0,00111001101110100001
93,0.0,00111001101110100001,0.0,00111001100011110010
93,0.0,00111001100011110010,0.0,10111001010001010010
93,0.0,10111001010001010010,0.0,10111001110001100000
93,0.0,10111001110001100000,0.0,11101101010101100010
93,0.0,11101101010101100010,0.0,11101101010101100010
93,0.0,11101101010101100010,0.0,11101001000101100100
93,0.0,11101001000101100100,0.0,11101000110101001100
93,0.0,11101000110101001100,0.0,11101000100111001101
93,0.0,11101000100111001101,0.0,11110000100011001011
93,0.0,11110000100011001011,0.0,01111000100111001011
93,0.0,01111000100111001011,0.0,01111000100111001011
93,0.0,01111000100111001011,0.0,01110000100101011001
93,0.0,01110000100101011001,0.0,01011000001101011011
93,0.0,01011000001101011011,0.0,01011000001101011011
93,0.0,01011000001101011011,0.0,01010010001101010000
93,0.0,01010010001101010000,0.0,01010010001100001101
93,0.0,01010010001100001101,0.0,01000110001101001100
93,0.0,01000110001101001100,0.0,01000110001101001100
93,0.0,01000110001101001100,0.0,10000110001101001101
93,0.0,10000110001101001101,0.0,10000000111101011101
93,0.0,10000000111101011101,0.0,10000010111100011101
93,0.0,10000010111100011101,0.0,10000010011110011100
93,0.0,10000010011110011100,0.0,10000110111010011101
93,0.0,10000110111010011101,0.0,01000110111010011100
93,0.0,01000110111010011100,0.0,01000110111010011100
93,0.0,01000110111010011100,0.0,11001110111010011001
93,0.0,11001110111010011001,0.0,11001110111010011001
93,0.0,11001110111010011001,0.0,11001010101011001010
93,0.0,11001010101011001010,0.0,01001111101011000011
93,0.0,01001111101011000011,0.0,01001111101011000011
93,0.0,01001111101011000011,0.0,01001111110011001001
93,0.0,01001111110011001001,0.0,00101111010011001001
93,0.0,00101111010011001001,0.0,00101111100011001010
93,0.0,00101111100011001010,0.0,10100011100001001010
93,0.0,10100011100001001010,0.0,10101111110010001011
93,0.0,10101111110010001011,0.0,10101111010000001110
93,0.0,10101111010000001110,0.0,10101011011000000101
93,0.0,10101011011000000101,0.0,10101001011001000101
93,0.0,10101001011001000101,0.0,10101001101001001000
93,0.0,10101001101001001000,0.0,10101001101001001000
93,0.0,10101001101001001000,0.0,00100101101011001010
93,0.0,00100101101011001010,0.0,00100101101011001010
93,0.0,00100101101011001010,0.0,11001101101001001010
93,0.0,11001101101001001010,0.0,11000100111001111010
93,0.0,11000100111001111010,0.0,11001100111101101001
93,0.0,11001100111101101001,0.0,11010100110101101000
93,0.0,11010100110101101000,0.0,10011000011101101000
93,0.0,10011000011101101000,0.0,10010000011111001001
93,0.0,10010000011111001001,0.0,10010000011111001001
93,0.0,10010000011111001001,0.0,00010000011111011010
93,0.0,00010000011111011010,0.0,01011000001101011011
93,0.0,01011000001101011011,0.0,01011000001101011011
93,0.0,01011000001101011011,0.0,01001101001101101011
93,0.0,01001101001101101011,0.0,01010101000101101010
93,0.0,01010101000101101010,0.0,01010101000101101010
93,0.0,01010101000101101010,0.0,11000101110101101000
93,0.0,11000101110101101000,0.0,10000111010011101010
93,0.0,10000111010011101010,0.0,10000011010101101010
93,0.0,10000011010101101010,0.0,10000111010011101010
93,0.0,10000111010011101010,0.0,00011011010011001000
93,0.0,00011011010011001000,0.0,00011011110001001001
93,0.0,00011011110001001001,0.0,00010110111001001000
93,0.0,00010110111001001000,0.0,00010110111001001000
93,0.0,00010110111001001000,0.0,00010110111000101100
93,0.0,00010110111000101100,0.0,00100110111000011101
93,0.0,00100110111000011101,0.0,00101110110001011101
93,0.0,00101110110001011101,0.0,00101110110001011101
93,0.0,00101110110001011101,0.0,00101110110001011101
93,0.0,00101110110001011101,0.0,00101010010101011100
93,0.0,00101010010101011100,0.0,01101110000101110101
93,0.0,01101110000101110101,0.0,01101110000101110101
93,0.0,01101110000101110101,0.0,01101010000101111010
93,0.0,01101010000101111010,0.0,11100010100101001010
93,0.0,11100010100101001010,0.0,10101110110101001010
93,0.0,10101110110101001010,0.0,00111100110101011001
93,0.0,00111100110101011001,0.0,00111100110101011001
93,0.0,00111100110101011001,0.0,10110000010101011000
93,0.0,10110000010101011000,0.0,00111000011001011000
93,0.0,00111000011001011000,0.0,01111000011010011001
93,0.0,01111000011010011001,0.0,01011001011000011011
93,0.0,01011001011000011011,0.0,01000011011000111001
93,0.0,01000011011000111001,0.0,01000001011001111001
93,0.0,01000001011001111001,0.0,01000001011001111001
93,0.0,01000001011001111001,0.0,01000001011001111001
93,0.0,01000001011001111001,0.0,01100001001001101000
93,0.0,01100001001001101000,0.0,01011001001001001001
93,0.0,01011001001001001001,0.0,00011001001001011011
93,0.0,00011001001001011011,0.0,00011001001001011011
93,0.0,00011001001001011011,0.0,10011000001001011101
93,0.0,10011000001001011101,0.0,10011010001000011101
93,0.0,10011010001000011101,0.0,10110110000000011101
93,0.0,10110110000000011101,0.0,11101010010000111100
93,0.0,11101010010000111100,0.0,11101010010001011000
93,0.0,11101010010001011000,0.0,11100010011000011000
93,0.0,11100010011000011000,0.0,10101010011100011001
93,0.0,10101010011100011001,0.0,00100010011100011100
93,0.0,00100010011100011100,0.0,00100010011100011100
93,0.0,00100010011100011100,0.0,10101010011100011001
93,0.0,10101010011100011001,0.0,10101010011100011001
93,0.0,10101010011100011001,0.0,10110010010100011000
93,0.0,10110010010100011000,0.0,10111010010000111011
93,0.0,10111010010000111011,0.0,10111010010000111011
93,0.0,10111010010000111011,0.0,10111010010000111011
93,0.0,10111010010000111011,0.0,10101011010000111011
93,0.0,10101011010000111011,0.0,01101011010000111010
93,0.0,01101011010000111010,0.0,10000011010011011010
93,0.0,10000011010011011010,0.0,00100011000011011011
93,0.0,00100011000011011011,0.0,00100011000011011011
93,0.0,00100011000011011011,0.0,00110011000010011000
93,0.0,00110011000010011000,0.0,11100010001010011001
93,0.0,11100010001010011001,0.0,11100000001011011001
93,0.0,11100000001011011001,0.0,11100000001011010111
93,0.0,11100000001011010111,0.0,11100100010111010110
93,0.0,11100100010111010110,0.0,11100100010111010110
93,0.0,11100100010111010110,0.0,11110100010011000100
93,0.0,11110100010011000100,0.0,10110100010011010110
93,0.0,10110100010011010110,0.0,00101001001011010111
93,0.0,00101001001011010111,0.0,00100101011011000111
93,0.0,00100101011011000111,0.0,10000101011001110100
93,0.0,10000101011001110100,0.0,10010100011001110100
93,0.0,10010100011001110100,0.0,10001000011011111111
93,0.0,10001000011011111111,0.0,10011000011011011000
93,0.0,10011000011011011000,0.0,10011110001001001001
93,0.0,10011110001001001001,0.0,10011110010001001101
93,0.0,10011110010001001101,0.0,10111110010000001110
93,0.0,10111110010000001110,0.0,10111010110000001100
93,0.0,10111010110000001100,0.0,00110110110010001110
93,0.0,00110110110010001110,0.0,00110110110010001110
93,0.0,00110110110010001110,0.0,00101111100011001010
93,0.0,00101111100011001010,0.0,11100110100011001010
93,0.0,11100110100011001010,0.0,11001010101011001010
93,0.0,11001010101011001010,0.0,11000010110111101000
93,0.0,11000010110111101000,0.0,11000010110111101000
93,0.0,11000010110111101000,0.0,11000010011111100001
93,0.0,11000010011111100001,0.0,01001110011101100101
94,4.0,00001110010111111101,0.0,00001110100111111111
94,0.0,00001110100111111111,0.0,01001110110110111111
94,0.0,01001110110110111111,0.0,11000100110011111111
94,0.0,11000100110011111111,0.0,11101000110011110111
94,0.0,11101000110011110111,0.0,11101001110010110100
94,0.0,11101001110010110100,0.0,11101010110010110111
94,0.0,11101010110010110111,0.0,11101010110010110111
94,0.0,11101010110010110111,0.0,11100000111010110111
94,0.0,11100000111010110111,0.0,11110000111010010000
94,0.0,11110000111010010000,0.0,10111000111110010001
94,0.0,10111000111110010001,0.0,11110000110110100101
94,0.0,11110000110110100101,0.0,11100110110110100100
94,0.0,11100110110110100100,0.0,01110010100110100100
94,0.0,01110010100110100100,0.0,01100011100110100100
94,0.0,01100011100110100100,0.0,01100010100111100111
94,0.0,01100010100111100111,0.0,01100110110011100110
94,0.0,01100110110011100110,0.0,10100110110011100111
94,0.0,10100110110011100111,0.0,10100101110011100100
94,0.0,10100101110011100100,0.0,10101101110010101111
94,0.0,10101101110010101111,0.0,10111100110010101111
94,0.0,10111100110010101111,0.0,10111101100000001101
94,0.0,10111101100000001101,0.0,10111000100011001101
94,0.0,10111000100011001101,0.0,10111100110010101111
94,0.0,10111100110010101111,0.0,10111110110010001011
94,0.0,10111110110010001011,0.0,00111110100011001010
94,0.0,00111110100011001010,0.0,01110010000011001001
94,0.0,01110010000011001001,0.0,11101010000011011001
94,0.0,11101010000011011001,0.0,01110010000011001001
94,0.0,01110010000011001001,0.0,00110010000001101100
94,0.0,00110010000001101100,0.0,00100010101001001110
94,0.0,00100010101001001110,0.0,10101010101000101111
94,0.0,10101010101000101111,0.0,10110010100000101110
94,0.0,10110010100000101110,0.0,10100011100000101110
94,0.0,10100011100000101110,0.0,10100001100001101110
94,0.0,10100001100001101110,0.0,00101111100010101110
94,0.0,00101111100010101110,0.0,00100111110010001110
94,0.0,00100111110010001110,0.0,01101011100010001100
94,0.0,01101011100010001100,0.0,01101111000010001110
94,0.0,01101111000010001110,0.0,01100011000010101101
94,0.0,01100011000010101101,0.0,01100011000010101101
94,0.0,01100011000010101101,0.0,01100011010000101100
94,0.0,01100011010000101100,0.0,01100011010000101100
94,0.0,01100011010000101100,0.0,11100011000000001110
94,0.0,11100011000000001110,0.0,11100011000000001110
94,0.0,11100011000000001110,0.0,11100011000000001110
94,0.0,11100011000000001110,0.0,10100011100000101110
94,0.0,10100011100000101110,0.0,10101010101000101111
94,0.0,10101010101000101111,0.0,10101010101000101111
94,0.0,10101010101000101111,0.0,10101010101000101111
94,0.0,10101010101000101111,0.0,10100011100000101110
94,0.0,10100011100000101110,0.0,10101011100010001101
94,0.0,10101011100010001101,0.0,10101101101010101011
94,0.0,10101101101010101011,0.0,10001111111000101001
94,0.0,10001111111000101001,0.0,10001111111000100111
94,0.0,10001111111000100111,0.0,10001111111000100111
94,0.0,10001111111000100111,0.0,10001111111000100111
94,0.0,10001111111000100111,0.0,00000111111001000110
94,0.0,00000111111001000110,0.0,00000101011001011110
94,0.0,00000101011001011110,0.0,00000101011001011110
94,0.0,00000101011001011110,0.0,10001101011001011011
94,0.0,10001101011001011011,0.0,10000101011001001101
94,0.0,10000101011001001101,0.0,11001101011001000111
94,0.0,11001101011001000111,0.0,11001001011011000100
94,0.0,11001001011011000100,0.0,10011001011011000011
94,0.0,10011001011011000011,0.0,10011011011010000011
94,0.0,10011011011010000011,0.0,10110010011010100010
94,0.0,10110010011010100010,0.0,10110010011010100010
94,0.0,10110010011010100010,0.0,10100011011010100010
94,0.0,10100011011010100010,0.0,00101101111011100011
94,0.0,00101101111011100011,0.0,00101101111011100011
94,0.0,00101101111011100011,0.0,00100101011011110000
94,0.0,00100101011011110000,0.0,00101101111110110010
94,0.0,00101101111110110010,0.0,11101001110110110011
94,0.0,11101001110110110011,0.0,10100111110110100011
94,0.0,10100111110110100011,0.0,11101001110110110011
94,0.0,11101001110110110011,0.0,11111000110110110011
94,0.0,11111000110110110011,0.0,10111000100111110011
94,0.0,10111000100111110011,0.0,10101001100111110011
94,0.0,10101001100111110011,0.0,10111000100111110011
94,0.0,10111000100111110011,0.0,10110000001101010010
94,0.0,10110000001101010010,0.0,10110000001101010010
94,0.0,10110000001101010010,0.0,10110010001100010010
94,0.0,10110010001100010010,0.0,10110000001101010010
94,0.0,10110000001101010010,0.0,10110000001101010010
94,0.0,10110000001101010010,0.0,10011100101111010011
94,0.0,10011100101111010011,0.0,00011101101011010010
94,0.0,00011101101011010010,0.0,01010001100011010110
94,0.0,01010001100011010110,0.0,01010001100011010110
94,0.0,01010001100011010110,0.0,01001001101011010111
94,0.0,01001001101011010111,0.0,01000101111011000111
94,0.0,01000101111011000111,0.0,01000101111011000111
94,0.0,01000101111011000111,0.0,01010100111011000111
94,0.0,01010100111011000111,0.0,01010100111110010110
94,0.0,01010100111110010110,0.0,01011100110111010110
94,0.0,01011100110111010110,0.0,01011100110111010110
94,0.0,01011100110111010110,0.0,01011100110111010110
94,0.0,01011100110111010110,0.0,01001101110111010110
94,0.0,01001101110111010110,0.0,01100001110110110110
94,0.0,01100001110110110110,0.0,01100001110110111000
94,0.0,01100001110110111000,0.0,01010001100110111011
94,0.0,01010001100110111011,0.0,01010001100110111011
94,0.0,01010001100110111011,0.0,00111101100110101010
94,0.0,00111101100110101010,0.0,00011101100111101001
94,0.0,00011101100111101001,0.0,00011101100111100111
94,0.0,00011101100111100111,0.0,00011101100111100111
94,0.0,00011101100111100111,0.0,01011101110110100111
94,0.0,01011101110110100111,0.0,01011101110111000011
94,0.0,01011101110111000011,0.0,01011101000111000111
94,0.0,01011101000111000111,0.0,01011101000111000111
94,0.0,01011101000111000111,0.0,01010101100011100110
94,0.0,01010101100011100110,0.0,11001101100011001111
94,0.0,11001101100011001111,0.0,11001001100101001111
94,0.0,11001001100101001111,0.0,11001001100101001111
94,0.0,11001001100101001111,0.0,11000001110101011000
94,0.0,11000001110101011000,0.0,11000001111110001010
94,0.0,11000001111110001010,0.0,11000001111110001010
94,0.0,11000001111110001010,0.0,11000001111110001010
94,0.0,11000001111110001010,0.0,11001011011110000011
94,0.0,11001011011110000011,0.0,11001011011110000011
94,0.0,11001011011110000011,0.0,11001011011110000011
94,0.0,11001011011110000011,0.0,11101011000110010011
94,0.0,11101011000110010011,0.0,11100011001100000000
94,0.0,11100011001100000000,0.0,11101001001100001011
94,0.0,11101001001100001011,0.0,01001011001110101000
94,0.0,01001011001110101000,0.0,00000011001110101100
94,0.0,00000011001110101100,0.0,00001011001011101011
94,0.0,00001011001011101011,0.0,00011010001011101011
94,0.0,00011010001011101011,0.0,00011010001011101011
94,0.0,00011010001011101011,0.0,10010010101011100010
94,0.0,10010010101011100010,0.0,10110010011010100010
94,0.0,10110010011010100010,0.0,10110010011010100010
94,0.0,10110010011010100010,0.0,10101110111010100101
94,0.0,10101110111010100101,0.0,10001111111000100111
94,0.0,10001111111000100111,0.0,10001111110101000100
94,0.0,10001111110101000100,0.0,10000111100101100110
94,0.0,10000111100101100110,0.0,11001001100101110110
94,0.0,11001001100101110110,0.0,11000001110101010110
94,0.0,11000001110101010110,0.0,00011001110101010110
94,0.0,00011001110101010110,0.0,00011101110011010110
94,0.0,00011101110011010110,0.0,10001101110111010111
94,0.0,10001101110111010111,0.0,10001101110111010111
94,0.0,10001101110111010111,0.0,00010101000111110100
94,0.0,00010101000111110100,0.0,00011101000101101100
94,0.0,00011101000101101100,0.0,10011101100100101110
95,2.0,10101010100111101001,2.0,10100010110111001000
95,2.0,10100010110111001000,2.0,10100010110111001000
95,2.0,10100010110111001000,2.0,10100010110111001000
95,2.0,10100010110111001000,2.0,10000011110101001010
95,2.0,10000011110101001010,2.0,11000111010101100010
95,2.0,11000111010101100010,0.0,01001111010101001011
95,0.0,01001111010101001011,0.0,01011110010101001011
95,0.0,01011110010101001011,0.0,11010110010001001011
95,0.0,11010110010001001011,0.0,11011110000001101011
95,0.0,11011110000001101011,0.0,11011110000001101011
95,0.0,11011110000001101011,0.0,10010110010011101010
95,0.0,10010110010011101010,0.0,10010110010011101010
95,0.0,10010110010011101010,0.0,10010110010011101010
95,0.0,10010110010011101010,0.0,10011110010001001101
95,0.0,10011110010001001101,0.0,00011110010001011110
95,0.0,00011110010001011110,0.0,00010110001001001100
95,0.0,00010110001001001100,0.0,00010010101010011101
95,0.0,00010010101010011101,0.0,00011110101010111011
95,0.0,00011110101010111011,0.0,01011010101010011001
95,0.0,01011010101010011001,0.0,01011010001100011011
95,0.0,01011010001100011011,0.0,01010010011110001000
95,0.0,01010010011110001000,0.0,01000110111100101100
95,0.0,01000110111100101100,0.0,00100110011100101100
95,0.0,00100110011100101100,0.0,01101110011100101000
95,0.0,01101110011100101000,0.0,01001110111100111010
95,0.0,01001110111100111010,0.0,00001110011101111001
95,0.0,00001110011101111001,0.0,00101110111010111000
95,0.0,00101110111010111000,0.0,01101010111010010100
95,0.0,01101010111010010100,0.0,01101010111010010100
95,0.0,01101010111010010100,0.0,11100010110110010100
95,0.0,11100010110110010100,0.0,01100011000110010110
95,0.0,01100011000110010110,0.0,10100011000110010111
95,0.0,10100011000110010111,0.0,11101011000110010011
95,0.0,11101011000110010011,0.0,11101001000110110111
95,0.0,11101001000110110111,0.0,01011001110110010111
95,0.0,01011001110110010111,0.0,01011001110110010111
95,0.0,01011001110110010111,0.0,01011100110111010110
95,0.0,01011100110111010110,0.0,10011100110111010111
95,0.0,10011100110111010111,0.0,11010100110110111011
95,0.0,11010100110110111011,0.0,11010100110110111011
95,0.0,11010100110110111011,0.0,11010100110011011000
95,0.0,11010100110011011000,0.0,11111000110011010000
95,0.0,11111000110011010000,0.0,11101010110011010011
95,0.0,11101010110011010011,0.0,11101010110011010011
95,0.0,11101010110011010011,0.0,11101000110011110111
95,0.0,11101000110011110111,0.0,11110000100011110010
95,0.0,11110000100011110010,0.0,01101001000011111011
95,0.0,01101001000011111011,0.0,01100101000101011011
95,0.0,01100101000101011011,0.0,01100011000110011000
95,0.0,01100011000110011000,0.0,01110010000110011000
95,0.0,01110010000110011000,0.0,01111010000010111011
95,0.0,01111010000010111011,0.0,01111000000011111011
95,0.0,01111000000011111011,0.0,01111000000011111011
95,0.0,01111000000011111011,0.0,01111000000011111011
95,0.0,01111000000011111011,0.0,01110000001001101000
95,0.0,01110000001001101000,0.0,01011001001001001001
95,0.0,01011001001001001001,0.0,01011000001001011100
95,0.0,01011000001001011100,0.0,01011000001001011100
95,0.0,01011000001001011100,0.0,01011100001011011011
95,0.0,01011100001011011011,0.0,01011100000111011100
95,0.0,01011100000111011100,0.0,01011100000111011100
95,0.0,01011100000111011100,0.0,01010100100111111010
95,0.0,01010100100111111010,0.0,01010001100110111011
95,0.0,01010001100110111011,0.0,01100101110100111011
95,0.0,01100101110100111011,0.0,01100101110000111100
95,0.0,01100101110000111100,0.0,01110101110000101001
95,0.0,01110101110000101001,0.0,01110101110001000011
95,0.0,01110101110001000011,0.0,01100001110011100111
95,0.0,01100001110011100111,0.0,01100001110011100111
95,0.0,01100001110011100111,0.0,11100001100010101111
95,0.0,11100001100010101111,0.0,10101001110010011111
95,0.0,10101001110010011111,0.0,10101011100010001101
95,0.0,10101011100010001101,0.0,10101011100010001101
95,0.0,10101011100010001101,0.0,10111001100110001001
95,0.0,10111001100110001001,0.0,10111001100110000111
95,0.0,10111001100110000111,0.0,00110000100111001111
95,0.0,00110000100111001111,0.0,01111000100111001011
95,0.0,01111000100111001011,0.0,01111000100111001011
95,0.0,01111000100111001011,0.0,01111000100111001011
95,0.0,01111000100111001011,0.0,01111000100111001011
95,0.0,01111000100111001011,0.0,01010001100110111011
95,0.0,01010001100110111011,0.0,01010001100110111011
95,0.0,01010001100110111011,0.0,01010001100110111011
95,0.0,01010001100110111011,0.0,00011101110110111011
95,0.0,00011101110110111011,0.0,01011101110110101001
95,0.0,01011101110110101001,0.0,11010101110010101001
95,0.0,11010101110010101001,0.0,11010101110010101001
95,0.0,11010101110010101001,0.0,01011101110110101001
95,0.0,01011101110110101001,0.0,01011101000110101101
95,0.0,01011101000110101101,0.0,00110101000110001110
95,0.0,00110101000110001110,0.0,00111100001110001111
95,0.0,00111100001110001111,0.0,00111100001110001111
95,0.0,00111100001110001111,0.0,01010100001110011100
95,0.0,01010100001110011100,0.0,01011001101010010100
95,0.0,01011001101010010100,0.0,01101101101010010101
95,0.0,01101101101010010101,0.0,01000101101111000100
95,0.0,01000101101111000100,0.0,01000001111101000111
95,0.0,01000001111101000111,0.0,01000001011111000110
95,0.0,01000001011111000110,0.0,01001011001111000010
95,0.0,01001011001111000010,0.0,00001111001111010001
95,0.0,00001111001111010001,0.0,00000011001111001000
95,0.0,00000011001111001000,0.0,00000011001111001000
95,0.0,00000011001111001000,0.0,00100001011101001001
95,0.0,00100001011101001001,0.0,00101011010101001001
95,0.0,00101011010101001001,0.0,00101101110101011001
95,0.0,00101101110101011001,0.0,00101111110111000000
95,0.0,00101111110111000000,0.0,10100111110011000000
95,0.0,10100111110011000000,0.0,10100111000011000100
95,0.0,10100111000011000100,0.0,11101011000010010100
95,0.0,11101011000010010100,0.0,10101011100010001101
95,0.0,10101011100010001101,0.0,10101011100010001101
95,0.0,10101011100010001101,0.0,10100010101100001100
95,0.0,10100010101100001100,0.0,10100010101100001100
95,0.0,10100010101100001100,0.0,10100010101100001100
95,0.0,10100010101100001100,0.0,11100000111100001100
95,0.0,11100000111100001100,0.0,11001000111100111101
95,0.0,11001000111100111101,0.0,01010000111100101101
95,0.0,01010000111100101101,0.0,01011010110100101101
95,0.0,01011010110100101101,0.0,01011110110010101101
95,0.0,01011110110010101101,0.0,01001111110010101101
95,0.0,01001111110010101101,0.0,01101111110010001010
95,0.0,01101111110010001010,0.0,01101101110011001010
95,0.0,01101101110011001010,0.0,00100101110011001110
95,0.0,00100101110011001110,0.0,00100101110011001110
95,0.0,00100101110011001110,0.0,10101101110011001011
95,0.0,10101101110011001011,0.0,10101110100111001011
95,0.0,10101110100111001011,0.0,00101110110111101001
95,0.0,00101110110111101001,0.0,00110110010111100001
95,0.0,00110110010111100001,0.0,00010110000111110111
95,0.0,00010110000111110111,0.0,00011110100111010110
95,0.0,00011110100111010110,0.0,00111100101001010100
95,0.0,00111100101001010100,0.0,00111000101011100101
95,0.0,00111000101011100101,0.0,00101001101011100101
95,0.0,00101001101011100101,0.0,00101001101011100101
95,0.0,00101001101011100101,0.0,00101001101011100101
95,0.0,00101001101011100101,0.0,00100101101010101110
95,0.0,00100101101010101110,0.0,00100101101010101110
95,0.0,00100101101010101110,0.0,00100101101010101110
95,0.0,00100101101010101110,0.0,00110001000010111100
95,0.0,00110001000010111100,0.0,00110101000000111111
95,0.0,00110101000000111111,0.0,00110001100000111101
95,0.0,00110001100000111101,0.0,00100101100001111100
95,0.0,00100101100001111100,0.0,00111101100000011110
95,0.0,00111101100000011110,0.0,00111101100000011110
95,0.0,00111101100000011110,0.0,01111001100000110111
95,0.0,01111001100000110111,0.0,11010001101000100100
95,0.0,11010001101000100100,0.0,11010101101010100011
95,0.0,11010101101010100011,0.0,11010001001110100010
95,0.0,11010001001110100010,0.0,11010001001110100010
96,4.0,10010010100111100100,0.0,10100110100111100100
96,0.0,10100110100111100100,0.0,10100110110011100111
96,0.0,10100110110011100111,0.0,01100110110011100110
96,0.0,01100110110011100110,0.0,01101100111011100100
96,0.0,01101100111011100100,0.0,11100000111001100100
96,0.0,11100000111001100100,0.0,00111000111001100100
96,0.0,00111000111001100100,0.0,00111010111000100100
96,0.0,00111010111000100100,0.0,00111010001001000100
96,0.0,00111010001001000100,0.0,10011110001001000111
96,0.0,10011110001001000111,0.0,10011110001001000111
96,0.0,10011110001001000111,0.0,10101110001011000101
96,0.0,10101110001011000101,0.0,10101110111011000001
96,0.0,10101110111011000001,0.0,10110110110011000000
96,0.0,10110110110011000000,0.0,10110010010001001001
96,0.0,10110010010001001001,0.0,10111100000011001111
96,0.0,10111100000011001111,0.0,10101001000101001111
96,0.0,10101001000101001111,0.0,10101000110101011110
96,0.0,10101000110101011110,0.0,00111100110101010111
96,0.0,00111100110101010111,0.0,00110100101101000101
96,0.0,00110100101101000101,0.0,01111100101101000001
96,0.0,01111100101101000001,0.0,11110000001101000000
96,0.0,11110000001101000000,0.0,11110000001110010011
96,0.0,11110000001110010011,0.0,11110000011100010010
96,0.0,11110000011100010010,0.0,10101001011100010100
96,0.0,10101001011100010100,0.0,00100101011110010110
96,0.0,00100101011110010110,0.0,00101001011001010110
96,0.0,00101001011001010110,0.0,11101000011101000101
96,0.0,11101000011101000101,0.0,11101000101101000110
96,0.0,11101000101101000110,0.0,11100000101011100101
96,0.0,11100000101011100101,0.0,11100000111001100100
96,0.0,11100000111001100100,0.0,01011100111001100110
96,0.0,01011100111001100110,0.0,01001101111001101000
96,0.0,01001101111001101000,0.0,11000101110101101000
96,0.0,11000101110101101000,0.0,11000101110110111011
96,0.0,11000101110110111011,0.0,11101001110110110011
96,0.0,11101001110110110011,0.0,11101001110110110011
96,0.0,11101001110110110011,0.0,11101001110110110011
96,0.0,11101001110110110011,0.0,11100001110110100101
96,0.0,11100001110110100101,0.0,11110011000000100010
96,0.0,11110011000000100010,0.0,11010110001000101011
96,0.0,11010110001000101011,0.0,01011110001100101011
96,0.0,01011110001100101011,0.0,01011110001100101011
96,0.0,01011110001100101011,0.0,01011110001100101011
96,0.0,01011110001100101011,0.0,01011110001000101100
96,0.0,01011110001000101100,0.0,01011010001000011100
96,0.0,01011010001000011100,0.0,01010110001010001101
96,0.0,01010110001010001101,0.0,01111110110010001010
96,0.0,01111110110010001010,0.0,01110010110010101001
96,0.0,01110010110010101001,0.0,11110010110000001010
96,0.0,11110010110000001010,0.0,11110010100010001011
96,0.0,11110010100010001011,0.0,11011110100010001111
96,0.0,11011110100010001111,0.0,11110000000001001110
96,0.0,11110000000001001110,0.0,11100001000001001110
96,0.0,11100001000001001110,0.0,11000101000011011100
96,0.0,11000101000011011100,0.0,11000101000011011100
96,0.0,11000101000011011100,0.0,11000101100001011101
96,0.0,11000101100001011101,0.0,10111101100000001101
96,0.0,10111101100000001101,0.0,11110001100010000110
96,0.0,11110001100010000110,0.0,10111001100110000111
96,0.0,10111001100110000111,0.0,10111001000100001100
96,0.0,10111001000100001100,0.0,10111001001000001011
96,0.0,10111001001000001011,0.0,10111001011100000001
96,0.0,10111001011100000001,0.0,10111001011100000001
96,0.0,10111001011100000001,0.0,11011100111100100100
96,0.0,11011100111100100100,0.0,11001101111100100100
96,0.0,11001101111100100100,0.0,11001101101110100101
96,0.0,11001101101110100101,0.0,01101101001110100100
96,0.0,01101101001110100100,0.0,01101101001110100100
96,0.0,01101101001110100100,0.0,01101101001110100100
96,0.0,01101101001110100100,0.0,00101101001110110110
96,0.0,00101101001110110110,0.0,11100100001110110110
96,0.0,11100100001110110110,0.0,11100000111010110111
96,0.0,11100000111010110111,0.0,11101000110110011111
96,0.0,11101000110110011111,0.0,11101000110110011111
96,0.0,11101000110110011111,0.0,11100010110110010100
96,0.0,11100010110110010100,0.0,11101010100110110100
96,0.0,11101010100110110100,0.0,11100110000111000100
96,0.0,11100110000111000100,0.0,11000111000101000110
96,0.0,11000111000101000110,0.0,10010111000001000110
96,0.0,10010111000001000110,0.0,10010111000001000110
96,0.0,10010111000001000110,0.0,10010111000001001000
96,0.0,10010111000001001000,0.0,10010111110001000010
96,0.0,10010111110001000010,0.0,10010001100011010111
96,0.0,10010001100011010111,0.0,10110000000111010111
96,0.0,10110000000111010111,0.0,10110000000110111101
96,0.0,10110000000110111101,0.0,11111100000000111101
96,0.0,11111100000000111101,0.0,11111100000000111101
96,0.0,11111100000000111101,0.0,01110000100100111101
96,0.0,01110000100100111101,0.0,01110110100100101001
96,0.0,01110110100100101001,0.0,01110110000110101000
96,0.0,01110110000110101000,0.0,01110110100100101001
96,0.0,01110110100100101001,0.0,01111111100000100011
96,0.0,01111111100000100011,0.0,01111111100000100011
96,0.0,01111111100000100011,0.0,01110011100000000101
96,0.0,01110011100000000101,0.0,01110001100001000101
96,0.0,01110001100001000101,0.0,01110011100000000101
96,0.0,01110011100000000101,0.0,11010011110000000100
96,0.0,11010011110000000100,0.0,11011110110000001110
96,0.0,11011110110000001110,0.0,11011110110000001110
96,0.0,11011110110000001110,0.0,11011110110000001110
96,0.0,11011110110000001110,0.0,11001111110000001110
96,0.0,11001111110000001110,0.0,11000101111000001110
96,0.0,11000101111000001110,0.0,11000101111000001110
96,0.0,11000101111000001110,0.0,11001111110000001110
96,0.0,11001111110000001110,0.0,11000111010000101111
96,0.0,11000111010000101111,0.0,11010101010100101011
96,0.0,11010101010100101011,0.0,11010101010100101011
96,0.0,11010101010100101011,0.0,11011101011100000011
96,0.0,11011101011100000011,0.0,11011101011100000011
96,0.0,11011101011100000011,0.0,11011101011000000100
96,0.0,11011101011000000100,0.0,11011101011100000011
96,0.0,11011101011100000011,0.0,11001101111110010011
96,0.0,11001101111110010011,0.0,11011100111110010011
96,0.0,11011100111110010011,0.0,01111100111100010011
96,0.0,01111100111100010011,0.0,00111100111110110010
96,0.0,00111100111110110010,0.0,00111000101110110100
96,0.0,00111000101110110100,0.0,00111000101110110100
96,0.0,00111000101110110100,0.0,00111100001110110110
96,0.0,00111100001110110110,0.0,00110100111110100100
96,0.0,00110100111110100100,0.0,11110000110110100101
96,0.0,11110000110110100101,0.0,11101100110110101111
96,0.0,11101100110110101111,0.0,11100101010110100111
96,0.0,11100101010110100111,0.0,11111101010010100011
96,0.0,11111101010010100011,0.0,11110001011000000000
96,0.0,11110001011000000000,0.0,01111001011100000000
96,0.0,01111001011100000000,0.0,01110001001100100010
96,0.0,01110001001100100010,0.0,00111101011100100010
96,0.0,00111101011100100010,0.0,00111101001110100011
96,0.0,00111101001110100011,0.0,01011101101110100011
96,0.0,01011101101110100011,0.0,01111100111110100000
96,0.0,01111100111110100000,0.0,01111100011110010010
96,0.0,01111100011110010010,0.0,01111010011100000011
96,0.0,01111010011100000011,0.0,01110010001000101000
96,0.0,01110010001000101000,0.0,01011011001000001001
96,0.0,01011011001000001001,0.0,01011011001000001001
96,0.0,01011011001000001001,0.0,11010111000010001001
96,0.0,11010111000010001001,0.0,11000011100110011001
96,0.0,11000011100110011001,0.0,01001111110110011000
96,0.0,01001111110110011000,0.0,01000111010110111001
96,0.0,01000111010110111001,0.0,01000111111010110000
96,0.0,01000111111010110000,0.0,11000101011010110101
97,0.0,11101111000000010111,0.0,11101111000000010111
97,0.0,11101111000000010111,0.0,11101111110000010011
97,0.0,11101111110000010011,0.0,11101100110111110010
97,0.0,11101100110111110010,0.0,11101100110111110010
97,0.0,11101100110111110010,0.0,01000001110111110101
97,0.0,01000001110111110101,0.0,01000001111101110000
97,0.0,01000001111101110000,0.0,01000101010111110111
97,0.0,01000101010111110111,0.0,00000111010101110110
97,0.0,00000111010101110110,0.0,00000111010101110110
97,0.0,00000111010101110110,0.0,00000111010101001111
97,0.0,00000111010101001111,0.0,00100110010111001101
97,0.0,00100110010111001101,0.0,00000011010111001100
97,0.0,00000011010111001100,0.0,00000111010101001111
97,0.0,00000111010101001111,0.0,00000111111001001000
97,0.0,00000111111001001000,0.0,00010101011001001011
97,0.0,00010101011001001011,0.0,00010111011000001011
97,0.0,00010111011000001011,0.0,00111111101000000001
97,0.0,00111111101000000001,0.0,01110111100100000000
97,0.0,01110111100100000000,0.0,01101111010110000100
97,0.0,01101111010110000100,0.0,11100011010100000100
97,0.0,11100011010100000100,0.0,11100001010101000100
97,0.0,11100001010101000100,0.0,01101101110101000101
97,0.0,01101101110101000101,0.0,11100101110001000101
97,0.0,11100101110001000101,0.0,01110001100001000101
97,0.0,01110001100001000101,0.0,01110001000011000100
97,0.0,01110001000011000100,0.0,11110001100010000110
97,0.0,11110001100010000110,0.0,11110001001010000001
97,0.0,11110001001010000001,0.0,11100101001010100100
97,0.0,11100101001010100100,0.0,11100101101000100101
97,0.0,11100101101000100101,0.0,11100101001000010111
97,0.0,11100101001000010111,0.0,11100101111000010011
97,0.0,11100101111000010011,0.0,11100101001000010111
97,0.0,11100101001000010111,0.0,11101101000001010111
97,0.0,11101101000001010111,0.0,11101101000001010111
97,0.0,11101101000001010111,0.0,10100101010011010110
97,0.0,10100101010011010110,0.0,10001001011011010110
97,0.0,10001001011011010110,0.0,00101001001011010111
97,0.0,00101001001011010111,0.0,01101100111001010111
97,0.0,01101100111001010111,0.0,01101100111001010111
97,0.0,01101100111001010111,0.0,11100100110101010111
97,0.0,11100100110101010111,0.0,11100110110100010111
97,0.0,11100110110100010111,0.0,11100010011000010110
97,0.0,11100010011000010110,0.0,11101010001000110110
97,0.0,11101010001000110110,0.0,11101010001000110110
97,0.0,11101010001000110110,0.0,11100110001010100111
97,0.0,11100110001010100111,0.0,11100110001011000011
97,0.0,11100110001011000011,0.0,11100111001010000000
97,0.0,11100111001010000000,0.0,11100111001010000000
97,0.0,11100111001010000000,0.0,11101111100001000001
97,0.0,11101111100001000001,0.0,11101111100001000001
97,0.0,11101111100001000001,0.0,01110110100001000100
97,0.0,01110110100001000100,0.0,00110110100001010110
97,0.0,00110110100001010110,0.0,00111110100101000101
97,0.0,00111110100101000101,0.0,00111110100101000101
97,0.0,00111110100101000101,0.0,10010011100001000100
97,0.0,10010011100001000100,0.0,11010001110001000100
97,0.0,11010001110001000100,0.0,11001001111001000101
97,0.0,11001001111001000101,0.0,10011101111000100100
97,0.0,10011101111000100100,0.0,10011100111001100111
97,0.0,10011100111001100111,0.0,10011000111011100100
97,0.0,10011000111011100100,0.0,00010100111001101100
97,0.0,00010100111001101100,0.0,00011100011101001101
97,0.0,00011100011101001101,0.0,00011100011101001101
97,0.0,00011100011101001101,0.0,00011100011101001101
97,0.0,00011100011101001101,0.0,11000100011101001101
97,0.0,11000100011101001101,0.0,01000110011001001111
97,0.0,01000110011001001111,0.0,01000111011000001100
97,0.0,01000111011000001100,0.0,01000111011100001011
97,0.0,01000111011100001011,0.0,01001111001100101011
97,0.0,01001111001100101011,0.0,01001011001110101000
97,0.0,01001011001110101000,0.0,11000011001010101000
97,0.0,11000011001010101000,0.0,10000011000011101100
97,0.0,10000011000011101100,0.0,10000011000011101100
97,0.0,10000011000011101100,0.0,10000010101011001110
97,0.0,10000010101011001110,0.0,10000010101011001110
97,0.0,10000010101011001110,0.0,00001010101111001110
97,0.0,00001010101111001110,0.0,00000011001111001000
97,0.0,00000011001111001000,0.0,00000111101011001001
97,0.0,00000111101011001001,0.0,00001011101001011000
97,0.0,00001011101001011000,0.0,01001010101101011000
97,0.0,01001010101101011000,0.0,01001010111001011011
97,0.0,01001010111001011011,0.0,01101010101001001010
97,0.0,01101010101001001010,0.0,11101010101100001000
97,0.0,11101010101100001000,0.0,11101010100110001101
97,0.0,11101010100110001101,0.0,11100001100110011010
97,0.0,11100001100110011010,0.0,11100001100110011010
97,0.0,11100001100110011010,0.0,11101001110110110011
97,0.0,11101001110110110011,0.0,11101101110000110111
97,0.0,11101101110000110111,0.0,11111101110000010000
97,0.0,11111101110000010000,0.0,11111001100100010001
97,0.0,11111001100100010001,0.0,11111001100100010001
97,0.0,11111001100100010001,0.0,11111001100100010001
97,0.0,11111001100100010001,0.0,11011001111100000001
97,0.0,11011001111100000001,0.0,11011001111100000001
97,0.0,11011001111100000001,0.0,11011001111100000001
97,0.0,11011001111100000001,0.0,01110001010100101000
97,0.0,01110001010100101000,0.0,01110001010100101000
97,0.0,01110001010100101000,0.0,01111001011100000000
97,0.0,01111001011100000000,0.0,01110001010100101000
97,0.0,01110001010100101000,0.0,01111000011100101001
97,0.0,01111000011100101001,0.0,01111100011010101001
97,0.0,01111100011010101001,0.0,00110110011010001001
97,0.0,00110110011010001001,0.0,00110010101100001010
97,0.0,00110010101100001010,0.0,00111010001101000011
97,0.0,00111010001101000011,0.0,00101011001101000011
97,0.0,00101011001101000011,0.0,00100011010111010001
97,0.0,00100011010111010001,0.0,00101110010111011011
97,0.0,00101110010111011011,0.0,00101110010111011011
97,0.0,00101110010111011011,0.0,00101110010111011011
97,0.0,00101110010111011011,0.0,00101110010111011011
97,0.0,00101110010111011011,0.0,00111110010110011000
97,0.0,00111110010110011000,0.0,00101110010111011011
97,0.0,00101110010111011011,0.0,00101110010111011011
97,0.0,00101110010111011011,0.0,00101010110111011001
97,0.0,00101010110111011001,0.0,00101110110111101001
97,0.0,00101110110111101001,0.0,00100010111011110001
97,0.0,00100010111011110001,0.0,00101110111010110110
97,0.0,00101110111010110110,0.0,00100110111011000100
97,0.0,00100110111011000100,0.0,00011110010111010101
97,0.0,00011110010111010101,0.0,00011110010111010101
97,0.0,00011110010111010101,0.0,01010100010111110111
97,0.0,01010100010111110111,0.0,01010100010111110111
97,0.0,01010100010111110111,0.0,01010101110100110101
97,0.0,01010101110100110101,0.0,01010101000101010101
97,0.0,01010101000101010101,0.0,01010111000100010101
97,0.0,01010111000100010101,0.0,01010111000100010101
97,0.0,01010111000100010101,0.0,01001111100100011101
97,0.0,01001111100100011101,0.0,01100011100100011001
97,0.0,01100011100100011001,0.0,01100111000100011011
97,0.0,01100111000100011011,0.0,01110111000000001001
97,0.0,01110111000000001001,0.0,01110111000000001001
97,0.0,01110111000000001001,0.0,01110110000000011100
97,0.0,01110110000000011100,0.0,01110110000000011100
97,0.0,01110110000000011100,0.0,01111010000100001110
97,0.0,01111010000100001110,0.0,01011010010100011111
97,0.0,01011010010100011111,0.0,01000010010101111101
97,0.0,01000010010101111101,0.0,01000010001101110111
97,0.0,01000010001101110111,0.0,01000010001101110111
97,0.0,01000010001101110111,0.0,01000110011001110110
97,0.0,01000110011001110110,0.0,01000110011001001111
97,0.0,01000110011001001111,0.0,10001110111000111100
97,0.0,10001110111000111100,0.0,10001110111000111100
97,0.0,10001110111000111100,0.0,10001110111000111100
97,0.0,10001110111000111100,0.0,10001110101010111101
97,0.0,10001110101010111101,0.0,10010110100010111100
98,8.0,00110010110001010100,4.0,00110010010011100110
98,4.0,00110010010011100110,0.0,10111010010011100010
98,0.0,10111010010011100010,0.0,10111010110001100011
98,0.0,10111010110001100011,0.0,10110010110101000000
98,0.0,10110010110101000000,0.0,10110010110101000000
98,0.0,10110010110101000000,0.0,10110000101101100000
98,0.0,10110000101101100000,0.0,10110000101101100000
98,0.0,10110000101101100000,0.0,10110000101101100000
98,0.0,10110000101101100000,0.0,10110000111001100011
98,0.0,10110000111001100011,0.0,11110000111100100000
98,0.0,11110000111100100000,0.0,11101010101100001000
98,0.0,11101010101100001000,0.0,11100010100101001010
98,0.0,11100010100101001010,0.0,11100010010101001001
98,0.0,11100010010101001001,0.0,01101010011001001001
98,0.0,01101010011001001001,0.0,01100010110101101000
98,0.0,01100010110101101000,0.0,01110000010101101011
98,0.0,01110000010101101011,0.0,00110010000101101011
98,0.0,00110010000101101011,0.0,00110010110001101000
98,0.0,00110010110001101000,0.0,00111110110001110001
98,0.0,00111110110001110001,0.0,00111110110001110001
98,0.0,00111110110001110001,0.0,00011110110101101011
98,0.0,00011110110101101011,0.0,00011110110101101011
98,0.0,00011110110101101011,0.0,01011010110101001001
98,0.0,01011010110101001001,0.0,00010011110101100001
98,0.0,00010011110101100001,0.0,00010011010111100000
98,0.0,00010011010111100000,0.0,00011011010110101011
98,0.0,00011011010110101011,0.0,00010011000011101010
98,0.0,00010011000011101010,0.0,00010011000011101010
98,0.0,00010011000011101010,0.0,00010011000011101010
98,0.0,00010011000011101010,0.0,00010011100001101011
98,0.0,00010011100001101011,0.0,00010011000011101010
98,0.0,00010011000011101010,0.0,00010011100001101011
98,0.0,00010011100001101011,0.0,00010011000011101010
98,0.0,00010011000011101010,0.0,10010011010010101011
98,0.0,10010011010010101011,0.0,10010001010011101011
98,0.0,10010001010011101011,0.0,10010000010011111110
98,0.0,10010000010011111110,0.0,10010000010011111110
98,0.0,10010000010011111110,0.0,10011010000011111010
98,0.0,10011010000011111010,0.0,10011010000011111010
98,0.0,10011010000011111010,0.0,10111010000001101001
98,0.0,10111010000001101001,0.0,10110010010001001001
98,0.0,10110010010001001001,0.0,00110010110001101000
98,0.0,00110010110001101000,0.0,00110010110001101000
98,0.0,00110010110001101000,0.0,10111010110001100011
98,0.0,10111010110001100011,0.0,10010111110001000010
98,0.0,10010111110001000010,0.0,10010011100001000100
98,0.0,10010011100001000100,0.0,10010011100001000100
98,0.0,10010011100001000100,0.0,10010011100001000100
98,0.0,10010011100001000100,0.0,00011011110001001001
98,0.0,00011011110001001001,0.0,10010001110001011000
98,0.0,10010001110001011000,0.0,11011001000001011000
98,0.0,11011001000001011000,0.0,11011001000001011000
98,0.0,11011001000001011000,0.0,11011000000001111111
98,0.0,11011000000001111111,0.0,10010000110001111111
98,0.0,10010000110001111111,0.0,10001000011011111111
98,0.0,10001000011011111111,0.0,10011000011010111100
98,0.0,10011000011010111100,0.0,10011100011011100110
98,0.0,10011100011011100110,0.0,10011000011011010110
98,0.0,10011000011011010110,0.0,10011110000011110101
98,0.0,10011110000011110101,0.0,10010010000011101100
98,0.0,10010010000011101100,0.0,11011110000001101011
98,0.0,11011110000001101011,0.0,11011110000001101011
98,0.0,11011110000001101011,0.0,11011101110001100010
98,0.0,11011101110001100010,0.0,11011101110001100010
98,0.0,11011101110001100010,0.0,10010100110101111010
98,0.0,10010100110101111010,0.0,10010000111101110001
98,0.0,10010000111101110001,0.0,10010000011111110000
98,0.0,10010000011111110000,0.0,10010000011111110000
98,0.0,10010000011111110000,0.0,10010000011111110000
98,0.0,10010000011111110000,0.0,10001000001111111100
98,0.0,10001000001111111100,0.0,10010000011111110000
98,0.0,10010000011111110000,0.0,10000001011111110000
98,0.0,10000001011111110000,0.0,10000001011111110000
98,0.0,10000001011111110000,0.0,10000001011111110000
98,0.0,10000001011111110000,0.0,10000001111101110001
98,0.0,10000001111101110001,0.0,10000001111101110001
98,0.0,10000001111101110001,0.0,00101001111101100011
98,0.0,00101001111101100011,0.0,10000101011101110011
98,0.0,10000101011101110011,0.0,10000101011001110100
98,0.0,10000101011001110100,0.0,10000101011001110100
98,0.0,10000101011001110100,0.0,10001001011010111100
98,0.0,10001001011010111100,0.0,11000001111000111011
98,0.0,11000001111000111011,0.0,11010000011010111010
98,0.0,11010000011010111010,0.0,11100100011010111011
98,0.0,11100100011010111011,0.0,10100001011000111011
98,0.0,10100001011000111011,0.0,10101101111000101010
98,0.0,10101101111000101010,0.0,10101101111000101010
98,0.0,10101101111000101010,0.0,10101101101010101011
98,0.0,10101101101010101011,0.0,10101101101010101011
98,0.0,10101101101010101011,0.0,10101101101010101011
98,0.0,10101101101010101011,0.0,10100101101011100000
98,0.0,10100101101011100000,0.0,00100010111011110001
98,0.0,00100010111011110001,0.0,00100110011011110011
98,0.0,00100110011011110011,0.0,00111010111010010011
98,0.0,00111010111010010011,0.0,00111010101011000001
98,0.0,00111010101011000001,0.0,00111110001011000011
98,0.0,00111110001011000011,0.0,00111110001011000011
98,0.0,00111110001011000011,0.0,01100110101011100010
98,0.0,01100110101011100010,0.0,11100100001011100111
98,0.0,11100100001011100111,0.0,11101100000111001111
98,0.0,11101100000111001111,0.0,11110000000001001110
98,0.0,11110000000001001110,0.0,11110000000001001110
98,0.0,11110000000001001110,0.0,11101000001001001111
98,0.0,11101000001001001111,0.0,11100110001010101001
98,0.0,11100110001010101001,0.0,01100011001000101000
98,0.0,01100011001000101000,0.0,01101011000001101000
98,0.0,01101011000001101000,0.0,01001011000101001101
98,0.0,01001011000101001101,0.0,01001011000101001101
98,0.0,01001011000101001101,0.0,01001111001001000110
98,0.0,01001111001001000110,0.0,01000011001001100101
98,0.0,01000011001001100101,0.0,01000011100001101100
98,0.0,01000011100001101100,0.0,01000011100001101100
98,0.0,01000011100001101100,0.0,01001011000101001101
98,0.0,01001011000101001101,0.0,01001011000101001101
98,0.0,01001011000101001101,0.0,01011010000101001101
98,0.0,01011010000101001101,0.0,01110010000110011000
98,0.0,01110010000110011000,0.0,11010010010110101011
98,0.0,11010010010110101011,0.0,00010110011110101010
98,0.0,00010110011110101010,0.0,00011111001000101011
98,0.0,00011111001000101011,0.0,00010111011000110010
98,0.0,00010111011000110010,0.0,10001111011000011011
98,0.0,10001111011000011011,0.0,10001111011000011011
98,0.0,10001111011000011011,0.0,10001111011000011011
98,0.0,10001111011000011011,0.0,10001011011010011000
98,0.0,10001011011010011000,0.0,10011010011010011000
98,0.0,10011010011010011000,0.0,10110110010010011000
98,0.0,10110110010010011000,0.0,10111110110010001011
98,0.0,10111110110010001011,0.0,10111100110010101111
98,0.0,10111100110010101111,0.0,10111100110010101111
98,0.0,10111100110010101111,0.0,10111100110010101111
98,0.0,10111100110010101111,0.0,10111100110010101111
98,0.0,10111100110010101111,0.0,10111100110010101111
98,0.0,10111100110010101111,0.0,10110100110011100100
98,0.0,10110100110011100100,0.0,10100101110011100100
98,0.0,10100101110011100100,0.0,10111001110001100000
98,0.0,10111001110001100000,0.0,10011011010001010001
98,0.0,10011011010001010001,0.0,11001011010101010001
98,0.0,11001011010101010001,0.0,10011011010001010001
98,0.0,10011011010001010001,0.0,10111011000001000000
98,0.0,10111011000001000000,0.0,10011011011010000011
98,0.0,10011011011010000011,0.0,10011011011010000011
99,4.0,11101101100010110111,2.0,11100100110011110100
99,2.0,11100100110011110100,0.0,11101101100001100101
99,0.0,11101101100001100101,0.0,11101111100000100101
99,0.0,11101111100000100101,0.0,11101111100000100101
99,0.0,11101111100000100101,0.0,11011111000000100110
99,0.0,11011111000000100110,0.0,11011111000000100110
99,0.0,11011111000000100110,0.0,11010101001000100110
99,0.0,11010101001000100110,0.0,11010000001000111111
99,0.0,11010000001000111111,0.0,11010010001000011011
99,0.0,11010010001000011011,0.0,11010010001000011011
99,0.0,11010010001000011011,0.0,11011011000000011000
99,0.0,11011011000000011000,0.0,11011011000000011000
99,0.0,11011011000000011000,0.0,11011001100010111001
99,0.0,11011001100010111001,0.0,11010101010010011011
99,0.0,11010101010010011011,0.0,11010001010000011100
99,0.0,11010001010000011100,0.0,10010100011100011100
99,0.0,10010100011100011100,0.0,11001100011100111111
99,0.0,11001100011100111111,0.0,11001100011100111111
99,0.0,11001100011100111111,0.0,11001100011100111111
99,0.0,11001100011100111111,0.0,11001100011100111111
99,0.0,11001100011100111111,0.0,11001100011100111111
99,0.0,11001100011100111111,0.0,00101100011101111010
99,0.0,00101100011101111010,0.0,00100100011111011011
99,0.0,00100100011111011011,0.0,10100100011001111010
99,0.0,10100100011001111010,0.0,10000110011001111001
99,0.0,10000110011001111001,0.0,11001110011001110011
99,0.0,11001110011001110011,0.0,11010110010001110010
99,0.0,11010110010001110010,0.0,11011010110000111011
99,0.0,11011010110000111011,0.0,01010010110000111110
99,0.0,01010010110000111110,0.0,11010100100001011101
99,0.0,11010100100001011101,0.0,11000101100001011101
99,0.0,11000101100001011101,0.0,01100101000001011100
99,0.0,01100101000001011100,0.0,01100111000000011100
99,0.0,01100111000000011100,0.0,01100111000000011100
99,0.0,01100111000000011100,0.0,01100101100010111101
99,0.0,01100101100010111101,0.0,01011101101000011001
99,0.0,01011101101000011001,0.0,01011011001000001001
99,0.0,01011011001000001001,0.0,01011011001000001001
99,0.0,01011011001000001001,0.0,01011010001100011011
99,0.0,01011010001100011011,0.0,01001110001101011010
99,0.0,01001110001101011010,0.0,10001110001101011011
99,0.0,10001110001101011011,0.0,10100010001001011000
99,0.0,10100010001001011000,0.0,00100001001001111010
99,0.0,00100001001001111010,0.0,01101101001001110001
99,0.0,01101101001001110001,0.0,01101101001001110001
99,0.0,01101101001001110001,0.0,01100000001101111010
99,0.0,01100000001101111010,0.0,01001100001101111110
99,0.0,01001100001101111110,0.0,11001000001101011101
99,0.0,11001000001101011101,0.0,11001110001101001001
99,0.0,11001110001101001001,0.0,11001110111100101001
99,0.0,11001110111100101001,0.0,10000110111100101101
99,0.0,10000110111100101101,0.0,10000110111100101101
99,0.0,10000110111100101101,0.0,11001110111100100111
99,0.0,11001110111100100111,0.0,01001111111000100110
99,0.0,01001111111000100110,0.0,01001111111000100110
99,0.0,01001111111000100110,0.0,01001111110010101101
99,0.0,01001111110010101101,0.0,01001111110011001001
99,0.0,01001111110011001001,0.0,01000011110111010001
99,0.0,01000011110111010001,0.0,11001011010101010001
99,0.0,11001011010101010001,0.0,11001011010101010001
99,0.0,11001011010101010001,0.0,11101111000011000000
99,0.0,11101111000011000000,0.0,11000011000001001101
99,0.0,11000011000001001101,0.0,11000011000001001101
99,0.0,11000011000001001101,0.0,01001011000101001101
99,0.0,01001011000101001101,0.0,10101001000101001111
99,0.0,10101001000101001111,0.0,10101001000101001111
99,0.0,10101001000101001111,0.0,10101001110101001011
99,0.0,10101001110101001011,0.0,10110001010101000011
99,0.0,10110001010101000011,0.0,11100001001101000000
99,0.0,11100001001101000000,0.0,11100011001100000000
99,0.0,11100011001100000000,0.0,10101111001110000001
99,0.0,10101111001110000001,0.0,10101111001110000001
99,0.0,10101111001110000001,0.0,01111110001110000000
99,0.0,01111110001110000000,0.0,01111010111010000001
99,0.0,01111010111010000001,0.0,01011010101010011001
99,0.0,01011010101010011001,0.0,11011110100010111000
99,0.0,11011110100010111000,0.0,11011110100010111000
99,0.0,11011110100010111000,0.0,11001110100011111011
99,0.0,11001110100011111011,0.0,11001110100011111011
99,0.0,11001110100011111011,0.0,11001111000100111010
99,0.0,11001111000100111010,0.0,11000111010100011010
99,0.0,11000111010100011010,0.0,11000111010100011010
99,0.0,11000111010100011010,0.0,11100110010110011000
99,0.0,11100110010110011000,0.0,11100110010110011000
99,0.0,11100110010110011000,0.0,11101110110110001011
99,0.0,11101110110110001011,0.0,10111110110010001011
99,0.0,10111110110010001011,0.0,10111110110010001011
99,0.0,10111110110010001011,0.0,10111110110010001011
99,0.0,10111110110010001011,0.0,10111110110010001011
99,0.0,10111110110010001011,0.0,00111100111010001100
99,0.0,00111100111010001100,0.0,00010100001011011111
99,0.0,00010100001011011111,0.0,00010110001010011111
99,0.0,00010110001010011111,0.0,00000111001010011111
99,0.0,00000111001010011111,0.0,00000011101010011101
99,0.0,00000011101010011101,0.0,00010101101000011101
99,0.0,00010101101000011101,0.0,00011111100000011101
99,0.0,00011111100000011101,0.0,00011111100000011101
99,0.0,00011111100000011101,0.0,00011111100000011101
99,0.0,00011111100000011101,0.0,10001011001000011101
99,0.0,10001011001000011101,0.0,10001111001000101101
99,0.0,10001111001000101101,0.0,10010111000000101100
99,0.0,10010111000000101100,0.0,10010111000100101011
99,0.0,10010111000100101011,0.0,11010011000100001001
99,0.0,11010011000100001001,0.0,01011111000110001001
99,0.0,01011111000110001001,0.0,01011111000110001001
99,0.0,01011111000110001001,0.0,01110111000000001001
99,0.0,01110111000000001001,0.0,01110101000001001001
99,0.0,01110101000001001001,0.0,01110101100101000000
99,0.0,01110101100101000000,0.0,00011101101101100010
99,0.0,00011101101101100010,0.0,10001101111001100111
99,0.0,10001101111001100111,0.0,10001101111001100111
99,0.0,10001101111001100111,0.0,00101001111001100100
99,0.0,00101001111001100100,0.0,11100000111001100100
99,0.0,11100000111001100100,0.0,11100000011001010110
99,0.0,11100000011001010110,0.0,10101100011011010111
99,0.0,10101100011011010111,0.0,10101100011011010111
99,0.0,10101100011011010111,0.0,10101101011010010100
99,0.0,10101101011010010100,0.0,01101001001110010100
99,0.0,01101001001110010100,0.0,10101001001110010101
99,0.0,10101001001110010101,0.0,00101101001110110110
99,0.0,00101101001110110110,0.0,00101101001111010010
99,0.0,00101101001111010010,0.0,00001101001111110101
99,0.0,00001101001111110101,0.0,00001101011101110100
99,0.0,00001101011101110100,0.0,00101000111101110110
99,0.0,00101000111101110110,0.0,00100001011101110000
99,0.0,00100001011101110000,0.0,00011001011101010001
99,0.0,00011001011101010001,0.0,00011011011100010001
99,0.0,00011011011100010001,0.0,10110001011000010010
99,0.0,10110001011000010010,0.0,10110001011000010010
99,0.0,10110001011000010010,0.0,10110001011000010010
99,0.0,10110001011000010010,0.0,10010001011001010001
99,0.0,10010001011001010001,0.0,10011001001001110001
99,0.0,10011001001001110001,0.0,10011001001001110001
100,4.0,10111001000010001111,4.0,11110001000000001100
100,4.0,11110001000000001100,2.0,11100001001000001101
100,2.0,11100001001000001101,2.0,11000001001100101111
100,2.0,11000001001100101111,0.0,01000001111100101101
100,0.0,01000001111100101101,0.0,01001011101100101001
100,0.0,01001011101100101001,0.0,01011010101100101001
100,0.0,01011010101100101001,0.0,01011000101101101001
100,0.0,01011000101101101001,0.0,11010100110101101000
100,0.0,11010100110101101000,0.0,11011100011001001001
100,0.0,11011100011001001001,0.0,11011110011000001001
100,0.0,11011110011000001001,0.0,10010110011000001101
100,0.0,10010110011000001101,0.0,10110100011000001110
100,0.0,10110100011000001110,0.0,10010100011001001101
100,0.0,10010100011001001101,0.0,10010100101001001110
100,0.0,10010100101001001110,0.0,10010100101001001110
100,0.0,10010100101001001110,0.0,10011100111100001111
100,0.0,10011100111100001111,0.0,11100100011100001110
100,0.0,11100100011100001110,0.0,11100100011100001110
100,0.0,11100100011100001110,0.0,11101001001100001011
100,0.0,11101001001100001011,0.0,11100001011100010010
100,0.0,11100001011100010010,0.0,11000001011101010001
100,0.0,11000001011101010001,0.0,11000001101101010010
100,0.0,11000001101101010010,0.0,10000001111101110001
100,0.0,10000001111101110001,0.0,01000001111101110000
100,0.0,01000001111101110000,0.0,01001001111111100010
100,0.0,01001001111111100010,0.0,01001001111111100010
100,0.0,01001001111111100010,0.0,01101100111111100011
100,0.0,01101100111111100011,0.0,01100101110111100010
100,0.0,01100101110111100010,0.0,01100001110011101001
100,0.0,01100001110011101001,0.0,01110000110011101001
100,0.0,01110000110011101001,0.0,01111100110011001010
100,0.0,01111100110011001010,0.0,01011100111001101000
100,0.0,01011100111001101000,0.0,01011100111001101000
100,0.0,01011100111001101000,0.0,00010001111001001001
100,0.0,00010001111001001001,0.0,00010101011001001011
100,0.0,00010101011001001011,0.0,01011110001001001000
100,0.0,01011110001001001000,0.0,00111010001001000100
100,0.0,00111010001001000100,0.0,00111010001001000100
100,0.0,00111010001001000100,0.0,00111010001001000100
100,0.0,00111010001001000100,0.0,00111010001001000100
100,0.0,00111010001001000100,0.0,00010110001001001100
100,0.0,00010110001001001100,0.0,10010100011001001101
100,0.0,10010100011001001101,0.0,11010100010001101111
100,0.0,11010100010001101111,0.0,01010110000001101110
100,0.0,01010110000001101110,0.0,00011111010001001011
100,0.0,00011111010001001011,0.0,00011110110001101100
100,0.0,00011110110001101100,0.0,00110010110001101000
100,0.0,00110010110001101000,0.0,10100011010001001001
100,0.0,10100011010001001001,0.0,10001111100001001110
100,0.0,10001111100001001110,0.0,10001111010001001101
100,0.0,10001111010001001101,0.0,10001111010001001101
100,0.0,10001111010001001101,0.0,10101101010001001110
100,0.0,10101101010001001110,0.0,10101101110011001011
100,0.0,10101101110011001011,0.0,10101001110101001011
100,0.0,10101001110101001011,0.0,11101000110011111001
100,0.0,11101000110011111001,0.0,11011000010011111010
100,0.0,11011000010011111010,0.0,11101100010011111011
100,0.0,11101100010011111011,0.0,11101010010100111011
100,0.0,11101010010100111011,0.0,01100010010100111110
100,0.0,01100010010100111110,0.0,01100000010101111110
100,0.0,01100000010101111110,0.0,11101000010101111011
100,0.0,11101000010101111011,0.0,10101110010001111010
100,0.0,10101110010001111010,0.0,00100110110011111010
100,0.0,00100110110011111010,0.0,10100110110011101001
100,0.0,10100110110011101001,0.0,10100110110011101001
100,0.0,10100110110011101001,0.0,10100110010001101100
100,0.0,10100110010001101100,0.0,10100010000101101101
100,0.0,10100010000101101101,0.0,00101110001101100110
100,0.0,00101110001101100110,0.0,01101010001101000100
100,0.0,01101010001101000100,0.0,00101011001001000100
100,0.0,00101011001001000100,0.0,00101011001001000100
100,0.0,00101011001001000100,0.0,00101011001001000100
100,0.0,00101011001001000100,0.0,10001111001001000111
100,0.0,10001111001001000111,0.0,10011110001001000111
100,0.0,10011110001001000111,0.0,10101110001011000101
100,0.0,10101110001011000101,0.0,00101011101011000001
100,0.0,00101011101011000001,0.0,00110011100011000000
100,0.0,00110011100011000000,0.0,00110011100011000000
100,0.0,00110011100011000000,0.0,00110011100011000000
100,0.0,00110011100011000000,0.0,01111011100010100000
100,0.0,01111011100010100000,0.0,00110011100011000000
100,0.0,00110011100011000000,0.0,01110111110000000011
100,0.0,01110111110000000011,0.0,01110011010100000010
100,0.0,01110011010100000010,0.0,11110000011100010010
100,0.0,11110000011100010010,0.0,11110001011000000000
100,0.0,11110001011000000000,0.0,11110001011000000000
100,0.0,11110001011000000000,0.0,11111001010001000000
100,0.0,11111001010001000000,0.0,01110001110011000000
100,0.0,01110001110011000000,0.0,01110101110001000011
100,0.0,01110101110001000011,0.0,01110101100101000000
100,0.0,01110101100101000000,0.0,01110001010101000010
100,0.0,01110001010101000010,0.0,01110001100001000101
100,0.0,01110001100001000101,0.0,01110001100001000101
100,0.0,01110001100001000101,0.0,01100111100001000100
100,0.0,01100111100001000100,0.0,01100111100001000100
100,0.0,01100111100001000100,0.0,01101111100001010010
100,0.0,01101111100001010010,0.0,01100101100011010111
100,0.0,01100101100011010111,0.0,01110100100011010111
100,0.0,01110100100011010111,0.0,11101000110011110111
100,0.0,11101000110011110111,0.0,11101000110011110111
100,0.0,11101000110011110111,0.0,10111100000011110110
100,0.0,10111100000011110110,0.0,10111100110011110010
100,0.0,10111100110011110010,0.0,10111100000011110110
100,0.0,10111100000011110110,0.0,10111000000101110110
100,0.0,10111000000101110110,0.0,10110000001100110110
100,0.0,10110000001100110110,0.0,10010000001101110101
100,0.0,10010000001101110101,0.0,10010010001100110101
100,0.0,10010010001100110101,0.0,10010010001101010001
100,0.0,10010010001101010001,0.0,10010010001101010001
100,0.0,10010010001101010001,0.0,01010010001101010000
100,0.0,01010010001101010000,0.0,01110010100001110001
100,0.0,01110010100001110001,0.0,01111010100011100011
100,0.0,01111010100011100011,0.0,01010110100011101011
100,0.0,01010110100011101011,0.0,01000110100011111110
100,0.0,01000110100011111110,0.0,11101010000010111101
100,0.0,11101010000010111101,0.0,11101010000010111101
100,0.0,11101010000010111101,0.0,11101010110010111001
100,0.0,11101010110010111001,0.0,11101010110010111001
100,0.0,11101010110010111001,0.0,11101110000110111000
100,0.0,11101110000110111000,0.0,10100110110110111000
100,0.0,10100110110110111000,0.0,11101110110110001011
100,0.0,11101110110110001011,0.0,01100110110110001110
100,0.0,01100110110110001110,0.0,11011110110110000101
100,0.0,11011110110110000101,0.0,11010110110100101000
100,0.0,11010110110100101000,0.0,11011111000000101000
100,0.0,11011111000000101000,0.0,11011011100100100011
100,0.0,11011011100100100011,0.0,11011011100100100011
100,0.0,11011011100100100011,0.0,11011011100000100100
100,0.0,11011011100000100100,0.0,11011011000000010110
100,0.0,11011011000000010110,0.0,10010011110000010110
100,0.0,10010011110000010110,0.0,00011011110100010110
100,0.0,00011011110100010110,0.0,11000011110100010110
100,0.0,11000011110100010110,0.0,11001011100100110110
100,0.0,11001011100100110110,0.0,11000111110100100110
100,0.0,11000111110100100110,0.0,11010110110100100110
100,0.0,11010110110100100110,0.0,11001110111100100111
100,0.0,11001110111100100111,0.0,11001110111100100111
100,0.0,11001110111100100111,0.0,11011010111000000101
100,0.0,11011010111000000101,0.0,11011110110000001110
100,0.0,11011110110000001110,0.0,11111010010000101001
100,0.0,11111010010000101001,0.0,11011010110000111011
100,0.0,11011010110000111011,0.0,11010110110010011000
100,0.0,11010110110010011000,0.0,11001110111010011001
100,0.0,11001110111010011001,0.0,01000110111010011100
100,0.0,01000110111010011100,0.0,01001110101010111100
100,0.0,01001110101010111100,0.0,01001110101010111100
100,0.0,01001110101010111100,0.0,01001110110110111111
100,0.0,01001110110110111111,0.0,11000110110010111111
100,0.0,11000110110010111111,0.0,11000101110010111100
100,0.0,11000101110010111100,0.0,11000101110010111100
100,0.0,11000101110010111100,0.0,10000101100011111100
100,0.0,10000101100011111100,0.0,11000001100110111101
100,0.0,11000001100110111101,0.0,11000101000110111111
100,0.0,11000101000110111111,0.0,11000101000110111111
100,0.0,11000101000110111111,0.0,01001101001010111111
100,0.0,01001101001010111111,0.0,01000111000111100101
