run,fit1,node1,fit2,node2
1,29227.0,01100101101100101000,21837.0,01101001111100110001
1,21837.0,01101001111100110001,1433.0,11100001111000110000
1,1433.0,11100001111000110000,1433.0,11100001111000110000
1,1433.0,11100001111000110000,361.0,01100101011000110101
1,361.0,01100101011000110101,361.0,01100101011000110101
1,361.0,01100101011000110101,361.0,01100101011000110101
1,361.0,01100101011000110101,361.0,01100101011000110101
1,361.0,01100101011000110101,361.0,01100101011000110101
1,361.0,01100101011000110101,361.0,01100101011000110101
1,361.0,01100101011000110101,361.0,01100101011000110101
1,361.0,01100101011000110101,361.0,01100101011000110101
1,361.0,01100101011000110101,361.0,01100101011000110101
1,361.0,01100101011000110101,361.0,01100101011000110101
1,361.0,01100101011000110101,361.0,01100101011000110101
1,361.0,01100101011000110101,361.0,01100101011000110101
1,361.0,01100101011000110101,361.0,01100101011000110101
1,361.0,01100101011000110101,361.0,01100101011000110101
1,361.0,01100101011000110101,361.0,01100101011000110101
1,361.0,01100101011000110101,361.0,01100101011000110101
2,15035.0,11101000011100111010,6059.0,11100001011100010010
2,6059.0,11100001011100010010,593.0,11100000011110011011
2,593.0,11100000011110011011,593.0,11100000011110011011
2,593.0,11100000011110011011,593.0,11100000011110011011
2,593.0,11100000011110011011,593.0,11100000011110011011
2,593.0,11100000011110011011,593.0,11100000011110011011
2,593.0,11100000011110011011,593.0,11100000011110011011
2,593.0,11100000011110011011,593.0,11100000011110011011
2,593.0,11100000011110011011,593.0,11100000011110011011
2,593.0,11100000011110011011,593.0,11100000011110011011
2,593.0,11100000011110011011,273.0,11001000011110111101
2,273.0,11001000011110111101,273.0,11001000011110111101
2,273.0,11001000011110111101,273.0,11001000011110111101
2,273.0,11001000011110111101,273.0,11001000011110111101
2,273.0,11001000011110111101,273.0,11001000011110111101
2,273.0,11001000011110111101,273.0,11001000011110111101
2,273.0,11001000011110111101,273.0,11001000011110111101
2,273.0,11001000011110111101,273.0,11001000011110111101
2,273.0,11001000011110111101,273.0,11001000011110111101
2,273.0,11001000011110111101,273.0,11001000011110111101
2,273.0,11001000011110111101,273.0,11001000011110111101
2,273.0,11001000011110111101,273.0,11001000011110111101
2,273.0,11001000011110111101,273.0,11001000011110111101
2,273.0,11001000011110111101,273.0,11001000011110111101
2,273.0,11001000011110111101,273.0,11001000011110111101
2,273.0,11001000011110111101,273.0,11001000011110111101
2,273.0,11001000011110111101,273.0,11001000011110111101
2,273.0,11001000011110111101,273.0,11001000011110111101
2,273.0,11001000011110111101,273.0,11001000011110111101
2,273.0,11001000011110111101,273.0,11001000011110111101
2,273.0,11001000011110111101,273.0,11001000011110111101
2,273.0,11001000011110111101,273.0,11001000011110111101
2,273.0,11001000011110111101,273.0,11001000011110111101
2,273.0,11001000011110111101,273.0,11001000011110111101
2,273.0,11001000011110111101,273.0,11001000011110111101
2,273.0,11001000011110111101,273.0,11001000011110111101
2,273.0,11001000011110111101,273.0,11001000011110111101
2,273.0,11001000011110111101,273.0,11001000011110111101
2,273.0,11001000011110111101,273.0,11001000011110111101
2,273.0,11001000011110111101,273.0,11001000011110111101
2,273.0,11001000011110111101,273.0,11001000011110111101
2,273.0,11001000011110111101,273.0,11001000011110111101
2,273.0,11001000011110111101,273.0,11001000011110111101
2,273.0,11001000011110111101,273.0,11001000011110111101
2,273.0,11001000011110111101,273.0,11001000011110111101
2,273.0,11001000011110111101,273.0,11001000011110111101
3,43549.0,11000101011010001110,11607.0,01010001111010000111
3,11607.0,01010001111010000111,11607.0,01010001111010000111
3,11607.0,01010001111010000111,7147.0,01110101110010000110
3,7147.0,01110101110010000110,5475.0,01110101010010100110
3,5475.0,01110101010010100110,5165.0,01111101100010100111
3,5165.0,01111101100010100111,5165.0,01111101100010100111
3,5165.0,01111101100010100111,4493.0,11111001000010100101
3,4493.0,11111001000010100101,4493.0,11111001000010100101
3,4493.0,11111001000010100101,1629.0,11111101000010110001
3,1629.0,11111101000010110001,783.0,11111100010010110111
3,783.0,11111100010010110111,783.0,11111100010010110111
3,783.0,11111100010010110111,783.0,11111100010010110111
3,783.0,11111100010010110111,741.0,11110100011010010010
3,741.0,11110100011010010010,741.0,11110100011010010010
3,741.0,11110100011010010010,741.0,11110100011010010010
3,741.0,11110100011010010010,741.0,11110100011010010010
3,741.0,11110100011010010010,741.0,11110100011010010010
3,741.0,11110100011010010010,741.0,11110100011010010010
3,741.0,11110100011010010010,741.0,11110100011010010010
3,741.0,11110100011010010010,741.0,11110100011010010010
3,741.0,11110100011010010010,741.0,11110100011010010010
3,741.0,11110100011010010010,741.0,11110100011010010010
3,741.0,11110100011010010010,579.0,01011110011000011010
3,579.0,01011110011000011010,579.0,01011110011000011010
3,579.0,01011110011000011010,543.0,01011011111000000010
3,543.0,01011011111000000010,543.0,01011011111000000010
3,543.0,01011011111000000010,543.0,01011011111000000010
3,543.0,01011011111000000010,543.0,01011011111000000010
3,543.0,01011011111000000010,543.0,01011011111000000010
3,543.0,01011011111000000010,543.0,01011011111000000010
3,543.0,01011011111000000010,543.0,01011011111000000010
3,543.0,01011011111000000010,543.0,01011011111000000010
3,543.0,01011011111000000010,543.0,01011011111000000010
3,543.0,01011011111000000010,543.0,01011011111000000010
3,543.0,01011011111000000010,543.0,01011011111000000010
3,543.0,01011011111000000010,543.0,01011011111000000010
3,543.0,01011011111000000010,543.0,01011011111000000010
3,543.0,01011011111000000010,543.0,01011011111000000010
3,543.0,01011011111000000010,543.0,01011011111000000010
3,543.0,01011011111000000010,543.0,01011011111000000010
3,543.0,01011011111000000010,543.0,01011011111000000010
3,543.0,01011011111000000010,543.0,01011011111000000010
3,543.0,01011011111000000010,543.0,01011011111000000010
3,543.0,01011011111000000010,251.0,01011001111010000110
3,251.0,01011001111010000110,251.0,01011001111010000110
3,251.0,01011001111010000110,251.0,01011001111010000110
3,251.0,01011001111010000110,251.0,01011001111010000110
3,251.0,01011001111010000110,251.0,01011001111010000110
3,251.0,01011001111010000110,251.0,01011001111010000110
3,251.0,01011001111010000110,251.0,01011001111010000110
3,251.0,01011001111010000110,251.0,01011001111010000110
3,251.0,01011001111010000110,251.0,01011001111010000110
3,251.0,01011001111010000110,251.0,01011001111010000110
3,251.0,01011001111010000110,251.0,01011001111010000110
3,251.0,01011001111010000110,251.0,01011001111010000110
3,251.0,01011001111010000110,251.0,01011001111010000110
3,251.0,01011001111010000110,251.0,01011001111010000110
3,251.0,01011001111010000110,251.0,01011001111010000110
3,251.0,01011001111010000110,251.0,01011001111010000110
3,251.0,01011001111010000110,251.0,01011001111010000110
3,251.0,01011001111010000110,251.0,01011001111010000110
4,3309.0,01010001110001101010,3309.0,01010001110001101010
4,3309.0,01010001110001101010,1311.0,01111100100001111000
4,1311.0,01111100100001111000,409.0,01111000100100111100
4,409.0,01111000100100111100,157.0,00110010100110111000
4,157.0,00110010100110111000,157.0,00110010100110111000
4,157.0,00110010100110111000,157.0,00110010100110111000
4,157.0,00110010100110111000,157.0,00110010100110111000
4,157.0,00110010100110111000,157.0,00110010100110111000
4,157.0,00110010100110111000,157.0,00110010100110111000
4,157.0,00110010100110111000,157.0,00110010100110111000
4,157.0,00110010100110111000,157.0,00110010100110111000
4,157.0,00110010100110111000,157.0,00110010100110111000
4,157.0,00110010100110111000,157.0,00110010100110111000
4,157.0,00110010100110111000,157.0,00110010100110111000
4,157.0,00110010100110111000,157.0,00110010100110111000
4,157.0,00110010100110111000,157.0,00110010100110111000
4,157.0,00110010100110111000,157.0,00110010100110111000
4,157.0,00110010100110111000,157.0,00110010100110111000
4,157.0,00110010100110111000,157.0,00110010100110111000
4,157.0,00110010100110111000,157.0,00110010100110111000
4,157.0,00110010100110111000,157.0,00110010100110111000
4,157.0,00110010100110111000,157.0,00110010100110111000
4,157.0,00110010100110111000,157.0,00110010100110111000
4,157.0,00110010100110111000,157.0,00110010100110111000
4,157.0,00110010100110111000,157.0,00110010100110111000
4,157.0,00110010100110111000,157.0,00110010100110111000
4,157.0,00110010100110111000,157.0,00110010100110111000
4,157.0,00110010100110111000,157.0,00110010100110111000
4,157.0,00110010100110111000,157.0,00110010100110111000
4,157.0,00110010100110111000,157.0,00110010100110111000
4,157.0,00110010100110111000,157.0,00110010100110111000
4,157.0,00110010100110111000,157.0,00110010100110111000
4,157.0,00110010100110111000,157.0,00110010100110111000
4,157.0,00110010100110111000,103.0,00111010001100101001
4,103.0,00111010001100101001,103.0,00111010001100101001
4,103.0,00111010001100101001,103.0,00111010001100101001
4,103.0,00111010001100101001,103.0,00111010001100101001
4,103.0,00111010001100101001,103.0,00111010001100101001
4,103.0,00111010001100101001,103.0,00111010001100101001
4,103.0,00111010001100101001,103.0,00111010001100101001
4,103.0,00111010001100101001,103.0,00111010001100101001
4,103.0,00111010001100101001,103.0,00111010001100101001
4,103.0,00111010001100101001,103.0,00111010001100101001
4,103.0,00111010001100101001,103.0,00111010001100101001
4,103.0,00111010001100101001,103.0,00111010001100101001
4,103.0,00111010001100101001,103.0,00111010001100101001
4,103.0,00111010001100101001,103.0,00111010001100101001
4,103.0,00111010001100101001,103.0,00111010001100101001
4,103.0,00111010001100101001,103.0,00111010001100101001
4,103.0,00111010001100101001,103.0,00111010001100101001
4,103.0,00111010001100101001,103.0,00111010001100101001
4,103.0,00111010001100101001,103.0,00111010001100101001
4,103.0,00111010001100101001,103.0,00111010001100101001
4,103.0,00111010001100101001,103.0,00111010001100101001
4,103.0,00111010001100101001,11.0,00011111001000101011
4,11.0,00011111001000101011,11.0,00011111001000101011
4,11.0,00011111001000101011,11.0,00011111001000101011
4,11.0,00011111001000101011,11.0,00011111001000101011
4,11.0,00011111001000101011,11.0,00011111001000101011
4,11.0,00011111001000101011,11.0,00011111001000101011
4,11.0,00011111001000101011,11.0,00011111001000101011
4,11.0,00011111001000101011,11.0,00011111001000101011
4,11.0,00011111001000101011,11.0,00011111001000101011
4,11.0,00011111001000101011,11.0,00011111001000101011
4,11.0,00011111001000101011,11.0,00011111001000101011
4,11.0,00011111001000101011,11.0,00011111001000101011
4,11.0,00011111001000101011,11.0,00011111001000101011
4,11.0,00011111001000101011,11.0,00011111001000101011
4,11.0,00011111001000101011,11.0,00011111001000101011
4,11.0,00011111001000101011,11.0,00011111001000101011
4,11.0,00011111001000101011,11.0,00011111001000101011
4,11.0,00011111001000101011,11.0,00011111001000101011
4,11.0,00011111001000101011,11.0,00011111001000101011
4,11.0,00011111001000101011,11.0,00011111001000101011
4,11.0,00011111001000101011,11.0,00011111001000101011
4,11.0,00011111001000101011,11.0,00011111001000101011
4,11.0,00011111001000101011,11.0,00011111001000101011
4,11.0,00011111001000101011,11.0,00011111001000101011
4,11.0,00011111001000101011,11.0,00011111001000101011
4,11.0,00011111001000101011,11.0,00011111001000101011
4,11.0,00011111001000101011,11.0,00011111001000101011
4,11.0,00011111001000101011,11.0,00011111001000101011
4,11.0,00011111001000101011,11.0,00011111001000101011
4,11.0,00011111001000101011,11.0,00011111001000101011
4,11.0,00011111001000101011,11.0,00011111001000101011
4,11.0,00011111001000101011,11.0,00011111001000101011
4,11.0,00011111001000101011,11.0,00011111001000101011
4,11.0,00011111001000101011,11.0,00011111001000101011
4,11.0,00011111001000101011,11.0,00011111001000101011
4,11.0,00011111001000101011,11.0,00011111001000101011
5,80693.0,11001010101101010011,14495.0,11000010101111100010
5,14495.0,11000010101111100010,187.0,00000011101111100011
5,187.0,00000011101111100011,187.0,00000011101111100011
5,187.0,00000011101111100011,187.0,00000011101111100011
5,187.0,00000011101111100011,23.0,00001101101111101011
5,23.0,00001101101111101011,23.0,00001101101111101011
5,23.0,00001101101111101011,23.0,00001101101111101011
5,23.0,00001101101111101011,23.0,00001101101111101011
5,23.0,00001101101111101011,23.0,00001101101111101011
5,23.0,00001101101111101011,23.0,00001101101111101011
5,23.0,00001101101111101011,23.0,00001101101111101011
5,23.0,00001101101111101011,23.0,00001101101111101011
5,23.0,00001101101111101011,23.0,00001101101111101011
5,23.0,00001101101111101011,23.0,00001101101111101011
5,23.0,00001101101111101011,23.0,00001101101111101011
5,23.0,00001101101111101011,23.0,00001101101111101011
5,23.0,00001101101111101011,23.0,00001101101111101011
5,23.0,00001101101111101011,23.0,00001101101111101011
5,23.0,00001101101111101011,23.0,00001101101111101011
5,23.0,00001101101111101011,23.0,00001101101111101011
5,23.0,00001101101111101011,23.0,00001101101111101011
5,23.0,00001101101111101011,23.0,00001101101111101011
5,23.0,00001101101111101011,23.0,00001101101111101011
5,23.0,00001101101111101011,23.0,00001101101111101011
5,23.0,00001101101111101011,23.0,00001101101111101011
5,23.0,00001101101111101011,23.0,00001101101111101011
5,23.0,00001101101111101011,23.0,00001101101111101011
5,23.0,00001101101111101011,23.0,00001101101111101011
5,23.0,00001101101111101011,23.0,00001101101111101011
5,23.0,00001101101111101011,23.0,00001101101111101011
5,23.0,00001101101111101011,23.0,00001101101111101011
5,23.0,00001101101111101011,23.0,00001101101111101011
5,23.0,00001101101111101011,23.0,00001101101111101011
5,23.0,00001101101111101011,23.0,00001101101111101011
5,23.0,00001101101111101011,23.0,00001101101111101011
5,23.0,00001101101111101011,23.0,00001101101111101011
5,23.0,00001101101111101011,23.0,00001101101111101011
5,23.0,00001101101111101011,23.0,00001101101111101011
5,23.0,00001101101111101011,23.0,00001101101111101011
5,23.0,00001101101111101011,23.0,00001101101111101011
5,23.0,00001101101111101011,23.0,00001101101111101011
5,23.0,00001101101111101011,23.0,00001101101111101011
5,23.0,00001101101111101011,23.0,00001101101111101011
5,23.0,00001101101111101011,23.0,00001101101111101011
5,23.0,00001101101111101011,23.0,00001101101111101011
5,23.0,00001101101111101011,23.0,00001101101111101011
5,23.0,00001101101111101011,23.0,00001101101111101011
5,23.0,00001101101111101011,23.0,00001101101111101011
5,23.0,00001101101111101011,23.0,00001101101111101011
5,23.0,00001101101111101011,23.0,00001101101111101011
5,23.0,00001101101111101011,23.0,00001101101111101011
5,23.0,00001101101111101011,23.0,00001101101111101011
5,23.0,00001101101111101011,11.0,01001101110110111101
5,11.0,01001101110110111101,11.0,01001101110110111101
5,11.0,01001101110110111101,11.0,01001101110110111101
5,11.0,01001101110110111101,11.0,01001101110110111101
5,11.0,01001101110110111101,11.0,01001101110110111101
5,11.0,01001101110110111101,11.0,01001101110110111101
5,11.0,01001101110110111101,11.0,01001101110110111101
5,11.0,01001101110110111101,11.0,01001101110110111101
5,11.0,01001101110110111101,11.0,01001101110110111101
5,11.0,01001101110110111101,11.0,01001101110110111101
5,11.0,01001101110110111101,11.0,01001101110110111101
5,11.0,01001101110110111101,11.0,01001101110110111101
5,11.0,01001101110110111101,11.0,01001101110110111101
5,11.0,01001101110110111101,11.0,01001101110110111101
5,11.0,01001101110110111101,11.0,01001101110110111101
5,11.0,01001101110110111101,11.0,01001101110110111101
5,11.0,01001101110110111101,11.0,01001101110110111101
5,11.0,01001101110110111101,11.0,01001101110110111101
5,11.0,01001101110110111101,11.0,01001101110110111101
5,11.0,01001101110110111101,11.0,01001101110110111101
5,11.0,01001101110110111101,11.0,01001101110110111101
5,11.0,01001101110110111101,11.0,01001101110110111101
5,11.0,01001101110110111101,11.0,01001101110110111101
5,11.0,01001101110110111101,11.0,01001101110110111101
5,11.0,01001101110110111101,11.0,01001101110110111101
5,11.0,01001101110110111101,11.0,01001101110110111101
5,11.0,01001101110110111101,11.0,01001101110110111101
5,11.0,01001101110110111101,11.0,01001101110110111101
5,11.0,01001101110110111101,11.0,01001101110110111101
5,11.0,01001101110110111101,11.0,01001101110110111101
5,11.0,01001101110110111101,11.0,01001101110110111101
5,11.0,01001101110110111101,11.0,01001101110110111101
5,11.0,01001101110110111101,11.0,01001101110110111101
5,11.0,01001101110110111101,11.0,01001101110110111101
5,11.0,01001101110110111101,11.0,01001101110110111101
5,11.0,01001101110110111101,11.0,01001101110110111101
5,11.0,01001101110110111101,11.0,01001101110110111101
5,11.0,01001101110110111101,11.0,01001101110110111101
5,11.0,01001101110110111101,11.0,01001101110110111101
5,11.0,01001101110110111101,11.0,01001101110110111101
5,11.0,01001101110110111101,11.0,01001101110110111101
6,10833.0,00011000101001111100,2257.0,10011001100001110110
6,2257.0,10011001100001110110,1391.0,10110000110001110100
6,1391.0,10110000110001110100,1391.0,10110000110001110100
6,1391.0,10110000110001110100,1391.0,10110000110001110100
6,1391.0,10110000110001110100,1391.0,10110000110001110100
6,1391.0,10110000110001110100,1391.0,10110000110001110100
6,1391.0,10110000110001110100,1391.0,10110000110001110100
6,1391.0,10110000110001110100,631.0,10110100110001010111
6,631.0,10110100110001010111,631.0,10110100110001010111
6,631.0,10110100110001010111,631.0,10110100110001010111
6,631.0,10110100110001010111,631.0,10110100110001010111
6,631.0,10110100110001010111,631.0,10110100110001010111
6,631.0,10110100110001010111,631.0,10110100110001010111
6,631.0,10110100110001010111,631.0,10110100110001010111
6,631.0,10110100110001010111,631.0,10110100110001010111
6,631.0,10110100110001010111,631.0,10110100110001010111
6,631.0,10110100110001010111,631.0,10110100110001010111
6,631.0,10110100110001010111,631.0,10110100110001010111
6,631.0,10110100110001010111,631.0,10110100110001010111
6,631.0,10110100110001010111,631.0,10110100110001010111
6,631.0,10110100110001010111,277.0,10010100111001010100
6,277.0,10010100111001010100,277.0,10010100111001010100
6,277.0,10010100111001010100,277.0,10010100111001010100
6,277.0,10010100111001010100,277.0,10010100111001010100
6,277.0,10010100111001010100,277.0,10010100111001010100
6,277.0,10010100111001010100,277.0,10010100111001010100
6,277.0,10010100111001010100,277.0,10010100111001010100
6,277.0,10010100111001010100,277.0,10010100111001010100
6,277.0,10010100111001010100,277.0,10010100111001010100
6,277.0,10010100111001010100,277.0,10010100111001010100
6,277.0,10010100111001010100,277.0,10010100111001010100
6,277.0,10010100111001010100,277.0,10010100111001010100
6,277.0,10010100111001010100,277.0,10010100111001010100
6,277.0,10010100111001010100,277.0,10010100111001010100
6,277.0,10010100111001010100,277.0,10010100111001010100
6,277.0,10010100111001010100,277.0,10010100111001010100
6,277.0,10010100111001010100,277.0,10010100111001010100
6,277.0,10010100111001010100,277.0,10010100111001010100
6,277.0,10010100111001010100,277.0,10010100111001010100
6,277.0,10010100111001010100,277.0,10010100111001010100
6,277.0,10010100111001010100,277.0,10010100111001010100
6,277.0,10010100111001010100,277.0,10010100111001010100
6,277.0,10010100111001010100,277.0,10010100111001010100
6,277.0,10010100111001010100,277.0,10010100111001010100
6,277.0,10010100111001010100,277.0,10010100111001010100
6,277.0,10010100111001010100,277.0,10010100111001010100
6,277.0,10010100111001010100,277.0,10010100111001010100
6,277.0,10010100111001010100,277.0,10010100111001010100
6,277.0,10010100111001010100,277.0,10010100111001010100
6,277.0,10010100111001010100,277.0,10010100111001010100
6,277.0,10010100111001010100,277.0,10010100111001010100
7,13641.0,10101011000110010110,7759.0,10101011100100010111
7,7759.0,10101011100100010111,6531.0,10001111001100010111
7,6531.0,10001111001100010111,6369.0,10001111101110000100
7,6369.0,10001111101110000100,6065.0,10001110101111000111
7,6065.0,10001110101111000111,5671.0,11001000111111100100
7,5671.0,11001000111111100100,1977.0,11001100110111101110
7,1977.0,11001100110111101110,1977.0,11001100110111101110
7,1977.0,11001100110111101110,1977.0,11001100110111101110
7,1977.0,11001100110111101110,1977.0,11001100110111101110
7,1977.0,11001100110111101110,1977.0,11001100110111101110
7,1977.0,11001100110111101110,1977.0,11001100110111101110
7,1977.0,11001100110111101110,521.0,11001010110011001110
7,521.0,11001010110011001110,521.0,11001010110011001110
7,521.0,11001010110011001110,521.0,11001010110011001110
7,521.0,11001010110011001110,521.0,11001010110011001110
7,521.0,11001010110011001110,521.0,11001010110011001110
7,521.0,11001010110011001110,521.0,11001010110011001110
7,521.0,11001010110011001110,395.0,11000111110001010010
7,395.0,11000111110001010010,395.0,11000111110001010010
7,395.0,11000111110001010010,395.0,11000111110001010010
7,395.0,11000111110001010010,395.0,11000111110001010010
7,395.0,11000111110001010010,395.0,11000111110001010010
7,395.0,11000111110001010010,395.0,11000111110001010010
7,395.0,11000111110001010010,395.0,11000111110001010010
7,395.0,11000111110001010010,367.0,11010011100001000000
7,367.0,11010011100001000000,367.0,11010011100001000000
7,367.0,11010011100001000000,367.0,11010011100001000000
7,367.0,11010011100001000000,367.0,11010011100001000000
7,367.0,11010011100001000000,367.0,11010011100001000000
7,367.0,11010011100001000000,367.0,11010011100001000000
7,367.0,11010011100001000000,367.0,11010011100001000000
7,367.0,11010011100001000000,367.0,11010011100001000000
7,367.0,11010011100001000000,367.0,11010011100001000000
7,367.0,11010011100001000000,367.0,11010011100001000000
7,367.0,11010011100001000000,367.0,11010011100001000000
7,367.0,11010011100001000000,367.0,11010011100001000000
7,367.0,11010011100001000000,367.0,11010011100001000000
7,367.0,11010011100001000000,367.0,11010011100001000000
7,367.0,11010011100001000000,367.0,11010011100001000000
7,367.0,11010011100001000000,367.0,11010011100001000000
7,367.0,11010011100001000000,367.0,11010011100001000000
7,367.0,11010011100001000000,367.0,11010011100001000000
7,367.0,11010011100001000000,367.0,11010011100001000000
7,367.0,11010011100001000000,367.0,11010011100001000000
7,367.0,11010011100001000000,367.0,11010011100001000000
7,367.0,11010011100001000000,367.0,11010011100001000000
7,367.0,11010011100001000000,367.0,11010011100001000000
7,367.0,11010011100001000000,367.0,11010011100001000000
7,367.0,11010011100001000000,367.0,11010011100001000000
7,367.0,11010011100001000000,367.0,11010011100001000000
7,367.0,11010011100001000000,367.0,11010011100001000000
7,367.0,11010011100001000000,367.0,11010011100001000000
7,367.0,11010011100001000000,367.0,11010011100001000000
7,367.0,11010011100001000000,367.0,11010011100001000000
7,367.0,11010011100001000000,367.0,11010011100001000000
7,367.0,11010011100001000000,367.0,11010011100001000000
7,367.0,11010011100001000000,367.0,11010011100001000000
7,367.0,11010011100001000000,367.0,11010011100001000000
7,367.0,11010011100001000000,95.0,11000111100001100100
7,95.0,11000111100001100100,95.0,11000111100001100100
7,95.0,11000111100001100100,95.0,11000111100001100100
7,95.0,11000111100001100100,95.0,11000111100001100100
7,95.0,11000111100001100100,95.0,11000111100001100100
7,95.0,11000111100001100100,25.0,11001110011110100111
7,25.0,11001110011110100111,25.0,11001110011110100111
7,25.0,11001110011110100111,25.0,11001110011110100111
7,25.0,11001110011110100111,25.0,11001110011110100111
7,25.0,11001110011110100111,25.0,11001110011110100111
7,25.0,11001110011110100111,25.0,11001110011110100111
7,25.0,11001110011110100111,25.0,11001110011110100111
7,25.0,11001110011110100111,25.0,11001110011110100111
7,25.0,11001110011110100111,25.0,11001110011110100111
7,25.0,11001110011110100111,25.0,11001110011110100111
7,25.0,11001110011110100111,25.0,11001110011110100111
7,25.0,11001110011110100111,25.0,11001110011110100111
7,25.0,11001110011110100111,25.0,11001110011110100111
7,25.0,11001110011110100111,25.0,11001110011110100111
7,25.0,11001110011110100111,25.0,11001110011110100111
7,25.0,11001110011110100111,25.0,11001110011110100111
7,25.0,11001110011110100111,25.0,11001110011110100111
7,25.0,11001110011110100111,25.0,11001110011110100111
7,25.0,11001110011110100111,25.0,11001110011110100111
7,25.0,11001110011110100111,25.0,11001110011110100111
7,25.0,11001110011110100111,25.0,11001110011110100111
7,25.0,11001110011110100111,25.0,11001110011110100111
7,25.0,11001110011110100111,25.0,11001110011110100111
7,25.0,11001110011110100111,25.0,11001110011110100111
7,25.0,11001110011110100111,25.0,11001110011110100111
8,21301.0,10111011100100000011,11131.0,10110111000110000000
8,11131.0,10110111000110000000,683.0,10110011110010000000
8,683.0,10110011110010000000,683.0,10110011110010000000
8,683.0,10110011110010000000,683.0,10110011110010000000
8,683.0,10110011110010000000,683.0,10110011110010000000
8,683.0,10110011110010000000,683.0,10110011110010000000
8,683.0,10110011110010000000,683.0,10110011110010000000
8,683.0,10110011110010000000,683.0,10110011110010000000
8,683.0,10110011110010000000,553.0,10110001010010010111
8,553.0,10110001010010010111,553.0,10110001010010010111
8,553.0,10110001010010010111,553.0,10110001010010010111
8,553.0,10110001010010010111,553.0,10110001010010010111
8,553.0,10110001010010010111,553.0,10110001010010010111
8,553.0,10110001010010010111,23.0,11110010010000010100
8,23.0,11110010010000010100,23.0,11110010010000010100
8,23.0,11110010010000010100,23.0,11110010010000010100
8,23.0,11110010010000010100,23.0,11110010010000010100
8,23.0,11110010010000010100,23.0,11110010010000010100
8,23.0,11110010010000010100,23.0,11110010010000010100
8,23.0,11110010010000010100,23.0,11110010010000010100
8,23.0,11110010010000010100,23.0,11110010010000010100
8,23.0,11110010010000010100,23.0,11110010010000010100
8,23.0,11110010010000010100,23.0,11110010010000010100
8,23.0,11110010010000010100,23.0,11110010010000010100
8,23.0,11110010010000010100,23.0,11110010010000010100
8,23.0,11110010010000010100,23.0,11110010010000010100
8,23.0,11110010010000010100,23.0,11110010010000010100
8,23.0,11110010010000010100,23.0,11110010010000010100
8,23.0,11110010010000010100,23.0,11110010010000010100
8,23.0,11110010010000010100,23.0,11110010010000010100
8,23.0,11110010010000010100,23.0,11110010010000010100
8,23.0,11110010010000010100,23.0,11110010010000010100
8,23.0,11110010010000010100,23.0,11110010010000010100
8,23.0,11110010010000010100,23.0,11110010010000010100
8,23.0,11110010010000010100,23.0,11110010010000010100
8,23.0,11110010010000010100,23.0,11110010010000010100
8,23.0,11110010010000010100,23.0,11110010010000010100
8,23.0,11110010010000010100,23.0,11110010010000010100
8,23.0,11110010010000010100,23.0,11110010010000010100
8,23.0,11110010010000010100,23.0,11110010010000010100
8,23.0,11110010010000010100,23.0,11110010010000010100
8,23.0,11110010010000010100,23.0,11110010010000010100
8,23.0,11110010010000010100,23.0,11110010010000010100
8,23.0,11110010010000010100,23.0,11110010010000010100
8,23.0,11110010010000010100,23.0,11110010010000010100
8,23.0,11110010010000010100,23.0,11110010010000010100
8,23.0,11110010010000010100,23.0,11110010010000010100
8,23.0,11110010010000010100,23.0,11110010010000010100
8,23.0,11110010010000010100,23.0,11110010010000010100
8,23.0,11110010010000010100,23.0,11110010010000010100
8,23.0,11110010010000010100,23.0,11110010010000010100
9,7937.0,00101001101101001001,783.0,00000011101101001000
9,783.0,00000011101101001000,783.0,00000011101101001000
9,783.0,00000011101101001000,125.0,00100011100101001011
9,125.0,00100011100101001011,125.0,00100011100101001011
9,125.0,00100011100101001011,125.0,00100011100101001011
9,125.0,00100011100101001011,125.0,00100011100101001011
9,125.0,00100011100101001011,125.0,00100011100101001011
9,125.0,00100011100101001011,125.0,00100011100101001011
9,125.0,00100011100101001011,125.0,00100011100101001011
9,125.0,00100011100101001011,125.0,00100011100101001011
9,125.0,00100011100101001011,125.0,00100011100101001011
9,125.0,00100011100101001011,125.0,00100011100101001011
9,125.0,00100011100101001011,125.0,00100011100101001011
9,125.0,00100011100101001011,125.0,00100011100101001011
9,125.0,00100011100101001011,125.0,00100011100101001011
9,125.0,00100011100101001011,125.0,00100011100101001011
10,12863.0,00111000101111010000,9649.0,10110100100111110001
10,9649.0,10110100100111110001,5929.0,10110110100011100001
10,5929.0,10110110100011100001,5929.0,10110110100011100001
10,5929.0,10110110100011100001,5697.0,00110110000011101011
10,5697.0,00110110000011101011,2163.0,00110110110111000001
10,2163.0,00110110110111000001,1013.0,01110110110110100010
10,1013.0,01110110110110100010,653.0,11111110110010100000
10,653.0,11111110110010100000,653.0,11111110110010100000
10,653.0,11111110110010100000,653.0,11111110110010100000
10,653.0,11111110110010100000,653.0,11111110110010100000
10,653.0,11111110110010100000,653.0,11111110110010100000
10,653.0,11111110110010100000,653.0,11111110110010100000
10,653.0,11111110110010100000,653.0,11111110110010100000
10,653.0,11111110110010100000,653.0,11111110110010100000
10,653.0,11111110110010100000,653.0,11111110110010100000
10,653.0,11111110110010100000,491.0,11111110010000110011
10,491.0,11111110010000110011,491.0,11111110010000110011
10,491.0,11111110010000110011,491.0,11111110010000110011
10,491.0,11111110010000110011,491.0,11111110010000110011
10,491.0,11111110010000110011,417.0,11011110011000110000
10,417.0,11011110011000110000,237.0,11011110000100111011
10,237.0,11011110000100111011,237.0,11011110000100111011
10,237.0,11011110000100111011,237.0,11011110000100111011
10,237.0,11011110000100111011,237.0,11011110000100111011
10,237.0,11011110000100111011,231.0,11010010000100011100
10,231.0,11010010000100011100,231.0,11010010000100011100
10,231.0,11010010000100011100,231.0,11010010000100011100
10,231.0,11010010000100011100,231.0,11010010000100011100
10,231.0,11010010000100011100,231.0,11010010000100011100
10,231.0,11010010000100011100,231.0,11010010000100011100
10,231.0,11010010000100011100,231.0,11010010000100011100
10,231.0,11010010000100011100,231.0,11010010000100011100
10,231.0,11010010000100011100,231.0,11010010000100011100
10,231.0,11010010000100011100,231.0,11010010000100011100
10,231.0,11010010000100011100,231.0,11010010000100011100
10,231.0,11010010000100011100,231.0,11010010000100011100
10,231.0,11010010000100011100,231.0,11010010000100011100
10,231.0,11010010000100011100,231.0,11010010000100011100
10,231.0,11010010000100011100,231.0,11010010000100011100
10,231.0,11010010000100011100,231.0,11010010000100011100
10,231.0,11010010000100011100,231.0,11010010000100011100
10,231.0,11010010000100011100,231.0,11010010000100011100
10,231.0,11010010000100011100,231.0,11010010000100011100
10,231.0,11010010000100011100,231.0,11010010000100011100
10,231.0,11010010000100011100,231.0,11010010000100011100
10,231.0,11010010000100011100,231.0,11010010000100011100
10,231.0,11010010000100011100,231.0,11010010000100011100
10,231.0,11010010000100011100,231.0,11010010000100011100
10,231.0,11010010000100011100,231.0,11010010000100011100
10,231.0,11010010000100011100,231.0,11010010000100011100
10,231.0,11010010000100011100,231.0,11010010000100011100
10,231.0,11010010000100011100,231.0,11010010000100011100
10,231.0,11010010000100011100,231.0,11010010000100011100
10,231.0,11010010000100011100,231.0,11010010000100011100
10,231.0,11010010000100011100,231.0,11010010000100011100
10,231.0,11010010000100011100,231.0,11010010000100011100
10,231.0,11010010000100011100,231.0,11010010000100011100
10,231.0,11010010000100011100,119.0,00011010001001001110
10,119.0,00011010001001001110,119.0,00011010001001001110
10,119.0,00011010001001001110,119.0,00011010001001001110
10,119.0,00011010001001001110,119.0,00011010001001001110
10,119.0,00011010001001001110,119.0,00011010001001001110
10,119.0,00011010001001001110,119.0,00011010001001001110
10,119.0,00011010001001001110,119.0,00011010001001001110
10,119.0,00011010001001001110,119.0,00011010001001001110
10,119.0,00011010001001001110,119.0,00011010001001001110
10,119.0,00011010001001001110,119.0,00011010001001001110
10,119.0,00011010001001001110,119.0,00011010001001001110
10,119.0,00011010001001001110,119.0,00011010001001001110
10,119.0,00011010001001001110,119.0,00011010001001001110
10,119.0,00011010001001001110,119.0,00011010001001001110
10,119.0,00011010001001001110,119.0,00011010001001001110
10,119.0,00011010001001001110,119.0,00011010001001001110
10,119.0,00011010001001001110,119.0,00011010001001001110
10,119.0,00011010001001001110,119.0,00011010001001001110
10,119.0,00011010001001001110,119.0,00011010001001001110
10,119.0,00011010001001001110,119.0,00011010001001001110
10,119.0,00011010001001001110,119.0,00011010001001001110
10,119.0,00011010001001001110,119.0,00011010001001001110
10,119.0,00011010001001001110,119.0,00011010001001001110
10,119.0,00011010001001001110,119.0,00011010001001001110
10,119.0,00011010001001001110,119.0,00011010001001001110
10,119.0,00011010001001001110,119.0,00011010001001001110
10,119.0,00011010001001001110,119.0,00011010001001001110
10,119.0,00011010001001001110,119.0,00011010001001001110
10,119.0,00011010001001001110,119.0,00011010001001001110
10,119.0,00011010001001001110,119.0,00011010001001001110
10,119.0,00011010001001001110,119.0,00011010001001001110
10,119.0,00011010001001001110,119.0,00011010001001001110
10,119.0,00011010001001001110,119.0,00011010001001001110
10,119.0,00011010001001001110,119.0,00011010001001001110
10,119.0,00011010001001001110,119.0,00011010001001001110
10,119.0,00011010001001001110,119.0,00011010001001001110
10,119.0,00011010001001001110,119.0,00011010001001001110
10,119.0,00011010001001001110,119.0,00011010001001001110
10,119.0,00011010001001001110,119.0,00011010001001001110
10,119.0,00011010001001001110,119.0,00011010001001001110
10,119.0,00011010001001001110,119.0,00011010001001001110
10,119.0,00011010001001001110,119.0,00011010001001001110
11,82417.0,11010000101111100000,8621.0,11011001100101100011
11,8621.0,11011001100101100011,4167.0,11101001100111100001
11,4167.0,11101001100111100001,3857.0,11100001010111100000
11,3857.0,11100001010111100000,3857.0,11100001010111100000
11,3857.0,11100001010111100000,343.0,10101101110111100010
11,343.0,10101101110111100010,343.0,10101101110111100010
11,343.0,10101101110111100010,343.0,10101101110111100010
11,343.0,10101101110111100010,343.0,10101101110111100010
11,343.0,10101101110111100010,343.0,10101101110111100010
11,343.0,10101101110111100010,343.0,10101101110111100010
11,343.0,10101101110111100010,231.0,00101101111011100011
11,231.0,00101101111011100011,231.0,00101101111011100011
11,231.0,00101101111011100011,231.0,00101101111011100011
11,231.0,00101101111011100011,231.0,00101101111011100011
11,231.0,00101101111011100011,231.0,00101101111011100011
11,231.0,00101101111011100011,231.0,00101101111011100011
11,231.0,00101101111011100011,231.0,00101101111011100011
11,231.0,00101101111011100011,231.0,00101101111011100011
11,231.0,00101101111011100011,231.0,00101101111011100011
11,231.0,00101101111011100011,231.0,00101101111011100011
11,231.0,00101101111011100011,231.0,00101101111011100011
11,231.0,00101101111011100011,231.0,00101101111011100011
11,231.0,00101101111011100011,231.0,00101101111011100011
11,231.0,00101101111011100011,231.0,00101101111011100011
11,231.0,00101101111011100011,231.0,00101101111011100011
11,231.0,00101101111011100011,231.0,00101101111011100011
11,231.0,00101101111011100011,231.0,00101101111011100011
11,231.0,00101101111011100011,231.0,00101101111011100011
11,231.0,00101101111011100011,231.0,00101101111011100011
11,231.0,00101101111011100011,231.0,00101101111011100011
11,231.0,00101101111011100011,231.0,00101101111011100011
11,231.0,00101101111011100011,231.0,00101101111011100011
11,231.0,00101101111011100011,231.0,00101101111011100011
11,231.0,00101101111011100011,231.0,00101101111011100011
11,231.0,00101101111011100011,231.0,00101101111011100011
11,231.0,00101101111011100011,231.0,00101101111011100011
11,231.0,00101101111011100011,231.0,00101101111011100011
11,231.0,00101101111011100011,231.0,00101101111011100011
11,231.0,00101101111011100011,231.0,00101101111011100011
11,231.0,00101101111011100011,231.0,00101101111011100011
11,231.0,00101101111011100011,231.0,00101101111011100011
11,231.0,00101101111011100011,231.0,00101101111011100011
11,231.0,00101101111011100011,231.0,00101101111011100011
11,231.0,00101101111011100011,231.0,00101101111011100011
11,231.0,00101101111011100011,231.0,00101101111011100011
11,231.0,00101101111011100011,231.0,00101101111011100011
11,231.0,00101101111011100011,231.0,00101101111011100011
11,231.0,00101101111011100011,231.0,00101101111011100011
11,231.0,00101101111011100011,231.0,00101101111011100011
11,231.0,00101101111011100011,231.0,00101101111011100011
11,231.0,00101101111011100011,231.0,00101101111011100011
11,231.0,00101101111011100011,231.0,00101101111011100011
11,231.0,00101101111011100011,231.0,00101101111011100011
11,231.0,00101101111011100011,231.0,00101101111011100011
11,231.0,00101101111011100011,231.0,00101101111011100011
11,231.0,00101101111011100011,231.0,00101101111011100011
11,231.0,00101101111011100011,231.0,00101101111011100011
11,231.0,00101101111011100011,231.0,00101101111011100011
11,231.0,00101101111011100011,231.0,00101101111011100011
11,231.0,00101101111011100011,231.0,00101101111011100011
11,231.0,00101101111011100011,231.0,00101101111011100011
11,231.0,00101101111011100011,231.0,00101101111011100011
11,231.0,00101101111011100011,231.0,00101101111011100011
12,48671.0,00111110000111010011,8653.0,00110100100111011011
12,8653.0,00110100100111011011,8429.0,00110101000101001010
12,8429.0,00110101000101001010,8429.0,00110101000101001010
12,8429.0,00110101000101001010,8429.0,00110101000101001010
12,8429.0,00110101000101001010,6661.0,00010101010111101000
12,6661.0,00010101010111101000,1031.0,00011001001101001010
12,1031.0,00011001001101001010,171.0,00011001010111101011
12,171.0,00011001010111101011,171.0,00011001010111101011
12,171.0,00011001010111101011,171.0,00011001010111101011
12,171.0,00011001010111101011,171.0,00011001010111101011
12,171.0,00011001010111101011,171.0,00011001010111101011
12,171.0,00011001010111101011,171.0,00011001010111101011
12,171.0,00011001010111101011,171.0,00011001010111101011
12,171.0,00011001010111101011,171.0,00011001010111101011
12,171.0,00011001010111101011,171.0,00011001010111101011
12,171.0,00011001010111101011,171.0,00011001010111101011
12,171.0,00011001010111101011,171.0,00011001010111101011
12,171.0,00011001010111101011,171.0,00011001010111101011
12,171.0,00011001010111101011,171.0,00011001010111101011
12,171.0,00011001010111101011,171.0,00011001010111101011
12,171.0,00011001010111101011,171.0,00011001010111101011
12,171.0,00011001010111101011,171.0,00011001010111101011
12,171.0,00011001010111101011,171.0,00011001010111101011
12,171.0,00011001010111101011,171.0,00011001010111101011
12,171.0,00011001010111101011,171.0,00011001010111101011
12,171.0,00011001010111101011,171.0,00011001010111101011
12,171.0,00011001010111101011,171.0,00011001010111101011
12,171.0,00011001010111101011,171.0,00011001010111101011
12,171.0,00011001010111101011,171.0,00011001010111101011
12,171.0,00011001010111101011,171.0,00011001010111101011
12,171.0,00011001010111101011,171.0,00011001010111101011
12,171.0,00011001010111101011,171.0,00011001010111101011
12,171.0,00011001010111101011,171.0,00011001010111101011
12,171.0,00011001010111101011,171.0,00011001010111101011
12,171.0,00011001010111101011,171.0,00011001010111101011
12,171.0,00011001010111101011,171.0,00011001010111101011
12,171.0,00011001010111101011,171.0,00011001010111101011
12,171.0,00011001010111101011,171.0,00011001010111101011
12,171.0,00011001010111101011,171.0,00011001010111101011
12,171.0,00011001010111101011,171.0,00011001010111101011
12,171.0,00011001010111101011,171.0,00011001010111101011
12,171.0,00011001010111101011,171.0,00011001010111101011
12,171.0,00011001010111101011,171.0,00011001010111101011
12,171.0,00011001010111101011,171.0,00011001010111101011
12,171.0,00011001010111101011,171.0,00011001010111101011
12,171.0,00011001010111101011,171.0,00011001010111101011
12,171.0,00011001010111101011,171.0,00011001010111101011
12,171.0,00011001010111101011,171.0,00011001010111101011
12,171.0,00011001010111101011,171.0,00011001010111101011
12,171.0,00011001010111101011,171.0,00011001010111101011
13,40697.0,11100100110001101110,20699.0,11001110110001111010
13,20699.0,11001110110001111010,3599.0,10000110101001111010
13,3599.0,10000110101001111010,2231.0,10001110111011110011
13,2231.0,10001110111011110011,451.0,11001100111111110000
13,451.0,11001100111111110000,451.0,11001100111111110000
13,451.0,11001100111111110000,451.0,11001100111111110000
13,451.0,11001100111111110000,451.0,11001100111111110000
13,451.0,11001100111111110000,325.0,11001001111011100001
13,325.0,11001001111011100001,325.0,11001001111011100001
13,325.0,11001001111011100001,325.0,11001001111011100001
13,325.0,11001001111011100001,325.0,11001001111011100001
13,325.0,11001001111011100001,325.0,11001001111011100001
13,325.0,11001001111011100001,325.0,11001001111011100001
13,325.0,11001001111011100001,325.0,11001001111011100001
13,325.0,11001001111011100001,325.0,11001001111011100001
13,325.0,11001001111011100001,325.0,11001001111011100001
13,325.0,11001001111011100001,325.0,11001001111011100001
13,325.0,11001001111011100001,325.0,11001001111011100001
13,325.0,11001001111011100001,157.0,11001101011001000111
13,157.0,11001101011001000111,157.0,11001101011001000111
13,157.0,11001101011001000111,157.0,11001101011001000111
13,157.0,11001101011001000111,157.0,11001101011001000111
13,157.0,11001101011001000111,157.0,11001101011001000111
13,157.0,11001101011001000111,157.0,11001101011001000111
13,157.0,11001101011001000111,157.0,11001101011001000111
13,157.0,11001101011001000111,157.0,11001101011001000111
13,157.0,11001101011001000111,157.0,11001101011001000111
13,157.0,11001101011001000111,157.0,11001101011001000111
13,157.0,11001101011001000111,157.0,11001101011001000111
13,157.0,11001101011001000111,157.0,11001101011001000111
13,157.0,11001101011001000111,157.0,11001101011001000111
13,157.0,11001101011001000111,157.0,11001101011001000111
13,157.0,11001101011001000111,157.0,11001101011001000111
13,157.0,11001101011001000111,157.0,11001101011001000111
13,157.0,11001101011001000111,157.0,11001101011001000111
13,157.0,11001101011001000111,157.0,11001101011001000111
13,157.0,11001101011001000111,157.0,11001101011001000111
13,157.0,11001101011001000111,157.0,11001101011001000111
13,157.0,11001101011001000111,157.0,11001101011001000111
13,157.0,11001101011001000111,157.0,11001101011001000111
13,157.0,11001101011001000111,157.0,11001101011001000111
13,157.0,11001101011001000111,157.0,11001101011001000111
13,157.0,11001101011001000111,157.0,11001101011001000111
13,157.0,11001101011001000111,157.0,11001101011001000111
13,157.0,11001101011001000111,157.0,11001101011001000111
13,157.0,11001101011001000111,157.0,11001101011001000111
13,157.0,11001101011001000111,157.0,11001101011001000111
13,157.0,11001101011001000111,103.0,11000101110011010110
13,103.0,11000101110011010110,103.0,11000101110011010110
13,103.0,11000101110011010110,103.0,11000101110011010110
13,103.0,11000101110011010110,103.0,11000101110011010110
13,103.0,11000101110011010110,103.0,11000101110011010110
13,103.0,11000101110011010110,103.0,11000101110011010110
13,103.0,11000101110011010110,103.0,11000101110011010110
13,103.0,11000101110011010110,103.0,11000101110011010110
13,103.0,11000101110011010110,103.0,11000101110011010110
13,103.0,11000101110011010110,103.0,11000101110011010110
13,103.0,11000101110011010110,103.0,11000101110011010110
13,103.0,11000101110011010110,103.0,11000101110011010110
13,103.0,11000101110011010110,103.0,11000101110011010110
13,103.0,11000101110011010110,103.0,11000101110011010110
13,103.0,11000101110011010110,103.0,11000101110011010110
13,103.0,11000101110011010110,103.0,11000101110011010110
13,103.0,11000101110011010110,103.0,11000101110011010110
13,103.0,11000101110011010110,103.0,11000101110011010110
13,103.0,11000101110011010110,103.0,11000101110011010110
13,103.0,11000101110011010110,103.0,11000101110011010110
13,103.0,11000101110011010110,103.0,11000101110011010110
13,103.0,11000101110011010110,11.0,11100000110111010100
13,11.0,11100000110111010100,11.0,11100000110111010100
13,11.0,11100000110111010100,11.0,11100000110111010100
13,11.0,11100000110111010100,11.0,11100000110111010100
13,11.0,11100000110111010100,11.0,11100000110111010100
13,11.0,11100000110111010100,11.0,11100000110111010100
13,11.0,11100000110111010100,11.0,11100000110111010100
13,11.0,11100000110111010100,11.0,11100000110111010100
13,11.0,11100000110111010100,11.0,11100000110111010100
13,11.0,11100000110111010100,11.0,11100000110111010100
13,11.0,11100000110111010100,11.0,11100000110111010100
13,11.0,11100000110111010100,11.0,11100000110111010100
13,11.0,11100000110111010100,11.0,11100000110111010100
13,11.0,11100000110111010100,11.0,11100000110111010100
13,11.0,11100000110111010100,11.0,11100000110111010100
13,11.0,11100000110111010100,11.0,11100000110111010100
13,11.0,11100000110111010100,11.0,11100000110111010100
13,11.0,11100000110111010100,11.0,11100000110111010100
13,11.0,11100000110111010100,11.0,11100000110111010100
13,11.0,11100000110111010100,11.0,11100000110111010100
13,11.0,11100000110111010100,11.0,11100000110111010100
13,11.0,11100000110111010100,11.0,11100000110111010100
13,11.0,11100000110111010100,11.0,11100000110111010100
13,11.0,11100000110111010100,11.0,11100000110111010100
13,11.0,11100000110111010100,11.0,11100000110111010100
13,11.0,11100000110111010100,11.0,11100000110111010100
13,11.0,11100000110111010100,11.0,11100000110111010100
13,11.0,11100000110111010100,11.0,11100000110111010100
13,11.0,11100000110111010100,11.0,11100000110111010100
13,11.0,11100000110111010100,11.0,11100000110111010100
13,11.0,11100000110111010100,11.0,11100000110111010100
13,11.0,11100000110111010100,11.0,11100000110111010100
13,11.0,11100000110111010100,11.0,11100000110111010100
13,11.0,11100000110111010100,11.0,11100000110111010100
13,11.0,11100000110111010100,11.0,11100000110111010100
13,11.0,11100000110111010100,11.0,11100000110111010100
13,11.0,11100000110111010100,11.0,11100000110111010100
13,11.0,11100000110111010100,11.0,11100000110111010100
13,11.0,11100000110111010100,11.0,11100000110111010100
13,11.0,11100000110111010100,11.0,11100000110111010100
13,11.0,11100000110111010100,11.0,11100000110111010100
13,11.0,11100000110111010100,11.0,11100000110111010100
13,11.0,11100000110111010100,11.0,11100000110111010100
13,11.0,11100000110111010100,11.0,11100000110111010100
13,11.0,11100000110111010100,11.0,11100000110111010100
13,11.0,11100000110111010100,11.0,11100000110111010100
13,11.0,11100000110111010100,11.0,11100000110111010100
13,11.0,11100000110111010100,11.0,11100000110111010100
13,11.0,11100000110111010100,11.0,11100000110111010100
13,11.0,11100000110111010100,11.0,11100000110111010100
13,11.0,11100000110111010100,11.0,11100000110111010100
13,11.0,11100000110111010100,11.0,11100000110111010100
13,11.0,11100000110111010100,11.0,11100000110111010100
13,11.0,11100000110111010100,11.0,11100000110111010100
13,11.0,11100000110111010100,11.0,11100000110111010100
14,2845.0,01011100110101110111,2845.0,01011100110101110111
14,2845.0,01011100110101110111,2415.0,01111100110101000101
14,2415.0,01111100110101000101,1051.0,11111100000101000111
14,1051.0,11111100000101000111,1051.0,11111100000101000111
14,1051.0,11111100000101000111,763.0,11100110100101000101
14,763.0,11100110100101000101,763.0,11100110100101000101
14,763.0,11100110100101000101,763.0,11100110100101000101
14,763.0,11100110100101000101,763.0,11100110100101000101
14,763.0,11100110100101000101,303.0,11100010110101010000
14,303.0,11100010110101010000,303.0,11100010110101010000
14,303.0,11100010110101010000,303.0,11100010110101010000
14,303.0,11100010110101010000,303.0,11100010110101010000
14,303.0,11100010110101010000,11.0,11100000110111010100
14,11.0,11100000110111010100,11.0,11100000110111010100
14,11.0,11100000110111010100,11.0,11100000110111010100
14,11.0,11100000110111010100,11.0,11100000110111010100
14,11.0,11100000110111010100,11.0,11100000110111010100
14,11.0,11100000110111010100,11.0,11100000110111010100
14,11.0,11100000110111010100,11.0,11100000110111010100
14,11.0,11100000110111010100,11.0,11100000110111010100
14,11.0,11100000110111010100,11.0,11100000110111010100
14,11.0,11100000110111010100,11.0,11100000110111010100
14,11.0,11100000110111010100,11.0,11100000110111010100
14,11.0,11100000110111010100,11.0,11100000110111010100
14,11.0,11100000110111010100,11.0,11100000110111010100
14,11.0,11100000110111010100,11.0,11100000110111010100
14,11.0,11100000110111010100,11.0,11100000110111010100
14,11.0,11100000110111010100,11.0,11100000110111010100
14,11.0,11100000110111010100,11.0,11100000110111010100
14,11.0,11100000110111010100,11.0,11100000110111010100
14,11.0,11100000110111010100,11.0,11100000110111010100
14,11.0,11100000110111010100,11.0,11100000110111010100
14,11.0,11100000110111010100,11.0,11100000110111010100
14,11.0,11100000110111010100,11.0,11100000110111010100
14,11.0,11100000110111010100,11.0,11100000110111010100
14,11.0,11100000110111010100,11.0,11100000110111010100
14,11.0,11100000110111010100,11.0,11100000110111010100
14,11.0,11100000110111010100,11.0,11100000110111010100
14,11.0,11100000110111010100,11.0,11100000110111010100
14,11.0,11100000110111010100,11.0,11100000110111010100
14,11.0,11100000110111010100,11.0,11100000110111010100
14,11.0,11100000110111010100,11.0,11100000110111010100
14,11.0,11100000110111010100,11.0,11100000110111010100
14,11.0,11100000110111010100,11.0,11100000110111010100
14,11.0,11100000110111010100,11.0,11100000110111010100
14,11.0,11100000110111010100,11.0,11100000110111010100
14,11.0,11100000110111010100,11.0,11100000110111010100
14,11.0,11100000110111010100,11.0,11100000110111010100
14,11.0,11100000110111010100,11.0,11100000110111010100
14,11.0,11100000110111010100,11.0,11100000110111010100
14,11.0,11100000110111010100,11.0,11100000110111010100
14,11.0,11100000110111010100,11.0,11100000110111010100
14,11.0,11100000110111010100,11.0,11100000110111010100
14,11.0,11100000110111010100,11.0,11100000110111010100
14,11.0,11100000110111010100,11.0,11100000110111010100
14,11.0,11100000110111010100,11.0,11100000110111010100
15,21349.0,01011100110111010110,3051.0,11010100110011010110
15,3051.0,11010100110011010110,1031.0,11100110110010110101
15,1031.0,11100110110010110101,783.0,11111100010010110111
15,783.0,11111100010010110111,783.0,11111100010010110111
15,783.0,11111100010010110111,653.0,11111110110010100000
15,653.0,11111110110010100000,653.0,11111110110010100000
15,653.0,11111110110010100000,653.0,11111110110010100000
15,653.0,11111110110010100000,569.0,11110010110010010001
15,569.0,11110010110010010001,569.0,11110010110010010001
15,569.0,11110010110010010001,107.0,10111010110011000010
15,107.0,10111010110011000010,107.0,10111010110011000010
15,107.0,10111010110011000010,107.0,10111010110011000010
15,107.0,10111010110011000010,107.0,10111010110011000010
15,107.0,10111010110011000010,107.0,10111010110011000010
15,107.0,10111010110011000010,107.0,10111010110011000010
15,107.0,10111010110011000010,107.0,10111010110011000010
15,107.0,10111010110011000010,107.0,10111010110011000010
15,107.0,10111010110011000010,107.0,10111010110011000010
15,107.0,10111010110011000010,107.0,10111010110011000010
15,107.0,10111010110011000010,107.0,10111010110011000010
15,107.0,10111010110011000010,107.0,10111010110011000010
15,107.0,10111010110011000010,107.0,10111010110011000010
15,107.0,10111010110011000010,11.0,10110010001001000010
15,11.0,10110010001001000010,11.0,10110010001001000010
15,11.0,10110010001001000010,11.0,10110010001001000010
15,11.0,10110010001001000010,11.0,10110010001001000010
15,11.0,10110010001001000010,11.0,10110010001001000010
15,11.0,10110010001001000010,11.0,10110010001001000010
15,11.0,10110010001001000010,11.0,10110010001001000010
15,11.0,10110010001001000010,11.0,10110010001001000010
15,11.0,10110010001001000010,11.0,10110010001001000010
15,11.0,10110010001001000010,11.0,10110010001001000010
15,11.0,10110010001001000010,11.0,10110010001001000010
15,11.0,10110010001001000010,11.0,10110010001001000010
15,11.0,10110010001001000010,11.0,10110010001001000010
15,11.0,10110010001001000010,11.0,10110010001001000010
15,11.0,10110010001001000010,11.0,10110010001001000010
15,11.0,10110010001001000010,11.0,10110010001001000010
15,11.0,10110010001001000010,11.0,10110010001001000010
15,11.0,10110010001001000010,11.0,10110010001001000010
15,11.0,10110010001001000010,11.0,10110010001001000010
15,11.0,10110010001001000010,11.0,10110010001001000010
15,11.0,10110010001001000010,11.0,10110010001001000010
15,11.0,10110010001001000010,11.0,10110010001001000010
15,11.0,10110010001001000010,11.0,10110010001001000010
15,11.0,10110010001001000010,11.0,10110010001001000010
15,11.0,10110010001001000010,11.0,10110010001001000010
15,11.0,10110010001001000010,11.0,10110010001001000010
15,11.0,10110010001001000010,11.0,10110010001001000010
15,11.0,10110010001001000010,11.0,10110010001001000010
15,11.0,10110010001001000010,11.0,10110010001001000010
15,11.0,10110010001001000010,11.0,10110010001001000010
15,11.0,10110010001001000010,11.0,10110010001001000010
15,11.0,10110010001001000010,11.0,10110010001001000010
15,11.0,10110010001001000010,11.0,10110010001001000010
15,11.0,10110010001001000010,11.0,10110010001001000010
15,11.0,10110010001001000010,11.0,10110010001001000010
15,11.0,10110010001001000010,11.0,10110010001001000010
15,11.0,10110010001001000010,11.0,10110010001001000010
15,11.0,10110010001001000010,11.0,10110010001001000010
15,11.0,10110010001001000010,11.0,10110010001001000010
15,11.0,10110010001001000010,11.0,10110010001001000010
15,11.0,10110010001001000010,11.0,10110010001001000010
15,11.0,10110010001001000010,11.0,10110010001001000010
15,11.0,10110010001001000010,11.0,10110010001001000010
15,11.0,10110010001001000010,11.0,10110010001001000010
15,11.0,10110010001001000010,11.0,10110010001001000010
15,11.0,10110010001001000010,11.0,10110010001001000010
15,11.0,10110010001001000010,11.0,10110010001001000010
15,11.0,10110010001001000010,11.0,10110010001001000010
16,3527.0,01101100011111000110,1443.0,01100100010111101110
16,1443.0,01100100010111101110,1443.0,01100100010111101110
16,1443.0,01100100010111101110,1443.0,01100100010111101110
16,1443.0,01100100010111101110,1443.0,01100100010111101110
16,1443.0,01100100010111101110,1443.0,01100100010111101110
16,1443.0,01100100010111101110,1443.0,01100100010111101110
16,1443.0,01100100010111101110,279.0,01011100010111001111
16,279.0,01011100010111001111,279.0,01011100010111001111
16,279.0,01011100010111001111,279.0,01011100010111001111
16,279.0,01011100010111001111,279.0,01011100010111001111
16,279.0,01011100010111001111,279.0,01011100010111001111
16,279.0,01011100010111001111,279.0,01011100010111001111
16,279.0,01011100010111001111,279.0,01011100010111001111
16,279.0,01011100010111001111,279.0,01011100010111001111
16,279.0,01011100010111001111,279.0,01011100010111001111
16,279.0,01011100010111001111,279.0,01011100010111001111
16,279.0,01011100010111001111,279.0,01011100010111001111
16,279.0,01011100010111001111,279.0,01011100010111001111
16,279.0,01011100010111001111,279.0,01011100010111001111
16,279.0,01011100010111001111,279.0,01011100010111001111
16,279.0,01011100010111001111,279.0,01011100010111001111
16,279.0,01011100010111001111,279.0,01011100010111001111
16,279.0,01011100010111001111,279.0,01011100010111001111
16,279.0,01011100010111001111,279.0,01011100010111001111
16,279.0,01011100010111001111,279.0,01011100010111001111
16,279.0,01011100010111001111,279.0,01011100010111001111
16,279.0,01011100010111001111,279.0,01011100010111001111
16,279.0,01011100010111001111,279.0,01011100010111001111
16,279.0,01011100010111001111,279.0,01011100010111001111
16,279.0,01011100010111001111,279.0,01011100010111001111
16,279.0,01011100010111001111,279.0,01011100010111001111
16,279.0,01011100010111001111,279.0,01011100010111001111
16,279.0,01011100010111001111,279.0,01011100010111001111
16,279.0,01011100010111001111,279.0,01011100010111001111
16,279.0,01011100010111001111,279.0,01011100010111001111
16,279.0,01011100010111001111,279.0,01011100010111001111
16,279.0,01011100010111001111,279.0,01011100010111001111
16,279.0,01011100010111001111,279.0,01011100010111001111
16,279.0,01011100010111001111,279.0,01011100010111001111
16,279.0,01011100010111001111,279.0,01011100010111001111
16,279.0,01011100010111001111,279.0,01011100010111001111
16,279.0,01011100010111001111,279.0,01011100010111001111
16,279.0,01011100010111001111,13.0,01011110010101001011
16,13.0,01011110010101001011,13.0,01011110010101001011
16,13.0,01011110010101001011,13.0,01011110010101001011
16,13.0,01011110010101001011,13.0,01011110010101001011
16,13.0,01011110010101001011,13.0,01011110010101001011
16,13.0,01011110010101001011,13.0,01011110010101001011
16,13.0,01011110010101001011,13.0,01011110010101001011
16,13.0,01011110010101001011,13.0,01011110010101001011
16,13.0,01011110010101001011,13.0,01011110010101001011
16,13.0,01011110010101001011,13.0,01011110010101001011
16,13.0,01011110010101001011,13.0,01011110010101001011
16,13.0,01011110010101001011,13.0,01011110010101001011
16,13.0,01011110010101001011,13.0,01011110010101001011
16,13.0,01011110010101001011,13.0,01011110010101001011
16,13.0,01011110010101001011,13.0,01011110010101001011
16,13.0,01011110010101001011,13.0,01011110010101001011
16,13.0,01011110010101001011,13.0,01011110010101001011
16,13.0,01011110010101001011,13.0,01011110010101001011
16,13.0,01011110010101001011,13.0,01011110010101001011
16,13.0,01011110010101001011,13.0,01011110010101001011
16,13.0,01011110010101001011,13.0,01011110010101001011
16,13.0,01011110010101001011,13.0,01011110010101001011
16,13.0,01011110010101001011,13.0,01011110010101001011
16,13.0,01011110010101001011,13.0,01011110010101001011
16,13.0,01011110010101001011,13.0,01011110010101001011
16,13.0,01011110010101001011,13.0,01011110010101001011
16,13.0,01011110010101001011,13.0,01011110010101001011
16,13.0,01011110010101001011,13.0,01011110010101001011
16,13.0,01011110010101001011,13.0,01011110010101001011
17,18895.0,01001110001101011010,13617.0,00101110101101110000
17,13617.0,00101110101101110000,3003.0,00101101001101110011
17,3003.0,00101101001101110011,3003.0,00101101001101110011
17,3003.0,00101101001101110011,3003.0,00101101001101110011
17,3003.0,00101101001101110011,3003.0,00101101001101110011
17,3003.0,00101101001101110011,521.0,00110101001100110001
17,521.0,00110101001100110001,521.0,00110101001100110001
17,521.0,00110101001100110001,521.0,00110101001100110001
17,521.0,00110101001100110001,521.0,00110101001100110001
17,521.0,00110101001100110001,521.0,00110101001100110001
17,521.0,00110101001100110001,521.0,00110101001100110001
17,521.0,00110101001100110001,521.0,00110101001100110001
17,521.0,00110101001100110001,521.0,00110101001100110001
17,521.0,00110101001100110001,521.0,00110101001100110001
17,521.0,00110101001100110001,243.0,00111101101100010000
17,243.0,00111101101100010000,243.0,00111101101100010000
17,243.0,00111101101100010000,243.0,00111101101100010000
17,243.0,00111101101100010000,243.0,00111101101100010000
17,243.0,00111101101100010000,243.0,00111101101100010000
17,243.0,00111101101100010000,243.0,00111101101100010000
17,243.0,00111101101100010000,243.0,00111101101100010000
17,243.0,00111101101100010000,243.0,00111101101100010000
17,243.0,00111101101100010000,243.0,00111101101100010000
17,243.0,00111101101100010000,243.0,00111101101100010000
17,243.0,00111101101100010000,243.0,00111101101100010000
17,243.0,00111101101100010000,243.0,00111101101100010000
17,243.0,00111101101100010000,243.0,00111101101100010000
17,243.0,00111101101100010000,243.0,00111101101100010000
17,243.0,00111101101100010000,243.0,00111101101100010000
17,243.0,00111101101100010000,55.0,00111100001101110011
17,55.0,00111100001101110011,55.0,00111100001101110011
17,55.0,00111100001101110011,55.0,00111100001101110011
17,55.0,00111100001101110011,55.0,00111100001101110011
17,55.0,00111100001101110011,55.0,00111100001101110011
17,55.0,00111100001101110011,55.0,00111100001101110011
17,55.0,00111100001101110011,55.0,00111100001101110011
17,55.0,00111100001101110011,55.0,00111100001101110011
17,55.0,00111100001101110011,55.0,00111100001101110011
17,55.0,00111100001101110011,55.0,00111100001101110011
17,55.0,00111100001101110011,55.0,00111100001101110011
17,55.0,00111100001101110011,55.0,00111100001101110011
17,55.0,00111100001101110011,55.0,00111100001101110011
17,55.0,00111100001101110011,55.0,00111100001101110011
17,55.0,00111100001101110011,55.0,00111100001101110011
17,55.0,00111100001101110011,55.0,00111100001101110011
17,55.0,00111100001101110011,55.0,00111100001101110011
17,55.0,00111100001101110011,55.0,00111100001101110011
17,55.0,00111100001101110011,55.0,00111100001101110011
17,55.0,00111100001101110011,55.0,00111100001101110011
17,55.0,00111100001101110011,55.0,00111100001101110011
17,55.0,00111100001101110011,55.0,00111100001101110011
17,55.0,00111100001101110011,55.0,00111100001101110011
17,55.0,00111100001101110011,55.0,00111100001101110011
17,55.0,00111100001101110011,55.0,00111100001101110011
17,55.0,00111100001101110011,55.0,00111100001101110011
17,55.0,00111100001101110011,55.0,00111100001101110011
17,55.0,00111100001101110011,55.0,00111100001101110011
17,55.0,00111100001101110011,55.0,00111100001101110011
17,55.0,00111100001101110011,55.0,00111100001101110011
17,55.0,00111100001101110011,55.0,00111100001101110011
17,55.0,00111100001101110011,55.0,00111100001101110011
17,55.0,00111100001101110011,55.0,00111100001101110011
18,16825.0,10100011000011110001,7575.0,00101011000111110001
18,7575.0,00101011000111110001,5213.0,00011011000101110011
18,5213.0,00011011000101110011,4345.0,01011010000101110100
18,4345.0,01011010000101110100,789.0,01010110010001110100
18,789.0,01010110010001110100,479.0,01011110100001110101
18,479.0,01011110100001110101,479.0,01011110100001110101
18,479.0,01011110100001110101,479.0,01011110100001110101
18,479.0,01011110100001110101,479.0,01011110100001110101
18,479.0,01011110100001110101,479.0,01011110100001110101
18,479.0,01011110100001110101,479.0,01011110100001110101
18,479.0,01011110100001110101,479.0,01011110100001110101
18,479.0,01011110100001110101,479.0,01011110100001110101
18,479.0,01011110100001110101,387.0,01110110100001010011
18,387.0,01110110100001010011,387.0,01110110100001010011
18,387.0,01110110100001010011,387.0,01110110100001010011
18,387.0,01110110100001010011,387.0,01110110100001010011
18,387.0,01110110100001010011,387.0,01110110100001010011
18,387.0,01110110100001010011,387.0,01110110100001010011
18,387.0,01110110100001010011,273.0,00110111100001000010
18,273.0,00110111100001000010,273.0,00110111100001000010
18,273.0,00110111100001000010,273.0,00110111100001000010
18,273.0,00110111100001000010,273.0,00110111100001000010
18,273.0,00110111100001000010,273.0,00110111100001000010
18,273.0,00110111100001000010,273.0,00110111100001000010
18,273.0,00110111100001000010,273.0,00110111100001000010
18,273.0,00110111100001000010,273.0,00110111100001000010
18,273.0,00110111100001000010,273.0,00110111100001000010
18,273.0,00110111100001000010,273.0,00110111100001000010
18,273.0,00110111100001000010,273.0,00110111100001000010
18,273.0,00110111100001000010,273.0,00110111100001000010
18,273.0,00110111100001000010,273.0,00110111100001000010
18,273.0,00110111100001000010,273.0,00110111100001000010
18,273.0,00110111100001000010,273.0,00110111100001000010
18,273.0,00110111100001000010,273.0,00110111100001000010
18,273.0,00110111100001000010,273.0,00110111100001000010
18,273.0,00110111100001000010,273.0,00110111100001000010
18,273.0,00110111100001000010,273.0,00110111100001000010
18,273.0,00110111100001000010,273.0,00110111100001000010
18,273.0,00110111100001000010,273.0,00110111100001000010
18,273.0,00110111100001000010,125.0,00100011100101001011
18,125.0,00100011100101001011,125.0,00100011100101001011
18,125.0,00100011100101001011,125.0,00100011100101001011
18,125.0,00100011100101001011,125.0,00100011100101001011
18,125.0,00100011100101001011,125.0,00100011100101001011
18,125.0,00100011100101001011,125.0,00100011100101001011
18,125.0,00100011100101001011,125.0,00100011100101001011
18,125.0,00100011100101001011,125.0,00100011100101001011
18,125.0,00100011100101001011,125.0,00100011100101001011
18,125.0,00100011100101001011,125.0,00100011100101001011
18,125.0,00100011100101001011,125.0,00100011100101001011
18,125.0,00100011100101001011,125.0,00100011100101001011
18,125.0,00100011100101001011,125.0,00100011100101001011
18,125.0,00100011100101001011,125.0,00100011100101001011
18,125.0,00100011100101001011,125.0,00100011100101001011
18,125.0,00100011100101001011,125.0,00100011100101001011
18,125.0,00100011100101001011,125.0,00100011100101001011
18,125.0,00100011100101001011,125.0,00100011100101001011
18,125.0,00100011100101001011,125.0,00100011100101001011
18,125.0,00100011100101001011,125.0,00100011100101001011
18,125.0,00100011100101001011,125.0,00100011100101001011
18,125.0,00100011100101001011,125.0,00100011100101001011
18,125.0,00100011100101001011,125.0,00100011100101001011
18,125.0,00100011100101001011,125.0,00100011100101001011
18,125.0,00100011100101001011,125.0,00100011100101001011
18,125.0,00100011100101001011,125.0,00100011100101001011
18,125.0,00100011100101001011,125.0,00100011100101001011
19,18621.0,01101001011101000011,4853.0,01100001010111001010
19,4853.0,01100001010111001010,1323.0,11101001010110011000
19,1323.0,11101001010110011000,593.0,11100000011110011011
19,593.0,11100000011110011011,593.0,11100000011110011011
19,593.0,11100000011110011011,593.0,11100000011110011011
19,593.0,11100000011110011011,593.0,11100000011110011011
19,593.0,11100000011110011011,593.0,11100000011110011011
19,593.0,11100000011110011011,487.0,11010100001110011010
19,487.0,11010100001110011010,309.0,11110100001000011001
19,309.0,11110100001000011001,309.0,11110100001000011001
19,309.0,11110100001000011001,309.0,11110100001000011001
19,309.0,11110100001000011001,309.0,11110100001000011001
19,309.0,11110100001000011001,309.0,11110100001000011001
19,309.0,11110100001000011001,309.0,11110100001000011001
19,309.0,11110100001000011001,309.0,11110100001000011001
19,309.0,11110100001000011001,309.0,11110100001000011001
19,309.0,11110100001000011001,309.0,11110100001000011001
19,309.0,11110100001000011001,309.0,11110100001000011001
19,309.0,11110100001000011001,309.0,11110100001000011001
19,309.0,11110100001000011001,309.0,11110100001000011001
19,309.0,11110100001000011001,309.0,11110100001000011001
19,309.0,11110100001000011001,309.0,11110100001000011001
19,309.0,11110100001000011001,187.0,11111100010000011100
19,187.0,11111100010000011100,187.0,11111100010000011100
19,187.0,11111100010000011100,187.0,11111100010000011100
19,187.0,11111100010000011100,187.0,11111100010000011100
19,187.0,11111100010000011100,23.0,11110010010000010100
19,23.0,11110010010000010100,23.0,11110010010000010100
19,23.0,11110010010000010100,23.0,11110010010000010100
19,23.0,11110010010000010100,23.0,11110010010000010100
19,23.0,11110010010000010100,23.0,11110010010000010100
19,23.0,11110010010000010100,23.0,11110010010000010100
19,23.0,11110010010000010100,23.0,11110010010000010100
19,23.0,11110010010000010100,23.0,11110010010000010100
19,23.0,11110010010000010100,23.0,11110010010000010100
19,23.0,11110010010000010100,23.0,11110010010000010100
19,23.0,11110010010000010100,23.0,11110010010000010100
19,23.0,11110010010000010100,23.0,11110010010000010100
19,23.0,11110010010000010100,23.0,11110010010000010100
19,23.0,11110010010000010100,23.0,11110010010000010100
19,23.0,11110010010000010100,23.0,11110010010000010100
19,23.0,11110010010000010100,23.0,11110010010000010100
19,23.0,11110010010000010100,23.0,11110010010000010100
19,23.0,11110010010000010100,23.0,11110010010000010100
19,23.0,11110010010000010100,23.0,11110010010000010100
19,23.0,11110010010000010100,23.0,11110010010000010100
19,23.0,11110010010000010100,23.0,11110010010000010100
19,23.0,11110010010000010100,23.0,11110010010000010100
19,23.0,11110010010000010100,23.0,11110010010000010100
19,23.0,11110010010000010100,23.0,11110010010000010100
19,23.0,11110010010000010100,23.0,11110010010000010100
19,23.0,11110010010000010100,23.0,11110010010000010100
19,23.0,11110010010000010100,23.0,11110010010000010100
19,23.0,11110010010000010100,23.0,11110010010000010100
19,23.0,11110010010000010100,23.0,11110010010000010100
19,23.0,11110010010000010100,23.0,11110010010000010100
19,23.0,11110010010000010100,23.0,11110010010000010100
19,23.0,11110010010000010100,23.0,11110010010000010100
19,23.0,11110010010000010100,23.0,11110010010000010100
19,23.0,11110010010000010100,23.0,11110010010000010100
19,23.0,11110010010000010100,23.0,11110010010000010100
19,23.0,11110010010000010100,23.0,11110010010000010100
19,23.0,11110010010000010100,23.0,11110010010000010100
19,23.0,11110010010000010100,23.0,11110010010000010100
19,23.0,11110010010000010100,23.0,11110010010000010100
19,23.0,11110010010000010100,23.0,11110010010000010100
19,23.0,11110010010000010100,23.0,11110010010000010100
19,23.0,11110010010000010100,23.0,11110010010000010100
19,23.0,11110010010000010100,23.0,11110010010000010100
20,7711.0,10001111110011110001,7361.0,11001110100101110110
20,7361.0,11001110100101110110,7361.0,11001110100101110110
20,7361.0,11001110100101110110,6253.0,01000010100101111110
20,6253.0,01000010100101111110,1397.0,01001011000101110100
20,1397.0,01001011000101110100,1397.0,01001011000101110100
20,1397.0,01001011000101110100,1377.0,00100111010101000100
20,1377.0,00100111010101000100,1377.0,00100111010101000100
20,1377.0,00100111010101000100,1263.0,00101110110101110100
20,1263.0,00101110110101110100,487.0,00101011110001100101
20,487.0,00101011110001100101,487.0,00101011110001100101
20,487.0,00101011110001100101,487.0,00101011110001100101
20,487.0,00101011110001100101,487.0,00101011110001100101
20,487.0,00101011110001100101,487.0,00101011110001100101
20,487.0,00101011110001100101,487.0,00101011110001100101
20,487.0,00101011110001100101,487.0,00101011110001100101
20,487.0,00101011110001100101,439.0,01101000101001101110
20,439.0,01101000101001101110,439.0,01101000101001101110
20,439.0,01101000101001101110,137.0,01100001101000101100
20,137.0,01100001101000101100,137.0,01100001101000101100
20,137.0,01100001101000101100,137.0,01100001101000101100
20,137.0,01100001101000101100,137.0,01100001101000101100
20,137.0,01100001101000101100,137.0,01100001101000101100
20,137.0,01100001101000101100,137.0,01100001101000101100
20,137.0,01100001101000101100,137.0,01100001101000101100
20,137.0,01100001101000101100,137.0,01100001101000101100
20,137.0,01100001101000101100,137.0,01100001101000101100
20,137.0,01100001101000101100,137.0,01100001101000101100
20,137.0,01100001101000101100,137.0,01100001101000101100
20,137.0,01100001101000101100,137.0,01100001101000101100
20,137.0,01100001101000101100,137.0,01100001101000101100
20,137.0,01100001101000101100,137.0,01100001101000101100
20,137.0,01100001101000101100,137.0,01100001101000101100
20,137.0,01100001101000101100,137.0,01100001101000101100
20,137.0,01100001101000101100,137.0,01100001101000101100
20,137.0,01100001101000101100,137.0,01100001101000101100
20,137.0,01100001101000101100,137.0,01100001101000101100
20,137.0,01100001101000101100,137.0,01100001101000101100
20,137.0,01100001101000101100,137.0,01100001101000101100
20,137.0,01100001101000101100,137.0,01100001101000101100
20,137.0,01100001101000101100,137.0,01100001101000101100
20,137.0,01100001101000101100,137.0,01100001101000101100
20,137.0,01100001101000101100,137.0,01100001101000101100
20,137.0,01100001101000101100,137.0,01100001101000101100
20,137.0,01100001101000101100,137.0,01100001101000101100
20,137.0,01100001101000101100,137.0,01100001101000101100
20,137.0,01100001101000101100,137.0,01100001101000101100
20,137.0,01100001101000101100,137.0,01100001101000101100
20,137.0,01100001101000101100,137.0,01100001101000101100
20,137.0,01100001101000101100,137.0,01100001101000101100
20,137.0,01100001101000101100,137.0,01100001101000101100
20,137.0,01100001101000101100,137.0,01100001101000101100
20,137.0,01100001101000101100,137.0,01100001101000101100
20,137.0,01100001101000101100,137.0,01100001101000101100
20,137.0,01100001101000101100,137.0,01100001101000101100
21,81755.0,11101100000101101111,77779.0,10101000100101111111
21,77779.0,10101000100101111111,8453.0,10101000001101111010
21,8453.0,10101000001101111010,6073.0,10100010010101011011
21,6073.0,10100010010101011011,5897.0,00101010011001011011
21,5897.0,00101010011001011011,1097.0,00111010010001011001
21,1097.0,00111010010001011001,1097.0,00111010010001011001
21,1097.0,00111010010001011001,1097.0,00111010010001011001
21,1097.0,00111010010001011001,1097.0,00111010010001011001
21,1097.0,00111010010001011001,1097.0,00111010010001011001
21,1097.0,00111010010001011001,1097.0,00111010010001011001
21,1097.0,00111010010001011001,1097.0,00111010010001011001
21,1097.0,00111010010001011001,1097.0,00111010010001011001
21,1097.0,00111010010001011001,1097.0,00111010010001011001
21,1097.0,00111010010001011001,1097.0,00111010010001011001
21,1097.0,00111010010001011001,1097.0,00111010010001011001
21,1097.0,00111010010001011001,1097.0,00111010010001011001
21,1097.0,00111010010001011001,439.0,10110110010010011000
21,439.0,10110110010010011000,439.0,10110110010010011000
21,439.0,10110110010010011000,439.0,10110110010010011000
21,439.0,10110110010010011000,439.0,10110110010010011000
21,439.0,10110110010010011000,439.0,10110110010010011000
21,439.0,10110110010010011000,439.0,10110110010010011000
21,439.0,10110110010010011000,439.0,10110110010010011000
21,439.0,10110110010010011000,439.0,10110110010010011000
21,439.0,10110110010010011000,405.0,11111100110010011001
21,405.0,11111100110010011001,405.0,11111100110010011001
21,405.0,11111100110010011001,187.0,11111100010000011100
21,187.0,11111100010000011100,187.0,11111100010000011100
21,187.0,11111100010000011100,187.0,11111100010000011100
21,187.0,11111100010000011100,23.0,11110010010000010100
21,23.0,11110010010000010100,23.0,11110010010000010100
21,23.0,11110010010000010100,23.0,11110010010000010100
21,23.0,11110010010000010100,23.0,11110010010000010100
21,23.0,11110010010000010100,23.0,11110010010000010100
21,23.0,11110010010000010100,23.0,11110010010000010100
21,23.0,11110010010000010100,23.0,11110010010000010100
21,23.0,11110010010000010100,23.0,11110010010000010100
21,23.0,11110010010000010100,23.0,11110010010000010100
21,23.0,11110010010000010100,23.0,11110010010000010100
21,23.0,11110010010000010100,23.0,11110010010000010100
21,23.0,11110010010000010100,23.0,11110010010000010100
21,23.0,11110010010000010100,23.0,11110010010000010100
21,23.0,11110010010000010100,23.0,11110010010000010100
21,23.0,11110010010000010100,23.0,11110010010000010100
21,23.0,11110010010000010100,23.0,11110010010000010100
21,23.0,11110010010000010100,23.0,11110010010000010100
21,23.0,11110010010000010100,23.0,11110010010000010100
21,23.0,11110010010000010100,23.0,11110010010000010100
21,23.0,11110010010000010100,23.0,11110010010000010100
21,23.0,11110010010000010100,23.0,11110010010000010100
21,23.0,11110010010000010100,23.0,11110010010000010100
21,23.0,11110010010000010100,23.0,11110010010000010100
21,23.0,11110010010000010100,23.0,11110010010000010100
21,23.0,11110010010000010100,23.0,11110010010000010100
21,23.0,11110010010000010100,23.0,11110010010000010100
21,23.0,11110010010000010100,23.0,11110010010000010100
21,23.0,11110010010000010100,23.0,11110010010000010100
21,23.0,11110010010000010100,23.0,11110010010000010100
21,23.0,11110010010000010100,23.0,11110010010000010100
21,23.0,11110010010000010100,23.0,11110010010000010100
21,23.0,11110010010000010100,23.0,11110010010000010100
21,23.0,11110010010000010100,23.0,11110010010000010100
21,23.0,11110010010000010100,23.0,11110010010000010100
21,23.0,11110010010000010100,23.0,11110010010000010100
21,23.0,11110010010000010100,23.0,11110010010000010100
21,23.0,11110010010000010100,23.0,11110010010000010100
21,23.0,11110010010000010100,23.0,11110010010000010100
21,23.0,11110010010000010100,23.0,11110010010000010100
21,23.0,11110010010000010100,23.0,11110010010000010100
21,23.0,11110010010000010100,23.0,11110010010000010100
21,23.0,11110010010000010100,23.0,11110010010000010100
22,37263.0,10110000101011010000,18361.0,10110000111011000010
22,18361.0,10110000111011000010,6039.0,00111000111111000010
22,6039.0,00111000111111000010,6039.0,00111000111111000010
22,6039.0,00111000111111000010,797.0,01110000011011100001
22,797.0,01110000011011100001,797.0,01110000011011100001
22,797.0,01110000011011100001,797.0,01110000011011100001
22,797.0,01110000011011100001,797.0,01110000011011100001
22,797.0,01110000011011100001,463.0,01100000111011101010
22,463.0,01100000111011101010,463.0,01100000111011101010
22,463.0,01100000111011101010,463.0,01100000111011101010
22,463.0,01100000111011101010,251.0,01101100111001011001
22,251.0,01101100111001011001,251.0,01101100111001011001
22,251.0,01101100111001011001,251.0,01101100111001011001
22,251.0,01101100111001011001,251.0,01101100111001011001
22,251.0,01101100111001011001,251.0,01101100111001011001
22,251.0,01101100111001011001,251.0,01101100111001011001
22,251.0,01101100111001011001,251.0,01101100111001011001
22,251.0,01101100111001011001,251.0,01101100111001011001
22,251.0,01101100111001011001,251.0,01101100111001011001
22,251.0,01101100111001011001,251.0,01101100111001011001
22,251.0,01101100111001011001,251.0,01101100111001011001
22,251.0,01101100111001011001,251.0,01101100111001011001
22,251.0,01101100111001011001,251.0,01101100111001011001
22,251.0,01101100111001011001,251.0,01101100111001011001
22,251.0,01101100111001011001,251.0,01101100111001011001
22,251.0,01101100111001011001,251.0,01101100111001011001
22,251.0,01101100111001011001,251.0,01101100111001011001
22,251.0,01101100111001011001,251.0,01101100111001011001
22,251.0,01101100111001011001,251.0,01101100111001011001
22,251.0,01101100111001011001,251.0,01101100111001011001
22,251.0,01101100111001011001,123.0,01100000111011010101
22,123.0,01100000111011010101,11.0,11100000110111010100
22,11.0,11100000110111010100,11.0,11100000110111010100
22,11.0,11100000110111010100,11.0,11100000110111010100
22,11.0,11100000110111010100,11.0,11100000110111010100
22,11.0,11100000110111010100,11.0,11100000110111010100
22,11.0,11100000110111010100,11.0,11100000110111010100
22,11.0,11100000110111010100,11.0,11100000110111010100
22,11.0,11100000110111010100,11.0,11100000110111010100
22,11.0,11100000110111010100,11.0,11100000110111010100
22,11.0,11100000110111010100,11.0,11100000110111010100
22,11.0,11100000110111010100,11.0,11100000110111010100
22,11.0,11100000110111010100,11.0,11100000110111010100
22,11.0,11100000110111010100,11.0,11100000110111010100
22,11.0,11100000110111010100,11.0,11100000110111010100
22,11.0,11100000110111010100,11.0,11100000110111010100
22,11.0,11100000110111010100,11.0,11100000110111010100
22,11.0,11100000110111010100,11.0,11100000110111010100
22,11.0,11100000110111010100,11.0,11100000110111010100
22,11.0,11100000110111010100,11.0,11100000110111010100
22,11.0,11100000110111010100,11.0,11100000110111010100
22,11.0,11100000110111010100,11.0,11100000110111010100
22,11.0,11100000110111010100,11.0,11100000110111010100
22,11.0,11100000110111010100,11.0,11100000110111010100
22,11.0,11100000110111010100,11.0,11100000110111010100
22,11.0,11100000110111010100,11.0,11100000110111010100
22,11.0,11100000110111010100,11.0,11100000110111010100
22,11.0,11100000110111010100,11.0,11100000110111010100
22,11.0,11100000110111010100,11.0,11100000110111010100
22,11.0,11100000110111010100,11.0,11100000110111010100
22,11.0,11100000110111010100,11.0,11100000110111010100
22,11.0,11100000110111010100,11.0,11100000110111010100
22,11.0,11100000110111010100,11.0,11100000110111010100
22,11.0,11100000110111010100,11.0,11100000110111010100
22,11.0,11100000110111010100,11.0,11100000110111010100
22,11.0,11100000110111010100,11.0,11100000110111010100
22,11.0,11100000110111010100,11.0,11100000110111010100
22,11.0,11100000110111010100,11.0,11100000110111010100
22,11.0,11100000110111010100,11.0,11100000110111010100
22,11.0,11100000110111010100,11.0,11100000110111010100
22,11.0,11100000110111010100,11.0,11100000110111010100
22,11.0,11100000110111010100,11.0,11100000110111010100
22,11.0,11100000110111010100,11.0,11100000110111010100
22,11.0,11100000110111010100,11.0,11100000110111010100
22,11.0,11100000110111010100,11.0,11100000110111010100
22,11.0,11100000110111010100,11.0,11100000110111010100
22,11.0,11100000110111010100,11.0,11100000110111010100
22,11.0,11100000110111010100,11.0,11100000110111010100
22,11.0,11100000110111010100,11.0,11100000110111010100
22,11.0,11100000110111010100,11.0,11100000110111010100
22,11.0,11100000110111010100,11.0,11100000110111010100
22,11.0,11100000110111010100,11.0,11100000110111010100
22,11.0,11100000110111010100,11.0,11100000110111010100
22,11.0,11100000110111010100,11.0,11100000110111010100
22,11.0,11100000110111010100,11.0,11100000110111010100
22,11.0,11100000110111010100,11.0,11100000110111010100
22,11.0,11100000110111010100,11.0,11100000110111010100
22,11.0,11100000110111010100,11.0,11100000110111010100
23,67817.0,00010001011101010010,65757.0,00010001011011001000
23,65757.0,00010001011011001000,20643.0,00011001101011001000
23,20643.0,00011001101011001000,4897.0,00011101101001001011
23,4897.0,00011101101001001011,2475.0,00001011101011001011
23,2475.0,00001011101011001011,2165.0,00000011011011001010
23,2165.0,00000011011011001010,1321.0,01001001111011001011
23,1321.0,01001001111011001011,1321.0,01001001111011001011
23,1321.0,01001001111011001011,1321.0,01001001111011001011
23,1321.0,01001001111011001011,1321.0,01001001111011001011
23,1321.0,01001001111011001011,1321.0,01001001111011001011
23,1321.0,01001001111011001011,545.0,01001100111111011010
23,545.0,01001100111111011010,545.0,01001100111111011010
23,545.0,01001100111111011010,545.0,01001100111111011010
23,545.0,01001100111111011010,545.0,01001100111111011010
23,545.0,01001100111111011010,451.0,11001100111111110000
23,451.0,11001100111111110000,451.0,11001100111111110000
23,451.0,11001100111111110000,451.0,11001100111111110000
23,451.0,11001100111111110000,451.0,11001100111111110000
23,451.0,11001100111111110000,451.0,11001100111111110000
23,451.0,11001100111111110000,451.0,11001100111111110000
23,451.0,11001100111111110000,451.0,11001100111111110000
23,451.0,11001100111111110000,451.0,11001100111111110000
23,451.0,11001100111111110000,273.0,11001000011110111101
23,273.0,11001000011110111101,273.0,11001000011110111101
23,273.0,11001000011110111101,273.0,11001000011110111101
23,273.0,11001000011110111101,273.0,11001000011110111101
23,273.0,11001000011110111101,273.0,11001000011110111101
23,273.0,11001000011110111101,273.0,11001000011110111101
23,273.0,11001000011110111101,273.0,11001000011110111101
23,273.0,11001000011110111101,273.0,11001000011110111101
23,273.0,11001000011110111101,273.0,11001000011110111101
23,273.0,11001000011110111101,273.0,11001000011110111101
23,273.0,11001000011110111101,273.0,11001000011110111101
23,273.0,11001000011110111101,273.0,11001000011110111101
23,273.0,11001000011110111101,273.0,11001000011110111101
23,273.0,11001000011110111101,273.0,11001000011110111101
23,273.0,11001000011110111101,273.0,11001000011110111101
23,273.0,11001000011110111101,273.0,11001000011110111101
23,273.0,11001000011110111101,273.0,11001000011110111101
23,273.0,11001000011110111101,273.0,11001000011110111101
23,273.0,11001000011110111101,273.0,11001000011110111101
23,273.0,11001000011110111101,273.0,11001000011110111101
23,273.0,11001000011110111101,273.0,11001000011110111101
23,273.0,11001000011110111101,273.0,11001000011110111101
23,273.0,11001000011110111101,273.0,11001000011110111101
23,273.0,11001000011110111101,273.0,11001000011110111101
23,273.0,11001000011110111101,273.0,11001000011110111101
23,273.0,11001000011110111101,273.0,11001000011110111101
23,273.0,11001000011110111101,273.0,11001000011110111101
23,273.0,11001000011110111101,273.0,11001000011110111101
23,273.0,11001000011110111101,273.0,11001000011110111101
23,273.0,11001000011110111101,273.0,11001000011110111101
23,273.0,11001000011110111101,273.0,11001000011110111101
23,273.0,11001000011110111101,273.0,11001000011110111101
23,273.0,11001000011110111101,273.0,11001000011110111101
23,273.0,11001000011110111101,273.0,11001000011110111101
23,273.0,11001000011110111101,273.0,11001000011110111101
23,273.0,11001000011110111101,273.0,11001000011110111101
23,273.0,11001000011110111101,273.0,11001000011110111101
23,273.0,11001000011110111101,273.0,11001000011110111101
23,273.0,11001000011110111101,273.0,11001000011110111101
23,273.0,11001000011110111101,273.0,11001000011110111101
23,273.0,11001000011110111101,273.0,11001000011110111101
23,273.0,11001000011110111101,273.0,11001000011110111101
23,273.0,11001000011110111101,273.0,11001000011110111101
23,273.0,11001000011110111101,273.0,11001000011110111101
23,273.0,11001000011110111101,273.0,11001000011110111101
23,273.0,11001000011110111101,25.0,11001110011110100111
23,25.0,11001110011110100111,25.0,11001110011110100111
23,25.0,11001110011110100111,25.0,11001110011110100111
23,25.0,11001110011110100111,25.0,11001110011110100111
23,25.0,11001110011110100111,25.0,11001110011110100111
23,25.0,11001110011110100111,25.0,11001110011110100111
23,25.0,11001110011110100111,25.0,11001110011110100111
23,25.0,11001110011110100111,25.0,11001110011110100111
23,25.0,11001110011110100111,25.0,11001110011110100111
23,25.0,11001110011110100111,25.0,11001110011110100111
23,25.0,11001110011110100111,25.0,11001110011110100111
23,25.0,11001110011110100111,25.0,11001110011110100111
23,25.0,11001110011110100111,25.0,11001110011110100111
23,25.0,11001110011110100111,25.0,11001110011110100111
23,25.0,11001110011110100111,25.0,11001110011110100111
23,25.0,11001110011110100111,25.0,11001110011110100111
23,25.0,11001110011110100111,25.0,11001110011110100111
23,25.0,11001110011110100111,25.0,11001110011110100111
23,25.0,11001110011110100111,25.0,11001110011110100111
23,25.0,11001110011110100111,25.0,11001110011110100111
23,25.0,11001110011110100111,25.0,11001110011110100111
23,25.0,11001110011110100111,25.0,11001110011110100111
23,25.0,11001110011110100111,25.0,11001110011110100111
23,25.0,11001110011110100111,25.0,11001110011110100111
23,25.0,11001110011110100111,25.0,11001110011110100111
23,25.0,11001110011110100111,25.0,11001110011110100111
23,25.0,11001110011110100111,25.0,11001110011110100111
23,25.0,11001110011110100111,25.0,11001110011110100111
23,25.0,11001110011110100111,25.0,11001110011110100111
23,25.0,11001110011110100111,25.0,11001110011110100111
23,25.0,11001110011110100111,25.0,11001110011110100111
23,25.0,11001110011110100111,25.0,11001110011110100111
23,25.0,11001110011110100111,25.0,11001110011110100111
23,25.0,11001110011110100111,25.0,11001110011110100111
23,25.0,11001110011110100111,25.0,11001110011110100111
23,25.0,11001110011110100111,25.0,11001110011110100111
23,25.0,11001110011110100111,25.0,11001110011110100111
23,25.0,11001110011110100111,25.0,11001110011110100111
23,25.0,11001110011110100111,25.0,11001110011110100111
23,25.0,11001110011110100111,25.0,11001110011110100111
23,25.0,11001110011110100111,25.0,11001110011110100111
23,25.0,11001110011110100111,25.0,11001110011110100111
23,25.0,11001110011110100111,25.0,11001110011110100111
23,25.0,11001110011110100111,25.0,11001110011110100111
23,25.0,11001110011110100111,25.0,11001110011110100111
24,9085.0,11000001111110001010,2091.0,11010001110110001000
24,2091.0,11010001110110001000,807.0,10010001000110011111
24,807.0,10010001000110011111,807.0,10010001000110011111
24,807.0,10010001000110011111,807.0,10010001000110011111
24,807.0,10010001000110011111,807.0,10010001000110011111
24,807.0,10010001000110011111,807.0,10010001000110011111
24,807.0,10010001000110011111,807.0,10010001000110011111
24,807.0,10010001000110011111,807.0,10010001000110011111
24,807.0,10010001000110011111,807.0,10010001000110011111
24,807.0,10010001000110011111,231.0,11010010000100011100
24,231.0,11010010000100011100,231.0,11010010000100011100
24,231.0,11010010000100011100,231.0,11010010000100011100
24,231.0,11010010000100011100,231.0,11010010000100011100
24,231.0,11010010000100011100,231.0,11010010000100011100
24,231.0,11010010000100011100,231.0,11010010000100011100
24,231.0,11010010000100011100,231.0,11010010000100011100
24,231.0,11010010000100011100,231.0,11010010000100011100
24,231.0,11010010000100011100,231.0,11010010000100011100
24,231.0,11010010000100011100,231.0,11010010000100011100
24,231.0,11010010000100011100,231.0,11010010000100011100
24,231.0,11010010000100011100,231.0,11010010000100011100
24,231.0,11010010000100011100,231.0,11010010000100011100
24,231.0,11010010000100011100,231.0,11010010000100011100
24,231.0,11010010000100011100,231.0,11010010000100011100
24,231.0,11010010000100011100,231.0,11010010000100011100
24,231.0,11010010000100011100,231.0,11010010000100011100
24,231.0,11010010000100011100,231.0,11010010000100011100
24,231.0,11010010000100011100,231.0,11010010000100011100
24,231.0,11010010000100011100,231.0,11010010000100011100
24,231.0,11010010000100011100,231.0,11010010000100011100
24,231.0,11010010000100011100,231.0,11010010000100011100
24,231.0,11010010000100011100,231.0,11010010000100011100
24,231.0,11010010000100011100,231.0,11010010000100011100
24,231.0,11010010000100011100,231.0,11010010000100011100
24,231.0,11010010000100011100,231.0,11010010000100011100
24,231.0,11010010000100011100,231.0,11010010000100011100
24,231.0,11010010000100011100,231.0,11010010000100011100
24,231.0,11010010000100011100,231.0,11010010000100011100
24,231.0,11010010000100011100,231.0,11010010000100011100
24,231.0,11010010000100011100,231.0,11010010000100011100
24,231.0,11010010000100011100,231.0,11010010000100011100
24,231.0,11010010000100011100,231.0,11010010000100011100
24,231.0,11010010000100011100,231.0,11010010000100011100
24,231.0,11010010000100011100,231.0,11010010000100011100
24,231.0,11010010000100011100,231.0,11010010000100011100
24,231.0,11010010000100011100,231.0,11010010000100011100
24,231.0,11010010000100011100,231.0,11010010000100011100
24,231.0,11010010000100011100,231.0,11010010000100011100
24,231.0,11010010000100011100,231.0,11010010000100011100
24,231.0,11010010000100011100,231.0,11010010000100011100
24,231.0,11010010000100011100,231.0,11010010000100011100
24,231.0,11010010000100011100,231.0,11010010000100011100
24,231.0,11010010000100011100,231.0,11010010000100011100
24,231.0,11010010000100011100,231.0,11010010000100011100
24,231.0,11010010000100011100,231.0,11010010000100011100
24,231.0,11010010000100011100,231.0,11010010000100011100
24,231.0,11010010000100011100,231.0,11010010000100011100
24,231.0,11010010000100011100,231.0,11010010000100011100
24,231.0,11010010000100011100,231.0,11010010000100011100
25,154761.0,11100011110000100100,24401.0,11100001111100100000
25,24401.0,11100001111100100000,4535.0,11100000111100001100
25,4535.0,11100000111100001100,1569.0,11101010111000001011
25,1569.0,11101010111000001011,1569.0,11101010111000001011
25,1569.0,11101010111000001011,1569.0,11101010111000001011
25,1569.0,11101010111000001011,1569.0,11101010111000001011
25,1569.0,11101010111000001011,509.0,11000111001000101011
25,509.0,11000111001000101011,509.0,11000111001000101011
25,509.0,11000111001000101011,509.0,11000111001000101011
25,509.0,11000111001000101011,413.0,11001111110010101011
25,413.0,11001111110010101011,413.0,11001111110010101011
25,413.0,11001111110010101011,413.0,11001111110010101011
25,413.0,11001111110010101011,413.0,11001111110010101011
25,413.0,11001111110010101011,413.0,11001111110010101011
25,413.0,11001111110010101011,413.0,11001111110010101011
25,413.0,11001111110010101011,413.0,11001111110010101011
25,413.0,11001111110010101011,413.0,11001111110010101011
25,413.0,11001111110010101011,413.0,11001111110010101011
25,413.0,11001111110010101011,413.0,11001111110010101011
25,413.0,11001111110010101011,413.0,11001111110010101011
25,413.0,11001111110010101011,413.0,11001111110010101011
25,413.0,11001111110010101011,413.0,11001111110010101011
25,413.0,11001111110010101011,413.0,11001111110010101011
25,413.0,11001111110010101011,413.0,11001111110010101011
25,413.0,11001111110010101011,413.0,11001111110010101011
25,413.0,11001111110010101011,413.0,11001111110010101011
25,413.0,11001111110010101011,413.0,11001111110010101011
25,413.0,11001111110010101011,413.0,11001111110010101011
25,413.0,11001111110010101011,413.0,11001111110010101011
25,413.0,11001111110010101011,413.0,11001111110010101011
25,413.0,11001111110010101011,413.0,11001111110010101011
25,413.0,11001111110010101011,413.0,11001111110010101011
25,413.0,11001111110010101011,413.0,11001111110010101011
25,413.0,11001111110010101011,413.0,11001111110010101011
25,413.0,11001111110010101011,413.0,11001111110010101011
25,413.0,11001111110010101011,413.0,11001111110010101011
25,413.0,11001111110010101011,413.0,11001111110010101011
25,413.0,11001111110010101011,413.0,11001111110010101011
25,413.0,11001111110010101011,413.0,11001111110010101011
25,413.0,11001111110010101011,413.0,11001111110010101011
25,413.0,11001111110010101011,413.0,11001111110010101011
25,413.0,11001111110010101011,413.0,11001111110010101011
25,413.0,11001111110010101011,413.0,11001111110010101011
25,413.0,11001111110010101011,413.0,11001111110010101011
25,413.0,11001111110010101011,413.0,11001111110010101011
25,413.0,11001111110010101011,413.0,11001111110010101011
25,413.0,11001111110010101011,413.0,11001111110010101011
25,413.0,11001111110010101011,413.0,11001111110010101011
25,413.0,11001111110010101011,55.0,11000011110010001100
25,55.0,11000011110010001100,55.0,11000011110010001100
25,55.0,11000011110010001100,55.0,11000011110010001100
25,55.0,11000011110010001100,55.0,11000011110010001100
25,55.0,11000011110010001100,55.0,11000011110010001100
25,55.0,11000011110010001100,55.0,11000011110010001100
25,55.0,11000011110010001100,55.0,11000011110010001100
25,55.0,11000011110010001100,55.0,11000011110010001100
25,55.0,11000011110010001100,55.0,11000011110010001100
25,55.0,11000011110010001100,55.0,11000011110010001100
25,55.0,11000011110010001100,55.0,11000011110010001100
25,55.0,11000011110010001100,55.0,11000011110010001100
25,55.0,11000011110010001100,55.0,11000011110010001100
25,55.0,11000011110010001100,55.0,11000011110010001100
25,55.0,11000011110010001100,55.0,11000011110010001100
25,55.0,11000011110010001100,55.0,11000011110010001100
25,55.0,11000011110010001100,55.0,11000011110010001100
25,55.0,11000011110010001100,55.0,11000011110010001100
25,55.0,11000011110010001100,55.0,11000011110010001100
25,55.0,11000011110010001100,55.0,11000011110010001100
25,55.0,11000011110010001100,55.0,11000011110010001100
25,55.0,11000011110010001100,55.0,11000011110010001100
25,55.0,11000011110010001100,55.0,11000011110010001100
25,55.0,11000011110010001100,55.0,11000011110010001100
25,55.0,11000011110010001100,55.0,11000011110010001100
25,55.0,11000011110010001100,55.0,11000011110010001100
25,55.0,11000011110010001100,55.0,11000011110010001100
25,55.0,11000011110010001100,55.0,11000011110010001100
25,55.0,11000011110010001100,55.0,11000011110010001100
25,55.0,11000011110010001100,55.0,11000011110010001100
25,55.0,11000011110010001100,55.0,11000011110010001100
25,55.0,11000011110010001100,55.0,11000011110010001100
25,55.0,11000011110010001100,55.0,11000011110010001100
25,55.0,11000011110010001100,55.0,11000011110010001100
25,55.0,11000011110010001100,55.0,11000011110010001100
25,55.0,11000011110010001100,55.0,11000011110010001100
25,55.0,11000011110010001100,55.0,11000011110010001100
26,8193.0,11101110110110110011,8193.0,11101110110110110011
26,8193.0,11101110110110110011,8193.0,11101110110110110011
26,8193.0,11101110110110110011,2763.0,11110010110100100001
26,2763.0,11110010110100100001,2763.0,11110010110100100001
26,2763.0,11110010110100100001,2763.0,11110010110100100001
26,2763.0,11110010110100100001,653.0,11111110110010100000
26,653.0,11111110110010100000,653.0,11111110110010100000
26,653.0,11111110110010100000,653.0,11111110110010100000
26,653.0,11111110110010100000,107.0,10111010110011000010
26,107.0,10111010110011000010,107.0,10111010110011000010
26,107.0,10111010110011000010,107.0,10111010110011000010
26,107.0,10111010110011000010,107.0,10111010110011000010
26,107.0,10111010110011000010,107.0,10111010110011000010
26,107.0,10111010110011000010,107.0,10111010110011000010
26,107.0,10111010110011000010,107.0,10111010110011000010
26,107.0,10111010110011000010,107.0,10111010110011000010
26,107.0,10111010110011000010,107.0,10111010110011000010
26,107.0,10111010110011000010,107.0,10111010110011000010
26,107.0,10111010110011000010,107.0,10111010110011000010
26,107.0,10111010110011000010,107.0,10111010110011000010
26,107.0,10111010110011000010,11.0,10110010001001000010
26,11.0,10110010001001000010,11.0,10110010001001000010
26,11.0,10110010001001000010,11.0,10110010001001000010
26,11.0,10110010001001000010,11.0,10110010001001000010
26,11.0,10110010001001000010,11.0,10110010001001000010
26,11.0,10110010001001000010,11.0,10110010001001000010
26,11.0,10110010001001000010,11.0,10110010001001000010
26,11.0,10110010001001000010,11.0,10110010001001000010
26,11.0,10110010001001000010,11.0,10110010001001000010
26,11.0,10110010001001000010,11.0,10110010001001000010
26,11.0,10110010001001000010,11.0,10110010001001000010
26,11.0,10110010001001000010,11.0,10110010001001000010
26,11.0,10110010001001000010,11.0,10110010001001000010
26,11.0,10110010001001000010,11.0,10110010001001000010
26,11.0,10110010001001000010,11.0,10110010001001000010
26,11.0,10110010001001000010,11.0,10110010001001000010
26,11.0,10110010001001000010,11.0,10110010001001000010
26,11.0,10110010001001000010,11.0,10110010001001000010
26,11.0,10110010001001000010,11.0,10110010001001000010
26,11.0,10110010001001000010,11.0,10110010001001000010
26,11.0,10110010001001000010,11.0,10110010001001000010
26,11.0,10110010001001000010,11.0,10110010001001000010
26,11.0,10110010001001000010,11.0,10110010001001000010
26,11.0,10110010001001000010,11.0,10110010001001000010
26,11.0,10110010001001000010,11.0,10110010001001000010
26,11.0,10110010001001000010,11.0,10110010001001000010
26,11.0,10110010001001000010,11.0,10110010001001000010
26,11.0,10110010001001000010,11.0,10110010001001000010
26,11.0,10110010001001000010,11.0,10110010001001000010
26,11.0,10110010001001000010,11.0,10110010001001000010
26,11.0,10110010001001000010,11.0,10110010001001000010
26,11.0,10110010001001000010,11.0,10110010001001000010
26,11.0,10110010001001000010,11.0,10110010001001000010
26,11.0,10110010001001000010,11.0,10110010001001000010
26,11.0,10110010001001000010,11.0,10110010001001000010
26,11.0,10110010001001000010,11.0,10110010001001000010
26,11.0,10110010001001000010,11.0,10110010001001000010
26,11.0,10110010001001000010,11.0,10110010001001000010
26,11.0,10110010001001000010,11.0,10110010001001000010
26,11.0,10110010001001000010,11.0,10110010001001000010
26,11.0,10110010001001000010,11.0,10110010001001000010
26,11.0,10110010001001000010,11.0,10110010001001000010
26,11.0,10110010001001000010,11.0,10110010001001000010
26,11.0,10110010001001000010,11.0,10110010001001000010
26,11.0,10110010001001000010,11.0,10110010001001000010
26,11.0,10110010001001000010,11.0,10110010001001000010
26,11.0,10110010001001000010,11.0,10110010001001000010
26,11.0,10110010001001000010,11.0,10110010001001000010
26,11.0,10110010001001000010,11.0,10110010001001000010
26,11.0,10110010001001000010,11.0,10110010001001000010
26,11.0,10110010001001000010,11.0,10110010001001000010
26,11.0,10110010001001000010,11.0,10110010001001000010
26,11.0,10110010001001000010,11.0,10110010001001000010
26,11.0,10110010001001000010,11.0,10110010001001000010
26,11.0,10110010001001000010,11.0,10110010001001000010
26,11.0,10110010001001000010,11.0,10110010001001000010
26,11.0,10110010001001000010,11.0,10110010001001000010
27,16723.0,10100101110110110100,8079.0,10101111110110100010
27,8079.0,10101111110110100010,4709.0,00100111111100100000
27,4709.0,00100111111100100000,4709.0,00100111111100100000
27,4709.0,00100111111100100000,1761.0,00110110111100100000
27,1761.0,00110110111100100000,801.0,00111010110101010000
27,801.0,00111010110101010000,801.0,00111010110101010000
27,801.0,00111010110101010000,801.0,00111010110101010000
27,801.0,00111010110101010000,801.0,00111010110101010000
27,801.0,00111010110101010000,801.0,00111010110101010000
27,801.0,00111010110101010000,801.0,00111010110101010000
27,801.0,00111010110101010000,801.0,00111010110101010000
27,801.0,00111010110101010000,801.0,00111010110101010000
27,801.0,00111010110101010000,801.0,00111010110101010000
27,801.0,00111010110101010000,801.0,00111010110101010000
27,801.0,00111010110101010000,801.0,00111010110101010000
27,801.0,00111010110101010000,509.0,00111000110111010100
27,509.0,00111000110111010100,509.0,00111000110111010100
27,509.0,00111000110111010100,509.0,00111000110111010100
27,509.0,00111000110111010100,509.0,00111000110111010100
27,509.0,00111000110111010100,413.0,00110000001101010100
27,413.0,00110000001101010100,413.0,00110000001101010100
27,413.0,00110000001101010100,413.0,00110000001101010100
27,413.0,00110000001101010100,413.0,00110000001101010100
27,413.0,00110000001101010100,413.0,00110000001101010100
27,413.0,00110000001101010100,413.0,00110000001101010100
27,413.0,00110000001101010100,413.0,00110000001101010100
27,413.0,00110000001101010100,413.0,00110000001101010100
27,413.0,00110000001101010100,413.0,00110000001101010100
27,413.0,00110000001101010100,413.0,00110000001101010100
27,413.0,00110000001101010100,413.0,00110000001101010100
27,413.0,00110000001101010100,413.0,00110000001101010100
27,413.0,00110000001101010100,413.0,00110000001101010100
27,413.0,00110000001101010100,413.0,00110000001101010100
27,413.0,00110000001101010100,413.0,00110000001101010100
27,413.0,00110000001101010100,413.0,00110000001101010100
27,413.0,00110000001101010100,413.0,00110000001101010100
27,413.0,00110000001101010100,413.0,00110000001101010100
27,413.0,00110000001101010100,413.0,00110000001101010100
27,413.0,00110000001101010100,413.0,00110000001101010100
27,413.0,00110000001101010100,413.0,00110000001101010100
27,413.0,00110000001101010100,413.0,00110000001101010100
27,413.0,00110000001101010100,413.0,00110000001101010100
27,413.0,00110000001101010100,413.0,00110000001101010100
27,413.0,00110000001101010100,413.0,00110000001101010100
27,413.0,00110000001101010100,413.0,00110000001101010100
27,413.0,00110000001101010100,413.0,00110000001101010100
27,413.0,00110000001101010100,413.0,00110000001101010100
27,413.0,00110000001101010100,413.0,00110000001101010100
27,413.0,00110000001101010100,413.0,00110000001101010100
27,413.0,00110000001101010100,413.0,00110000001101010100
27,413.0,00110000001101010100,413.0,00110000001101010100
27,413.0,00110000001101010100,413.0,00110000001101010100
27,413.0,00110000001101010100,413.0,00110000001101010100
27,413.0,00110000001101010100,413.0,00110000001101010100
27,413.0,00110000001101010100,55.0,00111100001101110011
27,55.0,00111100001101110011,55.0,00111100001101110011
27,55.0,00111100001101110011,55.0,00111100001101110011
27,55.0,00111100001101110011,55.0,00111100001101110011
27,55.0,00111100001101110011,55.0,00111100001101110011
27,55.0,00111100001101110011,55.0,00111100001101110011
27,55.0,00111100001101110011,55.0,00111100001101110011
27,55.0,00111100001101110011,55.0,00111100001101110011
27,55.0,00111100001101110011,55.0,00111100001101110011
27,55.0,00111100001101110011,55.0,00111100001101110011
27,55.0,00111100001101110011,55.0,00111100001101110011
27,55.0,00111100001101110011,55.0,00111100001101110011
27,55.0,00111100001101110011,55.0,00111100001101110011
27,55.0,00111100001101110011,55.0,00111100001101110011
27,55.0,00111100001101110011,55.0,00111100001101110011
27,55.0,00111100001101110011,55.0,00111100001101110011
27,55.0,00111100001101110011,55.0,00111100001101110011
27,55.0,00111100001101110011,55.0,00111100001101110011
27,55.0,00111100001101110011,55.0,00111100001101110011
27,55.0,00111100001101110011,55.0,00111100001101110011
27,55.0,00111100001101110011,55.0,00111100001101110011
27,55.0,00111100001101110011,55.0,00111100001101110011
27,55.0,00111100001101110011,55.0,00111100001101110011
27,55.0,00111100001101110011,55.0,00111100001101110011
27,55.0,00111100001101110011,55.0,00111100001101110011
27,55.0,00111100001101110011,55.0,00111100001101110011
27,55.0,00111100001101110011,55.0,00111100001101110011
27,55.0,00111100001101110011,55.0,00111100001101110011
27,55.0,00111100001101110011,55.0,00111100001101110011
27,55.0,00111100001101110011,55.0,00111100001101110011
27,55.0,00111100001101110011,11.0,10110010001001000010
27,11.0,10110010001001000010,11.0,10110010001001000010
27,11.0,10110010001001000010,11.0,10110010001001000010
27,11.0,10110010001001000010,11.0,10110010001001000010
27,11.0,10110010001001000010,11.0,10110010001001000010
27,11.0,10110010001001000010,11.0,10110010001001000010
27,11.0,10110010001001000010,11.0,10110010001001000010
27,11.0,10110010001001000010,11.0,10110010001001000010
27,11.0,10110010001001000010,11.0,10110010001001000010
27,11.0,10110010001001000010,11.0,10110010001001000010
27,11.0,10110010001001000010,11.0,10110010001001000010
27,11.0,10110010001001000010,11.0,10110010001001000010
27,11.0,10110010001001000010,11.0,10110010001001000010
27,11.0,10110010001001000010,11.0,10110010001001000010
27,11.0,10110010001001000010,11.0,10110010001001000010
27,11.0,10110010001001000010,11.0,10110010001001000010
27,11.0,10110010001001000010,11.0,10110010001001000010
27,11.0,10110010001001000010,11.0,10110010001001000010
27,11.0,10110010001001000010,11.0,10110010001001000010
27,11.0,10110010001001000010,11.0,10110010001001000010
27,11.0,10110010001001000010,11.0,10110010001001000010
27,11.0,10110010001001000010,11.0,10110010001001000010
27,11.0,10110010001001000010,11.0,10110010001001000010
27,11.0,10110010001001000010,11.0,10110010001001000010
27,11.0,10110010001001000010,11.0,10110010001001000010
27,11.0,10110010001001000010,11.0,10110010001001000010
27,11.0,10110010001001000010,11.0,10110010001001000010
27,11.0,10110010001001000010,11.0,10110010001001000010
27,11.0,10110010001001000010,11.0,10110010001001000010
27,11.0,10110010001001000010,11.0,10110010001001000010
27,11.0,10110010001001000010,11.0,10110010001001000010
27,11.0,10110010001001000010,11.0,10110010001001000010
27,11.0,10110010001001000010,11.0,10110010001001000010
27,11.0,10110010001001000010,11.0,10110010001001000010
27,11.0,10110010001001000010,11.0,10110010001001000010
27,11.0,10110010001001000010,11.0,10110010001001000010
27,11.0,10110010001001000010,11.0,10110010001001000010
27,11.0,10110010001001000010,11.0,10110010001001000010
27,11.0,10110010001001000010,11.0,10110010001001000010
27,11.0,10110010001001000010,11.0,10110010001001000010
27,11.0,10110010001001000010,11.0,10110010001001000010
27,11.0,10110010001001000010,11.0,10110010001001000010
27,11.0,10110010001001000010,11.0,10110010001001000010
27,11.0,10110010001001000010,11.0,10110010001001000010
27,11.0,10110010001001000010,11.0,10110010001001000010
27,11.0,10110010001001000010,11.0,10110010001001000010
27,11.0,10110010001001000010,11.0,10110010001001000010
27,11.0,10110010001001000010,11.0,10110010001001000010
27,11.0,10110010001001000010,11.0,10110010001001000010
27,11.0,10110010001001000010,11.0,10110010001001000010
27,11.0,10110010001001000010,11.0,10110010001001000010
27,11.0,10110010001001000010,11.0,10110010001001000010
27,11.0,10110010001001000010,11.0,10110010001001000010
27,11.0,10110010001001000010,11.0,10110010001001000010
27,11.0,10110010001001000010,11.0,10110010001001000010
27,11.0,10110010001001000010,11.0,10110010001001000010
27,11.0,10110010001001000010,11.0,10110010001001000010
28,18331.0,11010100100111100111,17845.0,11010001100001100101
28,17845.0,11010001100001100101,10109.0,11010011100000100101
28,10109.0,11010011100000100101,10109.0,11010011100000100101
28,10109.0,11010011100000100101,10109.0,11010011100000100101
28,10109.0,11010011100000100101,10109.0,11010011100000100101
28,10109.0,11010011100000100101,5479.0,10011011100000110110
28,5479.0,10011011100000110110,5479.0,10011011100000110110
28,5479.0,10011011100000110110,1905.0,10001111101000110101
28,1905.0,10001111101000110101,1419.0,10001101111100110111
28,1419.0,10001101111100110111,1419.0,10001101111100110111
28,1419.0,10001101111100110111,1157.0,01000101011110110110
28,1157.0,01000101011110110110,11.0,01001101110110111101
28,11.0,01001101110110111101,11.0,01001101110110111101
28,11.0,01001101110110111101,11.0,01001101110110111101
28,11.0,01001101110110111101,11.0,01001101110110111101
28,11.0,01001101110110111101,11.0,01001101110110111101
28,11.0,01001101110110111101,11.0,01001101110110111101
28,11.0,01001101110110111101,11.0,01001101110110111101
28,11.0,01001101110110111101,11.0,01001101110110111101
28,11.0,01001101110110111101,11.0,01001101110110111101
28,11.0,01001101110110111101,11.0,01001101110110111101
28,11.0,01001101110110111101,11.0,01001101110110111101
28,11.0,01001101110110111101,11.0,01001101110110111101
28,11.0,01001101110110111101,11.0,01001101110110111101
28,11.0,01001101110110111101,11.0,01001101110110111101
28,11.0,01001101110110111101,11.0,01001101110110111101
28,11.0,01001101110110111101,11.0,01001101110110111101
28,11.0,01001101110110111101,11.0,01001101110110111101
28,11.0,01001101110110111101,11.0,01001101110110111101
28,11.0,01001101110110111101,11.0,01001101110110111101
28,11.0,01001101110110111101,11.0,01001101110110111101
28,11.0,01001101110110111101,11.0,01001101110110111101
28,11.0,01001101110110111101,11.0,01001101110110111101
28,11.0,01001101110110111101,11.0,01001101110110111101
28,11.0,01001101110110111101,11.0,01001101110110111101
28,11.0,01001101110110111101,11.0,01001101110110111101
28,11.0,01001101110110111101,11.0,01001101110110111101
28,11.0,01001101110110111101,11.0,01001101110110111101
28,11.0,01001101110110111101,11.0,01001101110110111101
28,11.0,01001101110110111101,11.0,01001101110110111101
28,11.0,01001101110110111101,11.0,01001101110110111101
28,11.0,01001101110110111101,11.0,01001101110110111101
28,11.0,01001101110110111101,11.0,01001101110110111101
28,11.0,01001101110110111101,11.0,01001101110110111101
28,11.0,01001101110110111101,11.0,01001101110110111101
28,11.0,01001101110110111101,11.0,01001101110110111101
28,11.0,01001101110110111101,11.0,01001101110110111101
28,11.0,01001101110110111101,11.0,01001101110110111101
28,11.0,01001101110110111101,11.0,01001101110110111101
28,11.0,01001101110110111101,11.0,01001101110110111101
28,11.0,01001101110110111101,11.0,01001101110110111101
28,11.0,01001101110110111101,11.0,01001101110110111101
28,11.0,01001101110110111101,11.0,01001101110110111101
28,11.0,01001101110110111101,11.0,01001101110110111101
28,11.0,01001101110110111101,11.0,01001101110110111101
28,11.0,01001101110110111101,11.0,01001101110110111101
28,11.0,01001101110110111101,11.0,01001101110110111101
29,3473.0,10000111101000001110,909.0,00001111101000011111
29,909.0,00001111101000011111,909.0,00001111101000011111
29,909.0,00001111101000011111,797.0,10001111100100011110
29,797.0,10001111100100011110,759.0,00101011100000111111
29,759.0,00101011100000111111,395.0,01101001110000111111
29,395.0,01101001110000111111,395.0,01101001110000111111
29,395.0,01101001110000111111,395.0,01101001110000111111
29,395.0,01101001110000111111,395.0,01101001110000111111
29,395.0,01101001110000111111,11.0,01001101110110111101
29,11.0,01001101110110111101,11.0,01001101110110111101
29,11.0,01001101110110111101,11.0,01001101110110111101
29,11.0,01001101110110111101,11.0,01001101110110111101
29,11.0,01001101110110111101,11.0,01001101110110111101
29,11.0,01001101110110111101,11.0,01001101110110111101
29,11.0,01001101110110111101,11.0,01001101110110111101
29,11.0,01001101110110111101,11.0,01001101110110111101
29,11.0,01001101110110111101,11.0,01001101110110111101
29,11.0,01001101110110111101,11.0,01001101110110111101
29,11.0,01001101110110111101,11.0,01001101110110111101
29,11.0,01001101110110111101,11.0,01001101110110111101
29,11.0,01001101110110111101,11.0,01001101110110111101
29,11.0,01001101110110111101,11.0,01001101110110111101
29,11.0,01001101110110111101,11.0,01001101110110111101
29,11.0,01001101110110111101,11.0,01001101110110111101
29,11.0,01001101110110111101,11.0,01001101110110111101
29,11.0,01001101110110111101,11.0,01001101110110111101
29,11.0,01001101110110111101,11.0,01001101110110111101
29,11.0,01001101110110111101,11.0,01001101110110111101
29,11.0,01001101110110111101,11.0,01001101110110111101
29,11.0,01001101110110111101,11.0,01001101110110111101
29,11.0,01001101110110111101,11.0,01001101110110111101
29,11.0,01001101110110111101,11.0,01001101110110111101
29,11.0,01001101110110111101,11.0,01001101110110111101
29,11.0,01001101110110111101,11.0,01001101110110111101
29,11.0,01001101110110111101,11.0,01001101110110111101
29,11.0,01001101110110111101,11.0,01001101110110111101
29,11.0,01001101110110111101,11.0,01001101110110111101
29,11.0,01001101110110111101,11.0,01001101110110111101
29,11.0,01001101110110111101,11.0,01001101110110111101
29,11.0,01001101110110111101,11.0,01001101110110111101
29,11.0,01001101110110111101,11.0,01001101110110111101
29,11.0,01001101110110111101,11.0,01001101110110111101
29,11.0,01001101110110111101,11.0,01001101110110111101
29,11.0,01001101110110111101,11.0,01001101110110111101
29,11.0,01001101110110111101,11.0,01001101110110111101
29,11.0,01001101110110111101,11.0,01001101110110111101
29,11.0,01001101110110111101,11.0,01001101110110111101
29,11.0,01001101110110111101,11.0,01001101110110111101
29,11.0,01001101110110111101,11.0,01001101110110111101
29,11.0,01001101110110111101,11.0,01001101110110111101
29,11.0,01001101110110111101,11.0,01001101110110111101
29,11.0,01001101110110111101,11.0,01001101110110111101
29,11.0,01001101110110111101,11.0,01001101110110111101
29,11.0,01001101110110111101,11.0,01001101110110111101
29,11.0,01001101110110111101,11.0,01001101110110111101
29,11.0,01001101110110111101,11.0,01001101110110111101
29,11.0,01001101110110111101,11.0,01001101110110111101
29,11.0,01001101110110111101,11.0,01001101110110111101
29,11.0,01001101110110111101,11.0,01001101110110111101
29,11.0,01001101110110111101,11.0,01001101110110111101
29,11.0,01001101110110111101,11.0,01001101110110111101
29,11.0,01001101110110111101,11.0,01001101110110111101
30,15181.0,11101010000111001001,1157.0,10111010100001001001
30,1157.0,10111010100001001001,1157.0,10111010100001001001
30,1157.0,10111010100001001001,1157.0,10111010100001001001
30,1157.0,10111010100001001001,1157.0,10111010100001001001
30,1157.0,10111010100001001001,1157.0,10111010100001001001
30,1157.0,10111010100001001001,1157.0,10111010100001001001
30,1157.0,10111010100001001001,1157.0,10111010100001001001
30,1157.0,10111010100001001001,1157.0,10111010100001001001
30,1157.0,10111010100001001001,1157.0,10111010100001001001
30,1157.0,10111010100001001001,361.0,10011010100111001010
30,361.0,10011010100111001010,361.0,10011010100111001010
30,361.0,10011010100111001010,361.0,10011010100111001010
30,361.0,10011010100111001010,361.0,10011010100111001010
30,361.0,10011010100111001010,361.0,10011010100111001010
30,361.0,10011010100111001010,361.0,10011010100111001010
30,361.0,10011010100111001010,361.0,10011010100111001010
30,361.0,10011010100111001010,361.0,10011010100111001010
30,361.0,10011010100111001010,361.0,10011010100111001010
30,361.0,10011010100111001010,361.0,10011010100111001010
30,361.0,10011010100111001010,361.0,10011010100111001010
30,361.0,10011010100111001010,361.0,10011010100111001010
30,361.0,10011010100111001010,361.0,10011010100111001010
30,361.0,10011010100111001010,361.0,10011010100111001010
30,361.0,10011010100111001010,361.0,10011010100111001010
30,361.0,10011010100111001010,361.0,10011010100111001010
31,112621.0,10011100101001011011,12487.0,00010110101001101001
31,12487.0,00010110101001101001,3207.0,11010000101001101000
31,3207.0,11010000101001101000,1377.0,11011000101010111011
31,1377.0,11011000101010111011,1017.0,01011010101010010111
31,1017.0,01011010101010010111,139.0,00010011001010100111
31,139.0,00010011001010100111,139.0,00010011001010100111
31,139.0,00010011001010100111,139.0,00010011001010100111
31,139.0,00010011001010100111,139.0,00010011001010100111
31,139.0,00010011001010100111,139.0,00010011001010100111
31,139.0,00010011001010100111,139.0,00010011001010100111
31,139.0,00010011001010100111,139.0,00010011001010100111
31,139.0,00010011001010100111,139.0,00010011001010100111
31,139.0,00010011001010100111,139.0,00010011001010100111
31,139.0,00010011001010100111,139.0,00010011001010100111
31,139.0,00010011001010100111,139.0,00010011001010100111
31,139.0,00010011001010100111,139.0,00010011001010100111
31,139.0,00010011001010100111,139.0,00010011001010100111
31,139.0,00010011001010100111,139.0,00010011001010100111
31,139.0,00010011001010100111,139.0,00010011001010100111
31,139.0,00010011001010100111,139.0,00010011001010100111
31,139.0,00010011001010100111,139.0,00010011001010100111
31,139.0,00010011001010100111,139.0,00010011001010100111
32,21939.0,01100001110001011011,21939.0,01100001110001011011
32,21939.0,01100001110001011011,18991.0,01110000110001011011
32,18991.0,01110000110001011011,2207.0,11110100101100010000
32,2207.0,11110100101100010000,1051.0,11111100101010010011
32,1051.0,11111100101010010011,1051.0,11111100101010010011
32,1051.0,11111100101010010011,1051.0,11111100101010010011
32,1051.0,11111100101010010011,855.0,11111000101001000011
32,855.0,11111000101001000011,855.0,11111000101001000011
32,855.0,11111000101001000011,855.0,11111000101001000011
32,855.0,11111000101001000011,855.0,11111000101001000011
32,855.0,11111000101001000011,855.0,11111000101001000011
32,855.0,11111000101001000011,855.0,11111000101001000011
32,855.0,11111000101001000011,449.0,11011100101111000001
32,449.0,11011100101111000001,449.0,11011100101111000001
32,449.0,11011100101111000001,449.0,11011100101111000001
32,449.0,11011100101111000001,449.0,11011100101111000001
32,449.0,11011100101111000001,449.0,11011100101111000001
32,449.0,11011100101111000001,449.0,11011100101111000001
32,449.0,11011100101111000001,449.0,11011100101111000001
32,449.0,11011100101111000001,449.0,11011100101111000001
32,449.0,11011100101111000001,449.0,11011100101111000001
32,449.0,11011100101111000001,143.0,11011100001101000100
32,143.0,11011100001101000100,143.0,11011100001101000100
32,143.0,11011100001101000100,143.0,11011100001101000100
32,143.0,11011100001101000100,143.0,11011100001101000100
32,143.0,11011100001101000100,143.0,11011100001101000100
32,143.0,11011100001101000100,143.0,11011100001101000100
32,143.0,11011100001101000100,143.0,11011100001101000100
32,143.0,11011100001101000100,143.0,11011100001101000100
32,143.0,11011100001101000100,143.0,11011100001101000100
32,143.0,11011100001101000100,143.0,11011100001101000100
32,143.0,11011100001101000100,143.0,11011100001101000100
32,143.0,11011100001101000100,143.0,11011100001101000100
32,143.0,11011100001101000100,143.0,11011100001101000100
32,143.0,11011100001101000100,143.0,11011100001101000100
32,143.0,11011100001101000100,143.0,11011100001101000100
32,143.0,11011100001101000100,143.0,11011100001101000100
32,143.0,11011100001101000100,143.0,11011100001101000100
32,143.0,11011100001101000100,143.0,11011100001101000100
32,143.0,11011100001101000100,143.0,11011100001101000100
33,102005.0,10101011100100101011,5011.0,10100011000111100000
33,5011.0,10100011000111100000,5011.0,10100011000111100000
33,5011.0,10100011000111100000,227.0,11100111000011000001
33,227.0,11100111000011000001,227.0,11100111000011000001
33,227.0,11100111000011000001,227.0,11100111000011000001
33,227.0,11100111000011000001,227.0,11100111000011000001
33,227.0,11100111000011000001,227.0,11100111000011000001
33,227.0,11100111000011000001,227.0,11100111000011000001
33,227.0,11100111000011000001,227.0,11100111000011000001
33,227.0,11100111000011000001,227.0,11100111000011000001
33,227.0,11100111000011000001,227.0,11100111000011000001
33,227.0,11100111000011000001,227.0,11100111000011000001
33,227.0,11100111000011000001,227.0,11100111000011000001
33,227.0,11100111000011000001,227.0,11100111000011000001
33,227.0,11100111000011000001,227.0,11100111000011000001
34,30895.0,10100111100100101010,5251.0,00101111011000101000
34,5251.0,00101111011000101000,3527.0,01001111011000011010
34,3527.0,01001111011000011010,217.0,11000011010000011111
34,217.0,11000011010000011111,55.0,11000011110010001100
34,55.0,11000011110010001100,55.0,11000011110010001100
34,55.0,11000011110010001100,55.0,11000011110010001100
34,55.0,11000011110010001100,55.0,11000011110010001100
34,55.0,11000011110010001100,55.0,11000011110010001100
34,55.0,11000011110010001100,55.0,11000011110010001100
34,55.0,11000011110010001100,55.0,11000011110010001100
34,55.0,11000011110010001100,55.0,11000011110010001100
34,55.0,11000011110010001100,55.0,11000011110010001100
34,55.0,11000011110010001100,55.0,11000011110010001100
34,55.0,11000011110010001100,55.0,11000011110010001100
34,55.0,11000011110010001100,55.0,11000011110010001100
34,55.0,11000011110010001100,55.0,11000011110010001100
34,55.0,11000011110010001100,55.0,11000011110010001100
34,55.0,11000011110010001100,55.0,11000011110010001100
34,55.0,11000011110010001100,55.0,11000011110010001100
34,55.0,11000011110010001100,55.0,11000011110010001100
34,55.0,11000011110010001100,55.0,11000011110010001100
34,55.0,11000011110010001100,55.0,11000011110010001100
34,55.0,11000011110010001100,55.0,11000011110010001100
34,55.0,11000011110010001100,55.0,11000011110010001100
34,55.0,11000011110010001100,55.0,11000011110010001100
34,55.0,11000011110010001100,55.0,11000011110010001100
34,55.0,11000011110010001100,55.0,11000011110010001100
34,55.0,11000011110010001100,55.0,11000011110010001100
34,55.0,11000011110010001100,55.0,11000011110010001100
34,55.0,11000011110010001100,55.0,11000011110010001100
34,55.0,11000011110010001100,55.0,11000011110010001100
34,55.0,11000011110010001100,55.0,11000011110010001100
34,55.0,11000011110010001100,55.0,11000011110010001100
34,55.0,11000011110010001100,55.0,11000011110010001100
34,55.0,11000011110010001100,55.0,11000011110010001100
35,24767.0,00011010111110100101,16081.0,10010110111110100000
35,16081.0,10010110111110100000,10843.0,10010010111011000000
35,10843.0,10010010111011000000,3477.0,00110010111001000000
35,3477.0,00110010111001000000,11.0,10110010001001000010
35,11.0,10110010001001000010,11.0,10110010001001000010
35,11.0,10110010001001000010,11.0,10110010001001000010
35,11.0,10110010001001000010,11.0,10110010001001000010
35,11.0,10110010001001000010,11.0,10110010001001000010
35,11.0,10110010001001000010,11.0,10110010001001000010
35,11.0,10110010001001000010,11.0,10110010001001000010
35,11.0,10110010001001000010,11.0,10110010001001000010
35,11.0,10110010001001000010,11.0,10110010001001000010
35,11.0,10110010001001000010,11.0,10110010001001000010
35,11.0,10110010001001000010,11.0,10110010001001000010
35,11.0,10110010001001000010,11.0,10110010001001000010
35,11.0,10110010001001000010,11.0,10110010001001000010
35,11.0,10110010001001000010,11.0,10110010001001000010
35,11.0,10110010001001000010,11.0,10110010001001000010
35,11.0,10110010001001000010,11.0,10110010001001000010
35,11.0,10110010001001000010,11.0,10110010001001000010
35,11.0,10110010001001000010,11.0,10110010001001000010
35,11.0,10110010001001000010,11.0,10110010001001000010
35,11.0,10110010001001000010,11.0,10110010001001000010
35,11.0,10110010001001000010,11.0,10110010001001000010
35,11.0,10110010001001000010,11.0,10110010001001000010
35,11.0,10110010001001000010,11.0,10110010001001000010
35,11.0,10110010001001000010,11.0,10110010001001000010
35,11.0,10110010001001000010,11.0,10110010001001000010
35,11.0,10110010001001000010,11.0,10110010001001000010
35,11.0,10110010001001000010,11.0,10110010001001000010
35,11.0,10110010001001000010,11.0,10110010001001000010
35,11.0,10110010001001000010,11.0,10110010001001000010
35,11.0,10110010001001000010,11.0,10110010001001000010
35,11.0,10110010001001000010,11.0,10110010001001000010
35,11.0,10110010001001000010,11.0,10110010001001000010
35,11.0,10110010001001000010,11.0,10110010001001000010
35,11.0,10110010001001000010,11.0,10110010001001000010
35,11.0,10110010001001000010,11.0,10110010001001000010
35,11.0,10110010001001000010,11.0,10110010001001000010
35,11.0,10110010001001000010,11.0,10110010001001000010
35,11.0,10110010001001000010,11.0,10110010001001000010
35,11.0,10110010001001000010,11.0,10110010001001000010
35,11.0,10110010001001000010,11.0,10110010001001000010
35,11.0,10110010001001000010,11.0,10110010001001000010
35,11.0,10110010001001000010,11.0,10110010001001000010
35,11.0,10110010001001000010,11.0,10110010001001000010
35,11.0,10110010001001000010,11.0,10110010001001000010
35,11.0,10110010001001000010,11.0,10110010001001000010
35,11.0,10110010001001000010,11.0,10110010001001000010
35,11.0,10110010001001000010,11.0,10110010001001000010
35,11.0,10110010001001000010,11.0,10110010001001000010
35,11.0,10110010001001000010,11.0,10110010001001000010
35,11.0,10110010001001000010,11.0,10110010001001000010
35,11.0,10110010001001000010,11.0,10110010001001000010
35,11.0,10110010001001000010,11.0,10110010001001000010
36,10429.0,11010101000110011000,8075.0,11010101000100111001
36,8075.0,11010101000100111001,5213.0,00110101100100111000
36,5213.0,00110101100100111000,5213.0,00110101100100111000
36,5213.0,00110101100100111000,249.0,00010111100010111010
36,249.0,00010111100010111010,157.0,00110010100110111000
36,157.0,00110010100110111000,157.0,00110010100110111000
36,157.0,00110010100110111000,103.0,00111010001100101001
36,103.0,00111010001100101001,103.0,00111010001100101001
36,103.0,00111010001100101001,103.0,00111010001100101001
36,103.0,00111010001100101001,103.0,00111010001100101001
36,103.0,00111010001100101001,103.0,00111010001100101001
36,103.0,00111010001100101001,103.0,00111010001100101001
36,103.0,00111010001100101001,103.0,00111010001100101001
36,103.0,00111010001100101001,103.0,00111010001100101001
36,103.0,00111010001100101001,103.0,00111010001100101001
36,103.0,00111010001100101001,103.0,00111010001100101001
36,103.0,00111010001100101001,103.0,00111010001100101001
36,103.0,00111010001100101001,103.0,00111010001100101001
36,103.0,00111010001100101001,103.0,00111010001100101001
36,103.0,00111010001100101001,103.0,00111010001100101001
36,103.0,00111010001100101001,103.0,00111010001100101001
36,103.0,00111010001100101001,103.0,00111010001100101001
36,103.0,00111010001100101001,103.0,00111010001100101001
36,103.0,00111010001100101001,103.0,00111010001100101001
36,103.0,00111010001100101001,103.0,00111010001100101001
36,103.0,00111010001100101001,103.0,00111010001100101001
36,103.0,00111010001100101001,103.0,00111010001100101001
36,103.0,00111010001100101001,103.0,00111010001100101001
36,103.0,00111010001100101001,103.0,00111010001100101001
36,103.0,00111010001100101001,103.0,00111010001100101001
36,103.0,00111010001100101001,103.0,00111010001100101001
36,103.0,00111010001100101001,11.0,00011111001000101011
36,11.0,00011111001000101011,11.0,00011111001000101011
36,11.0,00011111001000101011,11.0,00011111001000101011
36,11.0,00011111001000101011,11.0,00011111001000101011
36,11.0,00011111001000101011,11.0,00011111001000101011
36,11.0,00011111001000101011,11.0,00011111001000101011
36,11.0,00011111001000101011,11.0,00011111001000101011
36,11.0,00011111001000101011,11.0,00011111001000101011
36,11.0,00011111001000101011,11.0,00011111001000101011
36,11.0,00011111001000101011,11.0,00011111001000101011
36,11.0,00011111001000101011,11.0,00011111001000101011
36,11.0,00011111001000101011,11.0,00011111001000101011
36,11.0,00011111001000101011,11.0,00011111001000101011
36,11.0,00011111001000101011,11.0,00011111001000101011
36,11.0,00011111001000101011,11.0,00011111001000101011
36,11.0,00011111001000101011,11.0,00011111001000101011
36,11.0,00011111001000101011,11.0,00011111001000101011
36,11.0,00011111001000101011,11.0,00011111001000101011
36,11.0,00011111001000101011,11.0,00011111001000101011
36,11.0,00011111001000101011,11.0,00011111001000101011
36,11.0,00011111001000101011,11.0,00011111001000101011
36,11.0,00011111001000101011,11.0,00011111001000101011
36,11.0,00011111001000101011,11.0,00011111001000101011
36,11.0,00011111001000101011,11.0,00011111001000101011
36,11.0,00011111001000101011,11.0,00011111001000101011
36,11.0,00011111001000101011,11.0,00011111001000101011
36,11.0,00011111001000101011,11.0,00011111001000101011
36,11.0,00011111001000101011,11.0,00011111001000101011
36,11.0,00011111001000101011,11.0,00011111001000101011
36,11.0,00011111001000101011,11.0,00011111001000101011
36,11.0,00011111001000101011,11.0,00011111001000101011
36,11.0,00011111001000101011,11.0,00011111001000101011
36,11.0,00011111001000101011,11.0,00011111001000101011
36,11.0,00011111001000101011,11.0,00011111001000101011
36,11.0,00011111001000101011,11.0,00011111001000101011
36,11.0,00011111001000101011,11.0,00011111001000101011
36,11.0,00011111001000101011,11.0,00011111001000101011
36,11.0,00011111001000101011,11.0,00011111001000101011
36,11.0,00011111001000101011,11.0,00011111001000101011
36,11.0,00011111001000101011,11.0,00011111001000101011
36,11.0,00011111001000101011,11.0,00011111001000101011
36,11.0,00011111001000101011,11.0,00011111001000101011
36,11.0,00011111001000101011,11.0,00011111001000101011
36,11.0,00011111001000101011,11.0,00011111001000101011
36,11.0,00011111001000101011,11.0,00011111001000101011
36,11.0,00011111001000101011,11.0,00011111001000101011
36,11.0,00011111001000101011,11.0,00011111001000101011
36,11.0,00011111001000101011,11.0,00011111001000101011
36,11.0,00011111001000101011,11.0,00011111001000101011
36,11.0,00011111001000101011,11.0,00011111001000101011
36,11.0,00011111001000101011,11.0,00011111001000101011
36,11.0,00011111001000101011,11.0,00011111001000101011
37,3547.0,00010101101110101001,2937.0,00011101001110011010
37,2937.0,00011101001110011010,2937.0,00011101001110011010
37,2937.0,00011101001110011010,2937.0,00011101001110011010
37,2937.0,00011101001110011010,2401.0,10010100011110111001
37,2401.0,10010100011110111001,2401.0,10010100011110111001
37,2401.0,10010100011110111001,1941.0,10011101001110110000
37,1941.0,10011101001110110000,173.0,10110101001010100011
37,173.0,10110101001010100011,173.0,10110101001010100011
37,173.0,10110101001010100011,173.0,10110101001010100011
37,173.0,10110101001010100011,173.0,10110101001010100011
37,173.0,10110101001010100011,173.0,10110101001010100011
37,173.0,10110101001010100011,173.0,10110101001010100011
37,173.0,10110101001010100011,173.0,10110101001010100011
37,173.0,10110101001010100011,173.0,10110101001010100011
37,173.0,10110101001010100011,173.0,10110101001010100011
37,173.0,10110101001010100011,173.0,10110101001010100011
37,173.0,10110101001010100011,173.0,10110101001010100011
37,173.0,10110101001010100011,173.0,10110101001010100011
37,173.0,10110101001010100011,173.0,10110101001010100011
37,173.0,10110101001010100011,173.0,10110101001010100011
37,173.0,10110101001010100011,173.0,10110101001010100011
37,173.0,10110101001010100011,173.0,10110101001010100011
37,173.0,10110101001010100011,173.0,10110101001010100011
38,21371.0,10110000001110011000,7561.0,10110000001110010110
38,7561.0,10110000001110010110,7561.0,10110000001110010110
38,7561.0,10110000001110010110,413.0,00110000001101010100
38,413.0,00110000001101010100,413.0,00110000001101010100
38,413.0,00110000001101010100,413.0,00110000001101010100
38,413.0,00110000001101010100,413.0,00110000001101010100
38,413.0,00110000001101010100,413.0,00110000001101010100
38,413.0,00110000001101010100,413.0,00110000001101010100
38,413.0,00110000001101010100,413.0,00110000001101010100
38,413.0,00110000001101010100,413.0,00110000001101010100
38,413.0,00110000001101010100,413.0,00110000001101010100
38,413.0,00110000001101010100,413.0,00110000001101010100
38,413.0,00110000001101010100,413.0,00110000001101010100
38,413.0,00110000001101010100,413.0,00110000001101010100
38,413.0,00110000001101010100,413.0,00110000001101010100
38,413.0,00110000001101010100,413.0,00110000001101010100
38,413.0,00110000001101010100,413.0,00110000001101010100
38,413.0,00110000001101010100,55.0,00111100001101110011
38,55.0,00111100001101110011,55.0,00111100001101110011
38,55.0,00111100001101110011,55.0,00111100001101110011
38,55.0,00111100001101110011,55.0,00111100001101110011
38,55.0,00111100001101110011,55.0,00111100001101110011
38,55.0,00111100001101110011,55.0,00111100001101110011
38,55.0,00111100001101110011,55.0,00111100001101110011
38,55.0,00111100001101110011,55.0,00111100001101110011
38,55.0,00111100001101110011,55.0,00111100001101110011
38,55.0,00111100001101110011,55.0,00111100001101110011
38,55.0,00111100001101110011,55.0,00111100001101110011
38,55.0,00111100001101110011,55.0,00111100001101110011
38,55.0,00111100001101110011,55.0,00111100001101110011
38,55.0,00111100001101110011,55.0,00111100001101110011
38,55.0,00111100001101110011,55.0,00111100001101110011
38,55.0,00111100001101110011,55.0,00111100001101110011
38,55.0,00111100001101110011,55.0,00111100001101110011
38,55.0,00111100001101110011,55.0,00111100001101110011
38,55.0,00111100001101110011,55.0,00111100001101110011
38,55.0,00111100001101110011,55.0,00111100001101110011
38,55.0,00111100001101110011,55.0,00111100001101110011
38,55.0,00111100001101110011,55.0,00111100001101110011
38,55.0,00111100001101110011,55.0,00111100001101110011
38,55.0,00111100001101110011,55.0,00111100001101110011
38,55.0,00111100001101110011,55.0,00111100001101110011
38,55.0,00111100001101110011,55.0,00111100001101110011
38,55.0,00111100001101110011,55.0,00111100001101110011
38,55.0,00111100001101110011,55.0,00111100001101110011
38,55.0,00111100001101110011,55.0,00111100001101110011
38,55.0,00111100001101110011,55.0,00111100001101110011
38,55.0,00111100001101110011,55.0,00111100001101110011
38,55.0,00111100001101110011,55.0,00111100001101110011
39,18979.0,00110101001011000001,18979.0,00110101001011000001
39,18979.0,00110101001011000001,5759.0,00110001001001010001
39,5759.0,00110001001001010001,2553.0,00111010001001010011
39,2553.0,00111010001001010011,2553.0,00111010001001010011
39,2553.0,00111010001001010011,2553.0,00111010001001010011
39,2553.0,00111010001001010011,2553.0,00111010001001010011
39,2553.0,00111010001001010011,2553.0,00111010001001010011
39,2553.0,00111010001001010011,2553.0,00111010001001010011
39,2553.0,00111010001001010011,11.0,10110010001001000010
39,11.0,10110010001001000010,11.0,10110010001001000010
39,11.0,10110010001001000010,11.0,10110010001001000010
39,11.0,10110010001001000010,11.0,10110010001001000010
39,11.0,10110010001001000010,11.0,10110010001001000010
39,11.0,10110010001001000010,11.0,10110010001001000010
39,11.0,10110010001001000010,11.0,10110010001001000010
39,11.0,10110010001001000010,11.0,10110010001001000010
39,11.0,10110010001001000010,11.0,10110010001001000010
39,11.0,10110010001001000010,11.0,10110010001001000010
39,11.0,10110010001001000010,11.0,10110010001001000010
39,11.0,10110010001001000010,11.0,10110010001001000010
39,11.0,10110010001001000010,11.0,10110010001001000010
39,11.0,10110010001001000010,11.0,10110010001001000010
39,11.0,10110010001001000010,11.0,10110010001001000010
39,11.0,10110010001001000010,11.0,10110010001001000010
39,11.0,10110010001001000010,11.0,10110010001001000010
39,11.0,10110010001001000010,11.0,10110010001001000010
39,11.0,10110010001001000010,11.0,10110010001001000010
39,11.0,10110010001001000010,11.0,10110010001001000010
39,11.0,10110010001001000010,11.0,10110010001001000010
39,11.0,10110010001001000010,11.0,10110010001001000010
39,11.0,10110010001001000010,11.0,10110010001001000010
39,11.0,10110010001001000010,11.0,10110010001001000010
39,11.0,10110010001001000010,11.0,10110010001001000010
39,11.0,10110010001001000010,11.0,10110010001001000010
39,11.0,10110010001001000010,11.0,10110010001001000010
39,11.0,10110010001001000010,11.0,10110010001001000010
39,11.0,10110010001001000010,11.0,10110010001001000010
39,11.0,10110010001001000010,11.0,10110010001001000010
39,11.0,10110010001001000010,11.0,10110010001001000010
39,11.0,10110010001001000010,11.0,10110010001001000010
39,11.0,10110010001001000010,11.0,10110010001001000010
39,11.0,10110010001001000010,11.0,10110010001001000010
39,11.0,10110010001001000010,11.0,10110010001001000010
39,11.0,10110010001001000010,11.0,10110010001001000010
39,11.0,10110010001001000010,11.0,10110010001001000010
39,11.0,10110010001001000010,11.0,10110010001001000010
39,11.0,10110010001001000010,11.0,10110010001001000010
39,11.0,10110010001001000010,11.0,10110010001001000010
39,11.0,10110010001001000010,11.0,10110010001001000010
39,11.0,10110010001001000010,11.0,10110010001001000010
39,11.0,10110010001001000010,11.0,10110010001001000010
39,11.0,10110010001001000010,11.0,10110010001001000010
39,11.0,10110010001001000010,11.0,10110010001001000010
39,11.0,10110010001001000010,11.0,10110010001001000010
39,11.0,10110010001001000010,11.0,10110010001001000010
39,11.0,10110010001001000010,11.0,10110010001001000010
39,11.0,10110010001001000010,11.0,10110010001001000010
39,11.0,10110010001001000010,11.0,10110010001001000010
39,11.0,10110010001001000010,11.0,10110010001001000010
39,11.0,10110010001001000010,11.0,10110010001001000010
39,11.0,10110010001001000010,11.0,10110010001001000010
39,11.0,10110010001001000010,11.0,10110010001001000010
39,11.0,10110010001001000010,11.0,10110010001001000010
39,11.0,10110010001001000010,11.0,10110010001001000010
39,11.0,10110010001001000010,11.0,10110010001001000010
39,11.0,10110010001001000010,11.0,10110010001001000010
39,11.0,10110010001001000010,11.0,10110010001001000010
39,11.0,10110010001001000010,11.0,10110010001001000010
39,11.0,10110010001001000010,11.0,10110010001001000010
40,23429.0,00110101010000011110,11369.0,00011111110000110111
40,11369.0,00011111110000110111,8413.0,10011101110100110101
40,8413.0,10011101110100110101,8413.0,10011101110100110101
40,8413.0,10011101110100110101,463.0,10011111000100010101
40,463.0,10011111000100010101,463.0,10011111000100010101
40,463.0,10011111000100010101,463.0,10011111000100010101
40,463.0,10011111000100010101,463.0,10011111000100010101
40,463.0,10011111000100010101,463.0,10011111000100010101
40,463.0,10011111000100010101,251.0,10010011000110100110
40,251.0,10010011000110100110,251.0,10010011000110100110
40,251.0,10010011000110100110,251.0,10010011000110100110
40,251.0,10010011000110100110,251.0,10010011000110100110
40,251.0,10010011000110100110,251.0,10010011000110100110
40,251.0,10010011000110100110,251.0,10010011000110100110
40,251.0,10010011000110100110,251.0,10010011000110100110
40,251.0,10010011000110100110,251.0,10010011000110100110
40,251.0,10010011000110100110,251.0,10010011000110100110
40,251.0,10010011000110100110,251.0,10010011000110100110
40,251.0,10010011000110100110,251.0,10010011000110100110
40,251.0,10010011000110100110,95.0,11000111100001100100
40,95.0,11000111100001100100,95.0,11000111100001100100
40,95.0,11000111100001100100,95.0,11000111100001100100
40,95.0,11000111100001100100,95.0,11000111100001100100
40,95.0,11000111100001100100,95.0,11000111100001100100
40,95.0,11000111100001100100,95.0,11000111100001100100
40,95.0,11000111100001100100,95.0,11000111100001100100
40,95.0,11000111100001100100,95.0,11000111100001100100
40,95.0,11000111100001100100,95.0,11000111100001100100
40,95.0,11000111100001100100,95.0,11000111100001100100
40,95.0,11000111100001100100,95.0,11000111100001100100
40,95.0,11000111100001100100,95.0,11000111100001100100
40,95.0,11000111100001100100,95.0,11000111100001100100
40,95.0,11000111100001100100,95.0,11000111100001100100
40,95.0,11000111100001100100,95.0,11000111100001100100
40,95.0,11000111100001100100,95.0,11000111100001100100
40,95.0,11000111100001100100,95.0,11000111100001100100
40,95.0,11000111100001100100,95.0,11000111100001100100
40,95.0,11000111100001100100,95.0,11000111100001100100
40,95.0,11000111100001100100,95.0,11000111100001100100
40,95.0,11000111100001100100,95.0,11000111100001100100
40,95.0,11000111100001100100,95.0,11000111100001100100
40,95.0,11000111100001100100,95.0,11000111100001100100
40,95.0,11000111100001100100,95.0,11000111100001100100
40,95.0,11000111100001100100,95.0,11000111100001100100
40,95.0,11000111100001100100,95.0,11000111100001100100
40,95.0,11000111100001100100,95.0,11000111100001100100
41,20773.0,10101010001001101011,20773.0,10101010001001101011
41,20773.0,10101010001001101011,15719.0,10100001001001101000
41,15719.0,10100001001001101000,15719.0,10100001001001101000
41,15719.0,10100001001001101000,10581.0,10100001001011001000
41,10581.0,10100001001011001000,111.0,10000001011011011001
41,111.0,10000001011011011001,111.0,10000001011011011001
41,111.0,10000001011011011001,111.0,10000001011011011001
41,111.0,10000001011011011001,111.0,10000001011011011001
41,111.0,10000001011011011001,111.0,10000001011011011001
41,111.0,10000001011011011001,111.0,10000001011011011001
41,111.0,10000001011011011001,111.0,10000001011011011001
41,111.0,10000001011011011001,111.0,10000001011011011001
41,111.0,10000001011011011001,111.0,10000001011011011001
41,111.0,10000001011011011001,111.0,10000001011011011001
41,111.0,10000001011011011001,111.0,10000001011011011001
41,111.0,10000001011011011001,111.0,10000001011011011001
41,111.0,10000001011011011001,111.0,10000001011011011001
41,111.0,10000001011011011001,111.0,10000001011011011001
41,111.0,10000001011011011001,111.0,10000001011011011001
41,111.0,10000001011011011001,111.0,10000001011011011001
41,111.0,10000001011011011001,111.0,10000001011011011001
41,111.0,10000001011011011001,111.0,10000001011011011001
41,111.0,10000001011011011001,111.0,10000001011011011001
42,5367.0,11110100010001100100,2125.0,00111100011001100110
42,2125.0,00111100011001100110,771.0,10100000001001111100
42,771.0,10100000001001111100,771.0,10100000001001111100
42,771.0,10100000001001111100,771.0,10100000001001111100
42,771.0,10100000001001111100,771.0,10100000001001111100
42,771.0,10100000001001111100,771.0,10100000001001111100
42,771.0,10100000001001111100,771.0,10100000001001111100
42,771.0,10100000001001111100,771.0,10100000001001111100
42,771.0,10100000001001111100,771.0,10100000001001111100
42,771.0,10100000001001111100,771.0,10100000001001111100
42,771.0,10100000001001111100,771.0,10100000001001111100
42,771.0,10100000001001111100,771.0,10100000001001111100
42,771.0,10100000001001111100,771.0,10100000001001111100
42,771.0,10100000001001111100,771.0,10100000001001111100
42,771.0,10100000001001111100,771.0,10100000001001111100
42,771.0,10100000001001111100,771.0,10100000001001111100
42,771.0,10100000001001111100,771.0,10100000001001111100
42,771.0,10100000001001111100,771.0,10100000001001111100
42,771.0,10100000001001111100,771.0,10100000001001111100
42,771.0,10100000001001111100,771.0,10100000001001111100
42,771.0,10100000001001111100,771.0,10100000001001111100
42,771.0,10100000001001111100,771.0,10100000001001111100
42,771.0,10100000001001111100,771.0,10100000001001111100
42,771.0,10100000001001111100,771.0,10100000001001111100
42,771.0,10100000001001111100,771.0,10100000001001111100
42,771.0,10100000001001111100,771.0,10100000001001111100
42,771.0,10100000001001111100,771.0,10100000001001111100
42,771.0,10100000001001111100,589.0,10101000101011110110
42,589.0,10101000101011110110,337.0,00010001101011110000
42,337.0,00010001101011110000,337.0,00010001101011110000
42,337.0,00010001101011110000,337.0,00010001101011110000
42,337.0,00010001101011110000,337.0,00010001101011110000
42,337.0,00010001101011110000,337.0,00010001101011110000
42,337.0,00010001101011110000,337.0,00010001101011110000
42,337.0,00010001101011110000,337.0,00010001101011110000
42,337.0,00010001101011110000,337.0,00010001101011110000
42,337.0,00010001101011110000,337.0,00010001101011110000
42,337.0,00010001101011110000,337.0,00010001101011110000
42,337.0,00010001101011110000,337.0,00010001101011110000
42,337.0,00010001101011110000,337.0,00010001101011110000
42,337.0,00010001101011110000,337.0,00010001101011110000
42,337.0,00010001101011110000,337.0,00010001101011110000
42,337.0,00010001101011110000,337.0,00010001101011110000
42,337.0,00010001101011110000,337.0,00010001101011110000
42,337.0,00010001101011110000,337.0,00010001101011110000
42,337.0,00010001101011110000,337.0,00010001101011110000
42,337.0,00010001101011110000,337.0,00010001101011110000
42,337.0,00010001101011110000,337.0,00010001101011110000
42,337.0,00010001101011110000,337.0,00010001101011110000
42,337.0,00010001101011110000,337.0,00010001101011110000
42,337.0,00010001101011110000,337.0,00010001101011110000
42,337.0,00010001101011110000,337.0,00010001101011110000
42,337.0,00010001101011110000,337.0,00010001101011110000
42,337.0,00010001101011110000,337.0,00010001101011110000
42,337.0,00010001101011110000,337.0,00010001101011110000
42,337.0,00010001101011110000,337.0,00010001101011110000
42,337.0,00010001101011110000,337.0,00010001101011110000
42,337.0,00010001101011110000,337.0,00010001101011110000
42,337.0,00010001101011110000,337.0,00010001101011110000
42,337.0,00010001101011110000,337.0,00010001101011110000
42,337.0,00010001101011110000,337.0,00010001101011110000
42,337.0,00010001101011110000,337.0,00010001101011110000
42,337.0,00010001101011110000,337.0,00010001101011110000
42,337.0,00010001101011110000,337.0,00010001101011110000
43,68729.0,00010010011001010110,119.0,00011010001001001110
43,119.0,00011010001001001110,119.0,00011010001001001110
43,119.0,00011010001001001110,119.0,00011010001001001110
43,119.0,00011010001001001110,119.0,00011010001001001110
43,119.0,00011010001001001110,119.0,00011010001001001110
43,119.0,00011010001001001110,119.0,00011010001001001110
43,119.0,00011010001001001110,119.0,00011010001001001110
43,119.0,00011010001001001110,119.0,00011010001001001110
43,119.0,00011010001001001110,119.0,00011010001001001110
43,119.0,00011010001001001110,119.0,00011010001001001110
43,119.0,00011010001001001110,119.0,00011010001001001110
43,119.0,00011010001001001110,119.0,00011010001001001110
43,119.0,00011010001001001110,119.0,00011010001001001110
43,119.0,00011010001001001110,119.0,00011010001001001110
43,119.0,00011010001001001110,119.0,00011010001001001110
43,119.0,00011010001001001110,119.0,00011010001001001110
43,119.0,00011010001001001110,119.0,00011010001001001110
43,119.0,00011010001001001110,119.0,00011010001001001110
43,119.0,00011010001001001110,119.0,00011010001001001110
43,119.0,00011010001001001110,119.0,00011010001001001110
43,119.0,00011010001001001110,119.0,00011010001001001110
43,119.0,00011010001001001110,119.0,00011010001001001110
43,119.0,00011010001001001110,119.0,00011010001001001110
43,119.0,00011010001001001110,119.0,00011010001001001110
43,119.0,00011010001001001110,119.0,00011010001001001110
43,119.0,00011010001001001110,119.0,00011010001001001110
43,119.0,00011010001001001110,119.0,00011010001001001110
43,119.0,00011010001001001110,119.0,00011010001001001110
43,119.0,00011010001001001110,119.0,00011010001001001110
43,119.0,00011010001001001110,119.0,00011010001001001110
43,119.0,00011010001001001110,119.0,00011010001001001110
43,119.0,00011010001001001110,119.0,00011010001001001110
43,119.0,00011010001001001110,119.0,00011010001001001110
43,119.0,00011010001001001110,119.0,00011010001001001110
43,119.0,00011010001001001110,119.0,00011010001001001110
43,119.0,00011010001001001110,119.0,00011010001001001110
43,119.0,00011010001001001110,119.0,00011010001001001110
43,119.0,00011010001001001110,119.0,00011010001001001110
44,10885.0,10010100100011111100,4395.0,10011000100011111111
44,4395.0,10011000100011111111,4395.0,10011000100011111111
44,4395.0,10011000100011111111,4395.0,10011000100011111111
44,4395.0,10011000100011111111,4395.0,10011000100011111111
44,4395.0,10011000100011111111,4395.0,10011000100011111111
44,4395.0,10011000100011111111,1137.0,10010000100101111100
44,1137.0,10010000100101111100,867.0,10101000110011111100
44,867.0,10101000110011111100,867.0,10101000110011111100
44,867.0,10101000110011111100,867.0,10101000110011111100
44,867.0,10101000110011111100,867.0,10101000110011111100
44,867.0,10101000110011111100,867.0,10101000110011111100
44,867.0,10101000110011111100,867.0,10101000110011111100
44,867.0,10101000110011111100,867.0,10101000110011111100
44,867.0,10101000110011111100,867.0,10101000110011111100
44,867.0,10101000110011111100,867.0,10101000110011111100
44,867.0,10101000110011111100,867.0,10101000110011111100
44,867.0,10101000110011111100,867.0,10101000110011111100
44,867.0,10101000110011111100,867.0,10101000110011111100
44,867.0,10101000110011111100,487.0,00100101100001111100
44,487.0,00100101100001111100,487.0,00100101100001111100
44,487.0,00100101100001111100,487.0,00100101100001111100
44,487.0,00100101100001111100,25.0,00110001100001011000
44,25.0,00110001100001011000,25.0,00110001100001011000
44,25.0,00110001100001011000,25.0,00110001100001011000
44,25.0,00110001100001011000,25.0,00110001100001011000
44,25.0,00110001100001011000,25.0,00110001100001011000
44,25.0,00110001100001011000,25.0,00110001100001011000
44,25.0,00110001100001011000,25.0,00110001100001011000
44,25.0,00110001100001011000,25.0,00110001100001011000
44,25.0,00110001100001011000,25.0,00110001100001011000
44,25.0,00110001100001011000,25.0,00110001100001011000
44,25.0,00110001100001011000,25.0,00110001100001011000
44,25.0,00110001100001011000,25.0,00110001100001011000
44,25.0,00110001100001011000,25.0,00110001100001011000
44,25.0,00110001100001011000,25.0,00110001100001011000
44,25.0,00110001100001011000,25.0,00110001100001011000
44,25.0,00110001100001011000,25.0,00110001100001011000
44,25.0,00110001100001011000,25.0,00110001100001011000
44,25.0,00110001100001011000,25.0,00110001100001011000
44,25.0,00110001100001011000,25.0,00110001100001011000
44,25.0,00110001100001011000,25.0,00110001100001011000
44,25.0,00110001100001011000,25.0,00110001100001011000
44,25.0,00110001100001011000,25.0,00110001100001011000
44,25.0,00110001100001011000,25.0,00110001100001011000
44,25.0,00110001100001011000,25.0,00110001100001011000
44,25.0,00110001100001011000,25.0,00110001100001011000
44,25.0,00110001100001011000,25.0,00110001100001011000
44,25.0,00110001100001011000,25.0,00110001100001011000
44,25.0,00110001100001011000,25.0,00110001100001011000
44,25.0,00110001100001011000,25.0,00110001100001011000
44,25.0,00110001100001011000,25.0,00110001100001011000
44,25.0,00110001100001011000,25.0,00110001100001011000
44,25.0,00110001100001011000,25.0,00110001100001011000
44,25.0,00110001100001011000,25.0,00110001100001011000
44,25.0,00110001100001011000,25.0,00110001100001011000
45,118687.0,11001110010110011111,50389.0,11000111010000011100
45,50389.0,11000111010000011100,2971.0,10001011110000111110
45,2971.0,10001011110000111110,1951.0,11001101110100011110
45,1951.0,11001101110100011110,1951.0,11001101110100011110
45,1951.0,11001101110100011110,1951.0,11001101110100011110
45,1951.0,11001101110100011110,1951.0,11001101110100011110
45,1951.0,11001101110100011110,1951.0,11001101110100011110
45,1951.0,11001101110100011110,1951.0,11001101110100011110
45,1951.0,11001101110100011110,217.0,11000011010000011111
45,217.0,11000011010000011111,217.0,11000011010000011111
45,217.0,11000011010000011111,217.0,11000011010000011111
45,217.0,11000011010000011111,217.0,11000011010000011111
45,217.0,11000011010000011111,217.0,11000011010000011111
45,217.0,11000011010000011111,217.0,11000011010000011111
45,217.0,11000011010000011111,217.0,11000011010000011111
45,217.0,11000011010000011111,55.0,11000011110010001100
45,55.0,11000011110010001100,55.0,11000011110010001100
45,55.0,11000011110010001100,55.0,11000011110010001100
45,55.0,11000011110010001100,55.0,11000011110010001100
45,55.0,11000011110010001100,55.0,11000011110010001100
45,55.0,11000011110010001100,55.0,11000011110010001100
45,55.0,11000011110010001100,55.0,11000011110010001100
45,55.0,11000011110010001100,55.0,11000011110010001100
45,55.0,11000011110010001100,55.0,11000011110010001100
45,55.0,11000011110010001100,55.0,11000011110010001100
45,55.0,11000011110010001100,55.0,11000011110010001100
45,55.0,11000011110010001100,55.0,11000011110010001100
45,55.0,11000011110010001100,55.0,11000011110010001100
45,55.0,11000011110010001100,55.0,11000011110010001100
45,55.0,11000011110010001100,55.0,11000011110010001100
45,55.0,11000011110010001100,55.0,11000011110010001100
45,55.0,11000011110010001100,55.0,11000011110010001100
45,55.0,11000011110010001100,55.0,11000011110010001100
45,55.0,11000011110010001100,55.0,11000011110010001100
45,55.0,11000011110010001100,55.0,11000011110010001100
45,55.0,11000011110010001100,55.0,11000011110010001100
45,55.0,11000011110010001100,55.0,11000011110010001100
45,55.0,11000011110010001100,55.0,11000011110010001100
45,55.0,11000011110010001100,55.0,11000011110010001100
45,55.0,11000011110010001100,55.0,11000011110010001100
45,55.0,11000011110010001100,55.0,11000011110010001100
45,55.0,11000011110010001100,55.0,11000011110010001100
45,55.0,11000011110010001100,55.0,11000011110010001100
45,55.0,11000011110010001100,55.0,11000011110010001100
45,55.0,11000011110010001100,55.0,11000011110010001100
45,55.0,11000011110010001100,55.0,11000011110010001100
45,55.0,11000011110010001100,55.0,11000011110010001100
45,55.0,11000011110010001100,55.0,11000011110010001100
45,55.0,11000011110010001100,55.0,11000011110010001100
46,14267.0,00101111000011010101,14267.0,00101111000011010101
46,14267.0,00101111000011010101,14267.0,00101111000011010101
46,14267.0,00101111000011010101,11991.0,00100111001001010000
46,11991.0,00100111001001010000,5777.0,01101010101011010001
46,5777.0,01101010101011010001,1871.0,01101110100011011011
46,1871.0,01101110100011011011,1871.0,01101110100011011011
46,1871.0,01101110100011011011,1871.0,01101110100011011011
46,1871.0,01101110100011011011,1111.0,01101010100011111000
46,1111.0,01101010100011111000,725.0,01100010110010111100
46,725.0,01100010110010111100,725.0,01100010110010111100
46,725.0,01100010110010111100,725.0,01100010110010111100
46,725.0,01100010110010111100,725.0,01100010110010111100
46,725.0,01100010110010111100,725.0,01100010110010111100
46,725.0,01100010110010111100,725.0,01100010110010111100
46,725.0,01100010110010111100,725.0,01100010110010111100
46,725.0,01100010110010111100,35.0,01100110110010011111
46,35.0,01100110110010011111,35.0,01100110110010011111
46,35.0,01100110110010011111,35.0,01100110110010011111
46,35.0,01100110110010011111,35.0,01100110110010011111
46,35.0,01100110110010011111,35.0,01100110110010011111
46,35.0,01100110110010011111,35.0,01100110110010011111
46,35.0,01100110110010011111,35.0,01100110110010011111
46,35.0,01100110110010011111,35.0,01100110110010011111
46,35.0,01100110110010011111,35.0,01100110110010011111
46,35.0,01100110110010011111,35.0,01100110110010011111
46,35.0,01100110110010011111,35.0,01100110110010011111
46,35.0,01100110110010011111,35.0,01100110110010011111
46,35.0,01100110110010011111,35.0,01100110110010011111
46,35.0,01100110110010011111,35.0,01100110110010011111
46,35.0,01100110110010011111,35.0,01100110110010011111
46,35.0,01100110110010011111,35.0,01100110110010011111
46,35.0,01100110110010011111,35.0,01100110110010011111
46,35.0,01100110110010011111,35.0,01100110110010011111
46,35.0,01100110110010011111,35.0,01100110110010011111
46,35.0,01100110110010011111,35.0,01100110110010011111
46,35.0,01100110110010011111,35.0,01100110110010011111
46,35.0,01100110110010011111,35.0,01100110110010011111
46,35.0,01100110110010011111,35.0,01100110110010011111
47,11675.0,01001101010111110110,6415.0,01101101010111000100
47,6415.0,01101101010111000100,3999.0,11101101000101000111
47,3999.0,11101101000101000111,1825.0,11101001010001100111
47,1825.0,11101001010001100111,1825.0,11101001010001100111
47,1825.0,11101001010001100111,1825.0,11101001010001100111
47,1825.0,11101001010001100111,1627.0,11100100011001100110
47,1627.0,11100100011001100110,1627.0,11100100011001100110
47,1627.0,11100100011001100110,937.0,01101100011001110111
47,937.0,01101100011001110111,937.0,01101100011001110111
47,937.0,01101100011001110111,251.0,01101100111001011001
47,251.0,01101100111001011001,251.0,01101100111001011001
47,251.0,01101100111001011001,251.0,01101100111001011001
47,251.0,01101100111001011001,251.0,01101100111001011001
47,251.0,01101100111001011001,251.0,01101100111001011001
47,251.0,01101100111001011001,123.0,01100000111011010101
47,123.0,01100000111011010101,123.0,01100000111011010101
47,123.0,01100000111011010101,123.0,01100000111011010101
47,123.0,01100000111011010101,123.0,01100000111011010101
47,123.0,01100000111011010101,123.0,01100000111011010101
47,123.0,01100000111011010101,123.0,01100000111011010101
47,123.0,01100000111011010101,123.0,01100000111011010101
47,123.0,01100000111011010101,123.0,01100000111011010101
47,123.0,01100000111011010101,11.0,11100000110111010100
47,11.0,11100000110111010100,11.0,11100000110111010100
47,11.0,11100000110111010100,11.0,11100000110111010100
47,11.0,11100000110111010100,11.0,11100000110111010100
47,11.0,11100000110111010100,11.0,11100000110111010100
47,11.0,11100000110111010100,11.0,11100000110111010100
47,11.0,11100000110111010100,11.0,11100000110111010100
47,11.0,11100000110111010100,11.0,11100000110111010100
47,11.0,11100000110111010100,11.0,11100000110111010100
47,11.0,11100000110111010100,11.0,11100000110111010100
47,11.0,11100000110111010100,11.0,11100000110111010100
47,11.0,11100000110111010100,11.0,11100000110111010100
47,11.0,11100000110111010100,11.0,11100000110111010100
47,11.0,11100000110111010100,11.0,11100000110111010100
47,11.0,11100000110111010100,11.0,11100000110111010100
47,11.0,11100000110111010100,11.0,11100000110111010100
47,11.0,11100000110111010100,11.0,11100000110111010100
47,11.0,11100000110111010100,11.0,11100000110111010100
47,11.0,11100000110111010100,11.0,11100000110111010100
47,11.0,11100000110111010100,11.0,11100000110111010100
47,11.0,11100000110111010100,11.0,11100000110111010100
47,11.0,11100000110111010100,11.0,11100000110111010100
47,11.0,11100000110111010100,11.0,11100000110111010100
47,11.0,11100000110111010100,11.0,11100000110111010100
47,11.0,11100000110111010100,11.0,11100000110111010100
47,11.0,11100000110111010100,11.0,11100000110111010100
47,11.0,11100000110111010100,11.0,11100000110111010100
47,11.0,11100000110111010100,11.0,11100000110111010100
47,11.0,11100000110111010100,11.0,11100000110111010100
47,11.0,11100000110111010100,11.0,11100000110111010100
47,11.0,11100000110111010100,11.0,11100000110111010100
47,11.0,11100000110111010100,11.0,11100000110111010100
47,11.0,11100000110111010100,11.0,11100000110111010100
47,11.0,11100000110111010100,11.0,11100000110111010100
47,11.0,11100000110111010100,11.0,11100000110111010100
47,11.0,11100000110111010100,11.0,11100000110111010100
47,11.0,11100000110111010100,11.0,11100000110111010100
47,11.0,11100000110111010100,11.0,11100000110111010100
47,11.0,11100000110111010100,11.0,11100000110111010100
47,11.0,11100000110111010100,11.0,11100000110111010100
47,11.0,11100000110111010100,11.0,11100000110111010100
47,11.0,11100000110111010100,11.0,11100000110111010100
47,11.0,11100000110111010100,11.0,11100000110111010100
47,11.0,11100000110111010100,11.0,11100000110111010100
47,11.0,11100000110111010100,11.0,11100000110111010100
47,11.0,11100000110111010100,11.0,11100000110111010100
47,11.0,11100000110111010100,11.0,11100000110111010100
47,11.0,11100000110111010100,11.0,11100000110111010100
47,11.0,11100000110111010100,11.0,11100000110111010100
48,28775.0,11110100010110010100,23.0,11110010010000010100
48,23.0,11110010010000010100,23.0,11110010010000010100
48,23.0,11110010010000010100,23.0,11110010010000010100
48,23.0,11110010010000010100,23.0,11110010010000010100
48,23.0,11110010010000010100,23.0,11110010010000010100
48,23.0,11110010010000010100,23.0,11110010010000010100
48,23.0,11110010010000010100,23.0,11110010010000010100
48,23.0,11110010010000010100,23.0,11110010010000010100
48,23.0,11110010010000010100,23.0,11110010010000010100
48,23.0,11110010010000010100,23.0,11110010010000010100
48,23.0,11110010010000010100,23.0,11110010010000010100
48,23.0,11110010010000010100,23.0,11110010010000010100
48,23.0,11110010010000010100,23.0,11110010010000010100
48,23.0,11110010010000010100,23.0,11110010010000010100
48,23.0,11110010010000010100,23.0,11110010010000010100
48,23.0,11110010010000010100,23.0,11110010010000010100
48,23.0,11110010010000010100,23.0,11110010010000010100
48,23.0,11110010010000010100,23.0,11110010010000010100
48,23.0,11110010010000010100,23.0,11110010010000010100
48,23.0,11110010010000010100,23.0,11110010010000010100
48,23.0,11110010010000010100,23.0,11110010010000010100
48,23.0,11110010010000010100,23.0,11110010010000010100
48,23.0,11110010010000010100,23.0,11110010010000010100
48,23.0,11110010010000010100,23.0,11110010010000010100
48,23.0,11110010010000010100,23.0,11110010010000010100
48,23.0,11110010010000010100,23.0,11110010010000010100
48,23.0,11110010010000010100,23.0,11110010010000010100
48,23.0,11110010010000010100,23.0,11110010010000010100
48,23.0,11110010010000010100,23.0,11110010010000010100
48,23.0,11110010010000010100,23.0,11110010010000010100
48,23.0,11110010010000010100,23.0,11110010010000010100
48,23.0,11110010010000010100,23.0,11110010010000010100
48,23.0,11110010010000010100,23.0,11110010010000010100
48,23.0,11110010010000010100,23.0,11110010010000010100
48,23.0,11110010010000010100,23.0,11110010010000010100
48,23.0,11110010010000010100,23.0,11110010010000010100
49,35689.0,11010001001000011000,14943.0,01010101100010011111
49,14943.0,01010101100010011111,3231.0,01010011000010001110
49,3231.0,01010011000010001110,3231.0,01010011000010001110
49,3231.0,01010011000010001110,3231.0,01010011000010001110
49,3231.0,01010011000010001110,2231.0,01110001000100001100
49,2231.0,01110001000100001100,2231.0,01110001000100001100
49,2231.0,01110001000100001100,2231.0,01110001000100001100
49,2231.0,01110001000100001100,2231.0,01110001000100001100
49,2231.0,01110001000100001100,2231.0,01110001000100001100
49,2231.0,01110001000100001100,2231.0,01110001000100001100
49,2231.0,01110001000100001100,2231.0,01110001000100001100
49,2231.0,01110001000100001100,1953.0,11010001000100101101
49,1953.0,11010001000100101101,475.0,11110101000100000101
49,475.0,11110101000100000101,475.0,11110101000100000101
49,475.0,11110101000100000101,475.0,11110101000100000101
49,475.0,11110101000100000101,475.0,11110101000100000101
49,475.0,11110101000100000101,475.0,11110101000100000101
49,475.0,11110101000100000101,475.0,11110101000100000101
49,475.0,11110101000100000101,475.0,11110101000100000101
49,475.0,11110101000100000101,475.0,11110101000100000101
49,475.0,11110101000100000101,475.0,11110101000100000101
49,475.0,11110101000100000101,475.0,11110101000100000101
49,475.0,11110101000100000101,475.0,11110101000100000101
49,475.0,11110101000100000101,475.0,11110101000100000101
49,475.0,11110101000100000101,475.0,11110101000100000101
49,475.0,11110101000100000101,475.0,11110101000100000101
49,475.0,11110101000100000101,475.0,11110101000100000101
49,475.0,11110101000100000101,475.0,11110101000100000101
49,475.0,11110101000100000101,475.0,11110101000100000101
49,475.0,11110101000100000101,475.0,11110101000100000101
49,475.0,11110101000100000101,475.0,11110101000100000101
49,475.0,11110101000100000101,475.0,11110101000100000101
49,475.0,11110101000100000101,475.0,11110101000100000101
50,124897.0,00110011110010000100,16629.0,00111111110000000101
50,16629.0,00111111110000000101,1571.0,00110110010101000100
50,1571.0,00110110010101000100,1377.0,00100111010101000100
50,1377.0,00100111010101000100,1377.0,00100111010101000100
50,1377.0,00100111010101000100,1377.0,00100111010101000100
50,1377.0,00100111010101000100,1051.0,00000011010101101100
50,1051.0,00000011010101101100,741.0,00001011100101101101
50,741.0,00001011100101101101,741.0,00001011100101101101
50,741.0,00001011100101101101,741.0,00001011100101101101
50,741.0,00001011100101101101,741.0,00001011100101101101
50,741.0,00001011100101101101,741.0,00001011100101101101
50,741.0,00001011100101101101,125.0,00100011100101001011
50,125.0,00100011100101001011,125.0,00100011100101001011
50,125.0,00100011100101001011,125.0,00100011100101001011
50,125.0,00100011100101001011,125.0,00100011100101001011
50,125.0,00100011100101001011,125.0,00100011100101001011
50,125.0,00100011100101001011,125.0,00100011100101001011
50,125.0,00100011100101001011,125.0,00100011100101001011
50,125.0,00100011100101001011,125.0,00100011100101001011
50,125.0,00100011100101001011,125.0,00100011100101001011
50,125.0,00100011100101001011,125.0,00100011100101001011
50,125.0,00100011100101001011,125.0,00100011100101001011
50,125.0,00100011100101001011,125.0,00100011100101001011
50,125.0,00100011100101001011,125.0,00100011100101001011
50,125.0,00100011100101001011,125.0,00100011100101001011
50,125.0,00100011100101001011,125.0,00100011100101001011
50,125.0,00100011100101001011,125.0,00100011100101001011
50,125.0,00100011100101001011,125.0,00100011100101001011
50,125.0,00100011100101001011,125.0,00100011100101001011
50,125.0,00100011100101001011,125.0,00100011100101001011
50,125.0,00100011100101001011,125.0,00100011100101001011
50,125.0,00100011100101001011,25.0,00110001100001011000
50,25.0,00110001100001011000,25.0,00110001100001011000
50,25.0,00110001100001011000,25.0,00110001100001011000
50,25.0,00110001100001011000,25.0,00110001100001011000
50,25.0,00110001100001011000,25.0,00110001100001011000
50,25.0,00110001100001011000,25.0,00110001100001011000
50,25.0,00110001100001011000,25.0,00110001100001011000
50,25.0,00110001100001011000,25.0,00110001100001011000
50,25.0,00110001100001011000,25.0,00110001100001011000
50,25.0,00110001100001011000,25.0,00110001100001011000
50,25.0,00110001100001011000,25.0,00110001100001011000
50,25.0,00110001100001011000,25.0,00110001100001011000
50,25.0,00110001100001011000,25.0,00110001100001011000
50,25.0,00110001100001011000,25.0,00110001100001011000
50,25.0,00110001100001011000,25.0,00110001100001011000
50,25.0,00110001100001011000,25.0,00110001100001011000
50,25.0,00110001100001011000,25.0,00110001100001011000
50,25.0,00110001100001011000,25.0,00110001100001011000
50,25.0,00110001100001011000,25.0,00110001100001011000
50,25.0,00110001100001011000,25.0,00110001100001011000
50,25.0,00110001100001011000,25.0,00110001100001011000
50,25.0,00110001100001011000,25.0,00110001100001011000
50,25.0,00110001100001011000,25.0,00110001100001011000
50,25.0,00110001100001011000,25.0,00110001100001011000
50,25.0,00110001100001011000,25.0,00110001100001011000
50,25.0,00110001100001011000,25.0,00110001100001011000
50,25.0,00110001100001011000,25.0,00110001100001011000
50,25.0,00110001100001011000,25.0,00110001100001011000
50,25.0,00110001100001011000,25.0,00110001100001011000
50,25.0,00110001100001011000,25.0,00110001100001011000
50,25.0,00110001100001011000,25.0,00110001100001011000
50,25.0,00110001100001011000,25.0,00110001100001011000
50,25.0,00110001100001011000,25.0,00110001100001011000
50,25.0,00110001100001011000,25.0,00110001100001011000
50,25.0,00110001100001011000,25.0,00110001100001011000
50,25.0,00110001100001011000,25.0,00110001100001011000
50,25.0,00110001100001011000,25.0,00110001100001011000
50,25.0,00110001100001011000,25.0,00110001100001011000
50,25.0,00110001100001011000,25.0,00110001100001011000
50,25.0,00110001100001011000,25.0,00110001100001011000
50,25.0,00110001100001011000,25.0,00110001100001011000
50,25.0,00110001100001011000,25.0,00110001100001011000
50,25.0,00110001100001011000,25.0,00110001100001011000
51,52425.0,01000110111011100100,21371.0,01001111110001100111
51,21371.0,01001111110001100111,7853.0,01001101110011101101
51,7853.0,01001101110011101101,6881.0,00000101010111111100
51,6881.0,00000101010111111100,3915.0,00001111010011111011
51,3915.0,00001111010011111011,143.0,00100011110010111011
51,143.0,00100011110010111011,143.0,00100011110010111011
51,143.0,00100011110010111011,143.0,00100011110010111011
51,143.0,00100011110010111011,143.0,00100011110010111011
51,143.0,00100011110010111011,143.0,00100011110010111011
51,143.0,00100011110010111011,143.0,00100011110010111011
51,143.0,00100011110010111011,143.0,00100011110010111011
51,143.0,00100011110010111011,143.0,00100011110010111011
51,143.0,00100011110010111011,143.0,00100011110010111011
51,143.0,00100011110010111011,143.0,00100011110010111011
51,143.0,00100011110010111011,143.0,00100011110010111011
51,143.0,00100011110010111011,143.0,00100011110010111011
51,143.0,00100011110010111011,143.0,00100011110010111011
51,143.0,00100011110010111011,143.0,00100011110010111011
51,143.0,00100011110010111011,143.0,00100011110010111011
51,143.0,00100011110010111011,143.0,00100011110010111011
51,143.0,00100011110010111011,143.0,00100011110010111011
51,143.0,00100011110010111011,143.0,00100011110010111011
51,143.0,00100011110010111011,143.0,00100011110010111011
51,143.0,00100011110010111011,143.0,00100011110010111011
51,143.0,00100011110010111011,143.0,00100011110010111011
52,121303.0,10000010101101001100,12269.0,10100010110101101001
52,12269.0,10100010110101101001,12269.0,10100010110101101001
52,12269.0,10100010110101101001,9057.0,10110100000101110100
52,9057.0,10110100000101110100,2665.0,10111010000101010010
52,2665.0,10111010000101010010,2063.0,10110010000111100000
52,2063.0,10110010000111100000,2063.0,10110010000111100000
52,2063.0,10110010000111100000,1303.0,10110110000111000011
52,1303.0,10110110000111000011,149.0,11110100010111000011
52,149.0,11110100010111000011,149.0,11110100010111000011
52,149.0,11110100010111000011,149.0,11110100010111000011
52,149.0,11110100010111000011,149.0,11110100010111000011
52,149.0,11110100010111000011,149.0,11110100010111000011
52,149.0,11110100010111000011,149.0,11110100010111000011
52,149.0,11110100010111000011,149.0,11110100010111000011
52,149.0,11110100010111000011,149.0,11110100010111000011
52,149.0,11110100010111000011,149.0,11110100010111000011
52,149.0,11110100010111000011,149.0,11110100010111000011
52,149.0,11110100010111000011,149.0,11110100010111000011
52,149.0,11110100010111000011,149.0,11110100010111000011
52,149.0,11110100010111000011,149.0,11110100010111000011
52,149.0,11110100010111000011,149.0,11110100010111000011
52,149.0,11110100010111000011,149.0,11110100010111000011
52,149.0,11110100010111000011,149.0,11110100010111000011
52,149.0,11110100010111000011,119.0,11100101110110110001
52,119.0,11100101110110110001,119.0,11100101110110110001
52,119.0,11100101110110110001,119.0,11100101110110110001
52,119.0,11100101110110110001,119.0,11100101110110110001
52,119.0,11100101110110110001,119.0,11100101110110110001
52,119.0,11100101110110110001,119.0,11100101110110110001
52,119.0,11100101110110110001,119.0,11100101110110110001
52,119.0,11100101110110110001,119.0,11100101110110110001
52,119.0,11100101110110110001,119.0,11100101110110110001
52,119.0,11100101110110110001,119.0,11100101110110110001
52,119.0,11100101110110110001,119.0,11100101110110110001
52,119.0,11100101110110110001,119.0,11100101110110110001
52,119.0,11100101110110110001,119.0,11100101110110110001
52,119.0,11100101110110110001,119.0,11100101110110110001
52,119.0,11100101110110110001,119.0,11100101110110110001
52,119.0,11100101110110110001,119.0,11100101110110110001
52,119.0,11100101110110110001,119.0,11100101110110110001
52,119.0,11100101110110110001,119.0,11100101110110110001
52,119.0,11100101110110110001,119.0,11100101110110110001
52,119.0,11100101110110110001,119.0,11100101110110110001
52,119.0,11100101110110110001,119.0,11100101110110110001
52,119.0,11100101110110110001,119.0,11100101110110110001
52,119.0,11100101110110110001,119.0,11100101110110110001
52,119.0,11100101110110110001,119.0,11100101110110110001
52,119.0,11100101110110110001,119.0,11100101110110110001
52,119.0,11100101110110110001,119.0,11100101110110110001
52,119.0,11100101110110110001,119.0,11100101110110110001
52,119.0,11100101110110110001,119.0,11100101110110110001
52,119.0,11100101110110110001,119.0,11100101110110110001
52,119.0,11100101110110110001,119.0,11100101110110110001
52,119.0,11100101110110110001,119.0,11100101110110110001
52,119.0,11100101110110110001,119.0,11100101110110110001
52,119.0,11100101110110110001,119.0,11100101110110110001
52,119.0,11100101110110110001,119.0,11100101110110110001
52,119.0,11100101110110110001,119.0,11100101110110110001
52,119.0,11100101110110110001,119.0,11100101110110110001
52,119.0,11100101110110110001,119.0,11100101110110110001
52,119.0,11100101110110110001,119.0,11100101110110110001
52,119.0,11100101110110110001,119.0,11100101110110110001
52,119.0,11100101110110110001,119.0,11100101110110110001
52,119.0,11100101110110110001,119.0,11100101110110110001
52,119.0,11100101110110110001,119.0,11100101110110110001
52,119.0,11100101110110110001,119.0,11100101110110110001
52,119.0,11100101110110110001,119.0,11100101110110110001
53,1099.0,01101100111011100100,231.0,00101101111011100011
53,231.0,00101101111011100011,231.0,00101101111011100011
53,231.0,00101101111011100011,231.0,00101101111011100011
53,231.0,00101101111011100011,231.0,00101101111011100011
53,231.0,00101101111011100011,231.0,00101101111011100011
53,231.0,00101101111011100011,231.0,00101101111011100011
53,231.0,00101101111011100011,231.0,00101101111011100011
53,231.0,00101101111011100011,231.0,00101101111011100011
53,231.0,00101101111011100011,231.0,00101101111011100011
53,231.0,00101101111011100011,231.0,00101101111011100011
53,231.0,00101101111011100011,231.0,00101101111011100011
53,231.0,00101101111011100011,231.0,00101101111011100011
53,231.0,00101101111011100011,231.0,00101101111011100011
53,231.0,00101101111011100011,231.0,00101101111011100011
53,231.0,00101101111011100011,231.0,00101101111011100011
53,231.0,00101101111011100011,231.0,00101101111011100011
53,231.0,00101101111011100011,231.0,00101101111011100011
53,231.0,00101101111011100011,231.0,00101101111011100011
53,231.0,00101101111011100011,231.0,00101101111011100011
53,231.0,00101101111011100011,231.0,00101101111011100011
53,231.0,00101101111011100011,231.0,00101101111011100011
53,231.0,00101101111011100011,231.0,00101101111011100011
53,231.0,00101101111011100011,231.0,00101101111011100011
53,231.0,00101101111011100011,231.0,00101101111011100011
53,231.0,00101101111011100011,231.0,00101101111011100011
53,231.0,00101101111011100011,231.0,00101101111011100011
53,231.0,00101101111011100011,231.0,00101101111011100011
53,231.0,00101101111011100011,231.0,00101101111011100011
53,231.0,00101101111011100011,231.0,00101101111011100011
53,231.0,00101101111011100011,231.0,00101101111011100011
53,231.0,00101101111011100011,231.0,00101101111011100011
53,231.0,00101101111011100011,231.0,00101101111011100011
53,231.0,00101101111011100011,231.0,00101101111011100011
53,231.0,00101101111011100011,231.0,00101101111011100011
53,231.0,00101101111011100011,231.0,00101101111011100011
53,231.0,00101101111011100011,231.0,00101101111011100011
53,231.0,00101101111011100011,231.0,00101101111011100011
53,231.0,00101101111011100011,231.0,00101101111011100011
54,50955.0,10011111010110100011,5213.0,00111011110100100001
54,5213.0,00111011110100100001,2779.0,10110001010100100111
54,2779.0,10110001010100100111,935.0,11111001110000000100
54,935.0,11111001110000000100,935.0,11111001110000000100
54,935.0,11111001110000000100,219.0,10111011100000000100
54,219.0,10111011100000000100,219.0,10111011100000000100
54,219.0,10111011100000000100,219.0,10111011100000000100
54,219.0,10111011100000000100,219.0,10111011100000000100
54,219.0,10111011100000000100,219.0,10111011100000000100
54,219.0,10111011100000000100,219.0,10111011100000000100
54,219.0,10111011100000000100,219.0,10111011100000000100
54,219.0,10111011100000000100,219.0,10111011100000000100
54,219.0,10111011100000000100,219.0,10111011100000000100
54,219.0,10111011100000000100,219.0,10111011100000000100
54,219.0,10111011100000000100,219.0,10111011100000000100
54,219.0,10111011100000000100,219.0,10111011100000000100
54,219.0,10111011100000000100,219.0,10111011100000000100
54,219.0,10111011100000000100,219.0,10111011100000000100
54,219.0,10111011100000000100,219.0,10111011100000000100
54,219.0,10111011100000000100,219.0,10111011100000000100
54,219.0,10111011100000000100,219.0,10111011100000000100
54,219.0,10111011100000000100,219.0,10111011100000000100
54,219.0,10111011100000000100,219.0,10111011100000000100
54,219.0,10111011100000000100,219.0,10111011100000000100
54,219.0,10111011100000000100,219.0,10111011100000000100
54,219.0,10111011100000000100,219.0,10111011100000000100
54,219.0,10111011100000000100,219.0,10111011100000000100
54,219.0,10111011100000000100,219.0,10111011100000000100
54,219.0,10111011100000000100,219.0,10111011100000000100
54,219.0,10111011100000000100,219.0,10111011100000000100
54,219.0,10111011100000000100,219.0,10111011100000000100
54,219.0,10111011100000000100,219.0,10111011100000000100
54,219.0,10111011100000000100,219.0,10111011100000000100
55,18321.0,00100111100011110010,13757.0,10101111110010110011
55,13757.0,10101111110010110011,12793.0,10100101111010110010
55,12793.0,10100101111010110010,5707.0,10101001111000011010
55,5707.0,10101001111000011010,5707.0,10101001111000011010
55,5707.0,10101001111000011010,2161.0,10101000111110111010
55,2161.0,10101000111110111010,1815.0,11101100011110101010
55,1815.0,11101100011110101010,1509.0,11101110001010101000
55,1509.0,11101110001010101000,377.0,01101011011010100000
55,377.0,01101011011010100000,377.0,01101011011010100000
55,377.0,01101011011010100000,377.0,01101011011010100000
55,377.0,01101011011010100000,377.0,01101011011010100000
55,377.0,01101011011010100000,377.0,01101011011010100000
55,377.0,01101011011010100000,377.0,01101011011010100000
55,377.0,01101011011010100000,377.0,01101011011010100000
55,377.0,01101011011010100000,377.0,01101011011010100000
55,377.0,01101011011010100000,377.0,01101011011010100000
55,377.0,01101011011010100000,377.0,01101011011010100000
55,377.0,01101011011010100000,377.0,01101011011010100000
55,377.0,01101011011010100000,377.0,01101011011010100000
55,377.0,01101011011010100000,377.0,01101011011010100000
55,377.0,01101011011010100000,377.0,01101011011010100000
55,377.0,01101011011010100000,377.0,01101011011010100000
55,377.0,01101011011010100000,377.0,01101011011010100000
55,377.0,01101011011010100000,377.0,01101011011010100000
55,377.0,01101011011010100000,377.0,01101011011010100000
55,377.0,01101011011010100000,377.0,01101011011010100000
55,377.0,01101011011010100000,377.0,01101011011010100000
56,18173.0,10101010111000001110,4535.0,11100000111100001100
56,4535.0,11100000111100001100,4535.0,11100000111100001100
56,4535.0,11100000111100001100,3915.0,11110000101100000100
56,3915.0,11110000101100000100,3733.0,11110100100100001110
56,3733.0,11110100100100001110,3733.0,11110100100100001110
56,3733.0,11110100100100001110,3733.0,11110100100100001110
56,3733.0,11110100100100001110,785.0,11100101100100001110
56,785.0,11100101100100001110,785.0,11100101100100001110
56,785.0,11100101100100001110,785.0,11100101100100001110
56,785.0,11100101100100001110,785.0,11100101100100001110
56,785.0,11100101100100001110,785.0,11100101100100001110
56,785.0,11100101100100001110,785.0,11100101100100001110
56,785.0,11100101100100001110,785.0,11100101100100001110
56,785.0,11100101100100001110,785.0,11100101100100001110
56,785.0,11100101100100001110,785.0,11100101100100001110
56,785.0,11100101100100001110,785.0,11100101100100001110
56,785.0,11100101100100001110,785.0,11100101100100001110
56,785.0,11100101100100001110,785.0,11100101100100001110
56,785.0,11100101100100001110,785.0,11100101100100001110
56,785.0,11100101100100001110,785.0,11100101100100001110
56,785.0,11100101100100001110,779.0,11100001100100111011
56,779.0,11100001100100111011,779.0,11100001100100111011
56,779.0,11100001100100111011,779.0,11100001100100111011
56,779.0,11100001100100111011,779.0,11100001100100111011
56,779.0,11100001100100111011,779.0,11100001100100111011
56,779.0,11100001100100111011,367.0,01101101000101011010
56,367.0,01101101000101011010,367.0,01101101000101011010
56,367.0,01101101000101011010,367.0,01101101000101011010
56,367.0,01101101000101011010,367.0,01101101000101011010
56,367.0,01101101000101011010,367.0,01101101000101011010
56,367.0,01101101000101011010,367.0,01101101000101011010
56,367.0,01101101000101011010,367.0,01101101000101011010
56,367.0,01101101000101011010,367.0,01101101000101011010
56,367.0,01101101000101011010,367.0,01101101000101011010
56,367.0,01101101000101011010,367.0,01101101000101011010
56,367.0,01101101000101011010,367.0,01101101000101011010
56,367.0,01101101000101011010,367.0,01101101000101011010
56,367.0,01101101000101011010,367.0,01101101000101011010
56,367.0,01101101000101011010,367.0,01101101000101011010
56,367.0,01101101000101011010,367.0,01101101000101011010
56,367.0,01101101000101011010,367.0,01101101000101011010
56,367.0,01101101000101011010,239.0,01100001000111010110
56,239.0,01100001000111010110,239.0,01100001000111010110
56,239.0,01100001000111010110,239.0,01100001000111010110
56,239.0,01100001000111010110,239.0,01100001000111010110
56,239.0,01100001000111010110,239.0,01100001000111010110
56,239.0,01100001000111010110,239.0,01100001000111010110
56,239.0,01100001000111010110,11.0,11100000110111010100
56,11.0,11100000110111010100,11.0,11100000110111010100
56,11.0,11100000110111010100,11.0,11100000110111010100
56,11.0,11100000110111010100,11.0,11100000110111010100
56,11.0,11100000110111010100,11.0,11100000110111010100
56,11.0,11100000110111010100,11.0,11100000110111010100
56,11.0,11100000110111010100,11.0,11100000110111010100
56,11.0,11100000110111010100,11.0,11100000110111010100
56,11.0,11100000110111010100,11.0,11100000110111010100
56,11.0,11100000110111010100,11.0,11100000110111010100
56,11.0,11100000110111010100,11.0,11100000110111010100
56,11.0,11100000110111010100,11.0,11100000110111010100
56,11.0,11100000110111010100,11.0,11100000110111010100
56,11.0,11100000110111010100,11.0,11100000110111010100
56,11.0,11100000110111010100,11.0,11100000110111010100
56,11.0,11100000110111010100,11.0,11100000110111010100
56,11.0,11100000110111010100,11.0,11100000110111010100
56,11.0,11100000110111010100,11.0,11100000110111010100
56,11.0,11100000110111010100,11.0,11100000110111010100
56,11.0,11100000110111010100,11.0,11100000110111010100
56,11.0,11100000110111010100,11.0,11100000110111010100
56,11.0,11100000110111010100,11.0,11100000110111010100
56,11.0,11100000110111010100,11.0,11100000110111010100
56,11.0,11100000110111010100,11.0,11100000110111010100
56,11.0,11100000110111010100,11.0,11100000110111010100
56,11.0,11100000110111010100,11.0,11100000110111010100
56,11.0,11100000110111010100,11.0,11100000110111010100
56,11.0,11100000110111010100,11.0,11100000110111010100
56,11.0,11100000110111010100,11.0,11100000110111010100
56,11.0,11100000110111010100,11.0,11100000110111010100
56,11.0,11100000110111010100,11.0,11100000110111010100
56,11.0,11100000110111010100,11.0,11100000110111010100
56,11.0,11100000110111010100,11.0,11100000110111010100
56,11.0,11100000110111010100,11.0,11100000110111010100
56,11.0,11100000110111010100,11.0,11100000110111010100
56,11.0,11100000110111010100,11.0,11100000110111010100
56,11.0,11100000110111010100,11.0,11100000110111010100
56,11.0,11100000110111010100,11.0,11100000110111010100
56,11.0,11100000110111010100,11.0,11100000110111010100
56,11.0,11100000110111010100,11.0,11100000110111010100
56,11.0,11100000110111010100,11.0,11100000110111010100
56,11.0,11100000110111010100,11.0,11100000110111010100
56,11.0,11100000110111010100,11.0,11100000110111010100
56,11.0,11100000110111010100,11.0,11100000110111010100
56,11.0,11100000110111010100,11.0,11100000110111010100
57,9683.0,00010010100111110101,9683.0,00010010100111110101
57,9683.0,00010010100111110101,9519.0,00011100100111111101
57,9519.0,00011100100111111101,5917.0,00110000100111110110
57,5917.0,00110000100111110110,5917.0,00110000100111110110
57,5917.0,00110000100111110110,1273.0,00110000010111110101
57,1273.0,00110000010111110101,1273.0,00110000010111110101
57,1273.0,00110000010111110101,1273.0,00110000010111110101
57,1273.0,00110000010111110101,1273.0,00110000010111110101
57,1273.0,00110000010111110101,1273.0,00110000010111110101
57,1273.0,00110000010111110101,395.0,00111000001110101101
57,395.0,00111000001110101101,395.0,00111000001110101101
57,395.0,00111000001110101101,395.0,00111000001110101101
57,395.0,00111000001110101101,95.0,00111000011110011011
57,95.0,00111000011110011011,95.0,00111000011110011011
57,95.0,00111000011110011011,95.0,00111000011110011011
57,95.0,00111000011110011011,95.0,00111000011110011011
57,95.0,00111000011110011011,95.0,00111000011110011011
57,95.0,00111000011110011011,95.0,00111000011110011011
57,95.0,00111000011110011011,95.0,00111000011110011011
57,95.0,00111000011110011011,95.0,00111000011110011011
57,95.0,00111000011110011011,95.0,00111000011110011011
57,95.0,00111000011110011011,95.0,00111000011110011011
57,95.0,00111000011110011011,95.0,00111000011110011011
57,95.0,00111000011110011011,95.0,00111000011110011011
57,95.0,00111000011110011011,95.0,00111000011110011011
57,95.0,00111000011110011011,95.0,00111000011110011011
57,95.0,00111000011110011011,95.0,00111000011110011011
57,95.0,00111000011110011011,95.0,00111000011110011011
57,95.0,00111000011110011011,95.0,00111000011110011011
57,95.0,00111000011110011011,95.0,00111000011110011011
57,95.0,00111000011110011011,95.0,00111000011110011011
57,95.0,00111000011110011011,95.0,00111000011110011011
57,95.0,00111000011110011011,95.0,00111000011110011011
57,95.0,00111000011110011011,95.0,00111000011110011011
57,95.0,00111000011110011011,95.0,00111000011110011011
57,95.0,00111000011110011011,95.0,00111000011110011011
57,95.0,00111000011110011011,95.0,00111000011110011011
57,95.0,00111000011110011011,95.0,00111000011110011011
57,95.0,00111000011110011011,95.0,00111000011110011011
57,95.0,00111000011110011011,95.0,00111000011110011011
57,95.0,00111000011110011011,95.0,00111000011110011011
57,95.0,00111000011110011011,95.0,00111000011110011011
57,95.0,00111000011110011011,95.0,00111000011110011011
57,95.0,00111000011110011011,95.0,00111000011110011011
57,95.0,00111000011110011011,95.0,00111000011110011011
58,3611.0,10100011000001010100,3547.0,11101010010001010110
58,3547.0,11101010010001010110,3547.0,11101010010001010110
58,3547.0,11101010010001010110,23.0,11110010010000010100
58,23.0,11110010010000010100,23.0,11110010010000010100
58,23.0,11110010010000010100,23.0,11110010010000010100
58,23.0,11110010010000010100,23.0,11110010010000010100
58,23.0,11110010010000010100,23.0,11110010010000010100
58,23.0,11110010010000010100,23.0,11110010010000010100
58,23.0,11110010010000010100,23.0,11110010010000010100
58,23.0,11110010010000010100,23.0,11110010010000010100
58,23.0,11110010010000010100,23.0,11110010010000010100
58,23.0,11110010010000010100,23.0,11110010010000010100
58,23.0,11110010010000010100,23.0,11110010010000010100
58,23.0,11110010010000010100,23.0,11110010010000010100
58,23.0,11110010010000010100,23.0,11110010010000010100
58,23.0,11110010010000010100,23.0,11110010010000010100
58,23.0,11110010010000010100,23.0,11110010010000010100
58,23.0,11110010010000010100,23.0,11110010010000010100
58,23.0,11110010010000010100,23.0,11110010010000010100
58,23.0,11110010010000010100,23.0,11110010010000010100
58,23.0,11110010010000010100,23.0,11110010010000010100
58,23.0,11110010010000010100,23.0,11110010010000010100
58,23.0,11110010010000010100,23.0,11110010010000010100
58,23.0,11110010010000010100,23.0,11110010010000010100
58,23.0,11110010010000010100,23.0,11110010010000010100
58,23.0,11110010010000010100,23.0,11110010010000010100
58,23.0,11110010010000010100,23.0,11110010010000010100
58,23.0,11110010010000010100,23.0,11110010010000010100
58,23.0,11110010010000010100,23.0,11110010010000010100
58,23.0,11110010010000010100,23.0,11110010010000010100
58,23.0,11110010010000010100,23.0,11110010010000010100
59,11.0,01001101110110111101,11.0,01001101110110111101
59,11.0,01001101110110111101,11.0,01001101110110111101
59,11.0,01001101110110111101,11.0,01001101110110111101
59,11.0,01001101110110111101,11.0,01001101110110111101
59,11.0,01001101110110111101,11.0,01001101110110111101
59,11.0,01001101110110111101,11.0,01001101110110111101
59,11.0,01001101110110111101,11.0,01001101110110111101
59,11.0,01001101110110111101,11.0,01001101110110111101
59,11.0,01001101110110111101,11.0,01001101110110111101
59,11.0,01001101110110111101,11.0,01001101110110111101
59,11.0,01001101110110111101,11.0,01001101110110111101
59,11.0,01001101110110111101,11.0,01001101110110111101
59,11.0,01001101110110111101,11.0,01001101110110111101
59,11.0,01001101110110111101,11.0,01001101110110111101
59,11.0,01001101110110111101,11.0,01001101110110111101
59,11.0,01001101110110111101,11.0,01001101110110111101
59,11.0,01001101110110111101,11.0,01001101110110111101
59,11.0,01001101110110111101,11.0,01001101110110111101
59,11.0,01001101110110111101,11.0,01001101110110111101
59,11.0,01001101110110111101,11.0,01001101110110111101
59,11.0,01001101110110111101,11.0,01001101110110111101
59,11.0,01001101110110111101,11.0,01001101110110111101
59,11.0,01001101110110111101,11.0,01001101110110111101
59,11.0,01001101110110111101,11.0,01001101110110111101
59,11.0,01001101110110111101,11.0,01001101110110111101
59,11.0,01001101110110111101,11.0,01001101110110111101
59,11.0,01001101110110111101,11.0,01001101110110111101
59,11.0,01001101110110111101,11.0,01001101110110111101
59,11.0,01001101110110111101,11.0,01001101110110111101
59,11.0,01001101110110111101,11.0,01001101110110111101
59,11.0,01001101110110111101,11.0,01001101110110111101
59,11.0,01001101110110111101,11.0,01001101110110111101
59,11.0,01001101110110111101,11.0,01001101110110111101
59,11.0,01001101110110111101,11.0,01001101110110111101
59,11.0,01001101110110111101,11.0,01001101110110111101
59,11.0,01001101110110111101,11.0,01001101110110111101
59,11.0,01001101110110111101,11.0,01001101110110111101
59,11.0,01001101110110111101,11.0,01001101110110111101
59,11.0,01001101110110111101,11.0,01001101110110111101
59,11.0,01001101110110111101,11.0,01001101110110111101
59,11.0,01001101110110111101,11.0,01001101110110111101
59,11.0,01001101110110111101,11.0,01001101110110111101
59,11.0,01001101110110111101,11.0,01001101110110111101
59,11.0,01001101110110111101,11.0,01001101110110111101
59,11.0,01001101110110111101,11.0,01001101110110111101
59,11.0,01001101110110111101,11.0,01001101110110111101
59,11.0,01001101110110111101,11.0,01001101110110111101
59,11.0,01001101110110111101,11.0,01001101110110111101
59,11.0,01001101110110111101,11.0,01001101110110111101
60,22291.0,10011011001000001001,15447.0,10011110001001001001
60,15447.0,10011110001001001001,10087.0,10001110011001001111
60,10087.0,10001110011001001111,1035.0,01011000011001001110
60,1035.0,01011000011001001110,1035.0,01011000011001001110
60,1035.0,01011000011001001110,1035.0,01011000011001001110
60,1035.0,01011000011001001110,1035.0,01011000011001001110
60,1035.0,01011000011001001110,157.0,11001101011001000111
60,157.0,11001101011001000111,157.0,11001101011001000111
60,157.0,11001101011001000111,157.0,11001101011001000111
60,157.0,11001101011001000111,157.0,11001101011001000111
60,157.0,11001101011001000111,157.0,11001101011001000111
60,157.0,11001101011001000111,157.0,11001101011001000111
60,157.0,11001101011001000111,157.0,11001101011001000111
60,157.0,11001101011001000111,157.0,11001101011001000111
60,157.0,11001101011001000111,157.0,11001101011001000111
60,157.0,11001101011001000111,157.0,11001101011001000111
60,157.0,11001101011001000111,157.0,11001101011001000111
60,157.0,11001101011001000111,157.0,11001101011001000111
60,157.0,11001101011001000111,157.0,11001101011001000111
60,157.0,11001101011001000111,157.0,11001101011001000111
60,157.0,11001101011001000111,157.0,11001101011001000111
60,157.0,11001101011001000111,157.0,11001101011001000111
60,157.0,11001101011001000111,157.0,11001101011001000111
60,157.0,11001101011001000111,157.0,11001101011001000111
60,157.0,11001101011001000111,157.0,11001101011001000111
60,157.0,11001101011001000111,157.0,11001101011001000111
60,157.0,11001101011001000111,157.0,11001101011001000111
60,157.0,11001101011001000111,157.0,11001101011001000111
60,157.0,11001101011001000111,103.0,11000101110011010110
60,103.0,11000101110011010110,103.0,11000101110011010110
60,103.0,11000101110011010110,103.0,11000101110011010110
60,103.0,11000101110011010110,103.0,11000101110011010110
60,103.0,11000101110011010110,103.0,11000101110011010110
60,103.0,11000101110011010110,103.0,11000101110011010110
60,103.0,11000101110011010110,103.0,11000101110011010110
60,103.0,11000101110011010110,103.0,11000101110011010110
60,103.0,11000101110011010110,103.0,11000101110011010110
60,103.0,11000101110011010110,103.0,11000101110011010110
60,103.0,11000101110011010110,103.0,11000101110011010110
60,103.0,11000101110011010110,103.0,11000101110011010110
60,103.0,11000101110011010110,103.0,11000101110011010110
60,103.0,11000101110011010110,103.0,11000101110011010110
60,103.0,11000101110011010110,103.0,11000101110011010110
60,103.0,11000101110011010110,103.0,11000101110011010110
60,103.0,11000101110011010110,103.0,11000101110011010110
60,103.0,11000101110011010110,103.0,11000101110011010110
60,103.0,11000101110011010110,103.0,11000101110011010110
60,103.0,11000101110011010110,103.0,11000101110011010110
60,103.0,11000101110011010110,103.0,11000101110011010110
60,103.0,11000101110011010110,103.0,11000101110011010110
60,103.0,11000101110011010110,103.0,11000101110011010110
60,103.0,11000101110011010110,103.0,11000101110011010110
60,103.0,11000101110011010110,11.0,11100000110111010100
60,11.0,11100000110111010100,11.0,11100000110111010100
60,11.0,11100000110111010100,11.0,11100000110111010100
60,11.0,11100000110111010100,11.0,11100000110111010100
60,11.0,11100000110111010100,11.0,11100000110111010100
60,11.0,11100000110111010100,11.0,11100000110111010100
60,11.0,11100000110111010100,11.0,11100000110111010100
60,11.0,11100000110111010100,11.0,11100000110111010100
60,11.0,11100000110111010100,11.0,11100000110111010100
60,11.0,11100000110111010100,11.0,11100000110111010100
60,11.0,11100000110111010100,11.0,11100000110111010100
60,11.0,11100000110111010100,11.0,11100000110111010100
60,11.0,11100000110111010100,11.0,11100000110111010100
60,11.0,11100000110111010100,11.0,11100000110111010100
60,11.0,11100000110111010100,11.0,11100000110111010100
60,11.0,11100000110111010100,11.0,11100000110111010100
60,11.0,11100000110111010100,11.0,11100000110111010100
60,11.0,11100000110111010100,11.0,11100000110111010100
60,11.0,11100000110111010100,11.0,11100000110111010100
60,11.0,11100000110111010100,11.0,11100000110111010100
60,11.0,11100000110111010100,11.0,11100000110111010100
60,11.0,11100000110111010100,11.0,11100000110111010100
60,11.0,11100000110111010100,11.0,11100000110111010100
60,11.0,11100000110111010100,11.0,11100000110111010100
60,11.0,11100000110111010100,11.0,11100000110111010100
60,11.0,11100000110111010100,11.0,11100000110111010100
60,11.0,11100000110111010100,11.0,11100000110111010100
60,11.0,11100000110111010100,11.0,11100000110111010100
60,11.0,11100000110111010100,11.0,11100000110111010100
60,11.0,11100000110111010100,11.0,11100000110111010100
60,11.0,11100000110111010100,11.0,11100000110111010100
60,11.0,11100000110111010100,11.0,11100000110111010100
60,11.0,11100000110111010100,11.0,11100000110111010100
60,11.0,11100000110111010100,11.0,11100000110111010100
60,11.0,11100000110111010100,11.0,11100000110111010100
60,11.0,11100000110111010100,11.0,11100000110111010100
60,11.0,11100000110111010100,11.0,11100000110111010100
60,11.0,11100000110111010100,11.0,11100000110111010100
60,11.0,11100000110111010100,11.0,11100000110111010100
60,11.0,11100000110111010100,11.0,11100000110111010100
60,11.0,11100000110111010100,11.0,11100000110111010100
60,11.0,11100000110111010100,11.0,11100000110111010100
60,11.0,11100000110111010100,11.0,11100000110111010100
60,11.0,11100000110111010100,11.0,11100000110111010100
60,11.0,11100000110111010100,11.0,11100000110111010100
60,11.0,11100000110111010100,11.0,11100000110111010100
61,24801.0,01000011000001011110,14669.0,01010110000001101110
61,14669.0,01010110000001101110,14669.0,01010110000001101110
61,14669.0,01010110000001101110,1749.0,01010000100011111111
61,1749.0,01010000100011111111,1377.0,11011000101010111011
61,1377.0,11011000101010111011,1377.0,11011000101010111011
61,1377.0,11011000101010111011,1377.0,11011000101010111011
61,1377.0,11011000101010111011,1377.0,11011000101010111011
61,1377.0,11011000101010111011,1377.0,11011000101010111011
61,1377.0,11011000101010111011,785.0,11011000001000111110
61,785.0,11011000001000111110,785.0,11011000001000111110
61,785.0,11011000001000111110,785.0,11011000001000111110
61,785.0,11011000001000111110,231.0,11010010000100011100
61,231.0,11010010000100011100,231.0,11010010000100011100
61,231.0,11010010000100011100,231.0,11010010000100011100
61,231.0,11010010000100011100,231.0,11010010000100011100
61,231.0,11010010000100011100,231.0,11010010000100011100
61,231.0,11010010000100011100,231.0,11010010000100011100
61,231.0,11010010000100011100,231.0,11010010000100011100
61,231.0,11010010000100011100,231.0,11010010000100011100
61,231.0,11010010000100011100,231.0,11010010000100011100
61,231.0,11010010000100011100,231.0,11010010000100011100
61,231.0,11010010000100011100,231.0,11010010000100011100
61,231.0,11010010000100011100,231.0,11010010000100011100
61,231.0,11010010000100011100,231.0,11010010000100011100
61,231.0,11010010000100011100,231.0,11010010000100011100
61,231.0,11010010000100011100,231.0,11010010000100011100
61,231.0,11010010000100011100,231.0,11010010000100011100
61,231.0,11010010000100011100,231.0,11010010000100011100
61,231.0,11010010000100011100,231.0,11010010000100011100
61,231.0,11010010000100011100,231.0,11010010000100011100
61,231.0,11010010000100011100,231.0,11010010000100011100
61,231.0,11010010000100011100,231.0,11010010000100011100
61,231.0,11010010000100011100,231.0,11010010000100011100
61,231.0,11010010000100011100,231.0,11010010000100011100
61,231.0,11010010000100011100,231.0,11010010000100011100
61,231.0,11010010000100011100,231.0,11010010000100011100
61,231.0,11010010000100011100,231.0,11010010000100011100
61,231.0,11010010000100011100,231.0,11010010000100011100
61,231.0,11010010000100011100,231.0,11010010000100011100
61,231.0,11010010000100011100,231.0,11010010000100011100
61,231.0,11010010000100011100,231.0,11010010000100011100
61,231.0,11010010000100011100,231.0,11010010000100011100
61,231.0,11010010000100011100,231.0,11010010000100011100
61,231.0,11010010000100011100,231.0,11010010000100011100
61,231.0,11010010000100011100,231.0,11010010000100011100
61,231.0,11010010000100011100,231.0,11010010000100011100
61,231.0,11010010000100011100,231.0,11010010000100011100
61,231.0,11010010000100011100,231.0,11010010000100011100
61,231.0,11010010000100011100,231.0,11010010000100011100
61,231.0,11010010000100011100,231.0,11010010000100011100
61,231.0,11010010000100011100,231.0,11010010000100011100
61,231.0,11010010000100011100,231.0,11010010000100011100
61,231.0,11010010000100011100,231.0,11010010000100011100
61,231.0,11010010000100011100,231.0,11010010000100011100
61,231.0,11010010000100011100,231.0,11010010000100011100
61,231.0,11010010000100011100,231.0,11010010000100011100
61,231.0,11010010000100011100,231.0,11010010000100011100
62,16793.0,01100100101101101011,16793.0,01100100101101101011
62,16793.0,01100100101101101011,10911.0,01100100001111101010
62,10911.0,01100100001111101010,2539.0,01111001000001001011
62,2539.0,01111001000001001011,2539.0,01111001000001001011
62,2539.0,01111001000001001011,2539.0,01111001000001001011
62,2539.0,01111001000001001011,2539.0,01111001000001001011
62,2539.0,01111001000001001011,367.0,01101101000101011010
62,367.0,01101101000101011010,367.0,01101101000101011010
62,367.0,01101101000101011010,139.0,11101100110101011000
62,139.0,11101100110101011000,139.0,11101100110101011000
62,139.0,11101100110101011000,139.0,11101100110101011000
62,139.0,11101100110101011000,139.0,11101100110101011000
62,139.0,11101100110101011000,139.0,11101100110101011000
62,139.0,11101100110101011000,139.0,11101100110101011000
62,139.0,11101100110101011000,139.0,11101100110101011000
62,139.0,11101100110101011000,139.0,11101100110101011000
62,139.0,11101100110101011000,139.0,11101100110101011000
62,139.0,11101100110101011000,11.0,11100000110111010100
62,11.0,11100000110111010100,11.0,11100000110111010100
62,11.0,11100000110111010100,11.0,11100000110111010100
62,11.0,11100000110111010100,11.0,11100000110111010100
62,11.0,11100000110111010100,11.0,11100000110111010100
62,11.0,11100000110111010100,11.0,11100000110111010100
62,11.0,11100000110111010100,11.0,11100000110111010100
62,11.0,11100000110111010100,11.0,11100000110111010100
62,11.0,11100000110111010100,11.0,11100000110111010100
62,11.0,11100000110111010100,11.0,11100000110111010100
62,11.0,11100000110111010100,11.0,11100000110111010100
62,11.0,11100000110111010100,11.0,11100000110111010100
62,11.0,11100000110111010100,11.0,11100000110111010100
62,11.0,11100000110111010100,11.0,11100000110111010100
62,11.0,11100000110111010100,11.0,11100000110111010100
62,11.0,11100000110111010100,11.0,11100000110111010100
62,11.0,11100000110111010100,11.0,11100000110111010100
62,11.0,11100000110111010100,11.0,11100000110111010100
62,11.0,11100000110111010100,11.0,11100000110111010100
62,11.0,11100000110111010100,11.0,11100000110111010100
62,11.0,11100000110111010100,11.0,11100000110111010100
62,11.0,11100000110111010100,11.0,11100000110111010100
62,11.0,11100000110111010100,11.0,11100000110111010100
62,11.0,11100000110111010100,11.0,11100000110111010100
62,11.0,11100000110111010100,11.0,11100000110111010100
62,11.0,11100000110111010100,11.0,11100000110111010100
62,11.0,11100000110111010100,11.0,11100000110111010100
62,11.0,11100000110111010100,11.0,11100000110111010100
62,11.0,11100000110111010100,11.0,11100000110111010100
62,11.0,11100000110111010100,11.0,11100000110111010100
62,11.0,11100000110111010100,11.0,11100000110111010100
62,11.0,11100000110111010100,11.0,11100000110111010100
62,11.0,11100000110111010100,11.0,11100000110111010100
62,11.0,11100000110111010100,11.0,11100000110111010100
62,11.0,11100000110111010100,11.0,11100000110111010100
62,11.0,11100000110111010100,11.0,11100000110111010100
62,11.0,11100000110111010100,11.0,11100000110111010100
62,11.0,11100000110111010100,11.0,11100000110111010100
62,11.0,11100000110111010100,11.0,11100000110111010100
62,11.0,11100000110111010100,11.0,11100000110111010100
62,11.0,11100000110111010100,11.0,11100000110111010100
63,60023.0,11110011000010000010,60023.0,11110011000010000010
63,60023.0,11110011000010000010,47241.0,11110001000010101000
63,47241.0,11110001000010101000,19029.0,01111001010010101010
63,19029.0,01111001010010101010,10973.0,01111110010010101010
63,10973.0,01111110010010101010,10973.0,01111110010010101010
63,10973.0,01111110010010101010,5767.0,01110111010000100010
63,5767.0,01110111010000100010,2535.0,01110011000100100011
63,2535.0,01110011000100100011,2535.0,01110011000100100011
63,2535.0,01110011000100100011,2535.0,01110011000100100011
63,2535.0,01110011000100100011,2231.0,01110001000100001100
63,2231.0,01110001000100001100,2231.0,01110001000100001100
63,2231.0,01110001000100001100,2231.0,01110001000100001100
63,2231.0,01110001000100001100,2231.0,01110001000100001100
63,2231.0,01110001000100001100,2231.0,01110001000100001100
63,2231.0,01110001000100001100,2231.0,01110001000100001100
63,2231.0,01110001000100001100,2231.0,01110001000100001100
63,2231.0,01110001000100001100,2231.0,01110001000100001100
63,2231.0,01110001000100001100,2231.0,01110001000100001100
63,2231.0,01110001000100001100,2231.0,01110001000100001100
63,2231.0,01110001000100001100,2231.0,01110001000100001100
63,2231.0,01110001000100001100,2231.0,01110001000100001100
63,2231.0,01110001000100001100,2231.0,01110001000100001100
63,2231.0,01110001000100001100,2231.0,01110001000100001100
63,2231.0,01110001000100001100,2231.0,01110001000100001100
63,2231.0,01110001000100001100,1479.0,01110100010100011110
63,1479.0,01110100010100011110,1479.0,01110100010100011110
63,1479.0,01110100010100011110,1169.0,01111100100100011111
63,1169.0,01111100100100011111,409.0,01111000100100111100
63,409.0,01111000100100111100,409.0,01111000100100111100
63,409.0,01111000100100111100,409.0,01111000100100111100
63,409.0,01111000100100111100,409.0,01111000100100111100
63,409.0,01111000100100111100,409.0,01111000100100111100
63,409.0,01111000100100111100,409.0,01111000100100111100
63,409.0,01111000100100111100,409.0,01111000100100111100
63,409.0,01111000100100111100,409.0,01111000100100111100
63,409.0,01111000100100111100,409.0,01111000100100111100
63,409.0,01111000100100111100,409.0,01111000100100111100
63,409.0,01111000100100111100,409.0,01111000100100111100
63,409.0,01111000100100111100,409.0,01111000100100111100
63,409.0,01111000100100111100,409.0,01111000100100111100
63,409.0,01111000100100111100,409.0,01111000100100111100
63,409.0,01111000100100111100,409.0,01111000100100111100
63,409.0,01111000100100111100,409.0,01111000100100111100
63,409.0,01111000100100111100,409.0,01111000100100111100
63,409.0,01111000100100111100,409.0,01111000100100111100
63,409.0,01111000100100111100,409.0,01111000100100111100
63,409.0,01111000100100111100,409.0,01111000100100111100
63,409.0,01111000100100111100,409.0,01111000100100111100
63,409.0,01111000100100111100,409.0,01111000100100111100
63,409.0,01111000100100111100,409.0,01111000100100111100
63,409.0,01111000100100111100,409.0,01111000100100111100
63,409.0,01111000100100111100,409.0,01111000100100111100
63,409.0,01111000100100111100,409.0,01111000100100111100
63,409.0,01111000100100111100,409.0,01111000100100111100
63,409.0,01111000100100111100,409.0,01111000100100111100
63,409.0,01111000100100111100,409.0,01111000100100111100
63,409.0,01111000100100111100,409.0,01111000100100111100
63,409.0,01111000100100111100,409.0,01111000100100111100
63,409.0,01111000100100111100,111.0,01111110100100100110
63,111.0,01111110100100100110,111.0,01111110100100100110
63,111.0,01111110100100100110,111.0,01111110100100100110
63,111.0,01111110100100100110,111.0,01111110100100100110
63,111.0,01111110100100100110,111.0,01111110100100100110
63,111.0,01111110100100100110,111.0,01111110100100100110
63,111.0,01111110100100100110,111.0,01111110100100100110
63,111.0,01111110100100100110,111.0,01111110100100100110
63,111.0,01111110100100100110,111.0,01111110100100100110
63,111.0,01111110100100100110,111.0,01111110100100100110
63,111.0,01111110100100100110,111.0,01111110100100100110
63,111.0,01111110100100100110,111.0,01111110100100100110
63,111.0,01111110100100100110,111.0,01111110100100100110
63,111.0,01111110100100100110,111.0,01111110100100100110
63,111.0,01111110100100100110,111.0,01111110100100100110
63,111.0,01111110100100100110,111.0,01111110100100100110
63,111.0,01111110100100100110,111.0,01111110100100100110
63,111.0,01111110100100100110,111.0,01111110100100100110
63,111.0,01111110100100100110,111.0,01111110100100100110
63,111.0,01111110100100100110,111.0,01111110100100100110
63,111.0,01111110100100100110,111.0,01111110100100100110
64,10995.0,11100100111001000110,249.0,11101000011101000101
64,249.0,11101000011101000101,249.0,11101000011101000101
64,249.0,11101000011101000101,143.0,11011100001101000100
64,143.0,11011100001101000100,143.0,11011100001101000100
64,143.0,11011100001101000100,143.0,11011100001101000100
64,143.0,11011100001101000100,143.0,11011100001101000100
64,143.0,11011100001101000100,143.0,11011100001101000100
64,143.0,11011100001101000100,143.0,11011100001101000100
64,143.0,11011100001101000100,143.0,11011100001101000100
64,143.0,11011100001101000100,143.0,11011100001101000100
64,143.0,11011100001101000100,143.0,11011100001101000100
64,143.0,11011100001101000100,143.0,11011100001101000100
64,143.0,11011100001101000100,143.0,11011100001101000100
64,143.0,11011100001101000100,143.0,11011100001101000100
64,143.0,11011100001101000100,143.0,11011100001101000100
64,143.0,11011100001101000100,143.0,11011100001101000100
64,143.0,11011100001101000100,143.0,11011100001101000100
64,143.0,11011100001101000100,143.0,11011100001101000100
64,143.0,11011100001101000100,143.0,11011100001101000100
64,143.0,11011100001101000100,143.0,11011100001101000100
64,143.0,11011100001101000100,143.0,11011100001101000100
64,143.0,11011100001101000100,143.0,11011100001101000100
64,143.0,11011100001101000100,143.0,11011100001101000100
64,143.0,11011100001101000100,143.0,11011100001101000100
64,143.0,11011100001101000100,143.0,11011100001101000100
65,6687.0,10011000001111101001,6687.0,10011000001111101001
65,6687.0,10011000001111101001,5115.0,10011011000001001010
65,5115.0,10011011000001001010,3279.0,10010011010000001110
65,3279.0,10010011010000001110,457.0,00010011001000001100
65,457.0,00010011001000001100,343.0,01010010001000011101
65,343.0,01010010001000011101,343.0,01010010001000011101
65,343.0,01010010001000011101,343.0,01010010001000011101
65,343.0,01010010001000011101,343.0,01010010001000011101
65,343.0,01010010001000011101,343.0,01010010001000011101
65,343.0,01010010001000011101,343.0,01010010001000011101
65,343.0,01010010001000011101,343.0,01010010001000011101
65,343.0,01010010001000011101,343.0,01010010001000011101
65,343.0,01010010001000011101,343.0,01010010001000011101
65,343.0,01010010001000011101,343.0,01010010001000011101
65,343.0,01010010001000011101,343.0,01010010001000011101
65,343.0,01010010001000011101,343.0,01010010001000011101
65,343.0,01010010001000011101,343.0,01010010001000011101
65,343.0,01010010001000011101,343.0,01010010001000011101
65,343.0,01010010001000011101,343.0,01010010001000011101
65,343.0,01010010001000011101,119.0,00011010001001001110
65,119.0,00011010001001001110,119.0,00011010001001001110
65,119.0,00011010001001001110,119.0,00011010001001001110
65,119.0,00011010001001001110,119.0,00011010001001001110
65,119.0,00011010001001001110,119.0,00011010001001001110
65,119.0,00011010001001001110,119.0,00011010001001001110
65,119.0,00011010001001001110,119.0,00011010001001001110
65,119.0,00011010001001001110,119.0,00011010001001001110
65,119.0,00011010001001001110,119.0,00011010001001001110
65,119.0,00011010001001001110,119.0,00011010001001001110
65,119.0,00011010001001001110,119.0,00011010001001001110
65,119.0,00011010001001001110,119.0,00011010001001001110
65,119.0,00011010001001001110,119.0,00011010001001001110
65,119.0,00011010001001001110,119.0,00011010001001001110
65,119.0,00011010001001001110,119.0,00011010001001001110
65,119.0,00011010001001001110,119.0,00011010001001001110
65,119.0,00011010001001001110,119.0,00011010001001001110
65,119.0,00011010001001001110,119.0,00011010001001001110
65,119.0,00011010001001001110,119.0,00011010001001001110
65,119.0,00011010001001001110,119.0,00011010001001001110
65,119.0,00011010001001001110,119.0,00011010001001001110
65,119.0,00011010001001001110,119.0,00011010001001001110
65,119.0,00011010001001001110,119.0,00011010001001001110
65,119.0,00011010001001001110,119.0,00011010001001001110
65,119.0,00011010001001001110,119.0,00011010001001001110
65,119.0,00011010001001001110,119.0,00011010001001001110
65,119.0,00011010001001001110,119.0,00011010001001001110
65,119.0,00011010001001001110,119.0,00011010001001001110
65,119.0,00011010001001001110,119.0,00011010001001001110
65,119.0,00011010001001001110,119.0,00011010001001001110
65,119.0,00011010001001001110,119.0,00011010001001001110
65,119.0,00011010001001001110,119.0,00011010001001001110
65,119.0,00011010001001001110,119.0,00011010001001001110
66,110343.0,11100011000110001000,19105.0,11100010001110001000
66,19105.0,11100010001110001000,19105.0,11100010001110001000
66,19105.0,11100010001110001000,19105.0,11100010001110001000
66,19105.0,11100010001110001000,2553.0,11101010001100100110
66,2553.0,11101010001100100110,1403.0,10101010001101000101
66,1403.0,10101010001101000101,473.0,10100110001001100110
66,473.0,10100110001001100110,473.0,10100110001001100110
66,473.0,10100110001001100110,473.0,10100110001001100110
66,473.0,10100110001001100110,473.0,10100110001001100110
66,473.0,10100110001001100110,31.0,10111010000001100111
66,31.0,10111010000001100111,11.0,10110010001001000010
66,11.0,10110010001001000010,11.0,10110010001001000010
66,11.0,10110010001001000010,11.0,10110010001001000010
66,11.0,10110010001001000010,11.0,10110010001001000010
66,11.0,10110010001001000010,11.0,10110010001001000010
66,11.0,10110010001001000010,11.0,10110010001001000010
66,11.0,10110010001001000010,11.0,10110010001001000010
66,11.0,10110010001001000010,11.0,10110010001001000010
66,11.0,10110010001001000010,11.0,10110010001001000010
66,11.0,10110010001001000010,11.0,10110010001001000010
66,11.0,10110010001001000010,11.0,10110010001001000010
66,11.0,10110010001001000010,11.0,10110010001001000010
66,11.0,10110010001001000010,11.0,10110010001001000010
66,11.0,10110010001001000010,11.0,10110010001001000010
66,11.0,10110010001001000010,11.0,10110010001001000010
66,11.0,10110010001001000010,11.0,10110010001001000010
66,11.0,10110010001001000010,11.0,10110010001001000010
66,11.0,10110010001001000010,11.0,10110010001001000010
66,11.0,10110010001001000010,11.0,10110010001001000010
66,11.0,10110010001001000010,11.0,10110010001001000010
66,11.0,10110010001001000010,11.0,10110010001001000010
66,11.0,10110010001001000010,11.0,10110010001001000010
66,11.0,10110010001001000010,11.0,10110010001001000010
66,11.0,10110010001001000010,11.0,10110010001001000010
66,11.0,10110010001001000010,11.0,10110010001001000010
66,11.0,10110010001001000010,11.0,10110010001001000010
66,11.0,10110010001001000010,11.0,10110010001001000010
66,11.0,10110010001001000010,11.0,10110010001001000010
66,11.0,10110010001001000010,11.0,10110010001001000010
66,11.0,10110010001001000010,11.0,10110010001001000010
66,11.0,10110010001001000010,11.0,10110010001001000010
66,11.0,10110010001001000010,11.0,10110010001001000010
66,11.0,10110010001001000010,11.0,10110010001001000010
66,11.0,10110010001001000010,11.0,10110010001001000010
66,11.0,10110010001001000010,11.0,10110010001001000010
66,11.0,10110010001001000010,11.0,10110010001001000010
66,11.0,10110010001001000010,11.0,10110010001001000010
66,11.0,10110010001001000010,11.0,10110010001001000010
66,11.0,10110010001001000010,11.0,10110010001001000010
66,11.0,10110010001001000010,11.0,10110010001001000010
66,11.0,10110010001001000010,11.0,10110010001001000010
66,11.0,10110010001001000010,11.0,10110010001001000010
66,11.0,10110010001001000010,11.0,10110010001001000010
66,11.0,10110010001001000010,11.0,10110010001001000010
66,11.0,10110010001001000010,11.0,10110010001001000010
66,11.0,10110010001001000010,11.0,10110010001001000010
66,11.0,10110010001001000010,11.0,10110010001001000010
66,11.0,10110010001001000010,11.0,10110010001001000010
66,11.0,10110010001001000010,11.0,10110010001001000010
66,11.0,10110010001001000010,11.0,10110010001001000010
66,11.0,10110010001001000010,11.0,10110010001001000010
66,11.0,10110010001001000010,11.0,10110010001001000010
66,11.0,10110010001001000010,11.0,10110010001001000010
66,11.0,10110010001001000010,11.0,10110010001001000010
67,14325.0,11111101100100100001,14325.0,11111101100100100001
67,14325.0,11111101100100100001,14149.0,11111001110010100001
67,14149.0,11111001110010100001,13297.0,10111001110010110011
67,13297.0,10111001110010110011,683.0,10110011110010000000
67,683.0,10110011110010000000,683.0,10110011110010000000
67,683.0,10110011110010000000,683.0,10110011110010000000
67,683.0,10110011110010000000,683.0,10110011110010000000
67,683.0,10110011110010000000,219.0,10111011100000000100
67,219.0,10111011100000000100,219.0,10111011100000000100
67,219.0,10111011100000000100,219.0,10111011100000000100
67,219.0,10111011100000000100,219.0,10111011100000000100
67,219.0,10111011100000000100,219.0,10111011100000000100
67,219.0,10111011100000000100,31.0,10111010000001100111
67,31.0,10111010000001100111,31.0,10111010000001100111
67,31.0,10111010000001100111,31.0,10111010000001100111
67,31.0,10111010000001100111,31.0,10111010000001100111
67,31.0,10111010000001100111,31.0,10111010000001100111
67,31.0,10111010000001100111,31.0,10111010000001100111
67,31.0,10111010000001100111,31.0,10111010000001100111
67,31.0,10111010000001100111,31.0,10111010000001100111
67,31.0,10111010000001100111,31.0,10111010000001100111
67,31.0,10111010000001100111,31.0,10111010000001100111
67,31.0,10111010000001100111,31.0,10111010000001100111
67,31.0,10111010000001100111,31.0,10111010000001100111
67,31.0,10111010000001100111,31.0,10111010000001100111
67,31.0,10111010000001100111,31.0,10111010000001100111
67,31.0,10111010000001100111,31.0,10111010000001100111
67,31.0,10111010000001100111,31.0,10111010000001100111
67,31.0,10111010000001100111,31.0,10111010000001100111
67,31.0,10111010000001100111,31.0,10111010000001100111
67,31.0,10111010000001100111,31.0,10111010000001100111
67,31.0,10111010000001100111,31.0,10111010000001100111
67,31.0,10111010000001100111,31.0,10111010000001100111
67,31.0,10111010000001100111,31.0,10111010000001100111
67,31.0,10111010000001100111,31.0,10111010000001100111
67,31.0,10111010000001100111,31.0,10111010000001100111
67,31.0,10111010000001100111,31.0,10111010000001100111
67,31.0,10111010000001100111,31.0,10111010000001100111
67,31.0,10111010000001100111,31.0,10111010000001100111
67,31.0,10111010000001100111,31.0,10111010000001100111
67,31.0,10111010000001100111,31.0,10111010000001100111
67,31.0,10111010000001100111,31.0,10111010000001100111
67,31.0,10111010000001100111,31.0,10111010000001100111
67,31.0,10111010000001100111,31.0,10111010000001100111
67,31.0,10111010000001100111,11.0,10110010001001000010
67,11.0,10110010001001000010,11.0,10110010001001000010
67,11.0,10110010001001000010,11.0,10110010001001000010
67,11.0,10110010001001000010,11.0,10110010001001000010
67,11.0,10110010001001000010,11.0,10110010001001000010
67,11.0,10110010001001000010,11.0,10110010001001000010
67,11.0,10110010001001000010,11.0,10110010001001000010
67,11.0,10110010001001000010,11.0,10110010001001000010
67,11.0,10110010001001000010,11.0,10110010001001000010
67,11.0,10110010001001000010,11.0,10110010001001000010
67,11.0,10110010001001000010,11.0,10110010001001000010
67,11.0,10110010001001000010,11.0,10110010001001000010
67,11.0,10110010001001000010,11.0,10110010001001000010
67,11.0,10110010001001000010,11.0,10110010001001000010
67,11.0,10110010001001000010,11.0,10110010001001000010
67,11.0,10110010001001000010,11.0,10110010001001000010
67,11.0,10110010001001000010,11.0,10110010001001000010
67,11.0,10110010001001000010,11.0,10110010001001000010
67,11.0,10110010001001000010,11.0,10110010001001000010
67,11.0,10110010001001000010,11.0,10110010001001000010
67,11.0,10110010001001000010,11.0,10110010001001000010
67,11.0,10110010001001000010,11.0,10110010001001000010
67,11.0,10110010001001000010,11.0,10110010001001000010
67,11.0,10110010001001000010,11.0,10110010001001000010
67,11.0,10110010001001000010,11.0,10110010001001000010
67,11.0,10110010001001000010,11.0,10110010001001000010
67,11.0,10110010001001000010,11.0,10110010001001000010
67,11.0,10110010001001000010,11.0,10110010001001000010
67,11.0,10110010001001000010,11.0,10110010001001000010
67,11.0,10110010001001000010,11.0,10110010001001000010
67,11.0,10110010001001000010,11.0,10110010001001000010
67,11.0,10110010001001000010,11.0,10110010001001000010
67,11.0,10110010001001000010,11.0,10110010001001000010
67,11.0,10110010001001000010,11.0,10110010001001000010
67,11.0,10110010001001000010,11.0,10110010001001000010
67,11.0,10110010001001000010,11.0,10110010001001000010
67,11.0,10110010001001000010,11.0,10110010001001000010
67,11.0,10110010001001000010,11.0,10110010001001000010
67,11.0,10110010001001000010,11.0,10110010001001000010
67,11.0,10110010001001000010,11.0,10110010001001000010
67,11.0,10110010001001000010,11.0,10110010001001000010
67,11.0,10110010001001000010,11.0,10110010001001000010
67,11.0,10110010001001000010,11.0,10110010001001000010
67,11.0,10110010001001000010,11.0,10110010001001000010
67,11.0,10110010001001000010,11.0,10110010001001000010
67,11.0,10110010001001000010,11.0,10110010001001000010
67,11.0,10110010001001000010,11.0,10110010001001000010
67,11.0,10110010001001000010,11.0,10110010001001000010
67,11.0,10110010001001000010,11.0,10110010001001000010
67,11.0,10110010001001000010,11.0,10110010001001000010
67,11.0,10110010001001000010,11.0,10110010001001000010
67,11.0,10110010001001000010,11.0,10110010001001000010
67,11.0,10110010001001000010,11.0,10110010001001000010
67,11.0,10110010001001000010,11.0,10110010001001000010
67,11.0,10110010001001000010,11.0,10110010001001000010
67,11.0,10110010001001000010,11.0,10110010001001000010
67,11.0,10110010001001000010,11.0,10110010001001000010
67,11.0,10110010001001000010,11.0,10110010001001000010
67,11.0,10110010001001000010,11.0,10110010001001000010
67,11.0,10110010001001000010,11.0,10110010001001000010
67,11.0,10110010001001000010,11.0,10110010001001000010
68,2345.0,01101100101010111110,2345.0,01101100101010111110
68,2345.0,01101100101010111110,2345.0,01101100101010111110
68,2345.0,01101100101010111110,1099.0,01101100111011100100
68,1099.0,01101100111011100100,1099.0,01101100111011100100
68,1099.0,01101100111011100100,1099.0,01101100111011100100
68,1099.0,01101100111011100100,1099.0,01101100111011100100
68,1099.0,01101100111011100100,123.0,01100000111011010101
68,123.0,01100000111011010101,123.0,01100000111011010101
68,123.0,01100000111011010101,123.0,01100000111011010101
68,123.0,01100000111011010101,123.0,01100000111011010101
68,123.0,01100000111011010101,123.0,01100000111011010101
68,123.0,01100000111011010101,123.0,01100000111011010101
68,123.0,01100000111011010101,123.0,01100000111011010101
68,123.0,01100000111011010101,123.0,01100000111011010101
68,123.0,01100000111011010101,123.0,01100000111011010101
68,123.0,01100000111011010101,123.0,01100000111011010101
68,123.0,01100000111011010101,123.0,01100000111011010101
68,123.0,01100000111011010101,123.0,01100000111011010101
68,123.0,01100000111011010101,123.0,01100000111011010101
68,123.0,01100000111011010101,123.0,01100000111011010101
68,123.0,01100000111011010101,123.0,01100000111011010101
68,123.0,01100000111011010101,123.0,01100000111011010101
68,123.0,01100000111011010101,123.0,01100000111011010101
68,123.0,01100000111011010101,123.0,01100000111011010101
68,123.0,01100000111011010101,123.0,01100000111011010101
68,123.0,01100000111011010101,123.0,01100000111011010101
68,123.0,01100000111011010101,103.0,11000101110011010110
68,103.0,11000101110011010110,103.0,11000101110011010110
68,103.0,11000101110011010110,103.0,11000101110011010110
68,103.0,11000101110011010110,103.0,11000101110011010110
68,103.0,11000101110011010110,103.0,11000101110011010110
68,103.0,11000101110011010110,103.0,11000101110011010110
68,103.0,11000101110011010110,103.0,11000101110011010110
68,103.0,11000101110011010110,103.0,11000101110011010110
68,103.0,11000101110011010110,103.0,11000101110011010110
68,103.0,11000101110011010110,103.0,11000101110011010110
68,103.0,11000101110011010110,103.0,11000101110011010110
68,103.0,11000101110011010110,103.0,11000101110011010110
68,103.0,11000101110011010110,103.0,11000101110011010110
68,103.0,11000101110011010110,103.0,11000101110011010110
68,103.0,11000101110011010110,103.0,11000101110011010110
68,103.0,11000101110011010110,103.0,11000101110011010110
68,103.0,11000101110011010110,103.0,11000101110011010110
68,103.0,11000101110011010110,103.0,11000101110011010110
68,103.0,11000101110011010110,103.0,11000101110011010110
68,103.0,11000101110011010110,103.0,11000101110011010110
68,103.0,11000101110011010110,103.0,11000101110011010110
68,103.0,11000101110011010110,103.0,11000101110011010110
68,103.0,11000101110011010110,103.0,11000101110011010110
68,103.0,11000101110011010110,103.0,11000101110011010110
68,103.0,11000101110011010110,103.0,11000101110011010110
68,103.0,11000101110011010110,103.0,11000101110011010110
68,103.0,11000101110011010110,103.0,11000101110011010110
68,103.0,11000101110011010110,103.0,11000101110011010110
68,103.0,11000101110011010110,103.0,11000101110011010110
68,103.0,11000101110011010110,103.0,11000101110011010110
68,103.0,11000101110011010110,103.0,11000101110011010110
68,103.0,11000101110011010110,103.0,11000101110011010110
69,1307.0,10101100100111011100,1307.0,10101100100111011100
69,1307.0,10101100100111011100,1015.0,10101110100101011000
69,1015.0,10101110100101011000,1015.0,10101110100101011000
69,1015.0,10101110100101011000,1015.0,10101110100101011000
69,1015.0,10101110100101011000,1015.0,10101110100101011000
69,1015.0,10101110100101011000,1015.0,10101110100101011000
69,1015.0,10101110100101011000,125.0,00100011100101001011
69,125.0,00100011100101001011,125.0,00100011100101001011
69,125.0,00100011100101001011,125.0,00100011100101001011
69,125.0,00100011100101001011,125.0,00100011100101001011
69,125.0,00100011100101001011,125.0,00100011100101001011
69,125.0,00100011100101001011,125.0,00100011100101001011
69,125.0,00100011100101001011,125.0,00100011100101001011
69,125.0,00100011100101001011,125.0,00100011100101001011
69,125.0,00100011100101001011,125.0,00100011100101001011
69,125.0,00100011100101001011,125.0,00100011100101001011
69,125.0,00100011100101001011,125.0,00100011100101001011
69,125.0,00100011100101001011,125.0,00100011100101001011
69,125.0,00100011100101001011,125.0,00100011100101001011
69,125.0,00100011100101001011,125.0,00100011100101001011
69,125.0,00100011100101001011,125.0,00100011100101001011
69,125.0,00100011100101001011,125.0,00100011100101001011
69,125.0,00100011100101001011,125.0,00100011100101001011
69,125.0,00100011100101001011,125.0,00100011100101001011
69,125.0,00100011100101001011,125.0,00100011100101001011
69,125.0,00100011100101001011,125.0,00100011100101001011
69,125.0,00100011100101001011,125.0,00100011100101001011
69,125.0,00100011100101001011,125.0,00100011100101001011
69,125.0,00100011100101001011,125.0,00100011100101001011
69,125.0,00100011100101001011,125.0,00100011100101001011
70,73699.0,01100011110100100100,27489.0,00101011011100000110
70,27489.0,00101011011100000110,5113.0,00101011010101000111
70,5113.0,00101011010101000111,1377.0,00100111010101000100
70,1377.0,00100111010101000100,1377.0,00100111010101000100
70,1377.0,00100111010101000100,1377.0,00100111010101000100
70,1377.0,00100111010101000100,1377.0,00100111010101000100
70,1377.0,00100111010101000100,1377.0,00100111010101000100
70,1377.0,00100111010101000100,487.0,00101011110001100101
70,487.0,00101011110001100101,487.0,00101011110001100101
70,487.0,00101011110001100101,487.0,00101011110001100101
70,487.0,00101011110001100101,487.0,00101011110001100101
70,487.0,00101011110001100101,487.0,00101011110001100101
70,487.0,00101011110001100101,487.0,00101011110001100101
70,487.0,00101011110001100101,487.0,00101011110001100101
70,487.0,00101011110001100101,273.0,00110111100001000010
70,273.0,00110111100001000010,273.0,00110111100001000010
70,273.0,00110111100001000010,273.0,00110111100001000010
70,273.0,00110111100001000010,273.0,00110111100001000010
70,273.0,00110111100001000010,273.0,00110111100001000010
70,273.0,00110111100001000010,273.0,00110111100001000010
70,273.0,00110111100001000010,273.0,00110111100001000010
70,273.0,00110111100001000010,273.0,00110111100001000010
70,273.0,00110111100001000010,273.0,00110111100001000010
70,273.0,00110111100001000010,273.0,00110111100001000010
70,273.0,00110111100001000010,273.0,00110111100001000010
70,273.0,00110111100001000010,273.0,00110111100001000010
70,273.0,00110111100001000010,273.0,00110111100001000010
70,273.0,00110111100001000010,273.0,00110111100001000010
70,273.0,00110111100001000010,273.0,00110111100001000010
70,273.0,00110111100001000010,273.0,00110111100001000010
70,273.0,00110111100001000010,273.0,00110111100001000010
70,273.0,00110111100001000010,273.0,00110111100001000010
70,273.0,00110111100001000010,273.0,00110111100001000010
70,273.0,00110111100001000010,273.0,00110111100001000010
70,273.0,00110111100001000010,273.0,00110111100001000010
70,273.0,00110111100001000010,273.0,00110111100001000010
70,273.0,00110111100001000010,273.0,00110111100001000010
70,273.0,00110111100001000010,273.0,00110111100001000010
70,273.0,00110111100001000010,273.0,00110111100001000010
70,273.0,00110111100001000010,273.0,00110111100001000010
70,273.0,00110111100001000010,273.0,00110111100001000010
70,273.0,00110111100001000010,273.0,00110111100001000010
70,273.0,00110111100001000010,273.0,00110111100001000010
70,273.0,00110111100001000010,273.0,00110111100001000010
70,273.0,00110111100001000010,273.0,00110111100001000010
70,273.0,00110111100001000010,273.0,00110111100001000010
70,273.0,00110111100001000010,273.0,00110111100001000010
70,273.0,00110111100001000010,273.0,00110111100001000010
70,273.0,00110111100001000010,273.0,00110111100001000010
70,273.0,00110111100001000010,273.0,00110111100001000010
70,273.0,00110111100001000010,273.0,00110111100001000010
70,273.0,00110111100001000010,273.0,00110111100001000010
70,273.0,00110111100001000010,273.0,00110111100001000010
71,49301.0,00001110111011001101,28883.0,01001110101001001111
71,28883.0,01001110101001001111,3599.0,10000110101001111010
71,3599.0,10000110101001111010,2827.0,10001110111001011000
71,2827.0,10001110111001011000,2827.0,10001110111001011000
71,2827.0,10001110111001011000,903.0,00101110101001011001
71,903.0,00101110101001011001,903.0,00101110101001011001
71,903.0,00101110101001011001,903.0,00101110101001011001
71,903.0,00101110101001011001,903.0,00101110101001011001
71,903.0,00101110101001011001,297.0,10101010101001110010
71,297.0,10101010101001110010,297.0,10101010101001110010
71,297.0,10101010101001110010,11.0,10110010001001000010
71,11.0,10110010001001000010,11.0,10110010001001000010
71,11.0,10110010001001000010,11.0,10110010001001000010
71,11.0,10110010001001000010,11.0,10110010001001000010
71,11.0,10110010001001000010,11.0,10110010001001000010
71,11.0,10110010001001000010,11.0,10110010001001000010
71,11.0,10110010001001000010,11.0,10110010001001000010
71,11.0,10110010001001000010,11.0,10110010001001000010
71,11.0,10110010001001000010,11.0,10110010001001000010
71,11.0,10110010001001000010,11.0,10110010001001000010
71,11.0,10110010001001000010,11.0,10110010001001000010
71,11.0,10110010001001000010,11.0,10110010001001000010
71,11.0,10110010001001000010,11.0,10110010001001000010
71,11.0,10110010001001000010,11.0,10110010001001000010
71,11.0,10110010001001000010,11.0,10110010001001000010
71,11.0,10110010001001000010,11.0,10110010001001000010
71,11.0,10110010001001000010,11.0,10110010001001000010
71,11.0,10110010001001000010,11.0,10110010001001000010
71,11.0,10110010001001000010,11.0,10110010001001000010
71,11.0,10110010001001000010,11.0,10110010001001000010
71,11.0,10110010001001000010,11.0,10110010001001000010
71,11.0,10110010001001000010,11.0,10110010001001000010
71,11.0,10110010001001000010,11.0,10110010001001000010
71,11.0,10110010001001000010,11.0,10110010001001000010
71,11.0,10110010001001000010,11.0,10110010001001000010
71,11.0,10110010001001000010,11.0,10110010001001000010
71,11.0,10110010001001000010,11.0,10110010001001000010
71,11.0,10110010001001000010,11.0,10110010001001000010
71,11.0,10110010001001000010,11.0,10110010001001000010
71,11.0,10110010001001000010,11.0,10110010001001000010
71,11.0,10110010001001000010,11.0,10110010001001000010
71,11.0,10110010001001000010,11.0,10110010001001000010
71,11.0,10110010001001000010,11.0,10110010001001000010
71,11.0,10110010001001000010,11.0,10110010001001000010
71,11.0,10110010001001000010,11.0,10110010001001000010
71,11.0,10110010001001000010,11.0,10110010001001000010
71,11.0,10110010001001000010,11.0,10110010001001000010
71,11.0,10110010001001000010,11.0,10110010001001000010
71,11.0,10110010001001000010,11.0,10110010001001000010
71,11.0,10110010001001000010,11.0,10110010001001000010
71,11.0,10110010001001000010,11.0,10110010001001000010
71,11.0,10110010001001000010,11.0,10110010001001000010
71,11.0,10110010001001000010,11.0,10110010001001000010
71,11.0,10110010001001000010,11.0,10110010001001000010
71,11.0,10110010001001000010,11.0,10110010001001000010
71,11.0,10110010001001000010,11.0,10110010001001000010
71,11.0,10110010001001000010,11.0,10110010001001000010
71,11.0,10110010001001000010,11.0,10110010001001000010
71,11.0,10110010001001000010,11.0,10110010001001000010
71,11.0,10110010001001000010,11.0,10110010001001000010
71,11.0,10110010001001000010,11.0,10110010001001000010
72,33843.0,01001001011011010101,1913.0,01001001011001001110
72,1913.0,01001001011001001110,749.0,01000001011101100110
72,749.0,01000001011101100110,749.0,01000001011101100110
72,749.0,01000001011101100110,439.0,01001001101101100111
72,439.0,01001001101101100111,405.0,00000011001101100110
72,405.0,00000011001101100110,405.0,00000011001101100110
72,405.0,00000011001101100110,405.0,00000011001101100110
72,405.0,00000011001101100110,405.0,00000011001101100110
72,405.0,00000011001101100110,405.0,00000011001101100110
72,405.0,00000011001101100110,405.0,00000011001101100110
72,405.0,00000011001101100110,405.0,00000011001101100110
72,405.0,00000011001101100110,405.0,00000011001101100110
72,405.0,00000011001101100110,405.0,00000011001101100110
72,405.0,00000011001101100110,309.0,00001011110111100110
72,309.0,00001011110111100110,309.0,00001011110111100110
72,309.0,00001011110111100110,309.0,00001011110111100110
72,309.0,00001011110111100110,309.0,00001011110111100110
72,309.0,00001011110111100110,309.0,00001011110111100110
72,309.0,00001011110111100110,309.0,00001011110111100110
72,309.0,00001011110111100110,309.0,00001011110111100110
72,309.0,00001011110111100110,309.0,00001011110111100110
72,309.0,00001011110111100110,309.0,00001011110111100110
72,309.0,00001011110111100110,187.0,00000011101111100011
72,187.0,00000011101111100011,187.0,00000011101111100011
72,187.0,00000011101111100011,187.0,00000011101111100011
72,187.0,00000011101111100011,187.0,00000011101111100011
72,187.0,00000011101111100011,187.0,00000011101111100011
72,187.0,00000011101111100011,187.0,00000011101111100011
72,187.0,00000011101111100011,187.0,00000011101111100011
72,187.0,00000011101111100011,23.0,00001101101111101011
72,23.0,00001101101111101011,23.0,00001101101111101011
72,23.0,00001101101111101011,23.0,00001101101111101011
72,23.0,00001101101111101011,23.0,00001101101111101011
72,23.0,00001101101111101011,23.0,00001101101111101011
72,23.0,00001101101111101011,23.0,00001101101111101011
72,23.0,00001101101111101011,23.0,00001101101111101011
72,23.0,00001101101111101011,23.0,00001101101111101011
72,23.0,00001101101111101011,23.0,00001101101111101011
72,23.0,00001101101111101011,23.0,00001101101111101011
72,23.0,00001101101111101011,23.0,00001101101111101011
72,23.0,00001101101111101011,23.0,00001101101111101011
72,23.0,00001101101111101011,23.0,00001101101111101011
72,23.0,00001101101111101011,23.0,00001101101111101011
72,23.0,00001101101111101011,23.0,00001101101111101011
72,23.0,00001101101111101011,23.0,00001101101111101011
72,23.0,00001101101111101011,23.0,00001101101111101011
72,23.0,00001101101111101011,23.0,00001101101111101011
72,23.0,00001101101111101011,23.0,00001101101111101011
72,23.0,00001101101111101011,23.0,00001101101111101011
72,23.0,00001101101111101011,23.0,00001101101111101011
72,23.0,00001101101111101011,23.0,00001101101111101011
72,23.0,00001101101111101011,23.0,00001101101111101011
72,23.0,00001101101111101011,23.0,00001101101111101011
72,23.0,00001101101111101011,23.0,00001101101111101011
72,23.0,00001101101111101011,23.0,00001101101111101011
72,23.0,00001101101111101011,23.0,00001101101111101011
72,23.0,00001101101111101011,23.0,00001101101111101011
72,23.0,00001101101111101011,23.0,00001101101111101011
72,23.0,00001101101111101011,23.0,00001101101111101011
72,23.0,00001101101111101011,23.0,00001101101111101011
72,23.0,00001101101111101011,23.0,00001101101111101011
72,23.0,00001101101111101011,23.0,00001101101111101011
72,23.0,00001101101111101011,23.0,00001101101111101011
72,23.0,00001101101111101011,23.0,00001101101111101011
73,45179.0,01010001100101101000,22211.0,01010001100001111000
73,22211.0,01010001100001111000,5771.0,01011000101001111001
73,5771.0,01011000101001111001,5771.0,01011000101001111001
73,5771.0,01011000101001111001,5771.0,01011000101001111001
73,5771.0,01011000101001111001,3207.0,11010000101001101000
73,3207.0,11010000101001101000,3207.0,11010000101001101000
73,3207.0,11010000101001101000,1333.0,10001101011011101000
73,1333.0,10001101011011101000,1333.0,10001101011011101000
73,1333.0,10001101011011101000,409.0,10000111011011000011
73,409.0,10000111011011000011,409.0,10000111011011000011
73,409.0,10000111011011000011,409.0,10000111011011000011
73,409.0,10000111011011000011,409.0,10000111011011000011
73,409.0,10000111011011000011,409.0,10000111011011000011
73,409.0,10000111011011000011,409.0,10000111011011000011
73,409.0,10000111011011000011,409.0,10000111011011000011
73,409.0,10000111011011000011,409.0,10000111011011000011
73,409.0,10000111011011000011,409.0,10000111011011000011
73,409.0,10000111011011000011,25.0,11001110011110100111
73,25.0,11001110011110100111,25.0,11001110011110100111
73,25.0,11001110011110100111,25.0,11001110011110100111
73,25.0,11001110011110100111,25.0,11001110011110100111
73,25.0,11001110011110100111,25.0,11001110011110100111
73,25.0,11001110011110100111,25.0,11001110011110100111
73,25.0,11001110011110100111,25.0,11001110011110100111
73,25.0,11001110011110100111,25.0,11001110011110100111
73,25.0,11001110011110100111,25.0,11001110011110100111
73,25.0,11001110011110100111,25.0,11001110011110100111
73,25.0,11001110011110100111,25.0,11001110011110100111
73,25.0,11001110011110100111,25.0,11001110011110100111
73,25.0,11001110011110100111,25.0,11001110011110100111
73,25.0,11001110011110100111,25.0,11001110011110100111
73,25.0,11001110011110100111,25.0,11001110011110100111
73,25.0,11001110011110100111,25.0,11001110011110100111
73,25.0,11001110011110100111,25.0,11001110011110100111
73,25.0,11001110011110100111,25.0,11001110011110100111
73,25.0,11001110011110100111,25.0,11001110011110100111
73,25.0,11001110011110100111,25.0,11001110011110100111
73,25.0,11001110011110100111,25.0,11001110011110100111
73,25.0,11001110011110100111,25.0,11001110011110100111
73,25.0,11001110011110100111,25.0,11001110011110100111
73,25.0,11001110011110100111,25.0,11001110011110100111
73,25.0,11001110011110100111,25.0,11001110011110100111
73,25.0,11001110011110100111,25.0,11001110011110100111
73,25.0,11001110011110100111,25.0,11001110011110100111
73,25.0,11001110011110100111,25.0,11001110011110100111
73,25.0,11001110011110100111,25.0,11001110011110100111
73,25.0,11001110011110100111,25.0,11001110011110100111
73,25.0,11001110011110100111,25.0,11001110011110100111
73,25.0,11001110011110100111,25.0,11001110011110100111
73,25.0,11001110011110100111,25.0,11001110011110100111
73,25.0,11001110011110100111,25.0,11001110011110100111
73,25.0,11001110011110100111,25.0,11001110011110100111
73,25.0,11001110011110100111,25.0,11001110011110100111
73,25.0,11001110011110100111,25.0,11001110011110100111
74,72569.0,00110101100111100000,14497.0,00111101100110101011
74,14497.0,00111101100110101011,4839.0,10111001000110101001
74,4839.0,10111001000110101001,3181.0,10110101110110100000
74,3181.0,10110101110110100000,3181.0,10110101110110100000
74,3181.0,10110101110110100000,3181.0,10110101110110100000
74,3181.0,10110101110110100000,3181.0,10110101110110100000
74,3181.0,10110101110110100000,2605.0,10111100110111100010
74,2605.0,10111100110111100010,1303.0,10110110000111000011
74,1303.0,10110110000111000011,1303.0,10110110000111000011
74,1303.0,10110110000111000011,1303.0,10110110000111000011
74,1303.0,10110110000111000011,395.0,10010110001111000000
74,395.0,10010110001111000000,395.0,10010110001111000000
74,395.0,10010110001111000000,395.0,10010110001111000000
74,395.0,10010110001111000000,395.0,10010110001111000000
74,395.0,10010110001111000000,395.0,10010110001111000000
74,395.0,10010110001111000000,11.0,10110010001001000010
74,11.0,10110010001001000010,11.0,10110010001001000010
74,11.0,10110010001001000010,11.0,10110010001001000010
74,11.0,10110010001001000010,11.0,10110010001001000010
74,11.0,10110010001001000010,11.0,10110010001001000010
74,11.0,10110010001001000010,11.0,10110010001001000010
74,11.0,10110010001001000010,11.0,10110010001001000010
74,11.0,10110010001001000010,11.0,10110010001001000010
74,11.0,10110010001001000010,11.0,10110010001001000010
74,11.0,10110010001001000010,11.0,10110010001001000010
74,11.0,10110010001001000010,11.0,10110010001001000010
74,11.0,10110010001001000010,11.0,10110010001001000010
74,11.0,10110010001001000010,11.0,10110010001001000010
74,11.0,10110010001001000010,11.0,10110010001001000010
74,11.0,10110010001001000010,11.0,10110010001001000010
74,11.0,10110010001001000010,11.0,10110010001001000010
74,11.0,10110010001001000010,11.0,10110010001001000010
74,11.0,10110010001001000010,11.0,10110010001001000010
74,11.0,10110010001001000010,11.0,10110010001001000010
74,11.0,10110010001001000010,11.0,10110010001001000010
74,11.0,10110010001001000010,11.0,10110010001001000010
74,11.0,10110010001001000010,11.0,10110010001001000010
74,11.0,10110010001001000010,11.0,10110010001001000010
74,11.0,10110010001001000010,11.0,10110010001001000010
74,11.0,10110010001001000010,11.0,10110010001001000010
74,11.0,10110010001001000010,11.0,10110010001001000010
74,11.0,10110010001001000010,11.0,10110010001001000010
74,11.0,10110010001001000010,11.0,10110010001001000010
74,11.0,10110010001001000010,11.0,10110010001001000010
74,11.0,10110010001001000010,11.0,10110010001001000010
74,11.0,10110010001001000010,11.0,10110010001001000010
74,11.0,10110010001001000010,11.0,10110010001001000010
74,11.0,10110010001001000010,11.0,10110010001001000010
74,11.0,10110010001001000010,11.0,10110010001001000010
74,11.0,10110010001001000010,11.0,10110010001001000010
74,11.0,10110010001001000010,11.0,10110010001001000010
74,11.0,10110010001001000010,11.0,10110010001001000010
74,11.0,10110010001001000010,11.0,10110010001001000010
74,11.0,10110010001001000010,11.0,10110010001001000010
74,11.0,10110010001001000010,11.0,10110010001001000010
74,11.0,10110010001001000010,11.0,10110010001001000010
74,11.0,10110010001001000010,11.0,10110010001001000010
74,11.0,10110010001001000010,11.0,10110010001001000010
75,18271.0,00101010111100110111,18085.0,00101010111100001111
75,18085.0,00101010111100001111,13607.0,01101010111000001101
75,13607.0,01101010111000001101,1745.0,01110110001000001010
75,1745.0,01110110001000001010,1745.0,01110110001000001010
75,1745.0,01110110001000001010,1745.0,01110110001000001010
75,1745.0,01110110001000001010,879.0,01011110001000101100
75,879.0,01011110001000101100,457.0,00010011001000001100
75,457.0,00010011001000001100,451.0,00110011000000001111
75,451.0,00110011000000001111,451.0,00110011000000001111
75,451.0,00110011000000001111,451.0,00110011000000001111
75,451.0,00110011000000001111,31.0,10111010000001100111
75,31.0,10111010000001100111,31.0,10111010000001100111
75,31.0,10111010000001100111,31.0,10111010000001100111
75,31.0,10111010000001100111,31.0,10111010000001100111
75,31.0,10111010000001100111,11.0,10110010001001000010
75,11.0,10110010001001000010,11.0,10110010001001000010
75,11.0,10110010001001000010,11.0,10110010001001000010
75,11.0,10110010001001000010,11.0,10110010001001000010
75,11.0,10110010001001000010,11.0,10110010001001000010
75,11.0,10110010001001000010,11.0,10110010001001000010
75,11.0,10110010001001000010,11.0,10110010001001000010
75,11.0,10110010001001000010,11.0,10110010001001000010
75,11.0,10110010001001000010,11.0,10110010001001000010
75,11.0,10110010001001000010,11.0,10110010001001000010
75,11.0,10110010001001000010,11.0,10110010001001000010
75,11.0,10110010001001000010,11.0,10110010001001000010
75,11.0,10110010001001000010,11.0,10110010001001000010
75,11.0,10110010001001000010,11.0,10110010001001000010
75,11.0,10110010001001000010,11.0,10110010001001000010
75,11.0,10110010001001000010,11.0,10110010001001000010
75,11.0,10110010001001000010,11.0,10110010001001000010
75,11.0,10110010001001000010,11.0,10110010001001000010
75,11.0,10110010001001000010,11.0,10110010001001000010
75,11.0,10110010001001000010,11.0,10110010001001000010
75,11.0,10110010001001000010,11.0,10110010001001000010
75,11.0,10110010001001000010,11.0,10110010001001000010
75,11.0,10110010001001000010,11.0,10110010001001000010
75,11.0,10110010001001000010,11.0,10110010001001000010
75,11.0,10110010001001000010,11.0,10110010001001000010
75,11.0,10110010001001000010,11.0,10110010001001000010
75,11.0,10110010001001000010,11.0,10110010001001000010
75,11.0,10110010001001000010,11.0,10110010001001000010
75,11.0,10110010001001000010,11.0,10110010001001000010
75,11.0,10110010001001000010,11.0,10110010001001000010
75,11.0,10110010001001000010,11.0,10110010001001000010
75,11.0,10110010001001000010,11.0,10110010001001000010
75,11.0,10110010001001000010,11.0,10110010001001000010
75,11.0,10110010001001000010,11.0,10110010001001000010
75,11.0,10110010001001000010,11.0,10110010001001000010
75,11.0,10110010001001000010,11.0,10110010001001000010
75,11.0,10110010001001000010,11.0,10110010001001000010
75,11.0,10110010001001000010,11.0,10110010001001000010
75,11.0,10110010001001000010,11.0,10110010001001000010
75,11.0,10110010001001000010,11.0,10110010001001000010
75,11.0,10110010001001000010,11.0,10110010001001000010
75,11.0,10110010001001000010,11.0,10110010001001000010
75,11.0,10110010001001000010,11.0,10110010001001000010
75,11.0,10110010001001000010,11.0,10110010001001000010
75,11.0,10110010001001000010,11.0,10110010001001000010
75,11.0,10110010001001000010,11.0,10110010001001000010
76,199477.0,10111100000111110011,4289.0,10100100110111110111
76,4289.0,10100100110111110111,1301.0,10100110010111110010
76,1301.0,10100110010111110010,1301.0,10100110010111110010
76,1301.0,10100110010111110010,1301.0,10100110010111110010
76,1301.0,10100110010111110010,501.0,10100010011111000001
76,501.0,10100010011111000001,395.0,10010110001111000000
76,395.0,10010110001111000000,395.0,10010110001111000000
76,395.0,10010110001111000000,395.0,10010110001111000000
76,395.0,10010110001111000000,395.0,10010110001111000000
76,395.0,10010110001111000000,395.0,10010110001111000000
76,395.0,10010110001111000000,395.0,10010110001111000000
76,395.0,10010110001111000000,137.0,10011110010111010011
76,137.0,10011110010111010011,137.0,10011110010111010011
76,137.0,10011110010111010011,137.0,10011110010111010011
76,137.0,10011110010111010011,137.0,10011110010111010011
76,137.0,10011110010111010011,137.0,10011110010111010011
76,137.0,10011110010111010011,137.0,10011110010111010011
76,137.0,10011110010111010011,137.0,10011110010111010011
76,137.0,10011110010111010011,137.0,10011110010111010011
76,137.0,10011110010111010011,137.0,10011110010111010011
76,137.0,10011110010111010011,137.0,10011110010111010011
76,137.0,10011110010111010011,137.0,10011110010111010011
76,137.0,10011110010111010011,137.0,10011110010111010011
76,137.0,10011110010111010011,137.0,10011110010111010011
76,137.0,10011110010111010011,137.0,10011110010111010011
76,137.0,10011110010111010011,137.0,10011110010111010011
76,137.0,10011110010111010011,137.0,10011110010111010011
76,137.0,10011110010111010011,137.0,10011110010111010011
76,137.0,10011110010111010011,137.0,10011110010111010011
76,137.0,10011110010111010011,137.0,10011110010111010011
76,137.0,10011110010111010011,137.0,10011110010111010011
76,137.0,10011110010111010011,137.0,10011110010111010011
76,137.0,10011110010111010011,137.0,10011110010111010011
76,137.0,10011110010111010011,137.0,10011110010111010011
76,137.0,10011110010111010011,137.0,10011110010111010011
76,137.0,10011110010111010011,137.0,10011110010111010011
76,137.0,10011110010111010011,137.0,10011110010111010011
76,137.0,10011110010111010011,137.0,10011110010111010011
76,137.0,10011110010111010011,137.0,10011110010111010011
76,137.0,10011110010111010011,137.0,10011110010111010011
76,137.0,10011110010111010011,137.0,10011110010111010011
76,137.0,10011110010111010011,137.0,10011110010111010011
76,137.0,10011110010111010011,137.0,10011110010111010011
76,137.0,10011110010111010011,137.0,10011110010111010011
76,137.0,10011110010111010011,137.0,10011110010111010011
76,137.0,10011110010111010011,137.0,10011110010111010011
76,137.0,10011110010111010011,137.0,10011110010111010011
76,137.0,10011110010111010011,137.0,10011110010111010011
76,137.0,10011110010111010011,137.0,10011110010111010011
76,137.0,10011110010111010011,137.0,10011110010111010011
76,137.0,10011110010111010011,137.0,10011110010111010011
77,8287.0,00111010100001011010,1097.0,00111010010001011001
77,1097.0,00111010010001011001,1097.0,00111010010001011001
77,1097.0,00111010010001011001,1097.0,00111010010001011001
77,1097.0,00111010010001011001,1097.0,00111010010001011001
77,1097.0,00111010010001011001,1097.0,00111010010001011001
77,1097.0,00111010010001011001,1097.0,00111010010001011001
77,1097.0,00111010010001011001,593.0,00100110011001011000
77,593.0,00100110011001011000,593.0,00100110011001011000
77,593.0,00100110011001011000,593.0,00100110011001011000
77,593.0,00100110011001011000,593.0,00100110011001011000
77,593.0,00100110011001011000,593.0,00100110011001011000
77,593.0,00100110011001011000,593.0,00100110011001011000
77,593.0,00100110011001011000,593.0,00100110011001011000
77,593.0,00100110011001011000,593.0,00100110011001011000
77,593.0,00100110011001011000,593.0,00100110011001011000
77,593.0,00100110011001011000,593.0,00100110011001011000
77,593.0,00100110011001011000,593.0,00100110011001011000
77,593.0,00100110011001011000,593.0,00100110011001011000
77,593.0,00100110011001011000,593.0,00100110011001011000
77,593.0,00100110011001011000,593.0,00100110011001011000
77,593.0,00100110011001011000,593.0,00100110011001011000
77,593.0,00100110011001011000,593.0,00100110011001011000
77,593.0,00100110011001011000,593.0,00100110011001011000
77,593.0,00100110011001011000,593.0,00100110011001011000
77,593.0,00100110011001011000,593.0,00100110011001011000
77,593.0,00100110011001011000,593.0,00100110011001011000
77,593.0,00100110011001011000,593.0,00100110011001011000
77,593.0,00100110011001011000,593.0,00100110011001011000
77,593.0,00100110011001011000,593.0,00100110011001011000
77,593.0,00100110011001011000,593.0,00100110011001011000
77,593.0,00100110011001011000,593.0,00100110011001011000
77,593.0,00100110011001011000,593.0,00100110011001011000
77,593.0,00100110011001011000,593.0,00100110011001011000
77,593.0,00100110011001011000,593.0,00100110011001011000
77,593.0,00100110011001011000,593.0,00100110011001011000
77,593.0,00100110011001011000,593.0,00100110011001011000
77,593.0,00100110011001011000,593.0,00100110011001011000
77,593.0,00100110011001011000,593.0,00100110011001011000
77,593.0,00100110011001011000,593.0,00100110011001011000
77,593.0,00100110011001011000,593.0,00100110011001011000
77,593.0,00100110011001011000,593.0,00100110011001011000
77,593.0,00100110011001011000,593.0,00100110011001011000
78,16563.0,01111100110010101111,13615.0,01101101110010101111
78,13615.0,01101101110010101111,13615.0,01101101110010101111
78,13615.0,01101101110010101111,13615.0,01101101110010101111
78,13615.0,01101101110010101111,10841.0,00101101111000101101
78,10841.0,00101101111000101101,10841.0,00101101111000101101
78,10841.0,00101101111000101101,6269.0,10001001111100101101
78,6269.0,10001001111100101101,6269.0,10001001111100101101
78,6269.0,10001001111100101101,6269.0,10001001111100101101
78,6269.0,10001001111100101101,6091.0,01000001111110001100
78,6091.0,01000001111110001100,1177.0,01100101100110101101
78,1177.0,01100101100110101101,1177.0,01100101100110101101
78,1177.0,01100101100110101101,785.0,11100101100100001110
78,785.0,11100101100100001110,785.0,11100101100100001110
78,785.0,11100101100100001110,785.0,11100101100100001110
78,785.0,11100101100100001110,785.0,11100101100100001110
78,785.0,11100101100100001110,785.0,11100101100100001110
78,785.0,11100101100100001110,785.0,11100101100100001110
78,785.0,11100101100100001110,785.0,11100101100100001110
78,785.0,11100101100100001110,785.0,11100101100100001110
78,785.0,11100101100100001110,785.0,11100101100100001110
78,785.0,11100101100100001110,785.0,11100101100100001110
78,785.0,11100101100100001110,779.0,11100001100100111011
78,779.0,11100001100100111011,779.0,11100001100100111011
78,779.0,11100001100100111011,779.0,11100001100100111011
78,779.0,11100001100100111011,631.0,11110101100000110010
78,631.0,11110101100000110010,491.0,11111110010000110011
78,491.0,11111110010000110011,491.0,11111110010000110011
78,491.0,11111110010000110011,491.0,11111110010000110011
78,491.0,11111110010000110011,491.0,11111110010000110011
78,491.0,11111110010000110011,491.0,11111110010000110011
78,491.0,11111110010000110011,491.0,11111110010000110011
78,491.0,11111110010000110011,491.0,11111110010000110011
78,491.0,11111110010000110011,491.0,11111110010000110011
78,491.0,11111110010000110011,491.0,11111110010000110011
78,491.0,11111110010000110011,491.0,11111110010000110011
78,491.0,11111110010000110011,491.0,11111110010000110011
78,491.0,11111110010000110011,23.0,11110010010000010100
78,23.0,11110010010000010100,23.0,11110010010000010100
78,23.0,11110010010000010100,23.0,11110010010000010100
78,23.0,11110010010000010100,23.0,11110010010000010100
78,23.0,11110010010000010100,23.0,11110010010000010100
78,23.0,11110010010000010100,23.0,11110010010000010100
78,23.0,11110010010000010100,23.0,11110010010000010100
78,23.0,11110010010000010100,23.0,11110010010000010100
78,23.0,11110010010000010100,23.0,11110010010000010100
78,23.0,11110010010000010100,23.0,11110010010000010100
78,23.0,11110010010000010100,23.0,11110010010000010100
78,23.0,11110010010000010100,23.0,11110010010000010100
78,23.0,11110010010000010100,23.0,11110010010000010100
78,23.0,11110010010000010100,23.0,11110010010000010100
78,23.0,11110010010000010100,23.0,11110010010000010100
78,23.0,11110010010000010100,23.0,11110010010000010100
78,23.0,11110010010000010100,23.0,11110010010000010100
78,23.0,11110010010000010100,23.0,11110010010000010100
78,23.0,11110010010000010100,23.0,11110010010000010100
78,23.0,11110010010000010100,23.0,11110010010000010100
78,23.0,11110010010000010100,23.0,11110010010000010100
78,23.0,11110010010000010100,23.0,11110010010000010100
78,23.0,11110010010000010100,23.0,11110010010000010100
78,23.0,11110010010000010100,23.0,11110010010000010100
78,23.0,11110010010000010100,23.0,11110010010000010100
78,23.0,11110010010000010100,23.0,11110010010000010100
78,23.0,11110010010000010100,23.0,11110010010000010100
78,23.0,11110010010000010100,23.0,11110010010000010100
78,23.0,11110010010000010100,23.0,11110010010000010100
78,23.0,11110010010000010100,23.0,11110010010000010100
78,23.0,11110010010000010100,23.0,11110010010000010100
78,23.0,11110010010000010100,23.0,11110010010000010100
78,23.0,11110010010000010100,23.0,11110010010000010100
78,23.0,11110010010000010100,23.0,11110010010000010100
78,23.0,11110010010000010100,23.0,11110010010000010100
78,23.0,11110010010000010100,23.0,11110010010000010100
78,23.0,11110010010000010100,23.0,11110010010000010100
78,23.0,11110010010000010100,23.0,11110010010000010100
78,23.0,11110010010000010100,23.0,11110010010000010100
78,23.0,11110010010000010100,23.0,11110010010000010100
78,23.0,11110010010000010100,23.0,11110010010000010100
78,23.0,11110010010000010100,23.0,11110010010000010100
78,23.0,11110010010000010100,23.0,11110010010000010100
78,23.0,11110010010000010100,23.0,11110010010000010100
78,23.0,11110010010000010100,23.0,11110010010000010100
78,23.0,11110010010000010100,23.0,11110010010000010100
78,23.0,11110010010000010100,23.0,11110010010000010100
78,23.0,11110010010000010100,23.0,11110010010000010100
79,72827.0,01001110110011101111,7689.0,01000011110011100101
79,7689.0,01000011110011100101,4169.0,01001011110011100100
79,4169.0,01001011110011100100,309.0,00001011110111100110
79,309.0,00001011110111100110,187.0,00000011101111100011
79,187.0,00000011101111100011,187.0,00000011101111100011
79,187.0,00000011101111100011,23.0,00001101101111101011
79,23.0,00001101101111101011,23.0,00001101101111101011
79,23.0,00001101101111101011,23.0,00001101101111101011
79,23.0,00001101101111101011,23.0,00001101101111101011
79,23.0,00001101101111101011,23.0,00001101101111101011
79,23.0,00001101101111101011,23.0,00001101101111101011
79,23.0,00001101101111101011,23.0,00001101101111101011
79,23.0,00001101101111101011,23.0,00001101101111101011
79,23.0,00001101101111101011,23.0,00001101101111101011
79,23.0,00001101101111101011,23.0,00001101101111101011
79,23.0,00001101101111101011,23.0,00001101101111101011
79,23.0,00001101101111101011,23.0,00001101101111101011
79,23.0,00001101101111101011,23.0,00001101101111101011
79,23.0,00001101101111101011,23.0,00001101101111101011
79,23.0,00001101101111101011,23.0,00001101101111101011
79,23.0,00001101101111101011,23.0,00001101101111101011
79,23.0,00001101101111101011,23.0,00001101101111101011
79,23.0,00001101101111101011,23.0,00001101101111101011
79,23.0,00001101101111101011,23.0,00001101101111101011
79,23.0,00001101101111101011,23.0,00001101101111101011
79,23.0,00001101101111101011,23.0,00001101101111101011
79,23.0,00001101101111101011,23.0,00001101101111101011
79,23.0,00001101101111101011,23.0,00001101101111101011
79,23.0,00001101101111101011,23.0,00001101101111101011
79,23.0,00001101101111101011,23.0,00001101101111101011
79,23.0,00001101101111101011,23.0,00001101101111101011
79,23.0,00001101101111101011,23.0,00001101101111101011
79,23.0,00001101101111101011,23.0,00001101101111101011
79,23.0,00001101101111101011,23.0,00001101101111101011
79,23.0,00001101101111101011,23.0,00001101101111101011
79,23.0,00001101101111101011,23.0,00001101101111101011
79,23.0,00001101101111101011,23.0,00001101101111101011
79,23.0,00001101101111101011,23.0,00001101101111101011
79,23.0,00001101101111101011,23.0,00001101101111101011
79,23.0,00001101101111101011,23.0,00001101101111101011
79,23.0,00001101101111101011,23.0,00001101101111101011
79,23.0,00001101101111101011,23.0,00001101101111101011
79,23.0,00001101101111101011,23.0,00001101101111101011
79,23.0,00001101101111101011,23.0,00001101101111101011
79,23.0,00001101101111101011,23.0,00001101101111101011
79,23.0,00001101101111101011,23.0,00001101101111101011
79,23.0,00001101101111101011,23.0,00001101101111101011
79,23.0,00001101101111101011,23.0,00001101101111101011
80,67115.0,00111110001000011011,6615.0,00010010001001111000
80,6615.0,00010010001001111000,6615.0,00010010001001111000
80,6615.0,00010010001001111000,6615.0,00010010001001111000
80,6615.0,00010010001001111000,6615.0,00010010001001111000
80,6615.0,00010010001001111000,6415.0,10010010101000111011
80,6415.0,10010010101000111011,3097.0,00011010101000111100
80,3097.0,00011010101000111100,1783.0,00011110100110111101
80,1783.0,00011110100110111101,1783.0,00011110100110111101
80,1783.0,00011110100110111101,1783.0,00011110100110111101
80,1783.0,00011110100110111101,1783.0,00011110100110111101
80,1783.0,00011110100110111101,1783.0,00011110100110111101
80,1783.0,00011110100110111101,1783.0,00011110100110111101
80,1783.0,00011110100110111101,1783.0,00011110100110111101
80,1783.0,00011110100110111101,1783.0,00011110100110111101
80,1783.0,00011110100110111101,1783.0,00011110100110111101
80,1783.0,00011110100110111101,1783.0,00011110100110111101
80,1783.0,00011110100110111101,1783.0,00011110100110111101
80,1783.0,00011110100110111101,1783.0,00011110100110111101
80,1783.0,00011110100110111101,917.0,00110110100110011011
80,917.0,00110110100110011011,157.0,00110010100110111000
80,157.0,00110010100110111000,157.0,00110010100110111000
80,157.0,00110010100110111000,157.0,00110010100110111000
80,157.0,00110010100110111000,157.0,00110010100110111000
80,157.0,00110010100110111000,157.0,00110010100110111000
80,157.0,00110010100110111000,157.0,00110010100110111000
80,157.0,00110010100110111000,157.0,00110010100110111000
80,157.0,00110010100110111000,157.0,00110010100110111000
80,157.0,00110010100110111000,157.0,00110010100110111000
80,157.0,00110010100110111000,157.0,00110010100110111000
80,157.0,00110010100110111000,157.0,00110010100110111000
80,157.0,00110010100110111000,157.0,00110010100110111000
80,157.0,00110010100110111000,157.0,00110010100110111000
80,157.0,00110010100110111000,157.0,00110010100110111000
80,157.0,00110010100110111000,157.0,00110010100110111000
80,157.0,00110010100110111000,157.0,00110010100110111000
80,157.0,00110010100110111000,157.0,00110010100110111000
80,157.0,00110010100110111000,157.0,00110010100110111000
80,157.0,00110010100110111000,157.0,00110010100110111000
80,157.0,00110010100110111000,157.0,00110010100110111000
80,157.0,00110010100110111000,157.0,00110010100110111000
80,157.0,00110010100110111000,157.0,00110010100110111000
80,157.0,00110010100110111000,157.0,00110010100110111000
80,157.0,00110010100110111000,157.0,00110010100110111000
80,157.0,00110010100110111000,157.0,00110010100110111000
80,157.0,00110010100110111000,157.0,00110010100110111000
80,157.0,00110010100110111000,157.0,00110010100110111000
80,157.0,00110010100110111000,157.0,00110010100110111000
80,157.0,00110010100110111000,157.0,00110010100110111000
80,157.0,00110010100110111000,157.0,00110010100110111000
80,157.0,00110010100110111000,157.0,00110010100110111000
80,157.0,00110010100110111000,157.0,00110010100110111000
80,157.0,00110010100110111000,157.0,00110010100110111000
80,157.0,00110010100110111000,157.0,00110010100110111000
80,157.0,00110010100110111000,157.0,00110010100110111000
80,157.0,00110010100110111000,157.0,00110010100110111000
80,157.0,00110010100110111000,157.0,00110010100110111000
80,157.0,00110010100110111000,157.0,00110010100110111000
80,157.0,00110010100110111000,157.0,00110010100110111000
80,157.0,00110010100110111000,157.0,00110010100110111000
80,157.0,00110010100110111000,157.0,00110010100110111000
80,157.0,00110010100110111000,157.0,00110010100110111000
80,157.0,00110010100110111000,157.0,00110010100110111000
80,157.0,00110010100110111000,157.0,00110010100110111000
81,51703.0,01001101111110010101,7685.0,11001101011100010111
81,7685.0,11001101011100010111,1419.0,10001101111100110111
81,1419.0,10001101111100110111,1419.0,10001101111100110111
81,1419.0,10001101111100110111,1419.0,10001101111100110111
81,1419.0,10001101111100110111,1419.0,10001101111100110111
81,1419.0,10001101111100110111,797.0,10001100111101101100
81,797.0,10001100111101101100,797.0,10001100111101101100
81,797.0,10001100111101101100,797.0,10001100111101101100
81,797.0,10001100111101101100,425.0,10000000111101011101
81,425.0,10000000111101011101,425.0,10000000111101011101
81,425.0,10000000111101011101,425.0,10000000111101011101
81,425.0,10000000111101011101,425.0,10000000111101011101
81,425.0,10000000111101011101,425.0,10000000111101011101
81,425.0,10000000111101011101,425.0,10000000111101011101
81,425.0,10000000111101011101,425.0,10000000111101011101
81,425.0,10000000111101011101,425.0,10000000111101011101
81,425.0,10000000111101011101,425.0,10000000111101011101
81,425.0,10000000111101011101,425.0,10000000111101011101
81,425.0,10000000111101011101,425.0,10000000111101011101
81,425.0,10000000111101011101,425.0,10000000111101011101
81,425.0,10000000111101011101,425.0,10000000111101011101
81,425.0,10000000111101011101,425.0,10000000111101011101
81,425.0,10000000111101011101,425.0,10000000111101011101
81,425.0,10000000111101011101,425.0,10000000111101011101
81,425.0,10000000111101011101,425.0,10000000111101011101
81,425.0,10000000111101011101,425.0,10000000111101011101
81,425.0,10000000111101011101,425.0,10000000111101011101
81,425.0,10000000111101011101,425.0,10000000111101011101
81,425.0,10000000111101011101,425.0,10000000111101011101
81,425.0,10000000111101011101,425.0,10000000111101011101
81,425.0,10000000111101011101,425.0,10000000111101011101
81,425.0,10000000111101011101,425.0,10000000111101011101
81,425.0,10000000111101011101,425.0,10000000111101011101
81,425.0,10000000111101011101,425.0,10000000111101011101
81,425.0,10000000111101011101,249.0,11101000011101000101
81,249.0,11101000011101000101,249.0,11101000011101000101
81,249.0,11101000011101000101,249.0,11101000011101000101
81,249.0,11101000011101000101,249.0,11101000011101000101
81,249.0,11101000011101000101,249.0,11101000011101000101
81,249.0,11101000011101000101,249.0,11101000011101000101
81,249.0,11101000011101000101,249.0,11101000011101000101
81,249.0,11101000011101000101,249.0,11101000011101000101
81,249.0,11101000011101000101,249.0,11101000011101000101
81,249.0,11101000011101000101,249.0,11101000011101000101
81,249.0,11101000011101000101,249.0,11101000011101000101
81,249.0,11101000011101000101,249.0,11101000011101000101
81,249.0,11101000011101000101,249.0,11101000011101000101
81,249.0,11101000011101000101,249.0,11101000011101000101
81,249.0,11101000011101000101,249.0,11101000011101000101
81,249.0,11101000011101000101,249.0,11101000011101000101
81,249.0,11101000011101000101,249.0,11101000011101000101
81,249.0,11101000011101000101,143.0,11011100001101000100
81,143.0,11011100001101000100,143.0,11011100001101000100
81,143.0,11011100001101000100,143.0,11011100001101000100
81,143.0,11011100001101000100,143.0,11011100001101000100
81,143.0,11011100001101000100,143.0,11011100001101000100
81,143.0,11011100001101000100,143.0,11011100001101000100
81,143.0,11011100001101000100,143.0,11011100001101000100
81,143.0,11011100001101000100,143.0,11011100001101000100
81,143.0,11011100001101000100,143.0,11011100001101000100
81,143.0,11011100001101000100,143.0,11011100001101000100
81,143.0,11011100001101000100,143.0,11011100001101000100
81,143.0,11011100001101000100,143.0,11011100001101000100
81,143.0,11011100001101000100,143.0,11011100001101000100
81,143.0,11011100001101000100,143.0,11011100001101000100
81,143.0,11011100001101000100,143.0,11011100001101000100
81,143.0,11011100001101000100,143.0,11011100001101000100
81,143.0,11011100001101000100,143.0,11011100001101000100
81,143.0,11011100001101000100,143.0,11011100001101000100
82,81303.0,01011111100000010111,665.0,01010011100000110110
82,665.0,01010011100000110110,665.0,01010011100000110110
82,665.0,01010011100000110110,665.0,01010011100000110110
82,665.0,01010011100000110110,665.0,01010011100000110110
82,665.0,01010011100000110110,665.0,01010011100000110110
82,665.0,01010011100000110110,665.0,01010011100000110110
82,665.0,01010011100000110110,665.0,01010011100000110110
82,665.0,01010011100000110110,665.0,01010011100000110110
82,665.0,01010011100000110110,665.0,01010011100000110110
82,665.0,01010011100000110110,501.0,01011101100000111110
82,501.0,01011101100000111110,501.0,01011101100000111110
82,501.0,01011101100000111110,501.0,01011101100000111110
82,501.0,01011101100000111110,501.0,01011101100000111110
82,501.0,01011101100000111110,501.0,01011101100000111110
82,501.0,01011101100000111110,501.0,01011101100000111110
82,501.0,01011101100000111110,501.0,01011101100000111110
82,501.0,01011101100000111110,501.0,01011101100000111110
82,501.0,01011101100000111110,501.0,01011101100000111110
82,501.0,01011101100000111110,501.0,01011101100000111110
82,501.0,01011101100000111110,501.0,01011101100000111110
82,501.0,01011101100000111110,501.0,01011101100000111110
82,501.0,01011101100000111110,501.0,01011101100000111110
82,501.0,01011101100000111110,501.0,01011101100000111110
82,501.0,01011101100000111110,501.0,01011101100000111110
82,501.0,01011101100000111110,501.0,01011101100000111110
82,501.0,01011101100000111110,501.0,01011101100000111110
82,501.0,01011101100000111110,501.0,01011101100000111110
82,501.0,01011101100000111110,501.0,01011101100000111110
82,501.0,01011101100000111110,501.0,01011101100000111110
82,501.0,01011101100000111110,501.0,01011101100000111110
82,501.0,01011101100000111110,501.0,01011101100000111110
82,501.0,01011101100000111110,395.0,01101001110000111111
82,395.0,01101001110000111111,395.0,01101001110000111111
82,395.0,01101001110000111111,395.0,01101001110000111111
82,395.0,01101001110000111111,11.0,01001101110110111101
82,11.0,01001101110110111101,11.0,01001101110110111101
82,11.0,01001101110110111101,11.0,01001101110110111101
82,11.0,01001101110110111101,11.0,01001101110110111101
82,11.0,01001101110110111101,11.0,01001101110110111101
82,11.0,01001101110110111101,11.0,01001101110110111101
82,11.0,01001101110110111101,11.0,01001101110110111101
82,11.0,01001101110110111101,11.0,01001101110110111101
82,11.0,01001101110110111101,11.0,01001101110110111101
82,11.0,01001101110110111101,11.0,01001101110110111101
82,11.0,01001101110110111101,11.0,01001101110110111101
82,11.0,01001101110110111101,11.0,01001101110110111101
82,11.0,01001101110110111101,11.0,01001101110110111101
82,11.0,01001101110110111101,11.0,01001101110110111101
82,11.0,01001101110110111101,11.0,01001101110110111101
82,11.0,01001101110110111101,11.0,01001101110110111101
82,11.0,01001101110110111101,11.0,01001101110110111101
82,11.0,01001101110110111101,11.0,01001101110110111101
82,11.0,01001101110110111101,11.0,01001101110110111101
82,11.0,01001101110110111101,11.0,01001101110110111101
82,11.0,01001101110110111101,11.0,01001101110110111101
82,11.0,01001101110110111101,11.0,01001101110110111101
82,11.0,01001101110110111101,11.0,01001101110110111101
82,11.0,01001101110110111101,11.0,01001101110110111101
82,11.0,01001101110110111101,11.0,01001101110110111101
82,11.0,01001101110110111101,11.0,01001101110110111101
82,11.0,01001101110110111101,11.0,01001101110110111101
82,11.0,01001101110110111101,11.0,01001101110110111101
82,11.0,01001101110110111101,11.0,01001101110110111101
82,11.0,01001101110110111101,11.0,01001101110110111101
82,11.0,01001101110110111101,11.0,01001101110110111101
82,11.0,01001101110110111101,11.0,01001101110110111101
82,11.0,01001101110110111101,11.0,01001101110110111101
82,11.0,01001101110110111101,11.0,01001101110110111101
82,11.0,01001101110110111101,11.0,01001101110110111101
82,11.0,01001101110110111101,11.0,01001101110110111101
82,11.0,01001101110110111101,11.0,01001101110110111101
82,11.0,01001101110110111101,11.0,01001101110110111101
82,11.0,01001101110110111101,11.0,01001101110110111101
82,11.0,01001101110110111101,11.0,01001101110110111101
82,11.0,01001101110110111101,11.0,01001101110110111101
82,11.0,01001101110110111101,11.0,01001101110110111101
82,11.0,01001101110110111101,11.0,01001101110110111101
82,11.0,01001101110110111101,11.0,01001101110110111101
82,11.0,01001101110110111101,11.0,01001101110110111101
82,11.0,01001101110110111101,11.0,01001101110110111101
82,11.0,01001101110110111101,11.0,01001101110110111101
82,11.0,01001101110110111101,11.0,01001101110110111101
82,11.0,01001101110110111101,11.0,01001101110110111101
82,11.0,01001101110110111101,11.0,01001101110110111101
82,11.0,01001101110110111101,11.0,01001101110110111101
82,11.0,01001101110110111101,11.0,01001101110110111101
82,11.0,01001101110110111101,11.0,01001101110110111101
82,11.0,01001101110110111101,11.0,01001101110110111101
82,11.0,01001101110110111101,11.0,01001101110110111101
82,11.0,01001101110110111101,11.0,01001101110110111101
82,11.0,01001101110110111101,11.0,01001101110110111101
82,11.0,01001101110110111101,11.0,01001101110110111101
82,11.0,01001101110110111101,11.0,01001101110110111101
83,117825.0,00110010110011110000,117825.0,00110010110011110000
83,117825.0,00110010110011110000,8947.0,00111110110011010000
83,8947.0,00111110110011010000,8947.0,00111110110011010000
83,8947.0,00111110110011010000,5487.0,00011111010010110110
83,5487.0,00011111010010110110,3377.0,00010011010100110111
83,3377.0,00010011010100110111,2815.0,00011011000110110111
83,2815.0,00011011000110110111,251.0,10010011000110100110
83,251.0,10010011000110100110,251.0,10010011000110100110
83,251.0,10010011000110100110,251.0,10010011000110100110
83,251.0,10010011000110100110,251.0,10010011000110100110
83,251.0,10010011000110100110,251.0,10010011000110100110
83,251.0,10010011000110100110,251.0,10010011000110100110
83,251.0,10010011000110100110,251.0,10010011000110100110
83,251.0,10010011000110100110,251.0,10010011000110100110
83,251.0,10010011000110100110,25.0,11001110011110100111
83,25.0,11001110011110100111,25.0,11001110011110100111
83,25.0,11001110011110100111,25.0,11001110011110100111
83,25.0,11001110011110100111,25.0,11001110011110100111
83,25.0,11001110011110100111,25.0,11001110011110100111
83,25.0,11001110011110100111,25.0,11001110011110100111
83,25.0,11001110011110100111,25.0,11001110011110100111
83,25.0,11001110011110100111,25.0,11001110011110100111
83,25.0,11001110011110100111,25.0,11001110011110100111
83,25.0,11001110011110100111,25.0,11001110011110100111
83,25.0,11001110011110100111,25.0,11001110011110100111
83,25.0,11001110011110100111,25.0,11001110011110100111
83,25.0,11001110011110100111,25.0,11001110011110100111
83,25.0,11001110011110100111,25.0,11001110011110100111
83,25.0,11001110011110100111,25.0,11001110011110100111
83,25.0,11001110011110100111,25.0,11001110011110100111
83,25.0,11001110011110100111,25.0,11001110011110100111
83,25.0,11001110011110100111,25.0,11001110011110100111
83,25.0,11001110011110100111,25.0,11001110011110100111
83,25.0,11001110011110100111,25.0,11001110011110100111
83,25.0,11001110011110100111,25.0,11001110011110100111
83,25.0,11001110011110100111,25.0,11001110011110100111
83,25.0,11001110011110100111,25.0,11001110011110100111
83,25.0,11001110011110100111,25.0,11001110011110100111
83,25.0,11001110011110100111,25.0,11001110011110100111
83,25.0,11001110011110100111,25.0,11001110011110100111
83,25.0,11001110011110100111,25.0,11001110011110100111
83,25.0,11001110011110100111,25.0,11001110011110100111
83,25.0,11001110011110100111,25.0,11001110011110100111
83,25.0,11001110011110100111,25.0,11001110011110100111
83,25.0,11001110011110100111,25.0,11001110011110100111
83,25.0,11001110011110100111,25.0,11001110011110100111
83,25.0,11001110011110100111,25.0,11001110011110100111
83,25.0,11001110011110100111,25.0,11001110011110100111
83,25.0,11001110011110100111,25.0,11001110011110100111
83,25.0,11001110011110100111,25.0,11001110011110100111
83,25.0,11001110011110100111,25.0,11001110011110100111
83,25.0,11001110011110100111,25.0,11001110011110100111
83,25.0,11001110011110100111,25.0,11001110011110100111
83,25.0,11001110011110100111,25.0,11001110011110100111
83,25.0,11001110011110100111,25.0,11001110011110100111
83,25.0,11001110011110100111,25.0,11001110011110100111
83,25.0,11001110011110100111,25.0,11001110011110100111
83,25.0,11001110011110100111,25.0,11001110011110100111
83,25.0,11001110011110100111,25.0,11001110011110100111
83,25.0,11001110011110100111,25.0,11001110011110100111
83,25.0,11001110011110100111,25.0,11001110011110100111
83,25.0,11001110011110100111,25.0,11001110011110100111
83,25.0,11001110011110100111,25.0,11001110011110100111
83,25.0,11001110011110100111,25.0,11001110011110100111
83,25.0,11001110011110100111,25.0,11001110011110100111
84,70821.0,10011110010110001111,11147.0,10010010010110101110
84,11147.0,10010010010110101110,8583.0,00011010010110111111
84,8583.0,00011010010110111111,6351.0,00011110010001011110
84,6351.0,00011110010001011110,6351.0,00011110010001011110
84,6351.0,00011110010001011110,4613.0,01011110110001101001
84,4613.0,01011110110001101001,2943.0,11011100110001001110
84,2943.0,11011100110001001110,1797.0,10010000110001111111
84,1797.0,10010000110001111111,1391.0,10110000110001110100
84,1391.0,10110000110001110100,1391.0,10110000110001110100
84,1391.0,10110000110001110100,1391.0,10110000110001110100
84,1391.0,10110000110001110100,631.0,10110100110001010111
84,631.0,10110100110001010111,631.0,10110100110001010111
84,631.0,10110100110001010111,631.0,10110100110001010111
84,631.0,10110100110001010111,631.0,10110100110001010111
84,631.0,10110100110001010111,277.0,10010100111001010100
84,277.0,10010100111001010100,127.0,10000110111101000111
84,127.0,10000110111101000111,127.0,10000110111101000111
84,127.0,10000110111101000111,127.0,10000110111101000111
84,127.0,10000110111101000111,127.0,10000110111101000111
84,127.0,10000110111101000111,127.0,10000110111101000111
84,127.0,10000110111101000111,127.0,10000110111101000111
84,127.0,10000110111101000111,127.0,10000110111101000111
84,127.0,10000110111101000111,127.0,10000110111101000111
84,127.0,10000110111101000111,127.0,10000110111101000111
84,127.0,10000110111101000111,127.0,10000110111101000111
84,127.0,10000110111101000111,127.0,10000110111101000111
84,127.0,10000110111101000111,127.0,10000110111101000111
84,127.0,10000110111101000111,127.0,10000110111101000111
84,127.0,10000110111101000111,127.0,10000110111101000111
84,127.0,10000110111101000111,127.0,10000110111101000111
84,127.0,10000110111101000111,127.0,10000110111101000111
84,127.0,10000110111101000111,127.0,10000110111101000111
84,127.0,10000110111101000111,127.0,10000110111101000111
84,127.0,10000110111101000111,127.0,10000110111101000111
85,12511.0,11110110110010100001,8955.0,11111010100110100001
85,8955.0,11111010100110100001,8955.0,11111010100110100001
85,8955.0,11111010100110100001,8955.0,11111010100110100001
85,8955.0,11111010100110100001,7547.0,11110100000101110001
85,7547.0,11110100000101110001,5123.0,11011100100101011011
85,5123.0,11011100100101011011,1419.0,11010000001101001010
85,1419.0,11010000001101001010,1419.0,11010000001101001010
85,1419.0,11010000001101001010,149.0,11011000001101110001
85,149.0,11011000001101110001,143.0,11011100001101000100
85,143.0,11011100001101000100,143.0,11011100001101000100
85,143.0,11011100001101000100,143.0,11011100001101000100
85,143.0,11011100001101000100,143.0,11011100001101000100
85,143.0,11011100001101000100,143.0,11011100001101000100
85,143.0,11011100001101000100,143.0,11011100001101000100
85,143.0,11011100001101000100,143.0,11011100001101000100
85,143.0,11011100001101000100,143.0,11011100001101000100
85,143.0,11011100001101000100,143.0,11011100001101000100
85,143.0,11011100001101000100,143.0,11011100001101000100
85,143.0,11011100001101000100,143.0,11011100001101000100
85,143.0,11011100001101000100,143.0,11011100001101000100
85,143.0,11011100001101000100,143.0,11011100001101000100
85,143.0,11011100001101000100,143.0,11011100001101000100
85,143.0,11011100001101000100,143.0,11011100001101000100
85,143.0,11011100001101000100,143.0,11011100001101000100
85,143.0,11011100001101000100,143.0,11011100001101000100
85,143.0,11011100001101000100,143.0,11011100001101000100
85,143.0,11011100001101000100,143.0,11011100001101000100
85,143.0,11011100001101000100,143.0,11011100001101000100
85,143.0,11011100001101000100,143.0,11011100001101000100
86,12511.0,00001001001101011110,12073.0,10001001011100011111
86,12073.0,10001001011100011111,1111.0,10010101011100000111
86,1111.0,10010101011100000111,1111.0,10010101011100000111
86,1111.0,10010101011100000111,1111.0,10010101011100000111
86,1111.0,10010101011100000111,1111.0,10010101011100000111
86,1111.0,10010101011100000111,1111.0,10010101011100000111
86,1111.0,10010101011100000111,907.0,10111100011110000100
86,907.0,10111100011110000100,281.0,10110000001011000110
86,281.0,10110000001011000110,281.0,10110000001011000110
86,281.0,10110000001011000110,281.0,10110000001011000110
86,281.0,10110000001011000110,281.0,10110000001011000110
86,281.0,10110000001011000110,281.0,10110000001011000110
86,281.0,10110000001011000110,281.0,10110000001011000110
86,281.0,10110000001011000110,281.0,10110000001011000110
86,281.0,10110000001011000110,281.0,10110000001011000110
86,281.0,10110000001011000110,281.0,10110000001011000110
86,281.0,10110000001011000110,281.0,10110000001011000110
86,281.0,10110000001011000110,281.0,10110000001011000110
86,281.0,10110000001011000110,281.0,10110000001011000110
86,281.0,10110000001011000110,281.0,10110000001011000110
86,281.0,10110000001011000110,281.0,10110000001011000110
86,281.0,10110000001011000110,281.0,10110000001011000110
86,281.0,10110000001011000110,281.0,10110000001011000110
86,281.0,10110000001011000110,281.0,10110000001011000110
86,281.0,10110000001011000110,281.0,10110000001011000110
86,281.0,10110000001011000110,281.0,10110000001011000110
86,281.0,10110000001011000110,281.0,10110000001011000110
86,281.0,10110000001011000110,11.0,10110010001001000010
86,11.0,10110010001001000010,11.0,10110010001001000010
86,11.0,10110010001001000010,11.0,10110010001001000010
86,11.0,10110010001001000010,11.0,10110010001001000010
86,11.0,10110010001001000010,11.0,10110010001001000010
86,11.0,10110010001001000010,11.0,10110010001001000010
86,11.0,10110010001001000010,11.0,10110010001001000010
86,11.0,10110010001001000010,11.0,10110010001001000010
86,11.0,10110010001001000010,11.0,10110010001001000010
86,11.0,10110010001001000010,11.0,10110010001001000010
86,11.0,10110010001001000010,11.0,10110010001001000010
86,11.0,10110010001001000010,11.0,10110010001001000010
86,11.0,10110010001001000010,11.0,10110010001001000010
86,11.0,10110010001001000010,11.0,10110010001001000010
86,11.0,10110010001001000010,11.0,10110010001001000010
86,11.0,10110010001001000010,11.0,10110010001001000010
86,11.0,10110010001001000010,11.0,10110010001001000010
86,11.0,10110010001001000010,11.0,10110010001001000010
86,11.0,10110010001001000010,11.0,10110010001001000010
86,11.0,10110010001001000010,11.0,10110010001001000010
86,11.0,10110010001001000010,11.0,10110010001001000010
86,11.0,10110010001001000010,11.0,10110010001001000010
86,11.0,10110010001001000010,11.0,10110010001001000010
86,11.0,10110010001001000010,11.0,10110010001001000010
86,11.0,10110010001001000010,11.0,10110010001001000010
86,11.0,10110010001001000010,11.0,10110010001001000010
86,11.0,10110010001001000010,11.0,10110010001001000010
86,11.0,10110010001001000010,11.0,10110010001001000010
86,11.0,10110010001001000010,11.0,10110010001001000010
86,11.0,10110010001001000010,11.0,10110010001001000010
86,11.0,10110010001001000010,11.0,10110010001001000010
86,11.0,10110010001001000010,11.0,10110010001001000010
86,11.0,10110010001001000010,11.0,10110010001001000010
86,11.0,10110010001001000010,11.0,10110010001001000010
86,11.0,10110010001001000010,11.0,10110010001001000010
86,11.0,10110010001001000010,11.0,10110010001001000010
86,11.0,10110010001001000010,11.0,10110010001001000010
86,11.0,10110010001001000010,11.0,10110010001001000010
86,11.0,10110010001001000010,11.0,10110010001001000010
86,11.0,10110010001001000010,11.0,10110010001001000010
86,11.0,10110010001001000010,11.0,10110010001001000010
86,11.0,10110010001001000010,11.0,10110010001001000010
86,11.0,10110010001001000010,11.0,10110010001001000010
86,11.0,10110010001001000010,11.0,10110010001001000010
86,11.0,10110010001001000010,11.0,10110010001001000010
86,11.0,10110010001001000010,11.0,10110010001001000010
86,11.0,10110010001001000010,11.0,10110010001001000010
86,11.0,10110010001001000010,11.0,10110010001001000010
86,11.0,10110010001001000010,11.0,10110010001001000010
86,11.0,10110010001001000010,11.0,10110010001001000010
86,11.0,10110010001001000010,11.0,10110010001001000010
87,30141.0,10110001100110001010,7783.0,10111001100110001001
87,7783.0,10111001100110001001,7783.0,10111001100110001001
87,7783.0,10111001100110001001,6913.0,10111001001000001011
87,6913.0,10111001001000001011,6913.0,10111001001000001011
87,6913.0,10111001001000001011,6913.0,10111001001000001011
87,6913.0,10111001001000001011,4169.0,10110100001100011011
87,4169.0,10110100001100011011,4169.0,10110100001100011011
87,4169.0,10110100001100011011,4169.0,10110100001100011011
87,4169.0,10110100001100011011,4169.0,10110100001100011011
87,4169.0,10110100001100011011,2159.0,10111000101110001011
87,2159.0,10111000101110001011,1989.0,10110100011000001110
87,1989.0,10110100011000001110,153.0,10111100001001001010
87,153.0,10111100001001001010,153.0,10111100001001001010
87,153.0,10111100001001001010,153.0,10111100001001001010
87,153.0,10111100001001001010,153.0,10111100001001001010
87,153.0,10111100001001001010,153.0,10111100001001001010
87,153.0,10111100001001001010,153.0,10111100001001001010
87,153.0,10111100001001001010,153.0,10111100001001001010
87,153.0,10111100001001001010,153.0,10111100001001001010
87,153.0,10111100001001001010,153.0,10111100001001001010
87,153.0,10111100001001001010,153.0,10111100001001001010
87,153.0,10111100001001001010,153.0,10111100001001001010
87,153.0,10111100001001001010,153.0,10111100001001001010
87,153.0,10111100001001001010,153.0,10111100001001001010
87,153.0,10111100001001001010,153.0,10111100001001001010
87,153.0,10111100001001001010,153.0,10111100001001001010
87,153.0,10111100001001001010,11.0,10110010001001000010
87,11.0,10110010001001000010,11.0,10110010001001000010
87,11.0,10110010001001000010,11.0,10110010001001000010
87,11.0,10110010001001000010,11.0,10110010001001000010
87,11.0,10110010001001000010,11.0,10110010001001000010
87,11.0,10110010001001000010,11.0,10110010001001000010
87,11.0,10110010001001000010,11.0,10110010001001000010
87,11.0,10110010001001000010,11.0,10110010001001000010
87,11.0,10110010001001000010,11.0,10110010001001000010
87,11.0,10110010001001000010,11.0,10110010001001000010
87,11.0,10110010001001000010,11.0,10110010001001000010
87,11.0,10110010001001000010,11.0,10110010001001000010
87,11.0,10110010001001000010,11.0,10110010001001000010
87,11.0,10110010001001000010,11.0,10110010001001000010
87,11.0,10110010001001000010,11.0,10110010001001000010
87,11.0,10110010001001000010,11.0,10110010001001000010
87,11.0,10110010001001000010,11.0,10110010001001000010
87,11.0,10110010001001000010,11.0,10110010001001000010
87,11.0,10110010001001000010,11.0,10110010001001000010
87,11.0,10110010001001000010,11.0,10110010001001000010
87,11.0,10110010001001000010,11.0,10110010001001000010
87,11.0,10110010001001000010,11.0,10110010001001000010
87,11.0,10110010001001000010,11.0,10110010001001000010
87,11.0,10110010001001000010,11.0,10110010001001000010
87,11.0,10110010001001000010,11.0,10110010001001000010
87,11.0,10110010001001000010,11.0,10110010001001000010
87,11.0,10110010001001000010,11.0,10110010001001000010
87,11.0,10110010001001000010,11.0,10110010001001000010
87,11.0,10110010001001000010,11.0,10110010001001000010
87,11.0,10110010001001000010,11.0,10110010001001000010
87,11.0,10110010001001000010,11.0,10110010001001000010
87,11.0,10110010001001000010,11.0,10110010001001000010
87,11.0,10110010001001000010,11.0,10110010001001000010
87,11.0,10110010001001000010,11.0,10110010001001000010
87,11.0,10110010001001000010,11.0,10110010001001000010
87,11.0,10110010001001000010,11.0,10110010001001000010
87,11.0,10110010001001000010,11.0,10110010001001000010
87,11.0,10110010001001000010,11.0,10110010001001000010
87,11.0,10110010001001000010,11.0,10110010001001000010
87,11.0,10110010001001000010,11.0,10110010001001000010
87,11.0,10110010001001000010,11.0,10110010001001000010
87,11.0,10110010001001000010,11.0,10110010001001000010
87,11.0,10110010001001000010,11.0,10110010001001000010
87,11.0,10110010001001000010,11.0,10110010001001000010
87,11.0,10110010001001000010,11.0,10110010001001000010
87,11.0,10110010001001000010,11.0,10110010001001000010
87,11.0,10110010001001000010,11.0,10110010001001000010
87,11.0,10110010001001000010,11.0,10110010001001000010
87,11.0,10110010001001000010,11.0,10110010001001000010
87,11.0,10110010001001000010,11.0,10110010001001000010
87,11.0,10110010001001000010,11.0,10110010001001000010
87,11.0,10110010001001000010,11.0,10110010001001000010
87,11.0,10110010001001000010,11.0,10110010001001000010
87,11.0,10110010001001000010,11.0,10110010001001000010
87,11.0,10110010001001000010,11.0,10110010001001000010
87,11.0,10110010001001000010,11.0,10110010001001000010
87,11.0,10110010001001000010,11.0,10110010001001000010
88,19647.0,11000101011011010001,6653.0,11000101011001110001
88,6653.0,11000101011001110001,6653.0,11000101011001110001
88,6653.0,11000101011001110001,1447.0,11001100011011111001
88,1447.0,11001100011011111001,1447.0,11001100011011111001
88,1447.0,11001100011011111001,1447.0,11001100011011111001
88,1447.0,11001100011011111001,1447.0,11001100011011111001
88,1447.0,11001100011011111001,1447.0,11001100011011111001
88,1447.0,11001100011011111001,1447.0,11001100011011111001
88,1447.0,11001100011011111001,273.0,11001000011110111101
88,273.0,11001000011110111101,273.0,11001000011110111101
88,273.0,11001000011110111101,273.0,11001000011110111101
88,273.0,11001000011110111101,273.0,11001000011110111101
88,273.0,11001000011110111101,273.0,11001000011110111101
88,273.0,11001000011110111101,273.0,11001000011110111101
88,273.0,11001000011110111101,273.0,11001000011110111101
88,273.0,11001000011110111101,273.0,11001000011110111101
88,273.0,11001000011110111101,273.0,11001000011110111101
88,273.0,11001000011110111101,273.0,11001000011110111101
88,273.0,11001000011110111101,273.0,11001000011110111101
88,273.0,11001000011110111101,273.0,11001000011110111101
88,273.0,11001000011110111101,273.0,11001000011110111101
88,273.0,11001000011110111101,273.0,11001000011110111101
88,273.0,11001000011110111101,273.0,11001000011110111101
88,273.0,11001000011110111101,273.0,11001000011110111101
88,273.0,11001000011110111101,273.0,11001000011110111101
88,273.0,11001000011110111101,125.0,11011100011010110100
88,125.0,11011100011010110100,125.0,11011100011010110100
88,125.0,11011100011010110100,125.0,11011100011010110100
88,125.0,11011100011010110100,125.0,11011100011010110100
88,125.0,11011100011010110100,125.0,11011100011010110100
88,125.0,11011100011010110100,125.0,11011100011010110100
88,125.0,11011100011010110100,125.0,11011100011010110100
88,125.0,11011100011010110100,125.0,11011100011010110100
88,125.0,11011100011010110100,125.0,11011100011010110100
88,125.0,11011100011010110100,125.0,11011100011010110100
88,125.0,11011100011010110100,125.0,11011100011010110100
88,125.0,11011100011010110100,125.0,11011100011010110100
88,125.0,11011100011010110100,125.0,11011100011010110100
88,125.0,11011100011010110100,125.0,11011100011010110100
88,125.0,11011100011010110100,125.0,11011100011010110100
88,125.0,11011100011010110100,125.0,11011100011010110100
88,125.0,11011100011010110100,125.0,11011100011010110100
88,125.0,11011100011010110100,125.0,11011100011010110100
88,125.0,11011100011010110100,125.0,11011100011010110100
88,125.0,11011100011010110100,125.0,11011100011010110100
88,125.0,11011100011010110100,125.0,11011100011010110100
88,125.0,11011100011010110100,125.0,11011100011010110100
88,125.0,11011100011010110100,125.0,11011100011010110100
88,125.0,11011100011010110100,125.0,11011100011010110100
88,125.0,11011100011010110100,125.0,11011100011010110100
88,125.0,11011100011010110100,125.0,11011100011010110100
88,125.0,11011100011010110100,125.0,11011100011010110100
88,125.0,11011100011010110100,125.0,11011100011010110100
89,2231.0,01110001000100001100,2231.0,01110001000100001100
89,2231.0,01110001000100001100,1189.0,11011001100100001100
89,1189.0,11011001100100001100,1189.0,11011001100100001100
89,1189.0,11011001100100001100,1189.0,11011001100100001100
89,1189.0,11011001100100001100,1189.0,11011001100100001100
89,1189.0,11011001100100001100,1189.0,11011001100100001100
89,1189.0,11011001100100001100,1189.0,11011001100100001100
89,1189.0,11011001100100001100,1189.0,11011001100100001100
89,1189.0,11011001100100001100,1189.0,11011001100100001100
89,1189.0,11011001100100001100,785.0,11100101100100001110
89,785.0,11100101100100001110,785.0,11100101100100001110
89,785.0,11100101100100001110,785.0,11100101100100001110
89,785.0,11100101100100001110,785.0,11100101100100001110
89,785.0,11100101100100001110,785.0,11100101100100001110
89,785.0,11100101100100001110,785.0,11100101100100001110
89,785.0,11100101100100001110,785.0,11100101100100001110
89,785.0,11100101100100001110,785.0,11100101100100001110
89,785.0,11100101100100001110,785.0,11100101100100001110
89,785.0,11100101100100001110,785.0,11100101100100001110
89,785.0,11100101100100001110,785.0,11100101100100001110
89,785.0,11100101100100001110,785.0,11100101100100001110
89,785.0,11100101100100001110,785.0,11100101100100001110
89,785.0,11100101100100001110,475.0,11110101000100000101
89,475.0,11110101000100000101,475.0,11110101000100000101
89,475.0,11110101000100000101,473.0,11100101010100110100
89,473.0,11100101010100110100,473.0,11100101010100110100
89,473.0,11100101010100110100,119.0,11100101110110110001
89,119.0,11100101110110110001,119.0,11100101110110110001
89,119.0,11100101110110110001,119.0,11100101110110110001
89,119.0,11100101110110110001,119.0,11100101110110110001
89,119.0,11100101110110110001,119.0,11100101110110110001
89,119.0,11100101110110110001,119.0,11100101110110110001
89,119.0,11100101110110110001,119.0,11100101110110110001
89,119.0,11100101110110110001,119.0,11100101110110110001
89,119.0,11100101110110110001,119.0,11100101110110110001
89,119.0,11100101110110110001,119.0,11100101110110110001
89,119.0,11100101110110110001,119.0,11100101110110110001
89,119.0,11100101110110110001,119.0,11100101110110110001
89,119.0,11100101110110110001,119.0,11100101110110110001
89,119.0,11100101110110110001,119.0,11100101110110110001
89,119.0,11100101110110110001,119.0,11100101110110110001
89,119.0,11100101110110110001,119.0,11100101110110110001
89,119.0,11100101110110110001,119.0,11100101110110110001
89,119.0,11100101110110110001,119.0,11100101110110110001
89,119.0,11100101110110110001,119.0,11100101110110110001
89,119.0,11100101110110110001,119.0,11100101110110110001
89,119.0,11100101110110110001,119.0,11100101110110110001
89,119.0,11100101110110110001,119.0,11100101110110110001
89,119.0,11100101110110110001,119.0,11100101110110110001
89,119.0,11100101110110110001,119.0,11100101110110110001
89,119.0,11100101110110110001,119.0,11100101110110110001
89,119.0,11100101110110110001,119.0,11100101110110110001
89,119.0,11100101110110110001,119.0,11100101110110110001
89,119.0,11100101110110110001,119.0,11100101110110110001
89,119.0,11100101110110110001,119.0,11100101110110110001
89,119.0,11100101110110110001,119.0,11100101110110110001
89,119.0,11100101110110110001,119.0,11100101110110110001
89,119.0,11100101110110110001,11.0,01001101110110111101
89,11.0,01001101110110111101,11.0,01001101110110111101
89,11.0,01001101110110111101,11.0,01001101110110111101
89,11.0,01001101110110111101,11.0,01001101110110111101
89,11.0,01001101110110111101,11.0,01001101110110111101
89,11.0,01001101110110111101,11.0,01001101110110111101
89,11.0,01001101110110111101,11.0,01001101110110111101
89,11.0,01001101110110111101,11.0,01001101110110111101
89,11.0,01001101110110111101,11.0,01001101110110111101
89,11.0,01001101110110111101,11.0,01001101110110111101
89,11.0,01001101110110111101,11.0,01001101110110111101
89,11.0,01001101110110111101,11.0,01001101110110111101
89,11.0,01001101110110111101,11.0,01001101110110111101
89,11.0,01001101110110111101,11.0,01001101110110111101
89,11.0,01001101110110111101,11.0,01001101110110111101
89,11.0,01001101110110111101,11.0,01001101110110111101
89,11.0,01001101110110111101,11.0,01001101110110111101
89,11.0,01001101110110111101,11.0,01001101110110111101
89,11.0,01001101110110111101,11.0,01001101110110111101
89,11.0,01001101110110111101,11.0,01001101110110111101
89,11.0,01001101110110111101,11.0,01001101110110111101
89,11.0,01001101110110111101,11.0,01001101110110111101
89,11.0,01001101110110111101,11.0,01001101110110111101
89,11.0,01001101110110111101,11.0,01001101110110111101
89,11.0,01001101110110111101,11.0,01001101110110111101
89,11.0,01001101110110111101,11.0,01001101110110111101
89,11.0,01001101110110111101,11.0,01001101110110111101
89,11.0,01001101110110111101,11.0,01001101110110111101
89,11.0,01001101110110111101,11.0,01001101110110111101
89,11.0,01001101110110111101,11.0,01001101110110111101
89,11.0,01001101110110111101,11.0,01001101110110111101
89,11.0,01001101110110111101,11.0,01001101110110111101
89,11.0,01001101110110111101,11.0,01001101110110111101
89,11.0,01001101110110111101,11.0,01001101110110111101
89,11.0,01001101110110111101,11.0,01001101110110111101
89,11.0,01001101110110111101,11.0,01001101110110111101
89,11.0,01001101110110111101,11.0,01001101110110111101
89,11.0,01001101110110111101,11.0,01001101110110111101
89,11.0,01001101110110111101,11.0,01001101110110111101
89,11.0,01001101110110111101,11.0,01001101110110111101
89,11.0,01001101110110111101,11.0,01001101110110111101
89,11.0,01001101110110111101,11.0,01001101110110111101
89,11.0,01001101110110111101,11.0,01001101110110111101
89,11.0,01001101110110111101,11.0,01001101110110111101
89,11.0,01001101110110111101,11.0,01001101110110111101
89,11.0,01001101110110111101,11.0,01001101110110111101
89,11.0,01001101110110111101,11.0,01001101110110111101
89,11.0,01001101110110111101,11.0,01001101110110111101
89,11.0,01001101110110111101,11.0,01001101110110111101
89,11.0,01001101110110111101,11.0,01001101110110111101
89,11.0,01001101110110111101,11.0,01001101110110111101
89,11.0,01001101110110111101,11.0,01001101110110111101
89,11.0,01001101110110111101,11.0,01001101110110111101
89,11.0,01001101110110111101,11.0,01001101110110111101
89,11.0,01001101110110111101,11.0,01001101110110111101
89,11.0,01001101110110111101,11.0,01001101110110111101
89,11.0,01001101110110111101,11.0,01001101110110111101
90,140411.0,01001110011110001111,11287.0,11000110011100001101
90,11287.0,11000110011100001101,5917.0,11001111011000001001
90,5917.0,11001111011000001001,5625.0,11001101011010001101
90,5625.0,11001101011010001101,3479.0,10001101111010101101
90,3479.0,10001101111010101101,3479.0,10001101111010101101
90,3479.0,10001101111010101101,3479.0,10001101111010101101
90,3479.0,10001101111010101101,1419.0,10001101111100110111
90,1419.0,10001101111100110111,1419.0,10001101111100110111
90,1419.0,10001101111100110111,1419.0,10001101111100110111
90,1419.0,10001101111100110111,1419.0,10001101111100110111
90,1419.0,10001101111100110111,1419.0,10001101111100110111
90,1419.0,10001101111100110111,1419.0,10001101111100110111
90,1419.0,10001101111100110111,727.0,10001101011101110010
90,727.0,10001101011101110010,279.0,10100011101000110000
90,279.0,10100011101000110000,13.0,10100001101010110100
90,13.0,10100001101010110100,13.0,10100001101010110100
90,13.0,10100001101010110100,13.0,10100001101010110100
90,13.0,10100001101010110100,13.0,10100001101010110100
90,13.0,10100001101010110100,13.0,10100001101010110100
90,13.0,10100001101010110100,13.0,10100001101010110100
90,13.0,10100001101010110100,13.0,10100001101010110100
90,13.0,10100001101010110100,13.0,10100001101010110100
90,13.0,10100001101010110100,13.0,10100001101010110100
90,13.0,10100001101010110100,13.0,10100001101010110100
90,13.0,10100001101010110100,13.0,10100001101010110100
90,13.0,10100001101010110100,13.0,10100001101010110100
90,13.0,10100001101010110100,13.0,10100001101010110100
90,13.0,10100001101010110100,13.0,10100001101010110100
90,13.0,10100001101010110100,13.0,10100001101010110100
90,13.0,10100001101010110100,13.0,10100001101010110100
90,13.0,10100001101010110100,13.0,10100001101010110100
90,13.0,10100001101010110100,13.0,10100001101010110100
90,13.0,10100001101010110100,13.0,10100001101010110100
90,13.0,10100001101010110100,13.0,10100001101010110100
90,13.0,10100001101010110100,13.0,10100001101010110100
90,13.0,10100001101010110100,13.0,10100001101010110100
90,13.0,10100001101010110100,13.0,10100001101010110100
90,13.0,10100001101010110100,13.0,10100001101010110100
90,13.0,10100001101010110100,13.0,10100001101010110100
90,13.0,10100001101010110100,13.0,10100001101010110100
90,13.0,10100001101010110100,13.0,10100001101010110100
90,13.0,10100001101010110100,13.0,10100001101010110100
90,13.0,10100001101010110100,13.0,10100001101010110100
90,13.0,10100001101010110100,13.0,10100001101010110100
90,13.0,10100001101010110100,13.0,10100001101010110100
90,13.0,10100001101010110100,13.0,10100001101010110100
90,13.0,10100001101010110100,13.0,10100001101010110100
90,13.0,10100001101010110100,13.0,10100001101010110100
90,13.0,10100001101010110100,13.0,10100001101010110100
90,13.0,10100001101010110100,13.0,10100001101010110100
91,5183.0,00010111110010011001,1317.0,00010011010110011000
91,1317.0,00010011010110011000,589.0,01010111010100001001
91,589.0,01010111010100001001,589.0,01010111010100001001
91,589.0,01010111010100001001,297.0,01010101010110001101
91,297.0,01010101010110001101,297.0,01010101010110001101
91,297.0,01010101010110001101,297.0,01010101010110001101
91,297.0,01010101010110001101,297.0,01010101010110001101
91,297.0,01010101010110001101,11.0,01001101110110111101
91,11.0,01001101110110111101,11.0,01001101110110111101
91,11.0,01001101110110111101,11.0,01001101110110111101
91,11.0,01001101110110111101,11.0,01001101110110111101
91,11.0,01001101110110111101,11.0,01001101110110111101
91,11.0,01001101110110111101,11.0,01001101110110111101
91,11.0,01001101110110111101,11.0,01001101110110111101
91,11.0,01001101110110111101,11.0,01001101110110111101
91,11.0,01001101110110111101,11.0,01001101110110111101
91,11.0,01001101110110111101,11.0,01001101110110111101
91,11.0,01001101110110111101,11.0,01001101110110111101
91,11.0,01001101110110111101,11.0,01001101110110111101
91,11.0,01001101110110111101,11.0,01001101110110111101
91,11.0,01001101110110111101,11.0,01001101110110111101
91,11.0,01001101110110111101,11.0,01001101110110111101
91,11.0,01001101110110111101,11.0,01001101110110111101
91,11.0,01001101110110111101,11.0,01001101110110111101
91,11.0,01001101110110111101,11.0,01001101110110111101
91,11.0,01001101110110111101,11.0,01001101110110111101
91,11.0,01001101110110111101,11.0,01001101110110111101
91,11.0,01001101110110111101,11.0,01001101110110111101
91,11.0,01001101110110111101,11.0,01001101110110111101
91,11.0,01001101110110111101,11.0,01001101110110111101
91,11.0,01001101110110111101,11.0,01001101110110111101
91,11.0,01001101110110111101,11.0,01001101110110111101
91,11.0,01001101110110111101,11.0,01001101110110111101
91,11.0,01001101110110111101,11.0,01001101110110111101
91,11.0,01001101110110111101,11.0,01001101110110111101
91,11.0,01001101110110111101,11.0,01001101110110111101
91,11.0,01001101110110111101,11.0,01001101110110111101
91,11.0,01001101110110111101,11.0,01001101110110111101
91,11.0,01001101110110111101,11.0,01001101110110111101
91,11.0,01001101110110111101,11.0,01001101110110111101
91,11.0,01001101110110111101,11.0,01001101110110111101
91,11.0,01001101110110111101,11.0,01001101110110111101
91,11.0,01001101110110111101,11.0,01001101110110111101
91,11.0,01001101110110111101,11.0,01001101110110111101
91,11.0,01001101110110111101,11.0,01001101110110111101
91,11.0,01001101110110111101,11.0,01001101110110111101
91,11.0,01001101110110111101,11.0,01001101110110111101
91,11.0,01001101110110111101,11.0,01001101110110111101
91,11.0,01001101110110111101,11.0,01001101110110111101
91,11.0,01001101110110111101,11.0,01001101110110111101
91,11.0,01001101110110111101,11.0,01001101110110111101
91,11.0,01001101110110111101,11.0,01001101110110111101
91,11.0,01001101110110111101,11.0,01001101110110111101
91,11.0,01001101110110111101,11.0,01001101110110111101
91,11.0,01001101110110111101,11.0,01001101110110111101
91,11.0,01001101110110111101,11.0,01001101110110111101
91,11.0,01001101110110111101,11.0,01001101110110111101
91,11.0,01001101110110111101,11.0,01001101110110111101
91,11.0,01001101110110111101,11.0,01001101110110111101
91,11.0,01001101110110111101,11.0,01001101110110111101
91,11.0,01001101110110111101,11.0,01001101110110111101
92,6351.0,11100001101110100001,1893.0,11100101101000100101
92,1893.0,11100101101000100101,1893.0,11100101101000100101
92,1893.0,11100101101000100101,1893.0,11100101101000100101
92,1893.0,11100101101000100101,1893.0,11100101101000100101
92,1893.0,11100101101000100101,1893.0,11100101101000100101
92,1893.0,11100101101000100101,137.0,01100001101000101100
92,137.0,01100001101000101100,137.0,01100001101000101100
92,137.0,01100001101000101100,137.0,01100001101000101100
92,137.0,01100001101000101100,137.0,01100001101000101100
92,137.0,01100001101000101100,137.0,01100001101000101100
92,137.0,01100001101000101100,137.0,01100001101000101100
92,137.0,01100001101000101100,137.0,01100001101000101100
92,137.0,01100001101000101100,137.0,01100001101000101100
92,137.0,01100001101000101100,137.0,01100001101000101100
92,137.0,01100001101000101100,137.0,01100001101000101100
92,137.0,01100001101000101100,137.0,01100001101000101100
92,137.0,01100001101000101100,137.0,01100001101000101100
92,137.0,01100001101000101100,137.0,01100001101000101100
92,137.0,01100001101000101100,137.0,01100001101000101100
92,137.0,01100001101000101100,137.0,01100001101000101100
92,137.0,01100001101000101100,137.0,01100001101000101100
92,137.0,01100001101000101100,137.0,01100001101000101100
92,137.0,01100001101000101100,137.0,01100001101000101100
92,137.0,01100001101000101100,137.0,01100001101000101100
92,137.0,01100001101000101100,137.0,01100001101000101100
92,137.0,01100001101000101100,137.0,01100001101000101100
92,137.0,01100001101000101100,137.0,01100001101000101100
92,137.0,01100001101000101100,137.0,01100001101000101100
92,137.0,01100001101000101100,137.0,01100001101000101100
92,137.0,01100001101000101100,137.0,01100001101000101100
92,137.0,01100001101000101100,137.0,01100001101000101100
92,137.0,01100001101000101100,137.0,01100001101000101100
92,137.0,01100001101000101100,137.0,01100001101000101100
92,137.0,01100001101000101100,137.0,01100001101000101100
92,137.0,01100001101000101100,137.0,01100001101000101100
92,137.0,01100001101000101100,137.0,01100001101000101100
92,137.0,01100001101000101100,137.0,01100001101000101100
92,137.0,01100001101000101100,137.0,01100001101000101100
92,137.0,01100001101000101100,137.0,01100001101000101100
92,137.0,01100001101000101100,137.0,01100001101000101100
92,137.0,01100001101000101100,137.0,01100001101000101100
92,137.0,01100001101000101100,137.0,01100001101000101100
92,137.0,01100001101000101100,137.0,01100001101000101100
92,137.0,01100001101000101100,137.0,01100001101000101100
93,13369.0,11110000010101010011,13369.0,11110000010101010011
93,13369.0,11110000010101010011,8489.0,11111000000100011101
93,8489.0,11111000000100011101,4899.0,11011100110100011110
93,4899.0,11011100110100011110,4899.0,11011100110100011110
93,4899.0,11011100110100011110,487.0,11010100001110011010
93,487.0,11010100001110011010,487.0,11010100001110011010
93,487.0,11010100001110011010,487.0,11010100001110011010
93,487.0,11010100001110011010,487.0,11010100001110011010
93,487.0,11010100001110011010,487.0,11010100001110011010
93,487.0,11010100001110011010,487.0,11010100001110011010
93,487.0,11010100001110011010,487.0,11010100001110011010
93,487.0,11010100001110011010,309.0,11110100001000011001
93,309.0,11110100001000011001,309.0,11110100001000011001
93,309.0,11110100001000011001,309.0,11110100001000011001
93,309.0,11110100001000011001,187.0,11111100010000011100
93,187.0,11111100010000011100,23.0,11110010010000010100
93,23.0,11110010010000010100,23.0,11110010010000010100
93,23.0,11110010010000010100,23.0,11110010010000010100
93,23.0,11110010010000010100,23.0,11110010010000010100
93,23.0,11110010010000010100,23.0,11110010010000010100
93,23.0,11110010010000010100,23.0,11110010010000010100
93,23.0,11110010010000010100,23.0,11110010010000010100
93,23.0,11110010010000010100,23.0,11110010010000010100
93,23.0,11110010010000010100,23.0,11110010010000010100
93,23.0,11110010010000010100,23.0,11110010010000010100
93,23.0,11110010010000010100,23.0,11110010010000010100
93,23.0,11110010010000010100,23.0,11110010010000010100
93,23.0,11110010010000010100,23.0,11110010010000010100
93,23.0,11110010010000010100,23.0,11110010010000010100
93,23.0,11110010010000010100,23.0,11110010010000010100
93,23.0,11110010010000010100,23.0,11110010010000010100
93,23.0,11110010010000010100,23.0,11110010010000010100
93,23.0,11110010010000010100,23.0,11110010010000010100
93,23.0,11110010010000010100,23.0,11110010010000010100
93,23.0,11110010010000010100,23.0,11110010010000010100
93,23.0,11110010010000010100,23.0,11110010010000010100
93,23.0,11110010010000010100,23.0,11110010010000010100
93,23.0,11110010010000010100,23.0,11110010010000010100
93,23.0,11110010010000010100,23.0,11110010010000010100
93,23.0,11110010010000010100,23.0,11110010010000010100
93,23.0,11110010010000010100,23.0,11110010010000010100
93,23.0,11110010010000010100,23.0,11110010010000010100
93,23.0,11110010010000010100,23.0,11110010010000010100
93,23.0,11110010010000010100,23.0,11110010010000010100
93,23.0,11110010010000010100,23.0,11110010010000010100
93,23.0,11110010010000010100,23.0,11110010010000010100
93,23.0,11110010010000010100,23.0,11110010010000010100
93,23.0,11110010010000010100,23.0,11110010010000010100
93,23.0,11110010010000010100,23.0,11110010010000010100
93,23.0,11110010010000010100,23.0,11110010010000010100
93,23.0,11110010010000010100,23.0,11110010010000010100
93,23.0,11110010010000010100,23.0,11110010010000010100
93,23.0,11110010010000010100,23.0,11110010010000010100
93,23.0,11110010010000010100,23.0,11110010010000010100
94,67799.0,11011110001010000111,4045.0,11010100101110100110
94,4045.0,11010100101110100110,449.0,11011100101111000001
94,449.0,11011100101111000001,449.0,11011100101111000001
94,449.0,11011100101111000001,449.0,11011100101111000001
94,449.0,11011100101111000001,449.0,11011100101111000001
94,449.0,11011100101111000001,395.0,10010110001111000000
94,395.0,10010110001111000000,395.0,10010110001111000000
94,395.0,10010110001111000000,395.0,10010110001111000000
94,395.0,10010110001111000000,395.0,10010110001111000000
94,395.0,10010110001111000000,395.0,10010110001111000000
94,395.0,10010110001111000000,395.0,10010110001111000000
94,395.0,10010110001111000000,395.0,10010110001111000000
94,395.0,10010110001111000000,395.0,10010110001111000000
94,395.0,10010110001111000000,395.0,10010110001111000000
94,395.0,10010110001111000000,395.0,10010110001111000000
94,395.0,10010110001111000000,395.0,10010110001111000000
94,395.0,10010110001111000000,395.0,10010110001111000000
94,395.0,10010110001111000000,395.0,10010110001111000000
94,395.0,10010110001111000000,395.0,10010110001111000000
94,395.0,10010110001111000000,395.0,10010110001111000000
94,395.0,10010110001111000000,395.0,10010110001111000000
94,395.0,10010110001111000000,395.0,10010110001111000000
94,395.0,10010110001111000000,395.0,10010110001111000000
94,395.0,10010110001111000000,395.0,10010110001111000000
94,395.0,10010110001111000000,395.0,10010110001111000000
94,395.0,10010110001111000000,395.0,10010110001111000000
94,395.0,10010110001111000000,395.0,10010110001111000000
94,395.0,10010110001111000000,395.0,10010110001111000000
94,395.0,10010110001111000000,237.0,11011110000100111011
94,237.0,11011110000100111011,237.0,11011110000100111011
94,237.0,11011110000100111011,237.0,11011110000100111011
94,237.0,11011110000100111011,237.0,11011110000100111011
94,237.0,11011110000100111011,237.0,11011110000100111011
94,237.0,11011110000100111011,237.0,11011110000100111011
94,237.0,11011110000100111011,237.0,11011110000100111011
94,237.0,11011110000100111011,237.0,11011110000100111011
94,237.0,11011110000100111011,231.0,11010010000100011100
94,231.0,11010010000100011100,231.0,11010010000100011100
94,231.0,11010010000100011100,231.0,11010010000100011100
94,231.0,11010010000100011100,231.0,11010010000100011100
94,231.0,11010010000100011100,231.0,11010010000100011100
94,231.0,11010010000100011100,231.0,11010010000100011100
94,231.0,11010010000100011100,231.0,11010010000100011100
94,231.0,11010010000100011100,231.0,11010010000100011100
94,231.0,11010010000100011100,231.0,11010010000100011100
94,231.0,11010010000100011100,231.0,11010010000100011100
94,231.0,11010010000100011100,231.0,11010010000100011100
94,231.0,11010010000100011100,231.0,11010010000100011100
94,231.0,11010010000100011100,231.0,11010010000100011100
94,231.0,11010010000100011100,231.0,11010010000100011100
94,231.0,11010010000100011100,231.0,11010010000100011100
94,231.0,11010010000100011100,231.0,11010010000100011100
94,231.0,11010010000100011100,231.0,11010010000100011100
94,231.0,11010010000100011100,231.0,11010010000100011100
94,231.0,11010010000100011100,231.0,11010010000100011100
94,231.0,11010010000100011100,231.0,11010010000100011100
94,231.0,11010010000100011100,231.0,11010010000100011100
94,231.0,11010010000100011100,231.0,11010010000100011100
94,231.0,11010010000100011100,231.0,11010010000100011100
94,231.0,11010010000100011100,231.0,11010010000100011100
94,231.0,11010010000100011100,231.0,11010010000100011100
94,231.0,11010010000100011100,231.0,11010010000100011100
94,231.0,11010010000100011100,231.0,11010010000100011100
94,231.0,11010010000100011100,231.0,11010010000100011100
94,231.0,11010010000100011100,231.0,11010010000100011100
94,231.0,11010010000100011100,231.0,11010010000100011100
94,231.0,11010010000100011100,231.0,11010010000100011100
94,231.0,11010010000100011100,231.0,11010010000100011100
94,231.0,11010010000100011100,231.0,11010010000100011100
94,231.0,11010010000100011100,231.0,11010010000100011100
94,231.0,11010010000100011100,231.0,11010010000100011100
94,231.0,11010010000100011100,231.0,11010010000100011100
94,231.0,11010010000100011100,231.0,11010010000100011100
94,231.0,11010010000100011100,231.0,11010010000100011100
94,231.0,11010010000100011100,231.0,11010010000100011100
94,231.0,11010010000100011100,231.0,11010010000100011100
94,231.0,11010010000100011100,231.0,11010010000100011100
95,99963.0,10010011000011000100,17959.0,10110011000010000100
95,17959.0,10110011000010000100,5347.0,10111011000010010011
95,5347.0,10111011000010010011,3551.0,00111011100010110010
95,3551.0,00111011100010110010,2791.0,00100011100110111000
95,2791.0,00100011100110111000,2791.0,00100011100110111000
95,2791.0,00100011100110111000,157.0,00110010100110111000
95,157.0,00110010100110111000,157.0,00110010100110111000
95,157.0,00110010100110111000,157.0,00110010100110111000
95,157.0,00110010100110111000,157.0,00110010100110111000
95,157.0,00110010100110111000,157.0,00110010100110111000
95,157.0,00110010100110111000,157.0,00110010100110111000
95,157.0,00110010100110111000,157.0,00110010100110111000
95,157.0,00110010100110111000,157.0,00110010100110111000
95,157.0,00110010100110111000,157.0,00110010100110111000
95,157.0,00110010100110111000,157.0,00110010100110111000
95,157.0,00110010100110111000,157.0,00110010100110111000
95,157.0,00110010100110111000,157.0,00110010100110111000
95,157.0,00110010100110111000,157.0,00110010100110111000
95,157.0,00110010100110111000,157.0,00110010100110111000
95,157.0,00110010100110111000,157.0,00110010100110111000
95,157.0,00110010100110111000,157.0,00110010100110111000
95,157.0,00110010100110111000,157.0,00110010100110111000
95,157.0,00110010100110111000,157.0,00110010100110111000
95,157.0,00110010100110111000,157.0,00110010100110111000
95,157.0,00110010100110111000,157.0,00110010100110111000
95,157.0,00110010100110111000,157.0,00110010100110111000
95,157.0,00110010100110111000,157.0,00110010100110111000
95,157.0,00110010100110111000,157.0,00110010100110111000
95,157.0,00110010100110111000,157.0,00110010100110111000
95,157.0,00110010100110111000,157.0,00110010100110111000
95,157.0,00110010100110111000,157.0,00110010100110111000
95,157.0,00110010100110111000,157.0,00110010100110111000
95,157.0,00110010100110111000,157.0,00110010100110111000
95,157.0,00110010100110111000,157.0,00110010100110111000
95,157.0,00110010100110111000,157.0,00110010100110111000
95,157.0,00110010100110111000,157.0,00110010100110111000
95,157.0,00110010100110111000,157.0,00110010100110111000
95,157.0,00110010100110111000,157.0,00110010100110111000
95,157.0,00110010100110111000,157.0,00110010100110111000
95,157.0,00110010100110111000,157.0,00110010100110111000
96,39349.0,01010100011001001100,1611.0,01010001011000001100
96,1611.0,01010001011000001100,1611.0,01010001011000001100
96,1611.0,01010001011000001100,1611.0,01010001011000001100
96,1611.0,01010001011000001100,1611.0,01010001011000001100
96,1611.0,01010001011000001100,457.0,00010011001000001100
96,457.0,00010011001000001100,457.0,00010011001000001100
96,457.0,00010011001000001100,457.0,00010011001000001100
96,457.0,00010011001000001100,457.0,00010011001000001100
96,457.0,00010011001000001100,457.0,00010011001000001100
96,457.0,00010011001000001100,457.0,00010011001000001100
96,457.0,00010011001000001100,457.0,00010011001000001100
96,457.0,00010011001000001100,457.0,00010011001000001100
96,457.0,00010011001000001100,457.0,00010011001000001100
96,457.0,00010011001000001100,457.0,00010011001000001100
96,457.0,00010011001000001100,451.0,00110011000000001111
96,451.0,00110011000000001111,451.0,00110011000000001111
96,451.0,00110011000000001111,451.0,00110011000000001111
96,451.0,00110011000000001111,451.0,00110011000000001111
96,451.0,00110011000000001111,451.0,00110011000000001111
96,451.0,00110011000000001111,451.0,00110011000000001111
96,451.0,00110011000000001111,451.0,00110011000000001111
96,451.0,00110011000000001111,381.0,10111101000000101101
96,381.0,10111101000000101101,381.0,10111101000000101101
96,381.0,10111101000000101101,381.0,10111101000000101101
96,381.0,10111101000000101101,381.0,10111101000000101101
96,381.0,10111101000000101101,381.0,10111101000000101101
96,381.0,10111101000000101101,381.0,10111101000000101101
96,381.0,10111101000000101101,381.0,10111101000000101101
96,381.0,10111101000000101101,381.0,10111101000000101101
96,381.0,10111101000000101101,381.0,10111101000000101101
96,381.0,10111101000000101101,381.0,10111101000000101101
96,381.0,10111101000000101101,381.0,10111101000000101101
96,381.0,10111101000000101101,123.0,10011111000100101010
96,123.0,10011111000100101010,123.0,10011111000100101010
96,123.0,10011111000100101010,123.0,10011111000100101010
96,123.0,10011111000100101010,123.0,10011111000100101010
96,123.0,10011111000100101010,123.0,10011111000100101010
96,123.0,10011111000100101010,123.0,10011111000100101010
96,123.0,10011111000100101010,123.0,10011111000100101010
96,123.0,10011111000100101010,123.0,10011111000100101010
96,123.0,10011111000100101010,123.0,10011111000100101010
96,123.0,10011111000100101010,123.0,10011111000100101010
96,123.0,10011111000100101010,123.0,10011111000100101010
96,123.0,10011111000100101010,11.0,00011111001000101011
96,11.0,00011111001000101011,11.0,00011111001000101011
96,11.0,00011111001000101011,11.0,00011111001000101011
96,11.0,00011111001000101011,11.0,00011111001000101011
96,11.0,00011111001000101011,11.0,00011111001000101011
96,11.0,00011111001000101011,11.0,00011111001000101011
96,11.0,00011111001000101011,11.0,00011111001000101011
96,11.0,00011111001000101011,11.0,00011111001000101011
96,11.0,00011111001000101011,11.0,00011111001000101011
96,11.0,00011111001000101011,11.0,00011111001000101011
96,11.0,00011111001000101011,11.0,00011111001000101011
96,11.0,00011111001000101011,11.0,00011111001000101011
96,11.0,00011111001000101011,11.0,00011111001000101011
96,11.0,00011111001000101011,11.0,00011111001000101011
96,11.0,00011111001000101011,11.0,00011111001000101011
96,11.0,00011111001000101011,11.0,00011111001000101011
96,11.0,00011111001000101011,11.0,00011111001000101011
96,11.0,00011111001000101011,11.0,00011111001000101011
96,11.0,00011111001000101011,11.0,00011111001000101011
96,11.0,00011111001000101011,11.0,00011111001000101011
96,11.0,00011111001000101011,11.0,00011111001000101011
96,11.0,00011111001000101011,11.0,00011111001000101011
96,11.0,00011111001000101011,11.0,00011111001000101011
96,11.0,00011111001000101011,11.0,00011111001000101011
96,11.0,00011111001000101011,11.0,00011111001000101011
96,11.0,00011111001000101011,11.0,00011111001000101011
96,11.0,00011111001000101011,11.0,00011111001000101011
96,11.0,00011111001000101011,11.0,00011111001000101011
96,11.0,00011111001000101011,11.0,00011111001000101011
96,11.0,00011111001000101011,11.0,00011111001000101011
96,11.0,00011111001000101011,11.0,00011111001000101011
97,1389.0,00111000010011011101,1389.0,00111000010011011101
97,1389.0,00111000010011011101,1389.0,00111000010011011101
97,1389.0,00111000010011011101,509.0,00111000110111010100
97,509.0,00111000110111010100,11.0,11100000110111010100
97,11.0,11100000110111010100,11.0,11100000110111010100
97,11.0,11100000110111010100,11.0,11100000110111010100
97,11.0,11100000110111010100,11.0,11100000110111010100
97,11.0,11100000110111010100,11.0,11100000110111010100
97,11.0,11100000110111010100,11.0,11100000110111010100
97,11.0,11100000110111010100,11.0,11100000110111010100
97,11.0,11100000110111010100,11.0,11100000110111010100
97,11.0,11100000110111010100,11.0,11100000110111010100
97,11.0,11100000110111010100,11.0,11100000110111010100
97,11.0,11100000110111010100,11.0,11100000110111010100
97,11.0,11100000110111010100,11.0,11100000110111010100
97,11.0,11100000110111010100,11.0,11100000110111010100
97,11.0,11100000110111010100,11.0,11100000110111010100
97,11.0,11100000110111010100,11.0,11100000110111010100
97,11.0,11100000110111010100,11.0,11100000110111010100
97,11.0,11100000110111010100,11.0,11100000110111010100
97,11.0,11100000110111010100,11.0,11100000110111010100
97,11.0,11100000110111010100,11.0,11100000110111010100
97,11.0,11100000110111010100,11.0,11100000110111010100
97,11.0,11100000110111010100,11.0,11100000110111010100
97,11.0,11100000110111010100,11.0,11100000110111010100
97,11.0,11100000110111010100,11.0,11100000110111010100
97,11.0,11100000110111010100,11.0,11100000110111010100
97,11.0,11100000110111010100,11.0,11100000110111010100
97,11.0,11100000110111010100,11.0,11100000110111010100
97,11.0,11100000110111010100,11.0,11100000110111010100
97,11.0,11100000110111010100,11.0,11100000110111010100
97,11.0,11100000110111010100,11.0,11100000110111010100
97,11.0,11100000110111010100,11.0,11100000110111010100
97,11.0,11100000110111010100,11.0,11100000110111010100
97,11.0,11100000110111010100,11.0,11100000110111010100
97,11.0,11100000110111010100,11.0,11100000110111010100
97,11.0,11100000110111010100,11.0,11100000110111010100
97,11.0,11100000110111010100,11.0,11100000110111010100
97,11.0,11100000110111010100,11.0,11100000110111010100
97,11.0,11100000110111010100,11.0,11100000110111010100
97,11.0,11100000110111010100,11.0,11100000110111010100
97,11.0,11100000110111010100,11.0,11100000110111010100
98,227309.0,11110001010100000100,82659.0,11010001010100110100
98,82659.0,11010001010100110100,35689.0,11010001001000011000
98,35689.0,11010001001000011000,6235.0,01011101001000110111
98,6235.0,01011101001000110111,6235.0,01011101001000110111
98,6235.0,01011101001000110111,6077.0,01010101011000010110
98,6077.0,01010101011000010110,1611.0,01010001011000001100
98,1611.0,01010001011000001100,457.0,00010011001000001100
98,457.0,00010011001000001100,457.0,00010011001000001100
98,457.0,00010011001000001100,451.0,00110011000000001111
98,451.0,00110011000000001111,451.0,00110011000000001111
98,451.0,00110011000000001111,451.0,00110011000000001111
98,451.0,00110011000000001111,451.0,00110011000000001111
98,451.0,00110011000000001111,219.0,10111011100000000100
98,219.0,10111011100000000100,219.0,10111011100000000100
98,219.0,10111011100000000100,219.0,10111011100000000100
98,219.0,10111011100000000100,219.0,10111011100000000100
98,219.0,10111011100000000100,219.0,10111011100000000100
98,219.0,10111011100000000100,219.0,10111011100000000100
98,219.0,10111011100000000100,219.0,10111011100000000100
98,219.0,10111011100000000100,219.0,10111011100000000100
98,219.0,10111011100000000100,219.0,10111011100000000100
98,219.0,10111011100000000100,219.0,10111011100000000100
98,219.0,10111011100000000100,219.0,10111011100000000100
98,219.0,10111011100000000100,219.0,10111011100000000100
98,219.0,10111011100000000100,219.0,10111011100000000100
98,219.0,10111011100000000100,219.0,10111011100000000100
98,219.0,10111011100000000100,219.0,10111011100000000100
98,219.0,10111011100000000100,219.0,10111011100000000100
98,219.0,10111011100000000100,219.0,10111011100000000100
98,219.0,10111011100000000100,219.0,10111011100000000100
98,219.0,10111011100000000100,219.0,10111011100000000100
98,219.0,10111011100000000100,219.0,10111011100000000100
98,219.0,10111011100000000100,219.0,10111011100000000100
98,219.0,10111011100000000100,219.0,10111011100000000100
98,219.0,10111011100000000100,219.0,10111011100000000100
98,219.0,10111011100000000100,219.0,10111011100000000100
98,219.0,10111011100000000100,219.0,10111011100000000100
99,38017.0,01011001010110001111,38017.0,01011001010110001111
99,38017.0,01011001010110001111,903.0,11010001010110100110
99,903.0,11010001010110100110,903.0,11010001010110100110
99,903.0,11010001010110100110,903.0,11010001010110100110
99,903.0,11010001010110100110,25.0,11001110011110100111
99,25.0,11001110011110100111,25.0,11001110011110100111
99,25.0,11001110011110100111,25.0,11001110011110100111
99,25.0,11001110011110100111,25.0,11001110011110100111
99,25.0,11001110011110100111,25.0,11001110011110100111
99,25.0,11001110011110100111,25.0,11001110011110100111
99,25.0,11001110011110100111,25.0,11001110011110100111
99,25.0,11001110011110100111,25.0,11001110011110100111
99,25.0,11001110011110100111,25.0,11001110011110100111
99,25.0,11001110011110100111,25.0,11001110011110100111
99,25.0,11001110011110100111,25.0,11001110011110100111
99,25.0,11001110011110100111,25.0,11001110011110100111
99,25.0,11001110011110100111,25.0,11001110011110100111
99,25.0,11001110011110100111,25.0,11001110011110100111
99,25.0,11001110011110100111,25.0,11001110011110100111
99,25.0,11001110011110100111,25.0,11001110011110100111
99,25.0,11001110011110100111,25.0,11001110011110100111
99,25.0,11001110011110100111,25.0,11001110011110100111
99,25.0,11001110011110100111,25.0,11001110011110100111
99,25.0,11001110011110100111,25.0,11001110011110100111
99,25.0,11001110011110100111,25.0,11001110011110100111
99,25.0,11001110011110100111,25.0,11001110011110100111
99,25.0,11001110011110100111,25.0,11001110011110100111
99,25.0,11001110011110100111,25.0,11001110011110100111
99,25.0,11001110011110100111,25.0,11001110011110100111
99,25.0,11001110011110100111,25.0,11001110011110100111
99,25.0,11001110011110100111,25.0,11001110011110100111
99,25.0,11001110011110100111,25.0,11001110011110100111
99,25.0,11001110011110100111,25.0,11001110011110100111
99,25.0,11001110011110100111,25.0,11001110011110100111
99,25.0,11001110011110100111,25.0,11001110011110100111
99,25.0,11001110011110100111,25.0,11001110011110100111
99,25.0,11001110011110100111,25.0,11001110011110100111
99,25.0,11001110011110100111,25.0,11001110011110100111
99,25.0,11001110011110100111,25.0,11001110011110100111
100,16463.0,01011110010110110110,11135.0,01010110110101000100
100,11135.0,01010110110101000100,901.0,01000111100001001110
100,901.0,01000111100001001110,901.0,01000111100001001110
100,901.0,01000111100001001110,901.0,01000111100001001110
100,901.0,01000111100001001110,901.0,01000111100001001110
100,901.0,01000111100001001110,97.0,01001111000011001101
100,97.0,01001111000011001101,97.0,01001111000011001101
100,97.0,01001111000011001101,97.0,01001111000011001101
100,97.0,01001111000011001101,97.0,01001111000011001101
100,97.0,01001111000011001101,97.0,01001111000011001101
100,97.0,01001111000011001101,97.0,01001111000011001101
100,97.0,01001111000011001101,97.0,01001111000011001101
100,97.0,01001111000011001101,97.0,01001111000011001101
100,97.0,01001111000011001101,97.0,01001111000011001101
100,97.0,01001111000011001101,97.0,01001111000011001101
100,97.0,01001111000011001101,97.0,01001111000011001101
100,97.0,01001111000011001101,97.0,01001111000011001101
100,97.0,01001111000011001101,97.0,01001111000011001101
100,97.0,01001111000011001101,97.0,01001111000011001101
100,97.0,01001111000011001101,97.0,01001111000011001101
100,97.0,01001111000011001101,97.0,01001111000011001101
100,97.0,01001111000011001101,97.0,01001111000011001101
100,97.0,01001111000011001101,97.0,01001111000011001101
100,97.0,01001111000011001101,97.0,01001111000011001101
100,97.0,01001111000011001101,97.0,01001111000011001101
100,97.0,01001111000011001101,97.0,01001111000011001101
100,97.0,01001111000011001101,97.0,01001111000011001101
100,97.0,01001111000011001101,97.0,01001111000011001101
100,97.0,01001111000011001101,97.0,01001111000011001101
100,97.0,01001111000011001101,97.0,01001111000011001101
100,97.0,01001111000011001101,97.0,01001111000011001101
100,97.0,01001111000011001101,97.0,01001111000011001101
100,97.0,01001111000011001101,97.0,01001111000011001101
100,97.0,01001111000011001101,97.0,01001111000011001101
100,97.0,01001111000011001101,97.0,01001111000011001101
100,97.0,01001111000011001101,97.0,01001111000011001101
100,97.0,01001111000011001101,97.0,01001111000011001101
100,97.0,01001111000011001101,97.0,01001111000011001101
