run,fit1,node1,fit2,node2
1,13615.0,01100101101100101000,10173.0,01101001111100110001
1,10173.0,01101001111100110001,667.0,11100001111000110000
1,667.0,11100001111000110000,667.0,11100001111000110000
1,667.0,11100001111000110000,167.0,01100101011000110101
1,167.0,01100101011000110101,167.0,01100101011000110101
1,167.0,01100101011000110101,167.0,01100101011000110101
1,167.0,01100101011000110101,167.0,01100101011000110101
1,167.0,01100101011000110101,167.0,01100101011000110101
1,167.0,01100101011000110101,167.0,01100101011000110101
1,167.0,01100101011000110101,167.0,01100101011000110101
1,167.0,01100101011000110101,167.0,01100101011000110101
1,167.0,01100101011000110101,167.0,01100101011000110101
1,167.0,01100101011000110101,167.0,01100101011000110101
1,167.0,01100101011000110101,167.0,01100101011000110101
1,167.0,01100101011000110101,167.0,01100101011000110101
1,167.0,01100101011000110101,167.0,01100101011000110101
1,167.0,01100101011000110101,167.0,01100101011000110101
1,167.0,01100101011000110101,167.0,01100101011000110101
1,167.0,01100101011000110101,167.0,01100101011000110101
2,7005.0,11101000011100111010,2821.0,11100001011100010010
2,2821.0,11100001011100010010,275.0,11100000011110011011
2,275.0,11100000011110011011,275.0,11100000011110011011
2,275.0,11100000011110011011,275.0,11100000011110011011
2,275.0,11100000011110011011,275.0,11100000011110011011
2,275.0,11100000011110011011,275.0,11100000011110011011
2,275.0,11100000011110011011,275.0,11100000011110011011
2,275.0,11100000011110011011,275.0,11100000011110011011
2,275.0,11100000011110011011,275.0,11100000011110011011
2,275.0,11100000011110011011,275.0,11100000011110011011
2,275.0,11100000011110011011,129.0,11001000011110111101
2,129.0,11001000011110111101,129.0,11001000011110111101
2,129.0,11001000011110111101,129.0,11001000011110111101
2,129.0,11001000011110111101,129.0,11001000011110111101
2,129.0,11001000011110111101,129.0,11001000011110111101
2,129.0,11001000011110111101,129.0,11001000011110111101
2,129.0,11001000011110111101,129.0,11001000011110111101
2,129.0,11001000011110111101,129.0,11001000011110111101
2,129.0,11001000011110111101,129.0,11001000011110111101
2,129.0,11001000011110111101,129.0,11001000011110111101
2,129.0,11001000011110111101,129.0,11001000011110111101
2,129.0,11001000011110111101,129.0,11001000011110111101
2,129.0,11001000011110111101,129.0,11001000011110111101
2,129.0,11001000011110111101,129.0,11001000011110111101
2,129.0,11001000011110111101,129.0,11001000011110111101
2,129.0,11001000011110111101,129.0,11001000011110111101
2,129.0,11001000011110111101,129.0,11001000011110111101
2,129.0,11001000011110111101,129.0,11001000011110111101
2,129.0,11001000011110111101,129.0,11001000011110111101
2,129.0,11001000011110111101,129.0,11001000011110111101
2,129.0,11001000011110111101,129.0,11001000011110111101
2,129.0,11001000011110111101,129.0,11001000011110111101
2,129.0,11001000011110111101,129.0,11001000011110111101
2,129.0,11001000011110111101,129.0,11001000011110111101
2,129.0,11001000011110111101,129.0,11001000011110111101
2,129.0,11001000011110111101,129.0,11001000011110111101
2,129.0,11001000011110111101,129.0,11001000011110111101
2,129.0,11001000011110111101,129.0,11001000011110111101
2,129.0,11001000011110111101,129.0,11001000011110111101
2,129.0,11001000011110111101,129.0,11001000011110111101
2,129.0,11001000011110111101,129.0,11001000011110111101
2,129.0,11001000011110111101,129.0,11001000011110111101
2,129.0,11001000011110111101,129.0,11001000011110111101
2,129.0,11001000011110111101,129.0,11001000011110111101
2,129.0,11001000011110111101,129.0,11001000011110111101
2,129.0,11001000011110111101,129.0,11001000011110111101
3,20287.0,11000101011010001110,5407.0,01010001111010000111
3,5407.0,01010001111010000111,5407.0,01010001111010000111
3,5407.0,01010001111010000111,3329.0,01110101110010000110
3,3329.0,01110101110010000110,2551.0,01110101010010100110
3,2551.0,01110101010010100110,2409.0,01111101100010100111
3,2409.0,01111101100010100111,2409.0,01111101100010100111
3,2409.0,01111101100010100111,2091.0,11111001000010100101
3,2091.0,11111001000010100101,2091.0,11111001000010100101
3,2091.0,11111001000010100101,761.0,11111101000010110001
3,761.0,11111101000010110001,361.0,11111100010010110111
3,361.0,11111100010010110111,361.0,11111100010010110111
3,361.0,11111100010010110111,361.0,11111100010010110111
3,361.0,11111100010010110111,345.0,11110100011010010010
3,345.0,11110100011010010010,345.0,11110100011010010010
3,345.0,11110100011010010010,345.0,11110100011010010010
3,345.0,11110100011010010010,345.0,11110100011010010010
3,345.0,11110100011010010010,345.0,11110100011010010010
3,345.0,11110100011010010010,345.0,11110100011010010010
3,345.0,11110100011010010010,345.0,11110100011010010010
3,345.0,11110100011010010010,345.0,11110100011010010010
3,345.0,11110100011010010010,345.0,11110100011010010010
3,345.0,11110100011010010010,345.0,11110100011010010010
3,345.0,11110100011010010010,273.0,01011110011000011010
3,273.0,01011110011000011010,273.0,01011110011000011010
3,273.0,01011110011000011010,249.0,01011011111000000010
3,249.0,01011011111000000010,249.0,01011011111000000010
3,249.0,01011011111000000010,249.0,01011011111000000010
3,249.0,01011011111000000010,249.0,01011011111000000010
3,249.0,01011011111000000010,249.0,01011011111000000010
3,249.0,01011011111000000010,249.0,01011011111000000010
3,249.0,01011011111000000010,249.0,01011011111000000010
3,249.0,01011011111000000010,249.0,01011011111000000010
3,249.0,01011011111000000010,249.0,01011011111000000010
3,249.0,01011011111000000010,249.0,01011011111000000010
3,249.0,01011011111000000010,249.0,01011011111000000010
3,249.0,01011011111000000010,249.0,01011011111000000010
3,249.0,01011011111000000010,249.0,01011011111000000010
3,249.0,01011011111000000010,249.0,01011011111000000010
3,249.0,01011011111000000010,249.0,01011011111000000010
3,249.0,01011011111000000010,249.0,01011011111000000010
3,249.0,01011011111000000010,249.0,01011011111000000010
3,249.0,01011011111000000010,249.0,01011011111000000010
3,249.0,01011011111000000010,249.0,01011011111000000010
3,249.0,01011011111000000010,115.0,01011001111010000110
3,115.0,01011001111010000110,115.0,01011001111010000110
3,115.0,01011001111010000110,115.0,01011001111010000110
3,115.0,01011001111010000110,115.0,01011001111010000110
3,115.0,01011001111010000110,115.0,01011001111010000110
3,115.0,01011001111010000110,115.0,01011001111010000110
3,115.0,01011001111010000110,115.0,01011001111010000110
3,115.0,01011001111010000110,115.0,01011001111010000110
3,115.0,01011001111010000110,115.0,01011001111010000110
3,115.0,01011001111010000110,115.0,01011001111010000110
3,115.0,01011001111010000110,115.0,01011001111010000110
3,115.0,01011001111010000110,115.0,01011001111010000110
3,115.0,01011001111010000110,115.0,01011001111010000110
3,115.0,01011001111010000110,115.0,01011001111010000110
3,115.0,01011001111010000110,115.0,01011001111010000110
3,115.0,01011001111010000110,115.0,01011001111010000110
3,115.0,01011001111010000110,115.0,01011001111010000110
3,115.0,01011001111010000110,115.0,01011001111010000110
4,1539.0,01010001110001101010,1539.0,01010001110001101010
4,1539.0,01010001110001101010,611.0,01111100100001111000
4,611.0,01111100100001111000,191.0,01111000100100111100
4,191.0,01111000100100111100,73.0,00110010100110111000
4,73.0,00110010100110111000,73.0,00110010100110111000
4,73.0,00110010100110111000,73.0,00110010100110111000
4,73.0,00110010100110111000,73.0,00110010100110111000
4,73.0,00110010100110111000,73.0,00110010100110111000
4,73.0,00110010100110111000,73.0,00110010100110111000
4,73.0,00110010100110111000,73.0,00110010100110111000
4,73.0,00110010100110111000,73.0,00110010100110111000
4,73.0,00110010100110111000,73.0,00110010100110111000
4,73.0,00110010100110111000,73.0,00110010100110111000
4,73.0,00110010100110111000,73.0,00110010100110111000
4,73.0,00110010100110111000,73.0,00110010100110111000
4,73.0,00110010100110111000,73.0,00110010100110111000
4,73.0,00110010100110111000,73.0,00110010100110111000
4,73.0,00110010100110111000,73.0,00110010100110111000
4,73.0,00110010100110111000,73.0,00110010100110111000
4,73.0,00110010100110111000,73.0,00110010100110111000
4,73.0,00110010100110111000,73.0,00110010100110111000
4,73.0,00110010100110111000,73.0,00110010100110111000
4,73.0,00110010100110111000,73.0,00110010100110111000
4,73.0,00110010100110111000,73.0,00110010100110111000
4,73.0,00110010100110111000,73.0,00110010100110111000
4,73.0,00110010100110111000,73.0,00110010100110111000
4,73.0,00110010100110111000,73.0,00110010100110111000
4,73.0,00110010100110111000,73.0,00110010100110111000
4,73.0,00110010100110111000,73.0,00110010100110111000
4,73.0,00110010100110111000,73.0,00110010100110111000
4,73.0,00110010100110111000,73.0,00110010100110111000
4,73.0,00110010100110111000,73.0,00110010100110111000
4,73.0,00110010100110111000,73.0,00110010100110111000
4,73.0,00110010100110111000,49.0,00111010001100101001
4,49.0,00111010001100101001,49.0,00111010001100101001
4,49.0,00111010001100101001,49.0,00111010001100101001
4,49.0,00111010001100101001,49.0,00111010001100101001
4,49.0,00111010001100101001,49.0,00111010001100101001
4,49.0,00111010001100101001,49.0,00111010001100101001
4,49.0,00111010001100101001,49.0,00111010001100101001
4,49.0,00111010001100101001,49.0,00111010001100101001
4,49.0,00111010001100101001,49.0,00111010001100101001
4,49.0,00111010001100101001,49.0,00111010001100101001
4,49.0,00111010001100101001,49.0,00111010001100101001
4,49.0,00111010001100101001,49.0,00111010001100101001
4,49.0,00111010001100101001,49.0,00111010001100101001
4,49.0,00111010001100101001,49.0,00111010001100101001
4,49.0,00111010001100101001,49.0,00111010001100101001
4,49.0,00111010001100101001,49.0,00111010001100101001
4,49.0,00111010001100101001,49.0,00111010001100101001
4,49.0,00111010001100101001,49.0,00111010001100101001
4,49.0,00111010001100101001,49.0,00111010001100101001
4,49.0,00111010001100101001,49.0,00111010001100101001
4,49.0,00111010001100101001,49.0,00111010001100101001
4,49.0,00111010001100101001,7.0,00011111001000101011
4,7.0,00011111001000101011,7.0,00011111001000101011
4,7.0,00011111001000101011,7.0,00011111001000101011
4,7.0,00011111001000101011,7.0,00011111001000101011
4,7.0,00011111001000101011,7.0,00011111001000101011
4,7.0,00011111001000101011,7.0,00011111001000101011
4,7.0,00011111001000101011,7.0,00011111001000101011
4,7.0,00011111001000101011,7.0,00011111001000101011
4,7.0,00011111001000101011,7.0,00011111001000101011
4,7.0,00011111001000101011,7.0,00011111001000101011
4,7.0,00011111001000101011,7.0,00011111001000101011
4,7.0,00011111001000101011,7.0,00011111001000101011
4,7.0,00011111001000101011,7.0,00011111001000101011
4,7.0,00011111001000101011,7.0,00011111001000101011
4,7.0,00011111001000101011,7.0,00011111001000101011
4,7.0,00011111001000101011,7.0,00011111001000101011
4,7.0,00011111001000101011,7.0,00011111001000101011
4,7.0,00011111001000101011,7.0,00011111001000101011
4,7.0,00011111001000101011,7.0,00011111001000101011
4,7.0,00011111001000101011,7.0,00011111001000101011
4,7.0,00011111001000101011,7.0,00011111001000101011
4,7.0,00011111001000101011,7.0,00011111001000101011
4,7.0,00011111001000101011,7.0,00011111001000101011
4,7.0,00011111001000101011,7.0,00011111001000101011
4,7.0,00011111001000101011,7.0,00011111001000101011
4,7.0,00011111001000101011,7.0,00011111001000101011
4,7.0,00011111001000101011,7.0,00011111001000101011
4,7.0,00011111001000101011,7.0,00011111001000101011
4,7.0,00011111001000101011,7.0,00011111001000101011
4,7.0,00011111001000101011,7.0,00011111001000101011
4,7.0,00011111001000101011,7.0,00011111001000101011
4,7.0,00011111001000101011,7.0,00011111001000101011
4,7.0,00011111001000101011,7.0,00011111001000101011
4,7.0,00011111001000101011,7.0,00011111001000101011
4,7.0,00011111001000101011,7.0,00011111001000101011
4,7.0,00011111001000101011,7.0,00011111001000101011
5,37591.0,11001010101101010011,6753.0,11000010101111100010
5,6753.0,11000010101111100010,87.0,00000011101111100011
5,87.0,00000011101111100011,87.0,00000011101111100011
5,87.0,00000011101111100011,87.0,00000011101111100011
5,87.0,00000011101111100011,11.0,00001101101111101011
5,11.0,00001101101111101011,11.0,00001101101111101011
5,11.0,00001101101111101011,11.0,00001101101111101011
5,11.0,00001101101111101011,11.0,00001101101111101011
5,11.0,00001101101111101011,11.0,00001101101111101011
5,11.0,00001101101111101011,11.0,00001101101111101011
5,11.0,00001101101111101011,11.0,00001101101111101011
5,11.0,00001101101111101011,11.0,00001101101111101011
5,11.0,00001101101111101011,11.0,00001101101111101011
5,11.0,00001101101111101011,11.0,00001101101111101011
5,11.0,00001101101111101011,11.0,00001101101111101011
5,11.0,00001101101111101011,11.0,00001101101111101011
5,11.0,00001101101111101011,11.0,00001101101111101011
5,11.0,00001101101111101011,11.0,00001101101111101011
5,11.0,00001101101111101011,11.0,00001101101111101011
5,11.0,00001101101111101011,11.0,00001101101111101011
5,11.0,00001101101111101011,11.0,00001101101111101011
5,11.0,00001101101111101011,11.0,00001101101111101011
5,11.0,00001101101111101011,11.0,00001101101111101011
5,11.0,00001101101111101011,11.0,00001101101111101011
5,11.0,00001101101111101011,11.0,00001101101111101011
5,11.0,00001101101111101011,11.0,00001101101111101011
5,11.0,00001101101111101011,11.0,00001101101111101011
5,11.0,00001101101111101011,11.0,00001101101111101011
5,11.0,00001101101111101011,11.0,00001101101111101011
5,11.0,00001101101111101011,11.0,00001101101111101011
5,11.0,00001101101111101011,11.0,00001101101111101011
5,11.0,00001101101111101011,11.0,00001101101111101011
5,11.0,00001101101111101011,11.0,00001101101111101011
5,11.0,00001101101111101011,11.0,00001101101111101011
5,11.0,00001101101111101011,11.0,00001101101111101011
5,11.0,00001101101111101011,11.0,00001101101111101011
5,11.0,00001101101111101011,11.0,00001101101111101011
5,11.0,00001101101111101011,11.0,00001101101111101011
5,11.0,00001101101111101011,11.0,00001101101111101011
5,11.0,00001101101111101011,11.0,00001101101111101011
5,11.0,00001101101111101011,11.0,00001101101111101011
5,11.0,00001101101111101011,11.0,00001101101111101011
5,11.0,00001101101111101011,11.0,00001101101111101011
5,11.0,00001101101111101011,11.0,00001101101111101011
5,11.0,00001101101111101011,11.0,00001101101111101011
5,11.0,00001101101111101011,11.0,00001101101111101011
5,11.0,00001101101111101011,11.0,00001101101111101011
5,11.0,00001101101111101011,11.0,00001101101111101011
5,11.0,00001101101111101011,11.0,00001101101111101011
5,11.0,00001101101111101011,11.0,00001101101111101011
5,11.0,00001101101111101011,11.0,00001101101111101011
5,11.0,00001101101111101011,11.0,00001101101111101011
5,11.0,00001101101111101011,3.0,01001101110110111101
5,3.0,01001101110110111101,3.0,01001101110110111101
5,3.0,01001101110110111101,3.0,01001101110110111101
5,3.0,01001101110110111101,3.0,01001101110110111101
5,3.0,01001101110110111101,3.0,01001101110110111101
5,3.0,01001101110110111101,3.0,01001101110110111101
5,3.0,01001101110110111101,3.0,01001101110110111101
5,3.0,01001101110110111101,3.0,01001101110110111101
5,3.0,01001101110110111101,3.0,01001101110110111101
5,3.0,01001101110110111101,3.0,01001101110110111101
5,3.0,01001101110110111101,3.0,01001101110110111101
5,3.0,01001101110110111101,3.0,01001101110110111101
5,3.0,01001101110110111101,3.0,01001101110110111101
5,3.0,01001101110110111101,3.0,01001101110110111101
5,3.0,01001101110110111101,3.0,01001101110110111101
5,3.0,01001101110110111101,3.0,01001101110110111101
5,3.0,01001101110110111101,3.0,01001101110110111101
5,3.0,01001101110110111101,3.0,01001101110110111101
5,3.0,01001101110110111101,3.0,01001101110110111101
5,3.0,01001101110110111101,3.0,01001101110110111101
5,3.0,01001101110110111101,3.0,01001101110110111101
5,3.0,01001101110110111101,3.0,01001101110110111101
5,3.0,01001101110110111101,3.0,01001101110110111101
5,3.0,01001101110110111101,3.0,01001101110110111101
5,3.0,01001101110110111101,3.0,01001101110110111101
5,3.0,01001101110110111101,3.0,01001101110110111101
5,3.0,01001101110110111101,3.0,01001101110110111101
5,3.0,01001101110110111101,3.0,01001101110110111101
5,3.0,01001101110110111101,3.0,01001101110110111101
5,3.0,01001101110110111101,3.0,01001101110110111101
5,3.0,01001101110110111101,3.0,01001101110110111101
5,3.0,01001101110110111101,3.0,01001101110110111101
5,3.0,01001101110110111101,3.0,01001101110110111101
5,3.0,01001101110110111101,3.0,01001101110110111101
5,3.0,01001101110110111101,3.0,01001101110110111101
5,3.0,01001101110110111101,3.0,01001101110110111101
5,3.0,01001101110110111101,3.0,01001101110110111101
5,3.0,01001101110110111101,3.0,01001101110110111101
5,3.0,01001101110110111101,3.0,01001101110110111101
5,3.0,01001101110110111101,3.0,01001101110110111101
5,3.0,01001101110110111101,3.0,01001101110110111101
6,5045.0,00011000101001111100,1051.0,10011001100001110110
6,1051.0,10011001100001110110,647.0,10110000110001110100
6,647.0,10110000110001110100,647.0,10110000110001110100
6,647.0,10110000110001110100,647.0,10110000110001110100
6,647.0,10110000110001110100,647.0,10110000110001110100
6,647.0,10110000110001110100,647.0,10110000110001110100
6,647.0,10110000110001110100,647.0,10110000110001110100
6,647.0,10110000110001110100,291.0,10110100110001010111
6,291.0,10110100110001010111,291.0,10110100110001010111
6,291.0,10110100110001010111,291.0,10110100110001010111
6,291.0,10110100110001010111,291.0,10110100110001010111
6,291.0,10110100110001010111,291.0,10110100110001010111
6,291.0,10110100110001010111,291.0,10110100110001010111
6,291.0,10110100110001010111,291.0,10110100110001010111
6,291.0,10110100110001010111,291.0,10110100110001010111
6,291.0,10110100110001010111,291.0,10110100110001010111
6,291.0,10110100110001010111,291.0,10110100110001010111
6,291.0,10110100110001010111,291.0,10110100110001010111
6,291.0,10110100110001010111,291.0,10110100110001010111
6,291.0,10110100110001010111,291.0,10110100110001010111
6,291.0,10110100110001010111,129.0,10010100111001010100
6,129.0,10010100111001010100,129.0,10010100111001010100
6,129.0,10010100111001010100,129.0,10010100111001010100
6,129.0,10010100111001010100,129.0,10010100111001010100
6,129.0,10010100111001010100,129.0,10010100111001010100
6,129.0,10010100111001010100,129.0,10010100111001010100
6,129.0,10010100111001010100,129.0,10010100111001010100
6,129.0,10010100111001010100,129.0,10010100111001010100
6,129.0,10010100111001010100,129.0,10010100111001010100
6,129.0,10010100111001010100,129.0,10010100111001010100
6,129.0,10010100111001010100,129.0,10010100111001010100
6,129.0,10010100111001010100,129.0,10010100111001010100
6,129.0,10010100111001010100,129.0,10010100111001010100
6,129.0,10010100111001010100,129.0,10010100111001010100
6,129.0,10010100111001010100,129.0,10010100111001010100
6,129.0,10010100111001010100,129.0,10010100111001010100
6,129.0,10010100111001010100,129.0,10010100111001010100
6,129.0,10010100111001010100,129.0,10010100111001010100
6,129.0,10010100111001010100,129.0,10010100111001010100
6,129.0,10010100111001010100,129.0,10010100111001010100
6,129.0,10010100111001010100,129.0,10010100111001010100
6,129.0,10010100111001010100,129.0,10010100111001010100
6,129.0,10010100111001010100,129.0,10010100111001010100
6,129.0,10010100111001010100,129.0,10010100111001010100
6,129.0,10010100111001010100,129.0,10010100111001010100
6,129.0,10010100111001010100,129.0,10010100111001010100
6,129.0,10010100111001010100,129.0,10010100111001010100
6,129.0,10010100111001010100,129.0,10010100111001010100
6,129.0,10010100111001010100,129.0,10010100111001010100
6,129.0,10010100111001010100,129.0,10010100111001010100
6,129.0,10010100111001010100,129.0,10010100111001010100
7,6355.0,10101011000110010110,3613.0,10101011100100010111
7,3613.0,10101011100100010111,3043.0,10001111001100010111
7,3043.0,10001111001100010111,2967.0,10001111101110000100
7,2967.0,10001111101110000100,2823.0,10001110101111000111
7,2823.0,10001110101111000111,2641.0,11001000111111100100
7,2641.0,11001000111111100100,923.0,11001100110111101110
7,923.0,11001100110111101110,923.0,11001100110111101110
7,923.0,11001100110111101110,923.0,11001100110111101110
7,923.0,11001100110111101110,923.0,11001100110111101110
7,923.0,11001100110111101110,923.0,11001100110111101110
7,923.0,11001100110111101110,923.0,11001100110111101110
7,923.0,11001100110111101110,243.0,11001010110011001110
7,243.0,11001010110011001110,243.0,11001010110011001110
7,243.0,11001010110011001110,243.0,11001010110011001110
7,243.0,11001010110011001110,243.0,11001010110011001110
7,243.0,11001010110011001110,243.0,11001010110011001110
7,243.0,11001010110011001110,243.0,11001010110011001110
7,243.0,11001010110011001110,183.0,11000111110001010010
7,183.0,11000111110001010010,183.0,11000111110001010010
7,183.0,11000111110001010010,183.0,11000111110001010010
7,183.0,11000111110001010010,183.0,11000111110001010010
7,183.0,11000111110001010010,183.0,11000111110001010010
7,183.0,11000111110001010010,183.0,11000111110001010010
7,183.0,11000111110001010010,183.0,11000111110001010010
7,183.0,11000111110001010010,173.0,11010011100001000000
7,173.0,11010011100001000000,173.0,11010011100001000000
7,173.0,11010011100001000000,173.0,11010011100001000000
7,173.0,11010011100001000000,173.0,11010011100001000000
7,173.0,11010011100001000000,173.0,11010011100001000000
7,173.0,11010011100001000000,173.0,11010011100001000000
7,173.0,11010011100001000000,173.0,11010011100001000000
7,173.0,11010011100001000000,173.0,11010011100001000000
7,173.0,11010011100001000000,173.0,11010011100001000000
7,173.0,11010011100001000000,173.0,11010011100001000000
7,173.0,11010011100001000000,173.0,11010011100001000000
7,173.0,11010011100001000000,173.0,11010011100001000000
7,173.0,11010011100001000000,173.0,11010011100001000000
7,173.0,11010011100001000000,173.0,11010011100001000000
7,173.0,11010011100001000000,173.0,11010011100001000000
7,173.0,11010011100001000000,173.0,11010011100001000000
7,173.0,11010011100001000000,173.0,11010011100001000000
7,173.0,11010011100001000000,173.0,11010011100001000000
7,173.0,11010011100001000000,173.0,11010011100001000000
7,173.0,11010011100001000000,173.0,11010011100001000000
7,173.0,11010011100001000000,173.0,11010011100001000000
7,173.0,11010011100001000000,173.0,11010011100001000000
7,173.0,11010011100001000000,173.0,11010011100001000000
7,173.0,11010011100001000000,173.0,11010011100001000000
7,173.0,11010011100001000000,173.0,11010011100001000000
7,173.0,11010011100001000000,173.0,11010011100001000000
7,173.0,11010011100001000000,173.0,11010011100001000000
7,173.0,11010011100001000000,173.0,11010011100001000000
7,173.0,11010011100001000000,173.0,11010011100001000000
7,173.0,11010011100001000000,173.0,11010011100001000000
7,173.0,11010011100001000000,173.0,11010011100001000000
7,173.0,11010011100001000000,173.0,11010011100001000000
7,173.0,11010011100001000000,173.0,11010011100001000000
7,173.0,11010011100001000000,173.0,11010011100001000000
7,173.0,11010011100001000000,45.0,11000111100001100100
7,45.0,11000111100001100100,45.0,11000111100001100100
7,45.0,11000111100001100100,45.0,11000111100001100100
7,45.0,11000111100001100100,45.0,11000111100001100100
7,45.0,11000111100001100100,45.0,11000111100001100100
7,45.0,11000111100001100100,9.0,11001110011110100111
7,9.0,11001110011110100111,9.0,11001110011110100111
7,9.0,11001110011110100111,9.0,11001110011110100111
7,9.0,11001110011110100111,9.0,11001110011110100111
7,9.0,11001110011110100111,9.0,11001110011110100111
7,9.0,11001110011110100111,9.0,11001110011110100111
7,9.0,11001110011110100111,9.0,11001110011110100111
7,9.0,11001110011110100111,9.0,11001110011110100111
7,9.0,11001110011110100111,9.0,11001110011110100111
7,9.0,11001110011110100111,9.0,11001110011110100111
7,9.0,11001110011110100111,9.0,11001110011110100111
7,9.0,11001110011110100111,9.0,11001110011110100111
7,9.0,11001110011110100111,9.0,11001110011110100111
7,9.0,11001110011110100111,9.0,11001110011110100111
7,9.0,11001110011110100111,9.0,11001110011110100111
7,9.0,11001110011110100111,9.0,11001110011110100111
7,9.0,11001110011110100111,9.0,11001110011110100111
7,9.0,11001110011110100111,9.0,11001110011110100111
7,9.0,11001110011110100111,9.0,11001110011110100111
7,9.0,11001110011110100111,9.0,11001110011110100111
7,9.0,11001110011110100111,9.0,11001110011110100111
7,9.0,11001110011110100111,9.0,11001110011110100111
7,9.0,11001110011110100111,9.0,11001110011110100111
7,9.0,11001110011110100111,9.0,11001110011110100111
7,9.0,11001110011110100111,9.0,11001110011110100111
8,9923.0,10111011100100000011,5185.0,10110111000110000000
8,5185.0,10110111000110000000,317.0,10110011110010000000
8,317.0,10110011110010000000,317.0,10110011110010000000
8,317.0,10110011110010000000,317.0,10110011110010000000
8,317.0,10110011110010000000,317.0,10110011110010000000
8,317.0,10110011110010000000,317.0,10110011110010000000
8,317.0,10110011110010000000,317.0,10110011110010000000
8,317.0,10110011110010000000,317.0,10110011110010000000
8,317.0,10110011110010000000,259.0,10110001010010010111
8,259.0,10110001010010010111,259.0,10110001010010010111
8,259.0,10110001010010010111,259.0,10110001010010010111
8,259.0,10110001010010010111,259.0,10110001010010010111
8,259.0,10110001010010010111,259.0,10110001010010010111
8,259.0,10110001010010010111,11.0,11110010010000010100
8,11.0,11110010010000010100,11.0,11110010010000010100
8,11.0,11110010010000010100,11.0,11110010010000010100
8,11.0,11110010010000010100,11.0,11110010010000010100
8,11.0,11110010010000010100,11.0,11110010010000010100
8,11.0,11110010010000010100,11.0,11110010010000010100
8,11.0,11110010010000010100,11.0,11110010010000010100
8,11.0,11110010010000010100,11.0,11110010010000010100
8,11.0,11110010010000010100,11.0,11110010010000010100
8,11.0,11110010010000010100,11.0,11110010010000010100
8,11.0,11110010010000010100,11.0,11110010010000010100
8,11.0,11110010010000010100,11.0,11110010010000010100
8,11.0,11110010010000010100,11.0,11110010010000010100
8,11.0,11110010010000010100,11.0,11110010010000010100
8,11.0,11110010010000010100,11.0,11110010010000010100
8,11.0,11110010010000010100,11.0,11110010010000010100
8,11.0,11110010010000010100,11.0,11110010010000010100
8,11.0,11110010010000010100,11.0,11110010010000010100
8,11.0,11110010010000010100,11.0,11110010010000010100
8,11.0,11110010010000010100,11.0,11110010010000010100
8,11.0,11110010010000010100,11.0,11110010010000010100
8,11.0,11110010010000010100,11.0,11110010010000010100
8,11.0,11110010010000010100,11.0,11110010010000010100
8,11.0,11110010010000010100,11.0,11110010010000010100
8,11.0,11110010010000010100,11.0,11110010010000010100
8,11.0,11110010010000010100,11.0,11110010010000010100
8,11.0,11110010010000010100,11.0,11110010010000010100
8,11.0,11110010010000010100,11.0,11110010010000010100
8,11.0,11110010010000010100,11.0,11110010010000010100
8,11.0,11110010010000010100,11.0,11110010010000010100
8,11.0,11110010010000010100,11.0,11110010010000010100
8,11.0,11110010010000010100,11.0,11110010010000010100
8,11.0,11110010010000010100,11.0,11110010010000010100
8,11.0,11110010010000010100,11.0,11110010010000010100
8,11.0,11110010010000010100,11.0,11110010010000010100
8,11.0,11110010010000010100,11.0,11110010010000010100
8,11.0,11110010010000010100,11.0,11110010010000010100
8,11.0,11110010010000010100,11.0,11110010010000010100
9,3699.0,00101001101101001001,361.0,00000011101101001000
9,361.0,00000011101101001000,361.0,00000011101101001000
9,361.0,00000011101101001000,59.0,00100011100101001011
9,59.0,00100011100101001011,59.0,00100011100101001011
9,59.0,00100011100101001011,59.0,00100011100101001011
9,59.0,00100011100101001011,59.0,00100011100101001011
9,59.0,00100011100101001011,59.0,00100011100101001011
9,59.0,00100011100101001011,59.0,00100011100101001011
9,59.0,00100011100101001011,59.0,00100011100101001011
9,59.0,00100011100101001011,59.0,00100011100101001011
9,59.0,00100011100101001011,59.0,00100011100101001011
9,59.0,00100011100101001011,59.0,00100011100101001011
9,59.0,00100011100101001011,59.0,00100011100101001011
9,59.0,00100011100101001011,59.0,00100011100101001011
9,59.0,00100011100101001011,59.0,00100011100101001011
9,59.0,00100011100101001011,59.0,00100011100101001011
10,5991.0,00111000101111010000,4499.0,10110100100111110001
10,4499.0,10110100100111110001,2759.0,10110110100011100001
10,2759.0,10110110100011100001,2759.0,10110110100011100001
10,2759.0,10110110100011100001,2655.0,00110110000011101011
10,2655.0,00110110000011101011,1009.0,00110110110111000001
10,1009.0,00110110110111000001,473.0,01110110110110100010
10,473.0,01110110110110100010,303.0,11111110110010100000
10,303.0,11111110110010100000,303.0,11111110110010100000
10,303.0,11111110110010100000,303.0,11111110110010100000
10,303.0,11111110110010100000,303.0,11111110110010100000
10,303.0,11111110110010100000,303.0,11111110110010100000
10,303.0,11111110110010100000,303.0,11111110110010100000
10,303.0,11111110110010100000,303.0,11111110110010100000
10,303.0,11111110110010100000,303.0,11111110110010100000
10,303.0,11111110110010100000,303.0,11111110110010100000
10,303.0,11111110110010100000,227.0,11111110010000110011
10,227.0,11111110010000110011,227.0,11111110010000110011
10,227.0,11111110010000110011,227.0,11111110010000110011
10,227.0,11111110010000110011,227.0,11111110010000110011
10,227.0,11111110010000110011,193.0,11011110011000110000
10,193.0,11011110011000110000,109.0,11011110000100111011
10,109.0,11011110000100111011,109.0,11011110000100111011
10,109.0,11011110000100111011,109.0,11011110000100111011
10,109.0,11011110000100111011,109.0,11011110000100111011
10,109.0,11011110000100111011,107.0,11010010000100011100
10,107.0,11010010000100011100,107.0,11010010000100011100
10,107.0,11010010000100011100,107.0,11010010000100011100
10,107.0,11010010000100011100,107.0,11010010000100011100
10,107.0,11010010000100011100,107.0,11010010000100011100
10,107.0,11010010000100011100,107.0,11010010000100011100
10,107.0,11010010000100011100,107.0,11010010000100011100
10,107.0,11010010000100011100,107.0,11010010000100011100
10,107.0,11010010000100011100,107.0,11010010000100011100
10,107.0,11010010000100011100,107.0,11010010000100011100
10,107.0,11010010000100011100,107.0,11010010000100011100
10,107.0,11010010000100011100,107.0,11010010000100011100
10,107.0,11010010000100011100,107.0,11010010000100011100
10,107.0,11010010000100011100,107.0,11010010000100011100
10,107.0,11010010000100011100,107.0,11010010000100011100
10,107.0,11010010000100011100,107.0,11010010000100011100
10,107.0,11010010000100011100,107.0,11010010000100011100
10,107.0,11010010000100011100,107.0,11010010000100011100
10,107.0,11010010000100011100,107.0,11010010000100011100
10,107.0,11010010000100011100,107.0,11010010000100011100
10,107.0,11010010000100011100,107.0,11010010000100011100
10,107.0,11010010000100011100,107.0,11010010000100011100
10,107.0,11010010000100011100,107.0,11010010000100011100
10,107.0,11010010000100011100,107.0,11010010000100011100
10,107.0,11010010000100011100,107.0,11010010000100011100
10,107.0,11010010000100011100,107.0,11010010000100011100
10,107.0,11010010000100011100,107.0,11010010000100011100
10,107.0,11010010000100011100,107.0,11010010000100011100
10,107.0,11010010000100011100,107.0,11010010000100011100
10,107.0,11010010000100011100,107.0,11010010000100011100
10,107.0,11010010000100011100,107.0,11010010000100011100
10,107.0,11010010000100011100,107.0,11010010000100011100
10,107.0,11010010000100011100,107.0,11010010000100011100
10,107.0,11010010000100011100,59.0,00011010001001001110
10,59.0,00011010001001001110,59.0,00011010001001001110
10,59.0,00011010001001001110,59.0,00011010001001001110
10,59.0,00011010001001001110,59.0,00011010001001001110
10,59.0,00011010001001001110,59.0,00011010001001001110
10,59.0,00011010001001001110,59.0,00011010001001001110
10,59.0,00011010001001001110,59.0,00011010001001001110
10,59.0,00011010001001001110,59.0,00011010001001001110
10,59.0,00011010001001001110,59.0,00011010001001001110
10,59.0,00011010001001001110,59.0,00011010001001001110
10,59.0,00011010001001001110,59.0,00011010001001001110
10,59.0,00011010001001001110,59.0,00011010001001001110
10,59.0,00011010001001001110,59.0,00011010001001001110
10,59.0,00011010001001001110,59.0,00011010001001001110
10,59.0,00011010001001001110,59.0,00011010001001001110
10,59.0,00011010001001001110,59.0,00011010001001001110
10,59.0,00011010001001001110,59.0,00011010001001001110
10,59.0,00011010001001001110,59.0,00011010001001001110
10,59.0,00011010001001001110,59.0,00011010001001001110
10,59.0,00011010001001001110,59.0,00011010001001001110
10,59.0,00011010001001001110,59.0,00011010001001001110
10,59.0,00011010001001001110,59.0,00011010001001001110
10,59.0,00011010001001001110,59.0,00011010001001001110
10,59.0,00011010001001001110,59.0,00011010001001001110
10,59.0,00011010001001001110,59.0,00011010001001001110
10,59.0,00011010001001001110,59.0,00011010001001001110
10,59.0,00011010001001001110,59.0,00011010001001001110
10,59.0,00011010001001001110,59.0,00011010001001001110
10,59.0,00011010001001001110,59.0,00011010001001001110
10,59.0,00011010001001001110,59.0,00011010001001001110
10,59.0,00011010001001001110,59.0,00011010001001001110
10,59.0,00011010001001001110,59.0,00011010001001001110
10,59.0,00011010001001001110,59.0,00011010001001001110
10,59.0,00011010001001001110,59.0,00011010001001001110
10,59.0,00011010001001001110,59.0,00011010001001001110
10,59.0,00011010001001001110,59.0,00011010001001001110
10,59.0,00011010001001001110,59.0,00011010001001001110
10,59.0,00011010001001001110,59.0,00011010001001001110
10,59.0,00011010001001001110,59.0,00011010001001001110
10,59.0,00011010001001001110,59.0,00011010001001001110
10,59.0,00011010001001001110,59.0,00011010001001001110
10,59.0,00011010001001001110,59.0,00011010001001001110
11,38395.0,11010000101111100000,4017.0,11011001100101100011
11,4017.0,11011001100101100011,1939.0,11101001100111100001
11,1939.0,11101001100111100001,1797.0,11100001010111100000
11,1797.0,11100001010111100000,1797.0,11100001010111100000
11,1797.0,11100001010111100000,159.0,10101101110111100010
11,159.0,10101101110111100010,159.0,10101101110111100010
11,159.0,10101101110111100010,159.0,10101101110111100010
11,159.0,10101101110111100010,159.0,10101101110111100010
11,159.0,10101101110111100010,159.0,10101101110111100010
11,159.0,10101101110111100010,159.0,10101101110111100010
11,159.0,10101101110111100010,107.0,00101101111011100011
11,107.0,00101101111011100011,107.0,00101101111011100011
11,107.0,00101101111011100011,107.0,00101101111011100011
11,107.0,00101101111011100011,107.0,00101101111011100011
11,107.0,00101101111011100011,107.0,00101101111011100011
11,107.0,00101101111011100011,107.0,00101101111011100011
11,107.0,00101101111011100011,107.0,00101101111011100011
11,107.0,00101101111011100011,107.0,00101101111011100011
11,107.0,00101101111011100011,107.0,00101101111011100011
11,107.0,00101101111011100011,107.0,00101101111011100011
11,107.0,00101101111011100011,107.0,00101101111011100011
11,107.0,00101101111011100011,107.0,00101101111011100011
11,107.0,00101101111011100011,107.0,00101101111011100011
11,107.0,00101101111011100011,107.0,00101101111011100011
11,107.0,00101101111011100011,107.0,00101101111011100011
11,107.0,00101101111011100011,107.0,00101101111011100011
11,107.0,00101101111011100011,107.0,00101101111011100011
11,107.0,00101101111011100011,107.0,00101101111011100011
11,107.0,00101101111011100011,107.0,00101101111011100011
11,107.0,00101101111011100011,107.0,00101101111011100011
11,107.0,00101101111011100011,107.0,00101101111011100011
11,107.0,00101101111011100011,107.0,00101101111011100011
11,107.0,00101101111011100011,107.0,00101101111011100011
11,107.0,00101101111011100011,107.0,00101101111011100011
11,107.0,00101101111011100011,107.0,00101101111011100011
11,107.0,00101101111011100011,107.0,00101101111011100011
11,107.0,00101101111011100011,107.0,00101101111011100011
11,107.0,00101101111011100011,107.0,00101101111011100011
11,107.0,00101101111011100011,107.0,00101101111011100011
11,107.0,00101101111011100011,107.0,00101101111011100011
11,107.0,00101101111011100011,107.0,00101101111011100011
11,107.0,00101101111011100011,107.0,00101101111011100011
11,107.0,00101101111011100011,107.0,00101101111011100011
11,107.0,00101101111011100011,107.0,00101101111011100011
11,107.0,00101101111011100011,107.0,00101101111011100011
11,107.0,00101101111011100011,107.0,00101101111011100011
11,107.0,00101101111011100011,107.0,00101101111011100011
11,107.0,00101101111011100011,107.0,00101101111011100011
11,107.0,00101101111011100011,107.0,00101101111011100011
11,107.0,00101101111011100011,107.0,00101101111011100011
11,107.0,00101101111011100011,107.0,00101101111011100011
11,107.0,00101101111011100011,107.0,00101101111011100011
11,107.0,00101101111011100011,107.0,00101101111011100011
11,107.0,00101101111011100011,107.0,00101101111011100011
11,107.0,00101101111011100011,107.0,00101101111011100011
11,107.0,00101101111011100011,107.0,00101101111011100011
11,107.0,00101101111011100011,107.0,00101101111011100011
11,107.0,00101101111011100011,107.0,00101101111011100011
11,107.0,00101101111011100011,107.0,00101101111011100011
11,107.0,00101101111011100011,107.0,00101101111011100011
11,107.0,00101101111011100011,107.0,00101101111011100011
11,107.0,00101101111011100011,107.0,00101101111011100011
11,107.0,00101101111011100011,107.0,00101101111011100011
12,22673.0,00111110000111010011,4033.0,00110100100111011011
12,4033.0,00110100100111011011,3929.0,00110101000101001010
12,3929.0,00110101000101001010,3929.0,00110101000101001010
12,3929.0,00110101000101001010,3929.0,00110101000101001010
12,3929.0,00110101000101001010,3105.0,00010101010111101000
12,3105.0,00010101010111101000,485.0,00011001001101001010
12,485.0,00011001001101001010,81.0,00011001010111101011
12,81.0,00011001010111101011,81.0,00011001010111101011
12,81.0,00011001010111101011,81.0,00011001010111101011
12,81.0,00011001010111101011,81.0,00011001010111101011
12,81.0,00011001010111101011,81.0,00011001010111101011
12,81.0,00011001010111101011,81.0,00011001010111101011
12,81.0,00011001010111101011,81.0,00011001010111101011
12,81.0,00011001010111101011,81.0,00011001010111101011
12,81.0,00011001010111101011,81.0,00011001010111101011
12,81.0,00011001010111101011,81.0,00011001010111101011
12,81.0,00011001010111101011,81.0,00011001010111101011
12,81.0,00011001010111101011,81.0,00011001010111101011
12,81.0,00011001010111101011,81.0,00011001010111101011
12,81.0,00011001010111101011,81.0,00011001010111101011
12,81.0,00011001010111101011,81.0,00011001010111101011
12,81.0,00011001010111101011,81.0,00011001010111101011
12,81.0,00011001010111101011,81.0,00011001010111101011
12,81.0,00011001010111101011,81.0,00011001010111101011
12,81.0,00011001010111101011,81.0,00011001010111101011
12,81.0,00011001010111101011,81.0,00011001010111101011
12,81.0,00011001010111101011,81.0,00011001010111101011
12,81.0,00011001010111101011,81.0,00011001010111101011
12,81.0,00011001010111101011,81.0,00011001010111101011
12,81.0,00011001010111101011,81.0,00011001010111101011
12,81.0,00011001010111101011,81.0,00011001010111101011
12,81.0,00011001010111101011,81.0,00011001010111101011
12,81.0,00011001010111101011,81.0,00011001010111101011
12,81.0,00011001010111101011,81.0,00011001010111101011
12,81.0,00011001010111101011,81.0,00011001010111101011
12,81.0,00011001010111101011,81.0,00011001010111101011
12,81.0,00011001010111101011,81.0,00011001010111101011
12,81.0,00011001010111101011,81.0,00011001010111101011
12,81.0,00011001010111101011,81.0,00011001010111101011
12,81.0,00011001010111101011,81.0,00011001010111101011
12,81.0,00011001010111101011,81.0,00011001010111101011
12,81.0,00011001010111101011,81.0,00011001010111101011
12,81.0,00011001010111101011,81.0,00011001010111101011
12,81.0,00011001010111101011,81.0,00011001010111101011
12,81.0,00011001010111101011,81.0,00011001010111101011
12,81.0,00011001010111101011,81.0,00011001010111101011
12,81.0,00011001010111101011,81.0,00011001010111101011
12,81.0,00011001010111101011,81.0,00011001010111101011
12,81.0,00011001010111101011,81.0,00011001010111101011
12,81.0,00011001010111101011,81.0,00011001010111101011
13,18961.0,11100100110001101110,9643.0,11001110110001111010
13,9643.0,11001110110001111010,1677.0,10000110101001111010
13,1677.0,10000110101001111010,1041.0,10001110111011110011
13,1041.0,10001110111011110011,211.0,11001100111111110000
13,211.0,11001100111111110000,209.0,11101100110111110011
13,209.0,11101100110111110011,209.0,11101100110111110011
13,209.0,11101100110111110011,209.0,11101100110111110011
13,209.0,11101100110111110011,209.0,11101100110111110011
13,209.0,11101100110111110011,209.0,11101100110111110011
13,209.0,11101100110111110011,209.0,11101100110111110011
13,209.0,11101100110111110011,59.0,11100101110110110001
13,59.0,11100101110110110001,59.0,11100101110110110001
13,59.0,11100101110110110001,59.0,11100101110110110001
13,59.0,11100101110110110001,59.0,11100101110110110001
13,59.0,11100101110110110001,59.0,11100101110110110001
13,59.0,11100101110110110001,59.0,11100101110110110001
13,59.0,11100101110110110001,59.0,11100101110110110001
13,59.0,11100101110110110001,59.0,11100101110110110001
13,59.0,11100101110110110001,59.0,11100101110110110001
13,59.0,11100101110110110001,59.0,11100101110110110001
13,59.0,11100101110110110001,59.0,11100101110110110001
13,59.0,11100101110110110001,59.0,11100101110110110001
13,59.0,11100101110110110001,59.0,11100101110110110001
13,59.0,11100101110110110001,3.0,01001101110110111101
13,3.0,01001101110110111101,3.0,01001101110110111101
13,3.0,01001101110110111101,3.0,01001101110110111101
13,3.0,01001101110110111101,3.0,01001101110110111101
13,3.0,01001101110110111101,3.0,01001101110110111101
13,3.0,01001101110110111101,3.0,01001101110110111101
13,3.0,01001101110110111101,3.0,01001101110110111101
13,3.0,01001101110110111101,3.0,01001101110110111101
13,3.0,01001101110110111101,3.0,01001101110110111101
13,3.0,01001101110110111101,3.0,01001101110110111101
13,3.0,01001101110110111101,3.0,01001101110110111101
13,3.0,01001101110110111101,3.0,01001101110110111101
13,3.0,01001101110110111101,3.0,01001101110110111101
13,3.0,01001101110110111101,3.0,01001101110110111101
13,3.0,01001101110110111101,3.0,01001101110110111101
13,3.0,01001101110110111101,3.0,01001101110110111101
13,3.0,01001101110110111101,3.0,01001101110110111101
13,3.0,01001101110110111101,3.0,01001101110110111101
13,3.0,01001101110110111101,3.0,01001101110110111101
13,3.0,01001101110110111101,3.0,01001101110110111101
13,3.0,01001101110110111101,3.0,01001101110110111101
13,3.0,01001101110110111101,3.0,01001101110110111101
13,3.0,01001101110110111101,3.0,01001101110110111101
13,3.0,01001101110110111101,3.0,01001101110110111101
13,3.0,01001101110110111101,3.0,01001101110110111101
13,3.0,01001101110110111101,3.0,01001101110110111101
13,3.0,01001101110110111101,3.0,01001101110110111101
13,3.0,01001101110110111101,3.0,01001101110110111101
13,3.0,01001101110110111101,3.0,01001101110110111101
13,3.0,01001101110110111101,3.0,01001101110110111101
13,3.0,01001101110110111101,3.0,01001101110110111101
13,3.0,01001101110110111101,3.0,01001101110110111101
13,3.0,01001101110110111101,3.0,01001101110110111101
13,3.0,01001101110110111101,3.0,01001101110110111101
13,3.0,01001101110110111101,3.0,01001101110110111101
13,3.0,01001101110110111101,3.0,01001101110110111101
13,3.0,01001101110110111101,3.0,01001101110110111101
13,3.0,01001101110110111101,3.0,01001101110110111101
13,3.0,01001101110110111101,3.0,01001101110110111101
13,3.0,01001101110110111101,3.0,01001101110110111101
13,3.0,01001101110110111101,3.0,01001101110110111101
13,3.0,01001101110110111101,3.0,01001101110110111101
13,3.0,01001101110110111101,3.0,01001101110110111101
13,3.0,01001101110110111101,3.0,01001101110110111101
13,3.0,01001101110110111101,3.0,01001101110110111101
13,3.0,01001101110110111101,3.0,01001101110110111101
13,3.0,01001101110110111101,3.0,01001101110110111101
13,3.0,01001101110110111101,3.0,01001101110110111101
13,3.0,01001101110110111101,3.0,01001101110110111101
13,3.0,01001101110110111101,3.0,01001101110110111101
13,3.0,01001101110110111101,3.0,01001101110110111101
13,3.0,01001101110110111101,3.0,01001101110110111101
13,3.0,01001101110110111101,3.0,01001101110110111101
13,3.0,01001101110110111101,3.0,01001101110110111101
13,3.0,01001101110110111101,3.0,01001101110110111101
13,3.0,01001101110110111101,3.0,01001101110110111101
14,69849.0,00011110101101100011,28317.0,00011110111101000011
14,28317.0,00011110111101000011,28317.0,00011110111101000011
14,28317.0,00011110111101000011,20043.0,00010110111001000110
14,20043.0,00010110111001000110,1893.0,00100010111101010011
14,1893.0,00100010111101010011,193.0,01100010111001010001
14,193.0,01100010111001010001,193.0,01100010111001010001
14,193.0,01100010111001010001,193.0,01100010111001010001
14,193.0,01100010111001010001,141.0,11100010110101010000
14,141.0,11100010110101010000,141.0,11100010110101010000
14,141.0,11100010110101010000,141.0,11100010110101010000
14,141.0,11100010110101010000,141.0,11100010110101010000
14,141.0,11100010110101010000,141.0,11100010110101010000
14,141.0,11100010110101010000,141.0,11100010110101010000
14,141.0,11100010110101010000,7.0,11100000110111010100
14,7.0,11100000110111010100,7.0,11100000110111010100
14,7.0,11100000110111010100,7.0,11100000110111010100
14,7.0,11100000110111010100,7.0,11100000110111010100
14,7.0,11100000110111010100,7.0,11100000110111010100
14,7.0,11100000110111010100,7.0,11100000110111010100
14,7.0,11100000110111010100,7.0,11100000110111010100
14,7.0,11100000110111010100,7.0,11100000110111010100
14,7.0,11100000110111010100,7.0,11100000110111010100
14,7.0,11100000110111010100,7.0,11100000110111010100
14,7.0,11100000110111010100,7.0,11100000110111010100
14,7.0,11100000110111010100,7.0,11100000110111010100
14,7.0,11100000110111010100,7.0,11100000110111010100
14,7.0,11100000110111010100,7.0,11100000110111010100
14,7.0,11100000110111010100,7.0,11100000110111010100
14,7.0,11100000110111010100,7.0,11100000110111010100
14,7.0,11100000110111010100,7.0,11100000110111010100
14,7.0,11100000110111010100,7.0,11100000110111010100
14,7.0,11100000110111010100,7.0,11100000110111010100
14,7.0,11100000110111010100,7.0,11100000110111010100
14,7.0,11100000110111010100,7.0,11100000110111010100
14,7.0,11100000110111010100,7.0,11100000110111010100
14,7.0,11100000110111010100,7.0,11100000110111010100
14,7.0,11100000110111010100,7.0,11100000110111010100
14,7.0,11100000110111010100,7.0,11100000110111010100
14,7.0,11100000110111010100,7.0,11100000110111010100
14,7.0,11100000110111010100,7.0,11100000110111010100
14,7.0,11100000110111010100,7.0,11100000110111010100
14,7.0,11100000110111010100,7.0,11100000110111010100
14,7.0,11100000110111010100,7.0,11100000110111010100
14,7.0,11100000110111010100,7.0,11100000110111010100
14,7.0,11100000110111010100,7.0,11100000110111010100
14,7.0,11100000110111010100,7.0,11100000110111010100
14,7.0,11100000110111010100,7.0,11100000110111010100
14,7.0,11100000110111010100,7.0,11100000110111010100
14,7.0,11100000110111010100,7.0,11100000110111010100
14,7.0,11100000110111010100,7.0,11100000110111010100
14,7.0,11100000110111010100,7.0,11100000110111010100
14,7.0,11100000110111010100,7.0,11100000110111010100
14,7.0,11100000110111010100,7.0,11100000110111010100
14,7.0,11100000110111010100,7.0,11100000110111010100
14,7.0,11100000110111010100,7.0,11100000110111010100
14,7.0,11100000110111010100,7.0,11100000110111010100
14,7.0,11100000110111010100,7.0,11100000110111010100
14,7.0,11100000110111010100,7.0,11100000110111010100
14,7.0,11100000110111010100,7.0,11100000110111010100
14,7.0,11100000110111010100,7.0,11100000110111010100
14,7.0,11100000110111010100,7.0,11100000110111010100
14,7.0,11100000110111010100,7.0,11100000110111010100
14,7.0,11100000110111010100,7.0,11100000110111010100
15,1441.0,11001101001101000100,1021.0,11000101011111000000
15,1021.0,11000101011111000000,1021.0,11000101011111000000
15,1021.0,11000101011111000000,1021.0,11000101011111000000
15,1021.0,11000101011111000000,233.0,10100010011111000001
15,233.0,10100010011111000001,233.0,10100010011111000001
15,233.0,10100010011111000001,233.0,10100010011111000001
15,233.0,10100010011111000001,233.0,10100010011111000001
15,233.0,10100010011111000001,233.0,10100010011111000001
15,233.0,10100010011111000001,3.0,10110010001001000010
15,3.0,10110010001001000010,3.0,10110010001001000010
15,3.0,10110010001001000010,3.0,10110010001001000010
15,3.0,10110010001001000010,3.0,10110010001001000010
15,3.0,10110010001001000010,3.0,10110010001001000010
15,3.0,10110010001001000010,3.0,10110010001001000010
15,3.0,10110010001001000010,3.0,10110010001001000010
15,3.0,10110010001001000010,3.0,10110010001001000010
15,3.0,10110010001001000010,3.0,10110010001001000010
15,3.0,10110010001001000010,3.0,10110010001001000010
15,3.0,10110010001001000010,3.0,10110010001001000010
15,3.0,10110010001001000010,3.0,10110010001001000010
15,3.0,10110010001001000010,3.0,10110010001001000010
15,3.0,10110010001001000010,3.0,10110010001001000010
15,3.0,10110010001001000010,3.0,10110010001001000010
15,3.0,10110010001001000010,3.0,10110010001001000010
15,3.0,10110010001001000010,3.0,10110010001001000010
15,3.0,10110010001001000010,3.0,10110010001001000010
15,3.0,10110010001001000010,3.0,10110010001001000010
15,3.0,10110010001001000010,3.0,10110010001001000010
15,3.0,10110010001001000010,3.0,10110010001001000010
15,3.0,10110010001001000010,3.0,10110010001001000010
15,3.0,10110010001001000010,3.0,10110010001001000010
15,3.0,10110010001001000010,3.0,10110010001001000010
15,3.0,10110010001001000010,3.0,10110010001001000010
15,3.0,10110010001001000010,3.0,10110010001001000010
15,3.0,10110010001001000010,3.0,10110010001001000010
15,3.0,10110010001001000010,3.0,10110010001001000010
15,3.0,10110010001001000010,3.0,10110010001001000010
15,3.0,10110010001001000010,3.0,10110010001001000010
15,3.0,10110010001001000010,3.0,10110010001001000010
15,3.0,10110010001001000010,3.0,10110010001001000010
15,3.0,10110010001001000010,3.0,10110010001001000010
15,3.0,10110010001001000010,3.0,10110010001001000010
15,3.0,10110010001001000010,3.0,10110010001001000010
15,3.0,10110010001001000010,3.0,10110010001001000010
15,3.0,10110010001001000010,3.0,10110010001001000010
15,3.0,10110010001001000010,3.0,10110010001001000010
15,3.0,10110010001001000010,3.0,10110010001001000010
15,3.0,10110010001001000010,3.0,10110010001001000010
15,3.0,10110010001001000010,3.0,10110010001001000010
15,3.0,10110010001001000010,3.0,10110010001001000010
15,3.0,10110010001001000010,3.0,10110010001001000010
15,3.0,10110010001001000010,3.0,10110010001001000010
15,3.0,10110010001001000010,3.0,10110010001001000010
15,3.0,10110010001001000010,3.0,10110010001001000010
15,3.0,10110010001001000010,3.0,10110010001001000010
15,3.0,10110010001001000010,3.0,10110010001001000010
15,3.0,10110010001001000010,3.0,10110010001001000010
15,3.0,10110010001001000010,3.0,10110010001001000010
15,3.0,10110010001001000010,3.0,10110010001001000010
15,3.0,10110010001001000010,3.0,10110010001001000010
15,3.0,10110010001001000010,3.0,10110010001001000010
16,4377.0,10010111010000011010,331.0,00011011010000011111
16,331.0,00011011010000011111,331.0,00011011010000011111
16,331.0,00011011010000011111,331.0,00011011010000011111
16,331.0,00011011010000011111,331.0,00011011010000011111
16,331.0,00011011010000011111,331.0,00011011010000011111
16,331.0,00011011010000011111,331.0,00011011010000011111
16,331.0,00011011010000011111,205.0,01011010110010011101
16,205.0,01011010110010011101,205.0,01011010110010011101
16,205.0,01011010110010011101,205.0,01011010110010011101
16,205.0,01011010110010011101,205.0,01011010110010011101
16,205.0,01011010110010011101,205.0,01011010110010011101
16,205.0,01011010110010011101,205.0,01011010110010011101
16,205.0,01011010110010011101,205.0,01011010110010011101
16,205.0,01011010110010011101,205.0,01011010110010011101
16,205.0,01011010110010011101,19.0,01100110110010011111
16,19.0,01100110110010011111,19.0,01100110110010011111
16,19.0,01100110110010011111,19.0,01100110110010011111
16,19.0,01100110110010011111,19.0,01100110110010011111
16,19.0,01100110110010011111,19.0,01100110110010011111
16,19.0,01100110110010011111,19.0,01100110110010011111
16,19.0,01100110110010011111,19.0,01100110110010011111
16,19.0,01100110110010011111,19.0,01100110110010011111
16,19.0,01100110110010011111,19.0,01100110110010011111
16,19.0,01100110110010011111,19.0,01100110110010011111
16,19.0,01100110110010011111,19.0,01100110110010011111
16,19.0,01100110110010011111,19.0,01100110110010011111
16,19.0,01100110110010011111,19.0,01100110110010011111
16,19.0,01100110110010011111,19.0,01100110110010011111
16,19.0,01100110110010011111,19.0,01100110110010011111
16,19.0,01100110110010011111,19.0,01100110110010011111
16,19.0,01100110110010011111,19.0,01100110110010011111
16,19.0,01100110110010011111,19.0,01100110110010011111
16,19.0,01100110110010011111,19.0,01100110110010011111
16,19.0,01100110110010011111,19.0,01100110110010011111
16,19.0,01100110110010011111,19.0,01100110110010011111
16,19.0,01100110110010011111,19.0,01100110110010011111
16,19.0,01100110110010011111,19.0,01100110110010011111
16,19.0,01100110110010011111,19.0,01100110110010011111
16,19.0,01100110110010011111,19.0,01100110110010011111
16,19.0,01100110110010011111,19.0,01100110110010011111
16,19.0,01100110110010011111,19.0,01100110110010011111
16,19.0,01100110110010011111,19.0,01100110110010011111
16,19.0,01100110110010011111,19.0,01100110110010011111
16,19.0,01100110110010011111,19.0,01100110110010011111
16,19.0,01100110110010011111,19.0,01100110110010011111
16,19.0,01100110110010011111,19.0,01100110110010011111
16,19.0,01100110110010011111,19.0,01100110110010011111
16,19.0,01100110110010011111,19.0,01100110110010011111
17,2805.0,11101001010100110111,219.0,11100101010100110100
17,219.0,11100101010100110100,219.0,11100101010100110100
17,219.0,11100101010100110100,219.0,11100101010100110100
17,219.0,11100101010100110100,219.0,11100101010100110100
17,219.0,11100101010100110100,219.0,11100101010100110100
17,219.0,11100101010100110100,219.0,11100101010100110100
17,219.0,11100101010100110100,59.0,11100101110110110001
17,59.0,11100101110110110001,59.0,11100101110110110001
17,59.0,11100101110110110001,59.0,11100101110110110001
17,59.0,11100101110110110001,59.0,11100101110110110001
17,59.0,11100101110110110001,59.0,11100101110110110001
17,59.0,11100101110110110001,59.0,11100101110110110001
17,59.0,11100101110110110001,59.0,11100101110110110001
17,59.0,11100101110110110001,59.0,11100101110110110001
17,59.0,11100101110110110001,59.0,11100101110110110001
17,59.0,11100101110110110001,59.0,11100101110110110001
17,59.0,11100101110110110001,59.0,11100101110110110001
17,59.0,11100101110110110001,59.0,11100101110110110001
17,59.0,11100101110110110001,59.0,11100101110110110001
17,59.0,11100101110110110001,59.0,11100101110110110001
17,59.0,11100101110110110001,59.0,11100101110110110001
17,59.0,11100101110110110001,59.0,11100101110110110001
17,59.0,11100101110110110001,59.0,11100101110110110001
17,59.0,11100101110110110001,59.0,11100101110110110001
17,59.0,11100101110110110001,59.0,11100101110110110001
17,59.0,11100101110110110001,59.0,11100101110110110001
17,59.0,11100101110110110001,59.0,11100101110110110001
17,59.0,11100101110110110001,59.0,11100101110110110001
17,59.0,11100101110110110001,59.0,11100101110110110001
17,59.0,11100101110110110001,59.0,11100101110110110001
17,59.0,11100101110110110001,59.0,11100101110110110001
17,59.0,11100101110110110001,59.0,11100101110110110001
17,59.0,11100101110110110001,59.0,11100101110110110001
17,59.0,11100101110110110001,59.0,11100101110110110001
17,59.0,11100101110110110001,59.0,11100101110110110001
17,59.0,11100101110110110001,59.0,11100101110110110001
17,59.0,11100101110110110001,59.0,11100101110110110001
17,59.0,11100101110110110001,59.0,11100101110110110001
17,59.0,11100101110110110001,59.0,11100101110110110001
18,66265.0,00111100110001111011,23983.0,01111000100001111011
18,23983.0,01111000100001111011,5889.0,00110001000001111000
18,5889.0,00110001000001111000,643.0,00101011000001111010
18,643.0,00101011000001111010,643.0,00101011000001111010
18,643.0,00101011000001111010,643.0,00101011000001111010
18,643.0,00101011000001111010,643.0,00101011000001111010
18,643.0,00101011000001111010,643.0,00101011000001111010
18,643.0,00101011000001111010,643.0,00101011000001111010
18,643.0,00101011000001111010,359.0,10100000001001111100
18,359.0,10100000001001111100,359.0,10100000001001111100
18,359.0,10100000001001111100,359.0,10100000001001111100
18,359.0,10100000001001111100,359.0,10100000001001111100
18,359.0,10100000001001111100,359.0,10100000001001111100
18,359.0,10100000001001111100,359.0,10100000001001111100
18,359.0,10100000001001111100,359.0,10100000001001111100
18,359.0,10100000001001111100,359.0,10100000001001111100
18,359.0,10100000001001111100,359.0,10100000001001111100
18,359.0,10100000001001111100,359.0,10100000001001111100
18,359.0,10100000001001111100,359.0,10100000001001111100
18,359.0,10100000001001111100,359.0,10100000001001111100
18,359.0,10100000001001111100,359.0,10100000001001111100
18,359.0,10100000001001111100,359.0,10100000001001111100
18,359.0,10100000001001111100,359.0,10100000001001111100
18,359.0,10100000001001111100,359.0,10100000001001111100
18,359.0,10100000001001111100,359.0,10100000001001111100
18,359.0,10100000001001111100,359.0,10100000001001111100
18,359.0,10100000001001111100,359.0,10100000001001111100
18,359.0,10100000001001111100,227.0,00100101100001111100
18,227.0,00100101100001111100,9.0,00110001100001011000
18,9.0,00110001100001011000,9.0,00110001100001011000
18,9.0,00110001100001011000,9.0,00110001100001011000
18,9.0,00110001100001011000,9.0,00110001100001011000
18,9.0,00110001100001011000,9.0,00110001100001011000
18,9.0,00110001100001011000,9.0,00110001100001011000
18,9.0,00110001100001011000,9.0,00110001100001011000
18,9.0,00110001100001011000,9.0,00110001100001011000
18,9.0,00110001100001011000,9.0,00110001100001011000
18,9.0,00110001100001011000,9.0,00110001100001011000
18,9.0,00110001100001011000,9.0,00110001100001011000
18,9.0,00110001100001011000,9.0,00110001100001011000
18,9.0,00110001100001011000,9.0,00110001100001011000
18,9.0,00110001100001011000,9.0,00110001100001011000
18,9.0,00110001100001011000,9.0,00110001100001011000
18,9.0,00110001100001011000,9.0,00110001100001011000
18,9.0,00110001100001011000,9.0,00110001100001011000
18,9.0,00110001100001011000,9.0,00110001100001011000
18,9.0,00110001100001011000,9.0,00110001100001011000
18,9.0,00110001100001011000,9.0,00110001100001011000
18,9.0,00110001100001011000,9.0,00110001100001011000
18,9.0,00110001100001011000,9.0,00110001100001011000
18,9.0,00110001100001011000,9.0,00110001100001011000
18,9.0,00110001100001011000,9.0,00110001100001011000
18,9.0,00110001100001011000,9.0,00110001100001011000
18,9.0,00110001100001011000,9.0,00110001100001011000
18,9.0,00110001100001011000,9.0,00110001100001011000
18,9.0,00110001100001011000,9.0,00110001100001011000
18,9.0,00110001100001011000,9.0,00110001100001011000
18,9.0,00110001100001011000,9.0,00110001100001011000
18,9.0,00110001100001011000,9.0,00110001100001011000
18,9.0,00110001100001011000,9.0,00110001100001011000
18,9.0,00110001100001011000,9.0,00110001100001011000
18,9.0,00110001100001011000,9.0,00110001100001011000
18,9.0,00110001100001011000,9.0,00110001100001011000
18,9.0,00110001100001011000,9.0,00110001100001011000
18,9.0,00110001100001011000,9.0,00110001100001011000
18,9.0,00110001100001011000,9.0,00110001100001011000
18,9.0,00110001100001011000,9.0,00110001100001011000
18,9.0,00110001100001011000,9.0,00110001100001011000
18,9.0,00110001100001011000,9.0,00110001100001011000
18,9.0,00110001100001011000,9.0,00110001100001011000
18,9.0,00110001100001011000,9.0,00110001100001011000
18,9.0,00110001100001011000,9.0,00110001100001011000
18,9.0,00110001100001011000,9.0,00110001100001011000
19,6053.0,11100011000001010001,531.0,11101011000001010000
19,531.0,11101011000001010000,531.0,11101011000001010000
19,531.0,11101011000001010000,141.0,11100010110101010000
19,141.0,11100010110101010000,141.0,11100010110101010000
19,141.0,11100010110101010000,141.0,11100010110101010000
19,141.0,11100010110101010000,141.0,11100010110101010000
19,141.0,11100010110101010000,141.0,11100010110101010000
19,141.0,11100010110101010000,141.0,11100010110101010000
19,141.0,11100010110101010000,141.0,11100010110101010000
19,141.0,11100010110101010000,141.0,11100010110101010000
19,141.0,11100010110101010000,141.0,11100010110101010000
19,141.0,11100010110101010000,141.0,11100010110101010000
19,141.0,11100010110101010000,117.0,01101100111001011001
19,117.0,01101100111001011001,117.0,01101100111001011001
19,117.0,01101100111001011001,117.0,01101100111001011001
19,117.0,01101100111001011001,117.0,01101100111001011001
19,117.0,01101100111001011001,117.0,01101100111001011001
19,117.0,01101100111001011001,117.0,01101100111001011001
19,117.0,01101100111001011001,117.0,01101100111001011001
19,117.0,01101100111001011001,117.0,01101100111001011001
19,117.0,01101100111001011001,117.0,01101100111001011001
19,117.0,01101100111001011001,117.0,01101100111001011001
19,117.0,01101100111001011001,117.0,01101100111001011001
19,117.0,01101100111001011001,65.0,11101100110101011000
19,65.0,11101100110101011000,65.0,11101100110101011000
19,65.0,11101100110101011000,65.0,11101100110101011000
19,65.0,11101100110101011000,65.0,11101100110101011000
19,65.0,11101100110101011000,65.0,11101100110101011000
19,65.0,11101100110101011000,65.0,11101100110101011000
19,65.0,11101100110101011000,5.0,01011110010101001011
19,5.0,01011110010101001011,5.0,01011110010101001011
19,5.0,01011110010101001011,5.0,01011110010101001011
19,5.0,01011110010101001011,5.0,01011110010101001011
19,5.0,01011110010101001011,5.0,01011110010101001011
19,5.0,01011110010101001011,5.0,01011110010101001011
19,5.0,01011110010101001011,5.0,01011110010101001011
19,5.0,01011110010101001011,5.0,01011110010101001011
19,5.0,01011110010101001011,5.0,01011110010101001011
19,5.0,01011110010101001011,5.0,01011110010101001011
19,5.0,01011110010101001011,5.0,01011110010101001011
19,5.0,01011110010101001011,5.0,01011110010101001011
19,5.0,01011110010101001011,5.0,01011110010101001011
19,5.0,01011110010101001011,5.0,01011110010101001011
19,5.0,01011110010101001011,5.0,01011110010101001011
19,5.0,01011110010101001011,5.0,01011110010101001011
19,5.0,01011110010101001011,5.0,01011110010101001011
19,5.0,01011110010101001011,5.0,01011110010101001011
19,5.0,01011110010101001011,5.0,01011110010101001011
19,5.0,01011110010101001011,5.0,01011110010101001011
19,5.0,01011110010101001011,5.0,01011110010101001011
19,5.0,01011110010101001011,5.0,01011110010101001011
19,5.0,01011110010101001011,5.0,01011110010101001011
19,5.0,01011110010101001011,5.0,01011110010101001011
19,5.0,01011110010101001011,5.0,01011110010101001011
19,5.0,01011110010101001011,5.0,01011110010101001011
19,5.0,01011110010101001011,5.0,01011110010101001011
19,5.0,01011110010101001011,5.0,01011110010101001011
19,5.0,01011110010101001011,5.0,01011110010101001011
19,5.0,01011110010101001011,5.0,01011110010101001011
19,5.0,01011110010101001011,5.0,01011110010101001011
19,5.0,01011110010101001011,5.0,01011110010101001011
19,5.0,01011110010101001011,5.0,01011110010101001011
19,5.0,01011110010101001011,5.0,01011110010101001011
19,5.0,01011110010101001011,5.0,01011110010101001011
19,5.0,01011110010101001011,5.0,01011110010101001011
19,5.0,01011110010101001011,5.0,01011110010101001011
19,5.0,01011110010101001011,5.0,01011110010101001011
19,5.0,01011110010101001011,5.0,01011110010101001011
19,5.0,01011110010101001011,5.0,01011110010101001011
20,3315.0,11100100010110111101,3315.0,11100100010110111101
20,3315.0,11100100010110111101,3315.0,11100100010110111101
20,3315.0,11100100010110111101,2207.0,11101100010110111100
20,2207.0,11101100010110111100,2207.0,11101100010110111100
20,2207.0,11101100010110111100,1989.0,11111000010110011000
20,1989.0,11111000010110011000,611.0,01110000110110111000
20,611.0,01110000110110111000,611.0,01110000110110111000
20,611.0,01110000110110111000,611.0,01110000110110111000
20,611.0,01110000110110111000,611.0,01110000110110111000
20,611.0,01110000110110111000,611.0,01110000110110111000
20,611.0,01110000110110111000,611.0,01110000110110111000
20,611.0,01110000110110111000,289.0,00111101110110110001
20,289.0,00111101110110110001,289.0,00111101110110110001
20,289.0,00111101110110110001,289.0,00111101110110110001
20,289.0,00111101110110110001,289.0,00111101110110110001
20,289.0,00111101110110110001,289.0,00111101110110110001
20,289.0,00111101110110110001,289.0,00111101110110110001
20,289.0,00111101110110110001,289.0,00111101110110110001
20,289.0,00111101110110110001,289.0,00111101110110110001
20,289.0,00111101110110110001,289.0,00111101110110110001
20,289.0,00111101110110110001,243.0,00110101001100110001
20,243.0,00110101001100110001,45.0,10110000111100110010
20,45.0,10110000111100110010,45.0,10110000111100110010
20,45.0,10110000111100110010,45.0,10110000111100110010
20,45.0,10110000111100110010,45.0,10110000111100110010
20,45.0,10110000111100110010,45.0,10110000111100110010
20,45.0,10110000111100110010,45.0,10110000111100110010
20,45.0,10110000111100110010,45.0,10110000111100110010
20,45.0,10110000111100110010,45.0,10110000111100110010
20,45.0,10110000111100110010,45.0,10110000111100110010
20,45.0,10110000111100110010,45.0,10110000111100110010
20,45.0,10110000111100110010,45.0,10110000111100110010
20,45.0,10110000111100110010,45.0,10110000111100110010
20,45.0,10110000111100110010,45.0,10110000111100110010
20,45.0,10110000111100110010,45.0,10110000111100110010
20,45.0,10110000111100110010,45.0,10110000111100110010
20,45.0,10110000111100110010,45.0,10110000111100110010
20,45.0,10110000111100110010,45.0,10110000111100110010
20,45.0,10110000111100110010,45.0,10110000111100110010
20,45.0,10110000111100110010,45.0,10110000111100110010
20,45.0,10110000111100110010,45.0,10110000111100110010
20,45.0,10110000111100110010,45.0,10110000111100110010
20,45.0,10110000111100110010,45.0,10110000111100110010
20,45.0,10110000111100110010,45.0,10110000111100110010
20,45.0,10110000111100110010,45.0,10110000111100110010
21,2381.0,00101011010101000111,643.0,00100111010101000100
21,643.0,00100111010101000100,643.0,00100111010101000100
21,643.0,00100111010101000100,643.0,00100111010101000100
21,643.0,00100111010101000100,227.0,00101011110001100101
21,227.0,00101011110001100101,227.0,00101011110001100101
21,227.0,00101011110001100101,227.0,00101011110001100101
21,227.0,00101011110001100101,227.0,00101011110001100101
21,227.0,00101011110001100101,227.0,00101011110001100101
21,227.0,00101011110001100101,227.0,00101011110001100101
21,227.0,00101011110001100101,227.0,00101011110001100101
21,227.0,00101011110001100101,45.0,11000111100001100100
21,45.0,11000111100001100100,45.0,11000111100001100100
21,45.0,11000111100001100100,45.0,11000111100001100100
21,45.0,11000111100001100100,45.0,11000111100001100100
21,45.0,11000111100001100100,45.0,11000111100001100100
21,45.0,11000111100001100100,45.0,11000111100001100100
21,45.0,11000111100001100100,45.0,11000111100001100100
21,45.0,11000111100001100100,45.0,11000111100001100100
21,45.0,11000111100001100100,45.0,11000111100001100100
21,45.0,11000111100001100100,45.0,11000111100001100100
21,45.0,11000111100001100100,45.0,11000111100001100100
21,45.0,11000111100001100100,45.0,11000111100001100100
21,45.0,11000111100001100100,45.0,11000111100001100100
21,45.0,11000111100001100100,45.0,11000111100001100100
21,45.0,11000111100001100100,45.0,11000111100001100100
21,45.0,11000111100001100100,45.0,11000111100001100100
21,45.0,11000111100001100100,45.0,11000111100001100100
21,45.0,11000111100001100100,45.0,11000111100001100100
21,45.0,11000111100001100100,45.0,11000111100001100100
21,45.0,11000111100001100100,45.0,11000111100001100100
21,45.0,11000111100001100100,45.0,11000111100001100100
21,45.0,11000111100001100100,45.0,11000111100001100100
21,45.0,11000111100001100100,45.0,11000111100001100100
21,45.0,11000111100001100100,45.0,11000111100001100100
21,45.0,11000111100001100100,45.0,11000111100001100100
21,45.0,11000111100001100100,45.0,11000111100001100100
21,45.0,11000111100001100100,45.0,11000111100001100100
21,45.0,11000111100001100100,45.0,11000111100001100100
21,45.0,11000111100001100100,45.0,11000111100001100100
22,5957.0,00111001000011010101,5957.0,00111001000011010101
22,5957.0,00111001000011010101,2961.0,00100101111011010000
22,2961.0,00100101111011010000,107.0,00101101111011100011
22,107.0,00101101111011100011,107.0,00101101111011100011
22,107.0,00101101111011100011,107.0,00101101111011100011
22,107.0,00101101111011100011,107.0,00101101111011100011
22,107.0,00101101111011100011,107.0,00101101111011100011
22,107.0,00101101111011100011,107.0,00101101111011100011
22,107.0,00101101111011100011,107.0,00101101111011100011
22,107.0,00101101111011100011,107.0,00101101111011100011
22,107.0,00101101111011100011,107.0,00101101111011100011
22,107.0,00101101111011100011,107.0,00101101111011100011
22,107.0,00101101111011100011,107.0,00101101111011100011
22,107.0,00101101111011100011,107.0,00101101111011100011
22,107.0,00101101111011100011,107.0,00101101111011100011
22,107.0,00101101111011100011,107.0,00101101111011100011
22,107.0,00101101111011100011,107.0,00101101111011100011
22,107.0,00101101111011100011,107.0,00101101111011100011
22,107.0,00101101111011100011,107.0,00101101111011100011
22,107.0,00101101111011100011,107.0,00101101111011100011
22,107.0,00101101111011100011,107.0,00101101111011100011
22,107.0,00101101111011100011,107.0,00101101111011100011
22,107.0,00101101111011100011,11.0,00001101101111101011
22,11.0,00001101101111101011,11.0,00001101101111101011
22,11.0,00001101101111101011,11.0,00001101101111101011
22,11.0,00001101101111101011,11.0,00001101101111101011
22,11.0,00001101101111101011,11.0,00001101101111101011
22,11.0,00001101101111101011,11.0,00001101101111101011
22,11.0,00001101101111101011,11.0,00001101101111101011
22,11.0,00001101101111101011,11.0,00001101101111101011
22,11.0,00001101101111101011,11.0,00001101101111101011
22,11.0,00001101101111101011,11.0,00001101101111101011
22,11.0,00001101101111101011,11.0,00001101101111101011
22,11.0,00001101101111101011,11.0,00001101101111101011
22,11.0,00001101101111101011,11.0,00001101101111101011
22,11.0,00001101101111101011,11.0,00001101101111101011
22,11.0,00001101101111101011,11.0,00001101101111101011
22,11.0,00001101101111101011,11.0,00001101101111101011
22,11.0,00001101101111101011,11.0,00001101101111101011
22,11.0,00001101101111101011,11.0,00001101101111101011
22,11.0,00001101101111101011,11.0,00001101101111101011
22,11.0,00001101101111101011,11.0,00001101101111101011
22,11.0,00001101101111101011,11.0,00001101101111101011
22,11.0,00001101101111101011,11.0,00001101101111101011
22,11.0,00001101101111101011,11.0,00001101101111101011
22,11.0,00001101101111101011,11.0,00001101101111101011
22,11.0,00001101101111101011,11.0,00001101101111101011
22,11.0,00001101101111101011,11.0,00001101101111101011
22,11.0,00001101101111101011,11.0,00001101101111101011
22,11.0,00001101101111101011,11.0,00001101101111101011
22,11.0,00001101101111101011,11.0,00001101101111101011
22,11.0,00001101101111101011,11.0,00001101101111101011
22,11.0,00001101101111101011,11.0,00001101101111101011
22,11.0,00001101101111101011,11.0,00001101101111101011
22,11.0,00001101101111101011,11.0,00001101101111101011
22,11.0,00001101101111101011,11.0,00001101101111101011
22,11.0,00001101101111101011,11.0,00001101101111101011
22,11.0,00001101101111101011,11.0,00001101101111101011
22,11.0,00001101101111101011,11.0,00001101101111101011
22,11.0,00001101101111101011,11.0,00001101101111101011
22,11.0,00001101101111101011,11.0,00001101101111101011
23,6101.0,01010010011010011000,4433.0,11010110000010011100
23,4433.0,11010110000010011100,1359.0,10011011000010001110
23,1359.0,10011011000010001110,1359.0,10011011000010001110
23,1359.0,10011011000010001110,255.0,00011011110010001100
23,255.0,00011011110010001100,209.0,00010011001000001100
23,209.0,00010011001000001100,209.0,00010011001000001100
23,209.0,00010011001000001100,209.0,00010011001000001100
23,209.0,00010011001000001100,209.0,00010011001000001100
23,209.0,00010011001000001100,209.0,00010011001000001100
23,209.0,00010011001000001100,209.0,00010011001000001100
23,209.0,00010011001000001100,209.0,00010011001000001100
23,209.0,00010011001000001100,209.0,00010011001000001100
23,209.0,00010011001000001100,59.0,00011010001001001110
23,59.0,00011010001001001110,59.0,00011010001001001110
23,59.0,00011010001001001110,59.0,00011010001001001110
23,59.0,00011010001001001110,59.0,00011010001001001110
23,59.0,00011010001001001110,59.0,00011010001001001110
23,59.0,00011010001001001110,59.0,00011010001001001110
23,59.0,00011010001001001110,59.0,00011010001001001110
23,59.0,00011010001001001110,59.0,00011010001001001110
23,59.0,00011010001001001110,59.0,00011010001001001110
23,59.0,00011010001001001110,59.0,00011010001001001110
23,59.0,00011010001001001110,59.0,00011010001001001110
23,59.0,00011010001001001110,59.0,00011010001001001110
23,59.0,00011010001001001110,59.0,00011010001001001110
23,59.0,00011010001001001110,59.0,00011010001001001110
23,59.0,00011010001001001110,59.0,00011010001001001110
23,59.0,00011010001001001110,59.0,00011010001001001110
23,59.0,00011010001001001110,59.0,00011010001001001110
23,59.0,00011010001001001110,59.0,00011010001001001110
23,59.0,00011010001001001110,59.0,00011010001001001110
23,59.0,00011010001001001110,59.0,00011010001001001110
23,59.0,00011010001001001110,59.0,00011010001001001110
23,59.0,00011010001001001110,59.0,00011010001001001110
23,59.0,00011010001001001110,59.0,00011010001001001110
23,59.0,00011010001001001110,59.0,00011010001001001110
23,59.0,00011010001001001110,59.0,00011010001001001110
23,59.0,00011010001001001110,59.0,00011010001001001110
23,59.0,00011010001001001110,59.0,00011010001001001110
23,59.0,00011010001001001110,59.0,00011010001001001110
23,59.0,00011010001001001110,59.0,00011010001001001110
23,59.0,00011010001001001110,59.0,00011010001001001110
23,59.0,00011010001001001110,59.0,00011010001001001110
23,59.0,00011010001001001110,59.0,00011010001001001110
23,59.0,00011010001001001110,59.0,00011010001001001110
23,59.0,00011010001001001110,59.0,00011010001001001110
23,59.0,00011010001001001110,59.0,00011010001001001110
23,59.0,00011010001001001110,59.0,00011010001001001110
24,14749.0,10011000110111001101,11723.0,10010000100111011100
24,11723.0,10010000100111011100,8655.0,10011000100111101111
24,8655.0,10011000100111101111,1909.0,10011110100001001110
24,1909.0,10011110100001001110,1909.0,10011110100001001110
24,1909.0,10011110100001001110,1419.0,01011110000011001101
24,1419.0,01011110000011001101,1419.0,01011110000011001101
24,1419.0,01011110000011001101,45.0,01001111000011001101
24,45.0,01001111000011001101,45.0,01001111000011001101
24,45.0,01001111000011001101,45.0,01001111000011001101
24,45.0,01001111000011001101,45.0,01001111000011001101
24,45.0,01001111000011001101,45.0,01001111000011001101
24,45.0,01001111000011001101,45.0,01001111000011001101
24,45.0,01001111000011001101,45.0,01001111000011001101
24,45.0,01001111000011001101,45.0,01001111000011001101
24,45.0,01001111000011001101,45.0,01001111000011001101
24,45.0,01001111000011001101,45.0,01001111000011001101
24,45.0,01001111000011001101,45.0,01001111000011001101
24,45.0,01001111000011001101,45.0,01001111000011001101
24,45.0,01001111000011001101,45.0,01001111000011001101
24,45.0,01001111000011001101,45.0,01001111000011001101
24,45.0,01001111000011001101,45.0,01001111000011001101
24,45.0,01001111000011001101,45.0,01001111000011001101
24,45.0,01001111000011001101,25.0,11000011110010001100
24,25.0,11000011110010001100,25.0,11000011110010001100
24,25.0,11000011110010001100,25.0,11000011110010001100
24,25.0,11000011110010001100,25.0,11000011110010001100
24,25.0,11000011110010001100,25.0,11000011110010001100
24,25.0,11000011110010001100,25.0,11000011110010001100
24,25.0,11000011110010001100,25.0,11000011110010001100
24,25.0,11000011110010001100,25.0,11000011110010001100
24,25.0,11000011110010001100,25.0,11000011110010001100
24,25.0,11000011110010001100,25.0,11000011110010001100
24,25.0,11000011110010001100,25.0,11000011110010001100
24,25.0,11000011110010001100,25.0,11000011110010001100
24,25.0,11000011110010001100,25.0,11000011110010001100
24,25.0,11000011110010001100,25.0,11000011110010001100
24,25.0,11000011110010001100,25.0,11000011110010001100
24,25.0,11000011110010001100,25.0,11000011110010001100
24,25.0,11000011110010001100,25.0,11000011110010001100
24,25.0,11000011110010001100,25.0,11000011110010001100
24,25.0,11000011110010001100,25.0,11000011110010001100
24,25.0,11000011110010001100,25.0,11000011110010001100
24,25.0,11000011110010001100,25.0,11000011110010001100
24,25.0,11000011110010001100,25.0,11000011110010001100
24,25.0,11000011110010001100,25.0,11000011110010001100
24,25.0,11000011110010001100,25.0,11000011110010001100
24,25.0,11000011110010001100,25.0,11000011110010001100
24,25.0,11000011110010001100,25.0,11000011110010001100
24,25.0,11000011110010001100,25.0,11000011110010001100
24,25.0,11000011110010001100,25.0,11000011110010001100
24,25.0,11000011110010001100,25.0,11000011110010001100
24,25.0,11000011110010001100,25.0,11000011110010001100
24,25.0,11000011110010001100,25.0,11000011110010001100
24,25.0,11000011110010001100,25.0,11000011110010001100
24,25.0,11000011110010001100,25.0,11000011110010001100
24,25.0,11000011110010001100,25.0,11000011110010001100
24,25.0,11000011110010001100,25.0,11000011110010001100
24,25.0,11000011110010001100,25.0,11000011110010001100
25,2549.0,01100010011011010000,2549.0,01100010011011010000
25,2549.0,01100010011011010000,2033.0,01000011011001010010
25,2033.0,01000011011001010010,2033.0,01000011011001010010
25,2033.0,01000011011001010010,2033.0,01000011011001010010
25,2033.0,01000011011001010010,2027.0,01101001011001010011
25,2027.0,01101001011001010011,1253.0,00111101111000010011
25,1253.0,00111101111000010011,1253.0,00111101111000010011
25,1253.0,00111101111000010011,1253.0,00111101111000010011
25,1253.0,00111101111000010011,1253.0,00111101111000010011
25,1253.0,00111101111000010011,1253.0,00111101111000010011
25,1253.0,00111101111000010011,897.0,00111001111000110000
25,897.0,00111001111000110000,243.0,00100011111001000000
25,243.0,00100011111001000000,243.0,00100011111001000000
25,243.0,00100011111001000000,129.0,00110111100001000010
25,129.0,00110111100001000010,129.0,00110111100001000010
25,129.0,00110111100001000010,129.0,00110111100001000010
25,129.0,00110111100001000010,129.0,00110111100001000010
25,129.0,00110111100001000010,129.0,00110111100001000010
25,129.0,00110111100001000010,129.0,00110111100001000010
25,129.0,00110111100001000010,129.0,00110111100001000010
25,129.0,00110111100001000010,129.0,00110111100001000010
25,129.0,00110111100001000010,129.0,00110111100001000010
25,129.0,00110111100001000010,129.0,00110111100001000010
25,129.0,00110111100001000010,129.0,00110111100001000010
25,129.0,00110111100001000010,129.0,00110111100001000010
25,129.0,00110111100001000010,129.0,00110111100001000010
25,129.0,00110111100001000010,129.0,00110111100001000010
25,129.0,00110111100001000010,129.0,00110111100001000010
25,129.0,00110111100001000010,129.0,00110111100001000010
25,129.0,00110111100001000010,129.0,00110111100001000010
25,129.0,00110111100001000010,129.0,00110111100001000010
25,129.0,00110111100001000010,129.0,00110111100001000010
25,129.0,00110111100001000010,129.0,00110111100001000010
25,129.0,00110111100001000010,129.0,00110111100001000010
25,129.0,00110111100001000010,129.0,00110111100001000010
25,129.0,00110111100001000010,129.0,00110111100001000010
25,129.0,00110111100001000010,129.0,00110111100001000010
25,129.0,00110111100001000010,129.0,00110111100001000010
25,129.0,00110111100001000010,129.0,00110111100001000010
25,129.0,00110111100001000010,129.0,00110111100001000010
25,129.0,00110111100001000010,129.0,00110111100001000010
25,129.0,00110111100001000010,49.0,10111010110011000010
25,49.0,10111010110011000010,3.0,10110010001001000010
25,3.0,10110010001001000010,3.0,10110010001001000010
25,3.0,10110010001001000010,3.0,10110010001001000010
25,3.0,10110010001001000010,3.0,10110010001001000010
25,3.0,10110010001001000010,3.0,10110010001001000010
25,3.0,10110010001001000010,3.0,10110010001001000010
25,3.0,10110010001001000010,3.0,10110010001001000010
25,3.0,10110010001001000010,3.0,10110010001001000010
25,3.0,10110010001001000010,3.0,10110010001001000010
25,3.0,10110010001001000010,3.0,10110010001001000010
25,3.0,10110010001001000010,3.0,10110010001001000010
25,3.0,10110010001001000010,3.0,10110010001001000010
25,3.0,10110010001001000010,3.0,10110010001001000010
25,3.0,10110010001001000010,3.0,10110010001001000010
25,3.0,10110010001001000010,3.0,10110010001001000010
25,3.0,10110010001001000010,3.0,10110010001001000010
25,3.0,10110010001001000010,3.0,10110010001001000010
25,3.0,10110010001001000010,3.0,10110010001001000010
25,3.0,10110010001001000010,3.0,10110010001001000010
25,3.0,10110010001001000010,3.0,10110010001001000010
25,3.0,10110010001001000010,3.0,10110010001001000010
25,3.0,10110010001001000010,3.0,10110010001001000010
25,3.0,10110010001001000010,3.0,10110010001001000010
25,3.0,10110010001001000010,3.0,10110010001001000010
25,3.0,10110010001001000010,3.0,10110010001001000010
25,3.0,10110010001001000010,3.0,10110010001001000010
25,3.0,10110010001001000010,3.0,10110010001001000010
25,3.0,10110010001001000010,3.0,10110010001001000010
25,3.0,10110010001001000010,3.0,10110010001001000010
25,3.0,10110010001001000010,3.0,10110010001001000010
25,3.0,10110010001001000010,3.0,10110010001001000010
25,3.0,10110010001001000010,3.0,10110010001001000010
25,3.0,10110010001001000010,3.0,10110010001001000010
25,3.0,10110010001001000010,3.0,10110010001001000010
25,3.0,10110010001001000010,3.0,10110010001001000010
25,3.0,10110010001001000010,3.0,10110010001001000010
25,3.0,10110010001001000010,3.0,10110010001001000010
25,3.0,10110010001001000010,3.0,10110010001001000010
25,3.0,10110010001001000010,3.0,10110010001001000010
25,3.0,10110010001001000010,3.0,10110010001001000010
25,3.0,10110010001001000010,3.0,10110010001001000010
25,3.0,10110010001001000010,3.0,10110010001001000010
25,3.0,10110010001001000010,3.0,10110010001001000010
26,6837.0,00111010100101001010,4917.0,10111110000111000010
26,4917.0,10111110000111000010,605.0,10110110000111000011
26,605.0,10110110000111000011,487.0,11111100000101000111
26,487.0,11111100000101000111,487.0,11111100000101000111
26,487.0,11111100000101000111,359.0,11100110100101000101
26,359.0,11100110100101000101,359.0,11100110100101000101
26,359.0,11100110100101000101,359.0,11100110100101000101
26,359.0,11100110100101000101,359.0,11100110100101000101
26,359.0,11100110100101000101,359.0,11100110100101000101
26,359.0,11100110100101000101,209.0,11101100110111110011
26,209.0,11101100110111110011,209.0,11101100110111110011
26,209.0,11101100110111110011,209.0,11101100110111110011
26,209.0,11101100110111110011,59.0,11100101110110110001
26,59.0,11100101110110110001,59.0,11100101110110110001
26,59.0,11100101110110110001,59.0,11100101110110110001
26,59.0,11100101110110110001,59.0,11100101110110110001
26,59.0,11100101110110110001,59.0,11100101110110110001
26,59.0,11100101110110110001,59.0,11100101110110110001
26,59.0,11100101110110110001,59.0,11100101110110110001
26,59.0,11100101110110110001,59.0,11100101110110110001
26,59.0,11100101110110110001,59.0,11100101110110110001
26,59.0,11100101110110110001,59.0,11100101110110110001
26,59.0,11100101110110110001,59.0,11100101110110110001
26,59.0,11100101110110110001,59.0,11100101110110110001
26,59.0,11100101110110110001,59.0,11100101110110110001
26,59.0,11100101110110110001,59.0,11100101110110110001
26,59.0,11100101110110110001,59.0,11100101110110110001
26,59.0,11100101110110110001,59.0,11100101110110110001
26,59.0,11100101110110110001,59.0,11100101110110110001
26,59.0,11100101110110110001,59.0,11100101110110110001
26,59.0,11100101110110110001,59.0,11100101110110110001
26,59.0,11100101110110110001,59.0,11100101110110110001
26,59.0,11100101110110110001,59.0,11100101110110110001
26,59.0,11100101110110110001,59.0,11100101110110110001
26,59.0,11100101110110110001,59.0,11100101110110110001
26,59.0,11100101110110110001,59.0,11100101110110110001
26,59.0,11100101110110110001,59.0,11100101110110110001
26,59.0,11100101110110110001,59.0,11100101110110110001
26,59.0,11100101110110110001,59.0,11100101110110110001
26,59.0,11100101110110110001,59.0,11100101110110110001
26,59.0,11100101110110110001,59.0,11100101110110110001
26,59.0,11100101110110110001,59.0,11100101110110110001
26,59.0,11100101110110110001,59.0,11100101110110110001
26,59.0,11100101110110110001,59.0,11100101110110110001
26,59.0,11100101110110110001,59.0,11100101110110110001
26,59.0,11100101110110110001,59.0,11100101110110110001
26,59.0,11100101110110110001,59.0,11100101110110110001
26,59.0,11100101110110110001,59.0,11100101110110110001
26,59.0,11100101110110110001,59.0,11100101110110110001
26,59.0,11100101110110110001,59.0,11100101110110110001
26,59.0,11100101110110110001,59.0,11100101110110110001
26,59.0,11100101110110110001,59.0,11100101110110110001
26,59.0,11100101110110110001,59.0,11100101110110110001
26,59.0,11100101110110110001,59.0,11100101110110110001
27,4585.0,01001011101010011001,4585.0,01001011101010011001
27,4585.0,01001011101010011001,2499.0,00001011101110011011
27,2499.0,00001011101110011011,525.0,00000111101110011000
27,525.0,00000111101110011000,13.0,01000101111110011000
27,13.0,01000101111110011000,3.0,01001101110110111101
27,3.0,01001101110110111101,3.0,01001101110110111101
27,3.0,01001101110110111101,3.0,01001101110110111101
27,3.0,01001101110110111101,3.0,01001101110110111101
27,3.0,01001101110110111101,3.0,01001101110110111101
27,3.0,01001101110110111101,3.0,01001101110110111101
27,3.0,01001101110110111101,3.0,01001101110110111101
27,3.0,01001101110110111101,3.0,01001101110110111101
27,3.0,01001101110110111101,3.0,01001101110110111101
27,3.0,01001101110110111101,3.0,01001101110110111101
27,3.0,01001101110110111101,3.0,01001101110110111101
27,3.0,01001101110110111101,3.0,01001101110110111101
27,3.0,01001101110110111101,3.0,01001101110110111101
27,3.0,01001101110110111101,3.0,01001101110110111101
27,3.0,01001101110110111101,3.0,01001101110110111101
27,3.0,01001101110110111101,3.0,01001101110110111101
27,3.0,01001101110110111101,3.0,01001101110110111101
27,3.0,01001101110110111101,3.0,01001101110110111101
27,3.0,01001101110110111101,3.0,01001101110110111101
27,3.0,01001101110110111101,3.0,01001101110110111101
27,3.0,01001101110110111101,3.0,01001101110110111101
27,3.0,01001101110110111101,3.0,01001101110110111101
27,3.0,01001101110110111101,3.0,01001101110110111101
27,3.0,01001101110110111101,3.0,01001101110110111101
27,3.0,01001101110110111101,3.0,01001101110110111101
27,3.0,01001101110110111101,3.0,01001101110110111101
27,3.0,01001101110110111101,3.0,01001101110110111101
27,3.0,01001101110110111101,3.0,01001101110110111101
27,3.0,01001101110110111101,3.0,01001101110110111101
27,3.0,01001101110110111101,3.0,01001101110110111101
27,3.0,01001101110110111101,3.0,01001101110110111101
27,3.0,01001101110110111101,3.0,01001101110110111101
27,3.0,01001101110110111101,3.0,01001101110110111101
27,3.0,01001101110110111101,3.0,01001101110110111101
27,3.0,01001101110110111101,3.0,01001101110110111101
27,3.0,01001101110110111101,3.0,01001101110110111101
27,3.0,01001101110110111101,3.0,01001101110110111101
27,3.0,01001101110110111101,3.0,01001101110110111101
27,3.0,01001101110110111101,3.0,01001101110110111101
27,3.0,01001101110110111101,3.0,01001101110110111101
27,3.0,01001101110110111101,3.0,01001101110110111101
27,3.0,01001101110110111101,3.0,01001101110110111101
27,3.0,01001101110110111101,3.0,01001101110110111101
27,3.0,01001101110110111101,3.0,01001101110110111101
27,3.0,01001101110110111101,3.0,01001101110110111101
27,3.0,01001101110110111101,3.0,01001101110110111101
27,3.0,01001101110110111101,3.0,01001101110110111101
27,3.0,01001101110110111101,3.0,01001101110110111101
27,3.0,01001101110110111101,3.0,01001101110110111101
27,3.0,01001101110110111101,3.0,01001101110110111101
27,3.0,01001101110110111101,3.0,01001101110110111101
27,3.0,01001101110110111101,3.0,01001101110110111101
27,3.0,01001101110110111101,3.0,01001101110110111101
27,3.0,01001101110110111101,3.0,01001101110110111101
28,34185.0,10011110110100110111,7415.0,10010110011100110011
28,7415.0,10010110011100110011,1893.0,10011110011100110010
28,1893.0,10011110011100110010,1501.0,10100110011100101010
28,1501.0,10100110011100101010,1501.0,10100110011100101010
28,1501.0,10100110011100101010,1367.0,10100100011110101110
28,1367.0,10100100011110101110,1367.0,10100100011110101110
28,1367.0,10100100011110101110,179.0,10001001011110101100
28,179.0,10001001011110101100,179.0,10001001011110101100
28,179.0,10001001011110101100,129.0,11001000011110111101
28,129.0,11001000011110111101,129.0,11001000011110111101
28,129.0,11001000011110111101,129.0,11001000011110111101
28,129.0,11001000011110111101,129.0,11001000011110111101
28,129.0,11001000011110111101,129.0,11001000011110111101
28,129.0,11001000011110111101,129.0,11001000011110111101
28,129.0,11001000011110111101,129.0,11001000011110111101
28,129.0,11001000011110111101,129.0,11001000011110111101
28,129.0,11001000011110111101,129.0,11001000011110111101
28,129.0,11001000011110111101,129.0,11001000011110111101
28,129.0,11001000011110111101,129.0,11001000011110111101
28,129.0,11001000011110111101,129.0,11001000011110111101
28,129.0,11001000011110111101,129.0,11001000011110111101
28,129.0,11001000011110111101,129.0,11001000011110111101
28,129.0,11001000011110111101,129.0,11001000011110111101
28,129.0,11001000011110111101,129.0,11001000011110111101
28,129.0,11001000011110111101,129.0,11001000011110111101
28,129.0,11001000011110111101,129.0,11001000011110111101
28,129.0,11001000011110111101,129.0,11001000011110111101
28,129.0,11001000011110111101,129.0,11001000011110111101
28,129.0,11001000011110111101,129.0,11001000011110111101
28,129.0,11001000011110111101,129.0,11001000011110111101
28,129.0,11001000011110111101,129.0,11001000011110111101
28,129.0,11001000011110111101,129.0,11001000011110111101
28,129.0,11001000011110111101,129.0,11001000011110111101
28,129.0,11001000011110111101,129.0,11001000011110111101
28,129.0,11001000011110111101,129.0,11001000011110111101
28,129.0,11001000011110111101,129.0,11001000011110111101
28,129.0,11001000011110111101,129.0,11001000011110111101
28,129.0,11001000011110111101,129.0,11001000011110111101
28,129.0,11001000011110111101,129.0,11001000011110111101
28,129.0,11001000011110111101,129.0,11001000011110111101
28,129.0,11001000011110111101,129.0,11001000011110111101
28,129.0,11001000011110111101,129.0,11001000011110111101
28,129.0,11001000011110111101,129.0,11001000011110111101
28,129.0,11001000011110111101,129.0,11001000011110111101
28,129.0,11001000011110111101,129.0,11001000011110111101
28,129.0,11001000011110111101,129.0,11001000011110111101
28,129.0,11001000011110111101,129.0,11001000011110111101
28,129.0,11001000011110111101,129.0,11001000011110111101
28,129.0,11001000011110111101,129.0,11001000011110111101
28,129.0,11001000011110111101,129.0,11001000011110111101
28,129.0,11001000011110111101,129.0,11001000011110111101
28,129.0,11001000011110111101,129.0,11001000011110111101
28,129.0,11001000011110111101,129.0,11001000011110111101
28,129.0,11001000011110111101,129.0,11001000011110111101
28,129.0,11001000011110111101,129.0,11001000011110111101
28,129.0,11001000011110111101,129.0,11001000011110111101
28,129.0,11001000011110111101,129.0,11001000011110111101
28,129.0,11001000011110111101,129.0,11001000011110111101
28,129.0,11001000011110111101,129.0,11001000011110111101
28,129.0,11001000011110111101,129.0,11001000011110111101
29,11243.0,00110110110101100001,5151.0,00110010110101010001
29,5151.0,00110010110101010001,4099.0,00101010110111011001
29,4099.0,00101010110111011001,2913.0,11000110110011011011
29,2913.0,11000110110011011011,1557.0,11010110110001010010
29,1557.0,11010110110001010010,1557.0,11010110110001010010
29,1557.0,11010110110001010010,1557.0,11010110110001010010
29,1557.0,11010110110001010010,1557.0,11010110110001010010
29,1557.0,11010110110001010010,1327.0,11011110100011010010
29,1327.0,11011110100011010010,173.0,11010011100001000000
29,173.0,11010011100001000000,173.0,11010011100001000000
29,173.0,11010011100001000000,173.0,11010011100001000000
29,173.0,11010011100001000000,173.0,11010011100001000000
29,173.0,11010011100001000000,173.0,11010011100001000000
29,173.0,11010011100001000000,173.0,11010011100001000000
29,173.0,11010011100001000000,173.0,11010011100001000000
29,173.0,11010011100001000000,173.0,11010011100001000000
29,173.0,11010011100001000000,173.0,11010011100001000000
29,173.0,11010011100001000000,173.0,11010011100001000000
29,173.0,11010011100001000000,49.0,11000101110011010110
29,49.0,11000101110011010110,49.0,11000101110011010110
29,49.0,11000101110011010110,49.0,11000101110011010110
29,49.0,11000101110011010110,49.0,11000101110011010110
29,49.0,11000101110011010110,49.0,11000101110011010110
29,49.0,11000101110011010110,49.0,11000101110011010110
29,49.0,11000101110011010110,49.0,11000101110011010110
29,49.0,11000101110011010110,49.0,11000101110011010110
29,49.0,11000101110011010110,49.0,11000101110011010110
29,49.0,11000101110011010110,49.0,11000101110011010110
29,49.0,11000101110011010110,49.0,11000101110011010110
29,49.0,11000101110011010110,49.0,11000101110011010110
29,49.0,11000101110011010110,49.0,11000101110011010110
29,49.0,11000101110011010110,49.0,11000101110011010110
29,49.0,11000101110011010110,49.0,11000101110011010110
29,49.0,11000101110011010110,49.0,11000101110011010110
29,49.0,11000101110011010110,49.0,11000101110011010110
29,49.0,11000101110011010110,49.0,11000101110011010110
29,49.0,11000101110011010110,49.0,11000101110011010110
29,49.0,11000101110011010110,49.0,11000101110011010110
29,49.0,11000101110011010110,49.0,11000101110011010110
29,49.0,11000101110011010110,49.0,11000101110011010110
29,49.0,11000101110011010110,49.0,11000101110011010110
29,49.0,11000101110011010110,49.0,11000101110011010110
29,49.0,11000101110011010110,49.0,11000101110011010110
29,49.0,11000101110011010110,49.0,11000101110011010110
29,49.0,11000101110011010110,49.0,11000101110011010110
29,49.0,11000101110011010110,49.0,11000101110011010110
29,49.0,11000101110011010110,49.0,11000101110011010110
29,49.0,11000101110011010110,7.0,11100000110111010100
29,7.0,11100000110111010100,7.0,11100000110111010100
29,7.0,11100000110111010100,7.0,11100000110111010100
29,7.0,11100000110111010100,7.0,11100000110111010100
29,7.0,11100000110111010100,7.0,11100000110111010100
29,7.0,11100000110111010100,7.0,11100000110111010100
29,7.0,11100000110111010100,7.0,11100000110111010100
29,7.0,11100000110111010100,7.0,11100000110111010100
29,7.0,11100000110111010100,7.0,11100000110111010100
29,7.0,11100000110111010100,7.0,11100000110111010100
29,7.0,11100000110111010100,7.0,11100000110111010100
29,7.0,11100000110111010100,7.0,11100000110111010100
29,7.0,11100000110111010100,7.0,11100000110111010100
29,7.0,11100000110111010100,7.0,11100000110111010100
29,7.0,11100000110111010100,7.0,11100000110111010100
29,7.0,11100000110111010100,7.0,11100000110111010100
29,7.0,11100000110111010100,7.0,11100000110111010100
29,7.0,11100000110111010100,7.0,11100000110111010100
29,7.0,11100000110111010100,7.0,11100000110111010100
29,7.0,11100000110111010100,7.0,11100000110111010100
29,7.0,11100000110111010100,7.0,11100000110111010100
29,7.0,11100000110111010100,7.0,11100000110111010100
29,7.0,11100000110111010100,7.0,11100000110111010100
29,7.0,11100000110111010100,7.0,11100000110111010100
29,7.0,11100000110111010100,7.0,11100000110111010100
29,7.0,11100000110111010100,7.0,11100000110111010100
29,7.0,11100000110111010100,7.0,11100000110111010100
29,7.0,11100000110111010100,7.0,11100000110111010100
29,7.0,11100000110111010100,7.0,11100000110111010100
29,7.0,11100000110111010100,7.0,11100000110111010100
29,7.0,11100000110111010100,7.0,11100000110111010100
29,7.0,11100000110111010100,7.0,11100000110111010100
29,7.0,11100000110111010100,7.0,11100000110111010100
29,7.0,11100000110111010100,7.0,11100000110111010100
29,7.0,11100000110111010100,7.0,11100000110111010100
29,7.0,11100000110111010100,7.0,11100000110111010100
29,7.0,11100000110111010100,7.0,11100000110111010100
30,7307.0,10111000110111010010,4981.0,10111010000110010110
30,4981.0,10111010000110010110,2895.0,11111010000010010100
30,2895.0,11111010000010010100,1963.0,01110110000010110111
30,1963.0,01110110000010110111,899.0,10111110000010110111
30,899.0,10111110000010110111,167.0,11010010000110110111
30,167.0,11010010000110110111,167.0,11010010000110110111
30,167.0,11010010000110110111,167.0,11010010000110110111
30,167.0,11010010000110110111,167.0,11010010000110110111
30,167.0,11010010000110110111,167.0,11010010000110110111
30,167.0,11010010000110110111,167.0,11010010000110110111
30,167.0,11010010000110110111,167.0,11010010000110110111
30,167.0,11010010000110110111,167.0,11010010000110110111
30,167.0,11010010000110110111,167.0,11010010000110110111
30,167.0,11010010000110110111,167.0,11010010000110110111
30,167.0,11010010000110110111,167.0,11010010000110110111
30,167.0,11010010000110110111,167.0,11010010000110110111
30,167.0,11010010000110110111,109.0,11011110000100111011
30,109.0,11011110000100111011,109.0,11011110000100111011
30,109.0,11011110000100111011,109.0,11011110000100111011
30,109.0,11011110000100111011,109.0,11011110000100111011
30,109.0,11011110000100111011,109.0,11011110000100111011
30,109.0,11011110000100111011,109.0,11011110000100111011
30,109.0,11011110000100111011,109.0,11011110000100111011
30,109.0,11011110000100111011,107.0,11010010000100011100
30,107.0,11010010000100011100,107.0,11010010000100011100
30,107.0,11010010000100011100,107.0,11010010000100011100
30,107.0,11010010000100011100,107.0,11010010000100011100
30,107.0,11010010000100011100,107.0,11010010000100011100
30,107.0,11010010000100011100,107.0,11010010000100011100
30,107.0,11010010000100011100,107.0,11010010000100011100
30,107.0,11010010000100011100,107.0,11010010000100011100
30,107.0,11010010000100011100,107.0,11010010000100011100
30,107.0,11010010000100011100,107.0,11010010000100011100
30,107.0,11010010000100011100,107.0,11010010000100011100
30,107.0,11010010000100011100,107.0,11010010000100011100
30,107.0,11010010000100011100,107.0,11010010000100011100
30,107.0,11010010000100011100,107.0,11010010000100011100
30,107.0,11010010000100011100,107.0,11010010000100011100
30,107.0,11010010000100011100,107.0,11010010000100011100
30,107.0,11010010000100011100,107.0,11010010000100011100
30,107.0,11010010000100011100,107.0,11010010000100011100
30,107.0,11010010000100011100,107.0,11010010000100011100
30,107.0,11010010000100011100,107.0,11010010000100011100
30,107.0,11010010000100011100,107.0,11010010000100011100
30,107.0,11010010000100011100,107.0,11010010000100011100
30,107.0,11010010000100011100,107.0,11010010000100011100
30,107.0,11010010000100011100,107.0,11010010000100011100
30,107.0,11010010000100011100,107.0,11010010000100011100
30,107.0,11010010000100011100,107.0,11010010000100011100
30,107.0,11010010000100011100,107.0,11010010000100011100
30,107.0,11010010000100011100,107.0,11010010000100011100
30,107.0,11010010000100011100,107.0,11010010000100011100
30,107.0,11010010000100011100,107.0,11010010000100011100
30,107.0,11010010000100011100,107.0,11010010000100011100
30,107.0,11010010000100011100,107.0,11010010000100011100
30,107.0,11010010000100011100,107.0,11010010000100011100
30,107.0,11010010000100011100,107.0,11010010000100011100
30,107.0,11010010000100011100,107.0,11010010000100011100
30,107.0,11010010000100011100,107.0,11010010000100011100
30,107.0,11010010000100011100,107.0,11010010000100011100
30,107.0,11010010000100011100,107.0,11010010000100011100
30,107.0,11010010000100011100,107.0,11010010000100011100
30,107.0,11010010000100011100,107.0,11010010000100011100
30,107.0,11010010000100011100,107.0,11010010000100011100
30,107.0,11010010000100011100,107.0,11010010000100011100
30,107.0,11010010000100011100,107.0,11010010000100011100
30,107.0,11010010000100011100,107.0,11010010000100011100
30,107.0,11010010000100011100,107.0,11010010000100011100
30,107.0,11010010000100011100,107.0,11010010000100011100
30,107.0,11010010000100011100,107.0,11010010000100011100
30,107.0,11010010000100011100,107.0,11010010000100011100
31,6377.0,11100110010101010011,6377.0,11100110010101010011
31,6377.0,11100110010101010011,5107.0,01101110110111010001
31,5107.0,01101110110111010001,3437.0,01010010110111010000
31,3437.0,01010010110111010000,3437.0,01010010110111010000
31,3437.0,01010010110111010000,3437.0,01010010110111010000
31,3437.0,01010010110111010000,2443.0,01010010010111110000
31,2443.0,01010010010111110000,2443.0,01010010010111110000
31,2443.0,01010010010111110000,1069.0,01010011000111000001
31,1069.0,01010011000111000001,1069.0,01010011000111000001
31,1069.0,01010011000111000001,715.0,01100011000011001000
31,715.0,01100011000011001000,715.0,01100011000011001000
31,715.0,01100011000011001000,715.0,01100011000011001000
31,715.0,01100011000011001000,715.0,01100011000011001000
31,715.0,01100011000011001000,715.0,01100011000011001000
31,715.0,01100011000011001000,715.0,01100011000011001000
31,715.0,01100011000011001000,715.0,01100011000011001000
31,715.0,01100011000011001000,715.0,01100011000011001000
31,715.0,01100011000011001000,715.0,01100011000011001000
31,715.0,01100011000011001000,451.0,01100101000111101000
31,451.0,01100101000111101000,451.0,01100101000111101000
31,451.0,01100101000111101000,451.0,01100101000111101000
31,451.0,01100101000111101000,451.0,01100101000111101000
31,451.0,01100101000111101000,451.0,01100101000111101000
31,451.0,01100101000111101000,451.0,01100101000111101000
31,451.0,01100101000111101000,451.0,01100101000111101000
31,451.0,01100101000111101000,451.0,01100101000111101000
31,451.0,01100101000111101000,169.0,01101101000101011010
31,169.0,01101101000101011010,169.0,01101101000101011010
31,169.0,01101101000101011010,169.0,01101101000101011010
31,169.0,01101101000101011010,169.0,01101101000101011010
31,169.0,01101101000101011010,131.0,01001111110100111001
31,131.0,01001111110100111001,131.0,01001111110100111001
31,131.0,01001111110100111001,131.0,01001111110100111001
31,131.0,01001111110100111001,131.0,01001111110100111001
31,131.0,01001111110100111001,131.0,01001111110100111001
31,131.0,01001111110100111001,131.0,01001111110100111001
31,131.0,01001111110100111001,131.0,01001111110100111001
31,131.0,01001111110100111001,131.0,01001111110100111001
31,131.0,01001111110100111001,131.0,01001111110100111001
31,131.0,01001111110100111001,3.0,01001101110110111101
31,3.0,01001101110110111101,3.0,01001101110110111101
31,3.0,01001101110110111101,3.0,01001101110110111101
31,3.0,01001101110110111101,3.0,01001101110110111101
31,3.0,01001101110110111101,3.0,01001101110110111101
31,3.0,01001101110110111101,3.0,01001101110110111101
31,3.0,01001101110110111101,3.0,01001101110110111101
31,3.0,01001101110110111101,3.0,01001101110110111101
31,3.0,01001101110110111101,3.0,01001101110110111101
31,3.0,01001101110110111101,3.0,01001101110110111101
31,3.0,01001101110110111101,3.0,01001101110110111101
31,3.0,01001101110110111101,3.0,01001101110110111101
31,3.0,01001101110110111101,3.0,01001101110110111101
31,3.0,01001101110110111101,3.0,01001101110110111101
31,3.0,01001101110110111101,3.0,01001101110110111101
31,3.0,01001101110110111101,3.0,01001101110110111101
31,3.0,01001101110110111101,3.0,01001101110110111101
31,3.0,01001101110110111101,3.0,01001101110110111101
31,3.0,01001101110110111101,3.0,01001101110110111101
31,3.0,01001101110110111101,3.0,01001101110110111101
31,3.0,01001101110110111101,3.0,01001101110110111101
31,3.0,01001101110110111101,3.0,01001101110110111101
31,3.0,01001101110110111101,3.0,01001101110110111101
31,3.0,01001101110110111101,3.0,01001101110110111101
31,3.0,01001101110110111101,3.0,01001101110110111101
31,3.0,01001101110110111101,3.0,01001101110110111101
31,3.0,01001101110110111101,3.0,01001101110110111101
31,3.0,01001101110110111101,3.0,01001101110110111101
31,3.0,01001101110110111101,3.0,01001101110110111101
31,3.0,01001101110110111101,3.0,01001101110110111101
31,3.0,01001101110110111101,3.0,01001101110110111101
31,3.0,01001101110110111101,3.0,01001101110110111101
31,3.0,01001101110110111101,3.0,01001101110110111101
31,3.0,01001101110110111101,3.0,01001101110110111101
31,3.0,01001101110110111101,3.0,01001101110110111101
31,3.0,01001101110110111101,3.0,01001101110110111101
31,3.0,01001101110110111101,3.0,01001101110110111101
31,3.0,01001101110110111101,3.0,01001101110110111101
31,3.0,01001101110110111101,3.0,01001101110110111101
31,3.0,01001101110110111101,3.0,01001101110110111101
31,3.0,01001101110110111101,3.0,01001101110110111101
31,3.0,01001101110110111101,3.0,01001101110110111101
31,3.0,01001101110110111101,3.0,01001101110110111101
31,3.0,01001101110110111101,3.0,01001101110110111101
31,3.0,01001101110110111101,3.0,01001101110110111101
31,3.0,01001101110110111101,3.0,01001101110110111101
31,3.0,01001101110110111101,3.0,01001101110110111101
31,3.0,01001101110110111101,3.0,01001101110110111101
31,3.0,01001101110110111101,3.0,01001101110110111101
31,3.0,01001101110110111101,3.0,01001101110110111101
31,3.0,01001101110110111101,3.0,01001101110110111101
31,3.0,01001101110110111101,3.0,01001101110110111101
31,3.0,01001101110110111101,3.0,00000101011111010101
32,5841.0,10000101101110111010,2381.0,11010100101010111000
32,2381.0,11010100101010111000,643.0,11011000101010111011
32,643.0,11011000101010111011,643.0,11011000101010111011
32,643.0,11011000101010111011,145.0,11110100001000011001
32,145.0,11110100001000011001,145.0,11110100001000011001
32,145.0,11110100001000011001,145.0,11110100001000011001
32,145.0,11110100001000011001,145.0,11110100001000011001
32,145.0,11110100001000011001,145.0,11110100001000011001
32,145.0,11110100001000011001,145.0,11110100001000011001
32,145.0,11110100001000011001,145.0,11110100001000011001
32,145.0,11110100001000011001,145.0,11110100001000011001
32,145.0,11110100001000011001,145.0,11110100001000011001
32,145.0,11110100001000011001,145.0,11110100001000011001
32,145.0,11110100001000011001,145.0,11110100001000011001
32,145.0,11110100001000011001,145.0,11110100001000011001
32,145.0,11110100001000011001,145.0,11110100001000011001
32,145.0,11110100001000011001,145.0,11110100001000011001
32,145.0,11110100001000011001,145.0,11110100001000011001
32,145.0,11110100001000011001,145.0,11110100001000011001
32,145.0,11110100001000011001,73.0,10111100001001001010
32,73.0,10111100001001001010,73.0,10111100001001001010
32,73.0,10111100001001001010,73.0,10111100001001001010
32,73.0,10111100001001001010,73.0,10111100001001001010
32,73.0,10111100001001001010,73.0,10111100001001001010
32,73.0,10111100001001001010,73.0,10111100001001001010
32,73.0,10111100001001001010,73.0,10111100001001001010
32,73.0,10111100001001001010,73.0,10111100001001001010
32,73.0,10111100001001001010,73.0,10111100001001001010
32,73.0,10111100001001001010,73.0,10111100001001001010
32,73.0,10111100001001001010,73.0,10111100001001001010
32,73.0,10111100001001001010,73.0,10111100001001001010
32,73.0,10111100001001001010,3.0,10110010001001000010
32,3.0,10110010001001000010,3.0,10110010001001000010
32,3.0,10110010001001000010,3.0,10110010001001000010
32,3.0,10110010001001000010,3.0,10110010001001000010
32,3.0,10110010001001000010,3.0,10110010001001000010
32,3.0,10110010001001000010,3.0,10110010001001000010
32,3.0,10110010001001000010,3.0,10110010001001000010
32,3.0,10110010001001000010,3.0,10110010001001000010
32,3.0,10110010001001000010,3.0,10110010001001000010
32,3.0,10110010001001000010,3.0,10110010001001000010
32,3.0,10110010001001000010,3.0,10110010001001000010
32,3.0,10110010001001000010,3.0,10110010001001000010
32,3.0,10110010001001000010,3.0,10110010001001000010
32,3.0,10110010001001000010,3.0,10110010001001000010
32,3.0,10110010001001000010,3.0,10110010001001000010
32,3.0,10110010001001000010,3.0,10110010001001000010
32,3.0,10110010001001000010,3.0,10110010001001000010
32,3.0,10110010001001000010,3.0,10110010001001000010
32,3.0,10110010001001000010,3.0,10110010001001000010
32,3.0,10110010001001000010,3.0,10110010001001000010
32,3.0,10110010001001000010,3.0,10110010001001000010
32,3.0,10110010001001000010,3.0,10110010001001000010
32,3.0,10110010001001000010,3.0,10110010001001000010
32,3.0,10110010001001000010,3.0,10110010001001000010
32,3.0,10110010001001000010,3.0,10110010001001000010
32,3.0,10110010001001000010,3.0,10110010001001000010
32,3.0,10110010001001000010,3.0,10110010001001000010
32,3.0,10110010001001000010,3.0,10110010001001000010
32,3.0,10110010001001000010,3.0,10110010001001000010
32,3.0,10110010001001000010,3.0,10110010001001000010
32,3.0,10110010001001000010,3.0,10110010001001000010
32,3.0,10110010001001000010,3.0,10110010001001000010
32,3.0,10110010001001000010,3.0,10110010001001000010
32,3.0,10110010001001000010,3.0,10110010001001000010
32,3.0,10110010001001000010,3.0,10110010001001000010
32,3.0,10110010001001000010,3.0,10110010001001000010
32,3.0,10110010001001000010,3.0,10110010001001000010
32,3.0,10110010001001000010,3.0,10110010001001000010
32,3.0,10110010001001000010,3.0,10110010001001000010
32,3.0,10110010001001000010,3.0,10110010001001000010
32,3.0,10110010001001000010,3.0,10110010001001000010
32,3.0,10110010001001000010,3.0,10110010001001000010
32,3.0,10110010001001000010,3.0,10110010001001000010
32,3.0,10110010001001000010,3.0,10110010001001000010
32,3.0,10110010001001000010,3.0,10110010001001000010
32,3.0,10110010001001000010,3.0,10110010001001000010
32,3.0,10110010001001000010,3.0,10110010001001000010
32,3.0,10110010001001000010,3.0,10110010001001000010
32,3.0,10110010001001000010,3.0,10110010001001000010
32,3.0,10110010001001000010,3.0,10110010001001000010
32,3.0,10110010001001000010,3.0,10110010001001000010
32,3.0,10110010001001000010,3.0,10110010001001000010
32,3.0,10110010001001000010,3.0,10110010001001000010
32,3.0,10110010001001000010,3.0,10110010001001000010
32,3.0,10110010001001000010,3.0,10110010001001000010
32,3.0,10110010001001000010,3.0,10110010001001000010
32,3.0,10110010001001000010,3.0,10110010001001000010
32,3.0,10110010001001000010,3.0,10110010001001000010
32,3.0,10110010001001000010,3.0,10110010001001000010
32,3.0,10110010001001000010,3.0,10110010001001000010
32,3.0,10110010001001000010,3.0,10110010001001000010
32,3.0,10110010001001000010,3.0,10110010001001000010
32,3.0,10110010001001000010,3.0,10110010001001000010
33,24325.0,00100011110001101000,9873.0,00011011010001101000
33,9873.0,00011011010001101000,6293.0,00011111010001110010
33,6293.0,00011111010001110010,1839.0,00011111000001011000
33,1839.0,00011111000001011000,1839.0,00011111000001011000
33,1839.0,00011111000001011000,1367.0,01011011100001010001
33,1367.0,01011011100001010001,1367.0,01011011100001010001
33,1367.0,01011011100001010001,1367.0,01011011100001010001
33,1367.0,01011011100001010001,179.0,01110110100001010011
33,179.0,01110110100001010011,179.0,01110110100001010011
33,179.0,01110110100001010011,179.0,01110110100001010011
33,179.0,01110110100001010011,179.0,01110110100001010011
33,179.0,01110110100001010011,153.0,11111010100000010101
33,153.0,11111010100000010101,81.0,11100110101000010100
33,81.0,11100110101000010100,81.0,11100110101000010100
33,81.0,11100110101000010100,81.0,11100110101000010100
33,81.0,11100110101000010100,81.0,11100110101000010100
33,81.0,11100110101000010100,81.0,11100110101000010100
33,81.0,11100110101000010100,81.0,11100110101000010100
33,81.0,11100110101000010100,81.0,11100110101000010100
33,81.0,11100110101000010100,81.0,11100110101000010100
33,81.0,11100110101000010100,81.0,11100110101000010100
33,81.0,11100110101000010100,81.0,11100110101000010100
33,81.0,11100110101000010100,81.0,11100110101000010100
33,81.0,11100110101000010100,81.0,11100110101000010100
33,81.0,11100110101000010100,11.0,11110010010000010100
33,11.0,11110010010000010100,11.0,11110010010000010100
33,11.0,11110010010000010100,11.0,11110010010000010100
33,11.0,11110010010000010100,11.0,11110010010000010100
33,11.0,11110010010000010100,11.0,11110010010000010100
33,11.0,11110010010000010100,11.0,11110010010000010100
33,11.0,11110010010000010100,11.0,11110010010000010100
33,11.0,11110010010000010100,11.0,11110010010000010100
33,11.0,11110010010000010100,11.0,11110010010000010100
33,11.0,11110010010000010100,11.0,11110010010000010100
33,11.0,11110010010000010100,11.0,11110010010000010100
33,11.0,11110010010000010100,11.0,11110010010000010100
33,11.0,11110010010000010100,11.0,11110010010000010100
33,11.0,11110010010000010100,11.0,11110010010000010100
33,11.0,11110010010000010100,11.0,11110010010000010100
33,11.0,11110010010000010100,11.0,11110010010000010100
33,11.0,11110010010000010100,11.0,11110010010000010100
33,11.0,11110010010000010100,11.0,11110010010000010100
33,11.0,11110010010000010100,11.0,11110010010000010100
33,11.0,11110010010000010100,11.0,11110010010000010100
33,11.0,11110010010000010100,11.0,11110010010000010100
33,11.0,11110010010000010100,11.0,11110010010000010100
33,11.0,11110010010000010100,11.0,11110010010000010100
33,11.0,11110010010000010100,11.0,11110010010000010100
33,11.0,11110010010000010100,11.0,11110010010000010100
33,11.0,11110010010000010100,11.0,11110010010000010100
33,11.0,11110010010000010100,11.0,11110010010000010100
33,11.0,11110010010000010100,11.0,11110010010000010100
33,11.0,11110010010000010100,11.0,11110010010000010100
33,11.0,11110010010000010100,11.0,11110010010000010100
33,11.0,11110010010000010100,11.0,11110010010000010100
33,11.0,11110010010000010100,11.0,11110010010000010100
33,11.0,11110010010000010100,11.0,11110010010000010100
33,11.0,11110010010000010100,11.0,11110010010000010100
33,11.0,11110010010000010100,11.0,11110010010000010100
33,11.0,11110010010000010100,11.0,11110010010000010100
34,957.0,10010001010111000101,957.0,10010001010111000101
34,957.0,10010001010111000101,957.0,10010001010111000101
34,957.0,10010001010111000101,957.0,10010001010111000101
34,957.0,10010001010111000101,957.0,10010001010111000101
34,957.0,10010001010111000101,957.0,10010001010111000101
34,957.0,10010001010111000101,133.0,10100001010101010110
34,133.0,10100001010101010110,9.0,10101001100101010111
34,9.0,10101001100101010111,9.0,10101001100101010111
34,9.0,10101001100101010111,9.0,10101001100101010111
34,9.0,10101001100101010111,9.0,10101001100101010111
34,9.0,10101001100101010111,9.0,10101001100101010111
34,9.0,10101001100101010111,9.0,10101001100101010111
34,9.0,10101001100101010111,9.0,10101001100101010111
34,9.0,10101001100101010111,9.0,10101001100101010111
34,9.0,10101001100101010111,9.0,10101001100101010111
34,9.0,10101001100101010111,9.0,10101001100101010111
34,9.0,10101001100101010111,9.0,10101001100101010111
34,9.0,10101001100101010111,9.0,10101001100101010111
34,9.0,10101001100101010111,9.0,10101001100101010111
34,9.0,10101001100101010111,9.0,10101001100101010111
34,9.0,10101001100101010111,9.0,10101001100101010111
34,9.0,10101001100101010111,9.0,10101001100101010111
34,9.0,10101001100101010111,9.0,10101001100101010111
34,9.0,10101001100101010111,9.0,10101001100101010111
34,9.0,10101001100101010111,9.0,10101001100101010111
34,9.0,10101001100101010111,9.0,10101001100101010111
34,9.0,10101001100101010111,9.0,10101001100101010111
34,9.0,10101001100101010111,9.0,10101001100101010111
34,9.0,10101001100101010111,9.0,10101001100101010111
34,9.0,10101001100101010111,9.0,10101001100101010111
34,9.0,10101001100101010111,9.0,10101001100101010111
34,9.0,10101001100101010111,9.0,10101001100101010111
34,9.0,10101001100101010111,9.0,10101001100101010111
34,9.0,10101001100101010111,9.0,10101001100101010111
34,9.0,10101001100101010111,9.0,10101001100101010111
34,9.0,10101001100101010111,9.0,10101001100101010111
34,9.0,10101001100101010111,9.0,10101001100101010111
34,9.0,10101001100101010111,9.0,10101001100101010111
35,84187.0,01000001101011110100,8059.0,01000001001111100111
35,8059.0,01000001001111100111,5981.0,01100101000111100110
35,5981.0,01100101000111100110,1287.0,01000111000111100101
35,1287.0,01000111000111100101,649.0,01001011000101110100
35,649.0,01001011000101110100,73.0,01000011110110110101
35,73.0,01000011110110110101,73.0,01000011110110110101
35,73.0,01000011110110110101,73.0,01000011110110110101
35,73.0,01000011110110110101,3.0,01001101110110111101
35,3.0,01001101110110111101,3.0,01001101110110111101
35,3.0,01001101110110111101,3.0,01001101110110111101
35,3.0,01001101110110111101,3.0,01001101110110111101
35,3.0,01001101110110111101,3.0,01001101110110111101
35,3.0,01001101110110111101,3.0,01001101110110111101
35,3.0,01001101110110111101,3.0,01001101110110111101
35,3.0,01001101110110111101,3.0,01001101110110111101
35,3.0,01001101110110111101,3.0,01001101110110111101
35,3.0,01001101110110111101,3.0,01001101110110111101
35,3.0,01001101110110111101,3.0,01001101110110111101
35,3.0,01001101110110111101,3.0,01001101110110111101
35,3.0,01001101110110111101,3.0,01001101110110111101
35,3.0,01001101110110111101,3.0,01001101110110111101
35,3.0,01001101110110111101,3.0,01001101110110111101
35,3.0,01001101110110111101,3.0,01001101110110111101
35,3.0,01001101110110111101,3.0,01001101110110111101
35,3.0,01001101110110111101,3.0,01001101110110111101
35,3.0,01001101110110111101,3.0,01001101110110111101
35,3.0,01001101110110111101,3.0,01001101110110111101
35,3.0,01001101110110111101,3.0,01001101110110111101
35,3.0,01001101110110111101,3.0,01001101110110111101
35,3.0,01001101110110111101,3.0,01001101110110111101
35,3.0,01001101110110111101,3.0,01001101110110111101
35,3.0,01001101110110111101,3.0,01001101110110111101
35,3.0,01001101110110111101,3.0,01001101110110111101
35,3.0,01001101110110111101,3.0,01001101110110111101
35,3.0,01001101110110111101,3.0,01001101110110111101
35,3.0,01001101110110111101,3.0,01001101110110111101
35,3.0,01001101110110111101,3.0,01001101110110111101
35,3.0,01001101110110111101,3.0,01001101110110111101
35,3.0,01001101110110111101,3.0,01001101110110111101
35,3.0,01001101110110111101,3.0,01001101110110111101
35,3.0,01001101110110111101,3.0,01001101110110111101
35,3.0,01001101110110111101,3.0,01001101110110111101
35,3.0,01001101110110111101,3.0,01001101110110111101
35,3.0,01001101110110111101,3.0,01001101110110111101
35,3.0,01001101110110111101,3.0,01001101110110111101
35,3.0,01001101110110111101,3.0,01001101110110111101
35,3.0,01001101110110111101,3.0,01001101110110111101
35,3.0,01001101110110111101,3.0,01001101110110111101
35,3.0,01001101110110111101,3.0,01001101110110111101
35,3.0,01001101110110111101,3.0,01001101110110111101
35,3.0,01001101110110111101,3.0,01001101110110111101
35,3.0,01001101110110111101,3.0,01001101110110111101
35,3.0,01001101110110111101,3.0,01001101110110111101
35,3.0,01001101110110111101,3.0,01001101110110111101
36,19785.0,10000101111001101010,2283.0,00001101111001111010
36,2283.0,00001101111001111010,2283.0,00001101111001111010
36,2283.0,00001101111001111010,909.0,00011100111001111010
36,909.0,00011100111001111010,909.0,00011100111001111010
36,909.0,00011100111001111010,909.0,00011100111001111010
36,909.0,00011100111001111010,477.0,00010000101001111101
36,477.0,00010000101001111101,59.0,00011010001001001110
36,59.0,00011010001001001110,59.0,00011010001001001110
36,59.0,00011010001001001110,59.0,00011010001001001110
36,59.0,00011010001001001110,59.0,00011010001001001110
36,59.0,00011010001001001110,59.0,00011010001001001110
36,59.0,00011010001001001110,59.0,00011010001001001110
36,59.0,00011010001001001110,59.0,00011010001001001110
36,59.0,00011010001001001110,59.0,00011010001001001110
36,59.0,00011010001001001110,59.0,00011010001001001110
36,59.0,00011010001001001110,59.0,00011010001001001110
36,59.0,00011010001001001110,59.0,00011010001001001110
36,59.0,00011010001001001110,59.0,00011010001001001110
36,59.0,00011010001001001110,59.0,00011010001001001110
36,59.0,00011010001001001110,59.0,00011010001001001110
36,59.0,00011010001001001110,59.0,00011010001001001110
36,59.0,00011010001001001110,59.0,00011010001001001110
36,59.0,00011010001001001110,59.0,00011010001001001110
36,59.0,00011010001001001110,59.0,00011010001001001110
36,59.0,00011010001001001110,59.0,00011010001001001110
36,59.0,00011010001001001110,59.0,00011010001001001110
36,59.0,00011010001001001110,59.0,00011010001001001110
36,59.0,00011010001001001110,59.0,00011010001001001110
36,59.0,00011010001001001110,49.0,00111010001100101001
36,49.0,00111010001100101001,49.0,00111010001100101001
36,49.0,00111010001100101001,49.0,00111010001100101001
36,49.0,00111010001100101001,49.0,00111010001100101001
36,49.0,00111010001100101001,49.0,00111010001100101001
36,49.0,00111010001100101001,49.0,00111010001100101001
36,49.0,00111010001100101001,49.0,00111010001100101001
36,49.0,00111010001100101001,49.0,00111010001100101001
36,49.0,00111010001100101001,49.0,00111010001100101001
36,49.0,00111010001100101001,49.0,00111010001100101001
36,49.0,00111010001100101001,49.0,00111010001100101001
36,49.0,00111010001100101001,49.0,00111010001100101001
36,49.0,00111010001100101001,49.0,00111010001100101001
36,49.0,00111010001100101001,49.0,00111010001100101001
36,49.0,00111010001100101001,49.0,00111010001100101001
36,49.0,00111010001100101001,49.0,00111010001100101001
36,49.0,00111010001100101001,49.0,00111010001100101001
36,49.0,00111010001100101001,49.0,00111010001100101001
36,49.0,00111010001100101001,49.0,00111010001100101001
36,49.0,00111010001100101001,49.0,00111010001100101001
36,49.0,00111010001100101001,49.0,00111010001100101001
36,49.0,00111010001100101001,49.0,00111010001100101001
36,49.0,00111010001100101001,49.0,00111010001100101001
36,49.0,00111010001100101001,49.0,00111010001100101001
36,49.0,00111010001100101001,49.0,00111010001100101001
36,49.0,00111010001100101001,49.0,00111010001100101001
36,49.0,00111010001100101001,49.0,00111010001100101001
36,49.0,00111010001100101001,49.0,00111010001100101001
36,49.0,00111010001100101001,49.0,00111010001100101001
36,49.0,00111010001100101001,49.0,00111010001100101001
36,49.0,00111010001100101001,49.0,00111010001100101001
36,49.0,00111010001100101001,49.0,00111010001100101001
36,49.0,00111010001100101001,49.0,00111010001100101001
37,6493.0,10000110111101001001,3751.0,10000110011111001000
37,3751.0,10000110011111001000,233.0,10100010011111000001
37,233.0,10100010011111000001,233.0,10100010011111000001
37,233.0,10100010011111000001,233.0,10100010011111000001
37,233.0,10100010011111000001,191.0,10000111011011000011
37,191.0,10000111011011000011,191.0,10000111011011000011
37,191.0,10000111011011000011,191.0,10000111011011000011
37,191.0,10000111011011000011,191.0,10000111011011000011
37,191.0,10000111011011000011,191.0,10000111011011000011
37,191.0,10000111011011000011,191.0,10000111011011000011
37,191.0,10000111011011000011,191.0,10000111011011000011
37,191.0,10000111011011000011,173.0,11010011100001000000
37,173.0,11010011100001000000,173.0,11010011100001000000
37,173.0,11010011100001000000,173.0,11010011100001000000
37,173.0,11010011100001000000,173.0,11010011100001000000
37,173.0,11010011100001000000,173.0,11010011100001000000
37,173.0,11010011100001000000,173.0,11010011100001000000
37,173.0,11010011100001000000,173.0,11010011100001000000
37,173.0,11010011100001000000,173.0,11010011100001000000
37,173.0,11010011100001000000,173.0,11010011100001000000
37,173.0,11010011100001000000,173.0,11010011100001000000
37,173.0,11010011100001000000,173.0,11010011100001000000
37,173.0,11010011100001000000,173.0,11010011100001000000
37,173.0,11010011100001000000,173.0,11010011100001000000
37,173.0,11010011100001000000,173.0,11010011100001000000
37,173.0,11010011100001000000,173.0,11010011100001000000
37,173.0,11010011100001000000,173.0,11010011100001000000
37,173.0,11010011100001000000,45.0,11000111100001100100
37,45.0,11000111100001100100,45.0,11000111100001100100
37,45.0,11000111100001100100,45.0,11000111100001100100
37,45.0,11000111100001100100,45.0,11000111100001100100
37,45.0,11000111100001100100,45.0,11000111100001100100
37,45.0,11000111100001100100,45.0,11000111100001100100
37,45.0,11000111100001100100,45.0,11000111100001100100
37,45.0,11000111100001100100,45.0,11000111100001100100
37,45.0,11000111100001100100,45.0,11000111100001100100
37,45.0,11000111100001100100,45.0,11000111100001100100
37,45.0,11000111100001100100,45.0,11000111100001100100
37,45.0,11000111100001100100,45.0,11000111100001100100
37,45.0,11000111100001100100,45.0,11000111100001100100
37,45.0,11000111100001100100,45.0,11000111100001100100
37,45.0,11000111100001100100,45.0,11000111100001100100
37,45.0,11000111100001100100,45.0,11000111100001100100
37,45.0,11000111100001100100,45.0,11000111100001100100
37,45.0,11000111100001100100,45.0,11000111100001100100
37,45.0,11000111100001100100,45.0,11000111100001100100
37,45.0,11000111100001100100,45.0,11000111100001100100
37,45.0,11000111100001100100,45.0,11000111100001100100
37,45.0,11000111100001100100,45.0,11000111100001100100
37,45.0,11000111100001100100,45.0,11000111100001100100
37,45.0,11000111100001100100,45.0,11000111100001100100
37,45.0,11000111100001100100,45.0,11000111100001100100
37,45.0,11000111100001100100,45.0,11000111100001100100
37,45.0,11000111100001100100,45.0,11000111100001100100
37,45.0,11000111100001100100,45.0,11000111100001100100
37,45.0,11000111100001100100,45.0,11000111100001100100
37,45.0,11000111100001100100,45.0,11000111100001100100
37,45.0,11000111100001100100,45.0,11000111100001100100
37,45.0,11000111100001100100,45.0,11000111100001100100
37,45.0,11000111100001100100,45.0,11000111100001100100
38,22075.0,00101101001110001111,18249.0,00011011000110001111
38,18249.0,00011011000110001111,5939.0,10011111100100001010
38,5939.0,10011111100100001010,1559.0,11001111100110101000
38,1559.0,11001111100110101000,1559.0,11001111100110101000
38,1559.0,11001111100110101000,1113.0,11001111001110100001
38,1113.0,11001111001110100001,1113.0,11001111001110100001
38,1113.0,11001111001110100001,1113.0,11001111001110100001
38,1113.0,11001111001110100001,1113.0,11001111001110100001
38,1113.0,11001111001110100001,237.0,11000111001000101011
38,237.0,11000111001000101011,237.0,11000111001000101011
38,237.0,11000111001000101011,237.0,11000111001000101011
38,237.0,11000111001000101011,237.0,11000111001000101011
38,237.0,11000111001000101011,237.0,11000111001000101011
38,237.0,11000111001000101011,237.0,11000111001000101011
38,237.0,11000111001000101011,237.0,11000111001000101011
38,237.0,11000111001000101011,237.0,11000111001000101011
38,237.0,11000111001000101011,237.0,11000111001000101011
38,237.0,11000111001000101011,237.0,11000111001000101011
38,237.0,11000111001000101011,237.0,11000111001000101011
38,237.0,11000111001000101011,237.0,11000111001000101011
38,237.0,11000111001000101011,9.0,01010110011010101000
38,9.0,01010110011010101000,9.0,01010110011010101000
38,9.0,01010110011010101000,9.0,01010110011010101000
38,9.0,01010110011010101000,9.0,01010110011010101000
38,9.0,01010110011010101000,9.0,01010110011010101000
38,9.0,01010110011010101000,9.0,01010110011010101000
38,9.0,01010110011010101000,9.0,01010110011010101000
38,9.0,01010110011010101000,9.0,01010110011010101000
38,9.0,01010110011010101000,9.0,01010110011010101000
38,9.0,01010110011010101000,9.0,01010110011010101000
38,9.0,01010110011010101000,9.0,01010110011010101000
38,9.0,01010110011010101000,9.0,01010110011010101000
38,9.0,01010110011010101000,9.0,01010110011010101000
38,9.0,01010110011010101000,9.0,01010110011010101000
38,9.0,01010110011010101000,9.0,01010110011010101000
38,9.0,01010110011010101000,9.0,01010110011010101000
38,9.0,01010110011010101000,9.0,01010110011010101000
38,9.0,01010110011010101000,9.0,01010110011010101000
38,9.0,01010110011010101000,9.0,01010110011010101000
38,9.0,01010110011010101000,9.0,01010110011010101000
38,9.0,01010110011010101000,9.0,01010110011010101000
38,9.0,01010110011010101000,9.0,01010110011010101000
38,9.0,01010110011010101000,9.0,01010110011010101000
38,9.0,01010110011010101000,9.0,01010110011010101000
38,9.0,01010110011010101000,9.0,01010110011010101000
38,9.0,01010110011010101000,9.0,01010110011010101000
38,9.0,01010110011010101000,9.0,01010110011010101000
39,6563.0,00100101101010101110,5807.0,00101111100010101111
39,5807.0,00101111100010101111,1307.0,10101011000010101101
39,1307.0,10101011000010101101,1307.0,10101011000010101101
39,1307.0,10101011000010101101,191.0,11001111110010101011
39,191.0,11001111110010101011,25.0,11000011110010001100
39,25.0,11000011110010001100,25.0,11000011110010001100
39,25.0,11000011110010001100,25.0,11000011110010001100
39,25.0,11000011110010001100,25.0,11000011110010001100
39,25.0,11000011110010001100,25.0,11000011110010001100
39,25.0,11000011110010001100,25.0,11000011110010001100
39,25.0,11000011110010001100,25.0,11000011110010001100
39,25.0,11000011110010001100,25.0,11000011110010001100
39,25.0,11000011110010001100,25.0,11000011110010001100
39,25.0,11000011110010001100,25.0,11000011110010001100
39,25.0,11000011110010001100,25.0,11000011110010001100
39,25.0,11000011110010001100,25.0,11000011110010001100
39,25.0,11000011110010001100,25.0,11000011110010001100
39,25.0,11000011110010001100,25.0,11000011110010001100
39,25.0,11000011110010001100,25.0,11000011110010001100
39,25.0,11000011110010001100,25.0,11000011110010001100
39,25.0,11000011110010001100,25.0,11000011110010001100
39,25.0,11000011110010001100,25.0,11000011110010001100
39,25.0,11000011110010001100,25.0,11000011110010001100
39,25.0,11000011110010001100,25.0,11000011110010001100
39,25.0,11000011110010001100,25.0,11000011110010001100
39,25.0,11000011110010001100,25.0,11000011110010001100
39,25.0,11000011110010001100,25.0,11000011110010001100
39,25.0,11000011110010001100,25.0,11000011110010001100
39,25.0,11000011110010001100,25.0,11000011110010001100
39,25.0,11000011110010001100,25.0,11000011110010001100
39,25.0,11000011110010001100,25.0,11000011110010001100
39,25.0,11000011110010001100,25.0,11000011110010001100
39,25.0,11000011110010001100,25.0,11000011110010001100
39,25.0,11000011110010001100,25.0,11000011110010001100
39,25.0,11000011110010001100,25.0,11000011110010001100
39,25.0,11000011110010001100,25.0,11000011110010001100
39,25.0,11000011110010001100,25.0,11000011110010001100
39,25.0,11000011110010001100,25.0,11000011110010001100
39,25.0,11000011110010001100,25.0,11000011110010001100
39,25.0,11000011110010001100,25.0,11000011110010001100
39,25.0,11000011110010001100,25.0,11000011110010001100
39,25.0,11000011110010001100,25.0,11000011110010001100
39,25.0,11000011110010001100,25.0,11000011110010001100
40,3525.0,11100010111010010011,843.0,00000111111010011011
40,843.0,00000111111010011011,525.0,00000111101110011000
40,525.0,00000111101110011000,525.0,00000111101110011000
40,525.0,00000111101110011000,525.0,00000111101110011000
40,525.0,00000111101110011000,525.0,00000111101110011000
40,525.0,00000111101110011000,525.0,00000111101110011000
40,525.0,00000111101110011000,525.0,00000111101110011000
40,525.0,00000111101110011000,525.0,00000111101110011000
40,525.0,00000111101110011000,525.0,00000111101110011000
40,525.0,00000111101110011000,525.0,00000111101110011000
40,525.0,00000111101110011000,525.0,00000111101110011000
40,525.0,00000111101110011000,371.0,10001111100100011110
40,371.0,10001111100100011110,371.0,10001111100100011110
40,371.0,10001111100100011110,371.0,10001111100100011110
40,371.0,10001111100100011110,371.0,10001111100100011110
40,371.0,10001111100100011110,371.0,10001111100100011110
40,371.0,10001111100100011110,371.0,10001111100100011110
40,371.0,10001111100100011110,371.0,10001111100100011110
40,371.0,10001111100100011110,371.0,10001111100100011110
40,371.0,10001111100100011110,371.0,10001111100100011110
40,371.0,10001111100100011110,371.0,10001111100100011110
40,371.0,10001111100100011110,371.0,10001111100100011110
40,371.0,10001111100100011110,371.0,10001111100100011110
40,371.0,10001111100100011110,371.0,10001111100100011110
40,371.0,10001111100100011110,371.0,10001111100100011110
40,371.0,10001111100100011110,371.0,10001111100100011110
40,371.0,10001111100100011110,101.0,11000011010000011111
40,101.0,11000011010000011111,101.0,11000011010000011111
40,101.0,11000011010000011111,101.0,11000011010000011111
40,101.0,11000011010000011111,67.0,10001111010001001101
40,67.0,10001111010001001101,67.0,10001111010001001101
40,67.0,10001111010001001101,67.0,10001111010001001101
40,67.0,10001111010001001101,67.0,10001111010001001101
40,67.0,10001111010001001101,67.0,10001111010001001101
40,67.0,10001111010001001101,67.0,10001111010001001101
40,67.0,10001111010001001101,67.0,10001111010001001101
40,67.0,10001111010001001101,67.0,10001111010001001101
40,67.0,10001111010001001101,67.0,10001111010001001101
40,67.0,10001111010001001101,67.0,10001111010001001101
40,67.0,10001111010001001101,67.0,10001111010001001101
40,67.0,10001111010001001101,67.0,10001111010001001101
40,67.0,10001111010001001101,45.0,01001111000011001101
40,45.0,01001111000011001101,45.0,01001111000011001101
40,45.0,01001111000011001101,45.0,01001111000011001101
40,45.0,01001111000011001101,45.0,01001111000011001101
40,45.0,01001111000011001101,45.0,01001111000011001101
40,45.0,01001111000011001101,45.0,01001111000011001101
40,45.0,01001111000011001101,45.0,01001111000011001101
40,45.0,01001111000011001101,45.0,01001111000011001101
40,45.0,01001111000011001101,45.0,01001111000011001101
40,45.0,01001111000011001101,25.0,11000011110010001100
40,25.0,11000011110010001100,25.0,11000011110010001100
40,25.0,11000011110010001100,25.0,11000011110010001100
40,25.0,11000011110010001100,25.0,11000011110010001100
40,25.0,11000011110010001100,25.0,11000011110010001100
40,25.0,11000011110010001100,25.0,11000011110010001100
40,25.0,11000011110010001100,25.0,11000011110010001100
40,25.0,11000011110010001100,25.0,11000011110010001100
40,25.0,11000011110010001100,25.0,11000011110010001100
40,25.0,11000011110010001100,25.0,11000011110010001100
40,25.0,11000011110010001100,25.0,11000011110010001100
40,25.0,11000011110010001100,25.0,11000011110010001100
40,25.0,11000011110010001100,25.0,11000011110010001100
40,25.0,11000011110010001100,25.0,11000011110010001100
40,25.0,11000011110010001100,25.0,11000011110010001100
40,25.0,11000011110010001100,25.0,11000011110010001100
40,25.0,11000011110010001100,25.0,11000011110010001100
40,25.0,11000011110010001100,25.0,11000011110010001100
40,25.0,11000011110010001100,25.0,11000011110010001100
40,25.0,11000011110010001100,25.0,11000011110010001100
40,25.0,11000011110010001100,25.0,11000011110010001100
40,25.0,11000011110010001100,25.0,11000011110010001100
40,25.0,11000011110010001100,25.0,11000011110010001100
40,25.0,11000011110010001100,25.0,11000011110010001100
40,25.0,11000011110010001100,25.0,11000011110010001100
40,25.0,11000011110010001100,25.0,11000011110010001100
40,25.0,11000011110010001100,25.0,11000011110010001100
40,25.0,11000011110010001100,25.0,11000011110010001100
40,25.0,11000011110010001100,25.0,11000011110010001100
40,25.0,11000011110010001100,25.0,11000011110010001100
40,25.0,11000011110010001100,25.0,11000011110010001100
40,25.0,11000011110010001100,25.0,11000011110010001100
40,25.0,11000011110010001100,25.0,11000011110010001100
40,25.0,11000011110010001100,25.0,11000011110010001100
40,25.0,11000011110010001100,25.0,11000011110010001100
40,25.0,11000011110010001100,25.0,11000011110010001100
41,9923.0,01010100001011001101,3219.0,01010110100111000101
41,3219.0,01010110100111000101,3219.0,01010110100111000101
41,3219.0,01010110100111000101,2301.0,01011010100111110001
41,2301.0,01011010100111110001,1327.0,11011110100011010010
41,1327.0,11011110100011010010,1327.0,11011110100011010010
41,1327.0,11011110100011010010,523.0,01011010001011010010
41,523.0,01011010001011010010,523.0,01011010001011010010
41,523.0,01011010001011010010,523.0,01011010001011010010
41,523.0,01011010001011010010,523.0,01011010001011010010
41,523.0,01011010001011010010,523.0,01011010001011010010
41,523.0,01011010001011010010,331.0,01010010011010010110
41,331.0,01010010011010010110,331.0,01000011101100010100
41,331.0,01000011101100010100,331.0,01000011101100010100
41,331.0,01000011101100010100,331.0,01000011101100010100
41,331.0,01000011101100010100,331.0,01000011101100010100
41,331.0,01000011101100010100,331.0,01000011101100010100
41,331.0,01000011101100010100,331.0,01000011101100010100
41,331.0,01000011101100010100,331.0,01000011101100010100
41,331.0,01000011101100010100,331.0,01000011101100010100
41,331.0,01000011101100010100,317.0,01000010101111100100
41,317.0,01000010101111100100,39.0,01000110101111000111
41,39.0,01000110101111000111,39.0,01000110101111000111
41,39.0,01000110101111000111,39.0,01000110101111000111
41,39.0,01000110101111000111,39.0,01000110101111000111
41,39.0,01000110101111000111,39.0,01000110101111000111
41,39.0,01000110101111000111,39.0,01000110101111000111
41,39.0,01000110101111000111,39.0,01000110101111000111
41,39.0,01000110101111000111,39.0,01000110101111000111
41,39.0,01000110101111000111,39.0,01000110101111000111
41,39.0,01000110101111000111,39.0,01000110101111000111
41,39.0,01000110101111000111,39.0,01000110101111000111
41,39.0,01000110101111000111,39.0,01000110101111000111
41,39.0,01000110101111000111,39.0,01000110101111000111
41,39.0,01000110101111000111,9.0,11001110011110100111
41,9.0,11001110011110100111,9.0,11001110011110100111
41,9.0,11001110011110100111,9.0,11001110011110100111
41,9.0,11001110011110100111,9.0,11001110011110100111
41,9.0,11001110011110100111,9.0,11001110011110100111
41,9.0,11001110011110100111,9.0,11001110011110100111
41,9.0,11001110011110100111,9.0,11001110011110100111
41,9.0,11001110011110100111,9.0,11001110011110100111
41,9.0,11001110011110100111,9.0,11001110011110100111
41,9.0,11001110011110100111,9.0,11001110011110100111
41,9.0,11001110011110100111,9.0,11001110011110100111
41,9.0,11001110011110100111,9.0,11001110011110100111
41,9.0,11001110011110100111,9.0,11001110011110100111
41,9.0,11001110011110100111,9.0,11001110011110100111
41,9.0,11001110011110100111,9.0,11001110011110100111
41,9.0,11001110011110100111,9.0,11001110011110100111
41,9.0,11001110011110100111,9.0,11001110011110100111
41,9.0,11001110011110100111,9.0,11001110011110100111
41,9.0,11001110011110100111,9.0,11001110011110100111
41,9.0,11001110011110100111,9.0,11001110011110100111
41,9.0,11001110011110100111,9.0,11001110011110100111
41,9.0,11001110011110100111,9.0,11001110011110100111
41,9.0,11001110011110100111,9.0,11001110011110100111
41,9.0,11001110011110100111,9.0,11001110011110100111
41,9.0,11001110011110100111,9.0,11001110011110100111
41,9.0,11001110011110100111,9.0,11001110011110100111
41,9.0,11001110011110100111,9.0,11001110011110100111
41,9.0,11001110011110100111,9.0,11001110011110100111
41,9.0,11001110011110100111,9.0,11001110011110100111
41,9.0,11001110011110100111,9.0,11001110011110100111
41,9.0,11001110011110100111,9.0,11001110011110100111
41,9.0,11001110011110100111,9.0,11001110011110100111
41,9.0,11001110011110100111,9.0,11001110011110100111
41,9.0,11001110011110100111,9.0,11001110011110100111
41,9.0,11001110011110100111,9.0,11001110011110100111
41,9.0,11001110011110100111,9.0,11001110011110100111
41,9.0,11001110011110100111,9.0,11001110011110100111
41,9.0,11001110011110100111,9.0,11001110011110100111
41,9.0,11001110011110100111,9.0,11001110011110100111
41,9.0,11001110011110100111,9.0,11001110011110100111
41,9.0,11001110011110100111,9.0,11001110011110100111
41,9.0,11001110011110100111,9.0,11001110011110100111
41,9.0,11001110011110100111,9.0,11001110011110100111
41,9.0,11001110011110100111,9.0,11001110011110100111
41,9.0,11001110011110100111,9.0,11001110011110100111
41,9.0,11001110011110100111,9.0,11001110011110100111
42,7793.0,00101011111110000010,7161.0,00100011011100001000
42,7161.0,00100011011100001000,5569.0,00100110011100101100
42,5569.0,00100110011100101100,5569.0,00100110011100101100
42,5569.0,00100110011100101100,5569.0,00100110011100101100
42,5569.0,00100110011100101100,5569.0,00100110011100101100
42,5569.0,00100110011100101100,523.0,00100010011100011100
42,523.0,00100010011100011100,523.0,00100010011100011100
42,523.0,00100010011100011100,523.0,00100010011100011100
42,523.0,00100010011100011100,151.0,00110110000100011110
42,151.0,00110110000100011110,151.0,00110110000100011110
42,151.0,00110110000100011110,151.0,00110110000100011110
42,151.0,00110110000100011110,151.0,00110110000100011110
42,151.0,00110110000100011110,151.0,00110110000100011110
42,151.0,00110110000100011110,151.0,00110110000100011110
42,151.0,00110110000100011110,107.0,11010010000100011100
42,107.0,11010010000100011100,107.0,11010010000100011100
42,107.0,11010010000100011100,107.0,11010010000100011100
42,107.0,11010010000100011100,107.0,11010010000100011100
42,107.0,11010010000100011100,107.0,11010010000100011100
42,107.0,11010010000100011100,107.0,11010010000100011100
42,107.0,11010010000100011100,107.0,11010010000100011100
42,107.0,11010010000100011100,107.0,11010010000100011100
42,107.0,11010010000100011100,107.0,11010010000100011100
42,107.0,11010010000100011100,107.0,11010010000100011100
42,107.0,11010010000100011100,107.0,11010010000100011100
42,107.0,11010010000100011100,107.0,11010010000100011100
42,107.0,11010010000100011100,11.0,11110010010000010100
42,11.0,11110010010000010100,11.0,11110010010000010100
42,11.0,11110010010000010100,11.0,11110010010000010100
42,11.0,11110010010000010100,11.0,11110010010000010100
42,11.0,11110010010000010100,11.0,11110010010000010100
42,11.0,11110010010000010100,11.0,11110010010000010100
42,11.0,11110010010000010100,11.0,11110010010000010100
42,11.0,11110010010000010100,11.0,11110010010000010100
42,11.0,11110010010000010100,11.0,11110010010000010100
42,11.0,11110010010000010100,11.0,11110010010000010100
42,11.0,11110010010000010100,11.0,11110010010000010100
42,11.0,11110010010000010100,11.0,11110010010000010100
42,11.0,11110010010000010100,11.0,11110010010000010100
42,11.0,11110010010000010100,11.0,11110010010000010100
42,11.0,11110010010000010100,11.0,11110010010000010100
42,11.0,11110010010000010100,11.0,11110010010000010100
42,11.0,11110010010000010100,11.0,11110010010000010100
42,11.0,11110010010000010100,11.0,11110010010000010100
42,11.0,11110010010000010100,11.0,11110010010000010100
42,11.0,11110010010000010100,11.0,11110010010000010100
42,11.0,11110010010000010100,11.0,11110010010000010100
42,11.0,11110010010000010100,11.0,11110010010000010100
42,11.0,11110010010000010100,11.0,11110010010000010100
42,11.0,11110010010000010100,11.0,11110010010000010100
42,11.0,11110010010000010100,11.0,11110010010000010100
42,11.0,11110010010000010100,11.0,11110010010000010100
42,11.0,11110010010000010100,11.0,11110010010000010100
42,11.0,11110010010000010100,11.0,11110010010000010100
42,11.0,11110010010000010100,11.0,11110010010000010100
42,11.0,11110010010000010100,11.0,11110010010000010100
42,11.0,11110010010000010100,11.0,11110010010000010100
42,11.0,11110010010000010100,11.0,11110010010000010100
42,11.0,11110010010000010100,11.0,11110010010000010100
42,11.0,11110010010000010100,11.0,11110010010000010100
42,11.0,11110010010000010100,11.0,11110010010000010100
42,11.0,11110010010000010100,11.0,11110010010000010100
42,11.0,11110010010000010100,11.0,11110010010000010100
42,11.0,11110010010000010100,11.0,11110010010000010100
42,11.0,11110010010000010100,11.0,11110010010000010100
42,11.0,11110010010000010100,11.0,11110010010000010100
42,11.0,11110010010000010100,11.0,11110010010000010100
42,11.0,11110010010000010100,11.0,11110010010000010100
42,11.0,11110010010000010100,11.0,11110010010000010100
42,11.0,11110010010000010100,11.0,11110010010000010100
42,11.0,11110010010000010100,11.0,11110010010000010100
43,66581.0,00100011001100011000,1423.0,00101011001100101001
43,1423.0,00101011001100101001,1323.0,10100011001010001000
43,1323.0,10100011001010001000,1323.0,10100011001010001000
43,1323.0,10100011001010001000,1323.0,10100011001010001000
43,1323.0,10100011001010001000,1323.0,10100011001010001000
43,1323.0,10100011001010001000,1323.0,10100011001010001000
43,1323.0,10100011001010001000,1323.0,10100011001010001000
43,1323.0,10100011001010001000,1323.0,10100011001010001000
43,1323.0,10100011001010001000,1323.0,10100011001010001000
43,1323.0,10100011001010001000,1323.0,10100011001010001000
43,1323.0,10100011001010001000,1323.0,10100011001010001000
43,1323.0,10100011001010001000,1323.0,10100011001010001000
43,1323.0,10100011001010001000,1323.0,10100011001010001000
43,1323.0,10100011001010001000,129.0,00101011001010011001
43,129.0,00101011001010011001,129.0,00101011001010011001
43,129.0,00101011001010011001,129.0,00101011001010011001
43,129.0,00101011001010011001,129.0,00101011001010011001
43,129.0,00101011001010011001,129.0,00101011001010011001
43,129.0,00101011001010011001,129.0,00101011001010011001
43,129.0,00101011001010011001,129.0,00101011001010011001
43,129.0,00101011001010011001,129.0,00101011001010011001
43,129.0,00101011001010011001,129.0,00101011001010011001
43,129.0,00101011001010011001,129.0,00101011001010011001
43,129.0,00101011001010011001,129.0,00101011001010011001
43,129.0,00101011001010011001,129.0,00101011001010011001
43,129.0,00101011001010011001,129.0,00101011001010011001
43,129.0,00101011001010011001,129.0,00101011001010011001
43,129.0,00101011001010011001,129.0,00101011001010011001
43,129.0,00101011001010011001,129.0,00101011001010011001
43,129.0,00101011001010011001,129.0,00101011001010011001
43,129.0,00101011001010011001,129.0,00101011001010011001
43,129.0,00101011001010011001,129.0,00101011001010011001
43,129.0,00101011001010011001,129.0,00101011001010011001
43,129.0,00101011001010011001,129.0,00101011001010011001
43,129.0,00101011001010011001,129.0,00101011001010011001
43,129.0,00101011001010011001,129.0,00101011001010011001
43,129.0,00101011001010011001,129.0,00101011001010011001
43,129.0,00101011001010011001,129.0,00101011001010011001
43,129.0,00101011001010011001,129.0,00101011001010011001
43,129.0,00101011001010011001,129.0,00101011001010011001
43,129.0,00101011001010011001,129.0,00101011001010011001
43,129.0,00101011001010011001,129.0,00101011001010011001
43,129.0,00101011001010011001,129.0,00101011001010011001
43,129.0,00101011001010011001,129.0,00101011001010011001
43,129.0,00101011001010011001,129.0,00101011001010011001
43,129.0,00101011001010011001,129.0,00101011001010011001
43,129.0,00101011001010011001,129.0,00101011001010011001
43,129.0,00101011001010011001,129.0,00101011001010011001
43,129.0,00101011001010011001,129.0,00101011001010011001
43,129.0,00101011001010011001,129.0,00101011001010011001
44,63937.0,00110011101010000000,6831.0,10011111101010000001
44,6831.0,10011111101010000001,6831.0,10011111101010000001
44,6831.0,10011111101010000001,5555.0,10011101101010100101
44,5555.0,10011101101010100101,537.0,10011001101010010101
44,537.0,10011001101010010101,537.0,10011001101010010101
44,537.0,10011001101010010101,537.0,10011001101010010101
44,537.0,10011001101010010101,537.0,10011001101010010101
44,537.0,10011001101010010101,537.0,10011001101010010101
44,537.0,10011001101010010101,537.0,10011001101010010101
44,537.0,10011001101010010101,537.0,10011001101010010101
44,537.0,10011001101010010101,537.0,10011001101010010101
44,537.0,10011001101010010101,537.0,10011001101010010101
44,537.0,10011001101010010101,423.0,00011011101010000110
44,423.0,00011011101010000110,209.0,00010011001000001100
44,209.0,00010011001000001100,209.0,00010011001000001100
44,209.0,00010011001000001100,209.0,00010011001000001100
44,209.0,00010011001000001100,209.0,00010011001000001100
44,209.0,00010011001000001100,209.0,00010011001000001100
44,209.0,00010011001000001100,209.0,00010011001000001100
44,209.0,00010011001000001100,59.0,00011010001001001110
44,59.0,00011010001001001110,59.0,00011010001001001110
44,59.0,00011010001001001110,59.0,00011010001001001110
44,59.0,00011010001001001110,59.0,00011010001001001110
44,59.0,00011010001001001110,59.0,00011010001001001110
44,59.0,00011010001001001110,59.0,00011010001001001110
44,59.0,00011010001001001110,59.0,00011010001001001110
44,59.0,00011010001001001110,59.0,00011010001001001110
44,59.0,00011010001001001110,59.0,00011010001001001110
44,59.0,00011010001001001110,59.0,00011010001001001110
44,59.0,00011010001001001110,59.0,00011010001001001110
44,59.0,00011010001001001110,59.0,00011010001001001110
44,59.0,00011010001001001110,59.0,00011010001001001110
44,59.0,00011010001001001110,59.0,00011010001001001110
44,59.0,00011010001001001110,59.0,00011010001001001110
44,59.0,00011010001001001110,59.0,00011010001001001110
44,59.0,00011010001001001110,59.0,00011010001001001110
44,59.0,00011010001001001110,59.0,00011010001001001110
44,59.0,00011010001001001110,59.0,00011010001001001110
44,59.0,00011010001001001110,59.0,00011010001001001110
44,59.0,00011010001001001110,59.0,00011010001001001110
44,59.0,00011010001001001110,59.0,00011010001001001110
44,59.0,00011010001001001110,59.0,00011010001001001110
44,59.0,00011010001001001110,59.0,00011010001001001110
44,59.0,00011010001001001110,59.0,00011010001001001110
44,59.0,00011010001001001110,59.0,00011010001001001110
44,59.0,00011010001001001110,59.0,00011010001001001110
44,59.0,00011010001001001110,59.0,00011010001001001110
44,59.0,00011010001001001110,59.0,00011010001001001110
44,59.0,00011010001001001110,59.0,00011010001001001110
44,59.0,00011010001001001110,59.0,00011010001001001110
44,59.0,00011010001001001110,59.0,00011010001001001110
44,59.0,00011010001001001110,59.0,00011010001001001110
44,59.0,00011010001001001110,59.0,00011010001001001110
44,59.0,00011010001001001110,59.0,00011010001001001110
44,59.0,00011010001001001110,59.0,00011010001001001110
44,59.0,00011010001001001110,59.0,00011010001001001110
44,59.0,00011010001001001110,59.0,00011010001001001110
44,59.0,00011010001001001110,59.0,00011010001001001110
44,59.0,00011010001001001110,59.0,00011010001001001110
44,59.0,00011010001001001110,59.0,00011010001001001110
44,59.0,00011010001001001110,59.0,00011010001001001110
45,7793.0,01011010001001001011,7793.0,01011010001001001011
45,7793.0,01011010001001001011,2329.0,11011010000001011011
45,2329.0,11011010000001011011,2329.0,11011010000001011011
45,2329.0,11011010000001011011,2329.0,11011010000001011011
45,2329.0,11011010000001011011,2329.0,11011010000001011011
45,2329.0,11011010000001011011,2329.0,11011010000001011011
45,2329.0,11011010000001011011,695.0,11010110000001011000
45,695.0,11010110000001011000,695.0,11010110000001011000
45,695.0,11010110000001011000,695.0,11010110000001011000
45,695.0,11010110000001011000,695.0,11010110000001011000
45,695.0,11010110000001011000,695.0,11010110000001011000
45,695.0,11010110000001011000,273.0,01011110011000011010
45,273.0,01011110011000011010,273.0,01011110011000011010
45,273.0,01011110011000011010,159.0,01010010001000011101
45,159.0,01010010001000011101,159.0,01010010001000011101
45,159.0,01010010001000011101,159.0,01010010001000011101
45,159.0,01010010001000011101,159.0,01010010001000011101
45,159.0,01010010001000011101,159.0,01010010001000011101
45,159.0,01010010001000011101,159.0,01010010001000011101
45,159.0,01010010001000011101,159.0,01010010001000011101
45,159.0,01010010001000011101,59.0,00011010001001001110
45,59.0,00011010001001001110,59.0,00011010001001001110
45,59.0,00011010001001001110,59.0,00011010001001001110
45,59.0,00011010001001001110,59.0,00011010001001001110
45,59.0,00011010001001001110,59.0,00011010001001001110
45,59.0,00011010001001001110,59.0,00011010001001001110
45,59.0,00011010001001001110,59.0,00011010001001001110
45,59.0,00011010001001001110,59.0,00011010001001001110
45,59.0,00011010001001001110,59.0,00011010001001001110
45,59.0,00011010001001001110,59.0,00011010001001001110
45,59.0,00011010001001001110,59.0,00011010001001001110
45,59.0,00011010001001001110,59.0,00011010001001001110
45,59.0,00011010001001001110,59.0,00011010001001001110
45,59.0,00011010001001001110,59.0,00011010001001001110
45,59.0,00011010001001001110,59.0,00011010001001001110
45,59.0,00011010001001001110,59.0,00011010001001001110
45,59.0,00011010001001001110,59.0,00011010001001001110
45,59.0,00011010001001001110,59.0,00011010001001001110
45,59.0,00011010001001001110,59.0,00011010001001001110
45,59.0,00011010001001001110,59.0,00011010001001001110
45,59.0,00011010001001001110,59.0,00011010001001001110
45,59.0,00011010001001001110,59.0,00011010001001001110
45,59.0,00011010001001001110,59.0,00011010001001001110
45,59.0,00011010001001001110,59.0,00011010001001001110
45,59.0,00011010001001001110,59.0,00011010001001001110
45,59.0,00011010001001001110,59.0,00011010001001001110
45,59.0,00011010001001001110,59.0,00011010001001001110
45,59.0,00011010001001001110,59.0,00011010001001001110
45,59.0,00011010001001001110,59.0,00011010001001001110
45,59.0,00011010001001001110,59.0,00011010001001001110
45,59.0,00011010001001001110,59.0,00011010001001001110
45,59.0,00011010001001001110,59.0,00011010001001001110
45,59.0,00011010001001001110,59.0,00011010001001001110
45,59.0,00011010001001001110,59.0,00011010001001001110
45,59.0,00011010001001001110,59.0,00011010001001001110
45,59.0,00011010001001001110,59.0,00011010001001001110
45,59.0,00011010001001001110,59.0,00011010001001001110
45,59.0,00011010001001001110,59.0,00011010001001001110
45,59.0,00011010001001001110,59.0,00011010001001001110
46,1579.0,01011000101101100111,615.0,00010110101001100111
46,615.0,00010110101001100111,169.0,10010010111010100101
46,169.0,10010010111010100101,169.0,10010010111010100101
46,169.0,10010010111010100101,169.0,10010010111010100101
46,169.0,10010010111010100101,169.0,10010010111010100101
46,169.0,10010010111010100101,169.0,10010010111010100101
46,169.0,10010010111010100101,169.0,10010010111010100101
46,169.0,10010010111010100101,169.0,10010010111010100101
46,169.0,10010010111010100101,169.0,10010010111010100101
46,169.0,10010010111010100101,169.0,10010010111010100101
46,169.0,10010010111010100101,169.0,10010010111010100101
46,169.0,10010010111010100101,169.0,10010010111010100101
46,169.0,10010010111010100101,169.0,10010010111010100101
46,169.0,10010010111010100101,169.0,10010010111010100101
46,169.0,10010010111010100101,169.0,10010010111010100101
46,169.0,10010010111010100101,169.0,10010010111010100101
46,169.0,10010010111010100101,169.0,10010010111010100101
46,169.0,10010010111010100101,65.0,00010011001010100111
46,65.0,00010011001010100111,65.0,00010011001010100111
46,65.0,00010011001010100111,65.0,00010011001010100111
46,65.0,00010011001010100111,65.0,00010011001010100111
46,65.0,00010011001010100111,65.0,00010011001010100111
46,65.0,00010011001010100111,65.0,00010011001010100111
46,65.0,00010011001010100111,65.0,00010011001010100111
46,65.0,00010011001010100111,7.0,00011111001000101011
46,7.0,00011111001000101011,7.0,00011111001000101011
46,7.0,00011111001000101011,7.0,00011111001000101011
46,7.0,00011111001000101011,7.0,00011111001000101011
46,7.0,00011111001000101011,7.0,00011111001000101011
46,7.0,00011111001000101011,7.0,00011111001000101011
46,7.0,00011111001000101011,7.0,00011111001000101011
46,7.0,00011111001000101011,7.0,00011111001000101011
46,7.0,00011111001000101011,7.0,00011111001000101011
46,7.0,00011111001000101011,7.0,00011111001000101011
46,7.0,00011111001000101011,7.0,00011111001000101011
46,7.0,00011111001000101011,7.0,00011111001000101011
46,7.0,00011111001000101011,7.0,00011111001000101011
46,7.0,00011111001000101011,7.0,00011111001000101011
46,7.0,00011111001000101011,7.0,00011111001000101011
46,7.0,00011111001000101011,7.0,00011111001000101011
46,7.0,00011111001000101011,7.0,00011111001000101011
46,7.0,00011111001000101011,7.0,00011111001000101011
46,7.0,00011111001000101011,7.0,00011111001000101011
46,7.0,00011111001000101011,7.0,00011111001000101011
46,7.0,00011111001000101011,7.0,00011111001000101011
46,7.0,00011111001000101011,7.0,00011111001000101011
46,7.0,00011111001000101011,7.0,00011111001000101011
46,7.0,00011111001000101011,7.0,00011111001000101011
46,7.0,00011111001000101011,7.0,00011111001000101011
46,7.0,00011111001000101011,7.0,00011111001000101011
46,7.0,00011111001000101011,7.0,00011111001000101011
46,7.0,00011111001000101011,7.0,00011111001000101011
46,7.0,00011111001000101011,7.0,00011111001000101011
46,7.0,00011111001000101011,7.0,00011111001000101011
46,7.0,00011111001000101011,7.0,00011111001000101011
46,7.0,00011111001000101011,7.0,00011111001000101011
46,7.0,00011111001000101011,7.0,00011111001000101011
46,7.0,00011111001000101011,7.0,00011111001000101011
46,7.0,00011111001000101011,7.0,00011111001000101011
46,7.0,00011111001000101011,7.0,00011111001000101011
46,7.0,00011111001000101011,7.0,00011111001000101011
46,7.0,00011111001000101011,7.0,00011111001000101011
46,7.0,00011111001000101011,7.0,00011111001000101011
46,7.0,00011111001000101011,7.0,00011111001000101011
46,7.0,00011111001000101011,7.0,00011111001000101011
46,7.0,00011111001000101011,7.0,00011111001000101011
46,7.0,00011111001000101011,7.0,00011111001000101011
46,7.0,00011111001000101011,7.0,00011111001000101011
47,8205.0,10011110010101100100,4585.0,10110100010101100110
47,4585.0,10110100010101100110,4443.0,11111000010110010110
47,4443.0,11111000010110010110,1423.0,11010100110011010110
47,1423.0,11010100110011010110,291.0,10110100110001010111
47,291.0,10110100110001010111,265.0,00110001100011110011
47,265.0,00110001100011110011,265.0,00110001100011110011
47,265.0,00110001100011110011,155.0,00010001101011110000
47,155.0,00010001101011110000,155.0,00010001101011110000
47,155.0,00010001101011110000,155.0,00010001101011110000
47,155.0,00010001101011110000,155.0,00010001101011110000
47,155.0,00010001101011110000,87.0,00000011101111100011
47,87.0,00000011101111100011,87.0,00000011101111100011
47,87.0,00000011101111100011,11.0,00001101101111101011
47,11.0,00001101101111101011,11.0,00001101101111101011
47,11.0,00001101101111101011,11.0,00001101101111101011
47,11.0,00001101101111101011,11.0,00001101101111101011
47,11.0,00001101101111101011,11.0,00001101101111101011
47,11.0,00001101101111101011,11.0,00001101101111101011
47,11.0,00001101101111101011,11.0,00001101101111101011
47,11.0,00001101101111101011,11.0,00001101101111101011
47,11.0,00001101101111101011,11.0,00001101101111101011
47,11.0,00001101101111101011,11.0,00001101101111101011
47,11.0,00001101101111101011,11.0,00001101101111101011
47,11.0,00001101101111101011,11.0,00001101101111101011
47,11.0,00001101101111101011,11.0,00001101101111101011
47,11.0,00001101101111101011,11.0,00001101101111101011
47,11.0,00001101101111101011,11.0,00001101101111101011
47,11.0,00001101101111101011,11.0,00001101101111101011
47,11.0,00001101101111101011,11.0,00001101101111101011
47,11.0,00001101101111101011,11.0,00001101101111101011
47,11.0,00001101101111101011,11.0,00001101101111101011
47,11.0,00001101101111101011,11.0,00001101101111101011
47,11.0,00001101101111101011,11.0,00001101101111101011
47,11.0,00001101101111101011,11.0,00001101101111101011
47,11.0,00001101101111101011,11.0,00001101101111101011
47,11.0,00001101101111101011,11.0,00001101101111101011
47,11.0,00001101101111101011,11.0,00001101101111101011
47,11.0,00001101101111101011,11.0,00001101101111101011
47,11.0,00001101101111101011,11.0,00001101101111101011
47,11.0,00001101101111101011,11.0,00001101101111101011
47,11.0,00001101101111101011,11.0,00001101101111101011
47,11.0,00001101101111101011,11.0,00001101101111101011
47,11.0,00001101101111101011,11.0,00001101101111101011
47,11.0,00001101101111101011,11.0,00001101101111101011
47,11.0,00001101101111101011,11.0,00001101101111101011
47,11.0,00001101101111101011,11.0,00001101101111101011
47,11.0,00001101101111101011,11.0,00001101101111101011
47,11.0,00001101101111101011,11.0,00001101101111101011
47,11.0,00001101101111101011,11.0,00001101101111101011
47,11.0,00001101101111101011,11.0,00001101101111101011
47,11.0,00001101101111101011,11.0,00001101101111101011
47,11.0,00001101101111101011,11.0,00001101101111101011
47,11.0,00001101101111101011,11.0,00001101101111101011
48,5939.0,10101010001010101111,2915.0,10100110001010101100
48,2915.0,10100110001010101100,1307.0,10101011000010101101
48,1307.0,10101011000010101101,1307.0,10101011000010101101
48,1307.0,10101011000010101101,1307.0,10101011000010101101
48,1307.0,10101011000010101101,1307.0,10101011000010101101
48,1307.0,10101011000010101101,1307.0,10101011000010101101
48,1307.0,10101011000010101101,107.0,11100111000011000001
48,107.0,11100111000011000001,107.0,11100111000011000001
48,107.0,11100111000011000001,107.0,11100111000011000001
48,107.0,11100111000011000001,107.0,11100111000011000001
48,107.0,11100111000011000001,107.0,11100111000011000001
48,107.0,11100111000011000001,107.0,11100111000011000001
48,107.0,11100111000011000001,107.0,11100111000011000001
48,107.0,11100111000011000001,107.0,11100111000011000001
48,107.0,11100111000011000001,107.0,11100111000011000001
48,107.0,11100111000011000001,107.0,11100111000011000001
48,107.0,11100111000011000001,107.0,11100111000011000001
48,107.0,11100111000011000001,107.0,11100111000011000001
48,107.0,11100111000011000001,107.0,11100111000011000001
48,107.0,11100111000011000001,107.0,11100111000011000001
48,107.0,11100111000011000001,107.0,11100111000011000001
49,29551.0,00000011101111010000,3079.0,00000101101111011000
49,3079.0,00000101101111011000,525.0,00000111101110011000
49,525.0,00000111101110011000,525.0,00000111101110011000
49,525.0,00000111101110011000,525.0,00000111101110011000
49,525.0,00000111101110011000,525.0,00000111101110011000
49,525.0,00000111101110011000,525.0,00000111101110011000
49,525.0,00000111101110011000,525.0,00000111101110011000
49,525.0,00000111101110011000,361.0,00000011101101001000
49,361.0,00000011101101001000,361.0,00000011101101001000
49,361.0,00000011101101001000,361.0,00000011101101001000
49,361.0,00000011101101001000,59.0,00100011100101001011
49,59.0,00100011100101001011,59.0,00100011100101001011
49,59.0,00100011100101001011,59.0,00100011100101001011
49,59.0,00100011100101001011,59.0,00100011100101001011
49,59.0,00100011100101001011,59.0,00100011100101001011
49,59.0,00100011100101001011,59.0,00100011100101001011
49,59.0,00100011100101001011,59.0,00100011100101001011
49,59.0,00100011100101001011,59.0,00100011100101001011
49,59.0,00100011100101001011,59.0,00100011100101001011
49,59.0,00100011100101001011,59.0,00100011100101001011
49,59.0,00100011100101001011,59.0,00100011100101001011
49,59.0,00100011100101001011,59.0,00100011100101001011
49,59.0,00100011100101001011,59.0,00100011100101001011
49,59.0,00100011100101001011,59.0,00100011100101001011
49,59.0,00100011100101001011,59.0,00100011100101001011
49,59.0,00100011100101001011,59.0,00100011100101001011
49,59.0,00100011100101001011,59.0,00100011100101001011
49,59.0,00100011100101001011,59.0,00100011100101001011
49,59.0,00100011100101001011,59.0,00100011100101001011
49,59.0,00100011100101001011,59.0,00100011100101001011
49,59.0,00100011100101001011,59.0,00100011100101001011
49,59.0,00100011100101001011,59.0,00100011100101001011
49,59.0,00100011100101001011,59.0,00100011100101001011
49,59.0,00100011100101001011,59.0,00100011100101001011
49,59.0,00100011100101001011,59.0,00100011100101001011
50,11819.0,01010000111011100100,8957.0,10011000111011100100
50,8957.0,10011000111011100100,827.0,10010010011011100000
50,827.0,10010010011011100000,367.0,00011010011011110001
50,367.0,00011010011011110001,367.0,00011010011011110001
50,367.0,00011010011011110001,367.0,00011010011011110001
50,367.0,00011010011011110001,219.0,00001010111011111010
50,219.0,00001010111011111010,219.0,00001010111011111010
50,219.0,00001010111011111010,219.0,00001010111011111010
50,219.0,00001010111011111010,219.0,00001010111011111010
50,219.0,00001010111011111010,219.0,00001010111011111010
50,219.0,00001010111011111010,219.0,00001010111011111010
50,219.0,00001010111011111010,219.0,00001010111011111010
50,219.0,00001010111011111010,219.0,00001010111011111010
50,219.0,00001010111011111010,219.0,00011010101011001011
50,219.0,00011010101011001011,219.0,00011010101011001011
50,219.0,00011010101011001011,219.0,00011010101011001011
50,219.0,00011010101011001011,219.0,00011010101011001011
50,219.0,00011010101011001011,219.0,00011010101011001011
50,219.0,00011010101011001011,219.0,00011010101011001011
50,219.0,00011010101011001011,59.0,00011010001001001110
50,59.0,00011010001001001110,59.0,00011010001001001110
50,59.0,00011010001001001110,59.0,00011010001001001110
50,59.0,00011010001001001110,59.0,00011010001001001110
50,59.0,00011010001001001110,59.0,00011010001001001110
50,59.0,00011010001001001110,59.0,00011010001001001110
50,59.0,00011010001001001110,59.0,00011010001001001110
50,59.0,00011010001001001110,59.0,00011010001001001110
50,59.0,00011010001001001110,59.0,00011010001001001110
50,59.0,00011010001001001110,59.0,00011010001001001110
50,59.0,00011010001001001110,59.0,00011010001001001110
50,59.0,00011010001001001110,59.0,00011010001001001110
50,59.0,00011010001001001110,59.0,00011010001001001110
50,59.0,00011010001001001110,59.0,00011010001001001110
50,59.0,00011010001001001110,59.0,00011010001001001110
50,59.0,00011010001001001110,59.0,00011010001001001110
50,59.0,00011010001001001110,59.0,00011010001001001110
50,59.0,00011010001001001110,59.0,00011010001001001110
50,59.0,00011010001001001110,59.0,00011010001001001110
50,59.0,00011010001001001110,59.0,00011010001001001110
50,59.0,00011010001001001110,59.0,00011010001001001110
50,59.0,00011010001001001110,59.0,00011010001001001110
50,59.0,00011010001001001110,59.0,00011010001001001110
50,59.0,00011010001001001110,59.0,00011010001001001110
50,59.0,00011010001001001110,59.0,00011010001001001110
50,59.0,00011010001001001110,59.0,00011010001001001110
50,59.0,00011010001001001110,59.0,00011010001001001110
50,59.0,00011010001001001110,59.0,00011010001001001110
50,59.0,00011010001001001110,59.0,00011010001001001110
50,59.0,00011010001001001110,59.0,00011010001001001110
50,59.0,00011010001001001110,59.0,00011010001001001110
50,59.0,00011010001001001110,59.0,00011010001001001110
50,59.0,00011010001001001110,59.0,00011010001001001110
50,59.0,00011010001001001110,59.0,00011010001001001110
50,59.0,00011010001001001110,59.0,00011010001001001110
50,59.0,00011010001001001110,59.0,00011010001001001110
50,59.0,00011010001001001110,59.0,00011010001001001110
50,59.0,00011010001001001110,59.0,00011010001001001110
50,59.0,00011010001001001110,59.0,00011010001001001110
50,59.0,00011010001001001110,59.0,00011010001001001110
50,59.0,00011010001001001110,59.0,00011010001001001110
50,59.0,00011010001001001110,59.0,00011010001001001110
50,59.0,00011010001001001110,59.0,00011010001001001110
50,59.0,00011010001001001110,59.0,00011010001001001110
50,59.0,00011010001001001110,59.0,00011010001001001110
50,59.0,00011010001001001110,59.0,00011010001001001110
50,59.0,00011010001001001110,59.0,00011010001001001110
50,59.0,00011010001001001110,59.0,00011010001001001110
51,5963.0,11010000110101010110,1701.0,11111000110100010111
51,1701.0,11111000110100010111,1701.0,11111000110100010111
51,1701.0,11111000110100010111,1701.0,11111000110100010111
51,1701.0,11111000110100010111,451.0,10011010111000010111
51,451.0,10011010111000010111,451.0,10011010111000010111
51,451.0,10011010111000010111,451.0,10011010111000010111
51,451.0,10011010111000010111,169.0,10010010111010100101
51,169.0,10010010111010100101,169.0,10010010111010100101
51,169.0,10010010111010100101,169.0,10010010111010100101
51,169.0,10010010111010100101,65.0,00010011001010100111
51,65.0,00010011001010100111,65.0,00010011001010100111
51,65.0,00010011001010100111,65.0,00010011001010100111
51,65.0,00010011001010100111,65.0,00010011001010100111
51,65.0,00010011001010100111,65.0,00010011001010100111
51,65.0,00010011001010100111,65.0,00010011001010100111
51,65.0,00010011001010100111,65.0,00010011001010100111
51,65.0,00010011001010100111,65.0,00010011001010100111
51,65.0,00010011001010100111,65.0,00010011001010100111
51,65.0,00010011001010100111,65.0,00010011001010100111
51,65.0,00010011001010100111,65.0,00010011001010100111
51,65.0,00010011001010100111,65.0,00010011001010100111
51,65.0,00010011001010100111,65.0,00010011001010100111
51,65.0,00010011001010100111,65.0,00010011001010100111
51,65.0,00010011001010100111,65.0,00010011001010100111
51,65.0,00010011001010100111,65.0,00010011001010100111
51,65.0,00010011001010100111,65.0,00010011001010100111
51,65.0,00010011001010100111,65.0,00010011001010100111
51,65.0,00010011001010100111,65.0,00010011001010100111
51,65.0,00010011001010100111,65.0,00010011001010100111
51,65.0,00010011001010100111,65.0,00010011001010100111
52,641.0,00010101111000111000,641.0,00010101111000111000
52,641.0,00010101111000111000,359.0,00011001011010111010
52,359.0,00011001011010111010,359.0,00011001011010111010
52,359.0,00011001011010111010,359.0,00011001011010111010
52,359.0,00011001011010111010,359.0,00011001011010111010
52,359.0,00011001011010111010,359.0,00011001011010111010
52,359.0,00011001011010111010,359.0,00011001011010111010
52,359.0,00011001011010111010,141.0,00011101001010101111
52,141.0,00011101001010101111,141.0,00011101001010101111
52,141.0,00011101001010101111,141.0,00011101001010101111
52,141.0,00011101001010101111,141.0,00011101001010101111
52,141.0,00011101001010101111,141.0,00011101001010101111
52,141.0,00011101001010101111,141.0,00011101001010101111
52,141.0,00011101001010101111,141.0,00011101001010101111
52,141.0,00011101001010101111,141.0,00011101001010101111
52,141.0,00011101001010101111,141.0,00011101001010101111
52,141.0,00011101001010101111,141.0,00011101001010101111
52,141.0,00011101001010101111,141.0,00011101001010101111
52,141.0,00011101001010101111,141.0,00011101001010101111
52,141.0,00011101001010101111,141.0,00011101001010101111
52,141.0,00011101001010101111,141.0,00011101001010101111
52,141.0,00011101001010101111,141.0,00011101001010101111
52,141.0,00011101001010101111,141.0,00011101001010101111
52,141.0,00011101001010101111,141.0,00011101001010101111
52,141.0,00011101001010101111,141.0,00011101001010101111
52,141.0,00011101001010101111,141.0,00011101001010101111
52,141.0,00011101001010101111,141.0,00011101001010101111
52,141.0,00011101001010101111,141.0,00011101001010101111
52,141.0,00011101001010101111,141.0,00011101001010101111
52,141.0,00011101001010101111,141.0,00011101001010101111
52,141.0,00011101001010101111,141.0,00011101001010101111
52,141.0,00011101001010101111,141.0,00011101001010101111
52,141.0,00011101001010101111,141.0,00011101001010101111
52,141.0,00011101001010101111,141.0,00011101001010101111
52,141.0,00011101001010101111,141.0,00011101001010101111
52,141.0,00011101001010101111,7.0,00011111001000101011
52,7.0,00011111001000101011,7.0,00011111001000101011
52,7.0,00011111001000101011,7.0,00011111001000101011
52,7.0,00011111001000101011,7.0,00011111001000101011
52,7.0,00011111001000101011,7.0,00011111001000101011
52,7.0,00011111001000101011,7.0,00011111001000101011
52,7.0,00011111001000101011,7.0,00011111001000101011
52,7.0,00011111001000101011,7.0,00011111001000101011
52,7.0,00011111001000101011,7.0,00011111001000101011
52,7.0,00011111001000101011,7.0,00011111001000101011
52,7.0,00011111001000101011,7.0,00011111001000101011
52,7.0,00011111001000101011,7.0,00011111001000101011
52,7.0,00011111001000101011,7.0,00011111001000101011
52,7.0,00011111001000101011,7.0,00011111001000101011
52,7.0,00011111001000101011,7.0,00011111001000101011
52,7.0,00011111001000101011,7.0,00011111001000101011
52,7.0,00011111001000101011,7.0,00011111001000101011
52,7.0,00011111001000101011,7.0,00011111001000101011
52,7.0,00011111001000101011,7.0,00011111001000101011
52,7.0,00011111001000101011,7.0,00011111001000101011
52,7.0,00011111001000101011,7.0,00011111001000101011
52,7.0,00011111001000101011,7.0,00011111001000101011
52,7.0,00011111001000101011,7.0,00011111001000101011
52,7.0,00011111001000101011,7.0,00011111001000101011
52,7.0,00011111001000101011,7.0,00011111001000101011
52,7.0,00011111001000101011,7.0,00011111001000101011
52,7.0,00011111001000101011,7.0,00011111001000101011
52,7.0,00011111001000101011,7.0,00011111001000101011
52,7.0,00011111001000101011,7.0,00011111001000101011
52,7.0,00011111001000101011,7.0,00011111001000101011
52,7.0,00011111001000101011,7.0,00011111001000101011
52,7.0,00011111001000101011,7.0,00011111001000101011
52,7.0,00011111001000101011,7.0,00011111001000101011
52,7.0,00011111001000101011,7.0,00011111001000101011
52,7.0,00011111001000101011,7.0,00011111001000101011
52,7.0,00011111001000101011,7.0,00011111001000101011
52,7.0,00011111001000101011,7.0,00011111001000101011
52,7.0,00011111001000101011,7.0,00011111001000101011
52,7.0,00011111001000101011,7.0,00011111001000101011
52,7.0,00011111001000101011,7.0,00011111001000101011
52,7.0,00011111001000101011,7.0,00011111001000101011
52,7.0,00011111001000101011,7.0,00011111001000101011
52,7.0,00011111001000101011,7.0,00011111001000101011
52,7.0,00011111001000101011,7.0,00011111001000101011
52,7.0,00011111001000101011,7.0,00011111001000101011
52,7.0,00011111001000101011,7.0,00011111001000101011
52,7.0,00011111001000101011,7.0,00011111001000101011
52,7.0,00011111001000101011,7.0,00011111001000101011
52,7.0,00011111001000101011,7.0,00011111001000101011
52,7.0,00011111001000101011,7.0,00011111001000101011
52,7.0,00011111001000101011,7.0,00011111001000101011
52,7.0,00011111001000101011,7.0,00011111001000101011
53,44831.0,11011100111100001011,7839.0,01011100111100001110
53,7839.0,01011100111100001110,2565.0,11010100110110101100
53,2565.0,11010100110110101100,205.0,01011010110010011101
53,205.0,01011010110010011101,205.0,01011010110010011101
53,205.0,01011010110010011101,159.0,01010010001000011101
53,159.0,01010010001000011101,159.0,01010010001000011101
53,159.0,01010010001000011101,159.0,01010010001000011101
53,159.0,01010010001000011101,107.0,11010010000100011100
53,107.0,11010010000100011100,107.0,11010010000100011100
53,107.0,11010010000100011100,107.0,11010010000100011100
53,107.0,11010010000100011100,107.0,11010010000100011100
53,107.0,11010010000100011100,107.0,11010010000100011100
53,107.0,11010010000100011100,107.0,11010010000100011100
53,107.0,11010010000100011100,107.0,11010010000100011100
53,107.0,11010010000100011100,107.0,11010010000100011100
53,107.0,11010010000100011100,107.0,11010010000100011100
53,107.0,11010010000100011100,107.0,11010010000100011100
53,107.0,11010010000100011100,107.0,11010010000100011100
53,107.0,11010010000100011100,107.0,11010010000100011100
53,107.0,11010010000100011100,107.0,11010010000100011100
53,107.0,11010010000100011100,107.0,11010010000100011100
53,107.0,11010010000100011100,107.0,11010010000100011100
53,107.0,11010010000100011100,107.0,11010010000100011100
53,107.0,11010010000100011100,107.0,11010010000100011100
53,107.0,11010010000100011100,107.0,11010010000100011100
53,107.0,11010010000100011100,107.0,11010010000100011100
53,107.0,11010010000100011100,107.0,11010010000100011100
53,107.0,11010010000100011100,107.0,11010010000100011100
53,107.0,11010010000100011100,107.0,11010010000100011100
53,107.0,11010010000100011100,107.0,11010010000100011100
53,107.0,11010010000100011100,107.0,11010010000100011100
53,107.0,11010010000100011100,107.0,11010010000100011100
53,107.0,11010010000100011100,107.0,11010010000100011100
53,107.0,11010010000100011100,107.0,11010010000100011100
53,107.0,11010010000100011100,107.0,11010010000100011100
53,107.0,11010010000100011100,107.0,11010010000100011100
53,107.0,11010010000100011100,107.0,11010010000100011100
53,107.0,11010010000100011100,107.0,11010010000100011100
53,107.0,11010010000100011100,107.0,11010010000100011100
53,107.0,11010010000100011100,107.0,11010010000100011100
53,107.0,11010010000100011100,107.0,11010010000100011100
53,107.0,11010010000100011100,107.0,11010010000100011100
53,107.0,11010010000100011100,107.0,11010010000100011100
53,107.0,11010010000100011100,107.0,11010010000100011100
53,107.0,11010010000100011100,107.0,11010010000100011100
53,107.0,11010010000100011100,107.0,11010010000100011100
53,107.0,11010010000100011100,107.0,11010010000100011100
53,107.0,11010010000100011100,107.0,11010010000100011100
53,107.0,11010010000100011100,107.0,11010010000100011100
53,107.0,11010010000100011100,107.0,11010010000100011100
53,107.0,11010010000100011100,107.0,11010010000100011100
53,107.0,11010010000100011100,107.0,11010010000100011100
53,107.0,11010010000100011100,107.0,11010010000100011100
53,107.0,11010010000100011100,11.0,11110010010000010100
53,11.0,11110010010000010100,11.0,11110010010000010100
53,11.0,11110010010000010100,11.0,11110010010000010100
53,11.0,11110010010000010100,11.0,11110010010000010100
53,11.0,11110010010000010100,11.0,11110010010000010100
53,11.0,11110010010000010100,11.0,11110010010000010100
53,11.0,11110010010000010100,11.0,11110010010000010100
53,11.0,11110010010000010100,11.0,11110010010000010100
53,11.0,11110010010000010100,11.0,11110010010000010100
53,11.0,11110010010000010100,11.0,11110010010000010100
53,11.0,11110010010000010100,11.0,11110010010000010100
53,11.0,11110010010000010100,11.0,11110010010000010100
53,11.0,11110010010000010100,11.0,11110010010000010100
53,11.0,11110010010000010100,11.0,11110010010000010100
53,11.0,11110010010000010100,11.0,11110010010000010100
53,11.0,11110010010000010100,11.0,11110010010000010100
53,11.0,11110010010000010100,11.0,11110010010000010100
53,11.0,11110010010000010100,11.0,11110010010000010100
53,11.0,11110010010000010100,11.0,11110010010000010100
53,11.0,11110010010000010100,11.0,11110010010000010100
53,11.0,11110010010000010100,11.0,11110010010000010100
53,11.0,11110010010000010100,11.0,11110010010000010100
53,11.0,11110010010000010100,11.0,11110010010000010100
53,11.0,11110010010000010100,11.0,11110010010000010100
53,11.0,11110010010000010100,11.0,11110010010000010100
53,11.0,11110010010000010100,11.0,11110010010000010100
53,11.0,11110010010000010100,11.0,11110010010000010100
53,11.0,11110010010000010100,11.0,11110010010000010100
53,11.0,11110010010000010100,11.0,11110010010000010100
53,11.0,11110010010000010100,11.0,11110010010000010100
53,11.0,11110010010000010100,11.0,11110010010000010100
53,11.0,11110010010000010100,11.0,11110010010000010100
53,11.0,11110010010000010100,11.0,11110010010000010100
53,11.0,11110010010000010100,11.0,11110010010000010100
53,11.0,11110010010000010100,11.0,11110010010000010100
53,11.0,11110010010000010100,11.0,11110010010000010100
53,11.0,11110010010000010100,11.0,11110010010000010100
53,11.0,11110010010000010100,11.0,11110010010000010100
53,11.0,11110010010000010100,11.0,11110010010000010100
53,11.0,11110010010000010100,11.0,11110010010000010100
53,11.0,11110010010000010100,11.0,11110010010000010100
53,11.0,11110010010000010100,11.0,11110010010000010100
53,11.0,11110010010000010100,11.0,11110010010000010100
53,11.0,11110010010000010100,11.0,11110010010000010100
53,11.0,11110010010000010100,11.0,11110010010000010100
53,11.0,11110010010000010100,11.0,11110010010000010100
53,11.0,11110010010000010100,11.0,11110010010000010100
53,11.0,11110010010000010100,11.0,11110010010000010100
53,11.0,11110010010000010100,11.0,11110010010000010100
53,11.0,11110010010000010100,11.0,11110010010000010100
53,11.0,11110010010000010100,11.0,11110010010000010100
53,11.0,11110010010000010100,11.0,11110010010000010100
53,11.0,11110010010000010100,11.0,11110010010000010100
54,10343.0,01100011100011010000,6373.0,01000011001011010011
54,6373.0,01000011001011010011,5827.0,01000011101110110001
54,5827.0,01000011101110110001,5549.0,01000011001100110100
54,5549.0,01000011001100110100,331.0,01000011101100010100
54,331.0,01000011101100010100,331.0,01000011101100010100
54,331.0,01000011101100010100,331.0,01000011101100010100
54,331.0,01000011101100010100,331.0,01000011101100010100
54,331.0,01000011101100010100,73.0,01000011110110110101
54,73.0,01000011110110110101,73.0,01000011110110110101
54,73.0,01000011110110110101,73.0,01000011110110110101
54,73.0,01000011110110110101,73.0,01000011110110110101
54,73.0,01000011110110110101,73.0,01000011110110110101
54,73.0,01000011110110110101,73.0,01000011110110110101
54,73.0,01000011110110110101,73.0,01000011110110110101
54,73.0,01000011110110110101,53.0,01010010010111000111
54,53.0,01010010010111000111,53.0,01010010010111000111
54,53.0,01010010010111000111,53.0,01010010010111000111
54,53.0,01010010010111000111,53.0,01010010010111000111
54,53.0,01010010010111000111,53.0,01010010010111000111
54,53.0,01010010010111000111,53.0,01010010010111000111
54,53.0,01010010010111000111,53.0,01010010010111000111
54,53.0,01010010010111000111,53.0,01010010010111000111
54,53.0,01010010010111000111,53.0,01010010010111000111
54,53.0,01010010010111000111,53.0,01010010010111000111
54,53.0,01010010010111000111,53.0,01010010010111000111
54,53.0,01010010010111000111,53.0,01010010010111000111
55,2487.0,11011110001110100001,2487.0,11011110001110100001
55,2487.0,11011110001110100001,2329.0,11011011000110100010
55,2329.0,11011011000110100010,1979.0,11101011010000101001
55,1979.0,11101011010000101001,1979.0,11101011010000101001
55,1979.0,11101011010000101001,1979.0,11101011010000101001
55,1979.0,11101011010000101001,1979.0,11101011010000101001
55,1979.0,11101011010000101001,693.0,10100011010001001000
55,693.0,10100011010001001000,539.0,10101010110001111000
55,539.0,10101010110001111000,539.0,10101010110001111000
55,539.0,10101010110001111000,539.0,10101010110001111000
55,539.0,10101010110001111000,539.0,10111010100001001001
55,539.0,10111010100001001001,539.0,10111010100001001001
55,539.0,10111010100001001001,539.0,10111010100001001001
55,539.0,10111010100001001001,473.0,10101110100101011000
55,473.0,10101110100101011000,473.0,10101110100101011000
55,473.0,10101110100101011000,473.0,10101110100101011000
55,473.0,10101110100101011000,473.0,10101110100101011000
55,473.0,10101110100101011000,473.0,10101110100101011000
55,473.0,10101110100101011000,473.0,10101110100101011000
55,473.0,10101110100101011000,473.0,10101110100101011000
55,473.0,10101110100101011000,473.0,10101110100101011000
55,473.0,10101110100101011000,65.0,11101100110101011000
55,65.0,11101100110101011000,65.0,11101100110101011000
55,65.0,11101100110101011000,65.0,11101100110101011000
55,65.0,11101100110101011000,65.0,11101100110101011000
55,65.0,11101100110101011000,65.0,11101100110101011000
55,65.0,11101100110101011000,65.0,11101100110101011000
55,65.0,11101100110101011000,65.0,11101100110101011000
55,65.0,11101100110101011000,65.0,11101100110101011000
55,65.0,11101100110101011000,65.0,11101100110101011000
55,65.0,11101100110101011000,65.0,11101100110101011000
55,65.0,11101100110101011000,65.0,11101100110101011000
55,65.0,11101100110101011000,65.0,11101100110101011000
55,65.0,11101100110101011000,65.0,11101100110101011000
55,65.0,11101100110101011000,65.0,11101100110101011000
55,65.0,11101100110101011000,65.0,11101100110101011000
56,60071.0,11101111000000101011,29995.0,11101011000001100011
56,29995.0,11101011000001100011,1387.0,10101011000001100111
56,1387.0,10101011000001100111,1025.0,10101110000101110110
56,1025.0,10101110000101110110,1025.0,10101110000101110110
56,1025.0,10101110000101110110,757.0,10100111000100110100
56,757.0,10100111000100110100,729.0,10000111000100111111
56,729.0,10000111000100111111,511.0,10010011000100011011
56,511.0,10010011000100011011,511.0,10010011000100011011
56,511.0,10010011000100011011,511.0,10010011000100011011
56,511.0,10010011000100011011,377.0,10010001000110011111
56,377.0,10010001000110011111,377.0,10010001000110011111
56,377.0,10010001000110011111,377.0,10010001000110011111
56,377.0,10010001000110011111,193.0,10011101000110101110
56,193.0,10011101000110101110,193.0,10011101000110101110
56,193.0,10011101000110101110,179.0,10111101000000101101
56,179.0,10111101000000101101,179.0,10111101000000101101
56,179.0,10111101000000101101,179.0,10111101000000101101
56,179.0,10111101000000101101,179.0,10111101000000101101
56,179.0,10111101000000101101,179.0,10111101000000101101
56,179.0,10111101000000101101,179.0,10111101000000101101
56,179.0,10111101000000101101,179.0,10111101000000101101
56,179.0,10111101000000101101,179.0,10111101000000101101
56,179.0,10111101000000101101,179.0,10111101000000101101
56,179.0,10111101000000101101,179.0,10111101000000101101
56,179.0,10111101000000101101,179.0,10111101000000101101
56,179.0,10111101000000101101,179.0,10111101000000101101
56,179.0,10111101000000101101,179.0,10111101000000101101
56,179.0,10111101000000101101,179.0,10111101000000101101
56,179.0,10111101000000101101,179.0,10111101000000101101
56,179.0,10111101000000101101,179.0,10111101000000101101
56,179.0,10111101000000101101,179.0,10111101000000101101
56,179.0,10111101000000101101,179.0,10111101000000101101
56,179.0,10111101000000101101,179.0,10111101000000101101
56,179.0,10111101000000101101,179.0,10111101000000101101
57,26163.0,10100100001111011000,4453.0,00010100101111011000
57,4453.0,00010100101111011000,4437.0,00011100100111111101
57,4437.0,00011100100111111101,1719.0,00011010100101101101
57,1719.0,00011010100101101101,1719.0,00011010100101101101
57,1719.0,00011010100101101101,1719.0,00011010100101101101
57,1719.0,00011010100101101101,1315.0,00110010100101001011
57,1315.0,00110010100101001011,463.0,01100010100101001100
57,463.0,01100010100101001100,463.0,01100010100101001100
57,463.0,01100010100101001100,463.0,01100010100101001100
57,463.0,01100010100101001100,463.0,01100010100101001100
57,463.0,01100010100101001100,463.0,01100010100101001100
57,463.0,01100010100101001100,463.0,01100010100101001100
57,463.0,01100010100101001100,463.0,01100010100101001100
57,463.0,01100010100101001100,463.0,01100010100101001100
57,463.0,01100010100101001100,463.0,01100010100101001100
57,463.0,01100010100101001100,463.0,01100010100101001100
57,463.0,01100010100101001100,193.0,00100001100111001111
57,193.0,00100001100111001111,193.0,00100001100111001111
57,193.0,00100001100111001111,193.0,00100001100111001111
57,193.0,00100001100111001111,193.0,00100001100111001111
57,193.0,00100001100111001111,193.0,00100001100111001111
57,193.0,00100001100111001111,193.0,00100001100111001111
57,193.0,00100001100111001111,193.0,00100001100111001111
57,193.0,00100001100111001111,59.0,00100011100101001011
57,59.0,00100011100101001011,59.0,00100011100101001011
57,59.0,00100011100101001011,59.0,00100011100101001011
57,59.0,00100011100101001011,59.0,00100011100101001011
57,59.0,00100011100101001011,59.0,00100011100101001011
57,59.0,00100011100101001011,59.0,00100011100101001011
57,59.0,00100011100101001011,59.0,00100011100101001011
57,59.0,00100011100101001011,59.0,00100011100101001011
57,59.0,00100011100101001011,59.0,00100011100101001011
57,59.0,00100011100101001011,59.0,00100011100101001011
57,59.0,00100011100101001011,59.0,00100011100101001011
57,59.0,00100011100101001011,59.0,00100011100101001011
57,59.0,00100011100101001011,59.0,00100011100101001011
57,59.0,00100011100101001011,59.0,00100011100101001011
57,59.0,00100011100101001011,59.0,00100011100101001011
57,59.0,00100011100101001011,59.0,00100011100101001011
57,59.0,00100011100101001011,59.0,00100011100101001011
57,59.0,00100011100101001011,59.0,00100011100101001011
57,59.0,00100011100101001011,59.0,00100011100101001011
57,59.0,00100011100101001011,59.0,00100011100101001011
57,59.0,00100011100101001011,59.0,00100011100101001011
57,59.0,00100011100101001011,59.0,00100011100101001011
57,59.0,00100011100101001011,59.0,00100011100101001011
57,59.0,00100011100101001011,59.0,00100011100101001011
57,59.0,00100011100101001011,59.0,00100011100101001011
57,59.0,00100011100101001011,59.0,00100011100101001011
57,59.0,00100011100101001011,59.0,00100011100101001011
58,45429.0,11101001110010011011,44055.0,11111000110010011011
58,44055.0,11111000110010011011,44055.0,11111000110010011011
58,44055.0,11111000110010011011,2041.0,01111000011010011001
58,2041.0,01111000011010011001,1779.0,01110110000110101000
58,1779.0,01110110000110101000,1245.0,01111010000110101011
58,1245.0,01111010000110101011,303.0,11111110110010100000
58,303.0,11111110110010100000,227.0,11111110010000110011
58,227.0,11111110010000110011,227.0,11111110010000110011
58,227.0,11111110010000110011,227.0,11111110010000110011
58,227.0,11111110010000110011,227.0,11111110010000110011
58,227.0,11111110010000110011,111.0,10011110111000101001
58,111.0,10011110111000101001,111.0,10011110111000101001
58,111.0,10011110111000101001,59.0,10011111000100101010
58,59.0,10011111000100101010,59.0,10011111000100101010
58,59.0,10011111000100101010,59.0,10011111000100101010
58,59.0,10011111000100101010,59.0,10011111000100101010
58,59.0,10011111000100101010,59.0,10011111000100101010
58,59.0,10011111000100101010,59.0,10011111000100101010
58,59.0,10011111000100101010,59.0,10011111000100101010
58,59.0,10011111000100101010,59.0,10011111000100101010
58,59.0,10011111000100101010,59.0,10011111000100101010
58,59.0,10011111000100101010,59.0,10011111000100101010
58,59.0,10011111000100101010,59.0,10011111000100101010
58,59.0,10011111000100101010,7.0,00011111001000101011
58,7.0,00011111001000101011,7.0,00011111001000101011
58,7.0,00011111001000101011,7.0,00011111001000101011
58,7.0,00011111001000101011,7.0,00011111001000101011
58,7.0,00011111001000101011,7.0,00011111001000101011
58,7.0,00011111001000101011,7.0,00011111001000101011
58,7.0,00011111001000101011,7.0,00011111001000101011
58,7.0,00011111001000101011,7.0,00011111001000101011
58,7.0,00011111001000101011,7.0,00011111001000101011
58,7.0,00011111001000101011,7.0,00011111001000101011
58,7.0,00011111001000101011,7.0,00011111001000101011
58,7.0,00011111001000101011,7.0,00011111001000101011
58,7.0,00011111001000101011,7.0,00011111001000101011
58,7.0,00011111001000101011,7.0,00011111001000101011
58,7.0,00011111001000101011,7.0,00011111001000101011
58,7.0,00011111001000101011,7.0,00011111001000101011
58,7.0,00011111001000101011,7.0,00011111001000101011
58,7.0,00011111001000101011,7.0,00011111001000101011
58,7.0,00011111001000101011,7.0,00011111001000101011
58,7.0,00011111001000101011,7.0,00011111001000101011
58,7.0,00011111001000101011,7.0,00011111001000101011
58,7.0,00011111001000101011,7.0,00011111001000101011
58,7.0,00011111001000101011,7.0,00011111001000101011
58,7.0,00011111001000101011,7.0,00011111001000101011
58,7.0,00011111001000101011,7.0,00011111001000101011
58,7.0,00011111001000101011,7.0,00011111001000101011
58,7.0,00011111001000101011,7.0,00011111001000101011
58,7.0,00011111001000101011,7.0,00011111001000101011
58,7.0,00011111001000101011,7.0,00011111001000101011
58,7.0,00011111001000101011,7.0,00011111001000101011
58,7.0,00011111001000101011,7.0,00011111001000101011
58,7.0,00011111001000101011,7.0,00011111001000101011
58,7.0,00011111001000101011,7.0,00011111001000101011
58,7.0,00011111001000101011,7.0,00011111001000101011
58,7.0,00011111001000101011,7.0,00011111001000101011
58,7.0,00011111001000101011,7.0,00011111001000101011
58,7.0,00011111001000101011,7.0,00011111001000101011
58,7.0,00011111001000101011,7.0,00011111001000101011
58,7.0,00011111001000101011,7.0,00011111001000101011
58,7.0,00011111001000101011,7.0,00011111001000101011
58,7.0,00011111001000101011,7.0,00011111001000101011
58,7.0,00011111001000101011,7.0,00011111001000101011
58,7.0,00011111001000101011,7.0,00011111001000101011
58,7.0,00011111001000101011,7.0,00011111001000101011
58,7.0,00011111001000101011,7.0,00011111001000101011
59,863.0,01100111000000011100,863.0,01100111000000011100
59,863.0,01100111000000011100,863.0,01100111000000011100
59,863.0,01100111000000011100,863.0,01100111000000011100
59,863.0,01100111000000011100,863.0,01100111000000011100
59,863.0,01100111000000011100,353.0,00101011100000111111
59,353.0,00101011100000111111,227.0,00100101100001111100
59,227.0,00100101100001111100,227.0,00100101100001111100
59,227.0,00100101100001111100,227.0,00100101100001111100
59,227.0,00100101100001111100,227.0,00100101100001111100
59,227.0,00100101100001111100,227.0,00100101100001111100
59,227.0,00100101100001111100,227.0,00100101100001111100
59,227.0,00100101100001111100,227.0,00100101100001111100
59,227.0,00100101100001111100,227.0,00100101100001111100
59,227.0,00100101100001111100,227.0,00100101100001111100
59,227.0,00100101100001111100,227.0,00100101100001111100
59,227.0,00100101100001111100,227.0,00100101100001111100
59,227.0,00100101100001111100,227.0,00100101100001111100
59,227.0,00100101100001111100,227.0,00100101100001111100
59,227.0,00100101100001111100,227.0,00100101100001111100
59,227.0,00100101100001111100,227.0,00100101100001111100
59,227.0,00100101100001111100,227.0,00100101100001111100
59,227.0,00100101100001111100,227.0,00100101100001111100
59,227.0,00100101100001111100,227.0,00100101100001111100
59,227.0,00100101100001111100,227.0,00100101100001111100
59,227.0,00100101100001111100,227.0,00100101100001111100
59,227.0,00100101100001111100,227.0,00100101100001111100
59,227.0,00100101100001111100,227.0,00100101100001111100
59,227.0,00100101100001111100,9.0,00110001100001011000
59,9.0,00110001100001011000,9.0,00110001100001011000
59,9.0,00110001100001011000,9.0,00110001100001011000
59,9.0,00110001100001011000,9.0,00110001100001011000
59,9.0,00110001100001011000,9.0,00110001100001011000
59,9.0,00110001100001011000,9.0,00110001100001011000
59,9.0,00110001100001011000,9.0,00110001100001011000
59,9.0,00110001100001011000,9.0,00110001100001011000
59,9.0,00110001100001011000,9.0,00110001100001011000
59,9.0,00110001100001011000,9.0,00110001100001011000
59,9.0,00110001100001011000,9.0,00110001100001011000
59,9.0,00110001100001011000,9.0,00110001100001011000
59,9.0,00110001100001011000,9.0,00110001100001011000
59,9.0,00110001100001011000,9.0,00110001100001011000
59,9.0,00110001100001011000,9.0,00110001100001011000
59,9.0,00110001100001011000,9.0,00110001100001011000
59,9.0,00110001100001011000,9.0,00110001100001011000
59,9.0,00110001100001011000,9.0,00110001100001011000
59,9.0,00110001100001011000,9.0,00110001100001011000
59,9.0,00110001100001011000,9.0,00110001100001011000
59,9.0,00110001100001011000,9.0,00110001100001011000
59,9.0,00110001100001011000,9.0,00110001100001011000
59,9.0,00110001100001011000,9.0,00110001100001011000
59,9.0,00110001100001011000,9.0,00110001100001011000
59,9.0,00110001100001011000,9.0,00110001100001011000
59,9.0,00110001100001011000,9.0,00110001100001011000
59,9.0,00110001100001011000,9.0,00110001100001011000
59,9.0,00110001100001011000,9.0,00110001100001011000
59,9.0,00110001100001011000,9.0,00110001100001011000
59,9.0,00110001100001011000,9.0,00110001100001011000
59,9.0,00110001100001011000,9.0,00110001100001011000
59,9.0,00110001100001011000,9.0,00110001100001011000
59,9.0,00110001100001011000,9.0,00110001100001011000
59,9.0,00110001100001011000,9.0,00110001100001011000
59,9.0,00110001100001011000,9.0,00110001100001011000
59,9.0,00110001100001011000,9.0,00110001100001011000
59,9.0,00110001100001011000,9.0,00110001100001011000
59,9.0,00110001100001011000,9.0,00110001100001011000
59,9.0,00110001100001011000,9.0,00110001100001011000
59,9.0,00110001100001011000,9.0,00110001100001011000
59,9.0,00110001100001011000,9.0,00110001100001011000
59,9.0,00110001100001011000,9.0,00110001100001011000
59,9.0,00110001100001011000,9.0,00110001100001011000
60,29033.0,01100001011110001010,9507.0,01101001011110001000
60,9507.0,01101001011110001000,4935.0,01101001011110000111
60,4935.0,01101001011110000111,3975.0,01110010011010100001
60,3975.0,01110010011010100001,2565.0,01101010010011110101
60,2565.0,01101010010011110101,2565.0,01101010010011110101
60,2565.0,01101010010011110101,2549.0,01100010011011010000
60,2549.0,01100010011011010000,3.0,10110010001001000010
60,3.0,10110010001001000010,3.0,10110010001001000010
60,3.0,10110010001001000010,3.0,10110010001001000010
60,3.0,10110010001001000010,3.0,10110010001001000010
60,3.0,10110010001001000010,3.0,10110010001001000010
60,3.0,10110010001001000010,3.0,10110010001001000010
60,3.0,10110010001001000010,3.0,10110010001001000010
60,3.0,10110010001001000010,3.0,10110010001001000010
60,3.0,10110010001001000010,3.0,10110010001001000010
60,3.0,10110010001001000010,3.0,10110010001001000010
60,3.0,10110010001001000010,3.0,10110010001001000010
60,3.0,10110010001001000010,3.0,10110010001001000010
60,3.0,10110010001001000010,3.0,10110010001001000010
60,3.0,10110010001001000010,3.0,10110010001001000010
60,3.0,10110010001001000010,3.0,10110010001001000010
60,3.0,10110010001001000010,3.0,10110010001001000010
60,3.0,10110010001001000010,3.0,10110010001001000010
60,3.0,10110010001001000010,3.0,10110010001001000010
60,3.0,10110010001001000010,3.0,10110010001001000010
60,3.0,10110010001001000010,3.0,10110010001001000010
60,3.0,10110010001001000010,3.0,10110010001001000010
60,3.0,10110010001001000010,3.0,10110010001001000010
60,3.0,10110010001001000010,3.0,10110010001001000010
60,3.0,10110010001001000010,3.0,10110010001001000010
60,3.0,10110010001001000010,3.0,10110010001001000010
60,3.0,10110010001001000010,3.0,10110010001001000010
60,3.0,10110010001001000010,3.0,10110010001001000010
60,3.0,10110010001001000010,3.0,10110010001001000010
60,3.0,10110010001001000010,3.0,10110010001001000010
60,3.0,10110010001001000010,3.0,10110010001001000010
60,3.0,10110010001001000010,3.0,10110010001001000010
60,3.0,10110010001001000010,3.0,10110010001001000010
60,3.0,10110010001001000010,3.0,10110010001001000010
60,3.0,10110010001001000010,3.0,10110010001001000010
60,3.0,10110010001001000010,3.0,10110010001001000010
60,3.0,10110010001001000010,3.0,10110010001001000010
60,3.0,10110010001001000010,3.0,10110010001001000010
60,3.0,10110010001001000010,3.0,10110010001001000010
60,3.0,10110010001001000010,3.0,10110010001001000010
60,3.0,10110010001001000010,3.0,10110010001001000010
60,3.0,10110010001001000010,3.0,10110010001001000010
60,3.0,10110010001001000010,3.0,10110010001001000010
60,3.0,10110010001001000010,3.0,10110010001001000010
60,3.0,10110010001001000010,3.0,10110010001001000010
60,3.0,10110010001001000010,3.0,10110010001001000010
60,3.0,10110010001001000010,3.0,10110010001001000010
61,19749.0,11001101100100111111,13643.0,11001000100111111111
61,13643.0,11001000100111111111,9777.0,11001100110011111110
61,9777.0,11001100110011111110,9777.0,11001100110011111110
61,9777.0,11001100110011111110,7431.0,10000110110001111110
61,7431.0,10000110110001111110,2757.0,10011010110000111110
61,2757.0,10011010110000111110,1383.0,10001011110000111110
61,1383.0,10001011110000111110,487.0,00000011111010111000
61,487.0,00000011111010111000,201.0,01100001111000011010
61,201.0,01100001111000011010,201.0,01100001111000011010
61,201.0,01100001111000011010,185.0,01101001110000111111
61,185.0,01101001110000111111,185.0,01101001110000111111
61,185.0,01101001110000111111,185.0,01101001110000111111
61,185.0,01101001110000111111,185.0,01101001110000111111
61,185.0,01101001110000111111,185.0,01101001110000111111
61,185.0,01101001110000111111,63.0,01100001101000101100
61,63.0,01100001101000101100,63.0,01100001101000101100
61,63.0,01100001101000101100,63.0,01100001101000101100
61,63.0,01100001101000101100,63.0,01100001101000101100
61,63.0,01100001101000101100,63.0,01100001101000101100
61,63.0,01100001101000101100,63.0,01100001101000101100
61,63.0,01100001101000101100,63.0,01100001101000101100
61,63.0,01100001101000101100,63.0,01100001101000101100
61,63.0,01100001101000101100,63.0,01100001101000101100
61,63.0,01100001101000101100,63.0,01100001101000101100
61,63.0,01100001101000101100,63.0,01100001101000101100
61,63.0,01100001101000101100,63.0,01100001101000101100
61,63.0,01100001101000101100,63.0,01100001101000101100
61,63.0,01100001101000101100,63.0,01100001101000101100
61,63.0,01100001101000101100,63.0,01100001101000101100
61,63.0,01100001101000101100,63.0,01100001101000101100
61,63.0,01100001101000101100,63.0,01100001101000101100
61,63.0,01100001101000101100,63.0,01100001101000101100
61,63.0,01100001101000101100,63.0,01100001101000101100
61,63.0,01100001101000101100,63.0,01100001101000101100
61,63.0,01100001101000101100,63.0,01100001101000101100
61,63.0,01100001101000101100,63.0,01100001101000101100
61,63.0,01100001101000101100,63.0,01100001101000101100
61,63.0,01100001101000101100,63.0,01100001101000101100
61,63.0,01100001101000101100,63.0,01100001101000101100
62,118117.0,10101110110010101111,8917.0,10011110110010101110
62,8917.0,10011110110010101110,245.0,10011100111010101101
62,245.0,10011100111010101101,245.0,10011100111010101101
62,245.0,10011100111010101101,245.0,10011100111010101101
62,245.0,10011100111010101101,245.0,10011100111010101101
62,245.0,10011100111010101101,245.0,10011100111010101101
62,245.0,10011100111010101101,111.0,10011110111000101001
62,111.0,10011110111000101001,111.0,10011110111000101001
62,111.0,10011110111000101001,111.0,10011110111000101001
62,111.0,10011110111000101001,111.0,10011110111000101001
62,111.0,10011110111000101001,111.0,10011110111000101001
62,111.0,10011110111000101001,111.0,10011110111000101001
62,111.0,10011110111000101001,111.0,10011110111000101001
62,111.0,10011110111000101001,111.0,10011110111000101001
62,111.0,10011110111000101001,111.0,10011110111000101001
62,111.0,10011110111000101001,7.0,00011111001000101011
62,7.0,00011111001000101011,7.0,00011111001000101011
62,7.0,00011111001000101011,7.0,00011111001000101011
62,7.0,00011111001000101011,7.0,00011111001000101011
62,7.0,00011111001000101011,7.0,00011111001000101011
62,7.0,00011111001000101011,7.0,00011111001000101011
62,7.0,00011111001000101011,7.0,00011111001000101011
62,7.0,00011111001000101011,7.0,00011111001000101011
62,7.0,00011111001000101011,7.0,00011111001000101011
62,7.0,00011111001000101011,7.0,00011111001000101011
62,7.0,00011111001000101011,7.0,00011111001000101011
62,7.0,00011111001000101011,7.0,00011111001000101011
62,7.0,00011111001000101011,7.0,00011111001000101011
62,7.0,00011111001000101011,7.0,00011111001000101011
62,7.0,00011111001000101011,7.0,00011111001000101011
62,7.0,00011111001000101011,7.0,00011111001000101011
62,7.0,00011111001000101011,7.0,00011111001000101011
62,7.0,00011111001000101011,7.0,00011111001000101011
62,7.0,00011111001000101011,7.0,00011111001000101011
62,7.0,00011111001000101011,7.0,00011111001000101011
62,7.0,00011111001000101011,7.0,00011111001000101011
62,7.0,00011111001000101011,7.0,00011111001000101011
62,7.0,00011111001000101011,7.0,00011111001000101011
62,7.0,00011111001000101011,7.0,00011111001000101011
62,7.0,00011111001000101011,7.0,00011111001000101011
62,7.0,00011111001000101011,7.0,00011111001000101011
62,7.0,00011111001000101011,7.0,00011111001000101011
62,7.0,00011111001000101011,7.0,00011111001000101011
62,7.0,00011111001000101011,7.0,00011111001000101011
62,7.0,00011111001000101011,7.0,00011111001000101011
62,7.0,00011111001000101011,7.0,00011111001000101011
62,7.0,00011111001000101011,7.0,00011111001000101011
62,7.0,00011111001000101011,7.0,00011111001000101011
62,7.0,00011111001000101011,7.0,00011111001000101011
62,7.0,00011111001000101011,7.0,00011111001000101011
62,7.0,00011111001000101011,7.0,00011111001000101011
62,7.0,00011111001000101011,7.0,00011111001000101011
62,7.0,00011111001000101011,7.0,00011111001000101011
62,7.0,00011111001000101011,7.0,00011111001000101011
62,7.0,00011111001000101011,7.0,00011111001000101011
62,7.0,00011111001000101011,7.0,00011111001000101011
62,7.0,00011111001000101011,7.0,00011111001000101011
62,7.0,00011111001000101011,7.0,00011111001000101011
62,7.0,00011111001000101011,7.0,00011111001000101011
62,7.0,00011111001000101011,7.0,00011111001000101011
63,8097.0,11011010100100110111,5073.0,11010110100100110100
63,5073.0,11010110100100110100,4927.0,01011110110100110111
63,4927.0,01011110110100110111,2697.0,01001101110101110111
63,2697.0,01001101110101110111,1055.0,01010101110100110101
63,1055.0,01010101110100110101,3.0,01001101110110111101
63,3.0,01001101110110111101,3.0,01001101110110111101
63,3.0,01001101110110111101,3.0,01001101110110111101
63,3.0,01001101110110111101,3.0,01001101110110111101
63,3.0,01001101110110111101,3.0,01001101110110111101
63,3.0,01001101110110111101,3.0,01001101110110111101
63,3.0,01001101110110111101,3.0,01001101110110111101
63,3.0,01001101110110111101,3.0,01001101110110111101
63,3.0,01001101110110111101,3.0,01001101110110111101
63,3.0,01001101110110111101,3.0,01001101110110111101
63,3.0,01001101110110111101,3.0,01001101110110111101
63,3.0,01001101110110111101,3.0,01001101110110111101
63,3.0,01001101110110111101,3.0,01001101110110111101
63,3.0,01001101110110111101,3.0,01001101110110111101
63,3.0,01001101110110111101,3.0,01001101110110111101
63,3.0,01001101110110111101,3.0,01001101110110111101
63,3.0,01001101110110111101,3.0,01001101110110111101
63,3.0,01001101110110111101,3.0,01001101110110111101
63,3.0,01001101110110111101,3.0,01001101110110111101
63,3.0,01001101110110111101,3.0,01001101110110111101
63,3.0,01001101110110111101,3.0,01001101110110111101
63,3.0,01001101110110111101,3.0,01001101110110111101
63,3.0,01001101110110111101,3.0,01001101110110111101
63,3.0,01001101110110111101,3.0,01001101110110111101
63,3.0,01001101110110111101,3.0,01001101110110111101
63,3.0,01001101110110111101,3.0,01001101110110111101
63,3.0,01001101110110111101,3.0,01001101110110111101
63,3.0,01001101110110111101,3.0,01001101110110111101
63,3.0,01001101110110111101,3.0,01001101110110111101
63,3.0,01001101110110111101,3.0,01001101110110111101
63,3.0,01001101110110111101,3.0,01001101110110111101
63,3.0,01001101110110111101,3.0,01001101110110111101
63,3.0,01001101110110111101,3.0,01001101110110111101
63,3.0,01001101110110111101,3.0,01001101110110111101
63,3.0,01001101110110111101,3.0,01001101110110111101
63,3.0,01001101110110111101,3.0,01001101110110111101
63,3.0,01001101110110111101,3.0,01001101110110111101
63,3.0,01001101110110111101,3.0,01001101110110111101
63,3.0,01001101110110111101,3.0,01001101110110111101
63,3.0,01001101110110111101,3.0,01001101110110111101
63,3.0,01001101110110111101,3.0,01001101110110111101
63,3.0,01001101110110111101,3.0,01001101110110111101
63,3.0,01001101110110111101,3.0,01001101110110111101
63,3.0,01001101110110111101,3.0,01001101110110111101
63,3.0,01001101110110111101,3.0,01001101110110111101
63,3.0,01001101110110111101,3.0,01001101110110111101
63,3.0,01001101110110111101,3.0,01001101110110111101
63,3.0,01001101110110111101,3.0,01001101110110111101
63,3.0,01001101110110111101,3.0,01001101110110111101
63,3.0,01001101110110111101,3.0,01001101110110111101
63,3.0,01001101110110111101,3.0,01001101110110111101
63,3.0,01001101110110111101,3.0,01001101110110111101
63,3.0,01001101110110111101,3.0,01001101110110111101
63,3.0,01001101110110111101,3.0,01001101110110111101
63,3.0,01001101110110111101,3.0,01001101110110111101
64,3807.0,00100111110001001010,1887.0,00101011010001011001
64,1887.0,00101011010001011001,1887.0,00101011010001011001
64,1887.0,00101011010001011001,1887.0,00101011010001011001
64,1887.0,00101011010001011001,337.0,00101111010011110000
64,337.0,00101111010011110000,295.0,00101110010001111101
64,295.0,00101110010001111101,279.0,00100110011001011000
64,279.0,00100110011001011000,279.0,00100110011001011000
64,279.0,00100110011001011000,193.0,01100010111001010001
64,193.0,01100010111001010001,193.0,01100010111001010001
64,193.0,01100010111001010001,193.0,01100010111001010001
64,193.0,01100010111001010001,193.0,01100010111001010001
64,193.0,01100010111001010001,193.0,01100010111001010001
64,193.0,01100010111001010001,193.0,01100010111001010001
64,193.0,01100010111001010001,193.0,01100010111001010001
64,193.0,01100010111001010001,141.0,11100010110101010000
64,141.0,11100010110101010000,141.0,11100010110101010000
64,141.0,11100010110101010000,141.0,11100010110101010000
64,141.0,11100010110101010000,141.0,11100010110101010000
64,141.0,11100010110101010000,7.0,11100000110111010100
64,7.0,11100000110111010100,7.0,11100000110111010100
64,7.0,11100000110111010100,7.0,11100000110111010100
64,7.0,11100000110111010100,7.0,11100000110111010100
64,7.0,11100000110111010100,7.0,11100000110111010100
64,7.0,11100000110111010100,7.0,11100000110111010100
64,7.0,11100000110111010100,7.0,11100000110111010100
64,7.0,11100000110111010100,7.0,11100000110111010100
64,7.0,11100000110111010100,7.0,11100000110111010100
64,7.0,11100000110111010100,7.0,11100000110111010100
64,7.0,11100000110111010100,7.0,11100000110111010100
64,7.0,11100000110111010100,7.0,11100000110111010100
64,7.0,11100000110111010100,7.0,11100000110111010100
64,7.0,11100000110111010100,7.0,11100000110111010100
64,7.0,11100000110111010100,7.0,11100000110111010100
64,7.0,11100000110111010100,7.0,11100000110111010100
64,7.0,11100000110111010100,7.0,11100000110111010100
64,7.0,11100000110111010100,7.0,11100000110111010100
64,7.0,11100000110111010100,7.0,11100000110111010100
64,7.0,11100000110111010100,7.0,11100000110111010100
64,7.0,11100000110111010100,7.0,11100000110111010100
64,7.0,11100000110111010100,7.0,11100000110111010100
64,7.0,11100000110111010100,7.0,11100000110111010100
64,7.0,11100000110111010100,7.0,11100000110111010100
64,7.0,11100000110111010100,7.0,11100000110111010100
64,7.0,11100000110111010100,7.0,11100000110111010100
64,7.0,11100000110111010100,7.0,11100000110111010100
64,7.0,11100000110111010100,7.0,11100000110111010100
64,7.0,11100000110111010100,7.0,11100000110111010100
64,7.0,11100000110111010100,7.0,11100000110111010100
64,7.0,11100000110111010100,7.0,11100000110111010100
64,7.0,11100000110111010100,7.0,11100000110111010100
64,7.0,11100000110111010100,7.0,11100000110111010100
64,7.0,11100000110111010100,7.0,11100000110111010100
64,7.0,11100000110111010100,7.0,11100000110111010100
64,7.0,11100000110111010100,7.0,11100000110111010100
64,7.0,11100000110111010100,7.0,11100000110111010100
64,7.0,11100000110111010100,7.0,11100000110111010100
64,7.0,11100000110111010100,7.0,11100000110111010100
64,7.0,11100000110111010100,7.0,11100000110111010100
64,7.0,11100000110111010100,7.0,11100000110111010100
64,7.0,11100000110111010100,7.0,11100000110111010100
64,7.0,11100000110111010100,7.0,11100000110111010100
65,9595.0,00101110001011010110,9595.0,00101110001011010110
65,9595.0,00101110001011010110,9595.0,00101110001011010110
65,9595.0,00101110001011010110,6593.0,00000110001101011110
65,6593.0,00000110001101011110,6593.0,00000110001101011110
65,6593.0,00000110001101011110,4169.0,00000101011001011110
65,4169.0,00000101011001011110,565.0,00000111011000011110
65,565.0,00000111011000011110,565.0,00000111011000011110
65,565.0,00000111011000011110,565.0,00000111011000011110
65,565.0,00000111011000011110,59.0,00011010001001001110
65,59.0,00011010001001001110,59.0,00011010001001001110
65,59.0,00011010001001001110,59.0,00011010001001001110
65,59.0,00011010001001001110,59.0,00011010001001001110
65,59.0,00011010001001001110,59.0,00011010001001001110
65,59.0,00011010001001001110,59.0,00011010001001001110
65,59.0,00011010001001001110,59.0,00011010001001001110
65,59.0,00011010001001001110,59.0,00011010001001001110
65,59.0,00011010001001001110,59.0,00011010001001001110
65,59.0,00011010001001001110,59.0,00011010001001001110
65,59.0,00011010001001001110,59.0,00011010001001001110
65,59.0,00011010001001001110,59.0,00011010001001001110
65,59.0,00011010001001001110,59.0,00011010001001001110
65,59.0,00011010001001001110,59.0,00011010001001001110
65,59.0,00011010001001001110,59.0,00011010001001001110
65,59.0,00011010001001001110,59.0,00011010001001001110
65,59.0,00011010001001001110,59.0,00011010001001001110
65,59.0,00011010001001001110,59.0,00011010001001001110
65,59.0,00011010001001001110,59.0,00011010001001001110
65,59.0,00011010001001001110,59.0,00011010001001001110
65,59.0,00011010001001001110,59.0,00011010001001001110
65,59.0,00011010001001001110,59.0,00011010001001001110
65,59.0,00011010001001001110,59.0,00011010001001001110
65,59.0,00011010001001001110,59.0,00011010001001001110
65,59.0,00011010001001001110,59.0,00011010001001001110
65,59.0,00011010001001001110,59.0,00011010001001001110
65,59.0,00011010001001001110,59.0,00011010001001001110
65,59.0,00011010001001001110,59.0,00011010001001001110
65,59.0,00011010001001001110,59.0,00011010001001001110
65,59.0,00011010001001001110,59.0,00011010001001001110
65,59.0,00011010001001001110,59.0,00011010001001001110
65,59.0,00011010001001001110,59.0,00011010001001001110
65,59.0,00011010001001001110,59.0,00011010001001001110
65,59.0,00011010001001001110,59.0,00011010001001001110
65,59.0,00011010001001001110,59.0,00011010001001001110
65,59.0,00011010001001001110,49.0,00111010001100101001
65,49.0,00111010001100101001,49.0,00111010001100101001
65,49.0,00111010001100101001,49.0,00111010001100101001
65,49.0,00111010001100101001,49.0,00111010001100101001
65,49.0,00111010001100101001,49.0,00111010001100101001
65,49.0,00111010001100101001,49.0,00111010001100101001
65,49.0,00111010001100101001,49.0,00111010001100101001
65,49.0,00111010001100101001,49.0,00111010001100101001
65,49.0,00111010001100101001,49.0,00111010001100101001
65,49.0,00111010001100101001,49.0,00111010001100101001
65,49.0,00111010001100101001,49.0,00111010001100101001
65,49.0,00111010001100101001,49.0,00111010001100101001
65,49.0,00111010001100101001,49.0,00111010001100101001
65,49.0,00111010001100101001,49.0,00111010001100101001
65,49.0,00111010001100101001,49.0,00111010001100101001
65,49.0,00111010001100101001,49.0,00111010001100101001
65,49.0,00111010001100101001,49.0,00111010001100101001
65,49.0,00111010001100101001,49.0,00111010001100101001
65,49.0,00111010001100101001,49.0,00111010001100101001
65,49.0,00111010001100101001,49.0,00111010001100101001
65,49.0,00111010001100101001,49.0,00111010001100101001
65,49.0,00111010001100101001,49.0,00111010001100101001
65,49.0,00111010001100101001,49.0,00111010001100101001
65,49.0,00111010001100101001,49.0,00111010001100101001
65,49.0,00111010001100101001,49.0,00111010001100101001
65,49.0,00111010001100101001,49.0,00111010001100101001
65,49.0,00111010001100101001,49.0,00111010001100101001
65,49.0,00111010001100101001,49.0,00111010001100101001
65,49.0,00111010001100101001,49.0,00111010001100101001
65,49.0,00111010001100101001,49.0,00111010001100101001
65,49.0,00111010001100101001,49.0,00111010001100101001
65,49.0,00111010001100101001,49.0,00111010001100101001
65,49.0,00111010001100101001,49.0,00111010001100101001
65,49.0,00111010001100101001,49.0,00111010001100101001
65,49.0,00111010001100101001,49.0,00111010001100101001
66,69525.0,10111100110101010011,25157.0,10110100110111010000
66,25157.0,10110100110111010000,5769.0,10010100110111011010
66,5769.0,10010100110111011010,5769.0,10010100110111011010
66,5769.0,10010100110111011010,2189.0,10011000110111110101
66,2189.0,10011000110111110101,2189.0,10011000110111110101
66,2189.0,10011000110111110101,2189.0,10011000110111110101
66,2189.0,10011000110111110101,1323.0,01011100110101110111
66,1323.0,01011100110101110111,1323.0,01011100110101110111
66,1323.0,01011100110101110111,1323.0,01011100110101110111
66,1323.0,01011100110101110111,1323.0,01011100110101110111
66,1323.0,01011100110101110111,1323.0,01011100110101110111
66,1323.0,01011100110101110111,1323.0,01011100110101110111
66,1323.0,01011100110101110111,77.0,01010100111001100111
66,77.0,01010100111001100111,77.0,01010100111001100111
66,77.0,01010100111001100111,77.0,01010100111001100111
66,77.0,01010100111001100111,77.0,01010100111001100111
66,77.0,01010100111001100111,77.0,01010100111001100111
66,77.0,01010100111001100111,77.0,01010100111001100111
66,77.0,01010100111001100111,77.0,01010100111001100111
66,77.0,01010100111001100111,77.0,01010100111001100111
66,77.0,01010100111001100111,77.0,01010100111001100111
66,77.0,01010100111001100111,77.0,01010100111001100111
66,77.0,01010100111001100111,77.0,01010100111001100111
66,77.0,01010100111001100111,77.0,01010100111001100111
66,77.0,01010100111001100111,77.0,01010100111001100111
66,77.0,01010100111001100111,77.0,01010100111001100111
66,77.0,01010100111001100111,77.0,01010100111001100111
66,77.0,01010100111001100111,77.0,01010100111001100111
66,77.0,01010100111001100111,77.0,01010100111001100111
66,77.0,01010100111001100111,77.0,01010100111001100111
66,77.0,01010100111001100111,77.0,01010100111001100111
66,77.0,01010100111001100111,77.0,01010100111001100111
66,77.0,01010100111001100111,77.0,01010100111001100111
66,77.0,01010100111001100111,77.0,01010100111001100111
66,77.0,01010100111001100111,77.0,01010100111001100111
66,77.0,01010100111001100111,77.0,01010100111001100111
66,77.0,01010100111001100111,77.0,01010100111001100111
66,77.0,01010100111001100111,77.0,01010100111001100111
66,77.0,01010100111001100111,77.0,01010100111001100111
66,77.0,01010100111001100111,77.0,01010100111001100111
66,77.0,01010100111001100111,77.0,01010100111001100111
66,77.0,01010100111001100111,77.0,01010100111001100111
67,7795.0,01110010110010100111,7719.0,01111100110010101111
67,7719.0,01111100110010101111,7719.0,01111100110010101111
67,7719.0,01111100110010101111,2565.0,11010100110110101100
67,2565.0,11010100110110101100,2033.0,10111100100110101101
67,2033.0,10111100100110101101,851.0,10110100110100101101
67,851.0,10110100110100101101,523.0,10100101110100101101
67,523.0,10100101110100101101,473.0,10100101010101101000
67,473.0,10100101010101101000,331.0,10101101100101101001
67,331.0,10101101100101101001,331.0,10101101100101101001
67,331.0,10101101100101101001,273.0,10100001100111100101
67,273.0,10100001100111100101,273.0,10100001100111100101
67,273.0,10100001100111100101,273.0,10100001100111100101
67,273.0,10100001100111100101,273.0,10100001100111100101
67,273.0,10100001100111100101,273.0,10100001100111100101
67,273.0,10100001100111100101,273.0,10100001100111100101
67,273.0,10100001100111100101,273.0,10100001100111100101
67,273.0,10100001100111100101,241.0,10101001010110101111
67,241.0,10101001010110101111,241.0,10101001010110101111
67,241.0,10101001010110101111,241.0,10101001010110101111
67,241.0,10101001010110101111,241.0,10101001010110101111
67,241.0,10101001010110101111,241.0,10101001010110101111
67,241.0,10101001010110101111,241.0,10101001010110101111
67,241.0,10101001010110101111,241.0,10101001010110101111
67,241.0,10101001010110101111,241.0,10101001010110101111
67,241.0,10101001010110101111,179.0,10001001011110101100
67,179.0,10001001011110101100,179.0,10001001011110101100
67,179.0,10001001011110101100,179.0,10001001011110101100
67,179.0,10001001011110101100,179.0,10001001011110101100
67,179.0,10001001011110101100,179.0,10001001011110101100
67,179.0,10001001011110101100,179.0,10001001011110101100
67,179.0,10001001011110101100,179.0,10001001011110101100
67,179.0,10001001011110101100,129.0,11001000011110111101
67,129.0,11001000011110111101,129.0,11001000011110111101
67,129.0,11001000011110111101,129.0,11001000011110111101
67,129.0,11001000011110111101,129.0,11001000011110111101
67,129.0,11001000011110111101,129.0,11001000011110111101
67,129.0,11001000011110111101,129.0,11001000011110111101
67,129.0,11001000011110111101,129.0,11001000011110111101
67,129.0,11001000011110111101,129.0,11001000011110111101
67,129.0,11001000011110111101,129.0,11001000011110111101
67,129.0,11001000011110111101,129.0,11001000011110111101
67,129.0,11001000011110111101,129.0,11001000011110111101
67,129.0,11001000011110111101,129.0,11001000011110111101
67,129.0,11001000011110111101,129.0,11001000011110111101
67,129.0,11001000011110111101,129.0,11001000011110111101
67,129.0,11001000011110111101,129.0,11001000011110111101
67,129.0,11001000011110111101,129.0,11001000011110111101
67,129.0,11001000011110111101,129.0,11001000011110111101
67,129.0,11001000011110111101,129.0,11001000011110111101
67,129.0,11001000011110111101,129.0,11001000011110111101
67,129.0,11001000011110111101,129.0,11001000011110111101
67,129.0,11001000011110111101,129.0,11001000011110111101
67,129.0,11001000011110111101,129.0,11001000011110111101
67,129.0,11001000011110111101,129.0,11001000011110111101
67,129.0,11001000011110111101,129.0,11001000011110111101
67,129.0,11001000011110111101,129.0,11001000011110111101
67,129.0,11001000011110111101,129.0,11001000011110111101
67,129.0,11001000011110111101,129.0,11001000011110111101
67,129.0,11001000011110111101,129.0,11001000011110111101
67,129.0,11001000011110111101,129.0,11001000011110111101
67,129.0,11001000011110111101,129.0,11001000011110111101
67,129.0,11001000011110111101,129.0,11001000011110111101
67,129.0,11001000011110111101,129.0,11001000011110111101
67,129.0,11001000011110111101,129.0,11001000011110111101
67,129.0,11001000011110111101,129.0,11001000011110111101
67,129.0,11001000011110111101,129.0,11001000011110111101
67,129.0,11001000011110111101,129.0,11001000011110111101
67,129.0,11001000011110111101,129.0,11001000011110111101
67,129.0,11001000011110111101,129.0,11001000011110111101
67,129.0,11001000011110111101,129.0,11001000011110111101
67,129.0,11001000011110111101,129.0,11001000011110111101
67,129.0,11001000011110111101,129.0,11001000011110111101
67,129.0,11001000011110111101,129.0,11001000011110111101
67,129.0,11001000011110111101,129.0,11001000011110111101
67,129.0,11001000011110111101,129.0,11001000011110111101
68,5589.0,10110100010001110111,5589.0,10110100010001110111
68,5589.0,10110100010001110111,4585.0,10110100010101100110
68,4585.0,10110100010101100110,4585.0,10110100010101100110
68,4585.0,10110100010101100110,2849.0,01110010000001100111
68,2849.0,01110010000001100111,647.0,10110000110001110100
68,647.0,10110000110001110100,259.0,10110001010010010111
68,259.0,10110001010010010111,259.0,10110001010010010111
68,259.0,10110001010010010111,259.0,10110001010010010111
68,259.0,10110001010010010111,259.0,10110001010010010111
68,259.0,10110001010010010111,61.0,01111001000010111000
68,61.0,01111001000010111000,61.0,01111001000010111000
68,61.0,01111001000010111000,61.0,01111001000010111000
68,61.0,01111001000010111000,61.0,01111001000010111000
68,61.0,01111001000010111000,61.0,01111001000010111000
68,61.0,01111001000010111000,61.0,01111001000010111000
68,61.0,01111001000010111000,61.0,01111001000010111000
68,61.0,01111001000010111000,61.0,01111001000010111000
68,61.0,01111001000010111000,61.0,01111001000010111000
68,61.0,01111001000010111000,61.0,01111001000010111000
68,61.0,01111001000010111000,61.0,01111001000010111000
68,61.0,01111001000010111000,61.0,01111001000010111000
68,61.0,01111001000010111000,61.0,01111001000010111000
68,61.0,01111001000010111000,61.0,01111001000010111000
68,61.0,01111001000010111000,61.0,01111001000010111000
68,61.0,01111001000010111000,61.0,01111001000010111000
68,61.0,01111001000010111000,61.0,01111001000010111000
68,61.0,01111001000010111000,61.0,01111001000010111000
68,61.0,01111001000010111000,61.0,01111001000010111000
68,61.0,01111001000010111000,61.0,01111001000010111000
68,61.0,01111001000010111000,61.0,01111001000010111000
68,61.0,01111001000010111000,61.0,01111001000010111000
68,61.0,01111001000010111000,61.0,01111001000010111000
69,50289.0,10101100111011110011,6559.0,11101100111011100010
69,6559.0,11101100111011100010,3595.0,11100101110011100001
69,3595.0,11100101110011100001,761.0,11111101000010110001
69,761.0,11111101000010110001,761.0,11111101000010110001
69,761.0,11111101000010110001,761.0,11111101000010110001
69,761.0,11111101000010110001,361.0,11111100010010110111
69,361.0,11111100010010110111,59.0,11011100011010110100
69,59.0,11011100011010110100,59.0,11011100011010110100
69,59.0,11011100011010110100,59.0,11011100011010110100
69,59.0,11011100011010110100,59.0,11011100011010110100
69,59.0,11011100011010110100,59.0,11011100011010110100
69,59.0,11011100011010110100,59.0,11011100011010110100
69,59.0,11011100011010110100,59.0,11011100011010110100
69,59.0,11011100011010110100,59.0,11011100011010110100
69,59.0,11011100011010110100,59.0,11011100011010110100
69,59.0,11011100011010110100,59.0,11011100011010110100
69,59.0,11011100011010110100,59.0,11011100011010110100
69,59.0,11011100011010110100,59.0,11011100011010110100
69,59.0,11011100011010110100,59.0,11011100011010110100
69,59.0,11011100011010110100,59.0,11011100011010110100
69,59.0,11011100011010110100,59.0,11011100011010110100
69,59.0,11011100011010110100,59.0,11011100011010110100
69,59.0,11011100011010110100,59.0,11011100011010110100
69,59.0,11011100011010110100,59.0,11011100011010110100
69,59.0,11011100011010110100,59.0,11011100011010110100
69,59.0,11011100011010110100,59.0,11011100011010110100
69,59.0,11011100011010110100,59.0,11011100011010110100
70,113007.0,10011100111010110111,102307.0,10011100111110100111
70,102307.0,10011100111110100111,7437.0,10110000111010100110
70,7437.0,10110000111010100110,5167.0,10100110111010100110
70,5167.0,10100110111010100110,5167.0,10100110111010100110
70,5167.0,10100110111010100110,4933.0,10111010110010100111
70,4933.0,10111010110010100111,667.0,10010110100101100110
70,667.0,10010110100101100110,667.0,10010110100101100110
70,667.0,10010110100101100110,201.0,10011110000111100101
70,201.0,10011110000111100101,201.0,10011110000111100101
70,201.0,10011110000111100101,201.0,10011110000111100101
70,201.0,10011110000111100101,63.0,10011110010111010011
70,63.0,10011110010111010011,63.0,10011110010111010011
70,63.0,10011110010111010011,63.0,10011110010111010011
70,63.0,10011110010111010011,63.0,10011110010111010011
70,63.0,10011110010111010011,63.0,10011110010111010011
70,63.0,10011110010111010011,63.0,10011110010111010011
70,63.0,10011110010111010011,63.0,10011110010111010011
70,63.0,10011110010111010011,63.0,10011110010111010011
70,63.0,10011110010111010011,63.0,10011110010111010011
70,63.0,10011110010111010011,63.0,10011110010111010011
70,63.0,10011110010111010011,63.0,10011110010111010011
70,63.0,10011110010111010011,63.0,10011110010111010011
70,63.0,10011110010111010011,63.0,10011110010111010011
70,63.0,10011110010111010011,63.0,10011110010111010011
70,63.0,10011110010111010011,63.0,10011110010111010011
70,63.0,10011110010111010011,63.0,10011110010111010011
70,63.0,10011110010111010011,63.0,10011110010111010011
70,63.0,10011110010111010011,63.0,10011110010111010011
70,63.0,10011110010111010011,63.0,10011110010111010011
70,63.0,10011110010111010011,63.0,10011110010111010011
70,63.0,10011110010111010011,63.0,10011110010111010011
70,63.0,10011110010111010011,63.0,10011110010111010011
70,63.0,10011110010111010011,63.0,10011110010111010011
70,63.0,10011110010111010011,63.0,10011110010111010011
70,63.0,10011110010111010011,63.0,10011110010111010011
70,63.0,10011110010111010011,63.0,10011110010111010011
70,63.0,10011110010111010011,63.0,10011110010111010011
70,63.0,10011110010111010011,63.0,10011110010111010011
70,63.0,10011110010111010011,63.0,10011110010111010011
70,63.0,10011110010111010011,63.0,10011110010111010011
70,63.0,10011110010111010011,63.0,10011110010111010011
70,63.0,10011110010111010011,63.0,10011110010111010011
70,63.0,10011110010111010011,63.0,10011110010111010011
70,63.0,10011110010111010011,63.0,10011110010111010011
70,63.0,10011110010111010011,63.0,10011110010111010011
70,63.0,10011110010111010011,63.0,10011110010111010011
70,63.0,10011110010111010011,63.0,10011110010111010011
70,63.0,10011110010111010011,63.0,10011110010111010011
70,63.0,10011110010111010011,63.0,10011110010111010011
70,63.0,10011110010111010011,63.0,10011110010111010011
70,63.0,10011110010111010011,63.0,10011110010111010011
70,63.0,10011110010111010011,63.0,10011110010111010011
70,63.0,10011110010111010011,63.0,10011110010111010011
70,63.0,10011110010111010011,63.0,10011110010111010011
70,63.0,10011110010111010011,63.0,10011110010111010011
71,3581.0,01101111010010010101,2325.0,11000111010010110110
71,2325.0,11000111010010110110,2017.0,01001011010001110111
71,2017.0,01001011010001110111,2017.0,01001011010001110111
71,2017.0,01001011010001110111,1007.0,01000111010001110100
71,1007.0,01000111010001110100,337.0,00101111010011110000
71,337.0,00101111010011110000,337.0,00101111010011110000
71,337.0,00101111010011110000,337.0,00101111010011110000
71,337.0,00101111010011110000,337.0,00101111010011110000
71,337.0,00101111010011110000,337.0,00101111010011110000
71,337.0,00101111010011110000,337.0,00101111010011110000
71,337.0,00101111010011110000,337.0,00101111010011110000
71,337.0,00101111010011110000,337.0,00101111010011110000
71,337.0,00101111010011110000,337.0,00101111010011110000
71,337.0,00101111010011110000,337.0,00101111010011110000
71,337.0,00101111010011110000,107.0,00101101111011100011
71,107.0,00101101111011100011,107.0,00101101111011100011
71,107.0,00101101111011100011,107.0,00101101111011100011
71,107.0,00101101111011100011,107.0,00101101111011100011
71,107.0,00101101111011100011,107.0,00101101111011100011
71,107.0,00101101111011100011,107.0,00101101111011100011
71,107.0,00101101111011100011,107.0,00101101111011100011
71,107.0,00101101111011100011,107.0,00101101111011100011
71,107.0,00101101111011100011,107.0,00101101111011100011
71,107.0,00101101111011100011,107.0,00101101111011100011
71,107.0,00101101111011100011,107.0,00101101111011100011
71,107.0,00101101111011100011,107.0,00101101111011100011
71,107.0,00101101111011100011,107.0,00101101111011100011
71,107.0,00101101111011100011,107.0,00101101111011100011
71,107.0,00101101111011100011,107.0,00101101111011100011
71,107.0,00101101111011100011,107.0,00101101111011100011
71,107.0,00101101111011100011,107.0,00101101111011100011
71,107.0,00101101111011100011,107.0,00101101111011100011
71,107.0,00101101111011100011,107.0,00101101111011100011
71,107.0,00101101111011100011,107.0,00101101111011100011
71,107.0,00101101111011100011,107.0,00101101111011100011
71,107.0,00101101111011100011,107.0,00101101111011100011
71,107.0,00101101111011100011,107.0,00101101111011100011
71,107.0,00101101111011100011,107.0,00101101111011100011
71,107.0,00101101111011100011,107.0,00101101111011100011
71,107.0,00101101111011100011,107.0,00101101111011100011
71,107.0,00101101111011100011,107.0,00101101111011100011
71,107.0,00101101111011100011,107.0,00101101111011100011
71,107.0,00101101111011100011,107.0,00101101111011100011
71,107.0,00101101111011100011,107.0,00101101111011100011
71,107.0,00101101111011100011,107.0,00101101111011100011
71,107.0,00101101111011100011,107.0,00101101111011100011
71,107.0,00101101111011100011,107.0,00101101111011100011
71,107.0,00101101111011100011,107.0,00101101111011100011
71,107.0,00101101111011100011,107.0,00101101111011100011
71,107.0,00101101111011100011,107.0,00101101111011100011
71,107.0,00101101111011100011,107.0,00101101111011100011
71,107.0,00101101111011100011,107.0,00101101111011100011
72,5945.0,00000011111010110110,4383.0,00100011010110110101
72,4383.0,00100011010110110101,3471.0,10100011010100010110
72,3471.0,10100011010100010110,611.0,10100111010000110111
72,611.0,10100111010000110111,611.0,10100111010000110111
72,611.0,10100111010000110111,611.0,10100111010000110111
72,611.0,10100111010000110111,611.0,10100111010000110111
72,611.0,10100111010000110111,253.0,10101111110000010110
72,253.0,10101111110000010110,67.0,10001111010001001101
72,67.0,10001111010001001101,67.0,10001111010001001101
72,67.0,10001111010001001101,67.0,10001111010001001101
72,67.0,10001111010001001101,67.0,10001111010001001101
72,67.0,10001111010001001101,67.0,10001111010001001101
72,67.0,10001111010001001101,67.0,10001111010001001101
72,67.0,10001111010001001101,67.0,10001111010001001101
72,67.0,10001111010001001101,67.0,10001111010001001101
72,67.0,10001111010001001101,67.0,10001111010001001101
72,67.0,10001111010001001101,67.0,10001111010001001101
72,67.0,10001111010001001101,67.0,10001111010001001101
72,67.0,10001111010001001101,67.0,10001111010001001101
72,67.0,10001111010001001101,67.0,10001111010001001101
72,67.0,10001111010001001101,67.0,10001111010001001101
72,67.0,10001111010001001101,67.0,10001111010001001101
72,67.0,10001111010001001101,67.0,10001111010001001101
72,67.0,10001111010001001101,67.0,10001111010001001101
72,67.0,10001111010001001101,67.0,10001111010001001101
72,67.0,10001111010001001101,67.0,10001111010001001101
72,67.0,10001111010001001101,67.0,10001111010001001101
72,67.0,10001111010001001101,67.0,10001111010001001101
72,67.0,10001111010001001101,67.0,10001111010001001101
72,67.0,10001111010001001101,67.0,10001111010001001101
72,67.0,10001111010001001101,67.0,10001111010001001101
72,67.0,10001111010001001101,67.0,10001111010001001101
72,67.0,10001111010001001101,67.0,10001111010001001101
72,67.0,10001111010001001101,67.0,10001111010001001101
73,611.0,10001111001001000111,221.0,10100110001001100110
73,221.0,10100110001001100110,139.0,10101010101001110010
73,139.0,10101010101001110010,139.0,10101010101001110010
73,139.0,10101010101001110010,3.0,10110010001001000010
73,3.0,10110010001001000010,3.0,10110010001001000010
73,3.0,10110010001001000010,3.0,10110010001001000010
73,3.0,10110010001001000010,3.0,10110010001001000010
73,3.0,10110010001001000010,3.0,10110010001001000010
73,3.0,10110010001001000010,3.0,10110010001001000010
73,3.0,10110010001001000010,3.0,10110010001001000010
73,3.0,10110010001001000010,3.0,10110010001001000010
73,3.0,10110010001001000010,3.0,10110010001001000010
73,3.0,10110010001001000010,3.0,10110010001001000010
73,3.0,10110010001001000010,3.0,10110010001001000010
73,3.0,10110010001001000010,3.0,10110010001001000010
73,3.0,10110010001001000010,3.0,10110010001001000010
73,3.0,10110010001001000010,3.0,10110010001001000010
73,3.0,10110010001001000010,3.0,10110010001001000010
73,3.0,10110010001001000010,3.0,10110010001001000010
73,3.0,10110010001001000010,3.0,10110010001001000010
73,3.0,10110010001001000010,3.0,10110010001001000010
73,3.0,10110010001001000010,3.0,10110010001001000010
73,3.0,10110010001001000010,3.0,10110010001001000010
73,3.0,10110010001001000010,3.0,10110010001001000010
73,3.0,10110010001001000010,3.0,10110010001001000010
73,3.0,10110010001001000010,3.0,10110010001001000010
73,3.0,10110010001001000010,3.0,10110010001001000010
73,3.0,10110010001001000010,3.0,10110010001001000010
73,3.0,10110010001001000010,3.0,10110010001001000010
73,3.0,10110010001001000010,3.0,10110010001001000010
73,3.0,10110010001001000010,3.0,10110010001001000010
73,3.0,10110010001001000010,3.0,10110010001001000010
73,3.0,10110010001001000010,3.0,10110010001001000010
73,3.0,10110010001001000010,3.0,10110010001001000010
73,3.0,10110010001001000010,3.0,10110010001001000010
73,3.0,10110010001001000010,3.0,10110010001001000010
73,3.0,10110010001001000010,3.0,10110010001001000010
73,3.0,10110010001001000010,3.0,10110010001001000010
73,3.0,10110010001001000010,3.0,10110010001001000010
73,3.0,10110010001001000010,3.0,10110010001001000010
73,3.0,10110010001001000010,3.0,10110010001001000010
73,3.0,10110010001001000010,3.0,10110010001001000010
73,3.0,10110010001001000010,3.0,10110010001001000010
73,3.0,10110010001001000010,3.0,10110010001001000010
73,3.0,10110010001001000010,3.0,10110010001001000010
73,3.0,10110010001001000010,3.0,10110010001001000010
73,3.0,10110010001001000010,3.0,10110010001001000010
73,3.0,10110010001001000010,3.0,10110010001001000010
73,3.0,10110010001001000010,3.0,10110010001001000010
73,3.0,10110010001001000010,3.0,10110010001001000010
73,3.0,10110010001001000010,3.0,10110010001001000010
73,3.0,10110010001001000010,3.0,10110010001001000010
73,3.0,10110010001001000010,3.0,10110010001001000010
73,3.0,10110010001001000010,3.0,10110010001001000010
74,15767.0,01001001011011010101,895.0,01001001011001001110
74,895.0,01001001011001001110,347.0,01000001011101100110
74,347.0,01000001011101100110,347.0,01000001011101100110
74,347.0,01000001011101100110,205.0,01001001101101100111
74,205.0,01001001101101100111,191.0,00000011001101100110
74,191.0,00000011001101100110,191.0,00000011001101100110
74,191.0,00000011001101100110,191.0,00000011001101100110
74,191.0,00000011001101100110,191.0,00000011001101100110
74,191.0,00000011001101100110,191.0,00000011001101100110
74,191.0,00000011001101100110,191.0,00000011001101100110
74,191.0,00000011001101100110,191.0,00000011001101100110
74,191.0,00000011001101100110,191.0,00000011001101100110
74,191.0,00000011001101100110,191.0,00000011001101100110
74,191.0,00000011001101100110,145.0,00001011110111100110
74,145.0,00001011110111100110,145.0,00001011110111100110
74,145.0,00001011110111100110,145.0,00001011110111100110
74,145.0,00001011110111100110,145.0,00001011110111100110
74,145.0,00001011110111100110,145.0,00001011110111100110
74,145.0,00001011110111100110,145.0,00001011110111100110
74,145.0,00001011110111100110,145.0,00001011110111100110
74,145.0,00001011110111100110,145.0,00001011110111100110
74,145.0,00001011110111100110,145.0,00001011110111100110
74,145.0,00001011110111100110,87.0,00000011101111100011
74,87.0,00000011101111100011,87.0,00000011101111100011
74,87.0,00000011101111100011,87.0,00000011101111100011
74,87.0,00000011101111100011,87.0,00000011101111100011
74,87.0,00000011101111100011,87.0,00000011101111100011
74,87.0,00000011101111100011,87.0,00000011101111100011
74,87.0,00000011101111100011,87.0,00000011101111100011
74,87.0,00000011101111100011,11.0,00001101101111101011
74,11.0,00001101101111101011,11.0,00001101101111101011
74,11.0,00001101101111101011,11.0,00001101101111101011
74,11.0,00001101101111101011,11.0,00001101101111101011
74,11.0,00001101101111101011,11.0,00001101101111101011
74,11.0,00001101101111101011,11.0,00001101101111101011
74,11.0,00001101101111101011,11.0,00001101101111101011
74,11.0,00001101101111101011,11.0,00001101101111101011
74,11.0,00001101101111101011,11.0,00001101101111101011
74,11.0,00001101101111101011,11.0,00001101101111101011
74,11.0,00001101101111101011,11.0,00001101101111101011
74,11.0,00001101101111101011,11.0,00001101101111101011
74,11.0,00001101101111101011,11.0,00001101101111101011
74,11.0,00001101101111101011,11.0,00001101101111101011
74,11.0,00001101101111101011,11.0,00001101101111101011
74,11.0,00001101101111101011,11.0,00001101101111101011
74,11.0,00001101101111101011,11.0,00001101101111101011
74,11.0,00001101101111101011,11.0,00001101101111101011
74,11.0,00001101101111101011,11.0,00001101101111101011
74,11.0,00001101101111101011,11.0,00001101101111101011
74,11.0,00001101101111101011,11.0,00001101101111101011
74,11.0,00001101101111101011,11.0,00001101101111101011
74,11.0,00001101101111101011,11.0,00001101101111101011
74,11.0,00001101101111101011,11.0,00001101101111101011
74,11.0,00001101101111101011,11.0,00001101101111101011
74,11.0,00001101101111101011,11.0,00001101101111101011
74,11.0,00001101101111101011,11.0,00001101101111101011
74,11.0,00001101101111101011,11.0,00001101101111101011
74,11.0,00001101101111101011,11.0,00001101101111101011
74,11.0,00001101101111101011,11.0,00001101101111101011
74,11.0,00001101101111101011,11.0,00001101101111101011
74,11.0,00001101101111101011,11.0,00001101101111101011
74,11.0,00001101101111101011,11.0,00001101101111101011
74,11.0,00001101101111101011,11.0,00001101101111101011
74,11.0,00001101101111101011,11.0,00001101101111101011
75,21045.0,01010001100101101000,10345.0,01010001100001111000
75,10345.0,01010001100001111000,2689.0,01011000101001111001
75,2689.0,01011000101001111001,2689.0,01011000101001111001
75,2689.0,01011000101001111001,2689.0,01011000101001111001
75,2689.0,01011000101001111001,1495.0,11010000101001101000
75,1495.0,11010000101001101000,1495.0,11010000101001101000
75,1495.0,11010000101001101000,623.0,10001101011011101000
75,623.0,10001101011011101000,623.0,10001101011011101000
75,623.0,10001101011011101000,191.0,10000111011011000011
75,191.0,10000111011011000011,191.0,10000111011011000011
75,191.0,10000111011011000011,191.0,10000111011011000011
75,191.0,10000111011011000011,191.0,10000111011011000011
75,191.0,10000111011011000011,191.0,10000111011011000011
75,191.0,10000111011011000011,191.0,10000111011011000011
75,191.0,10000111011011000011,191.0,10000111011011000011
75,191.0,10000111011011000011,191.0,10000111011011000011
75,191.0,10000111011011000011,191.0,10000111011011000011
75,191.0,10000111011011000011,9.0,11001110011110100111
75,9.0,11001110011110100111,9.0,11001110011110100111
75,9.0,11001110011110100111,9.0,11001110011110100111
75,9.0,11001110011110100111,9.0,11001110011110100111
75,9.0,11001110011110100111,9.0,11001110011110100111
75,9.0,11001110011110100111,9.0,11001110011110100111
75,9.0,11001110011110100111,9.0,11001110011110100111
75,9.0,11001110011110100111,9.0,11001110011110100111
75,9.0,11001110011110100111,9.0,11001110011110100111
75,9.0,11001110011110100111,9.0,11001110011110100111
75,9.0,11001110011110100111,9.0,11001110011110100111
75,9.0,11001110011110100111,9.0,11001110011110100111
75,9.0,11001110011110100111,9.0,11001110011110100111
75,9.0,11001110011110100111,9.0,11001110011110100111
75,9.0,11001110011110100111,9.0,11001110011110100111
75,9.0,11001110011110100111,9.0,11001110011110100111
75,9.0,11001110011110100111,9.0,11001110011110100111
75,9.0,11001110011110100111,9.0,11001110011110100111
75,9.0,11001110011110100111,9.0,11001110011110100111
75,9.0,11001110011110100111,9.0,11001110011110100111
75,9.0,11001110011110100111,9.0,11001110011110100111
75,9.0,11001110011110100111,9.0,11001110011110100111
75,9.0,11001110011110100111,9.0,11001110011110100111
75,9.0,11001110011110100111,9.0,11001110011110100111
75,9.0,11001110011110100111,9.0,11001110011110100111
75,9.0,11001110011110100111,9.0,11001110011110100111
75,9.0,11001110011110100111,9.0,11001110011110100111
75,9.0,11001110011110100111,9.0,11001110011110100111
75,9.0,11001110011110100111,9.0,11001110011110100111
75,9.0,11001110011110100111,9.0,11001110011110100111
75,9.0,11001110011110100111,9.0,11001110011110100111
75,9.0,11001110011110100111,9.0,11001110011110100111
75,9.0,11001110011110100111,9.0,11001110011110100111
75,9.0,11001110011110100111,9.0,11001110011110100111
75,9.0,11001110011110100111,9.0,11001110011110100111
75,9.0,11001110011110100111,9.0,11001110011110100111
75,9.0,11001110011110100111,9.0,11001110011110100111
76,33807.0,00110101100111100000,6755.0,00111101100110101011
76,6755.0,00111101100110101011,2255.0,10111001000110101001
76,2255.0,10111001000110101001,1483.0,10110101110110100000
76,1483.0,10110101110110100000,1483.0,10110101110110100000
76,1483.0,10110101110110100000,1483.0,10110101110110100000
76,1483.0,10110101110110100000,1483.0,10110101110110100000
76,1483.0,10110101110110100000,1215.0,10111100110111100010
76,1215.0,10111100110111100010,605.0,10110110000111000011
76,605.0,10110110000111000011,605.0,10110110000111000011
76,605.0,10110110000111000011,605.0,10110110000111000011
76,605.0,10110110000111000011,185.0,10010110001111000000
76,185.0,10010110001111000000,185.0,10010110001111000000
76,185.0,10010110001111000000,185.0,10010110001111000000
76,185.0,10010110001111000000,185.0,10010110001111000000
76,185.0,10010110001111000000,185.0,10010110001111000000
76,185.0,10010110001111000000,3.0,10110010001001000010
76,3.0,10110010001001000010,3.0,10110010001001000010
76,3.0,10110010001001000010,3.0,10110010001001000010
76,3.0,10110010001001000010,3.0,10110010001001000010
76,3.0,10110010001001000010,3.0,10110010001001000010
76,3.0,10110010001001000010,3.0,10110010001001000010
76,3.0,10110010001001000010,3.0,10110010001001000010
76,3.0,10110010001001000010,3.0,10110010001001000010
76,3.0,10110010001001000010,3.0,10110010001001000010
76,3.0,10110010001001000010,3.0,10110010001001000010
76,3.0,10110010001001000010,3.0,10110010001001000010
76,3.0,10110010001001000010,3.0,10110010001001000010
76,3.0,10110010001001000010,3.0,10110010001001000010
76,3.0,10110010001001000010,3.0,10110010001001000010
76,3.0,10110010001001000010,3.0,10110010001001000010
76,3.0,10110010001001000010,3.0,10110010001001000010
76,3.0,10110010001001000010,3.0,10110010001001000010
76,3.0,10110010001001000010,3.0,10110010001001000010
76,3.0,10110010001001000010,3.0,10110010001001000010
76,3.0,10110010001001000010,3.0,10110010001001000010
76,3.0,10110010001001000010,3.0,10110010001001000010
76,3.0,10110010001001000010,3.0,10110010001001000010
76,3.0,10110010001001000010,3.0,10110010001001000010
76,3.0,10110010001001000010,3.0,10110010001001000010
76,3.0,10110010001001000010,3.0,10110010001001000010
76,3.0,10110010001001000010,3.0,10110010001001000010
76,3.0,10110010001001000010,3.0,10110010001001000010
76,3.0,10110010001001000010,3.0,10110010001001000010
76,3.0,10110010001001000010,3.0,10110010001001000010
76,3.0,10110010001001000010,3.0,10110010001001000010
76,3.0,10110010001001000010,3.0,10110010001001000010
76,3.0,10110010001001000010,3.0,10110010001001000010
76,3.0,10110010001001000010,3.0,10110010001001000010
76,3.0,10110010001001000010,3.0,10110010001001000010
76,3.0,10110010001001000010,3.0,10110010001001000010
76,3.0,10110010001001000010,3.0,10110010001001000010
76,3.0,10110010001001000010,3.0,10110010001001000010
76,3.0,10110010001001000010,3.0,10110010001001000010
76,3.0,10110010001001000010,3.0,10110010001001000010
76,3.0,10110010001001000010,3.0,10110010001001000010
76,3.0,10110010001001000010,3.0,10110010001001000010
76,3.0,10110010001001000010,3.0,10110010001001000010
76,3.0,10110010001001000010,3.0,10110010001001000010
77,8513.0,00101010111100110111,8425.0,00101010111100001111
77,8425.0,00101010111100001111,6339.0,01101010111000001101
77,6339.0,01101010111000001101,815.0,01110110001000001010
77,815.0,01110110001000001010,815.0,01110110001000001010
77,815.0,01110110001000001010,815.0,01110110001000001010
77,815.0,01110110001000001010,411.0,01011110001000101100
77,411.0,01011110001000101100,209.0,00010011001000001100
77,209.0,00010011001000001100,209.0,00010011001000001100
77,209.0,00010011001000001100,209.0,00010011001000001100
77,209.0,00010011001000001100,209.0,00010011001000001100
77,209.0,00010011001000001100,59.0,00011010001001001110
77,59.0,00011010001001001110,59.0,00011010001001001110
77,59.0,00011010001001001110,59.0,00011010001001001110
77,59.0,00011010001001001110,59.0,00011010001001001110
77,59.0,00011010001001001110,59.0,00011010001001001110
77,59.0,00011010001001001110,59.0,00011010001001001110
77,59.0,00011010001001001110,59.0,00011010001001001110
77,59.0,00011010001001001110,59.0,00011010001001001110
77,59.0,00011010001001001110,59.0,00011010001001001110
77,59.0,00011010001001001110,59.0,00011010001001001110
77,59.0,00011010001001001110,59.0,00011010001001001110
77,59.0,00011010001001001110,59.0,00011010001001001110
77,59.0,00011010001001001110,59.0,00011010001001001110
77,59.0,00011010001001001110,59.0,00011010001001001110
77,59.0,00011010001001001110,59.0,00011010001001001110
77,59.0,00011010001001001110,59.0,00011010001001001110
77,59.0,00011010001001001110,59.0,00011010001001001110
77,59.0,00011010001001001110,59.0,00011010001001001110
77,59.0,00011010001001001110,59.0,00011010001001001110
77,59.0,00011010001001001110,59.0,00011010001001001110
77,59.0,00011010001001001110,59.0,00011010001001001110
77,59.0,00011010001001001110,59.0,00011010001001001110
77,59.0,00011010001001001110,59.0,00011010001001001110
77,59.0,00011010001001001110,59.0,00011010001001001110
77,59.0,00011010001001001110,59.0,00011010001001001110
77,59.0,00011010001001001110,59.0,00011010001001001110
77,59.0,00011010001001001110,59.0,00011010001001001110
77,59.0,00011010001001001110,59.0,00011010001001001110
77,59.0,00011010001001001110,59.0,00011010001001001110
77,59.0,00011010001001001110,59.0,00011010001001001110
77,59.0,00011010001001001110,59.0,00011010001001001110
77,59.0,00011010001001001110,59.0,00011010001001001110
77,59.0,00011010001001001110,59.0,00011010001001001110
77,59.0,00011010001001001110,59.0,00011010001001001110
77,59.0,00011010001001001110,59.0,00011010001001001110
77,59.0,00011010001001001110,59.0,00011010001001001110
77,59.0,00011010001001001110,59.0,00011010001001001110
77,59.0,00011010001001001110,59.0,00011010001001001110
77,59.0,00011010001001001110,59.0,00011010001001001110
78,8985.0,10001111011110010010,8985.0,10001111011110010010
78,8985.0,10001111011110010010,191.0,10000111011011000011
78,191.0,10000111011011000011,3.0,10110010001001000010
78,3.0,10110010001001000010,3.0,10110010001001000010
78,3.0,10110010001001000010,3.0,10110010001001000010
78,3.0,10110010001001000010,3.0,10110010001001000010
78,3.0,10110010001001000010,3.0,10110010001001000010
78,3.0,10110010001001000010,3.0,10110010001001000010
78,3.0,10110010001001000010,3.0,10110010001001000010
78,3.0,10110010001001000010,3.0,10110010001001000010
78,3.0,10110010001001000010,3.0,10110010001001000010
78,3.0,10110010001001000010,3.0,10110010001001000010
78,3.0,10110010001001000010,3.0,10110010001001000010
78,3.0,10110010001001000010,3.0,10110010001001000010
78,3.0,10110010001001000010,3.0,10110010001001000010
78,3.0,10110010001001000010,3.0,10110010001001000010
78,3.0,10110010001001000010,3.0,10110010001001000010
78,3.0,10110010001001000010,3.0,10110010001001000010
78,3.0,10110010001001000010,3.0,10110010001001000010
78,3.0,10110010001001000010,3.0,10110010001001000010
78,3.0,10110010001001000010,3.0,10110010001001000010
78,3.0,10110010001001000010,3.0,10110010001001000010
78,3.0,10110010001001000010,3.0,10110010001001000010
78,3.0,10110010001001000010,3.0,10110010001001000010
78,3.0,10110010001001000010,3.0,10110010001001000010
78,3.0,10110010001001000010,3.0,10110010001001000010
78,3.0,10110010001001000010,3.0,10110010001001000010
78,3.0,10110010001001000010,3.0,10110010001001000010
78,3.0,10110010001001000010,3.0,10110010001001000010
78,3.0,10110010001001000010,3.0,10110010001001000010
78,3.0,10110010001001000010,3.0,10110010001001000010
78,3.0,10110010001001000010,3.0,10110010001001000010
78,3.0,10110010001001000010,3.0,10110010001001000010
78,3.0,10110010001001000010,3.0,10110010001001000010
78,3.0,10110010001001000010,3.0,10110010001001000010
78,3.0,10110010001001000010,3.0,10110010001001000010
78,3.0,10110010001001000010,3.0,10110010001001000010
78,3.0,10110010001001000010,3.0,10110010001001000010
78,3.0,10110010001001000010,3.0,10110010001001000010
78,3.0,10110010001001000010,3.0,10110010001001000010
78,3.0,10110010001001000010,3.0,10110010001001000010
78,3.0,10110010001001000010,3.0,10110010001001000010
78,3.0,10110010001001000010,3.0,10110010001001000010
78,3.0,10110010001001000010,3.0,10110010001001000010
78,3.0,10110010001001000010,3.0,10110010001001000010
78,3.0,10110010001001000010,3.0,10110010001001000010
78,3.0,10110010001001000010,3.0,10110010001001000010
78,3.0,10110010001001000010,3.0,10110010001001000010
78,3.0,10110010001001000010,3.0,10110010001001000010
78,3.0,10110010001001000010,3.0,10110010001001000010
78,3.0,10110010001001000010,3.0,10110010001001000010
78,3.0,10110010001001000010,3.0,10110010001001000010
78,3.0,10110010001001000010,3.0,10110010001001000010
78,3.0,10110010001001000010,3.0,10110010001001000010
79,9699.0,01100100011101101001,3729.0,11001110011101100011
79,3729.0,11001110011101100011,1653.0,11000100011101001101
79,1653.0,11000100011101001101,877.0,11000100001101101110
79,877.0,11000100001101101110,877.0,11000100001101101110
79,877.0,11000100001101101110,643.0,11011000000101101111
79,643.0,11011000000101101111,643.0,11011000000101101111
79,643.0,11011000000101101111,485.0,01011000010111101100
79,485.0,01011000010111101100,129.0,01011100010111001111
79,129.0,01011100010111001111,129.0,01011100010111001111
79,129.0,01011100010111001111,129.0,01011100010111001111
79,129.0,01011100010111001111,129.0,01011100010111001111
79,129.0,01011100010111001111,129.0,01011100010111001111
79,129.0,01011100010111001111,129.0,01011100010111001111
79,129.0,01011100010111001111,53.0,01010010010111000111
79,53.0,01010010010111000111,53.0,01010010010111000111
79,53.0,01010010010111000111,53.0,01010010010111000111
79,53.0,01010010010111000111,53.0,01010010010111000111
79,53.0,01010010010111000111,53.0,01010010010111000111
79,53.0,01010010010111000111,53.0,01010010010111000111
79,53.0,01010010010111000111,53.0,01010010010111000111
79,53.0,01010010010111000111,5.0,01011110010101001011
79,5.0,01011110010101001011,5.0,01011110010101001011
79,5.0,01011110010101001011,5.0,01011110010101001011
79,5.0,01011110010101001011,5.0,01011110010101001011
79,5.0,01011110010101001011,5.0,01011110010101001011
79,5.0,01011110010101001011,5.0,01011110010101001011
79,5.0,01011110010101001011,5.0,01011110010101001011
79,5.0,01011110010101001011,5.0,01011110010101001011
79,5.0,01011110010101001011,5.0,01011110010101001011
79,5.0,01011110010101001011,5.0,01011110010101001011
79,5.0,01011110010101001011,5.0,01011110010101001011
79,5.0,01011110010101001011,5.0,01011110010101001011
79,5.0,01011110010101001011,5.0,01011110010101001011
79,5.0,01011110010101001011,5.0,01011110010101001011
79,5.0,01011110010101001011,5.0,01011110010101001011
79,5.0,01011110010101001011,5.0,01011110010101001011
79,5.0,01011110010101001011,5.0,01011110010101001011
79,5.0,01011110010101001011,5.0,01011110010101001011
79,5.0,01011110010101001011,5.0,01011110010101001011
79,5.0,01011110010101001011,5.0,01011110010101001011
79,5.0,01011110010101001011,5.0,01011110010101001011
79,5.0,01011110010101001011,5.0,01011110010101001011
79,5.0,01011110010101001011,5.0,01011110010101001011
79,5.0,01011110010101001011,5.0,01011110010101001011
79,5.0,01011110010101001011,5.0,01011110010101001011
79,5.0,01011110010101001011,5.0,01011110010101001011
79,5.0,01011110010101001011,5.0,01011110010101001011
79,5.0,01011110010101001011,5.0,01011110010101001011
79,5.0,01011110010101001011,5.0,01011110010101001011
79,5.0,01011110010101001011,5.0,01011110010101001011
79,5.0,01011110010101001011,5.0,01011110010101001011
79,5.0,01011110010101001011,5.0,01011110010101001011
79,5.0,01011110010101001011,5.0,01011110010101001011
79,5.0,01011110010101001011,5.0,01011110010101001011
79,5.0,01011110010101001011,5.0,01011110010101001011
79,5.0,01011110010101001011,5.0,01011110010101001011
79,5.0,01011110010101001011,5.0,01011110010101001011
80,1769.0,01101101101110000101,1769.0,01101101101110000101
80,1769.0,01101101101110000101,529.0,01101111011010000011
80,529.0,01101111011010000011,529.0,01101111011010000011
80,529.0,01101111011010000011,529.0,01101111011010000011
80,529.0,01101111011010000011,529.0,01101111011010000011
80,529.0,01101111011010000011,529.0,01101111011010000011
80,529.0,01101111011010000011,173.0,01101011011010100000
80,173.0,01101011011010100000,173.0,01101011011010100000
80,173.0,01101011011010100000,173.0,01101011011010100000
80,173.0,01101011011010100000,173.0,01101011011010100000
80,173.0,01101011011010100000,173.0,01101011011010100000
80,173.0,01101011011010100000,173.0,01101011011010100000
80,173.0,01101011011010100000,173.0,01101011011010100000
80,173.0,01101011011010100000,173.0,01101011011010100000
80,173.0,01101011011010100000,173.0,01101011011010100000
80,173.0,01101011011010100000,173.0,01101011011010100000
80,173.0,01101011011010100000,173.0,01101011011010100000
80,173.0,01101011011010100000,173.0,01101011011010100000
80,173.0,01101011011010100000,173.0,01101011011010100000
80,173.0,01101011011010100000,173.0,01101011011010100000
80,173.0,01101011011010100000,173.0,01101011011010100000
80,173.0,01101011011010100000,173.0,01101011011010100000
80,173.0,01101011011010100000,173.0,01101011011010100000
80,173.0,01101011011010100000,173.0,01101011011010100000
80,173.0,01101011011010100000,173.0,01101011011010100000
80,173.0,01101011011010100000,173.0,01101011011010100000
80,173.0,01101011011010100000,173.0,01101011011010100000
80,173.0,01101011011010100000,173.0,01101011011010100000
80,173.0,01101011011010100000,173.0,01101011011010100000
80,173.0,01101011011010100000,129.0,01101011000110101011
80,129.0,01101011000110101011,129.0,01101011000110101011
80,129.0,01101011000110101011,129.0,01101011000110101011
80,129.0,01101011000110101011,129.0,00101011001010011001
80,129.0,00101011001010011001,129.0,00101011001010011001
80,129.0,00101011001010011001,129.0,00101011001010011001
80,129.0,00101011001010011001,53.0,10000001011011011001
80,53.0,10000001011011011001,53.0,10000001011011011001
80,53.0,10000001011011011001,53.0,10000001011011011001
80,53.0,10000001011011011001,53.0,10000001011011011001
80,53.0,10000001011011011001,53.0,10000001011011011001
80,53.0,10000001011011011001,53.0,10000001011011011001
80,53.0,10000001011011011001,53.0,10000001011011011001
80,53.0,10000001011011011001,53.0,10000001011011011001
80,53.0,10000001011011011001,53.0,10000001011011011001
80,53.0,10000001011011011001,53.0,10000001011011011001
80,53.0,10000001011011011001,53.0,10000001011011011001
80,53.0,10000001011011011001,53.0,10000001011011011001
80,53.0,10000001011011011001,53.0,10000001011011011001
80,53.0,10000001011011011001,53.0,10000001011011011001
80,53.0,10000001011011011001,53.0,10000001011011011001
80,53.0,10000001011011011001,53.0,10000001011011011001
80,53.0,10000001011011011001,53.0,10000001011011011001
80,53.0,10000001011011011001,53.0,10000001011011011001
80,53.0,10000001011011011001,53.0,10000001011011011001
81,56939.0,11010010001010010100,27773.0,11010100001001010110
81,27773.0,11010100001001010110,6647.0,10001101001101010111
81,6647.0,10001101001101010111,3771.0,10000101001011110101
81,3771.0,10000101001011110101,1751.0,10001101001011110100
81,1751.0,10001101001011110100,1751.0,10001101001011110100
81,1751.0,10001101001011110100,473.0,10001001001001011101
81,473.0,10001001001001011101,303.0,00000001001101011111
81,303.0,00000001001101011111,303.0,00000001001101011111
81,303.0,00000001001101011111,303.0,00000001001101011111
81,303.0,00000001001101011111,303.0,00000001001101011111
81,303.0,00000001001101011111,303.0,00000001001101011111
81,303.0,00000001001101011111,303.0,00000001001101011111
81,303.0,00000001001101011111,303.0,00000001001101011111
81,303.0,00000001001101011111,303.0,00000001001101011111
81,303.0,00000001001101011111,303.0,00000001001101011111
81,303.0,00000001001101011111,303.0,00000001001101011111
81,303.0,00000001001101011111,303.0,00000001001101011111
81,303.0,00000001001101011111,303.0,00000001001101011111
81,303.0,00000001001101011111,303.0,00000001001101011111
81,303.0,00000001001101011111,303.0,00000001001101011111
81,303.0,00000001001101011111,303.0,00000001001101011111
81,303.0,00000001001101011111,303.0,00000001001101011111
81,303.0,00000001001101011111,233.0,00010101001001010110
81,233.0,00010101001001010110,233.0,00010101001001010110
81,233.0,00010101001001010110,233.0,00010101001001010110
81,233.0,00010101001001010110,233.0,00010101001001010110
81,233.0,00010101001001010110,233.0,00010101001001010110
81,233.0,00010101001001010110,233.0,00010101001001010110
81,233.0,00010101001001010110,233.0,00010101001001010110
81,233.0,00010101001001010110,233.0,00010101001001010110
81,233.0,00010101001001010110,233.0,00010101001001010110
81,233.0,00010101001001010110,233.0,00010101001001010110
81,233.0,00010101001001010110,233.0,00010101001001010110
81,233.0,00010101001001010110,233.0,00010101001001010110
81,233.0,00010101001001010110,233.0,00010101001001010110
81,233.0,00010101001001010110,233.0,00010101001001010110
81,233.0,00010101001001010110,233.0,00010101001001010110
81,233.0,00010101001001010110,233.0,00010101001001010110
81,233.0,00010101001001010110,233.0,00010101001001010110
81,233.0,00010101001001010110,233.0,00010101001001010110
81,233.0,00010101001001010110,233.0,00010101001001010110
81,233.0,00010101001001010110,233.0,00010101001001010110
81,233.0,00010101001001010110,233.0,00010101001001010110
81,233.0,00010101001001010110,233.0,00010101001001010110
81,233.0,00010101001001010110,233.0,00010101001001010110
81,233.0,00010101001001010110,233.0,00010101001001010110
81,233.0,00010101001001010110,233.0,00010101001001010110
81,233.0,00010101001001010110,233.0,00010101001001010110
81,233.0,00010101001001010110,3.0,00000101011111010101
81,3.0,00000101011111010101,3.0,00000101011111010101
81,3.0,00000101011111010101,3.0,00000101011111010101
81,3.0,00000101011111010101,3.0,00000101011111010101
81,3.0,00000101011111010101,3.0,00000101011111010101
81,3.0,00000101011111010101,3.0,00000101011111010101
81,3.0,00000101011111010101,3.0,00000101011111010101
81,3.0,00000101011111010101,3.0,00000101011111010101
81,3.0,00000101011111010101,3.0,00000101011111010101
81,3.0,00000101011111010101,3.0,00000101011111010101
81,3.0,00000101011111010101,3.0,00000101011111010101
81,3.0,00000101011111010101,3.0,00000101011111010101
81,3.0,00000101011111010101,3.0,00000101011111010101
81,3.0,00000101011111010101,3.0,00000101011111010101
81,3.0,00000101011111010101,3.0,00000101011111010101
81,3.0,00000101011111010101,3.0,00000101011111010101
81,3.0,00000101011111010101,3.0,00000101011111010101
81,3.0,00000101011111010101,3.0,00000101011111010101
81,3.0,00000101011111010101,3.0,00000101011111010101
81,3.0,00000101011111010101,3.0,00000101011111010101
81,3.0,00000101011111010101,3.0,00000101011111010101
82,7297.0,01111110010000110101,1049.0,01111010010000111010
82,1049.0,01111010010000111010,1049.0,01111010010000111010
82,1049.0,01111010010000111010,61.0,01111001000010111000
82,61.0,01111001000010111000,61.0,01111001000010111000
82,61.0,01111001000010111000,61.0,01111001000010111000
82,61.0,01111001000010111000,61.0,01111001000010111000
82,61.0,01111001000010111000,61.0,01111001000010111000
82,61.0,01111001000010111000,61.0,01111001000010111000
82,61.0,01111001000010111000,61.0,01111001000010111000
82,61.0,01111001000010111000,61.0,01111001000010111000
82,61.0,01111001000010111000,61.0,01111001000010111000
82,61.0,01111001000010111000,61.0,01111001000010111000
82,61.0,01111001000010111000,61.0,01111001000010111000
82,61.0,01111001000010111000,61.0,01111001000010111000
82,61.0,01111001000010111000,61.0,01111001000010111000
82,61.0,01111001000010111000,61.0,01111001000010111000
82,61.0,01111001000010111000,61.0,01111001000010111000
82,61.0,01111001000010111000,61.0,01111001000010111000
82,61.0,01111001000010111000,61.0,01111001000010111000
82,61.0,01111001000010111000,61.0,01111001000010111000
82,61.0,01111001000010111000,61.0,01111001000010111000
82,61.0,01111001000010111000,61.0,01111001000010111000
82,61.0,01111001000010111000,61.0,01111001000010111000
83,1377.0,01000111111000101001,731.0,11101010111000001011
83,731.0,11101010111000001011,543.0,11001110111110001001
83,543.0,11001110111110001001,265.0,11001110011100001100
83,265.0,11001110011100001100,155.0,11101110010100001111
83,155.0,11101110010100001111,155.0,11101110010100001111
83,155.0,11101110010100001111,155.0,11101110010100001111
83,155.0,11101110010100001111,155.0,11101110010100001111
83,155.0,11101110010100001111,155.0,11101110010100001111
83,155.0,11101110010100001111,155.0,11101110010100001111
83,155.0,11101110010100001111,155.0,11101110010100001111
83,155.0,11101110010100001111,155.0,11101110010100001111
83,155.0,11101110010100001111,155.0,11101110010100001111
83,155.0,11101110010100001111,155.0,11101110010100001111
83,155.0,11101110010100001111,155.0,11101110010100001111
83,155.0,11101110010100001111,155.0,11101110010100001111
83,155.0,11101110010100001111,155.0,11101110010100001111
83,155.0,11101110010100001111,155.0,11101110010100001111
83,155.0,11101110010100001111,155.0,11101110010100001111
83,155.0,11101110010100001111,155.0,11101110010100001111
83,155.0,11101110010100001111,155.0,11101110010100001111
83,155.0,11101110010100001111,107.0,10101011010100101011
83,107.0,10101011010100101011,107.0,10101011010100101011
83,107.0,10101011010100101011,107.0,10101011010100101011
83,107.0,10101011010100101011,107.0,10101011010100101011
83,107.0,10101011010100101011,107.0,10101011010100101011
83,107.0,10101011010100101011,107.0,10101011010100101011
83,107.0,10101011010100101011,107.0,10101011010100101011
83,107.0,10101011010100101011,107.0,10101011010100101011
83,107.0,10101011010100101011,107.0,10101011010100101011
83,107.0,10101011010100101011,107.0,10101011010100101011
83,107.0,10101011010100101011,107.0,10101011010100101011
83,107.0,10101011010100101011,107.0,10101011010100101011
83,107.0,10101011010100101011,107.0,10101011010100101011
83,107.0,10101011010100101011,107.0,10101011010100101011
83,107.0,10101011010100101011,107.0,10101011010100101011
83,107.0,10101011010100101011,107.0,10101011010100101011
83,107.0,10101011010100101011,107.0,10101011010100101011
83,107.0,10101011010100101011,107.0,10101011010100101011
83,107.0,10101011010100101011,107.0,10101011010100101011
83,107.0,10101011010100101011,107.0,10101011010100101011
83,107.0,10101011010100101011,107.0,10101011010100101011
83,107.0,10101011010100101011,107.0,10101011010100101011
83,107.0,10101011010100101011,107.0,10101011010100101011
83,107.0,10101011010100101011,107.0,10101011010100101011
83,107.0,10101011010100101011,107.0,10101011010100101011
83,107.0,10101011010100101011,107.0,10101011010100101011
83,107.0,10101011010100101011,107.0,10101011010100101011
83,107.0,10101011010100101011,107.0,10101011010100101011
83,107.0,10101011010100101011,107.0,10101011010100101011
83,107.0,10101011010100101011,107.0,10101011010100101011
83,107.0,10101011010100101011,107.0,10101011010100101011
83,107.0,10101011010100101011,107.0,10101011010100101011
83,107.0,10101011010100101011,107.0,10101011010100101011
83,107.0,10101011010100101011,107.0,10101011010100101011
83,107.0,10101011010100101011,107.0,10101011010100101011
83,107.0,10101011010100101011,107.0,10101011010100101011
84,267.0,11110010110010010001,267.0,11110010110010010001
84,267.0,11110010110010010001,267.0,11110010110010010001
84,267.0,11110010110010010001,267.0,11110010110010010001
84,267.0,11110010110010010001,267.0,11110010110010010001
84,267.0,11110010110010010001,191.0,11111100110010011001
84,191.0,11111100110010011001,191.0,11111100110010011001
84,191.0,11111100110010011001,191.0,11111100110010011001
84,191.0,11111100110010011001,191.0,11111100110010011001
84,191.0,11111100110010011001,191.0,11111100110010011001
84,191.0,11111100110010011001,191.0,11111100110010011001
84,191.0,11111100110010011001,191.0,11111100110010011001
84,191.0,11111100110010011001,191.0,11111100110010011001
84,191.0,11111100110010011001,191.0,11111100110010011001
84,191.0,11111100110010011001,191.0,11111100110010011001
84,191.0,11111100110010011001,191.0,11111100110010011001
84,191.0,11111100110010011001,191.0,11111100110010011001
84,191.0,11111100110010011001,191.0,11111100110010011001
84,191.0,11111100110010011001,191.0,11111100110010011001
84,191.0,11111100110010011001,191.0,11111100110010011001
84,191.0,11111100110010011001,191.0,11111100110010011001
84,191.0,11111100110010011001,191.0,11111100110010011001
84,191.0,11111100110010011001,191.0,11111100110010011001
84,191.0,11111100110010011001,191.0,11111100110010011001
84,191.0,11111100110010011001,191.0,11111100110010011001
84,191.0,11111100110010011001,191.0,11111100110010011001
84,191.0,11111100110010011001,191.0,11111100110010011001
84,191.0,11111100110010011001,191.0,11111100110010011001
84,191.0,11111100110010011001,191.0,11111100110010011001
84,191.0,11111100110010011001,87.0,11111100010000011100
84,87.0,11111100010000011100,87.0,11111100010000011100
84,87.0,11111100010000011100,87.0,11111100010000011100
84,87.0,11111100010000011100,87.0,11111100010000011100
84,87.0,11111100010000011100,87.0,11111100010000011100
84,87.0,11111100010000011100,87.0,11111100010000011100
84,87.0,11111100010000011100,87.0,11111100010000011100
84,87.0,11111100010000011100,87.0,11111100010000011100
84,87.0,11111100010000011100,87.0,11111100010000011100
84,87.0,11111100010000011100,87.0,11111100010000011100
84,87.0,11111100010000011100,87.0,11111100010000011100
84,87.0,11111100010000011100,87.0,11111100010000011100
84,87.0,11111100010000011100,87.0,11111100010000011100
84,87.0,11111100010000011100,87.0,11111100010000011100
84,87.0,11111100010000011100,11.0,11110010010000010100
84,11.0,11110010010000010100,11.0,11110010010000010100
84,11.0,11110010010000010100,11.0,11110010010000010100
84,11.0,11110010010000010100,11.0,11110010010000010100
84,11.0,11110010010000010100,11.0,11110010010000010100
84,11.0,11110010010000010100,11.0,11110010010000010100
84,11.0,11110010010000010100,11.0,11110010010000010100
84,11.0,11110010010000010100,11.0,11110010010000010100
84,11.0,11110010010000010100,11.0,11110010010000010100
84,11.0,11110010010000010100,11.0,11110010010000010100
84,11.0,11110010010000010100,11.0,11110010010000010100
84,11.0,11110010010000010100,11.0,11110010010000010100
84,11.0,11110010010000010100,11.0,11110010010000010100
84,11.0,11110010010000010100,11.0,11110010010000010100
84,11.0,11110010010000010100,11.0,11110010010000010100
84,11.0,11110010010000010100,11.0,11110010010000010100
84,11.0,11110010010000010100,11.0,11110010010000010100
84,11.0,11110010010000010100,11.0,11110010010000010100
84,11.0,11110010010000010100,11.0,11110010010000010100
84,11.0,11110010010000010100,11.0,11110010010000010100
84,11.0,11110010010000010100,11.0,11110010010000010100
84,11.0,11110010010000010100,11.0,11110010010000010100
84,11.0,11110010010000010100,11.0,11110010010000010100
84,11.0,11110010010000010100,11.0,11110010010000010100
84,11.0,11110010010000010100,11.0,11110010010000010100
84,11.0,11110010010000010100,11.0,11110010010000010100
84,11.0,11110010010000010100,11.0,11110010010000010100
84,11.0,11110010010000010100,11.0,11110010010000010100
84,11.0,11110010010000010100,11.0,11110010010000010100
84,11.0,11110010010000010100,11.0,11110010010000010100
84,11.0,11110010010000010100,11.0,11110010010000010100
84,11.0,11110010010000010100,11.0,11110010010000010100
84,11.0,11110010010000010100,11.0,11110010010000010100
84,11.0,11110010010000010100,11.0,11110010010000010100
84,11.0,11110010010000010100,11.0,11110010010000010100
84,11.0,11110010010000010100,11.0,11110010010000010100
84,11.0,11110010010000010100,11.0,11110010010000010100
84,11.0,11110010010000010100,11.0,11110010010000010100
84,11.0,11110010010000010100,11.0,11110010010000010100
84,11.0,11110010010000010100,11.0,11110010010000010100
84,11.0,11110010010000010100,11.0,11110010010000010100
84,11.0,11110010010000010100,11.0,11110010010000010100
84,11.0,11110010010000010100,11.0,11110010010000010100
84,11.0,11110010010000010100,11.0,11110010010000010100
84,11.0,11110010010000010100,11.0,11110010010000010100
85,39529.0,11001001001111100011,37021.0,11000001101111100000
85,37021.0,11000001101111100000,37021.0,11000001101111100000
85,37021.0,11000001101111100000,4251.0,11000101101101100010
85,4251.0,11000101101101100010,4251.0,11000101101101100010
85,4251.0,11000101101101100010,337.0,10001101011101110010
85,337.0,10001101011101110010,337.0,10001101011101110010
85,337.0,10001101011101110010,337.0,10001101011101110010
85,337.0,10001101011101110010,255.0,11100100001101110011
85,255.0,11100100001101110011,255.0,11100100001101110011
85,255.0,11100100001101110011,255.0,11100100001101110011
85,255.0,11100100001101110011,255.0,11100100001101110011
85,255.0,11100100001101110011,25.0,00111100001101110011
85,25.0,00111100001101110011,25.0,00111100001101110011
85,25.0,00111100001101110011,25.0,00111100001101110011
85,25.0,00111100001101110011,25.0,00111100001101110011
85,25.0,00111100001101110011,25.0,00111100001101110011
85,25.0,00111100001101110011,25.0,00111100001101110011
85,25.0,00111100001101110011,25.0,00111100001101110011
85,25.0,00111100001101110011,25.0,00111100001101110011
85,25.0,00111100001101110011,25.0,00111100001101110011
85,25.0,00111100001101110011,25.0,00111100001101110011
85,25.0,00111100001101110011,25.0,00111100001101110011
85,25.0,00111100001101110011,25.0,00111100001101110011
85,25.0,00111100001101110011,25.0,00111100001101110011
85,25.0,00111100001101110011,25.0,00111100001101110011
85,25.0,00111100001101110011,25.0,00111100001101110011
85,25.0,00111100001101110011,25.0,00111100001101110011
85,25.0,00111100001101110011,25.0,00111100001101110011
85,25.0,00111100001101110011,25.0,00111100001101110011
85,25.0,00111100001101110011,25.0,00111100001101110011
85,25.0,00111100001101110011,25.0,00111100001101110011
85,25.0,00111100001101110011,25.0,00111100001101110011
85,25.0,00111100001101110011,25.0,00111100001101110011
85,25.0,00111100001101110011,25.0,00111100001101110011
85,25.0,00111100001101110011,25.0,00111100001101110011
85,25.0,00111100001101110011,25.0,00111100001101110011
85,25.0,00111100001101110011,25.0,00111100001101110011
85,25.0,00111100001101110011,25.0,00111100001101110011
85,25.0,00111100001101110011,25.0,00111100001101110011
85,25.0,00111100001101110011,25.0,00111100001101110011
85,25.0,00111100001101110011,25.0,00111100001101110011
85,25.0,00111100001101110011,25.0,00111100001101110011
85,25.0,00111100001101110011,25.0,00111100001101110011
85,25.0,00111100001101110011,25.0,00111100001101110011
85,25.0,00111100001101110011,25.0,00111100001101110011
85,25.0,00111100001101110011,25.0,00111100001101110011
85,25.0,00111100001101110011,25.0,00111100001101110011
85,25.0,00111100001101110011,25.0,00111100001101110011
85,25.0,00111100001101110011,25.0,00111100001101110011
85,25.0,00111100001101110011,25.0,00111100001101110011
86,28027.0,00111101000101000111,28027.0,00111101000101000111
86,28027.0,00111101000101000111,23299.0,10011010000101001101
86,23299.0,10011010000101001101,3199.0,10111010100010001101
86,3199.0,10111010100010001101,3199.0,10111010100010001101
86,3199.0,10111010100010001101,2027.0,10010110100110101100
86,2027.0,10010110100110101100,653.0,10000111100110101100
86,653.0,10000111100110101100,653.0,10000111100110101100
86,653.0,10000111100110101100,345.0,00001011100101101101
86,345.0,00001011100101101101,345.0,00001011100101101101
86,345.0,00001011100101101101,345.0,00001011100101101101
86,345.0,00001011100101101101,345.0,00001011100101101101
86,345.0,00001011100101101101,345.0,00001011100101101101
86,345.0,00001011100101101101,131.0,01001111110100111001
86,131.0,01001111110100111001,131.0,01001111110100111001
86,131.0,01001111110100111001,131.0,01001111110100111001
86,131.0,01001111110100111001,131.0,01001111110100111001
86,131.0,01001111110100111001,131.0,01001111110100111001
86,131.0,01001111110100111001,3.0,01001101110110111101
86,3.0,01001101110110111101,3.0,01001101110110111101
86,3.0,01001101110110111101,3.0,01001101110110111101
86,3.0,01001101110110111101,3.0,01001101110110111101
86,3.0,01001101110110111101,3.0,01001101110110111101
86,3.0,01001101110110111101,3.0,01001101110110111101
86,3.0,01001101110110111101,3.0,01001101110110111101
86,3.0,01001101110110111101,3.0,01001101110110111101
86,3.0,01001101110110111101,3.0,01001101110110111101
86,3.0,01001101110110111101,3.0,01001101110110111101
86,3.0,01001101110110111101,3.0,01001101110110111101
86,3.0,01001101110110111101,3.0,01001101110110111101
86,3.0,01001101110110111101,3.0,01001101110110111101
86,3.0,01001101110110111101,3.0,01001101110110111101
86,3.0,01001101110110111101,3.0,01001101110110111101
86,3.0,01001101110110111101,3.0,01001101110110111101
86,3.0,01001101110110111101,3.0,01001101110110111101
86,3.0,01001101110110111101,3.0,01001101110110111101
86,3.0,01001101110110111101,3.0,01001101110110111101
86,3.0,01001101110110111101,3.0,01001101110110111101
86,3.0,01001101110110111101,3.0,01001101110110111101
86,3.0,01001101110110111101,3.0,01001101110110111101
86,3.0,01001101110110111101,3.0,01001101110110111101
86,3.0,01001101110110111101,3.0,01001101110110111101
86,3.0,01001101110110111101,3.0,01001101110110111101
86,3.0,01001101110110111101,3.0,01001101110110111101
86,3.0,01001101110110111101,3.0,01001101110110111101
86,3.0,01001101110110111101,3.0,01001101110110111101
86,3.0,01001101110110111101,3.0,01001101110110111101
86,3.0,01001101110110111101,3.0,01001101110110111101
86,3.0,01001101110110111101,3.0,01001101110110111101
86,3.0,01001101110110111101,3.0,01001101110110111101
86,3.0,01001101110110111101,3.0,01001101110110111101
86,3.0,01001101110110111101,3.0,01001101110110111101
86,3.0,01001101110110111101,3.0,01001101110110111101
86,3.0,01001101110110111101,3.0,01001101110110111101
86,3.0,01001101110110111101,3.0,01001101110110111101
86,3.0,01001101110110111101,3.0,01001101110110111101
86,3.0,01001101110110111101,3.0,01001101110110111101
86,3.0,01001101110110111101,3.0,01001101110110111101
86,3.0,01001101110110111101,3.0,01001101110110111101
86,3.0,01001101110110111101,3.0,01001101110110111101
86,3.0,01001101110110111101,3.0,01001101110110111101
86,3.0,01001101110110111101,3.0,01001101110110111101
86,3.0,01001101110110111101,3.0,01001101110110111101
86,3.0,01001101110110111101,3.0,01001101110110111101
86,3.0,01001101110110111101,3.0,01001101110110111101
87,22443.0,01001011100111000111,1427.0,01000011010111000111
87,1427.0,01000011010111000111,53.0,01010010010111000111
87,53.0,01010010010111000111,53.0,01010010010111000111
87,53.0,01010010010111000111,53.0,01010010010111000111
87,53.0,01010010010111000111,53.0,01010010010111000111
87,53.0,01010010010111000111,53.0,01010010010111000111
87,53.0,01010010010111000111,53.0,01010010010111000111
87,53.0,01010010010111000111,53.0,01010010010111000111
87,53.0,01010010010111000111,53.0,01010010010111000111
87,53.0,01010010010111000111,53.0,01010010010111000111
87,53.0,01010010010111000111,53.0,01010010010111000111
87,53.0,01010010010111000111,53.0,01010010010111000111
87,53.0,01010010010111000111,53.0,01010010010111000111
87,53.0,01010010010111000111,53.0,01010010010111000111
87,53.0,01010010010111000111,53.0,01010010010111000111
87,53.0,01010010010111000111,53.0,01010010010111000111
87,53.0,01010010010111000111,53.0,01010010010111000111
87,53.0,01010010010111000111,53.0,01010010010111000111
87,53.0,01010010010111000111,53.0,01010010010111000111
87,53.0,01010010010111000111,53.0,01010010010111000111
87,53.0,01010010010111000111,53.0,01010010010111000111
87,53.0,01010010010111000111,53.0,01010010010111000111
87,53.0,01010010010111000111,53.0,01010010010111000111
88,77899.0,10010001111001100000,1961.0,10010001100001111001
88,1961.0,10010001100001111001,911.0,00010101010001011100
88,911.0,00010101010001011100,331.0,00011011010000011111
88,331.0,00011011010000011111,331.0,00011011010000011111
88,331.0,00011011010000011111,209.0,00010011001000001100
88,209.0,00010011001000001100,209.0,00010011001000001100
88,209.0,00010011001000001100,209.0,00010011001000001100
88,209.0,00010011001000001100,209.0,00010011001000001100
88,209.0,00010011001000001100,209.0,00010011001000001100
88,209.0,00010011001000001100,209.0,00010011001000001100
88,209.0,00010011001000001100,209.0,00010011001000001100
88,209.0,00010011001000001100,209.0,00010011001000001100
88,209.0,00010011001000001100,141.0,00011101001010101111
88,141.0,00011101001010101111,141.0,00011101001010101111
88,141.0,00011101001010101111,141.0,00011101001010101111
88,141.0,00011101001010101111,141.0,00011101001010101111
88,141.0,00011101001010101111,141.0,00011101001010101111
88,141.0,00011101001010101111,141.0,00011101001010101111
88,141.0,00011101001010101111,141.0,00011101001010101111
88,141.0,00011101001010101111,141.0,00011101001010101111
88,141.0,00011101001010101111,141.0,00011101001010101111
88,141.0,00011101001010101111,141.0,00011101001010101111
88,141.0,00011101001010101111,141.0,00011101001010101111
88,141.0,00011101001010101111,141.0,00011101001010101111
88,141.0,00011101001010101111,141.0,00011101001010101111
88,141.0,00011101001010101111,141.0,00011101001010101111
88,141.0,00011101001010101111,141.0,00011101001010101111
88,141.0,00011101001010101111,141.0,00011101001010101111
88,141.0,00011101001010101111,59.0,00011010001001001110
88,59.0,00011010001001001110,59.0,00011010001001001110
88,59.0,00011010001001001110,59.0,00011010001001001110
88,59.0,00011010001001001110,59.0,00011010001001001110
88,59.0,00011010001001001110,59.0,00011010001001001110
88,59.0,00011010001001001110,59.0,00011010001001001110
88,59.0,00011010001001001110,59.0,00011010001001001110
88,59.0,00011010001001001110,59.0,00011010001001001110
88,59.0,00011010001001001110,59.0,00011010001001001110
88,59.0,00011010001001001110,59.0,00011010001001001110
88,59.0,00011010001001001110,59.0,00011010001001001110
88,59.0,00011010001001001110,59.0,00011010001001001110
88,59.0,00011010001001001110,59.0,00011010001001001110
88,59.0,00011010001001001110,59.0,00011010001001001110
88,59.0,00011010001001001110,59.0,00011010001001001110
88,59.0,00011010001001001110,59.0,00011010001001001110
88,59.0,00011010001001001110,59.0,00011010001001001110
88,59.0,00011010001001001110,59.0,00011010001001001110
88,59.0,00011010001001001110,59.0,00011010001001001110
88,59.0,00011010001001001110,59.0,00011010001001001110
88,59.0,00011010001001001110,59.0,00011010001001001110
88,59.0,00011010001001001110,59.0,00011010001001001110
88,59.0,00011010001001001110,59.0,00011010001001001110
88,59.0,00011010001001001110,59.0,00011010001001001110
88,59.0,00011010001001001110,59.0,00011010001001001110
88,59.0,00011010001001001110,59.0,00011010001001001110
88,59.0,00011010001001001110,59.0,00011010001001001110
88,59.0,00011010001001001110,59.0,00011010001001001110
88,59.0,00011010001001001110,59.0,00011010001001001110
88,59.0,00011010001001001110,59.0,00011010001001001110
88,59.0,00011010001001001110,59.0,00011010001001001110
88,59.0,00011010001001001110,59.0,00011010001001001110
88,59.0,00011010001001001110,59.0,00011010001001001110
88,59.0,00011010001001001110,59.0,00011010001001001110
88,59.0,00011010001001001110,59.0,00011010001001001110
88,59.0,00011010001001001110,59.0,00011010001001001110
88,59.0,00011010001001001110,59.0,00011010001001001110
88,59.0,00011010001001001110,59.0,00011010001001001110
88,59.0,00011010001001001110,59.0,00011010001001001110
88,59.0,00011010001001001110,59.0,00011010001001001110
88,59.0,00011010001001001110,59.0,00011010001001001110
88,59.0,00011010001001001110,59.0,00011010001001001110
88,59.0,00011010001001001110,59.0,00011010001001001110
88,59.0,00011010001001001110,59.0,00011010001001001110
88,59.0,00011010001001001110,59.0,00011010001001001110
88,59.0,00011010001001001110,59.0,00011010001001001110
89,7325.0,10001101010101011101,1191.0,11000101110110101100
89,1191.0,11000101110110101100,1191.0,11000101110110101100
89,1191.0,11000101110110101100,179.0,10001001011110101100
89,179.0,10001001011110101100,179.0,10001001011110101100
89,179.0,10001001011110101100,153.0,00000101011111101010
89,153.0,00000101011111101010,153.0,00000101011111101010
89,153.0,00000101011111101010,81.0,00011001010111101011
89,81.0,00011001010111101011,81.0,00011001010111101011
89,81.0,00011001010111101011,81.0,00011001010111101011
89,81.0,00011001010111101011,81.0,00011001010111101011
89,81.0,00011001010111101011,81.0,00011001010111101011
89,81.0,00011001010111101011,81.0,00011001010111101011
89,81.0,00011001010111101011,81.0,00011001010111101011
89,81.0,00011001010111101011,81.0,00011001010111101011
89,81.0,00011001010111101011,81.0,00011001010111101011
89,81.0,00011001010111101011,81.0,00011001010111101011
89,81.0,00011001010111101011,81.0,00011001010111101011
89,81.0,00011001010111101011,81.0,00011001010111101011
89,81.0,00011001010111101011,81.0,00011001010111101011
89,81.0,00011001010111101011,81.0,00011001010111101011
89,81.0,00011001010111101011,81.0,00011001010111101011
89,81.0,00011001010111101011,81.0,00011001010111101011
89,81.0,00011001010111101011,81.0,00011001010111101011
89,81.0,00011001010111101011,81.0,00011001010111101011
89,81.0,00011001010111101011,81.0,00011001010111101011
89,81.0,00011001010111101011,81.0,00011001010111101011
89,81.0,00011001010111101011,81.0,00011001010111101011
89,81.0,00011001010111101011,81.0,00011001010111101011
89,81.0,00011001010111101011,81.0,00011001010111101011
89,81.0,00011001010111101011,81.0,00011001010111101011
89,81.0,00011001010111101011,81.0,00011001010111101011
89,81.0,00011001010111101011,81.0,00011001010111101011
89,81.0,00011001010111101011,81.0,00011001010111101011
89,81.0,00011001010111101011,81.0,00011001010111101011
89,81.0,00011001010111101011,81.0,00011001010111101011
89,81.0,00011001010111101011,81.0,00011001010111101011
90,12383.0,10010001101000111000,3879.0,10011011100000111000
90,3879.0,10011011100000111000,3879.0,10011011100000111000
90,3879.0,10011011100000111000,2553.0,10011011100000110110
90,2553.0,10011011100000110110,2553.0,10011011100000110110
90,2553.0,10011011100000110110,2553.0,10011011100000110110
90,2553.0,10011011100000110110,1051.0,10011001100001110110
90,1051.0,10011001100001110110,1051.0,10011001100001110110
90,1051.0,10011001100001110110,1051.0,10011001100001110110
90,1051.0,10011001100001110110,489.0,10000111100011010110
90,489.0,10000111100011010110,473.0,10001001001001011101
90,473.0,10001001001001011101,473.0,10001001001001011101
90,473.0,10001001001001011101,473.0,10001001001001011101
90,473.0,10001001001001011101,473.0,10001001001001011101
90,473.0,10001001001001011101,473.0,10001001001001011101
90,473.0,10001001001001011101,473.0,10001001001001011101
90,473.0,10001001001001011101,303.0,00000001001101011111
90,303.0,00000001001101011111,303.0,00000001001101011111
90,303.0,00000001001101011111,303.0,00000001001101011111
90,303.0,00000001001101011111,303.0,00000001001101011111
90,303.0,00000001001101011111,303.0,00000001001101011111
90,303.0,00000001001101011111,169.0,01101101000101011010
90,169.0,01101101000101011010,169.0,01101101000101011010
90,169.0,01101101000101011010,169.0,01101101000101011010
90,169.0,01101101000101011010,169.0,01101101000101011010
90,169.0,01101101000101011010,169.0,01101101000101011010
90,169.0,01101101000101011010,169.0,01101101000101011010
90,169.0,01101101000101011010,169.0,01101101000101011010
90,169.0,01101101000101011010,169.0,01101101000101011010
90,169.0,01101101000101011010,169.0,01101101000101011010
90,169.0,01101101000101011010,169.0,01101101000101011010
90,169.0,01101101000101011010,111.0,01100001000111010110
90,111.0,01100001000111010110,111.0,01100001000111010110
90,111.0,01100001000111010110,111.0,01100001000111010110
90,111.0,01100001000111010110,111.0,01100001000111010110
90,111.0,01100001000111010110,111.0,01100001000111010110
90,111.0,01100001000111010110,111.0,01100001000111010110
90,111.0,01100001000111010110,111.0,01100001000111010110
90,111.0,01100001000111010110,7.0,11100000110111010100
90,7.0,11100000110111010100,7.0,11100000110111010100
90,7.0,11100000110111010100,7.0,11100000110111010100
90,7.0,11100000110111010100,7.0,11100000110111010100
90,7.0,11100000110111010100,7.0,11100000110111010100
90,7.0,11100000110111010100,7.0,11100000110111010100
90,7.0,11100000110111010100,7.0,11100000110111010100
90,7.0,11100000110111010100,7.0,11100000110111010100
90,7.0,11100000110111010100,7.0,11100000110111010100
90,7.0,11100000110111010100,7.0,11100000110111010100
90,7.0,11100000110111010100,7.0,11100000110111010100
90,7.0,11100000110111010100,7.0,11100000110111010100
90,7.0,11100000110111010100,7.0,11100000110111010100
90,7.0,11100000110111010100,7.0,11100000110111010100
90,7.0,11100000110111010100,7.0,11100000110111010100
90,7.0,11100000110111010100,7.0,11100000110111010100
90,7.0,11100000110111010100,7.0,11100000110111010100
90,7.0,11100000110111010100,7.0,11100000110111010100
90,7.0,11100000110111010100,7.0,11100000110111010100
90,7.0,11100000110111010100,7.0,11100000110111010100
90,7.0,11100000110111010100,7.0,11100000110111010100
90,7.0,11100000110111010100,7.0,11100000110111010100
90,7.0,11100000110111010100,7.0,11100000110111010100
90,7.0,11100000110111010100,7.0,11100000110111010100
90,7.0,11100000110111010100,7.0,11100000110111010100
90,7.0,11100000110111010100,7.0,11100000110111010100
90,7.0,11100000110111010100,7.0,11100000110111010100
90,7.0,11100000110111010100,7.0,11100000110111010100
90,7.0,11100000110111010100,7.0,11100000110111010100
90,7.0,11100000110111010100,7.0,11100000110111010100
90,7.0,11100000110111010100,7.0,11100000110111010100
90,7.0,11100000110111010100,7.0,11100000110111010100
90,7.0,11100000110111010100,7.0,11100000110111010100
90,7.0,11100000110111010100,7.0,11100000110111010100
90,7.0,11100000110111010100,7.0,11100000110111010100
90,7.0,11100000110111010100,7.0,11100000110111010100
90,7.0,11100000110111010100,7.0,11100000110111010100
90,7.0,11100000110111010100,7.0,11100000110111010100
90,7.0,11100000110111010100,7.0,11100000110111010100
90,7.0,11100000110111010100,7.0,11100000110111010100
90,7.0,11100000110111010100,7.0,11100000110111010100
90,7.0,11100000110111010100,7.0,11100000110111010100
90,7.0,11100000110111010100,7.0,11100000110111010100
90,7.0,11100000110111010100,7.0,11100000110111010100
90,7.0,11100000110111010100,7.0,11100000110111010100
90,7.0,11100000110111010100,7.0,11100000110111010100
90,7.0,11100000110111010100,7.0,11100000110111010100
90,7.0,11100000110111010100,7.0,11100000110111010100
90,7.0,11100000110111010100,7.0,11100000110111010100
90,7.0,11100000110111010100,7.0,11100000110111010100
90,7.0,11100000110111010100,7.0,11100000110111010100
90,7.0,11100000110111010100,7.0,11100000110111010100
91,11723.0,10010000100111011100,7979.0,11011000000111001110
91,7979.0,11011000000111001110,5849.0,01111100000011001110
91,5849.0,01111100000011001110,129.0,01011100010111001111
91,129.0,01011100010111001111,129.0,01011100010111001111
91,129.0,01011100010111001111,129.0,01011100010111001111
91,129.0,01011100010111001111,129.0,01011100010111001111
91,129.0,01011100010111001111,129.0,01011100010111001111
91,129.0,01011100010111001111,129.0,01011100010111001111
91,129.0,01011100010111001111,129.0,01011100010111001111
91,129.0,01011100010111001111,129.0,01011100010111001111
91,129.0,01011100010111001111,129.0,01011100010111001111
91,129.0,01011100010111001111,129.0,01011100010111001111
91,129.0,01011100010111001111,53.0,01010010010111000111
91,53.0,01010010010111000111,53.0,01010010010111000111
91,53.0,01010010010111000111,53.0,01010010010111000111
91,53.0,01010010010111000111,53.0,01010010010111000111
91,53.0,01010010010111000111,53.0,01010010010111000111
91,53.0,01010010010111000111,53.0,01010010010111000111
91,53.0,01010010010111000111,53.0,01010010010111000111
91,53.0,01010010010111000111,53.0,01010010010111000111
91,53.0,01010010010111000111,53.0,01010010010111000111
91,53.0,01010010010111000111,53.0,01010010010111000111
91,53.0,01010010010111000111,53.0,01010010010111000111
91,53.0,01010010010111000111,53.0,01010010010111000111
91,53.0,01010010010111000111,53.0,01010010010111000111
91,53.0,01010010010111000111,53.0,01010010010111000111
91,53.0,01010010010111000111,53.0,01010010010111000111
91,53.0,01010010010111000111,53.0,01010010010111000111
91,53.0,01010010010111000111,53.0,01010010010111000111
91,53.0,01010010010111000111,53.0,01010010010111000111
91,53.0,01010010010111000111,53.0,01010010010111000111
91,53.0,01010010010111000111,53.0,01010010010111000111
91,53.0,01010010010111000111,53.0,01010010010111000111
91,53.0,01010010010111000111,53.0,01010010010111000111
91,53.0,01010010010111000111,53.0,01010010010111000111
91,53.0,01010010010111000111,53.0,01010010010111000111
92,10485.0,00010110111000101100,9199.0,10110110001000001011
92,9199.0,10110110001000001011,7533.0,00110111000100001010
92,7533.0,00110111000100001010,7533.0,00110111000100001010
92,7533.0,00110111000100001010,7533.0,00110111000100001010
92,7533.0,00110111000100001010,7137.0,01111101100100001011
92,7137.0,01111101100100001011,7137.0,01111101100100001011
92,7137.0,01111101100100001011,1041.0,01110001000100001100
92,1041.0,01110001000100001100,1041.0,01110001000100001100
92,1041.0,01110001000100001100,1041.0,01110001000100001100
92,1041.0,01110001000100001100,1041.0,01110001000100001100
92,1041.0,01110001000100001100,747.0,01010001011000001100
92,747.0,01010001011000001100,747.0,01010001011000001100
92,747.0,01010001011000001100,605.0,01011001101000001101
92,605.0,01011001101000001101,605.0,01011001101000001101
92,605.0,01011001101000001101,605.0,01011001101000001101
92,605.0,01011001101000001101,605.0,01011001101000001101
92,605.0,01011001101000001101,605.0,01011001101000001101
92,605.0,01011001101000001101,209.0,00010011001000001100
92,209.0,00010011001000001100,209.0,00010011001000001100
92,209.0,00010011001000001100,209.0,00010011001000001100
92,209.0,00010011001000001100,65.0,00010011001010100111
92,65.0,00010011001010100111,65.0,00010011001010100111
92,65.0,00010011001010100111,65.0,00010011001010100111
92,65.0,00010011001010100111,65.0,00010011001010100111
92,65.0,00010011001010100111,65.0,00010011001010100111
92,65.0,00010011001010100111,65.0,00010011001010100111
92,65.0,00010011001010100111,65.0,00010011001010100111
92,65.0,00010011001010100111,65.0,00010011001010100111
92,65.0,00010011001010100111,65.0,00010011001010100111
92,65.0,00010011001010100111,65.0,00010011001010100111
92,65.0,00010011001010100111,65.0,00010011001010100111
92,65.0,00010011001010100111,65.0,00010011001010100111
92,65.0,00010011001010100111,65.0,00010011001010100111
92,65.0,00010011001010100111,65.0,00010011001010100111
92,65.0,00010011001010100111,65.0,00010011001010100111
92,65.0,00010011001010100111,65.0,00010011001010100111
92,65.0,00010011001010100111,65.0,00010011001010100111
92,65.0,00010011001010100111,65.0,00010011001010100111
92,65.0,00010011001010100111,65.0,00010011001010100111
92,65.0,00010011001010100111,65.0,00010011001010100111
92,65.0,00010011001010100111,7.0,00011111001000101011
92,7.0,00011111001000101011,7.0,00011111001000101011
92,7.0,00011111001000101011,7.0,00011111001000101011
92,7.0,00011111001000101011,7.0,00011111001000101011
92,7.0,00011111001000101011,7.0,00011111001000101011
92,7.0,00011111001000101011,7.0,00011111001000101011
92,7.0,00011111001000101011,7.0,00011111001000101011
92,7.0,00011111001000101011,7.0,00011111001000101011
92,7.0,00011111001000101011,7.0,00011111001000101011
92,7.0,00011111001000101011,7.0,00011111001000101011
92,7.0,00011111001000101011,7.0,00011111001000101011
92,7.0,00011111001000101011,7.0,00011111001000101011
92,7.0,00011111001000101011,7.0,00011111001000101011
92,7.0,00011111001000101011,7.0,00011111001000101011
92,7.0,00011111001000101011,7.0,00011111001000101011
92,7.0,00011111001000101011,7.0,00011111001000101011
92,7.0,00011111001000101011,7.0,00011111001000101011
92,7.0,00011111001000101011,7.0,00011111001000101011
92,7.0,00011111001000101011,7.0,00011111001000101011
92,7.0,00011111001000101011,7.0,00011111001000101011
92,7.0,00011111001000101011,7.0,00011111001000101011
92,7.0,00011111001000101011,7.0,00011111001000101011
92,7.0,00011111001000101011,7.0,00011111001000101011
92,7.0,00011111001000101011,7.0,00011111001000101011
92,7.0,00011111001000101011,7.0,00011111001000101011
92,7.0,00011111001000101011,7.0,00011111001000101011
92,7.0,00011111001000101011,7.0,00011111001000101011
92,7.0,00011111001000101011,7.0,00011111001000101011
92,7.0,00011111001000101011,7.0,00011111001000101011
92,7.0,00011111001000101011,7.0,00011111001000101011
92,7.0,00011111001000101011,7.0,00011111001000101011
92,7.0,00011111001000101011,7.0,00011111001000101011
92,7.0,00011111001000101011,7.0,00011111001000101011
92,7.0,00011111001000101011,7.0,00011111001000101011
92,7.0,00011111001000101011,7.0,00011111001000101011
92,7.0,00011111001000101011,7.0,00011111001000101011
92,7.0,00011111001000101011,7.0,00011111001000101011
92,7.0,00011111001000101011,7.0,00011111001000101011
92,7.0,00011111001000101011,7.0,00011111001000101011
92,7.0,00011111001000101011,7.0,00011111001000101011
92,7.0,00011111001000101011,7.0,00011111001000101011
92,7.0,00011111001000101011,7.0,00011111001000101011
92,7.0,00011111001000101011,7.0,00011111001000101011
93,26897.0,00011001101010111011,26897.0,00011001101010111011
93,26897.0,00011001101010111011,477.0,00010000101001111101
93,477.0,00010000101001111101,477.0,00010000101001111101
93,477.0,00010000101001111101,241.0,01000010001101110111
93,241.0,01000010001101110111,191.0,00000011001101100110
93,191.0,00000011001101100110,191.0,00000011001101100110
93,191.0,00000011001101100110,191.0,00000011001101100110
93,191.0,00000011001101100110,191.0,00000011001101100110
93,191.0,00000011001101100110,191.0,00000011001101100110
93,191.0,00000011001101100110,191.0,00000011001101100110
93,191.0,00000011001101100110,191.0,00000011001101100110
93,191.0,00000011001101100110,191.0,00000011001101100110
93,191.0,00000011001101100110,191.0,00000011001101100110
93,191.0,00000011001101100110,191.0,00000011001101100110
93,191.0,00000011001101100110,191.0,00000011001101100110
93,191.0,00000011001101100110,191.0,00000011001101100110
93,191.0,00000011001101100110,191.0,00000011001101100110
93,191.0,00000011001101100110,87.0,00000011101111100011
93,87.0,00000011101111100011,87.0,00000011101111100011
93,87.0,00000011101111100011,87.0,00000011101111100011
93,87.0,00000011101111100011,87.0,00000011101111100011
93,87.0,00000011101111100011,39.0,01000110101111000111
93,39.0,01000110101111000111,39.0,01000110101111000111
93,39.0,01000110101111000111,39.0,01000110101111000111
93,39.0,01000110101111000111,39.0,01000110101111000111
93,39.0,01000110101111000111,39.0,01000110101111000111
93,39.0,01000110101111000111,39.0,01000110101111000111
93,39.0,01000110101111000111,39.0,01000110101111000111
93,39.0,01000110101111000111,39.0,01000110101111000111
93,39.0,01000110101111000111,39.0,01000110101111000111
93,39.0,01000110101111000111,39.0,01000110101111000111
93,39.0,01000110101111000111,39.0,01000110101111000111
93,39.0,01000110101111000111,39.0,01000110101111000111
93,39.0,01000110101111000111,39.0,01000110101111000111
93,39.0,01000110101111000111,39.0,01000110101111000111
93,39.0,01000110101111000111,39.0,01000110101111000111
93,39.0,01000110101111000111,39.0,01000110101111000111
93,39.0,01000110101111000111,39.0,01000110101111000111
93,39.0,01000110101111000111,39.0,01000110101111000111
93,39.0,01000110101111000111,39.0,01000110101111000111
93,39.0,01000110101111000111,39.0,01000110101111000111
93,39.0,01000110101111000111,39.0,01000110101111000111
93,39.0,01000110101111000111,39.0,01000110101111000111
93,39.0,01000110101111000111,39.0,01000110101111000111
93,39.0,01000110101111000111,39.0,01000110101111000111
93,39.0,01000110101111000111,39.0,01000110101111000111
93,39.0,01000110101111000111,39.0,01000110101111000111
93,39.0,01000110101111000111,39.0,01000110101111000111
93,39.0,01000110101111000111,39.0,01000110101111000111
93,39.0,01000110101111000111,39.0,01000110101111000111
93,39.0,01000110101111000111,39.0,01000110101111000111
93,39.0,01000110101111000111,39.0,01000110101111000111
94,9939.0,01000111111001000010,5899.0,01100110111001100001
94,5899.0,01100110111001100001,5899.0,01100110111001100001
94,5899.0,01100110111001100001,377.0,01101110111001100000
94,377.0,01101110111001100000,377.0,01101110111001100000
94,377.0,01101110111001100000,377.0,01101110111001100000
94,377.0,01101110111001100000,377.0,01101110111001100000
94,377.0,01101110111001100000,243.0,00100011111001000000
94,243.0,00100011111001000000,243.0,00100011111001000000
94,243.0,00100011111001000000,243.0,00100011111001000000
94,243.0,00100011111001000000,243.0,00100011111001000000
94,243.0,00100011111001000000,243.0,00100011111001000000
94,243.0,00100011111001000000,243.0,00100011111001000000
94,243.0,00100011111001000000,193.0,01100010111001010001
94,193.0,01100010111001010001,193.0,01100010111001010001
94,193.0,01100010111001010001,193.0,01100010111001010001
94,193.0,01100010111001010001,193.0,01100010111001010001
94,193.0,01100010111001010001,193.0,01100010111001010001
94,193.0,01100010111001010001,117.0,01101100111001011001
94,117.0,01101100111001011001,117.0,01101100111001011001
94,117.0,01101100111001011001,117.0,01101100111001011001
94,117.0,01101100111001011001,117.0,01101100111001011001
94,117.0,01101100111001011001,117.0,01101100111001011001
94,117.0,01101100111001011001,117.0,01101100111001011001
94,117.0,01101100111001011001,117.0,01101100111001011001
94,117.0,01101100111001011001,117.0,01101100111001011001
94,117.0,01101100111001011001,117.0,01101100111001011001
94,117.0,01101100111001011001,117.0,01101100111001011001
94,117.0,01101100111001011001,117.0,01101100111001011001
94,117.0,01101100111001011001,117.0,01101100111001011001
94,117.0,01101100111001011001,117.0,01101100111001011001
94,117.0,01101100111001011001,117.0,01101100111001011001
94,117.0,01101100111001011001,117.0,01101100111001011001
94,117.0,01101100111001011001,117.0,01101100111001011001
94,117.0,01101100111001011001,65.0,11101100110101011000
94,65.0,11101100110101011000,65.0,11101100110101011000
94,65.0,11101100110101011000,65.0,11101100110101011000
94,65.0,11101100110101011000,65.0,11101100110101011000
94,65.0,11101100110101011000,65.0,11101100110101011000
94,65.0,11101100110101011000,65.0,11101100110101011000
94,65.0,11101100110101011000,65.0,11101100110101011000
94,65.0,11101100110101011000,65.0,11101100110101011000
94,65.0,11101100110101011000,65.0,11101100110101011000
94,65.0,11101100110101011000,65.0,11101100110101011000
94,65.0,11101100110101011000,65.0,11101100110101011000
95,74641.0,10111110010010100111,71037.0,10111100010011100111
95,71037.0,10111100010011100111,11203.0,10010100011011100111
95,11203.0,10010100011011100111,8379.0,00010110110011110100
95,8379.0,00010110110011110100,2217.0,10011110110011110001
95,2217.0,10011110110011110001,63.0,10011110010111010011
95,63.0,10011110010111010011,63.0,10011110010111010011
95,63.0,10011110010111010011,63.0,10011110010111010011
95,63.0,10011110010111010011,63.0,10011110010111010011
95,63.0,10011110010111010011,63.0,10011110010111010011
95,63.0,10011110010111010011,63.0,10011110010111010011
95,63.0,10011110010111010011,63.0,10011110010111010011
95,63.0,10011110010111010011,63.0,10011110010111010011
95,63.0,10011110010111010011,63.0,10011110010111010011
95,63.0,10011110010111010011,63.0,10011110010111010011
95,63.0,10011110010111010011,63.0,10011110010111010011
95,63.0,10011110010111010011,63.0,10011110010111010011
95,63.0,10011110010111010011,63.0,10011110010111010011
95,63.0,10011110010111010011,63.0,10011110010111010011
95,63.0,10011110010111010011,63.0,10011110010111010011
95,63.0,10011110010111010011,63.0,10011110010111010011
95,63.0,10011110010111010011,63.0,10011110010111010011
95,63.0,10011110010111010011,63.0,10011110010111010011
95,63.0,10011110010111010011,63.0,10011110010111010011
95,63.0,10011110010111010011,63.0,10011110010111010011
95,63.0,10011110010111010011,63.0,10011110010111010011
95,63.0,10011110010111010011,63.0,10011110010111010011
95,63.0,10011110010111010011,63.0,10011110010111010011
95,63.0,10011110010111010011,63.0,10011110010111010011
95,63.0,10011110010111010011,63.0,10011110010111010011
95,63.0,10011110010111010011,63.0,10011110010111010011
95,63.0,10011110010111010011,63.0,10011110010111010011
95,63.0,10011110010111010011,63.0,10011110010111010011
95,63.0,10011110010111010011,63.0,10011110010111010011
96,63515.0,10000001001111011000,831.0,10000001111111010000
96,831.0,10000001111111010000,411.0,10001001101101010100
96,411.0,10001001101101010100,411.0,10001001101101010100
96,411.0,10001001101101010100,303.0,00000001001101011111
96,303.0,00000001001101011111,303.0,00000001001101011111
96,303.0,00000001001101011111,177.0,01000000101111011101
96,177.0,01000000101111011101,177.0,01000000101111011101
96,177.0,01000000101111011101,177.0,01000000101111011101
96,177.0,01000000101111011101,177.0,01000000101111011101
96,177.0,01000000101111011101,177.0,01000000101111011101
96,177.0,01000000101111011101,177.0,01000000101111011101
96,177.0,01000000101111011101,177.0,01000000101111011101
96,177.0,01000000101111011101,177.0,01000000101111011101
96,177.0,01000000101111011101,177.0,01000000101111011101
96,177.0,01000000101111011101,177.0,01000000101111011101
96,177.0,01000000101111011101,177.0,01000000101111011101
96,177.0,01000000101111011101,177.0,01000000101111011101
96,177.0,01000000101111011101,39.0,01000110101111000111
96,39.0,01000110101111000111,39.0,01000110101111000111
96,39.0,01000110101111000111,39.0,01000110101111000111
96,39.0,01000110101111000111,39.0,01000110101111000111
96,39.0,01000110101111000111,39.0,01000110101111000111
96,39.0,01000110101111000111,39.0,01000110101111000111
96,39.0,01000110101111000111,39.0,01000110101111000111
96,39.0,01000110101111000111,39.0,01000110101111000111
96,39.0,01000110101111000111,39.0,01000110101111000111
96,39.0,01000110101111000111,39.0,01000110101111000111
96,39.0,01000110101111000111,39.0,01000110101111000111
96,39.0,01000110101111000111,39.0,01000110101111000111
96,39.0,01000110101111000111,39.0,01000110101111000111
96,39.0,01000110101111000111,39.0,01000110101111000111
96,39.0,01000110101111000111,39.0,01000110101111000111
96,39.0,01000110101111000111,39.0,01000110101111000111
96,39.0,01000110101111000111,39.0,01000110101111000111
97,5303.0,00000010111011111011,219.0,00001010111011111010
97,219.0,00001010111011111010,219.0,00001010111011111010
97,219.0,00001010111011111010,219.0,00001010111011111010
97,219.0,00001010111011111010,219.0,00001010111011111010
97,219.0,00001010111011111010,219.0,00001010111011111010
97,219.0,00001010111011111010,219.0,00001010111011111010
97,219.0,00001010111011111010,219.0,00001010111011111010
97,219.0,00001010111011111010,215.0,01100000111011101010
97,215.0,01100000111011101010,215.0,01100000111011101010
97,215.0,01100000111011101010,215.0,01100000111011101010
97,215.0,01100000111011101010,215.0,01100000111011101010
97,215.0,01100000111011101010,215.0,01100000111011101010
97,215.0,01100000111011101010,215.0,01100000111011101010
97,215.0,01100000111011101010,215.0,01100000111011101010
97,215.0,01100000111011101010,215.0,01100000111011101010
97,215.0,01100000111011101010,215.0,01100000111011101010
97,215.0,01100000111011101010,215.0,01100000111011101010
97,215.0,01100000111011101010,215.0,01100000111011101010
97,215.0,01100000111011101010,215.0,01100000111011101010
97,215.0,01100000111011101010,215.0,01100000111011101010
97,215.0,01100000111011101010,215.0,01100000111011101010
97,215.0,01100000111011101010,215.0,01100000111011101010
97,215.0,01100000111011101010,215.0,01100000111011101010
97,215.0,01100000111011101010,215.0,01100000111011101010
97,215.0,01100000111011101010,215.0,01100000111011101010
97,215.0,01100000111011101010,205.0,01101000101001101110
97,205.0,01101000101001101110,205.0,01101000101001101110
97,205.0,01101000101001101110,205.0,01101000101001101110
97,205.0,01101000101001101110,205.0,01101000101001101110
97,205.0,01101000101001101110,205.0,01101000101001101110
97,205.0,01101000101001101110,205.0,01101000101001101110
97,205.0,01101000101001101110,205.0,01101000101001101110
97,205.0,01101000101001101110,63.0,01100001101000101100
97,63.0,01100001101000101100,63.0,01100001101000101100
97,63.0,01100001101000101100,63.0,01100001101000101100
97,63.0,01100001101000101100,63.0,01100001101000101100
97,63.0,01100001101000101100,63.0,01100001101000101100
97,63.0,01100001101000101100,63.0,01100001101000101100
97,63.0,01100001101000101100,63.0,01100001101000101100
97,63.0,01100001101000101100,63.0,01100001101000101100
97,63.0,01100001101000101100,63.0,01100001101000101100
97,63.0,01100001101000101100,63.0,01100001101000101100
97,63.0,01100001101000101100,63.0,01100001101000101100
97,63.0,01100001101000101100,63.0,01100001101000101100
97,63.0,01100001101000101100,63.0,01100001101000101100
97,63.0,01100001101000101100,63.0,01100001101000101100
97,63.0,01100001101000101100,63.0,01100001101000101100
97,63.0,01100001101000101100,63.0,01100001101000101100
97,63.0,01100001101000101100,63.0,01100001101000101100
97,63.0,01100001101000101100,63.0,01100001101000101100
97,63.0,01100001101000101100,63.0,01100001101000101100
97,63.0,01100001101000101100,63.0,01100001101000101100
97,63.0,01100001101000101100,63.0,01100001101000101100
97,63.0,01100001101000101100,63.0,01100001101000101100
97,63.0,01100001101000101100,63.0,01100001101000101100
97,63.0,01100001101000101100,63.0,01100001101000101100
97,63.0,01100001101000101100,63.0,01100001101000101100
98,16801.0,01110110010000111000,8163.0,00111111000000011010
98,8163.0,00111111000000011010,2285.0,00110011000000111000
98,2285.0,00110011000000111000,2285.0,00110011000000111000
98,2285.0,00110011000000111000,2285.0,00110011000000111000
98,2285.0,00110011000000111000,2151.0,00110001000010111100
98,2151.0,00110001000010111100,61.0,01111001000010111000
98,61.0,01111001000010111000,61.0,01111001000010111000
98,61.0,01111001000010111000,61.0,01111001000010111000
98,61.0,01111001000010111000,61.0,01111001000010111000
98,61.0,01111001000010111000,61.0,01111001000010111000
98,61.0,01111001000010111000,61.0,01111001000010111000
98,61.0,01111001000010111000,61.0,01111001000010111000
98,61.0,01111001000010111000,61.0,01111001000010111000
98,61.0,01111001000010111000,61.0,01111001000010111000
98,61.0,01111001000010111000,61.0,01111001000010111000
98,61.0,01111001000010111000,61.0,01111001000010111000
98,61.0,01111001000010111000,61.0,01111001000010111000
98,61.0,01111001000010111000,61.0,01111001000010111000
98,61.0,01111001000010111000,61.0,01111001000010111000
98,61.0,01111001000010111000,61.0,01111001000010111000
98,61.0,01111001000010111000,61.0,01111001000010111000
98,61.0,01111001000010111000,61.0,01111001000010111000
98,61.0,01111001000010111000,61.0,01111001000010111000
98,61.0,01111001000010111000,61.0,01111001000010111000
98,61.0,01111001000010111000,61.0,01111001000010111000
98,61.0,01111001000010111000,61.0,01111001000010111000
98,61.0,01111001000010111000,61.0,01111001000010111000
98,61.0,01111001000010111000,61.0,01111001000010111000
98,61.0,01111001000010111000,61.0,01111001000010111000
99,2863.0,01111000001100110101,2863.0,01111000001100110101
99,2863.0,01111000001100110101,1489.0,01101001001100110101
99,1489.0,01101001001100110101,1177.0,01011001001100010110
99,1177.0,01011001001100010110,1177.0,01011001001100010110
99,1177.0,01011001001100010110,1177.0,01011001001100010110
99,1177.0,01011001001100010110,895.0,01010001001110100100
99,895.0,01010001001110100100,895.0,01010001001110100100
99,895.0,01010001001110100100,539.0,01010101001110000111
99,539.0,01010101001110000111,115.0,01011001111010000110
99,115.0,01011001111010000110,115.0,01011001111010000110
99,115.0,01011001111010000110,115.0,01011001111010000110
99,115.0,01011001111010000110,115.0,01011001111010000110
99,115.0,01011001111010000110,115.0,01011001111010000110
99,115.0,01011001111010000110,115.0,01011001111010000110
99,115.0,01011001111010000110,115.0,01011001111010000110
99,115.0,01011001111010000110,115.0,01011001111010000110
99,115.0,01011001111010000110,115.0,01011001111010000110
99,115.0,01011001111010000110,115.0,01011001111010000110
99,115.0,01011001111010000110,115.0,01011001111010000110
99,115.0,01011001111010000110,115.0,01011001111010000110
99,115.0,01011001111010000110,115.0,01011001111010000110
99,115.0,01011001111010000110,115.0,01011001111010000110
99,115.0,01011001111010000110,115.0,01011001111010000110
99,115.0,01011001111010000110,115.0,01011001111010000110
99,115.0,01011001111010000110,115.0,01011001111010000110
100,22067.0,10010001010001110110,9381.0,10111001000001100100
100,9381.0,10111001000001100100,5819.0,10110000100001101110
100,5819.0,10110000100001101110,1601.0,00110100100001111100
100,1601.0,00110100100001111100,653.0,00111100010101111001
100,653.0,00111100010101111001,653.0,00111100010101111001
100,653.0,00111100010101111001,653.0,00111100010101111001
100,653.0,00111100010101111001,653.0,00111100010101111001
100,653.0,00111100010101111001,653.0,00111100010101111001
100,653.0,00111100010101111001,653.0,00111100010101111001
100,653.0,00111100010101111001,653.0,00111100010101111001
100,653.0,00111100010101111001,653.0,00111100010101111001
100,653.0,00111100010101111001,249.0,10100100000111111101
100,249.0,10100100000111111101,249.0,10100100000111111101
100,249.0,10100100000111111101,201.0,10011110000111100101
100,201.0,10011110000111100101,201.0,10011110000111100101
100,201.0,10011110000111100101,201.0,10011110000111100101
100,201.0,10011110000111100101,13.0,10111010000001100111
100,13.0,10111010000001100111,13.0,10111010000001100111
100,13.0,10111010000001100111,13.0,10111010000001100111
100,13.0,10111010000001100111,3.0,10110010001001000010
100,3.0,10110010001001000010,3.0,10110010001001000010
100,3.0,10110010001001000010,3.0,10110010001001000010
100,3.0,10110010001001000010,3.0,10110010001001000010
100,3.0,10110010001001000010,3.0,10110010001001000010
100,3.0,10110010001001000010,3.0,10110010001001000010
100,3.0,10110010001001000010,3.0,10110010001001000010
100,3.0,10110010001001000010,3.0,10110010001001000010
100,3.0,10110010001001000010,3.0,10110010001001000010
100,3.0,10110010001001000010,3.0,10110010001001000010
100,3.0,10110010001001000010,3.0,10110010001001000010
100,3.0,10110010001001000010,3.0,10110010001001000010
100,3.0,10110010001001000010,3.0,10110010001001000010
100,3.0,10110010001001000010,3.0,10110010001001000010
100,3.0,10110010001001000010,3.0,10110010001001000010
100,3.0,10110010001001000010,3.0,10110010001001000010
100,3.0,10110010001001000010,3.0,10110010001001000010
100,3.0,10110010001001000010,3.0,10110010001001000010
100,3.0,10110010001001000010,3.0,10110010001001000010
100,3.0,10110010001001000010,3.0,10110010001001000010
100,3.0,10110010001001000010,3.0,10110010001001000010
100,3.0,10110010001001000010,3.0,10110010001001000010
100,3.0,10110010001001000010,3.0,10110010001001000010
100,3.0,10110010001001000010,3.0,10110010001001000010
100,3.0,10110010001001000010,3.0,10110010001001000010
100,3.0,10110010001001000010,3.0,10110010001001000010
100,3.0,10110010001001000010,3.0,10110010001001000010
100,3.0,10110010001001000010,3.0,10110010001001000010
100,3.0,10110010001001000010,3.0,10110010001001000010
100,3.0,10110010001001000010,3.0,10110010001001000010
100,3.0,10110010001001000010,3.0,10110010001001000010
100,3.0,10110010001001000010,3.0,10110010001001000010
100,3.0,10110010001001000010,3.0,10110010001001000010
100,3.0,10110010001001000010,3.0,10110010001001000010
100,3.0,10110010001001000010,3.0,10110010001001000010
100,3.0,10110010001001000010,3.0,10110010001001000010
100,3.0,10110010001001000010,3.0,10110010001001000010
100,3.0,10110010001001000010,3.0,10110010001001000010
100,3.0,10110010001001000010,3.0,10110010001001000010
100,3.0,10110010001001000010,3.0,10110010001001000010
100,3.0,10110010001001000010,3.0,10110010001001000010
100,3.0,10110010001001000010,3.0,10110010001001000010
100,3.0,10110010001001000010,3.0,10110010001001000010
100,3.0,10110010001001000010,3.0,10110010001001000010
100,3.0,10110010001001000010,3.0,10110010001001000010
100,3.0,10110010001001000010,3.0,10110010001001000010
100,3.0,10110010001001000010,3.0,10110010001001000010
