run,fit1,node1,fit2,node2
1,17563.0,01100101101100101000,13123.0,01101001111100110001
1,13123.0,01101001111100110001,859.0,11100001111000110000
1,859.0,11100001111000110000,859.0,11100001111000110000
1,859.0,11100001111000110000,217.0,01100101011000110101
1,217.0,01100101011000110101,217.0,01100101011000110101
1,217.0,01100101011000110101,217.0,01100101011000110101
1,217.0,01100101011000110101,217.0,01100101011000110101
1,217.0,01100101011000110101,217.0,01100101011000110101
1,217.0,01100101011000110101,217.0,01100101011000110101
1,217.0,01100101011000110101,217.0,01100101011000110101
1,217.0,01100101011000110101,217.0,01100101011000110101
1,217.0,01100101011000110101,217.0,01100101011000110101
1,217.0,01100101011000110101,217.0,01100101011000110101
1,217.0,01100101011000110101,217.0,01100101011000110101
1,217.0,01100101011000110101,217.0,01100101011000110101
1,217.0,01100101011000110101,217.0,01100101011000110101
1,217.0,01100101011000110101,217.0,01100101011000110101
1,217.0,01100101011000110101,217.0,01100101011000110101
1,217.0,01100101011000110101,217.0,01100101011000110101
2,9033.0,11101000011100111010,3639.0,11100001011100010010
2,3639.0,11100001011100010010,355.0,11100000011110011011
2,355.0,11100000011110011011,355.0,11100000011110011011
2,355.0,11100000011110011011,355.0,11100000011110011011
2,355.0,11100000011110011011,355.0,11100000011110011011
2,355.0,11100000011110011011,355.0,11100000011110011011
2,355.0,11100000011110011011,355.0,11100000011110011011
2,355.0,11100000011110011011,355.0,11100000011110011011
2,355.0,11100000011110011011,355.0,11100000011110011011
2,355.0,11100000011110011011,355.0,11100000011110011011
2,355.0,11100000011110011011,167.0,11001000011110111101
2,167.0,11001000011110111101,167.0,11001000011110111101
2,167.0,11001000011110111101,167.0,11001000011110111101
2,167.0,11001000011110111101,167.0,11001000011110111101
2,167.0,11001000011110111101,167.0,11001000011110111101
2,167.0,11001000011110111101,167.0,11001000011110111101
2,167.0,11001000011110111101,167.0,11001000011110111101
2,167.0,11001000011110111101,167.0,11001000011110111101
2,167.0,11001000011110111101,167.0,11001000011110111101
2,167.0,11001000011110111101,167.0,11001000011110111101
2,167.0,11001000011110111101,167.0,11001000011110111101
2,167.0,11001000011110111101,167.0,11001000011110111101
2,167.0,11001000011110111101,167.0,11001000011110111101
2,167.0,11001000011110111101,167.0,11001000011110111101
2,167.0,11001000011110111101,167.0,11001000011110111101
2,167.0,11001000011110111101,167.0,11001000011110111101
2,167.0,11001000011110111101,167.0,11001000011110111101
2,167.0,11001000011110111101,167.0,11001000011110111101
2,167.0,11001000011110111101,167.0,11001000011110111101
2,167.0,11001000011110111101,167.0,11001000011110111101
2,167.0,11001000011110111101,167.0,11001000011110111101
2,167.0,11001000011110111101,167.0,11001000011110111101
2,167.0,11001000011110111101,167.0,11001000011110111101
2,167.0,11001000011110111101,167.0,11001000011110111101
2,167.0,11001000011110111101,167.0,11001000011110111101
2,167.0,11001000011110111101,167.0,11001000011110111101
2,167.0,11001000011110111101,167.0,11001000011110111101
2,167.0,11001000011110111101,167.0,11001000011110111101
2,167.0,11001000011110111101,167.0,11001000011110111101
2,167.0,11001000011110111101,167.0,11001000011110111101
2,167.0,11001000011110111101,167.0,11001000011110111101
2,167.0,11001000011110111101,167.0,11001000011110111101
2,167.0,11001000011110111101,167.0,11001000011110111101
2,167.0,11001000011110111101,167.0,11001000011110111101
2,167.0,11001000011110111101,167.0,11001000011110111101
2,167.0,11001000011110111101,167.0,11001000011110111101
3,26169.0,11000101011010001110,6977.0,01010001111010000111
3,6977.0,01010001111010000111,6977.0,01010001111010000111
3,6977.0,01010001111010000111,4297.0,01110101110010000110
3,4297.0,01110101110010000110,3289.0,01110101010010100110
3,3289.0,01110101010010100110,3105.0,01111101100010100111
3,3105.0,01111101100010100111,3105.0,01111101100010100111
3,3105.0,01111101100010100111,2699.0,11111001000010100101
3,2699.0,11111001000010100101,2699.0,11111001000010100101
3,2699.0,11111001000010100101,981.0,11111101000010110001
3,981.0,11111101000010110001,467.0,11111100010010110111
3,467.0,11111100010010110111,467.0,11111100010010110111
3,467.0,11111100010010110111,467.0,11111100010010110111
3,467.0,11111100010010110111,445.0,11110100011010010010
3,445.0,11110100011010010010,445.0,11110100011010010010
3,445.0,11110100011010010010,445.0,11110100011010010010
3,445.0,11110100011010010010,445.0,11110100011010010010
3,445.0,11110100011010010010,445.0,11110100011010010010
3,445.0,11110100011010010010,445.0,11110100011010010010
3,445.0,11110100011010010010,445.0,11110100011010010010
3,445.0,11110100011010010010,445.0,11110100011010010010
3,445.0,11110100011010010010,445.0,11110100011010010010
3,445.0,11110100011010010010,445.0,11110100011010010010
3,445.0,11110100011010010010,345.0,01011110011000011010
3,345.0,01011110011000011010,345.0,01011110011000011010
3,345.0,01011110011000011010,325.0,01011011111000000010
3,325.0,01011011111000000010,325.0,01011011111000000010
3,325.0,01011011111000000010,325.0,01011011111000000010
3,325.0,01011011111000000010,325.0,01011011111000000010
3,325.0,01011011111000000010,325.0,01011011111000000010
3,325.0,01011011111000000010,325.0,01011011111000000010
3,325.0,01011011111000000010,325.0,01011011111000000010
3,325.0,01011011111000000010,325.0,01011011111000000010
3,325.0,01011011111000000010,325.0,01011011111000000010
3,325.0,01011011111000000010,325.0,01011011111000000010
3,325.0,01011011111000000010,325.0,01011011111000000010
3,325.0,01011011111000000010,325.0,01011011111000000010
3,325.0,01011011111000000010,325.0,01011011111000000010
3,325.0,01011011111000000010,325.0,01011011111000000010
3,325.0,01011011111000000010,325.0,01011011111000000010
3,325.0,01011011111000000010,325.0,01011011111000000010
3,325.0,01011011111000000010,325.0,01011011111000000010
3,325.0,01011011111000000010,325.0,01011011111000000010
3,325.0,01011011111000000010,325.0,01011011111000000010
3,325.0,01011011111000000010,149.0,01011001111010000110
3,149.0,01011001111010000110,149.0,01011001111010000110
3,149.0,01011001111010000110,149.0,01011001111010000110
3,149.0,01011001111010000110,149.0,01011001111010000110
3,149.0,01011001111010000110,149.0,01011001111010000110
3,149.0,01011001111010000110,149.0,01011001111010000110
3,149.0,01011001111010000110,149.0,01011001111010000110
3,149.0,01011001111010000110,149.0,01011001111010000110
3,149.0,01011001111010000110,149.0,01011001111010000110
3,149.0,01011001111010000110,149.0,01011001111010000110
3,149.0,01011001111010000110,149.0,01011001111010000110
3,149.0,01011001111010000110,149.0,01011001111010000110
3,149.0,01011001111010000110,149.0,01011001111010000110
3,149.0,01011001111010000110,149.0,01011001111010000110
3,149.0,01011001111010000110,149.0,01011001111010000110
3,149.0,01011001111010000110,149.0,01011001111010000110
3,149.0,01011001111010000110,149.0,01011001111010000110
3,149.0,01011001111010000110,149.0,01011001111010000110
4,1987.0,01010001110001101010,1987.0,01010001110001101010
4,1987.0,01010001110001101010,785.0,01111100100001111000
4,785.0,01111100100001111000,249.0,01111000100100111100
4,249.0,01111000100100111100,95.0,00110010100110111000
4,95.0,00110010100110111000,95.0,00110010100110111000
4,95.0,00110010100110111000,95.0,00110010100110111000
4,95.0,00110010100110111000,95.0,00110010100110111000
4,95.0,00110010100110111000,95.0,00110010100110111000
4,95.0,00110010100110111000,95.0,00110010100110111000
4,95.0,00110010100110111000,95.0,00110010100110111000
4,95.0,00110010100110111000,95.0,00110010100110111000
4,95.0,00110010100110111000,95.0,00110010100110111000
4,95.0,00110010100110111000,95.0,00110010100110111000
4,95.0,00110010100110111000,95.0,00110010100110111000
4,95.0,00110010100110111000,95.0,00110010100110111000
4,95.0,00110010100110111000,95.0,00110010100110111000
4,95.0,00110010100110111000,95.0,00110010100110111000
4,95.0,00110010100110111000,95.0,00110010100110111000
4,95.0,00110010100110111000,95.0,00110010100110111000
4,95.0,00110010100110111000,95.0,00110010100110111000
4,95.0,00110010100110111000,95.0,00110010100110111000
4,95.0,00110010100110111000,95.0,00110010100110111000
4,95.0,00110010100110111000,95.0,00110010100110111000
4,95.0,00110010100110111000,95.0,00110010100110111000
4,95.0,00110010100110111000,95.0,00110010100110111000
4,95.0,00110010100110111000,95.0,00110010100110111000
4,95.0,00110010100110111000,95.0,00110010100110111000
4,95.0,00110010100110111000,95.0,00110010100110111000
4,95.0,00110010100110111000,95.0,00110010100110111000
4,95.0,00110010100110111000,95.0,00110010100110111000
4,95.0,00110010100110111000,95.0,00110010100110111000
4,95.0,00110010100110111000,95.0,00110010100110111000
4,95.0,00110010100110111000,95.0,00110010100110111000
4,95.0,00110010100110111000,59.0,00111010001100101001
4,59.0,00111010001100101001,59.0,00111010001100101001
4,59.0,00111010001100101001,59.0,00111010001100101001
4,59.0,00111010001100101001,59.0,00111010001100101001
4,59.0,00111010001100101001,59.0,00111010001100101001
4,59.0,00111010001100101001,59.0,00111010001100101001
4,59.0,00111010001100101001,59.0,00111010001100101001
4,59.0,00111010001100101001,59.0,00111010001100101001
4,59.0,00111010001100101001,59.0,00111010001100101001
4,59.0,00111010001100101001,59.0,00111010001100101001
4,59.0,00111010001100101001,59.0,00111010001100101001
4,59.0,00111010001100101001,59.0,00111010001100101001
4,59.0,00111010001100101001,59.0,00111010001100101001
4,59.0,00111010001100101001,59.0,00111010001100101001
4,59.0,00111010001100101001,59.0,00111010001100101001
4,59.0,00111010001100101001,59.0,00111010001100101001
4,59.0,00111010001100101001,59.0,00111010001100101001
4,59.0,00111010001100101001,59.0,00111010001100101001
4,59.0,00111010001100101001,59.0,00111010001100101001
4,59.0,00111010001100101001,59.0,00111010001100101001
4,59.0,00111010001100101001,59.0,00111010001100101001
4,59.0,00111010001100101001,5.0,00011111001000101011
4,5.0,00011111001000101011,5.0,00011111001000101011
4,5.0,00011111001000101011,5.0,00011111001000101011
4,5.0,00011111001000101011,5.0,00011111001000101011
4,5.0,00011111001000101011,5.0,00011111001000101011
4,5.0,00011111001000101011,5.0,00011111001000101011
4,5.0,00011111001000101011,5.0,00011111001000101011
4,5.0,00011111001000101011,5.0,00011111001000101011
4,5.0,00011111001000101011,5.0,00011111001000101011
4,5.0,00011111001000101011,5.0,00011111001000101011
4,5.0,00011111001000101011,5.0,00011111001000101011
4,5.0,00011111001000101011,5.0,00011111001000101011
4,5.0,00011111001000101011,5.0,00011111001000101011
4,5.0,00011111001000101011,5.0,00011111001000101011
4,5.0,00011111001000101011,5.0,00011111001000101011
4,5.0,00011111001000101011,5.0,00011111001000101011
4,5.0,00011111001000101011,5.0,00011111001000101011
4,5.0,00011111001000101011,5.0,00011111001000101011
4,5.0,00011111001000101011,5.0,00011111001000101011
4,5.0,00011111001000101011,5.0,00011111001000101011
4,5.0,00011111001000101011,5.0,00011111001000101011
4,5.0,00011111001000101011,5.0,00011111001000101011
4,5.0,00011111001000101011,5.0,00011111001000101011
4,5.0,00011111001000101011,5.0,00011111001000101011
4,5.0,00011111001000101011,5.0,00011111001000101011
4,5.0,00011111001000101011,5.0,00011111001000101011
4,5.0,00011111001000101011,5.0,00011111001000101011
4,5.0,00011111001000101011,5.0,00011111001000101011
4,5.0,00011111001000101011,5.0,00011111001000101011
4,5.0,00011111001000101011,5.0,00011111001000101011
4,5.0,00011111001000101011,5.0,00011111001000101011
4,5.0,00011111001000101011,5.0,00011111001000101011
4,5.0,00011111001000101011,5.0,00011111001000101011
4,5.0,00011111001000101011,5.0,00011111001000101011
4,5.0,00011111001000101011,5.0,00011111001000101011
4,5.0,00011111001000101011,5.0,00011111001000101011
5,48491.0,11001010101101010011,8709.0,11000010101111100010
5,8709.0,11000010101111100010,109.0,00000011101111100011
5,109.0,00000011101111100011,109.0,00000011101111100011
5,109.0,00000011101111100011,109.0,00000011101111100011
5,109.0,00000011101111100011,13.0,00001101101111101011
5,13.0,00001101101111101011,13.0,00001101101111101011
5,13.0,00001101101111101011,13.0,00001101101111101011
5,13.0,00001101101111101011,13.0,00001101101111101011
5,13.0,00001101101111101011,13.0,00001101101111101011
5,13.0,00001101101111101011,13.0,00001101101111101011
5,13.0,00001101101111101011,13.0,00001101101111101011
5,13.0,00001101101111101011,13.0,00001101101111101011
5,13.0,00001101101111101011,13.0,00001101101111101011
5,13.0,00001101101111101011,13.0,00001101101111101011
5,13.0,00001101101111101011,13.0,00001101101111101011
5,13.0,00001101101111101011,13.0,00001101101111101011
5,13.0,00001101101111101011,13.0,00001101101111101011
5,13.0,00001101101111101011,13.0,00001101101111101011
5,13.0,00001101101111101011,13.0,00001101101111101011
5,13.0,00001101101111101011,13.0,00001101101111101011
5,13.0,00001101101111101011,13.0,00001101101111101011
5,13.0,00001101101111101011,13.0,00001101101111101011
5,13.0,00001101101111101011,13.0,00001101101111101011
5,13.0,00001101101111101011,13.0,00001101101111101011
5,13.0,00001101101111101011,13.0,00001101101111101011
5,13.0,00001101101111101011,13.0,00001101101111101011
5,13.0,00001101101111101011,13.0,00001101101111101011
5,13.0,00001101101111101011,13.0,00001101101111101011
5,13.0,00001101101111101011,13.0,00001101101111101011
5,13.0,00001101101111101011,13.0,00001101101111101011
5,13.0,00001101101111101011,13.0,00001101101111101011
5,13.0,00001101101111101011,13.0,00001101101111101011
5,13.0,00001101101111101011,13.0,00001101101111101011
5,13.0,00001101101111101011,13.0,00001101101111101011
5,13.0,00001101101111101011,13.0,00001101101111101011
5,13.0,00001101101111101011,13.0,00001101101111101011
5,13.0,00001101101111101011,13.0,00001101101111101011
5,13.0,00001101101111101011,13.0,00001101101111101011
5,13.0,00001101101111101011,13.0,00001101101111101011
5,13.0,00001101101111101011,13.0,00001101101111101011
5,13.0,00001101101111101011,13.0,00001101101111101011
5,13.0,00001101101111101011,13.0,00001101101111101011
5,13.0,00001101101111101011,13.0,00001101101111101011
5,13.0,00001101101111101011,13.0,00001101101111101011
5,13.0,00001101101111101011,13.0,00001101101111101011
5,13.0,00001101101111101011,13.0,00001101101111101011
5,13.0,00001101101111101011,13.0,00001101101111101011
5,13.0,00001101101111101011,13.0,00001101101111101011
5,13.0,00001101101111101011,13.0,00001101101111101011
5,13.0,00001101101111101011,13.0,00001101101111101011
5,13.0,00001101101111101011,13.0,00001101101111101011
5,13.0,00001101101111101011,13.0,00001101101111101011
5,13.0,00001101101111101011,5.0,01001101110110111101
5,5.0,01001101110110111101,5.0,01001101110110111101
5,5.0,01001101110110111101,5.0,01001101110110111101
5,5.0,01001101110110111101,5.0,01001101110110111101
5,5.0,01001101110110111101,5.0,01001101110110111101
5,5.0,01001101110110111101,5.0,01001101110110111101
5,5.0,01001101110110111101,5.0,01001101110110111101
5,5.0,01001101110110111101,5.0,01001101110110111101
5,5.0,01001101110110111101,5.0,01001101110110111101
5,5.0,01001101110110111101,5.0,01001101110110111101
5,5.0,01001101110110111101,5.0,01001101110110111101
5,5.0,01001101110110111101,5.0,01001101110110111101
5,5.0,01001101110110111101,5.0,01001101110110111101
5,5.0,01001101110110111101,5.0,01001101110110111101
5,5.0,01001101110110111101,5.0,01001101110110111101
5,5.0,01001101110110111101,5.0,01001101110110111101
5,5.0,01001101110110111101,5.0,01001101110110111101
5,5.0,01001101110110111101,5.0,01001101110110111101
5,5.0,01001101110110111101,5.0,01001101110110111101
5,5.0,01001101110110111101,5.0,01001101110110111101
5,5.0,01001101110110111101,5.0,01001101110110111101
5,5.0,01001101110110111101,5.0,01001101110110111101
5,5.0,01001101110110111101,5.0,01001101110110111101
5,5.0,01001101110110111101,5.0,01001101110110111101
5,5.0,01001101110110111101,5.0,01001101110110111101
5,5.0,01001101110110111101,5.0,01001101110110111101
5,5.0,01001101110110111101,5.0,01001101110110111101
5,5.0,01001101110110111101,5.0,01001101110110111101
5,5.0,01001101110110111101,5.0,01001101110110111101
5,5.0,01001101110110111101,5.0,01001101110110111101
5,5.0,01001101110110111101,5.0,01001101110110111101
5,5.0,01001101110110111101,5.0,01001101110110111101
5,5.0,01001101110110111101,5.0,01001101110110111101
5,5.0,01001101110110111101,5.0,01001101110110111101
5,5.0,01001101110110111101,5.0,01001101110110111101
5,5.0,01001101110110111101,5.0,01001101110110111101
5,5.0,01001101110110111101,5.0,01001101110110111101
5,5.0,01001101110110111101,5.0,01001101110110111101
5,5.0,01001101110110111101,5.0,01001101110110111101
5,5.0,01001101110110111101,5.0,01001101110110111101
5,5.0,01001101110110111101,5.0,01001101110110111101
6,6511.0,00011000101001111100,1355.0,10011001100001110110
6,1355.0,10011001100001110110,837.0,10110000110001110100
6,837.0,10110000110001110100,837.0,10110000110001110100
6,837.0,10110000110001110100,837.0,10110000110001110100
6,837.0,10110000110001110100,837.0,10110000110001110100
6,837.0,10110000110001110100,837.0,10110000110001110100
6,837.0,10110000110001110100,837.0,10110000110001110100
6,837.0,10110000110001110100,379.0,10110100110001010111
6,379.0,10110100110001010111,379.0,10110100110001010111
6,379.0,10110100110001010111,379.0,10110100110001010111
6,379.0,10110100110001010111,379.0,10110100110001010111
6,379.0,10110100110001010111,379.0,10110100110001010111
6,379.0,10110100110001010111,379.0,10110100110001010111
6,379.0,10110100110001010111,379.0,10110100110001010111
6,379.0,10110100110001010111,379.0,10110100110001010111
6,379.0,10110100110001010111,379.0,10110100110001010111
6,379.0,10110100110001010111,379.0,10110100110001010111
6,379.0,10110100110001010111,379.0,10110100110001010111
6,379.0,10110100110001010111,379.0,10110100110001010111
6,379.0,10110100110001010111,379.0,10110100110001010111
6,379.0,10110100110001010111,165.0,10010100111001010100
6,165.0,10010100111001010100,165.0,10010100111001010100
6,165.0,10010100111001010100,165.0,10010100111001010100
6,165.0,10010100111001010100,165.0,10010100111001010100
6,165.0,10010100111001010100,165.0,10010100111001010100
6,165.0,10010100111001010100,165.0,10010100111001010100
6,165.0,10010100111001010100,165.0,10010100111001010100
6,165.0,10010100111001010100,165.0,10010100111001010100
6,165.0,10010100111001010100,165.0,10010100111001010100
6,165.0,10010100111001010100,165.0,10010100111001010100
6,165.0,10010100111001010100,165.0,10010100111001010100
6,165.0,10010100111001010100,165.0,10010100111001010100
6,165.0,10010100111001010100,165.0,10010100111001010100
6,165.0,10010100111001010100,165.0,10010100111001010100
6,165.0,10010100111001010100,165.0,10010100111001010100
6,165.0,10010100111001010100,165.0,10010100111001010100
6,165.0,10010100111001010100,165.0,10010100111001010100
6,165.0,10010100111001010100,165.0,10010100111001010100
6,165.0,10010100111001010100,165.0,10010100111001010100
6,165.0,10010100111001010100,165.0,10010100111001010100
6,165.0,10010100111001010100,165.0,10010100111001010100
6,165.0,10010100111001010100,165.0,10010100111001010100
6,165.0,10010100111001010100,165.0,10010100111001010100
6,165.0,10010100111001010100,165.0,10010100111001010100
6,165.0,10010100111001010100,165.0,10010100111001010100
6,165.0,10010100111001010100,165.0,10010100111001010100
6,165.0,10010100111001010100,165.0,10010100111001010100
6,165.0,10010100111001010100,165.0,10010100111001010100
6,165.0,10010100111001010100,165.0,10010100111001010100
6,165.0,10010100111001010100,165.0,10010100111001010100
6,165.0,10010100111001010100,165.0,10010100111001010100
7,8199.0,10101011000110010110,4663.0,10101011100100010111
7,4663.0,10101011100100010111,3925.0,10001111001100010111
7,3925.0,10001111001100010111,3825.0,10001111101110000100
7,3825.0,10001111101110000100,3645.0,10001110101111000111
7,3645.0,10001110101111000111,3409.0,11001000111111100100
7,3409.0,11001000111111100100,1189.0,11001100110111101110
7,1189.0,11001100110111101110,1189.0,11001100110111101110
7,1189.0,11001100110111101110,1189.0,11001100110111101110
7,1189.0,11001100110111101110,1189.0,11001100110111101110
7,1189.0,11001100110111101110,1189.0,11001100110111101110
7,1189.0,11001100110111101110,1189.0,11001100110111101110
7,1189.0,11001100110111101110,313.0,11001010110011001110
7,313.0,11001010110011001110,313.0,11001010110011001110
7,313.0,11001010110011001110,313.0,11001010110011001110
7,313.0,11001010110011001110,313.0,11001010110011001110
7,313.0,11001010110011001110,313.0,11001010110011001110
7,313.0,11001010110011001110,313.0,11001010110011001110
7,313.0,11001010110011001110,235.0,11000111110001010010
7,235.0,11000111110001010010,235.0,11000111110001010010
7,235.0,11000111110001010010,235.0,11000111110001010010
7,235.0,11000111110001010010,235.0,11000111110001010010
7,235.0,11000111110001010010,235.0,11000111110001010010
7,235.0,11000111110001010010,235.0,11000111110001010010
7,235.0,11000111110001010010,235.0,11000111110001010010
7,235.0,11000111110001010010,223.0,11010011100001000000
7,223.0,11010011100001000000,223.0,11010011100001000000
7,223.0,11010011100001000000,223.0,11010011100001000000
7,223.0,11010011100001000000,223.0,11010011100001000000
7,223.0,11010011100001000000,223.0,11010011100001000000
7,223.0,11010011100001000000,223.0,11010011100001000000
7,223.0,11010011100001000000,223.0,11010011100001000000
7,223.0,11010011100001000000,223.0,11010011100001000000
7,223.0,11010011100001000000,223.0,11010011100001000000
7,223.0,11010011100001000000,223.0,11010011100001000000
7,223.0,11010011100001000000,223.0,11010011100001000000
7,223.0,11010011100001000000,223.0,11010011100001000000
7,223.0,11010011100001000000,223.0,11010011100001000000
7,223.0,11010011100001000000,223.0,11010011100001000000
7,223.0,11010011100001000000,223.0,11010011100001000000
7,223.0,11010011100001000000,223.0,11010011100001000000
7,223.0,11010011100001000000,223.0,11010011100001000000
7,223.0,11010011100001000000,223.0,11010011100001000000
7,223.0,11010011100001000000,223.0,11010011100001000000
7,223.0,11010011100001000000,223.0,11010011100001000000
7,223.0,11010011100001000000,223.0,11010011100001000000
7,223.0,11010011100001000000,223.0,11010011100001000000
7,223.0,11010011100001000000,223.0,11010011100001000000
7,223.0,11010011100001000000,223.0,11010011100001000000
7,223.0,11010011100001000000,223.0,11010011100001000000
7,223.0,11010011100001000000,223.0,11010011100001000000
7,223.0,11010011100001000000,223.0,11010011100001000000
7,223.0,11010011100001000000,223.0,11010011100001000000
7,223.0,11010011100001000000,223.0,11010011100001000000
7,223.0,11010011100001000000,223.0,11010011100001000000
7,223.0,11010011100001000000,223.0,11010011100001000000
7,223.0,11010011100001000000,223.0,11010011100001000000
7,223.0,11010011100001000000,223.0,11010011100001000000
7,223.0,11010011100001000000,223.0,11010011100001000000
7,223.0,11010011100001000000,55.0,11000111100001100100
7,55.0,11000111100001100100,55.0,11000111100001100100
7,55.0,11000111100001100100,55.0,11000111100001100100
7,55.0,11000111100001100100,55.0,11000111100001100100
7,55.0,11000111100001100100,55.0,11000111100001100100
7,55.0,11000111100001100100,13.0,11001110011110100111
7,13.0,11001110011110100111,13.0,11001110011110100111
7,13.0,11001110011110100111,13.0,11001110011110100111
7,13.0,11001110011110100111,13.0,11001110011110100111
7,13.0,11001110011110100111,13.0,11001110011110100111
7,13.0,11001110011110100111,13.0,11001110011110100111
7,13.0,11001110011110100111,13.0,11001110011110100111
7,13.0,11001110011110100111,13.0,11001110011110100111
7,13.0,11001110011110100111,13.0,11001110011110100111
7,13.0,11001110011110100111,13.0,11001110011110100111
7,13.0,11001110011110100111,13.0,11001110011110100111
7,13.0,11001110011110100111,13.0,11001110011110100111
7,13.0,11001110011110100111,13.0,11001110011110100111
7,13.0,11001110011110100111,13.0,11001110011110100111
7,13.0,11001110011110100111,13.0,11001110011110100111
7,13.0,11001110011110100111,13.0,11001110011110100111
7,13.0,11001110011110100111,13.0,11001110011110100111
7,13.0,11001110011110100111,13.0,11001110011110100111
7,13.0,11001110011110100111,13.0,11001110011110100111
7,13.0,11001110011110100111,13.0,11001110011110100111
7,13.0,11001110011110100111,13.0,11001110011110100111
7,13.0,11001110011110100111,13.0,11001110011110100111
7,13.0,11001110011110100111,13.0,11001110011110100111
7,13.0,11001110011110100111,13.0,11001110011110100111
7,13.0,11001110011110100111,13.0,11001110011110100111
8,12801.0,10111011100100000011,6687.0,10110111000110000000
8,6687.0,10110111000110000000,407.0,10110011110010000000
8,407.0,10110011110010000000,407.0,10110011110010000000
8,407.0,10110011110010000000,407.0,10110011110010000000
8,407.0,10110011110010000000,407.0,10110011110010000000
8,407.0,10110011110010000000,407.0,10110011110010000000
8,407.0,10110011110010000000,407.0,10110011110010000000
8,407.0,10110011110010000000,407.0,10110011110010000000
8,407.0,10110011110010000000,331.0,10110001010010010111
8,331.0,10110001010010010111,331.0,10110001010010010111
8,331.0,10110001010010010111,331.0,10110001010010010111
8,331.0,10110001010010010111,331.0,10110001010010010111
8,331.0,10110001010010010111,331.0,10110001010010010111
8,331.0,10110001010010010111,13.0,11110010010000010100
8,13.0,11110010010000010100,13.0,11110010010000010100
8,13.0,11110010010000010100,13.0,11110010010000010100
8,13.0,11110010010000010100,13.0,11110010010000010100
8,13.0,11110010010000010100,13.0,11110010010000010100
8,13.0,11110010010000010100,13.0,11110010010000010100
8,13.0,11110010010000010100,13.0,11110010010000010100
8,13.0,11110010010000010100,13.0,11110010010000010100
8,13.0,11110010010000010100,13.0,11110010010000010100
8,13.0,11110010010000010100,13.0,11110010010000010100
8,13.0,11110010010000010100,13.0,11110010010000010100
8,13.0,11110010010000010100,13.0,11110010010000010100
8,13.0,11110010010000010100,13.0,11110010010000010100
8,13.0,11110010010000010100,13.0,11110010010000010100
8,13.0,11110010010000010100,13.0,11110010010000010100
8,13.0,11110010010000010100,13.0,11110010010000010100
8,13.0,11110010010000010100,13.0,11110010010000010100
8,13.0,11110010010000010100,13.0,11110010010000010100
8,13.0,11110010010000010100,13.0,11110010010000010100
8,13.0,11110010010000010100,13.0,11110010010000010100
8,13.0,11110010010000010100,13.0,11110010010000010100
8,13.0,11110010010000010100,13.0,11110010010000010100
8,13.0,11110010010000010100,13.0,11110010010000010100
8,13.0,11110010010000010100,13.0,11110010010000010100
8,13.0,11110010010000010100,13.0,11110010010000010100
8,13.0,11110010010000010100,13.0,11110010010000010100
8,13.0,11110010010000010100,13.0,11110010010000010100
8,13.0,11110010010000010100,13.0,11110010010000010100
8,13.0,11110010010000010100,13.0,11110010010000010100
8,13.0,11110010010000010100,13.0,11110010010000010100
8,13.0,11110010010000010100,13.0,11110010010000010100
8,13.0,11110010010000010100,13.0,11110010010000010100
8,13.0,11110010010000010100,13.0,11110010010000010100
8,13.0,11110010010000010100,13.0,11110010010000010100
8,13.0,11110010010000010100,13.0,11110010010000010100
8,13.0,11110010010000010100,13.0,11110010010000010100
8,13.0,11110010010000010100,13.0,11110010010000010100
8,13.0,11110010010000010100,13.0,11110010010000010100
9,4771.0,00101001101101001001,467.0,00000011101101001000
9,467.0,00000011101101001000,467.0,00000011101101001000
9,467.0,00000011101101001000,77.0,00100011100101001011
9,77.0,00100011100101001011,77.0,00100011100101001011
9,77.0,00100011100101001011,77.0,00100011100101001011
9,77.0,00100011100101001011,77.0,00100011100101001011
9,77.0,00100011100101001011,77.0,00100011100101001011
9,77.0,00100011100101001011,77.0,00100011100101001011
9,77.0,00100011100101001011,77.0,00100011100101001011
9,77.0,00100011100101001011,77.0,00100011100101001011
9,77.0,00100011100101001011,77.0,00100011100101001011
9,77.0,00100011100101001011,77.0,00100011100101001011
9,77.0,00100011100101001011,77.0,00100011100101001011
9,77.0,00100011100101001011,77.0,00100011100101001011
9,77.0,00100011100101001011,77.0,00100011100101001011
9,77.0,00100011100101001011,77.0,00100011100101001011
10,7729.0,00111000101111010000,5799.0,10110100100111110001
10,5799.0,10110100100111110001,3563.0,10110110100011100001
10,3563.0,10110110100011100001,3563.0,10110110100011100001
10,3563.0,10110110100011100001,3425.0,00110110000011101011
10,3425.0,00110110000011101011,1299.0,00110110110111000001
10,1299.0,00110110110111000001,609.0,01110110110110100010
10,609.0,01110110110110100010,391.0,11111110110010100000
10,391.0,11111110110010100000,391.0,11111110110010100000
10,391.0,11111110110010100000,391.0,11111110110010100000
10,391.0,11111110110010100000,391.0,11111110110010100000
10,391.0,11111110110010100000,391.0,11111110110010100000
10,391.0,11111110110010100000,391.0,11111110110010100000
10,391.0,11111110110010100000,391.0,11111110110010100000
10,391.0,11111110110010100000,391.0,11111110110010100000
10,391.0,11111110110010100000,391.0,11111110110010100000
10,391.0,11111110110010100000,291.0,11111110010000110011
10,291.0,11111110010000110011,291.0,11111110010000110011
10,291.0,11111110010000110011,291.0,11111110010000110011
10,291.0,11111110010000110011,291.0,11111110010000110011
10,291.0,11111110010000110011,253.0,11011110011000110000
10,253.0,11011110011000110000,137.0,11011110000100111011
10,137.0,11011110000100111011,137.0,11011110000100111011
10,137.0,11011110000100111011,137.0,11011110000100111011
10,137.0,11011110000100111011,137.0,11011110000100111011
10,137.0,11011110000100111011,137.0,11011110000100111011
10,137.0,11011110000100111011,137.0,11011110000100111011
10,137.0,11011110000100111011,137.0,11011110000100111011
10,137.0,11011110000100111011,137.0,11011110000100111011
10,137.0,11011110000100111011,137.0,11011110000100111011
10,137.0,11011110000100111011,137.0,11011110000100111011
10,137.0,11011110000100111011,137.0,11011110000100111011
10,137.0,11011110000100111011,137.0,11011110000100111011
10,137.0,11011110000100111011,137.0,11011110000100111011
10,137.0,11011110000100111011,137.0,11011110000100111011
10,137.0,11011110000100111011,137.0,11011110000100111011
10,137.0,11011110000100111011,137.0,11011110000100111011
10,137.0,11011110000100111011,137.0,11011110000100111011
10,137.0,11011110000100111011,137.0,11011110000100111011
10,137.0,11011110000100111011,137.0,11011110000100111011
10,137.0,11011110000100111011,137.0,11011110000100111011
10,137.0,11011110000100111011,137.0,11011110000100111011
10,137.0,11011110000100111011,137.0,11011110000100111011
10,137.0,11011110000100111011,137.0,11011110000100111011
10,137.0,11011110000100111011,137.0,11011110000100111011
10,137.0,11011110000100111011,137.0,11011110000100111011
10,137.0,11011110000100111011,137.0,11011110000100111011
10,137.0,11011110000100111011,137.0,11011110000100111011
10,137.0,11011110000100111011,137.0,11011110000100111011
10,137.0,11011110000100111011,137.0,11011110000100111011
10,137.0,11011110000100111011,137.0,11011110000100111011
10,137.0,11011110000100111011,137.0,11011110000100111011
11,110639.0,01000010101101001100,7139.0,01000001111101000110
11,7139.0,01000001111101000110,1151.0,01001001011001001110
11,1151.0,01001001011001001110,1151.0,01001001011001001110
11,1151.0,01001001011001001110,1151.0,01001001011001001110
11,1151.0,01001001011001001110,1151.0,01001001011001001110
11,1151.0,01001001011001001110,1151.0,01001001011001001110
11,1151.0,01001001011001001110,1151.0,01001001011001001110
11,1151.0,01001001011001001110,447.0,01000001011101100110
11,447.0,01000001011101100110,447.0,01000001011101100110
11,447.0,01000001011101100110,447.0,01000001011101100110
11,447.0,01000001011101100110,447.0,01000001011101100110
11,447.0,01000001011101100110,447.0,01000001011101100110
11,447.0,01000001011101100110,447.0,01000001011101100110
11,447.0,01000001011101100110,263.0,01001001101101100111
11,263.0,01001001101101100111,263.0,01001001101101100111
11,263.0,01001001101101100111,263.0,01001001101101100111
11,263.0,01001001101101100111,263.0,01001001101101100111
11,263.0,01001001101101100111,263.0,01001001101101100111
11,263.0,01001001101101100111,263.0,01001001101101100111
11,263.0,01001001101101100111,263.0,01001001101101100111
11,263.0,01001001101101100111,263.0,01001001101101100111
11,263.0,01001001101101100111,263.0,01001001101101100111
11,263.0,01001001101101100111,263.0,01001001101101100111
11,263.0,01001001101101100111,253.0,01001010110111110111
11,253.0,01001010110111110111,253.0,01001010110111110111
11,253.0,01001010110111110111,253.0,01001010110111110111
11,253.0,01001010110111110111,253.0,01001010110111110111
11,253.0,01001010110111110111,253.0,01001010110111110111
11,253.0,01001010110111110111,253.0,01001010110111110111
11,253.0,01001010110111110111,253.0,01001010110111110111
11,253.0,01001010110111110111,253.0,01001010110111110111
11,253.0,01001010110111110111,253.0,01001010110111110111
11,253.0,01001010110111110111,253.0,01001010110111110111
11,253.0,01001010110111110111,253.0,01001010110111110111
11,253.0,01001010110111110111,253.0,01001010110111110111
11,253.0,01001010110111110111,253.0,01001010110111110111
11,253.0,01001010110111110111,253.0,01001010110111110111
11,253.0,01001010110111110111,253.0,01001010110111110111
11,253.0,01001010110111110111,253.0,01001010110111110111
11,253.0,01001010110111110111,253.0,01001010110111110111
11,253.0,01001010110111110111,253.0,01001010110111110111
11,253.0,01001010110111110111,253.0,01001010110111110111
11,253.0,01001010110111110111,253.0,01001010110111110111
11,253.0,01001010110111110111,253.0,01001010110111110111
11,253.0,01001010110111110111,253.0,01001010110111110111
11,253.0,01001010110111110111,91.0,01000011110110110101
11,91.0,01000011110110110101,91.0,01000011110110110101
11,91.0,01000011110110110101,91.0,01000011110110110101
11,91.0,01000011110110110101,31.0,11000011110010001100
11,31.0,11000011110010001100,31.0,11000011110010001100
11,31.0,11000011110010001100,31.0,11000011110010001100
11,31.0,11000011110010001100,31.0,11000011110010001100
11,31.0,11000011110010001100,31.0,11000011110010001100
11,31.0,11000011110010001100,31.0,11000011110010001100
11,31.0,11000011110010001100,31.0,11000011110010001100
11,31.0,11000011110010001100,31.0,11000011110010001100
11,31.0,11000011110010001100,31.0,11000011110010001100
11,31.0,11000011110010001100,31.0,11000011110010001100
11,31.0,11000011110010001100,31.0,11000011110010001100
11,31.0,11000011110010001100,31.0,11000011110010001100
11,31.0,11000011110010001100,31.0,11000011110010001100
11,31.0,11000011110010001100,31.0,11000011110010001100
11,31.0,11000011110010001100,31.0,11000011110010001100
11,31.0,11000011110010001100,31.0,11000011110010001100
11,31.0,11000011110010001100,31.0,11000011110010001100
11,31.0,11000011110010001100,31.0,11000011110010001100
11,31.0,11000011110010001100,31.0,11000011110010001100
11,31.0,11000011110010001100,31.0,11000011110010001100
11,31.0,11000011110010001100,31.0,11000011110010001100
11,31.0,11000011110010001100,31.0,11000011110010001100
11,31.0,11000011110010001100,31.0,11000011110010001100
11,31.0,11000011110010001100,31.0,11000011110010001100
11,31.0,11000011110010001100,31.0,11000011110010001100
11,31.0,11000011110010001100,31.0,11000011110010001100
11,31.0,11000011110010001100,31.0,11000011110010001100
12,8113.0,10001010101110011101,3289.0,10001010101101011001
12,3289.0,10001010101101011001,3289.0,10001010101101011001
12,3289.0,10001010101101011001,1977.0,11001010000101011110
12,1977.0,11001010000101011110,1633.0,11000011000100011100
12,1633.0,11000011000100011100,1633.0,11000011000100011100
12,1633.0,11000011000100011100,1633.0,11000011000100011100
12,1633.0,11000011000100011100,795.0,11101001010110011000
12,795.0,11101001010110011000,563.0,11110001010100010000
12,563.0,11110001010100010000,563.0,11110001010100010000
12,563.0,11110001010100010000,253.0,10110101001000001000
12,253.0,10110101001000001000,253.0,10110101001000001000
12,253.0,10110101001000001000,91.0,10111100001001001010
12,91.0,10111100001001001010,91.0,10111100001001001010
12,91.0,10111100001001001010,91.0,10111100001001001010
12,91.0,10111100001001001010,91.0,10111100001001001010
12,91.0,10111100001001001010,91.0,10111100001001001010
12,91.0,10111100001001001010,91.0,10111100001001001010
12,91.0,10111100001001001010,91.0,10111100001001001010
12,91.0,10111100001001001010,91.0,10111100001001001010
12,91.0,10111100001001001010,91.0,10111100001001001010
12,91.0,10111100001001001010,91.0,10111100001001001010
12,91.0,10111100001001001010,91.0,10111100001001001010
12,91.0,10111100001001001010,91.0,10111100001001001010
12,91.0,10111100001001001010,91.0,10111100001001001010
12,91.0,10111100001001001010,91.0,10111100001001001010
12,91.0,10111100001001001010,91.0,10111100001001001010
12,91.0,10111100001001001010,5.0,10110010001001000010
12,5.0,10110010001001000010,5.0,10110010001001000010
12,5.0,10110010001001000010,5.0,10110010001001000010
12,5.0,10110010001001000010,5.0,10110010001001000010
12,5.0,10110010001001000010,5.0,10110010001001000010
12,5.0,10110010001001000010,5.0,10110010001001000010
12,5.0,10110010001001000010,5.0,10110010001001000010
12,5.0,10110010001001000010,5.0,10110010001001000010
12,5.0,10110010001001000010,5.0,10110010001001000010
12,5.0,10110010001001000010,5.0,10110010001001000010
12,5.0,10110010001001000010,5.0,10110010001001000010
12,5.0,10110010001001000010,5.0,10110010001001000010
12,5.0,10110010001001000010,5.0,10110010001001000010
12,5.0,10110010001001000010,5.0,10110010001001000010
12,5.0,10110010001001000010,5.0,10110010001001000010
12,5.0,10110010001001000010,5.0,10110010001001000010
12,5.0,10110010001001000010,5.0,10110010001001000010
12,5.0,10110010001001000010,5.0,10110010001001000010
12,5.0,10110010001001000010,5.0,10110010001001000010
12,5.0,10110010001001000010,5.0,10110010001001000010
12,5.0,10110010001001000010,5.0,10110010001001000010
12,5.0,10110010001001000010,5.0,10110010001001000010
12,5.0,10110010001001000010,5.0,10110010001001000010
12,5.0,10110010001001000010,5.0,10110010001001000010
12,5.0,10110010001001000010,5.0,10110010001001000010
12,5.0,10110010001001000010,5.0,10110010001001000010
12,5.0,10110010001001000010,5.0,10110010001001000010
12,5.0,10110010001001000010,5.0,10110010001001000010
12,5.0,10110010001001000010,5.0,10110010001001000010
12,5.0,10110010001001000010,5.0,10110010001001000010
12,5.0,10110010001001000010,5.0,10110010001001000010
12,5.0,10110010001001000010,5.0,10110010001001000010
12,5.0,10110010001001000010,5.0,10110010001001000010
12,5.0,10110010001001000010,5.0,10110010001001000010
12,5.0,10110010001001000010,5.0,10110010001001000010
12,5.0,10110010001001000010,5.0,10110010001001000010
12,5.0,10110010001001000010,5.0,10110010001001000010
12,5.0,10110010001001000010,5.0,10110010001001000010
12,5.0,10110010001001000010,5.0,10110010001001000010
12,5.0,10110010001001000010,5.0,10110010001001000010
12,5.0,10110010001001000010,5.0,10110010001001000010
12,5.0,10110010001001000010,5.0,10110010001001000010
12,5.0,10110010001001000010,5.0,10110010001001000010
12,5.0,10110010001001000010,5.0,10110010001001000010
12,5.0,10110010001001000010,5.0,10110010001001000010
12,5.0,10110010001001000010,5.0,10110010001001000010
12,5.0,10110010001001000010,5.0,10110010001001000010
12,5.0,10110010001001000010,5.0,10110010001001000010
12,5.0,10110010001001000010,5.0,10110010001001000010
12,5.0,10110010001001000010,5.0,10110010001001000010
12,5.0,10110010001001000010,5.0,10110010001001000010
12,5.0,10110010001001000010,5.0,10110010001001000010
12,5.0,10110010001001000010,5.0,10110010001001000010
12,5.0,10110010001001000010,5.0,10110010001001000010
12,5.0,10110010001001000010,5.0,10110010001001000010
12,5.0,10110010001001000010,5.0,10110010001001000010
12,5.0,10110010001001000010,5.0,10110010001001000010
12,5.0,10110010001001000010,5.0,10110010001001000010
12,5.0,10110010001001000010,5.0,10110010001001000010
12,5.0,10110010001001000010,5.0,10110010001001000010
12,5.0,10110010001001000010,5.0,10110010001001000010
13,64431.0,10111001100000001111,2467.0,10100001110001001101
13,2467.0,10100001110001001101,137.0,00100001111011000100
13,137.0,00100001111011000100,137.0,00100001111011000100
13,137.0,00100001111011000100,137.0,00100001111011000100
13,137.0,00100001111011000100,137.0,00100001111011000100
13,137.0,00100001111011000100,137.0,00100001111011000100
13,137.0,00100001111011000100,137.0,00100001111011000100
13,137.0,00100001111011000100,137.0,00100001111011000100
13,137.0,00100001111011000100,137.0,00100001111011000100
13,137.0,00100001111011000100,137.0,00100001111011000100
13,137.0,00100001111011000100,137.0,00100001111011000100
13,137.0,00100001111011000100,137.0,00100001111011000100
13,137.0,00100001111011000100,137.0,00100001111011000100
13,137.0,00100001111011000100,137.0,00100001111011000100
13,137.0,00100001111011000100,137.0,00100001111011000100
13,137.0,00100001111011000100,137.0,00100001111011000100
13,137.0,00100001111011000100,137.0,00100001111011000100
13,137.0,00100001111011000100,137.0,00100001111011000100
13,137.0,00100001111011000100,137.0,00100001111011000100
13,137.0,00100001111011000100,137.0,00100001111011000100
13,137.0,00100001111011000100,137.0,00100001111011000100
13,137.0,00100001111011000100,137.0,00100001111011000100
13,137.0,00100001111011000100,137.0,00100001111011000100
13,137.0,00100001111011000100,137.0,00100001111011000100
13,137.0,00100001111011000100,137.0,00100001111011000100
13,137.0,00100001111011000100,137.0,00100001111011000100
13,137.0,00100001111011000100,137.0,00100001111011000100
13,137.0,00100001111011000100,137.0,00100001111011000100
13,137.0,00100001111011000100,137.0,00100001111011000100
13,137.0,00100001111011000100,137.0,00100001111011000100
13,137.0,00100001111011000100,137.0,00100001111011000100
13,137.0,00100001111011000100,137.0,00100001111011000100
13,137.0,00100001111011000100,137.0,00100001111011000100
13,137.0,00100001111011000100,87.0,00100111110010001110
13,87.0,00100111110010001110,87.0,00100111110010001110
13,87.0,00100111110010001110,87.0,00100111110010001110
13,87.0,00100111110010001110,87.0,00100111110010001110
13,87.0,00100111110010001110,87.0,00100111110010001110
13,87.0,00100111110010001110,87.0,00100111110010001110
13,87.0,00100111110010001110,87.0,00100111110010001110
13,87.0,00100111110010001110,87.0,00100111110010001110
13,87.0,00100111110010001110,87.0,00100111110010001110
13,87.0,00100111110010001110,87.0,00100111110010001110
13,87.0,00100111110010001110,87.0,00100111110010001110
13,87.0,00100111110010001110,87.0,00100111110010001110
13,87.0,00100111110010001110,87.0,00100111110010001110
13,87.0,00100111110010001110,87.0,00100111110010001110
13,87.0,00100111110010001110,87.0,00100111110010001110
13,87.0,00100111110010001110,87.0,00100111110010001110
13,87.0,00100111110010001110,87.0,00100111110010001110
13,87.0,00100111110010001110,87.0,00100111110010001110
13,87.0,00100111110010001110,87.0,00100111110010001110
13,87.0,00100111110010001110,87.0,00100111110010001110
13,87.0,00100111110010001110,87.0,00100111110010001110
13,87.0,00100111110010001110,87.0,00100111110010001110
13,87.0,00100111110010001110,87.0,00100111110010001110
13,87.0,00100111110010001110,87.0,00100111110010001110
13,87.0,00100111110010001110,87.0,00100111110010001110
13,87.0,00100111110010001110,87.0,00100111110010001110
13,87.0,00100111110010001110,87.0,00100111110010001110
13,87.0,00100111110010001110,87.0,00100111110010001110
13,87.0,00100111110010001110,87.0,00100111110010001110
13,87.0,00100111110010001110,87.0,00100111110010001110
13,87.0,00100111110010001110,87.0,00100111110010001110
13,87.0,00100111110010001110,87.0,00100111110010001110
14,73525.0,11001101000111010111,9743.0,11010101000101010010
14,9743.0,11010101000101010010,8001.0,11010001000001011001
14,8001.0,11010001000001011001,319.0,11011101100001001000
14,319.0,11011101100001001000,319.0,11011101100001001000
14,319.0,11011101100001001000,319.0,11011101100001001000
14,319.0,11011101100001001000,319.0,11011101100001001000
14,319.0,11011101100001001000,319.0,11011101100001001000
14,319.0,11011101100001001000,223.0,11010011100001000000
14,223.0,11010011100001000000,223.0,11010011100001000000
14,223.0,11010011100001000000,223.0,11010011100001000000
14,223.0,11010011100001000000,223.0,11010011100001000000
14,223.0,11010011100001000000,223.0,11010011100001000000
14,223.0,11010011100001000000,223.0,11010011100001000000
14,223.0,11010011100001000000,223.0,11010011100001000000
14,223.0,11010011100001000000,223.0,11010011100001000000
14,223.0,11010011100001000000,223.0,11010011100001000000
14,223.0,11010011100001000000,5.0,10110010001001000010
14,5.0,10110010001001000010,5.0,10110010001001000010
14,5.0,10110010001001000010,5.0,10110010001001000010
14,5.0,10110010001001000010,5.0,10110010001001000010
14,5.0,10110010001001000010,5.0,10110010001001000010
14,5.0,10110010001001000010,5.0,10110010001001000010
14,5.0,10110010001001000010,5.0,10110010001001000010
14,5.0,10110010001001000010,5.0,10110010001001000010
14,5.0,10110010001001000010,5.0,10110010001001000010
14,5.0,10110010001001000010,5.0,10110010001001000010
14,5.0,10110010001001000010,5.0,10110010001001000010
14,5.0,10110010001001000010,5.0,10110010001001000010
14,5.0,10110010001001000010,5.0,10110010001001000010
14,5.0,10110010001001000010,5.0,10110010001001000010
14,5.0,10110010001001000010,5.0,10110010001001000010
14,5.0,10110010001001000010,5.0,10110010001001000010
14,5.0,10110010001001000010,5.0,10110010001001000010
14,5.0,10110010001001000010,5.0,10110010001001000010
14,5.0,10110010001001000010,5.0,10110010001001000010
14,5.0,10110010001001000010,5.0,10110010001001000010
14,5.0,10110010001001000010,5.0,10110010001001000010
14,5.0,10110010001001000010,5.0,10110010001001000010
14,5.0,10110010001001000010,5.0,10110010001001000010
14,5.0,10110010001001000010,5.0,10110010001001000010
14,5.0,10110010001001000010,5.0,10110010001001000010
14,5.0,10110010001001000010,5.0,10110010001001000010
14,5.0,10110010001001000010,5.0,10110010001001000010
14,5.0,10110010001001000010,5.0,10110010001001000010
14,5.0,10110010001001000010,5.0,10110010001001000010
14,5.0,10110010001001000010,5.0,10110010001001000010
14,5.0,10110010001001000010,5.0,10110010001001000010
14,5.0,10110010001001000010,5.0,10110010001001000010
14,5.0,10110010001001000010,5.0,10110010001001000010
14,5.0,10110010001001000010,5.0,10110010001001000010
14,5.0,10110010001001000010,5.0,10110010001001000010
14,5.0,10110010001001000010,5.0,10110010001001000010
14,5.0,10110010001001000010,5.0,10110010001001000010
14,5.0,10110010001001000010,5.0,10110010001001000010
14,5.0,10110010001001000010,5.0,10110010001001000010
14,5.0,10110010001001000010,5.0,10110010001001000010
14,5.0,10110010001001000010,5.0,10110010001001000010
14,5.0,10110010001001000010,5.0,10110010001001000010
14,5.0,10110010001001000010,5.0,10110010001001000010
14,5.0,10110010001001000010,5.0,10110010001001000010
14,5.0,10110010001001000010,5.0,10110010001001000010
14,5.0,10110010001001000010,5.0,10110010001001000010
14,5.0,10110010001001000010,5.0,10110010001001000010
15,39479.0,10100011011000001000,12829.0,10100011001000101001
15,12829.0,10100011001000101001,5243.0,10100011101000001001
15,5243.0,10100011101000001001,629.0,00010011101010001001
15,629.0,00010011101010001001,629.0,00000011111010111000
15,629.0,00000011111010111000,285.0,00001010111011111010
15,285.0,00001010111011111010,277.0,01100000111011101010
15,277.0,01100000111011101010,277.0,01100000111011101010
15,277.0,01100000111011101010,277.0,01100000111011101010
15,277.0,01100000111011101010,141.0,00101101111011100011
15,141.0,00101101111011100011,141.0,00101101111011100011
15,141.0,00101101111011100011,141.0,00101101111011100011
15,141.0,00101101111011100011,141.0,00101101111011100011
15,141.0,00101101111011100011,141.0,00101101111011100011
15,141.0,00101101111011100011,141.0,00101101111011100011
15,141.0,00101101111011100011,141.0,00101101111011100011
15,141.0,00101101111011100011,141.0,00101101111011100011
15,141.0,00101101111011100011,141.0,00101101111011100011
15,141.0,00101101111011100011,141.0,00101101111011100011
15,141.0,00101101111011100011,141.0,00101101111011100011
15,141.0,00101101111011100011,141.0,00101101111011100011
15,141.0,00101101111011100011,141.0,00101101111011100011
15,141.0,00101101111011100011,141.0,00101101111011100011
15,141.0,00101101111011100011,141.0,00101101111011100011
15,141.0,00101101111011100011,137.0,00100001111011000100
15,137.0,00100001111011000100,137.0,00100001111011000100
15,137.0,00100001111011000100,137.0,00100001111011000100
15,137.0,00100001111011000100,137.0,00100001111011000100
15,137.0,00100001111011000100,137.0,00100001111011000100
15,137.0,00100001111011000100,137.0,00100001111011000100
15,137.0,00100001111011000100,137.0,00100001111011000100
15,137.0,00100001111011000100,137.0,00100001111011000100
15,137.0,00100001111011000100,137.0,00100001111011000100
15,137.0,00100001111011000100,137.0,00100001111011000100
15,137.0,00100001111011000100,137.0,00100001111011000100
15,137.0,00100001111011000100,137.0,00100001111011000100
15,137.0,00100001111011000100,137.0,00100001111011000100
15,137.0,00100001111011000100,137.0,00100001111011000100
15,137.0,00100001111011000100,137.0,00100001111011000100
15,137.0,00100001111011000100,73.0,01100000111011010101
15,73.0,01100000111011010101,73.0,01100000111011010101
15,73.0,01100000111011010101,73.0,01100000111011010101
15,73.0,01100000111011010101,5.0,11100000110111010100
15,5.0,11100000110111010100,5.0,11100000110111010100
15,5.0,11100000110111010100,5.0,11100000110111010100
15,5.0,11100000110111010100,5.0,11100000110111010100
15,5.0,11100000110111010100,5.0,11100000110111010100
15,5.0,11100000110111010100,5.0,11100000110111010100
15,5.0,11100000110111010100,5.0,11100000110111010100
15,5.0,11100000110111010100,5.0,11100000110111010100
15,5.0,11100000110111010100,5.0,11100000110111010100
15,5.0,11100000110111010100,5.0,11100000110111010100
15,5.0,11100000110111010100,5.0,11100000110111010100
15,5.0,11100000110111010100,5.0,11100000110111010100
15,5.0,11100000110111010100,5.0,11100000110111010100
15,5.0,11100000110111010100,5.0,11100000110111010100
15,5.0,11100000110111010100,5.0,11100000110111010100
15,5.0,11100000110111010100,5.0,11100000110111010100
15,5.0,11100000110111010100,5.0,11100000110111010100
15,5.0,11100000110111010100,5.0,11100000110111010100
15,5.0,11100000110111010100,5.0,11100000110111010100
15,5.0,11100000110111010100,5.0,11100000110111010100
15,5.0,11100000110111010100,5.0,11100000110111010100
15,5.0,11100000110111010100,5.0,11100000110111010100
15,5.0,11100000110111010100,5.0,11100000110111010100
15,5.0,11100000110111010100,5.0,11100000110111010100
15,5.0,11100000110111010100,5.0,11100000110111010100
15,5.0,11100000110111010100,5.0,11100000110111010100
15,5.0,11100000110111010100,5.0,11100000110111010100
15,5.0,11100000110111010100,5.0,11100000110111010100
15,5.0,11100000110111010100,5.0,11100000110111010100
15,5.0,11100000110111010100,5.0,11100000110111010100
15,5.0,11100000110111010100,5.0,11100000110111010100
15,5.0,11100000110111010100,5.0,11100000110111010100
15,5.0,11100000110111010100,5.0,11100000110111010100
15,5.0,11100000110111010100,5.0,11100000110111010100
15,5.0,11100000110111010100,5.0,11100000110111010100
15,5.0,11100000110111010100,5.0,11100000110111010100
15,5.0,11100000110111010100,5.0,11100000110111010100
15,5.0,11100000110111010100,5.0,11100000110111010100
15,5.0,11100000110111010100,5.0,11100000110111010100
15,5.0,11100000110111010100,5.0,11100000110111010100
15,5.0,11100000110111010100,5.0,11100000110111010100
15,5.0,11100000110111010100,5.0,11100000110111010100
15,5.0,11100000110111010100,5.0,11100000110111010100
15,5.0,11100000110111010100,5.0,11100000110111010100
16,12713.0,01000010101011110101,12713.0,01000010101011110101
16,12713.0,01000010101011110101,6169.0,01000110001011110111
16,6169.0,01000110001011110111,1671.0,01001110101011011000
16,1671.0,01001110101011011000,1127.0,01101110100011011011
16,1127.0,01101110100011011011,1127.0,01101110100011011011
16,1127.0,01101110100011011011,1127.0,01101110100011011011
16,1127.0,01101110100011011011,1127.0,01101110100011011011
16,1127.0,01101110100011011011,1127.0,01101110100011011011
16,1127.0,01101110100011011011,669.0,01101010100011111000
16,669.0,01101010100011111000,669.0,01101010100011111000
16,669.0,01101010100011111000,669.0,01101010100011111000
16,669.0,01101010100011111000,669.0,01101010100011111000
16,669.0,01101010100011111000,669.0,01101010100011111000
16,669.0,01101010100011111000,669.0,01101010100011111000
16,669.0,01101010100011111000,669.0,01101010100011111000
16,669.0,01101010100011111000,669.0,01101010100011111000
16,669.0,01101010100011111000,669.0,01101010100011111000
16,669.0,01101010100011111000,669.0,01101010100011111000
16,669.0,01101010100011111000,669.0,01101010100011111000
16,669.0,01101010100011111000,669.0,01101010100011111000
16,669.0,01101010100011111000,669.0,01101010100011111000
16,669.0,01101010100011111000,669.0,01101010100011111000
16,669.0,01101010100011111000,669.0,01101010100011111000
16,669.0,01101010100011111000,669.0,01101010100011111000
16,669.0,01101010100011111000,435.0,01100010110010111100
16,435.0,01100010110010111100,435.0,01100010110010111100
16,435.0,01100010110010111100,435.0,01100010110010111100
16,435.0,01100010110010111100,435.0,01100010110010111100
16,435.0,01100010110010111100,435.0,01100010110010111100
16,435.0,01100010110010111100,435.0,01100010110010111100
16,435.0,01100010110010111100,23.0,01100110110010011111
16,23.0,01100110110010011111,23.0,01100110110010011111
16,23.0,01100110110010011111,23.0,01100110110010011111
16,23.0,01100110110010011111,23.0,01100110110010011111
16,23.0,01100110110010011111,23.0,01100110110010011111
16,23.0,01100110110010011111,23.0,01100110110010011111
16,23.0,01100110110010011111,23.0,01100110110010011111
16,23.0,01100110110010011111,23.0,01100110110010011111
16,23.0,01100110110010011111,23.0,01100110110010011111
16,23.0,01100110110010011111,23.0,01100110110010011111
16,23.0,01100110110010011111,23.0,01100110110010011111
16,23.0,01100110110010011111,23.0,01100110110010011111
16,23.0,01100110110010011111,23.0,01100110110010011111
16,23.0,01100110110010011111,23.0,01100110110010011111
16,23.0,01100110110010011111,23.0,01100110110010011111
16,23.0,01100110110010011111,23.0,01100110110010011111
16,23.0,01100110110010011111,23.0,01100110110010011111
16,23.0,01100110110010011111,23.0,01100110110010011111
16,23.0,01100110110010011111,23.0,01100110110010011111
16,23.0,01100110110010011111,23.0,01100110110010011111
16,23.0,01100110110010011111,23.0,01100110110010011111
16,23.0,01100110110010011111,23.0,01100110110010011111
16,23.0,01100110110010011111,23.0,01100110110010011111
16,23.0,01100110110010011111,23.0,01100110110010011111
16,23.0,01100110110010011111,23.0,01100110110010011111
16,23.0,01100110110010011111,23.0,01100110110010011111
16,23.0,01100110110010011111,23.0,01100110110010011111
16,23.0,01100110110010011111,23.0,01100110110010011111
16,23.0,01100110110010011111,23.0,01100110110010011111
17,15325.0,01110011000000110011,14825.0,01110111000000110000
17,14825.0,01110111000000110000,10237.0,01110010000100111000
17,10237.0,01110010000100111000,9257.0,01011110000100111101
17,9257.0,01011110000100111101,8933.0,01010010001100110100
17,8933.0,01010010001100110100,383.0,00010110001110110110
17,383.0,00010110001110110110,383.0,00010110001110110110
17,383.0,00010110001110110110,383.0,00010110001110110110
17,383.0,00010110001110110110,383.0,00010110001110110110
17,383.0,00010110001110110110,383.0,00010110001110110110
17,383.0,00010110001110110110,383.0,00010110001110110110
17,383.0,00010110001110110110,383.0,00010110001110110110
17,383.0,00010110001110110110,383.0,00010110001110110110
17,383.0,00010110001110110110,383.0,00010110001110110110
17,383.0,00010110001110110110,383.0,00010110001110110110
17,383.0,00010110001110110110,383.0,00010110001110110110
17,383.0,00010110001110110110,383.0,00010110001110110110
17,383.0,00010110001110110110,383.0,00010110001110110110
17,383.0,00010110001110110110,383.0,00010110001110110110
17,383.0,00010110001110110110,383.0,00010110001110110110
17,383.0,00010110001110110110,383.0,00010110001110110110
17,383.0,00010110001110110110,383.0,00010110001110110110
17,383.0,00010110001110110110,383.0,00010110001110110110
17,383.0,00010110001110110110,383.0,00010110001110110110
17,383.0,00010110001110110110,383.0,00010110001110110110
17,383.0,00010110001110110110,383.0,00010110001110110110
17,383.0,00010110001110110110,383.0,00010110001110110110
17,383.0,00010110001110110110,383.0,00010110001110110110
17,383.0,00010110001110110110,383.0,00010110001110110110
17,383.0,00010110001110110110,383.0,00010110001110110110
17,383.0,00010110001110110110,383.0,00010110001110110110
17,383.0,00010110001110110110,383.0,00010110001110110110
17,383.0,00010110001110110110,383.0,00010110001110110110
17,383.0,00010110001110110110,383.0,00010110001110110110
17,383.0,00010110001110110110,383.0,00010110001110110110
17,383.0,00010110001110110110,383.0,00010110001110110110
17,383.0,00010110001110110110,383.0,00010110001110110110
17,383.0,00010110001110110110,383.0,00010110001110110110
17,383.0,00010110001110110110,383.0,00010110001110110110
17,383.0,00010110001110110110,383.0,00010110001110110110
17,383.0,00010110001110110110,383.0,00010110001110110110
17,383.0,00010110001110110110,383.0,00010110001110110110
18,30629.0,01110111000010010000,12423.0,01010011000011010001
18,12423.0,01010011000011010001,2447.0,00010011000011010100
18,2447.0,00010011000011010100,1691.0,00011011000110110111
18,1691.0,00011011000110110111,1691.0,00011011000110110111
18,1691.0,00011011000110110111,153.0,10010011000110100110
18,153.0,10010011000110100110,153.0,10010011000110100110
18,153.0,10010011000110100110,153.0,10010011000110100110
18,153.0,10010011000110100110,153.0,10010011000110100110
18,153.0,10010011000110100110,85.0,00010011001010100111
18,85.0,00010011001010100111,85.0,00010011001010100111
18,85.0,00010011001010100111,85.0,00010011001010100111
18,85.0,00010011001010100111,85.0,00010011001010100111
18,85.0,00010011001010100111,85.0,00010011001010100111
18,85.0,00010011001010100111,85.0,00010011001010100111
18,85.0,00010011001010100111,5.0,00011111001000101011
18,5.0,00011111001000101011,5.0,00011111001000101011
18,5.0,00011111001000101011,5.0,00011111001000101011
18,5.0,00011111001000101011,5.0,00011111001000101011
18,5.0,00011111001000101011,5.0,00011111001000101011
18,5.0,00011111001000101011,5.0,00011111001000101011
18,5.0,00011111001000101011,5.0,00011111001000101011
18,5.0,00011111001000101011,5.0,00011111001000101011
18,5.0,00011111001000101011,5.0,00011111001000101011
18,5.0,00011111001000101011,5.0,00011111001000101011
18,5.0,00011111001000101011,5.0,00011111001000101011
18,5.0,00011111001000101011,5.0,00011111001000101011
18,5.0,00011111001000101011,5.0,00011111001000101011
18,5.0,00011111001000101011,5.0,00011111001000101011
18,5.0,00011111001000101011,5.0,00011111001000101011
18,5.0,00011111001000101011,5.0,00011111001000101011
18,5.0,00011111001000101011,5.0,00011111001000101011
18,5.0,00011111001000101011,5.0,00011111001000101011
18,5.0,00011111001000101011,5.0,00011111001000101011
18,5.0,00011111001000101011,5.0,00011111001000101011
18,5.0,00011111001000101011,5.0,00011111001000101011
18,5.0,00011111001000101011,5.0,00011111001000101011
18,5.0,00011111001000101011,5.0,00011111001000101011
18,5.0,00011111001000101011,5.0,00011111001000101011
18,5.0,00011111001000101011,5.0,00011111001000101011
18,5.0,00011111001000101011,5.0,00011111001000101011
18,5.0,00011111001000101011,5.0,00011111001000101011
18,5.0,00011111001000101011,5.0,00011111001000101011
18,5.0,00011111001000101011,5.0,00011111001000101011
18,5.0,00011111001000101011,5.0,00011111001000101011
18,5.0,00011111001000101011,5.0,00011111001000101011
18,5.0,00011111001000101011,5.0,00011111001000101011
18,5.0,00011111001000101011,5.0,00011111001000101011
18,5.0,00011111001000101011,5.0,00011111001000101011
18,5.0,00011111001000101011,5.0,00011111001000101011
18,5.0,00011111001000101011,5.0,00011111001000101011
18,5.0,00011111001000101011,5.0,00011111001000101011
19,15041.0,00111100110101010111,4581.0,00110100110100111110
19,4581.0,00110100110100111110,1235.0,00110100111110100100
19,1235.0,00110100111110100100,1235.0,00110100111110100100
19,1235.0,00110100111110100100,1235.0,00110100111110100100
19,1235.0,00110100111110100100,1235.0,00110100111110100100
19,1235.0,00110100111110100100,683.0,00010100111110101111
19,683.0,00010100111110101111,683.0,00010100111110101111
19,683.0,00010100111110101111,683.0,00010100111110101111
19,683.0,00010100111110101111,683.0,00010100111110101111
19,683.0,00010100111110101111,683.0,00010100111110101111
19,683.0,00010100111110101111,683.0,00010100111110101111
19,683.0,00010100111110101111,223.0,00101100011110111111
19,223.0,00101100011110111111,223.0,00101100011110111111
19,223.0,00101100011110111111,223.0,00101100011110111111
19,223.0,00101100011110111111,223.0,00101100011110111111
19,223.0,00101100011110111111,223.0,00101100011110111111
19,223.0,00101100011110111111,223.0,00101100011110111111
19,223.0,00101100011110111111,223.0,00101100011110111111
19,223.0,00101100011110111111,223.0,00101100011110111111
19,223.0,00101100011110111111,223.0,00101100011110111111
19,223.0,00101100011110111111,223.0,00101100011110111111
19,223.0,00101100011110111111,223.0,00101100011110111111
19,223.0,00101100011110111111,223.0,00101100011110111111
19,223.0,00101100011110111111,223.0,00101100011110111111
19,223.0,00101100011110111111,223.0,00101100011110111111
19,223.0,00101100011110111111,223.0,00101100011110111111
19,223.0,00101100011110111111,223.0,00101100011110111111
19,223.0,00101100011110111111,223.0,00101100011110111111
19,223.0,00101100011110111111,223.0,00101100011110111111
19,223.0,00101100011110111111,223.0,00101100011110111111
19,223.0,00101100011110111111,223.0,00101100011110111111
19,223.0,00101100011110111111,223.0,00101100011110111111
19,223.0,00101100011110111111,223.0,00101100011110111111
19,223.0,00101100011110111111,223.0,00101100011110111111
19,223.0,00101100011110111111,223.0,00101100011110111111
19,223.0,00101100011110111111,223.0,00101100011110111111
19,223.0,00101100011110111111,223.0,00101100011110111111
19,223.0,00101100011110111111,223.0,00101100011110111111
19,223.0,00101100011110111111,223.0,00101100011110111111
19,223.0,00101100011110111111,223.0,00101100011110111111
19,223.0,00101100011110111111,223.0,00101100011110111111
19,223.0,00101100011110111111,223.0,00101100011110111111
19,223.0,00101100011110111111,55.0,00111000011110011011
19,55.0,00111000011110011011,55.0,00111000011110011011
19,55.0,00111000011110011011,55.0,00111000011110011011
19,55.0,00111000011110011011,55.0,00111000011110011011
19,55.0,00111000011110011011,55.0,00111000011110011011
19,55.0,00111000011110011011,55.0,00111000011110011011
19,55.0,00111000011110011011,55.0,00111000011110011011
19,55.0,00111000011110011011,55.0,00111000011110011011
19,55.0,00111000011110011011,55.0,00111000011110011011
19,55.0,00111000011110011011,55.0,00111000011110011011
19,55.0,00111000011110011011,55.0,00111000011110011011
19,55.0,00111000011110011011,55.0,00111000011110011011
19,55.0,00111000011110011011,55.0,00111000011110011011
19,55.0,00111000011110011011,55.0,00111000011110011011
19,55.0,00111000011110011011,55.0,00111000011110011011
19,55.0,00111000011110011011,55.0,00111000011110011011
19,55.0,00111000011110011011,55.0,00111000011110011011
19,55.0,00111000011110011011,55.0,00111000011110011011
19,55.0,00111000011110011011,55.0,00111000011110011011
19,55.0,00111000011110011011,55.0,00111000011110011011
19,55.0,00111000011110011011,55.0,00111000011110011011
19,55.0,00111000011110011011,55.0,00111000011110011011
19,55.0,00111000011110011011,55.0,00111000011110011011
19,55.0,00111000011110011011,55.0,00111000011110011011
19,55.0,00111000011110011011,55.0,00111000011110011011
19,55.0,00111000011110011011,55.0,00111000011110011011
19,55.0,00111000011110011011,55.0,00111000011110011011
19,55.0,00111000011110011011,55.0,00111000011110011011
19,55.0,00111000011110011011,55.0,00111000011110011011
19,55.0,00111000011110011011,55.0,00111000011110011011
19,55.0,00111000011110011011,55.0,00111000011110011011
19,55.0,00111000011110011011,55.0,00111000011110011011
19,55.0,00111000011110011011,55.0,00111000011110011011
19,55.0,00111000011110011011,55.0,00111000011110011011
20,19113.0,00011111010111000001,19113.0,00011111010111000001
20,19113.0,00011111010111000001,1861.0,00010110110111110011
20,1861.0,00010110110111110011,1861.0,00010110110111110011
20,1861.0,00010110110111110011,1861.0,00010110110111110011
20,1861.0,00010110110111110011,1861.0,00010110110111110011
20,1861.0,00010110110111110011,1861.0,00010110110111110011
20,1861.0,00010110110111110011,1861.0,00010110110111110011
20,1861.0,00010110110111110011,1861.0,00010110110111110011
20,1861.0,00010110110111110011,1861.0,00010110110111110011
20,1861.0,00010110110111110011,1861.0,00010110110111110011
20,1861.0,00010110110111110011,1861.0,00010110110111110011
20,1861.0,00010110110111110011,1861.0,00010110110111110011
20,1861.0,00010110110111110011,1503.0,00010110110101011000
20,1503.0,00010110110101011000,1503.0,00010110110101011000
20,1503.0,00010110110101011000,1503.0,00010110110101011000
20,1503.0,00010110110101011000,481.0,00111010110101010000
20,481.0,00111010110101010000,481.0,00111010110101010000
20,481.0,00111010110101010000,481.0,00111010110101010000
20,481.0,00111010110101010000,481.0,00111010110101010000
20,481.0,00111010110101010000,481.0,00111010110101010000
20,481.0,00111010110101010000,481.0,00111010110101010000
20,481.0,00111010110101010000,481.0,00111010110101010000
20,481.0,00111010110101010000,481.0,00111010110101010000
20,481.0,00111010110101010000,305.0,00111000110111010100
20,305.0,00111000110111010100,305.0,00111000110111010100
20,305.0,00111000110111010100,5.0,11100000110111010100
20,5.0,11100000110111010100,5.0,11100000110111010100
20,5.0,11100000110111010100,5.0,11100000110111010100
20,5.0,11100000110111010100,5.0,11100000110111010100
20,5.0,11100000110111010100,5.0,11100000110111010100
20,5.0,11100000110111010100,5.0,11100000110111010100
20,5.0,11100000110111010100,5.0,11100000110111010100
20,5.0,11100000110111010100,5.0,11100000110111010100
20,5.0,11100000110111010100,5.0,11100000110111010100
20,5.0,11100000110111010100,5.0,11100000110111010100
20,5.0,11100000110111010100,5.0,11100000110111010100
20,5.0,11100000110111010100,5.0,11100000110111010100
20,5.0,11100000110111010100,5.0,11100000110111010100
20,5.0,11100000110111010100,5.0,11100000110111010100
20,5.0,11100000110111010100,5.0,11100000110111010100
20,5.0,11100000110111010100,5.0,11100000110111010100
20,5.0,11100000110111010100,5.0,11100000110111010100
20,5.0,11100000110111010100,5.0,11100000110111010100
20,5.0,11100000110111010100,5.0,11100000110111010100
20,5.0,11100000110111010100,5.0,11100000110111010100
20,5.0,11100000110111010100,5.0,11100000110111010100
20,5.0,11100000110111010100,5.0,11100000110111010100
20,5.0,11100000110111010100,5.0,11100000110111010100
20,5.0,11100000110111010100,5.0,11100000110111010100
20,5.0,11100000110111010100,5.0,11100000110111010100
20,5.0,11100000110111010100,5.0,11100000110111010100
20,5.0,11100000110111010100,5.0,11100000110111010100
20,5.0,11100000110111010100,5.0,11100000110111010100
20,5.0,11100000110111010100,5.0,11100000110111010100
20,5.0,11100000110111010100,5.0,11100000110111010100
20,5.0,11100000110111010100,5.0,11100000110111010100
20,5.0,11100000110111010100,5.0,11100000110111010100
20,5.0,11100000110111010100,5.0,11100000110111010100
20,5.0,11100000110111010100,5.0,11100000110111010100
21,3071.0,01011110000101010111,1297.0,01001111000101010111
21,1297.0,01001111000101010111,1297.0,01001111000101010111
21,1297.0,01001111000101010111,1297.0,01001111000101010111
21,1297.0,01001111000101010111,317.0,01100011000101010010
21,317.0,01100011000101010010,317.0,01100011000101010010
21,317.0,01100011000101010010,317.0,01100011000101010010
21,317.0,01100011000101010010,317.0,01100011000101010010
21,317.0,01100011000101010010,317.0,01100011000101010010
21,317.0,01100011000101010010,317.0,01100011000101010010
21,317.0,01100011000101010010,317.0,01100011000101010010
21,317.0,01100011000101010010,317.0,01100011000101010010
21,317.0,01100011000101010010,317.0,01100011000101010010
21,317.0,01100011000101010010,317.0,01100011000101010010
21,317.0,01100011000101010010,317.0,01100011000101010010
21,317.0,01100011000101010010,317.0,01100011000101010010
21,317.0,01100011000101010010,317.0,01100011000101010010
21,317.0,01100011000101010010,317.0,01100011000101010010
21,317.0,01100011000101010010,221.0,01101101000101011010
21,221.0,01101101000101011010,221.0,01101101000101011010
21,221.0,01101101000101011010,221.0,01101101000101011010
21,221.0,01101101000101011010,221.0,01101101000101011010
21,221.0,01101101000101011010,221.0,01101101000101011010
21,221.0,01101101000101011010,221.0,01101101000101011010
21,221.0,01101101000101011010,75.0,01111001000010111000
21,75.0,01111001000010111000,75.0,01111001000010111000
21,75.0,01111001000010111000,75.0,01111001000010111000
21,75.0,01111001000010111000,75.0,01111001000010111000
21,75.0,01111001000010111000,75.0,01111001000010111000
21,75.0,01111001000010111000,75.0,01111001000010111000
21,75.0,01111001000010111000,75.0,01111001000010111000
21,75.0,01111001000010111000,75.0,01111001000010111000
21,75.0,01111001000010111000,75.0,01111001000010111000
21,75.0,01111001000010111000,75.0,01111001000010111000
21,75.0,01111001000010111000,75.0,01111001000010111000
21,75.0,01111001000010111000,75.0,01111001000010111000
21,75.0,01111001000010111000,75.0,01111001000010111000
21,75.0,01111001000010111000,75.0,01111001000010111000
21,75.0,01111001000010111000,55.0,00111000011110011011
21,55.0,00111000011110011011,55.0,00111000011110011011
21,55.0,00111000011110011011,55.0,00111000011110011011
21,55.0,00111000011110011011,55.0,00111000011110011011
21,55.0,00111000011110011011,55.0,00111000011110011011
21,55.0,00111000011110011011,55.0,00111000011110011011
21,55.0,00111000011110011011,55.0,00111000011110011011
21,55.0,00111000011110011011,55.0,00111000011110011011
21,55.0,00111000011110011011,55.0,00111000011110011011
21,55.0,00111000011110011011,55.0,00111000011110011011
21,55.0,00111000011110011011,55.0,00111000011110011011
21,55.0,00111000011110011011,55.0,00111000011110011011
21,55.0,00111000011110011011,55.0,00111000011110011011
21,55.0,00111000011110011011,55.0,00111000011110011011
21,55.0,00111000011110011011,55.0,00111000011110011011
21,55.0,00111000011110011011,55.0,00111000011110011011
21,55.0,00111000011110011011,55.0,00111000011110011011
21,55.0,00111000011110011011,55.0,00111000011110011011
21,55.0,00111000011110011011,55.0,00111000011110011011
21,55.0,00111000011110011011,55.0,00111000011110011011
21,55.0,00111000011110011011,55.0,00111000011110011011
21,55.0,00111000011110011011,55.0,00111000011110011011
21,55.0,00111000011110011011,55.0,00111000011110011011
21,55.0,00111000011110011011,55.0,00111000011110011011
21,55.0,00111000011110011011,55.0,00111000011110011011
21,55.0,00111000011110011011,55.0,00111000011110011011
21,55.0,00111000011110011011,55.0,00111000011110011011
22,43213.0,10101000111111010011,5377.0,10011100111101010010
22,5377.0,10011100111101010010,147.0,00111101101100010000
22,147.0,00111101101100010000,147.0,00111101101100010000
22,147.0,00111101101100010000,147.0,00111101101100010000
22,147.0,00111101101100010000,147.0,00111101101100010000
22,147.0,00111101101100010000,147.0,00111101101100010000
22,147.0,00111101101100010000,147.0,00111101101100010000
22,147.0,00111101101100010000,147.0,00111101101100010000
22,147.0,00111101101100010000,147.0,00111101101100010000
22,147.0,00111101101100010000,147.0,00111101101100010000
22,147.0,00111101101100010000,147.0,00111101101100010000
22,147.0,00111101101100010000,147.0,00111101101100010000
22,147.0,00111101101100010000,147.0,00111101101100010000
22,147.0,00111101101100010000,87.0,01110000101110110010
22,87.0,01110000101110110010,87.0,01110000101110110010
22,87.0,01110000101110110010,87.0,01110000101110110010
22,87.0,01110000101110110010,87.0,01110000101110110010
22,87.0,01110000101110110010,87.0,01110000101110110010
22,87.0,01110000101110110010,87.0,01110000101110110010
22,87.0,01110000101110110010,87.0,01110000101110110010
22,87.0,01110000101110110010,87.0,01110000101110110010
22,87.0,01110000101110110010,87.0,01110000101110110010
22,87.0,01110000101110110010,87.0,01110000101110110010
22,87.0,01110000101110110010,87.0,01110000101110110010
22,87.0,01110000101110110010,87.0,01110000101110110010
22,87.0,01110000101110110010,87.0,01110000101110110010
22,87.0,01110000101110110010,87.0,01110000101110110010
22,87.0,01110000101110110010,87.0,01110000101110110010
22,87.0,01110000101110110010,87.0,01110000101110110010
22,87.0,01110000101110110010,87.0,01110000101110110010
22,87.0,01110000101110110010,87.0,01110000101110110010
22,87.0,01110000101110110010,87.0,01110000101110110010
22,87.0,01110000101110110010,87.0,01110000101110110010
22,87.0,01110000101110110010,87.0,01110000101110110010
22,87.0,01110000101110110010,87.0,01110000101110110010
22,87.0,01110000101110110010,87.0,01110000101110110010
22,87.0,01110000101110110010,87.0,01110000101110110010
22,87.0,01110000101110110010,87.0,01110000101110110010
22,87.0,01110000101110110010,87.0,01110000101110110010
22,87.0,01110000101110110010,87.0,01110000101110110010
22,87.0,01110000101110110010,87.0,01110000101110110010
22,87.0,01110000101110110010,87.0,01110000101110110010
22,87.0,01110000101110110010,87.0,01110000101110110010
23,10547.0,01001111010011100111,4735.0,01011110110011000111
23,4735.0,01011110110011000111,2849.0,01010010110011100101
23,2849.0,01010010110011100101,2849.0,01010010110011100101
23,2849.0,01010010110011100101,1471.0,00111010010011100100
23,1471.0,00111010010011100100,1161.0,10111110000010110111
23,1161.0,10111110000010110111,1161.0,10111110000010110111
23,1161.0,10111110000010110111,1161.0,10111110000010110111
23,1161.0,10111110000010110111,1161.0,10111110000010110111
23,1161.0,10111110000010110111,795.0,10110110000100110100
23,795.0,10110110000100110100,795.0,10110110000100110100
23,795.0,10110110000100110100,795.0,10110110000100110100
23,795.0,10110110000100110100,795.0,10110110000100110100
23,795.0,10110110000100110100,795.0,10110110000100110100
23,795.0,10110110000100110100,795.0,10110110000100110100
23,795.0,10110110000100110100,795.0,10110110000100110100
23,795.0,10110110000100110100,795.0,10110110000100110100
23,795.0,10110110000100110100,383.0,00010110001110110110
23,383.0,00010110001110110110,383.0,00010110001110110110
23,383.0,00010110001110110110,383.0,00010110001110110110
23,383.0,00010110001110110110,383.0,00010110001110110110
23,383.0,00010110001110110110,383.0,00010110001110110110
23,383.0,00010110001110110110,383.0,00010110001110110110
23,383.0,00010110001110110110,383.0,00010110001110110110
23,383.0,00010110001110110110,217.0,11010010000110110111
23,217.0,11010010000110110111,217.0,11010010000110110111
23,217.0,11010010000110110111,217.0,11010010000110110111
23,217.0,11010010000110110111,141.0,11010010000100011100
23,141.0,11010010000100011100,141.0,11010010000100011100
23,141.0,11010010000100011100,141.0,11010010000100011100
23,141.0,11010010000100011100,141.0,11010010000100011100
23,141.0,11010010000100011100,141.0,11010010000100011100
23,141.0,11010010000100011100,141.0,11010010000100011100
23,141.0,11010010000100011100,141.0,11010010000100011100
23,141.0,11010010000100011100,141.0,11010010000100011100
23,141.0,11010010000100011100,141.0,11010010000100011100
23,141.0,11010010000100011100,141.0,11010010000100011100
23,141.0,11010010000100011100,141.0,11010010000100011100
23,141.0,11010010000100011100,141.0,11010010000100011100
23,141.0,11010010000100011100,141.0,11010010000100011100
23,141.0,11010010000100011100,141.0,11010010000100011100
23,141.0,11010010000100011100,141.0,11010010000100011100
23,141.0,11010010000100011100,141.0,11010010000100011100
23,141.0,11010010000100011100,141.0,11010010000100011100
23,141.0,11010010000100011100,141.0,11010010000100011100
23,141.0,11010010000100011100,141.0,11010010000100011100
23,141.0,11010010000100011100,141.0,11010010000100011100
23,141.0,11010010000100011100,141.0,11010010000100011100
23,141.0,11010010000100011100,141.0,11010010000100011100
23,141.0,11010010000100011100,141.0,11010010000100011100
23,141.0,11010010000100011100,141.0,11010010000100011100
23,141.0,11010010000100011100,141.0,11010010000100011100
23,141.0,11010010000100011100,141.0,11010010000100011100
23,141.0,11010010000100011100,137.0,11011110000100111011
23,137.0,11011110000100111011,137.0,11011110000100111011
23,137.0,11011110000100111011,137.0,11011110000100111011
23,137.0,11011110000100111011,137.0,11011110000100111011
23,137.0,11011110000100111011,137.0,11011110000100111011
23,137.0,11011110000100111011,137.0,11011110000100111011
23,137.0,11011110000100111011,137.0,11011110000100111011
23,137.0,11011110000100111011,137.0,11011110000100111011
23,137.0,11011110000100111011,137.0,11011110000100111011
23,137.0,11011110000100111011,137.0,11011110000100111011
23,137.0,11011110000100111011,137.0,11011110000100111011
23,137.0,11011110000100111011,137.0,11011110000100111011
23,137.0,11011110000100111011,137.0,11011110000100111011
23,137.0,11011110000100111011,137.0,11011110000100111011
23,137.0,11011110000100111011,137.0,11011110000100111011
23,137.0,11011110000100111011,137.0,11011110000100111011
23,137.0,11011110000100111011,137.0,11011110000100111011
23,137.0,11011110000100111011,137.0,11011110000100111011
23,137.0,11011110000100111011,137.0,11011110000100111011
23,137.0,11011110000100111011,137.0,11011110000100111011
23,137.0,11011110000100111011,137.0,11011110000100111011
23,137.0,11011110000100111011,137.0,11011110000100111011
23,137.0,11011110000100111011,137.0,11011110000100111011
23,137.0,11011110000100111011,137.0,11011110000100111011
23,137.0,11011110000100111011,137.0,11011110000100111011
23,137.0,11011110000100111011,137.0,11011110000100111011
23,137.0,11011110000100111011,137.0,11011110000100111011
23,137.0,11011110000100111011,137.0,11011110000100111011
23,137.0,11011110000100111011,137.0,11011110000100111011
23,137.0,11011110000100111011,137.0,11011110000100111011
23,137.0,11011110000100111011,137.0,11011110000100111011
23,137.0,11011110000100111011,137.0,11011110000100111011
23,137.0,11011110000100111011,137.0,11011110000100111011
23,137.0,11011110000100111011,137.0,11011110000100111011
23,137.0,11011110000100111011,137.0,11011110000100111011
23,137.0,11011110000100111011,137.0,11011110000100111011
23,137.0,11011110000100111011,137.0,11011110000100111011
23,137.0,11011110000100111011,137.0,11011110000100111011
23,137.0,11011110000100111011,137.0,11011110000100111011
23,137.0,11011110000100111011,137.0,11011110000100111011
23,137.0,11011110000100111011,137.0,11011110000100111011
23,137.0,11011110000100111011,137.0,11011110000100111011
24,12279.0,01111000010110101110,2847.0,11111100000110001101
24,2847.0,11111100000110001101,313.0,11011100000110111111
24,313.0,11011100000110111111,313.0,11011100000110111111
24,313.0,11011100000110111111,313.0,11011100000110111111
24,313.0,11011100000110111111,313.0,11011100000110111111
24,313.0,11011100000110111111,313.0,11011100000110111111
24,313.0,11011100000110111111,313.0,11011100000110111111
24,313.0,11011100000110111111,313.0,11011100000110111111
24,313.0,11011100000110111111,313.0,11011100000110111111
24,313.0,11011100000110111111,141.0,11010010000100011100
24,141.0,11010010000100011100,137.0,11011110000100111011
24,137.0,11011110000100111011,137.0,11011110000100111011
24,137.0,11011110000100111011,137.0,11011110000100111011
24,137.0,11011110000100111011,137.0,11011110000100111011
24,137.0,11011110000100111011,137.0,11011110000100111011
24,137.0,11011110000100111011,137.0,11011110000100111011
24,137.0,11011110000100111011,137.0,11011110000100111011
24,137.0,11011110000100111011,137.0,11011110000100111011
24,137.0,11011110000100111011,137.0,11011110000100111011
24,137.0,11011110000100111011,137.0,11011110000100111011
24,137.0,11011110000100111011,137.0,11011110000100111011
24,137.0,11011110000100111011,137.0,11011110000100111011
24,137.0,11011110000100111011,137.0,11011110000100111011
24,137.0,11011110000100111011,137.0,11011110000100111011
24,137.0,11011110000100111011,137.0,11011110000100111011
24,137.0,11011110000100111011,137.0,11011110000100111011
24,137.0,11011110000100111011,11.0,01011110010101001011
24,11.0,01011110010101001011,11.0,01011110010101001011
24,11.0,01011110010101001011,11.0,01011110010101001011
24,11.0,01011110010101001011,11.0,01011110010101001011
24,11.0,01011110010101001011,11.0,01011110010101001011
24,11.0,01011110010101001011,11.0,01011110010101001011
24,11.0,01011110010101001011,11.0,01011110010101001011
24,11.0,01011110010101001011,11.0,01011110010101001011
24,11.0,01011110010101001011,11.0,01011110010101001011
24,11.0,01011110010101001011,11.0,01011110010101001011
24,11.0,01011110010101001011,11.0,01011110010101001011
24,11.0,01011110010101001011,11.0,01011110010101001011
24,11.0,01011110010101001011,11.0,01011110010101001011
24,11.0,01011110010101001011,11.0,01011110010101001011
24,11.0,01011110010101001011,11.0,01011110010101001011
24,11.0,01011110010101001011,11.0,01011110010101001011
24,11.0,01011110010101001011,11.0,01011110010101001011
24,11.0,01011110010101001011,11.0,01011110010101001011
24,11.0,01011110010101001011,11.0,01011110010101001011
24,11.0,01011110010101001011,11.0,01011110010101001011
24,11.0,01011110010101001011,11.0,01011110010101001011
24,11.0,01011110010101001011,11.0,01011110010101001011
24,11.0,01011110010101001011,11.0,01011110010101001011
24,11.0,01011110010101001011,11.0,01011110010101001011
24,11.0,01011110010101001011,11.0,01011110010101001011
24,11.0,01011110010101001011,11.0,01011110010101001011
24,11.0,01011110010101001011,11.0,01011110010101001011
24,11.0,01011110010101001011,11.0,01011110010101001011
24,11.0,01011110010101001011,11.0,01011110010101001011
24,11.0,01011110010101001011,11.0,01011110010101001011
24,11.0,01011110010101001011,11.0,01011110010101001011
24,11.0,01011110010101001011,11.0,01011110010101001011
24,11.0,01011110010101001011,11.0,01011110010101001011
24,11.0,01011110010101001011,11.0,01011110010101001011
24,11.0,01011110010101001011,11.0,01011110010101001011
24,11.0,01011110010101001011,11.0,01011110010101001011
24,11.0,01011110010101001011,11.0,01011110010101001011
24,11.0,01011110010101001011,11.0,01011110010101001011
24,11.0,01011110010101001011,11.0,01011110010101001011
24,11.0,01011110010101001011,11.0,01011110010101001011
24,11.0,01011110010101001011,11.0,01011110010101001011
24,11.0,01011110010101001011,11.0,01011110010101001011
25,56021.0,10111100100110111011,46949.0,10111101100100001011
25,46949.0,10111101100100001011,475.0,10101001101110001011
25,475.0,10101001101110001011,291.0,10100001011110001010
25,291.0,10100001011110001010,291.0,10100001011110001010
25,291.0,10100001011110001010,291.0,10100001011110001010
25,291.0,10100001011110001010,291.0,10100001011110001010
25,291.0,10100001011110001010,291.0,10100001011110001010
25,291.0,10100001011110001010,291.0,10100001011110001010
25,291.0,10100001011110001010,291.0,10100001011110001010
25,291.0,10100001011110001010,291.0,10100001011110001010
25,291.0,10100001011110001010,291.0,10100001011110001010
25,291.0,10100001011110001010,291.0,10100001011110001010
25,291.0,10100001011110001010,291.0,10100001011110001010
25,291.0,10100001011110001010,291.0,10100001011110001010
25,291.0,10100001011110001010,291.0,10100001011110001010
25,291.0,10100001011110001010,291.0,10100001011110001010
25,291.0,10100001011110001010,291.0,10100001011110001010
25,291.0,10100001011110001010,291.0,10100001011110001010
25,291.0,10100001011110001010,291.0,10100001011110001010
25,291.0,10100001011110001010,253.0,10110101001000001000
25,253.0,10110101001000001000,253.0,10110101001000001000
25,253.0,10110101001000001000,253.0,10110101001000001000
25,253.0,10110101001000001000,91.0,10111100001001001010
25,91.0,10111100001001001010,91.0,10111100001001001010
25,91.0,10111100001001001010,91.0,10111100001001001010
25,91.0,10111100001001001010,91.0,10111100001001001010
25,91.0,10111100001001001010,91.0,10111100001001001010
25,91.0,10111100001001001010,91.0,10111100001001001010
25,91.0,10111100001001001010,5.0,10110010001001000010
25,5.0,10110010001001000010,5.0,10110010001001000010
25,5.0,10110010001001000010,5.0,10110010001001000010
25,5.0,10110010001001000010,5.0,10110010001001000010
25,5.0,10110010001001000010,5.0,10110010001001000010
25,5.0,10110010001001000010,5.0,10110010001001000010
25,5.0,10110010001001000010,5.0,10110010001001000010
25,5.0,10110010001001000010,5.0,10110010001001000010
25,5.0,10110010001001000010,5.0,10110010001001000010
25,5.0,10110010001001000010,5.0,10110010001001000010
25,5.0,10110010001001000010,5.0,10110010001001000010
25,5.0,10110010001001000010,5.0,10110010001001000010
25,5.0,10110010001001000010,5.0,10110010001001000010
25,5.0,10110010001001000010,5.0,10110010001001000010
25,5.0,10110010001001000010,5.0,10110010001001000010
25,5.0,10110010001001000010,5.0,10110010001001000010
25,5.0,10110010001001000010,5.0,10110010001001000010
25,5.0,10110010001001000010,5.0,10110010001001000010
25,5.0,10110010001001000010,5.0,10110010001001000010
25,5.0,10110010001001000010,5.0,10110010001001000010
25,5.0,10110010001001000010,5.0,10110010001001000010
25,5.0,10110010001001000010,5.0,10110010001001000010
25,5.0,10110010001001000010,5.0,10110010001001000010
25,5.0,10110010001001000010,5.0,10110010001001000010
25,5.0,10110010001001000010,5.0,10110010001001000010
25,5.0,10110010001001000010,5.0,10110010001001000010
25,5.0,10110010001001000010,5.0,10110010001001000010
25,5.0,10110010001001000010,5.0,10110010001001000010
25,5.0,10110010001001000010,5.0,10110010001001000010
25,5.0,10110010001001000010,5.0,10110010001001000010
25,5.0,10110010001001000010,5.0,10110010001001000010
25,5.0,10110010001001000010,5.0,10110010001001000010
25,5.0,10110010001001000010,5.0,10110010001001000010
25,5.0,10110010001001000010,5.0,10110010001001000010
25,5.0,10110010001001000010,5.0,10110010001001000010
25,5.0,10110010001001000010,5.0,10110010001001000010
25,5.0,10110010001001000010,5.0,10110010001001000010
25,5.0,10110010001001000010,5.0,10110010001001000010
25,5.0,10110010001001000010,5.0,10110010001001000010
25,5.0,10110010001001000010,5.0,10110010001001000010
25,5.0,10110010001001000010,5.0,10110010001001000010
25,5.0,10110010001001000010,5.0,10110010001001000010
25,5.0,10110010001001000010,5.0,10110010001001000010
25,5.0,10110010001001000010,5.0,10110010001001000010
25,5.0,10110010001001000010,5.0,10110010001001000010
25,5.0,10110010001001000010,5.0,10110010001001000010
25,5.0,10110010001001000010,5.0,10110010001001000010
25,5.0,10110010001001000010,5.0,10110010001001000010
25,5.0,10110010001001000010,5.0,10110010001001000010
25,5.0,10110010001001000010,5.0,10110010001001000010
25,5.0,10110010001001000010,5.0,10110010001001000010
25,5.0,10110010001001000010,5.0,10110010001001000010
25,5.0,10110010001001000010,5.0,10110010001001000010
25,5.0,10110010001001000010,5.0,10110010001001000010
25,5.0,10110010001001000010,5.0,10110010001001000010
26,6661.0,01011001000101011001,6661.0,01011001000101011001
26,6661.0,01011001000101011001,2459.0,01001001001101011011
26,2459.0,01001001001101011011,2459.0,01001001001101011011
26,2459.0,01001001001101011011,1161.0,01000001111101001000
26,1161.0,01000001111101001000,1161.0,01000001111101001000
26,1161.0,01000001111101001000,467.0,00000011101101001000
26,467.0,00000011101101001000,467.0,00000011101101001000
26,467.0,00000011101101001000,467.0,00000011101101001000
26,467.0,00000011101101001000,467.0,00000011101101001000
26,467.0,00000011101101001000,467.0,00000011101101001000
26,467.0,00000011101101001000,77.0,00100011100101001011
26,77.0,00100011100101001011,77.0,00100011100101001011
26,77.0,00100011100101001011,77.0,00100011100101001011
26,77.0,00100011100101001011,77.0,00100011100101001011
26,77.0,00100011100101001011,77.0,00100011100101001011
26,77.0,00100011100101001011,77.0,00100011100101001011
26,77.0,00100011100101001011,77.0,00100011100101001011
26,77.0,00100011100101001011,77.0,00100011100101001011
26,77.0,00100011100101001011,77.0,00100011100101001011
26,77.0,00100011100101001011,77.0,00100011100101001011
26,77.0,00100011100101001011,77.0,00100011100101001011
26,77.0,00100011100101001011,77.0,00100011100101001011
26,77.0,00100011100101001011,77.0,00100011100101001011
26,77.0,00100011100101001011,77.0,00100011100101001011
26,77.0,00100011100101001011,77.0,00100011100101001011
26,77.0,00100011100101001011,77.0,00100011100101001011
26,77.0,00100011100101001011,77.0,00100011100101001011
26,77.0,00100011100101001011,77.0,00100011100101001011
26,77.0,00100011100101001011,77.0,00100011100101001011
26,77.0,00100011100101001011,77.0,00100011100101001011
26,77.0,00100011100101001011,77.0,00100011100101001011
26,77.0,00100011100101001011,77.0,00100011100101001011
26,77.0,00100011100101001011,77.0,00100011100101001011
26,77.0,00100011100101001011,77.0,00100011100101001011
27,13417.0,00010111110100100111,4677.0,00010101111100100110
27,4677.0,00010101111100100110,3449.0,10010101111000100101
27,3449.0,10010101111000100101,771.0,10010001111110100001
27,771.0,10010001111110100001,771.0,10010001111110100001
27,771.0,10010001111110100001,371.0,00111101110110110001
27,371.0,00111101110110110001,371.0,00111101110110110001
27,371.0,00111101110110110001,371.0,00111101110110110001
27,371.0,00111101110110110001,371.0,00111101110110110001
27,371.0,00111101110110110001,371.0,00111101110110110001
27,371.0,00111101110110110001,371.0,00111101110110110001
27,371.0,00111101110110110001,371.0,00111101110110110001
27,371.0,00111101110110110001,71.0,11100101110110110001
27,71.0,11100101110110110001,71.0,11100101110110110001
27,71.0,11100101110110110001,71.0,11100101110110110001
27,71.0,11100101110110110001,71.0,11100101110110110001
27,71.0,11100101110110110001,71.0,11100101110110110001
27,71.0,11100101110110110001,71.0,11100101110110110001
27,71.0,11100101110110110001,71.0,11100101110110110001
27,71.0,11100101110110110001,5.0,01001101110110111101
27,5.0,01001101110110111101,5.0,01001101110110111101
27,5.0,01001101110110111101,5.0,01001101110110111101
27,5.0,01001101110110111101,5.0,01001101110110111101
27,5.0,01001101110110111101,5.0,01001101110110111101
27,5.0,01001101110110111101,5.0,01001101110110111101
27,5.0,01001101110110111101,5.0,01001101110110111101
27,5.0,01001101110110111101,5.0,01001101110110111101
27,5.0,01001101110110111101,5.0,01001101110110111101
27,5.0,01001101110110111101,5.0,01001101110110111101
27,5.0,01001101110110111101,5.0,01001101110110111101
27,5.0,01001101110110111101,5.0,01001101110110111101
27,5.0,01001101110110111101,5.0,01001101110110111101
27,5.0,01001101110110111101,5.0,01001101110110111101
27,5.0,01001101110110111101,5.0,01001101110110111101
27,5.0,01001101110110111101,5.0,01001101110110111101
27,5.0,01001101110110111101,5.0,01001101110110111101
27,5.0,01001101110110111101,5.0,01001101110110111101
27,5.0,01001101110110111101,5.0,01001101110110111101
27,5.0,01001101110110111101,5.0,01001101110110111101
27,5.0,01001101110110111101,5.0,01001101110110111101
27,5.0,01001101110110111101,5.0,01001101110110111101
27,5.0,01001101110110111101,5.0,01001101110110111101
27,5.0,01001101110110111101,5.0,01001101110110111101
27,5.0,01001101110110111101,5.0,01001101110110111101
27,5.0,01001101110110111101,5.0,01001101110110111101
27,5.0,01001101110110111101,5.0,01001101110110111101
27,5.0,01001101110110111101,5.0,01001101110110111101
27,5.0,01001101110110111101,5.0,01001101110110111101
27,5.0,01001101110110111101,5.0,01001101110110111101
27,5.0,01001101110110111101,5.0,01001101110110111101
27,5.0,01001101110110111101,5.0,01001101110110111101
27,5.0,01001101110110111101,5.0,01001101110110111101
27,5.0,01001101110110111101,5.0,01001101110110111101
27,5.0,01001101110110111101,5.0,01001101110110111101
27,5.0,01001101110110111101,5.0,01001101110110111101
27,5.0,01001101110110111101,5.0,01001101110110111101
27,5.0,01001101110110111101,5.0,01001101110110111101
27,5.0,01001101110110111101,5.0,01001101110110111101
27,5.0,01001101110110111101,5.0,01001101110110111101
27,5.0,01001101110110111101,5.0,01001101110110111101
27,5.0,01001101110110111101,5.0,01001101110110111101
27,5.0,01001101110110111101,5.0,01001101110110111101
27,5.0,01001101110110111101,5.0,01001101110110111101
27,5.0,01001101110110111101,5.0,01001101110110111101
27,5.0,01001101110110111101,5.0,01001101110110111101
27,5.0,01001101110110111101,5.0,01001101110110111101
27,5.0,01001101110110111101,5.0,01001101110110111101
27,5.0,01001101110110111101,5.0,01001101110110111101
27,5.0,01001101110110111101,5.0,01001101110110111101
27,5.0,01001101110110111101,5.0,01001101110110111101
27,5.0,01001101110110111101,5.0,01001101110110111101
27,5.0,01001101110110111101,5.0,01001101110110111101
27,5.0,01001101110110111101,5.0,01001101110110111101
27,5.0,01001101110110111101,5.0,01001101110110111101
27,5.0,01001101110110111101,5.0,01001101110110111101
27,5.0,01001101110110111101,5.0,01001101110110111101
27,5.0,01001101110110111101,5.0,01001101110110111101
28,5757.0,00111101110000111010,4905.0,00110101010010111010
28,4905.0,00110101010010111010,4905.0,00110101010010111010
28,4905.0,00110101010010111010,4905.0,00110101010010111010
28,4905.0,00110101010010111010,1933.0,00011101010100111111
28,1933.0,00011101010100111111,1231.0,00110101000100101111
28,1231.0,00110101000100101111,1095.0,10110100110100101101
28,1095.0,10110100110100101101,1095.0,10110100110100101101
28,1095.0,10110100110100101101,683.0,00010100111110101111
28,683.0,00010100111110101111,683.0,00010100111110101111
28,683.0,00010100111110101111,683.0,00010100111110101111
28,683.0,00010100111110101111,317.0,10011100111010101101
28,317.0,10011100111010101101,317.0,10011100111010101101
28,317.0,10011100111010101101,317.0,10011100111010101101
28,317.0,10011100111010101101,141.0,10011110111000101001
28,141.0,10011110111000101001,141.0,10011110111000101001
28,141.0,10011110111000101001,141.0,10011110111000101001
28,141.0,10011110111000101001,89.0,00001011101000111100
28,89.0,00001011101000111100,89.0,00001011101000111100
28,89.0,00001011101000111100,89.0,00001011101000111100
28,89.0,00001011101000111100,89.0,00001011101000111100
28,89.0,00001011101000111100,89.0,00001011101000111100
28,89.0,00001011101000111100,89.0,00001011101000111100
28,89.0,00001011101000111100,89.0,00001011101000111100
28,89.0,00001011101000111100,89.0,00001011101000111100
28,89.0,00001011101000111100,89.0,00001011101000111100
28,89.0,00001011101000111100,5.0,00011111001000101011
28,5.0,00011111001000101011,5.0,00011111001000101011
28,5.0,00011111001000101011,5.0,00011111001000101011
28,5.0,00011111001000101011,5.0,00011111001000101011
28,5.0,00011111001000101011,5.0,00011111001000101011
28,5.0,00011111001000101011,5.0,00011111001000101011
28,5.0,00011111001000101011,5.0,00011111001000101011
28,5.0,00011111001000101011,5.0,00011111001000101011
28,5.0,00011111001000101011,5.0,00011111001000101011
28,5.0,00011111001000101011,5.0,00011111001000101011
28,5.0,00011111001000101011,5.0,00011111001000101011
28,5.0,00011111001000101011,5.0,00011111001000101011
28,5.0,00011111001000101011,5.0,00011111001000101011
28,5.0,00011111001000101011,5.0,00011111001000101011
28,5.0,00011111001000101011,5.0,00011111001000101011
28,5.0,00011111001000101011,5.0,00011111001000101011
28,5.0,00011111001000101011,5.0,00011111001000101011
28,5.0,00011111001000101011,5.0,00011111001000101011
28,5.0,00011111001000101011,5.0,00011111001000101011
28,5.0,00011111001000101011,5.0,00011111001000101011
28,5.0,00011111001000101011,5.0,00011111001000101011
28,5.0,00011111001000101011,5.0,00011111001000101011
28,5.0,00011111001000101011,5.0,00011111001000101011
28,5.0,00011111001000101011,5.0,00011111001000101011
28,5.0,00011111001000101011,5.0,00011111001000101011
28,5.0,00011111001000101011,5.0,00011111001000101011
28,5.0,00011111001000101011,5.0,00011111001000101011
28,5.0,00011111001000101011,5.0,00011111001000101011
28,5.0,00011111001000101011,5.0,00011111001000101011
28,5.0,00011111001000101011,5.0,00011111001000101011
28,5.0,00011111001000101011,5.0,00011111001000101011
28,5.0,00011111001000101011,5.0,00011111001000101011
28,5.0,00011111001000101011,5.0,00011111001000101011
28,5.0,00011111001000101011,5.0,00011111001000101011
28,5.0,00011111001000101011,5.0,00011111001000101011
28,5.0,00011111001000101011,5.0,00011111001000101011
28,5.0,00011111001000101011,5.0,00011111001000101011
29,8321.0,11000101101001110010,4459.0,11001101111001010000
29,4459.0,11001101111001010000,1561.0,11011001111000010001
29,1561.0,11011001111000010001,1051.0,10010011011000010000
29,1051.0,10010011011000010000,1051.0,10010011011000010000
29,1051.0,10010011011000010000,1051.0,10010011011000010000
29,1051.0,10010011011000010000,1051.0,10010011011000010000
29,1051.0,10010011011000010000,1051.0,10010011011000010000
29,1051.0,10010011011000010000,1051.0,10010011011000010000
29,1051.0,10010011011000010000,1051.0,10010011011000010000
29,1051.0,10010011011000010000,955.0,10011101011000011000
29,955.0,10011101011000011000,955.0,10011101011000011000
29,955.0,10011101011000011000,955.0,10011101011000011000
29,955.0,10011101011000011000,955.0,10011101011000011000
29,955.0,10011101011000011000,955.0,10011101011000011000
29,955.0,10011101011000011000,955.0,10011101011000011000
29,955.0,10011101011000011000,411.0,10111101010000011011
29,411.0,10111101010000011011,411.0,10111101010000011011
29,411.0,10111101010000011011,411.0,10111101010000011011
29,411.0,10111101010000011011,47.0,10111001010000111000
29,47.0,10111001010000111000,47.0,10111001010000111000
29,47.0,10111001010000111000,47.0,10111001010000111000
29,47.0,10111001010000111000,47.0,10111001010000111000
29,47.0,10111001010000111000,47.0,10111001010000111000
29,47.0,10111001010000111000,47.0,10111001010000111000
29,47.0,10111001010000111000,47.0,10111001010000111000
29,47.0,10111001010000111000,47.0,10111001010000111000
29,47.0,10111001010000111000,47.0,10111001010000111000
29,47.0,10111001010000111000,47.0,10111001010000111000
29,47.0,10111001010000111000,47.0,10111001010000111000
29,47.0,10111001010000111000,47.0,10111001010000111000
29,47.0,10111001010000111000,47.0,10111001010000111000
29,47.0,10111001010000111000,47.0,10111001010000111000
29,47.0,10111001010000111000,47.0,10111001010000111000
29,47.0,10111001010000111000,47.0,10111001010000111000
29,47.0,10111001010000111000,47.0,10111001010000111000
29,47.0,10111001010000111000,47.0,10111001010000111000
29,47.0,10111001010000111000,47.0,10111001010000111000
29,47.0,10111001010000111000,47.0,10111001010000111000
29,47.0,10111001010000111000,47.0,10111001010000111000
29,47.0,10111001010000111000,47.0,10111001010000111000
29,47.0,10111001010000111000,47.0,10111001010000111000
30,50893.0,10100100011100111100,3367.0,10101101010110111011
30,3367.0,10101101010110111011,1671.0,00101101001110111001
30,1671.0,00101101001110111001,1671.0,00101101001110111001
30,1671.0,00101101001110111001,1299.0,10101000111110111010
30,1299.0,10101000111110111010,1299.0,10101000111110111010
30,1299.0,10101000111110111010,1299.0,10101000111110111010
30,1299.0,10101000111110111010,1299.0,10101000111110111010
30,1299.0,10101000111110111010,1299.0,10101000111110111010
30,1299.0,10101000111110111010,543.0,10111000011110110001
30,543.0,10111000011110110001,543.0,10111000011110110001
30,543.0,10111000011110110001,543.0,10111000011110110001
30,543.0,10111000011110110001,543.0,10111000011110110001
30,543.0,10111000011110110001,543.0,10111000011110110001
30,543.0,10111000011110110001,543.0,10111000011110110001
30,543.0,10111000011110110001,543.0,10111000011110110001
30,543.0,10111000011110110001,291.0,11011010011110000011
30,291.0,11011010011110000011,291.0,11011010011110000011
30,291.0,11011010011110000011,291.0,11011010011110000011
30,291.0,11011010011110000011,291.0,11011010011110000011
30,291.0,11011010011110000011,291.0,11011010011110000011
30,291.0,11011010011110000011,291.0,11011010011110000011
30,291.0,11011010011110000011,291.0,11011010011110000011
30,291.0,11011010011110000011,291.0,11011010011110000011
30,291.0,11011010011110000011,291.0,11011010011110000011
30,291.0,11011010011110000011,13.0,11001110011110100111
30,13.0,11001110011110100111,13.0,11001110011110100111
30,13.0,11001110011110100111,13.0,11001110011110100111
30,13.0,11001110011110100111,13.0,11001110011110100111
30,13.0,11001110011110100111,13.0,11001110011110100111
30,13.0,11001110011110100111,13.0,11001110011110100111
30,13.0,11001110011110100111,13.0,11001110011110100111
30,13.0,11001110011110100111,13.0,11001110011110100111
30,13.0,11001110011110100111,13.0,11001110011110100111
30,13.0,11001110011110100111,13.0,11001110011110100111
30,13.0,11001110011110100111,13.0,11001110011110100111
30,13.0,11001110011110100111,13.0,11001110011110100111
30,13.0,11001110011110100111,13.0,11001110011110100111
30,13.0,11001110011110100111,13.0,11001110011110100111
30,13.0,11001110011110100111,13.0,11001110011110100111
30,13.0,11001110011110100111,13.0,11001110011110100111
30,13.0,11001110011110100111,13.0,11001110011110100111
30,13.0,11001110011110100111,13.0,11001110011110100111
30,13.0,11001110011110100111,13.0,11001110011110100111
30,13.0,11001110011110100111,13.0,11001110011110100111
30,13.0,11001110011110100111,13.0,11001110011110100111
30,13.0,11001110011110100111,13.0,11001110011110100111
30,13.0,11001110011110100111,13.0,11001110011110100111
30,13.0,11001110011110100111,13.0,11001110011110100111
30,13.0,11001110011110100111,13.0,11001110011110100111
30,13.0,11001110011110100111,13.0,11001110011110100111
30,13.0,11001110011110100111,13.0,11001110011110100111
30,13.0,11001110011110100111,13.0,11001110011110100111
30,13.0,11001110011110100111,13.0,11001110011110100111
30,13.0,11001110011110100111,13.0,11001110011110100111
30,13.0,11001110011110100111,13.0,11001110011110100111
30,13.0,11001110011110100111,13.0,11001110011110100111
30,13.0,11001110011110100111,13.0,11001110011110100111
30,13.0,11001110011110100111,13.0,11001110011110100111
30,13.0,11001110011110100111,13.0,11001110011110100111
30,13.0,11001110011110100111,13.0,11001110011110100111
30,13.0,11001110011110100111,13.0,11001110011110100111
30,13.0,11001110011110100111,13.0,11001110011110100111
30,13.0,11001110011110100111,13.0,11001110011110100111
30,13.0,11001110011110100111,13.0,11001110011110100111
31,29223.0,10100110110101100100,7603.0,10101010110001110110
31,7603.0,10101010110001110110,7407.0,11101000100111110101
31,7407.0,11101000100111110101,2577.0,10100100110111110111
31,2577.0,10100100110111110111,273.0,11101100110111110011
31,273.0,11101100110111110011,273.0,11101100110111110011
31,273.0,11101100110111110011,273.0,11101100110111110011
31,273.0,11101100110111110011,273.0,11101100110111110011
31,273.0,11101100110111110011,273.0,11101100110111110011
31,273.0,11101100110111110011,271.0,11001100111111110000
31,271.0,11001100111111110000,271.0,11001100111111110000
31,271.0,11001100111111110000,271.0,11001100111111110000
31,271.0,11001100111111110000,271.0,11001100111111110000
31,271.0,11001100111111110000,271.0,11001100111111110000
31,271.0,11001100111111110000,271.0,11001100111111110000
31,271.0,11001100111111110000,271.0,11001100111111110000
31,271.0,11001100111111110000,271.0,11001100111111110000
31,271.0,11001100111111110000,271.0,11001100111111110000
31,271.0,11001100111111110000,197.0,11001001111011100001
31,197.0,11001001111011100001,197.0,11001001111011100001
31,197.0,11001001111011100001,197.0,11001001111011100001
31,197.0,11001001111011100001,197.0,11001001111011100001
31,197.0,11001001111011100001,197.0,11001001111011100001
31,197.0,11001001111011100001,197.0,11001001111011100001
31,197.0,11001001111011100001,197.0,11001001111011100001
31,197.0,11001001111011100001,197.0,11001001111011100001
31,197.0,11001001111011100001,197.0,11001001111011100001
31,197.0,11001001111011100001,197.0,11001001111011100001
31,197.0,11001001111011100001,197.0,11001001111011100001
31,197.0,11001001111011100001,197.0,11001001111011100001
31,197.0,11001001111011100001,13.0,00001101101111101011
31,13.0,00001101101111101011,13.0,00001101101111101011
31,13.0,00001101101111101011,13.0,00001101101111101011
31,13.0,00001101101111101011,13.0,00001101101111101011
31,13.0,00001101101111101011,13.0,00001101101111101011
31,13.0,00001101101111101011,13.0,00001101101111101011
31,13.0,00001101101111101011,13.0,00001101101111101011
31,13.0,00001101101111101011,13.0,00001101101111101011
31,13.0,00001101101111101011,13.0,00001101101111101011
31,13.0,00001101101111101011,13.0,00001101101111101011
31,13.0,00001101101111101011,13.0,00001101101111101011
31,13.0,00001101101111101011,13.0,00001101101111101011
31,13.0,00001101101111101011,13.0,00001101101111101011
31,13.0,00001101101111101011,13.0,00001101101111101011
31,13.0,00001101101111101011,13.0,00001101101111101011
31,13.0,00001101101111101011,13.0,00001101101111101011
31,13.0,00001101101111101011,13.0,00001101101111101011
31,13.0,00001101101111101011,13.0,00001101101111101011
31,13.0,00001101101111101011,13.0,00001101101111101011
31,13.0,00001101101111101011,13.0,00001101101111101011
31,13.0,00001101101111101011,13.0,00001101101111101011
31,13.0,00001101101111101011,13.0,00001101101111101011
31,13.0,00001101101111101011,13.0,00001101101111101011
31,13.0,00001101101111101011,13.0,00001101101111101011
31,13.0,00001101101111101011,13.0,00001101101111101011
31,13.0,00001101101111101011,13.0,00001101101111101011
31,13.0,00001101101111101011,13.0,00001101101111101011
31,13.0,00001101101111101011,13.0,00001101101111101011
31,13.0,00001101101111101011,13.0,00001101101111101011
31,13.0,00001101101111101011,13.0,00001101101111101011
31,13.0,00001101101111101011,13.0,00001101101111101011
31,13.0,00001101101111101011,13.0,00001101101111101011
31,13.0,00001101101111101011,13.0,00001101101111101011
31,13.0,00001101101111101011,13.0,00001101101111101011
31,13.0,00001101101111101011,13.0,00001101101111101011
31,13.0,00001101101111101011,13.0,00001101101111101011
31,13.0,00001101101111101011,13.0,00001101101111101011
31,13.0,00001101101111101011,13.0,00001101101111101011
32,191349.0,01100010001001001100,104891.0,00100010001101001100
32,104891.0,00100010001101001100,52009.0,01100000001101101100
32,52009.0,01100000001101101100,32475.0,01101000001101110111
32,32475.0,01101000001101110111,23919.0,01101010010101010111
32,23919.0,01101010010101010111,3823.0,01110100010001001110
32,3823.0,01110100010001001110,3823.0,01110100010001001110
32,3823.0,01110100010001001110,1767.0,11011100110001001110
32,1767.0,11011100110001001110,1767.0,11011100110001001110
32,1767.0,11011100110001001110,1767.0,11011100110001001110
32,1767.0,11011100110001001110,1767.0,11011100110001001110
32,1767.0,11011100110001001110,1391.0,11111000110001001001
32,1391.0,11111000110001001001,1391.0,11111000110001001001
32,1391.0,11111000110001001001,1391.0,11111000110001001001
32,1391.0,11111000110001001001,91.0,10111100001001001010
32,91.0,10111100001001001010,91.0,10111100001001001010
32,91.0,10111100001001001010,91.0,10111100001001001010
32,91.0,10111100001001001010,91.0,10111100001001001010
32,91.0,10111100001001001010,91.0,10111100001001001010
32,91.0,10111100001001001010,91.0,10111100001001001010
32,91.0,10111100001001001010,91.0,10111100001001001010
32,91.0,10111100001001001010,5.0,10110010001001000010
32,5.0,10110010001001000010,5.0,10110010001001000010
32,5.0,10110010001001000010,5.0,10110010001001000010
32,5.0,10110010001001000010,5.0,10110010001001000010
32,5.0,10110010001001000010,5.0,10110010001001000010
32,5.0,10110010001001000010,5.0,10110010001001000010
32,5.0,10110010001001000010,5.0,10110010001001000010
32,5.0,10110010001001000010,5.0,10110010001001000010
32,5.0,10110010001001000010,5.0,10110010001001000010
32,5.0,10110010001001000010,5.0,10110010001001000010
32,5.0,10110010001001000010,5.0,10110010001001000010
32,5.0,10110010001001000010,5.0,10110010001001000010
32,5.0,10110010001001000010,5.0,10110010001001000010
32,5.0,10110010001001000010,5.0,10110010001001000010
32,5.0,10110010001001000010,5.0,10110010001001000010
32,5.0,10110010001001000010,5.0,10110010001001000010
32,5.0,10110010001001000010,5.0,10110010001001000010
32,5.0,10110010001001000010,5.0,10110010001001000010
32,5.0,10110010001001000010,5.0,10110010001001000010
32,5.0,10110010001001000010,5.0,10110010001001000010
32,5.0,10110010001001000010,5.0,10110010001001000010
32,5.0,10110010001001000010,5.0,10110010001001000010
32,5.0,10110010001001000010,5.0,10110010001001000010
32,5.0,10110010001001000010,5.0,10110010001001000010
32,5.0,10110010001001000010,5.0,10110010001001000010
32,5.0,10110010001001000010,5.0,10110010001001000010
32,5.0,10110010001001000010,5.0,10110010001001000010
32,5.0,10110010001001000010,5.0,10110010001001000010
32,5.0,10110010001001000010,5.0,10110010001001000010
32,5.0,10110010001001000010,5.0,10110010001001000010
32,5.0,10110010001001000010,5.0,10110010001001000010
32,5.0,10110010001001000010,5.0,10110010001001000010
32,5.0,10110010001001000010,5.0,10110010001001000010
32,5.0,10110010001001000010,5.0,10110010001001000010
32,5.0,10110010001001000010,5.0,10110010001001000010
32,5.0,10110010001001000010,5.0,10110010001001000010
32,5.0,10110010001001000010,5.0,10110010001001000010
32,5.0,10110010001001000010,5.0,10110010001001000010
32,5.0,10110010001001000010,5.0,10110010001001000010
32,5.0,10110010001001000010,5.0,10110010001001000010
32,5.0,10110010001001000010,5.0,10110010001001000010
32,5.0,10110010001001000010,5.0,10110010001001000010
32,5.0,10110010001001000010,5.0,10110010001001000010
32,5.0,10110010001001000010,5.0,10110010001001000010
33,10183.0,01111000111001100001,7025.0,01011100111001100110
33,7025.0,01011100111001100110,1049.0,01011101110001100100
33,1049.0,01011101110001100100,1049.0,01011101110001100100
33,1049.0,01011101110001100100,819.0,00010101010011110111
33,819.0,00010101010011110111,345.0,00110001100011110011
33,345.0,00110001100011110011,345.0,00110001100011110011
33,345.0,00110001100011110011,199.0,00010001101011110000
33,199.0,00010001101011110000,199.0,00010001101011110000
33,199.0,00010001101011110000,199.0,00010001101011110000
33,199.0,00010001101011110000,199.0,00010001101011110000
33,199.0,00010001101011110000,199.0,00010001101011110000
33,199.0,00010001101011110000,199.0,00010001101011110000
33,199.0,00010001101011110000,199.0,00010001101011110000
33,199.0,00010001101011110000,199.0,00010001101011110000
33,199.0,00010001101011110000,199.0,00010001101011110000
33,199.0,00010001101011110000,199.0,00010001101011110000
33,199.0,00010001101011110000,199.0,00010001101011110000
33,199.0,00010001101011110000,199.0,00010001101011110000
33,199.0,00010001101011110000,199.0,00010001101011110000
33,199.0,00010001101011110000,199.0,00010001101011110000
33,199.0,00010001101011110000,141.0,00101101111011100011
33,141.0,00101101111011100011,141.0,00101101111011100011
33,141.0,00101101111011100011,87.0,00100111110010001110
33,87.0,00100111110010001110,87.0,00100111110010001110
33,87.0,00100111110010001110,87.0,00100111110010001110
33,87.0,00100111110010001110,87.0,00100111110010001110
33,87.0,00100111110010001110,87.0,00100111110010001110
33,87.0,00100111110010001110,87.0,00100111110010001110
33,87.0,00100111110010001110,87.0,00100111110010001110
33,87.0,00100111110010001110,87.0,00100111110010001110
33,87.0,00100111110010001110,87.0,00100111110010001110
33,87.0,00100111110010001110,87.0,00100111110010001110
33,87.0,00100111110010001110,87.0,00100111110010001110
33,87.0,00100111110010001110,87.0,00100111110010001110
33,87.0,00100111110010001110,87.0,00100111110010001110
33,87.0,00100111110010001110,87.0,00100111110010001110
33,87.0,00100111110010001110,87.0,00100111110010001110
33,87.0,00100111110010001110,87.0,00100111110010001110
33,87.0,00100111110010001110,87.0,00100111110010001110
33,87.0,00100111110010001110,87.0,00100111110010001110
33,87.0,00100111110010001110,87.0,00100111110010001110
33,87.0,00100111110010001110,87.0,00100111110010001110
33,87.0,00100111110010001110,31.0,11000011110010001100
33,31.0,11000011110010001100,31.0,11000011110010001100
33,31.0,11000011110010001100,31.0,11000011110010001100
33,31.0,11000011110010001100,31.0,11000011110010001100
33,31.0,11000011110010001100,31.0,11000011110010001100
33,31.0,11000011110010001100,31.0,11000011110010001100
33,31.0,11000011110010001100,31.0,11000011110010001100
33,31.0,11000011110010001100,31.0,11000011110010001100
33,31.0,11000011110010001100,31.0,11000011110010001100
33,31.0,11000011110010001100,31.0,11000011110010001100
33,31.0,11000011110010001100,31.0,11000011110010001100
33,31.0,11000011110010001100,31.0,11000011110010001100
33,31.0,11000011110010001100,31.0,11000011110010001100
33,31.0,11000011110010001100,31.0,11000011110010001100
33,31.0,11000011110010001100,31.0,11000011110010001100
33,31.0,11000011110010001100,31.0,11000011110010001100
33,31.0,11000011110010001100,31.0,11000011110010001100
33,31.0,11000011110010001100,31.0,11000011110010001100
33,31.0,11000011110010001100,31.0,11000011110010001100
33,31.0,11000011110010001100,31.0,11000011110010001100
33,31.0,11000011110010001100,31.0,11000011110010001100
33,31.0,11000011110010001100,31.0,11000011110010001100
33,31.0,11000011110010001100,31.0,11000011110010001100
33,31.0,11000011110010001100,31.0,11000011110010001100
33,31.0,11000011110010001100,31.0,11000011110010001100
33,31.0,11000011110010001100,31.0,11000011110010001100
33,31.0,11000011110010001100,31.0,11000011110010001100
33,31.0,11000011110010001100,31.0,11000011110010001100
33,31.0,11000011110010001100,31.0,11000011110010001100
33,31.0,11000011110010001100,31.0,11000011110010001100
33,31.0,11000011110010001100,31.0,11000011110010001100
33,31.0,11000011110010001100,31.0,11000011110010001100
33,31.0,11000011110010001100,31.0,11000011110010001100
33,31.0,11000011110010001100,31.0,11000011110010001100
34,13395.0,10001011011000111000,12395.0,00000011011100111010
34,12395.0,00000011011100111010,4099.0,01000011011100101000
34,4099.0,01000011011100101000,1777.0,01000111111000101001
34,1777.0,01000111111000101001,171.0,01001111110100111001
34,171.0,01001111110100111001,5.0,01001101110110111101
34,5.0,01001101110110111101,5.0,01001101110110111101
34,5.0,01001101110110111101,5.0,01001101110110111101
34,5.0,01001101110110111101,5.0,01001101110110111101
34,5.0,01001101110110111101,5.0,01001101110110111101
34,5.0,01001101110110111101,5.0,01001101110110111101
34,5.0,01001101110110111101,5.0,01001101110110111101
34,5.0,01001101110110111101,5.0,01001101110110111101
34,5.0,01001101110110111101,5.0,01001101110110111101
34,5.0,01001101110110111101,5.0,01001101110110111101
34,5.0,01001101110110111101,5.0,01001101110110111101
34,5.0,01001101110110111101,5.0,01001101110110111101
34,5.0,01001101110110111101,5.0,01001101110110111101
34,5.0,01001101110110111101,5.0,01001101110110111101
34,5.0,01001101110110111101,5.0,01001101110110111101
34,5.0,01001101110110111101,5.0,01001101110110111101
34,5.0,01001101110110111101,5.0,01001101110110111101
34,5.0,01001101110110111101,5.0,01001101110110111101
34,5.0,01001101110110111101,5.0,01001101110110111101
34,5.0,01001101110110111101,5.0,01001101110110111101
34,5.0,01001101110110111101,5.0,01001101110110111101
34,5.0,01001101110110111101,5.0,01001101110110111101
34,5.0,01001101110110111101,5.0,01001101110110111101
34,5.0,01001101110110111101,5.0,01001101110110111101
34,5.0,01001101110110111101,5.0,01001101110110111101
34,5.0,01001101110110111101,5.0,01001101110110111101
34,5.0,01001101110110111101,5.0,01001101110110111101
34,5.0,01001101110110111101,5.0,01001101110110111101
34,5.0,01001101110110111101,5.0,01001101110110111101
34,5.0,01001101110110111101,5.0,01001101110110111101
34,5.0,01001101110110111101,5.0,01001101110110111101
34,5.0,01001101110110111101,5.0,01001101110110111101
34,5.0,01001101110110111101,5.0,01001101110110111101
34,5.0,01001101110110111101,5.0,01001101110110111101
34,5.0,01001101110110111101,5.0,01001101110110111101
34,5.0,01001101110110111101,5.0,01001101110110111101
34,5.0,01001101110110111101,5.0,01001101110110111101
34,5.0,01001101110110111101,5.0,01001101110110111101
34,5.0,01001101110110111101,5.0,01001101110110111101
34,5.0,01001101110110111101,5.0,01001101110110111101
34,5.0,01001101110110111101,5.0,01001101110110111101
34,5.0,01001101110110111101,5.0,01001101110110111101
34,5.0,01001101110110111101,5.0,01001101110110111101
34,5.0,01001101110110111101,5.0,01001101110110111101
34,5.0,01001101110110111101,5.0,01001101110110111101
34,5.0,01001101110110111101,5.0,01001101110110111101
34,5.0,01001101110110111101,5.0,01001101110110111101
34,5.0,01001101110110111101,5.0,01001101110110111101
34,5.0,01001101110110111101,5.0,01001101110110111101
34,5.0,01001101110110111101,5.0,01001101110110111101
34,5.0,01001101110110111101,5.0,01001101110110111101
34,5.0,01001101110110111101,5.0,01001101110110111101
34,5.0,01001101110110111101,5.0,01001101110110111101
34,5.0,01001101110110111101,5.0,01001101110110111101
34,5.0,01001101110110111101,5.0,01001101110110111101
35,55493.0,10010000101110011100,39689.0,10010000101100111100
35,39689.0,10010000101100111100,6157.0,00011000101101111011
35,6157.0,00011000101101111011,669.0,11001000101101111010
35,669.0,11001000101101111010,669.0,11001000101101111010
35,669.0,11001000101101111010,271.0,11001100111111110000
35,271.0,11001100111111110000,271.0,11001100111111110000
35,271.0,11001100111111110000,271.0,11001100111111110000
35,271.0,11001100111111110000,271.0,11001100111111110000
35,271.0,11001100111111110000,271.0,11001100111111110000
35,271.0,11001100111111110000,271.0,11001100111111110000
35,271.0,11001100111111110000,271.0,11001100111111110000
35,271.0,11001100111111110000,271.0,11001100111111110000
35,271.0,11001100111111110000,271.0,11001100111111110000
35,271.0,11001100111111110000,271.0,11001100111111110000
35,271.0,11001100111111110000,271.0,11001100111111110000
35,271.0,11001100111111110000,271.0,11001100111111110000
35,271.0,11001100111111110000,271.0,11001100111111110000
35,271.0,11001100111111110000,271.0,11001100111111110000
35,271.0,11001100111111110000,271.0,11001100111111110000
35,271.0,11001100111111110000,271.0,11001100111111110000
35,271.0,11001100111111110000,271.0,11001100111111110000
35,271.0,11001100111111110000,271.0,11001100111111110000
35,271.0,11001100111111110000,271.0,11001100111111110000
35,271.0,11001100111111110000,271.0,11001100111111110000
35,271.0,11001100111111110000,271.0,11001100111111110000
35,271.0,11001100111111110000,271.0,11001100111111110000
35,271.0,11001100111111110000,271.0,11001100111111110000
35,271.0,11001100111111110000,271.0,11001100111111110000
35,271.0,11001100111111110000,271.0,11001100111111110000
35,271.0,11001100111111110000,271.0,11001100111111110000
35,271.0,11001100111111110000,271.0,11001100111111110000
35,271.0,11001100111111110000,271.0,11001100111111110000
35,271.0,11001100111111110000,271.0,11001100111111110000
35,271.0,11001100111111110000,271.0,11001100111111110000
35,271.0,11001100111111110000,271.0,11001100111111110000
35,271.0,11001100111111110000,271.0,11001100111111110000
35,271.0,11001100111111110000,271.0,11011100101111000001
35,271.0,11011100101111000001,271.0,11011100101111000001
35,271.0,11011100101111000001,271.0,11011100101111000001
35,271.0,11011100101111000001,271.0,11011100101111000001
35,271.0,11011100101111000001,271.0,11011100101111000001
35,271.0,11011100101111000001,271.0,11011100101111000001
35,271.0,11011100101111000001,239.0,10010110001111000000
35,239.0,10010110001111000000,239.0,10010110001111000000
35,239.0,10010110001111000000,239.0,10010110001111000000
35,239.0,10010110001111000000,239.0,10010110001111000000
35,239.0,10010110001111000000,23.0,10011001001101100000
35,23.0,10011001001101100000,23.0,10011001001101100000
35,23.0,10011001001101100000,23.0,10011001001101100000
35,23.0,10011001001101100000,23.0,10011001001101100000
35,23.0,10011001001101100000,23.0,10011001001101100000
35,23.0,10011001001101100000,23.0,10011001001101100000
35,23.0,10011001001101100000,23.0,10011001001101100000
35,23.0,10011001001101100000,23.0,10011001001101100000
35,23.0,10011001001101100000,23.0,10011001001101100000
35,23.0,10011001001101100000,23.0,10011001001101100000
35,23.0,10011001001101100000,23.0,10011001001101100000
35,23.0,10011001001101100000,23.0,10011001001101100000
35,23.0,10011001001101100000,23.0,10011001001101100000
35,23.0,10011001001101100000,23.0,10011001001101100000
35,23.0,10011001001101100000,23.0,10011001001101100000
35,23.0,10011001001101100000,23.0,10011001001101100000
35,23.0,10011001001101100000,23.0,10011001001101100000
35,23.0,10011001001101100000,23.0,10011001001101100000
35,23.0,10011001001101100000,23.0,10011001001101100000
35,23.0,10011001001101100000,23.0,10011001001101100000
35,23.0,10011001001101100000,23.0,10011001001101100000
35,23.0,10011001001101100000,23.0,10011001001101100000
35,23.0,10011001001101100000,23.0,10011001001101100000
35,23.0,10011001001101100000,23.0,10011001001101100000
35,23.0,10011001001101100000,23.0,10011001001101100000
35,23.0,10011001001101100000,23.0,10011001001101100000
35,23.0,10011001001101100000,23.0,10011001001101100000
35,23.0,10011001001101100000,23.0,10011001001101100000
35,23.0,10011001001101100000,23.0,10011001001101100000
35,23.0,10011001001101100000,23.0,10011001001101100000
35,23.0,10011001001101100000,23.0,10011001001101100000
35,23.0,10011001001101100000,23.0,10011001001101100000
35,23.0,10011001001101100000,23.0,10011001001101100000
35,23.0,10011001001101100000,23.0,10011001001101100000
35,23.0,10011001001101100000,23.0,10011001001101100000
35,23.0,10011001001101100000,23.0,10011001001101100000
36,46881.0,11010010000111000100,30053.0,10011010000101001101
36,30053.0,10011010000101001101,7265.0,10010010000101001110
36,7265.0,10010010000101001110,5183.0,00010010110101001100
36,5183.0,00010010110101001100,1679.0,00010100110111011100
36,1679.0,00010100110111011100,1679.0,00010100110111011100
36,1679.0,00010100110111011100,833.0,00111000010011011101
36,833.0,00111000010011011101,833.0,00111000010011011101
36,833.0,00111000010011011101,833.0,00111000010011011101
36,833.0,00111000010011011101,833.0,00111000010011011101
36,833.0,00111000010011011101,533.0,00100100011011011100
36,533.0,00100100011011011100,497.0,00101101011001100110
36,497.0,00101101011001100110,497.0,00101101011001100110
36,497.0,00101101011001100110,497.0,00101101011001100110
36,497.0,00101101011001100110,497.0,00101101011001100110
36,497.0,00101101011001100110,497.0,00101101011001100110
36,497.0,00101101011001100110,497.0,00101101011001100110
36,497.0,00101101011001100110,497.0,00101101011001100110
36,497.0,00101101011001100110,497.0,00101101011001100110
36,497.0,00101101011001100110,141.0,00101101111011100011
36,141.0,00101101111011100011,141.0,00101101111011100011
36,141.0,00101101111011100011,141.0,00101101111011100011
36,141.0,00101101111011100011,141.0,00101101111011100011
36,141.0,00101101111011100011,141.0,00101101111011100011
36,141.0,00101101111011100011,141.0,00101101111011100011
36,141.0,00101101111011100011,141.0,00101101111011100011
36,141.0,00101101111011100011,141.0,00101101111011100011
36,141.0,00101101111011100011,141.0,00101101111011100011
36,141.0,00101101111011100011,141.0,00101101111011100011
36,141.0,00101101111011100011,141.0,00101101111011100011
36,141.0,00101101111011100011,141.0,00101101111011100011
36,141.0,00101101111011100011,141.0,00101101111011100011
36,141.0,00101101111011100011,141.0,00101101111011100011
36,141.0,00101101111011100011,141.0,00101101111011100011
36,141.0,00101101111011100011,137.0,00100001111011000100
36,137.0,00100001111011000100,137.0,00100001111011000100
36,137.0,00100001111011000100,137.0,00100001111011000100
36,137.0,00100001111011000100,137.0,00100001111011000100
36,137.0,00100001111011000100,137.0,00100001111011000100
36,137.0,00100001111011000100,137.0,00100001111011000100
36,137.0,00100001111011000100,137.0,00100001111011000100
36,137.0,00100001111011000100,137.0,00100001111011000100
36,137.0,00100001111011000100,137.0,00100001111011000100
36,137.0,00100001111011000100,137.0,00100001111011000100
36,137.0,00100001111011000100,137.0,00100001111011000100
36,137.0,00100001111011000100,137.0,00100001111011000100
36,137.0,00100001111011000100,137.0,00100001111011000100
36,137.0,00100001111011000100,137.0,00100001111011000100
36,137.0,00100001111011000100,137.0,00100001111011000100
36,137.0,00100001111011000100,137.0,00100001111011000100
36,137.0,00100001111011000100,73.0,01100000111011010101
36,73.0,01100000111011010101,73.0,01100000111011010101
36,73.0,01100000111011010101,73.0,01100000111011010101
36,73.0,01100000111011010101,73.0,01100000111011010101
36,73.0,01100000111011010101,73.0,01100000111011010101
36,73.0,01100000111011010101,73.0,01100000111011010101
36,73.0,01100000111011010101,5.0,11100000110111010100
36,5.0,11100000110111010100,5.0,11100000110111010100
36,5.0,11100000110111010100,5.0,11100000110111010100
36,5.0,11100000110111010100,5.0,11100000110111010100
36,5.0,11100000110111010100,5.0,11100000110111010100
36,5.0,11100000110111010100,5.0,11100000110111010100
36,5.0,11100000110111010100,5.0,11100000110111010100
36,5.0,11100000110111010100,5.0,11100000110111010100
36,5.0,11100000110111010100,5.0,11100000110111010100
36,5.0,11100000110111010100,5.0,11100000110111010100
36,5.0,11100000110111010100,5.0,11100000110111010100
36,5.0,11100000110111010100,5.0,11100000110111010100
36,5.0,11100000110111010100,5.0,11100000110111010100
36,5.0,11100000110111010100,5.0,11100000110111010100
36,5.0,11100000110111010100,5.0,11100000110111010100
36,5.0,11100000110111010100,5.0,11100000110111010100
36,5.0,11100000110111010100,5.0,11100000110111010100
36,5.0,11100000110111010100,5.0,11100000110111010100
36,5.0,11100000110111010100,5.0,11100000110111010100
36,5.0,11100000110111010100,5.0,11100000110111010100
36,5.0,11100000110111010100,5.0,11100000110111010100
36,5.0,11100000110111010100,5.0,11100000110111010100
36,5.0,11100000110111010100,5.0,11100000110111010100
36,5.0,11100000110111010100,5.0,11100000110111010100
36,5.0,11100000110111010100,5.0,11100000110111010100
36,5.0,11100000110111010100,5.0,11100000110111010100
36,5.0,11100000110111010100,5.0,11100000110111010100
36,5.0,11100000110111010100,5.0,11100000110111010100
36,5.0,11100000110111010100,5.0,11100000110111010100
36,5.0,11100000110111010100,5.0,11100000110111010100
36,5.0,11100000110111010100,5.0,11100000110111010100
36,5.0,11100000110111010100,5.0,11100000110111010100
36,5.0,11100000110111010100,5.0,11100000110111010100
36,5.0,11100000110111010100,5.0,11100000110111010100
36,5.0,11100000110111010100,5.0,11100000110111010100
36,5.0,11100000110111010100,5.0,11100000110111010100
36,5.0,11100000110111010100,5.0,11100000110111010100
36,5.0,11100000110111010100,5.0,11100000110111010100
36,5.0,11100000110111010100,5.0,11100000110111010100
36,5.0,11100000110111010100,5.0,11100000110111010100
36,5.0,11100000110111010100,5.0,11100000110111010100
36,5.0,11100000110111010100,5.0,11100000110111010100
36,5.0,11100000110111010100,5.0,11100000110111010100
36,5.0,11100000110111010100,5.0,11100000110111010100
36,5.0,11100000110111010100,5.0,11100000110111010100
37,63119.0,10100000111111110000,2117.0,01101000011111110011
37,2117.0,01101000011111110011,839.0,01111000011001010011
37,839.0,01111000011001010011,839.0,01111000011001010011
37,839.0,01111000011001010011,657.0,00111010010001011001
37,657.0,00111010010001011001,657.0,00111010010001011001
37,657.0,00111010010001011001,657.0,00111010010001011001
37,657.0,00111010010001011001,657.0,00111010010001011001
37,657.0,00111010010001011001,357.0,00100110011001011000
37,357.0,00100110011001011000,357.0,00100110011001011000
37,357.0,00100110011001011000,357.0,00100110011001011000
37,357.0,00100110011001011000,357.0,00100110011001011000
37,357.0,00100110011001011000,357.0,00100110011001011000
37,357.0,00100110011001011000,357.0,00100110011001011000
37,357.0,00100110011001011000,357.0,00100110011001011000
37,357.0,00100110011001011000,357.0,00100110011001011000
37,357.0,00100110011001011000,357.0,00100110011001011000
37,357.0,00100110011001011000,357.0,00100110011001011000
37,357.0,00100110011001011000,153.0,01101100111001011001
37,153.0,01101100111001011001,153.0,01101100111001011001
37,153.0,01101100111001011001,153.0,01101100111001011001
37,153.0,01101100111001011001,153.0,01101100111001011001
37,153.0,01101100111001011001,153.0,01101100111001011001
37,153.0,01101100111001011001,153.0,01101100111001011001
37,153.0,01101100111001011001,153.0,01101100111001011001
37,153.0,01101100111001011001,153.0,01101100111001011001
37,153.0,01101100111001011001,153.0,01101100111001011001
37,153.0,01101100111001011001,153.0,01101100111001011001
37,153.0,01101100111001011001,153.0,01101100111001011001
37,153.0,01101100111001011001,153.0,01101100111001011001
37,153.0,01101100111001011001,153.0,01101100111001011001
37,153.0,01101100111001011001,153.0,01101100111001011001
37,153.0,01101100111001011001,153.0,01101100111001011001
37,153.0,01101100111001011001,153.0,01101100111001011001
37,153.0,01101100111001011001,153.0,01101100111001011001
37,153.0,01101100111001011001,153.0,01101100111001011001
37,153.0,01101100111001011001,153.0,01101100111001011001
37,153.0,01101100111001011001,153.0,01101100111001011001
37,153.0,01101100111001011001,153.0,01101100111001011001
37,153.0,01101100111001011001,153.0,01101100111001011001
37,153.0,01101100111001011001,153.0,01101100111001011001
37,153.0,01101100111001011001,153.0,01101100111001011001
38,19731.0,10010111100000110100,14535.0,00010011101000010100
38,14535.0,00010011101000010100,11997.0,10010001011000110101
38,11997.0,10010001011000110101,11997.0,10010001011000110101
38,11997.0,10010001011000110101,85.0,00010011001010100111
38,85.0,00010011001010100111,85.0,00010011001010100111
38,85.0,00010011001010100111,85.0,00010011001010100111
38,85.0,00010011001010100111,85.0,00010011001010100111
38,85.0,00010011001010100111,85.0,00010011001010100111
38,85.0,00010011001010100111,85.0,00010011001010100111
38,85.0,00010011001010100111,85.0,00010011001010100111
38,85.0,00010011001010100111,85.0,00010011001010100111
38,85.0,00010011001010100111,85.0,00010011001010100111
38,85.0,00010011001010100111,85.0,00010011001010100111
38,85.0,00010011001010100111,85.0,00010011001010100111
38,85.0,00010011001010100111,85.0,00010011001010100111
38,85.0,00010011001010100111,85.0,00010011001010100111
38,85.0,00010011001010100111,85.0,00010011001010100111
38,85.0,00010011001010100111,85.0,00010011001010100111
38,85.0,00010011001010100111,85.0,00010011001010100111
38,85.0,00010011001010100111,85.0,00010011001010100111
38,85.0,00010011001010100111,85.0,00010011001010100111
38,85.0,00010011001010100111,85.0,00010011001010100111
38,85.0,00010011001010100111,85.0,00010011001010100111
38,85.0,00010011001010100111,85.0,00010011001010100111
38,85.0,00010011001010100111,85.0,00010011001010100111
38,85.0,00010011001010100111,85.0,00010011001010100111
38,85.0,00010011001010100111,85.0,00010011001010100111
39,9979.0,10001011000101110101,7897.0,01000010101101010111
39,7897.0,01000010101101010111,5995.0,01010000101101010100
39,5995.0,01010000101101010100,5451.0,01110000100101010111
39,5451.0,01110000100101010111,5451.0,01110000100101010111
39,5451.0,01110000100101010111,2143.0,10110100100101010100
39,2143.0,10110100100101010100,1777.0,10111000000111010110
39,1777.0,10111000000111010110,1433.0,10110001000110010100
39,1433.0,10110001000110010100,485.0,10010001000110011111
39,485.0,10010001000110011111,485.0,10010001000110011111
39,485.0,10010001000110011111,485.0,10010001000110011111
39,485.0,10010001000110011111,313.0,11011100000110111111
39,313.0,11011100000110111111,313.0,11011100000110111111
39,313.0,11011100000110111111,313.0,11011100000110111111
39,313.0,11011100000110111111,167.0,11001000011110111101
39,167.0,11001000011110111101,167.0,11001000011110111101
39,167.0,11001000011110111101,167.0,11001000011110111101
39,167.0,11001000011110111101,167.0,11001000011110111101
39,167.0,11001000011110111101,167.0,11001000011110111101
39,167.0,11001000011110111101,167.0,11001000011110111101
39,167.0,11001000011110111101,167.0,11001000011110111101
39,167.0,11001000011110111101,167.0,11001000011110111101
39,167.0,11001000011110111101,167.0,11001000011110111101
39,167.0,11001000011110111101,167.0,11001000011110111101
39,167.0,11001000011110111101,167.0,11001000011110111101
39,167.0,11001000011110111101,167.0,11001000011110111101
39,167.0,11001000011110111101,167.0,11001000011110111101
39,167.0,11001000011110111101,167.0,11001000011110111101
39,167.0,11001000011110111101,167.0,11001000011110111101
39,167.0,11001000011110111101,167.0,11001000011110111101
39,167.0,11001000011110111101,167.0,11001000011110111101
39,167.0,11001000011110111101,167.0,11001000011110111101
39,167.0,11001000011110111101,167.0,11001000011110111101
39,167.0,11001000011110111101,167.0,11001000011110111101
39,167.0,11001000011110111101,167.0,11001000011110111101
39,167.0,11001000011110111101,77.0,11011100011010110100
39,77.0,11011100011010110100,77.0,11011100011010110100
39,77.0,11011100011010110100,77.0,11011100011010110100
39,77.0,11011100011010110100,77.0,11011100011010110100
39,77.0,11011100011010110100,77.0,11011100011010110100
39,77.0,11011100011010110100,77.0,11011100011010110100
39,77.0,11011100011010110100,77.0,11011100011010110100
39,77.0,11011100011010110100,77.0,11011100011010110100
39,77.0,11011100011010110100,77.0,11011100011010110100
39,77.0,11011100011010110100,77.0,11011100011010110100
39,77.0,11011100011010110100,77.0,11011100011010110100
39,77.0,11011100011010110100,77.0,11011100011010110100
39,77.0,11011100011010110100,77.0,11011100011010110100
39,77.0,11011100011010110100,77.0,11011100011010110100
39,77.0,11011100011010110100,77.0,11011100011010110100
39,77.0,11011100011010110100,77.0,11011100011010110100
39,77.0,11011100011010110100,77.0,11011100011010110100
39,77.0,11011100011010110100,77.0,11011100011010110100
39,77.0,11011100011010110100,77.0,11011100011010110100
39,77.0,11011100011010110100,77.0,11011100011010110100
40,2321.0,11100001010111100000,2321.0,11100001010111100000
40,2321.0,11100001010111100000,1215.0,11100001110101100001
40,1215.0,11100001110101100001,383.0,11101001110001001001
40,383.0,11101001110001001001,383.0,11101001110001001001
40,383.0,11101001110001001001,383.0,11101001110001001001
40,383.0,11101001110001001001,383.0,11101001110001001001
40,383.0,11101001110001001001,383.0,11101001110001001001
40,383.0,11101001110001001001,383.0,11101001110001001001
40,383.0,11101001110001001001,383.0,11101001110001001001
40,383.0,11101001110001001001,383.0,11101001110001001001
40,383.0,11101001110001001001,383.0,11101001110001001001
40,383.0,11101001110001001001,383.0,11101001110001001001
40,383.0,11101001110001001001,13.0,00110001100001011000
40,13.0,00110001100001011000,13.0,00110001100001011000
40,13.0,00110001100001011000,13.0,00110001100001011000
40,13.0,00110001100001011000,13.0,00110001100001011000
40,13.0,00110001100001011000,13.0,00110001100001011000
40,13.0,00110001100001011000,13.0,00110001100001011000
40,13.0,00110001100001011000,13.0,00110001100001011000
40,13.0,00110001100001011000,13.0,00110001100001011000
40,13.0,00110001100001011000,13.0,00110001100001011000
40,13.0,00110001100001011000,13.0,00110001100001011000
40,13.0,00110001100001011000,13.0,00110001100001011000
40,13.0,00110001100001011000,13.0,00110001100001011000
40,13.0,00110001100001011000,13.0,00110001100001011000
40,13.0,00110001100001011000,13.0,00110001100001011000
40,13.0,00110001100001011000,13.0,00110001100001011000
40,13.0,00110001100001011000,13.0,00110001100001011000
40,13.0,00110001100001011000,13.0,00110001100001011000
40,13.0,00110001100001011000,13.0,00110001100001011000
40,13.0,00110001100001011000,13.0,00110001100001011000
40,13.0,00110001100001011000,13.0,00110001100001011000
40,13.0,00110001100001011000,13.0,00110001100001011000
40,13.0,00110001100001011000,13.0,00110001100001011000
40,13.0,00110001100001011000,13.0,00110001100001011000
40,13.0,00110001100001011000,13.0,00110001100001011000
40,13.0,00110001100001011000,13.0,00110001100001011000
40,13.0,00110001100001011000,13.0,00110001100001011000
40,13.0,00110001100001011000,13.0,00110001100001011000
40,13.0,00110001100001011000,13.0,00110001100001011000
40,13.0,00110001100001011000,13.0,00110001100001011000
40,13.0,00110001100001011000,13.0,00110001100001011000
40,13.0,00110001100001011000,13.0,00110001100001011000
40,13.0,00110001100001011000,13.0,00110001100001011000
40,13.0,00110001100001011000,13.0,00110001100001011000
40,13.0,00110001100001011000,13.0,00110001100001011000
40,13.0,00110001100001011000,13.0,00110001100001011000
40,13.0,00110001100001011000,13.0,00110001100001011000
40,13.0,00110001100001011000,13.0,00110001100001011000
40,13.0,00110001100001011000,13.0,00110001100001011000
40,13.0,00110001100001011000,13.0,00110001100001011000
40,13.0,00110001100001011000,13.0,00110001100001011000
40,13.0,00110001100001011000,13.0,00110001100001011000
40,13.0,00110001100001011000,13.0,00110001100001011000
40,13.0,00110001100001011000,13.0,00110001100001011000
40,13.0,00110001100001011000,13.0,00110001100001011000
40,13.0,00110001100001011000,13.0,00110001100001011000
41,7965.0,00101110110001011101,7965.0,00101110110001011101
41,7965.0,00101110110001011101,7187.0,00101110111100011011
41,7187.0,00101110111100011011,5711.0,10100110101100011000
41,5711.0,10100110101100011000,343.0,11001010011100111001
41,343.0,11001010011100111001,343.0,11001010011100111001
41,343.0,11001010011100111001,343.0,11001010011100111001
41,343.0,11001010011100111001,343.0,11001010011100111001
41,343.0,11001010011100111001,343.0,11001010011100111001
41,343.0,11001010011100111001,343.0,11001010011100111001
41,343.0,11001010011100111001,343.0,11001010011100111001
41,343.0,11001010011100111001,343.0,11001010011100111001
41,343.0,11001010011100111001,343.0,11001010011100111001
41,343.0,11001010011100111001,137.0,11011110000100111011
41,137.0,11011110000100111011,137.0,11011110000100111011
41,137.0,11011110000100111011,137.0,11011110000100111011
41,137.0,11011110000100111011,137.0,11011110000100111011
41,137.0,11011110000100111011,137.0,11011110000100111011
41,137.0,11011110000100111011,137.0,11011110000100111011
41,137.0,11011110000100111011,137.0,11011110000100111011
41,137.0,11011110000100111011,137.0,11011110000100111011
41,137.0,11011110000100111011,137.0,11011110000100111011
41,137.0,11011110000100111011,137.0,11011110000100111011
41,137.0,11011110000100111011,137.0,11011110000100111011
41,137.0,11011110000100111011,137.0,11011110000100111011
41,137.0,11011110000100111011,137.0,11011110000100111011
41,137.0,11011110000100111011,137.0,11011110000100111011
41,137.0,11011110000100111011,137.0,11011110000100111011
41,137.0,11011110000100111011,137.0,11011110000100111011
41,137.0,11011110000100111011,137.0,11011110000100111011
41,137.0,11011110000100111011,137.0,11011110000100111011
41,137.0,11011110000100111011,137.0,11011110000100111011
41,137.0,11011110000100111011,137.0,11011110000100111011
41,137.0,11011110000100111011,137.0,11011110000100111011
41,137.0,11011110000100111011,137.0,11011110000100111011
41,137.0,11011110000100111011,137.0,11011110000100111011
41,137.0,11011110000100111011,137.0,11011110000100111011
41,137.0,11011110000100111011,137.0,11011110000100111011
41,137.0,11011110000100111011,137.0,11011110000100111011
41,137.0,11011110000100111011,137.0,11011110000100111011
41,137.0,11011110000100111011,137.0,11011110000100111011
41,137.0,11011110000100111011,137.0,11011110000100111011
41,137.0,11011110000100111011,137.0,11011110000100111011
41,137.0,11011110000100111011,137.0,11011110000100111011
41,137.0,11011110000100111011,137.0,11011110000100111011
41,137.0,11011110000100111011,137.0,11011110000100111011
42,5925.0,11111110110100000011,5925.0,11111110110100000011
42,5925.0,11111110110100000011,5925.0,11111110110100000011
42,5925.0,11111110110100000011,2389.0,11111110010110000010
42,2389.0,11111110010110000010,391.0,11111110110010100000
42,391.0,11111110110010100000,391.0,11111110110010100000
42,391.0,11111110110010100000,391.0,11111110110010100000
42,391.0,11111110110010100000,391.0,11111110110010100000
42,391.0,11111110110010100000,7.0,11111010100000101010
42,7.0,11111010100000101010,7.0,11111010100000101010
42,7.0,11111010100000101010,7.0,11111010100000101010
42,7.0,11111010100000101010,7.0,11111010100000101010
42,7.0,11111010100000101010,7.0,11111010100000101010
42,7.0,11111010100000101010,7.0,11111010100000101010
42,7.0,11111010100000101010,7.0,11111010100000101010
42,7.0,11111010100000101010,7.0,11111010100000101010
42,7.0,11111010100000101010,7.0,11111010100000101010
42,7.0,11111010100000101010,7.0,11111010100000101010
42,7.0,11111010100000101010,7.0,11111010100000101010
42,7.0,11111010100000101010,7.0,11111010100000101010
42,7.0,11111010100000101010,7.0,11111010100000101010
42,7.0,11111010100000101010,7.0,11111010100000101010
42,7.0,11111010100000101010,7.0,11111010100000101010
42,7.0,11111010100000101010,7.0,11111010100000101010
42,7.0,11111010100000101010,7.0,11111010100000101010
42,7.0,11111010100000101010,7.0,11111010100000101010
42,7.0,11111010100000101010,7.0,11111010100000101010
42,7.0,11111010100000101010,7.0,11111010100000101010
42,7.0,11111010100000101010,7.0,11111010100000101010
43,11665.0,10110000101001001001,7675.0,10110000001001101000
43,7675.0,10110000001001101000,6585.0,10100100011101101010
43,6585.0,10100100011101101010,6585.0,10100100011101101010
43,6585.0,10100100011101101010,2865.0,10101100001111101010
43,2865.0,10101100001111101010,2815.0,00101001001101101001
43,2815.0,00101001001101101001,267.0,10100101001101100010
43,267.0,10100101001101100010,267.0,10100101001101100010
43,267.0,10100101001101100010,267.0,10100101001101100010
43,267.0,10100101001101100010,267.0,10100101001101100010
43,267.0,10100101001101100010,267.0,10100101001101100010
43,267.0,10100101001101100010,267.0,10100101001101100010
43,267.0,10100101001101100010,267.0,10100101001101100010
43,267.0,10100101001101100010,267.0,10100101001101100010
43,267.0,10100101001101100010,165.0,10100011101000110000
43,165.0,10100011101000110000,165.0,10100011101000110000
43,165.0,10100011101000110000,165.0,10100011101000110000
43,165.0,10100011101000110000,165.0,10100011101000110000
43,165.0,10100011101000110000,165.0,10100011101000110000
43,165.0,10100011101000110000,165.0,10100011101000110000
43,165.0,10100011101000110000,165.0,10100011101000110000
43,165.0,10100011101000110000,165.0,10100011101000110000
43,165.0,10100011101000110000,165.0,10100011101000110000
43,165.0,10100011101000110000,165.0,10100011101000110000
43,165.0,10100011101000110000,165.0,10100011101000110000
43,165.0,10100011101000110000,165.0,10100011101000110000
43,165.0,10100011101000110000,11.0,10100001101010110100
43,11.0,10100001101010110100,11.0,10100001101010110100
43,11.0,10100001101010110100,11.0,10100001101010110100
43,11.0,10100001101010110100,11.0,10100001101010110100
43,11.0,10100001101010110100,11.0,10100001101010110100
43,11.0,10100001101010110100,11.0,10100001101010110100
43,11.0,10100001101010110100,11.0,10100001101010110100
43,11.0,10100001101010110100,11.0,10100001101010110100
43,11.0,10100001101010110100,11.0,10100001101010110100
43,11.0,10100001101010110100,11.0,10100001101010110100
43,11.0,10100001101010110100,11.0,10100001101010110100
43,11.0,10100001101010110100,11.0,10100001101010110100
43,11.0,10100001101010110100,11.0,10100001101010110100
43,11.0,10100001101010110100,11.0,10100001101010110100
43,11.0,10100001101010110100,11.0,10100001101010110100
43,11.0,10100001101010110100,11.0,10100001101010110100
43,11.0,10100001101010110100,11.0,10100001101010110100
43,11.0,10100001101010110100,11.0,10100001101010110100
43,11.0,10100001101010110100,11.0,10100001101010110100
43,11.0,10100001101010110100,11.0,10100001101010110100
43,11.0,10100001101010110100,11.0,10100001101010110100
43,11.0,10100001101010110100,11.0,10100001101010110100
43,11.0,10100001101010110100,11.0,10100001101010110100
43,11.0,10100001101010110100,11.0,10100001101010110100
43,11.0,10100001101010110100,11.0,10100001101010110100
43,11.0,10100001101010110100,11.0,10100001101010110100
43,11.0,10100001101010110100,11.0,10100001101010110100
43,11.0,10100001101010110100,11.0,10100001101010110100
43,11.0,10100001101010110100,11.0,10100001101010110100
43,11.0,10100001101010110100,11.0,10100001101010110100
43,11.0,10100001101010110100,11.0,10100001101010110100
43,11.0,10100001101010110100,11.0,10100001101010110100
43,11.0,10100001101010110100,11.0,10100001101010110100
44,5061.0,01010101101110010000,2131.0,00010101101110101001
44,2131.0,00010101101110101001,1787.0,00011100101111101011
44,1787.0,00011100101111101011,1787.0,00011100101111101011
44,1787.0,00011100101111101011,399.0,10101100011111001001
44,399.0,10101100011111001001,399.0,10101100011111001001
44,399.0,10101100011111001001,399.0,10101100011111001001
44,399.0,10101100011111001001,399.0,10101100011111001001
44,399.0,10101100011111001001,399.0,10101100011111001001
44,399.0,10101100011111001001,399.0,10101100011111001001
44,399.0,10101100011111001001,399.0,10101100011111001001
44,399.0,10101100011111001001,399.0,10101100011111001001
44,399.0,10101100011111001001,303.0,10100010011111000001
44,303.0,10100010011111000001,303.0,10100010011111000001
44,303.0,10100010011111000001,149.0,11101000011101000101
44,149.0,11101000011101000101,149.0,11101000011101000101
44,149.0,11101000011101000101,149.0,11101000011101000101
44,149.0,11101000011101000101,149.0,11101000011101000101
44,149.0,11101000011101000101,149.0,11101000011101000101
44,149.0,11101000011101000101,149.0,11101000011101000101
44,149.0,11101000011101000101,149.0,11101000011101000101
44,149.0,11101000011101000101,149.0,11101000011101000101
44,149.0,11101000011101000101,149.0,11101000011101000101
44,149.0,11101000011101000101,149.0,11101000011101000101
44,149.0,11101000011101000101,149.0,11101000011101000101
44,149.0,11101000011101000101,149.0,11101000011101000101
44,149.0,11101000011101000101,149.0,11101000011101000101
44,149.0,11101000011101000101,149.0,11101000011101000101
44,149.0,11101000011101000101,149.0,11101000011101000101
44,149.0,11101000011101000101,149.0,11101000011101000101
44,149.0,11101000011101000101,149.0,11101000011101000101
44,149.0,11101000011101000101,149.0,11101000011101000101
44,149.0,11101000011101000101,149.0,11101000011101000101
44,149.0,11101000011101000101,5.0,11100000110111010100
44,5.0,11100000110111010100,5.0,11100000110111010100
44,5.0,11100000110111010100,5.0,11100000110111010100
44,5.0,11100000110111010100,5.0,11100000110111010100
44,5.0,11100000110111010100,5.0,11100000110111010100
44,5.0,11100000110111010100,5.0,11100000110111010100
44,5.0,11100000110111010100,5.0,11100000110111010100
44,5.0,11100000110111010100,5.0,11100000110111010100
44,5.0,11100000110111010100,5.0,11100000110111010100
44,5.0,11100000110111010100,5.0,11100000110111010100
44,5.0,11100000110111010100,5.0,11100000110111010100
44,5.0,11100000110111010100,5.0,11100000110111010100
44,5.0,11100000110111010100,5.0,11100000110111010100
44,5.0,11100000110111010100,5.0,11100000110111010100
44,5.0,11100000110111010100,5.0,11100000110111010100
44,5.0,11100000110111010100,5.0,11100000110111010100
44,5.0,11100000110111010100,5.0,11100000110111010100
44,5.0,11100000110111010100,5.0,11100000110111010100
44,5.0,11100000110111010100,5.0,11100000110111010100
44,5.0,11100000110111010100,5.0,11100000110111010100
44,5.0,11100000110111010100,5.0,11100000110111010100
44,5.0,11100000110111010100,5.0,11100000110111010100
44,5.0,11100000110111010100,5.0,11100000110111010100
44,5.0,11100000110111010100,5.0,11100000110111010100
44,5.0,11100000110111010100,5.0,11100000110111010100
44,5.0,11100000110111010100,5.0,11100000110111010100
44,5.0,11100000110111010100,5.0,11100000110111010100
44,5.0,11100000110111010100,5.0,11100000110111010100
44,5.0,11100000110111010100,5.0,11100000110111010100
44,5.0,11100000110111010100,5.0,11100000110111010100
44,5.0,11100000110111010100,5.0,11100000110111010100
44,5.0,11100000110111010100,5.0,11100000110111010100
44,5.0,11100000110111010100,5.0,11100000110111010100
44,5.0,11100000110111010100,5.0,11100000110111010100
44,5.0,11100000110111010100,5.0,11100000110111010100
44,5.0,11100000110111010100,5.0,11100000110111010100
44,5.0,11100000110111010100,5.0,11100000110111010100
44,5.0,11100000110111010100,5.0,11100000110111010100
44,5.0,11100000110111010100,5.0,11100000110111010100
44,5.0,11100000110111010100,5.0,11100000110111010100
44,5.0,11100000110111010100,5.0,11100000110111010100
44,5.0,11100000110111010100,5.0,11100000110111010100
44,5.0,11100000110111010100,5.0,11100000110111010100
44,5.0,11100000110111010100,5.0,11100000110111010100
44,5.0,11100000110111010100,5.0,11100000110111010100
44,5.0,11100000110111010100,5.0,11100000110111010100
44,5.0,11100000110111010100,5.0,11100000110111010100
44,5.0,11100000110111010100,5.0,11100000110111010100
44,5.0,11100000110111010100,5.0,11100000110111010100
44,5.0,11100000110111010100,5.0,11100000110111010100
44,5.0,11100000110111010100,5.0,11100000110111010100
44,5.0,11100000110111010100,5.0,11100000110111010100
44,5.0,11100000110111010100,5.0,11100000110111010100
44,5.0,11100000110111010100,5.0,11100000110111010100
44,5.0,11100000110111010100,5.0,11100000110111010100
44,5.0,11100000110111010100,5.0,11100000110111010100
44,5.0,11100000110111010100,5.0,11100000110111010100
45,6267.0,11011011010110000001,5141.0,11010111010010100010
45,5141.0,11010111010010100010,1521.0,11011111001000000001
45,1521.0,11011111001000000001,1521.0,11011111001000000001
45,1521.0,11011111001000000001,1521.0,11011111001000000001
45,1521.0,11011111001000000001,845.0,11000011101010000110
45,845.0,11000011101010000110,481.0,11000101001010101111
45,481.0,11000101001010101111,481.0,11000101001010101111
45,481.0,11000101001010101111,181.0,00011101001010101111
45,181.0,00011101001010101111,181.0,00011101001010101111
45,181.0,00011101001010101111,85.0,00010011001010100111
45,85.0,00010011001010100111,85.0,00010011001010100111
45,85.0,00010011001010100111,85.0,00010011001010100111
45,85.0,00010011001010100111,85.0,00010011001010100111
45,85.0,00010011001010100111,85.0,00010011001010100111
45,85.0,00010011001010100111,13.0,11001110011110100111
45,13.0,11001110011110100111,13.0,11001110011110100111
45,13.0,11001110011110100111,13.0,11001110011110100111
45,13.0,11001110011110100111,13.0,11001110011110100111
45,13.0,11001110011110100111,13.0,11001110011110100111
45,13.0,11001110011110100111,13.0,11001110011110100111
45,13.0,11001110011110100111,13.0,11001110011110100111
45,13.0,11001110011110100111,13.0,11001110011110100111
45,13.0,11001110011110100111,13.0,11001110011110100111
45,13.0,11001110011110100111,13.0,11001110011110100111
45,13.0,11001110011110100111,13.0,11001110011110100111
45,13.0,11001110011110100111,13.0,11001110011110100111
45,13.0,11001110011110100111,13.0,11001110011110100111
45,13.0,11001110011110100111,13.0,11001110011110100111
45,13.0,11001110011110100111,13.0,11001110011110100111
45,13.0,11001110011110100111,13.0,11001110011110100111
45,13.0,11001110011110100111,13.0,11001110011110100111
45,13.0,11001110011110100111,13.0,11001110011110100111
45,13.0,11001110011110100111,13.0,11001110011110100111
45,13.0,11001110011110100111,13.0,11001110011110100111
45,13.0,11001110011110100111,13.0,11001110011110100111
45,13.0,11001110011110100111,13.0,11001110011110100111
45,13.0,11001110011110100111,13.0,11001110011110100111
45,13.0,11001110011110100111,13.0,11001110011110100111
45,13.0,11001110011110100111,13.0,11001110011110100111
45,13.0,11001110011110100111,13.0,11001110011110100111
45,13.0,11001110011110100111,13.0,11001110011110100111
45,13.0,11001110011110100111,13.0,11001110011110100111
45,13.0,11001110011110100111,13.0,11001110011110100111
45,13.0,11001110011110100111,13.0,11001110011110100111
45,13.0,11001110011110100111,13.0,11001110011110100111
45,13.0,11001110011110100111,13.0,11001110011110100111
45,13.0,11001110011110100111,13.0,11001110011110100111
45,13.0,11001110011110100111,13.0,11001110011110100111
45,13.0,11001110011110100111,13.0,11001110011110100111
45,13.0,11001110011110100111,13.0,11001110011110100111
45,13.0,11001110011110100111,13.0,11001110011110100111
45,13.0,11001110011110100111,13.0,11001110011110100111
45,13.0,11001110011110100111,13.0,11001110011110100111
45,13.0,11001110011110100111,13.0,11001110011110100111
45,13.0,11001110011110100111,13.0,11001110011110100111
45,13.0,11001110011110100111,13.0,11001110011110100111
45,13.0,11001110011110100111,13.0,11001110011110100111
45,13.0,11001110011110100111,13.0,11001110011110100111
45,13.0,11001110011110100111,13.0,11001110011110100111
45,13.0,11001110011110100111,13.0,11001110011110100111
45,13.0,11001110011110100111,13.0,11001110011110100111
45,13.0,11001110011110100111,13.0,11001110011110100111
45,13.0,11001110011110100111,13.0,11001110011110100111
45,13.0,11001110011110100111,13.0,11001110011110100111
45,13.0,11001110011110100111,13.0,11001110011110100111
46,3669.0,01010001001101100000,2425.0,11100101001001100000
46,2425.0,11100101001001100000,1865.0,10101101001001001010
46,1865.0,10101101001001001010,1865.0,10101101001001001010
46,1865.0,10101101001001001010,1865.0,10101101001001001010
46,1865.0,10101101001001001010,1865.0,10101101001001001010
46,1865.0,10101101001001001010,997.0,10100110101001001000
46,997.0,10100110101001001000,91.0,10111100001001001010
46,91.0,10111100001001001010,91.0,10111100001001001010
46,91.0,10111100001001001010,91.0,10111100001001001010
46,91.0,10111100001001001010,91.0,10111100001001001010
46,91.0,10111100001001001010,91.0,10111100001001001010
46,91.0,10111100001001001010,91.0,10111100001001001010
46,91.0,10111100001001001010,91.0,10111100001001001010
46,91.0,10111100001001001010,91.0,10111100001001001010
46,91.0,10111100001001001010,5.0,10110010001001000010
46,5.0,10110010001001000010,5.0,10110010001001000010
46,5.0,10110010001001000010,5.0,10110010001001000010
46,5.0,10110010001001000010,5.0,10110010001001000010
46,5.0,10110010001001000010,5.0,10110010001001000010
46,5.0,10110010001001000010,5.0,10110010001001000010
46,5.0,10110010001001000010,5.0,10110010001001000010
46,5.0,10110010001001000010,5.0,10110010001001000010
46,5.0,10110010001001000010,5.0,10110010001001000010
46,5.0,10110010001001000010,5.0,10110010001001000010
46,5.0,10110010001001000010,5.0,10110010001001000010
46,5.0,10110010001001000010,5.0,10110010001001000010
46,5.0,10110010001001000010,5.0,10110010001001000010
46,5.0,10110010001001000010,5.0,10110010001001000010
46,5.0,10110010001001000010,5.0,10110010001001000010
46,5.0,10110010001001000010,5.0,10110010001001000010
46,5.0,10110010001001000010,5.0,10110010001001000010
46,5.0,10110010001001000010,5.0,10110010001001000010
46,5.0,10110010001001000010,5.0,10110010001001000010
46,5.0,10110010001001000010,5.0,10110010001001000010
46,5.0,10110010001001000010,5.0,10110010001001000010
46,5.0,10110010001001000010,5.0,10110010001001000010
46,5.0,10110010001001000010,5.0,10110010001001000010
46,5.0,10110010001001000010,5.0,10110010001001000010
46,5.0,10110010001001000010,5.0,10110010001001000010
46,5.0,10110010001001000010,5.0,10110010001001000010
46,5.0,10110010001001000010,5.0,10110010001001000010
46,5.0,10110010001001000010,5.0,10110010001001000010
46,5.0,10110010001001000010,5.0,10110010001001000010
46,5.0,10110010001001000010,5.0,10110010001001000010
46,5.0,10110010001001000010,5.0,10110010001001000010
46,5.0,10110010001001000010,5.0,10110010001001000010
46,5.0,10110010001001000010,5.0,10110010001001000010
46,5.0,10110010001001000010,5.0,10110010001001000010
46,5.0,10110010001001000010,5.0,10110010001001000010
46,5.0,10110010001001000010,5.0,10110010001001000010
46,5.0,10110010001001000010,5.0,10110010001001000010
46,5.0,10110010001001000010,5.0,10110010001001000010
46,5.0,10110010001001000010,5.0,10110010001001000010
46,5.0,10110010001001000010,5.0,10110010001001000010
46,5.0,10110010001001000010,5.0,10110010001001000010
46,5.0,10110010001001000010,5.0,10110010001001000010
46,5.0,10110010001001000010,5.0,10110010001001000010
46,5.0,10110010001001000010,5.0,10110010001001000010
46,5.0,10110010001001000010,5.0,10110010001001000010
46,5.0,10110010001001000010,5.0,10110010001001000010
46,5.0,10110010001001000010,5.0,10110010001001000010
46,5.0,10110010001001000010,5.0,10110010001001000010
46,5.0,10110010001001000010,5.0,10110010001001000010
46,5.0,10110010001001000010,5.0,10110010001001000010
46,5.0,10110010001001000010,5.0,10110010001001000010
46,5.0,10110010001001000010,5.0,10110010001001000010
46,5.0,10110010001001000010,5.0,10110010001001000010
46,5.0,10110010001001000010,5.0,10110010001001000010
47,7847.0,01110001001000001011,859.0,11110001101000000001
47,859.0,11110001101000000001,859.0,11110001101000000001
47,859.0,11110001101000000001,859.0,11110001101000000001
47,859.0,11110001101000000001,859.0,11110001101000000001
47,859.0,11110001101000000001,629.0,11111100101010010011
47,629.0,11111100101010010011,629.0,11111100101010010011
47,629.0,11111100101010010011,629.0,11111100101010010011
47,629.0,11111100101010010011,629.0,11111100101010010011
47,629.0,11111100101010010011,629.0,11111100101010010011
47,629.0,11111100101010010011,629.0,11111100101010010011
47,629.0,11111100101010010011,629.0,11111100101010010011
47,629.0,11111100101010010011,445.0,11110100011010010010
47,445.0,11110100011010010010,445.0,11110100011010010010
47,445.0,11110100011010010010,355.0,11100000011110011011
47,355.0,11100000011110011011,291.0,11010100001110011010
47,291.0,11010100001110011010,291.0,11010100001110011010
47,291.0,11010100001110011010,291.0,11010100001110011010
47,291.0,11010100001110011010,291.0,11010100001110011010
47,291.0,11010100001110011010,291.0,11010100001110011010
47,291.0,11010100001110011010,291.0,11010100001110011010
47,291.0,11010100001110011010,291.0,11010100001110011010
47,291.0,11010100001110011010,291.0,11010100001110011010
47,291.0,11010100001110011010,137.0,11011110000100111011
47,137.0,11011110000100111011,137.0,11011110000100111011
47,137.0,11011110000100111011,137.0,11011110000100111011
47,137.0,11011110000100111011,137.0,11011110000100111011
47,137.0,11011110000100111011,137.0,11011110000100111011
47,137.0,11011110000100111011,137.0,11011110000100111011
47,137.0,11011110000100111011,137.0,11011110000100111011
47,137.0,11011110000100111011,137.0,11011110000100111011
47,137.0,11011110000100111011,137.0,11011110000100111011
47,137.0,11011110000100111011,137.0,11011110000100111011
47,137.0,11011110000100111011,137.0,11011110000100111011
47,137.0,11011110000100111011,137.0,11011110000100111011
47,137.0,11011110000100111011,137.0,11011110000100111011
47,137.0,11011110000100111011,137.0,11011110000100111011
47,137.0,11011110000100111011,137.0,11011110000100111011
47,137.0,11011110000100111011,137.0,11011110000100111011
47,137.0,11011110000100111011,137.0,11011110000100111011
47,137.0,11011110000100111011,137.0,11011110000100111011
47,137.0,11011110000100111011,137.0,11011110000100111011
47,137.0,11011110000100111011,137.0,11011110000100111011
47,137.0,11011110000100111011,137.0,11011110000100111011
47,137.0,11011110000100111011,137.0,11011110000100111011
47,137.0,11011110000100111011,137.0,11011110000100111011
47,137.0,11011110000100111011,137.0,11011110000100111011
47,137.0,11011110000100111011,137.0,11011110000100111011
47,137.0,11011110000100111011,137.0,11011110000100111011
47,137.0,11011110000100111011,137.0,11011110000100111011
47,137.0,11011110000100111011,137.0,11011110000100111011
47,137.0,11011110000100111011,137.0,11011110000100111011
47,137.0,11011110000100111011,137.0,11011110000100111011
47,137.0,11011110000100111011,137.0,11011110000100111011
47,137.0,11011110000100111011,137.0,11011110000100111011
47,137.0,11011110000100111011,137.0,11011110000100111011
47,137.0,11011110000100111011,137.0,11011110000100111011
47,137.0,11011110000100111011,137.0,11011110000100111011
47,137.0,11011110000100111011,137.0,11011110000100111011
47,137.0,11011110000100111011,137.0,11011110000100111011
47,137.0,11011110000100111011,137.0,11011110000100111011
47,137.0,11011110000100111011,137.0,11011110000100111011
47,137.0,11011110000100111011,73.0,10011111000100101010
47,73.0,10011111000100101010,73.0,10011111000100101010
47,73.0,10011111000100101010,73.0,10011111000100101010
47,73.0,10011111000100101010,5.0,00011111001000101011
47,5.0,00011111001000101011,5.0,00011111001000101011
47,5.0,00011111001000101011,5.0,00011111001000101011
47,5.0,00011111001000101011,5.0,00011111001000101011
47,5.0,00011111001000101011,5.0,00011111001000101011
47,5.0,00011111001000101011,5.0,00011111001000101011
47,5.0,00011111001000101011,5.0,00011111001000101011
47,5.0,00011111001000101011,5.0,00011111001000101011
47,5.0,00011111001000101011,5.0,00011111001000101011
47,5.0,00011111001000101011,5.0,00011111001000101011
47,5.0,00011111001000101011,5.0,00011111001000101011
47,5.0,00011111001000101011,5.0,00011111001000101011
47,5.0,00011111001000101011,5.0,00011111001000101011
47,5.0,00011111001000101011,5.0,00011111001000101011
47,5.0,00011111001000101011,5.0,00011111001000101011
47,5.0,00011111001000101011,5.0,00011111001000101011
47,5.0,00011111001000101011,5.0,00011111001000101011
47,5.0,00011111001000101011,5.0,00011111001000101011
47,5.0,00011111001000101011,5.0,00011111001000101011
47,5.0,00011111001000101011,5.0,00011111001000101011
47,5.0,00011111001000101011,5.0,00011111001000101011
47,5.0,00011111001000101011,5.0,00011111001000101011
47,5.0,00011111001000101011,5.0,00011111001000101011
47,5.0,00011111001000101011,5.0,00011111001000101011
47,5.0,00011111001000101011,5.0,00011111001000101011
47,5.0,00011111001000101011,5.0,00011111001000101011
47,5.0,00011111001000101011,5.0,00011111001000101011
47,5.0,00011111001000101011,5.0,00011111001000101011
47,5.0,00011111001000101011,5.0,00011111001000101011
47,5.0,00011111001000101011,5.0,00011111001000101011
47,5.0,00011111001000101011,5.0,00011111001000101011
47,5.0,00011111001000101011,5.0,00011111001000101011
47,5.0,00011111001000101011,5.0,00011111001000101011
47,5.0,00011111001000101011,5.0,00011111001000101011
47,5.0,00011111001000101011,5.0,00011111001000101011
47,5.0,00011111001000101011,5.0,00011111001000101011
47,5.0,00011111001000101011,5.0,00011111001000101011
47,5.0,00011111001000101011,5.0,00011111001000101011
47,5.0,00011111001000101011,5.0,00011111001000101011
47,5.0,00011111001000101011,5.0,00011111001000101011
47,5.0,00011111001000101011,5.0,00011111001000101011
47,5.0,00011111001000101011,5.0,00011111001000101011
47,5.0,00011111001000101011,5.0,00011111001000101011
47,5.0,00011111001000101011,5.0,00011111001000101011
47,5.0,00011111001000101011,5.0,00011111001000101011
47,5.0,00011111001000101011,5.0,00011111001000101011
47,5.0,00011111001000101011,5.0,00011111001000101011
47,5.0,00011111001000101011,5.0,00011111001000101011
47,5.0,00011111001000101011,5.0,00011111001000101011
47,5.0,00011111001000101011,5.0,00011111001000101011
47,5.0,00011111001000101011,5.0,00011111001000101011
47,5.0,00011111001000101011,5.0,00011111001000101011
48,2907.0,10010101001000111010,2907.0,10010101001000111010
48,2907.0,10010101001000111010,1299.0,11001001001000111110
48,1299.0,11001001001000111110,943.0,11001001101010111011
48,943.0,11001001101010111011,943.0,11001001101010111011
48,943.0,11001001101010111011,943.0,11001001101010111011
48,943.0,11001001101010111011,943.0,11001001101010111011
48,943.0,11001001101010111011,943.0,11001001101010111011
48,943.0,11001001101010111011,943.0,11001001101010111011
48,943.0,11001001101010111011,831.0,11011000101010111011
48,831.0,11011000101010111011,831.0,11011000101010111011
48,831.0,11011000101010111011,831.0,11011000101010111011
48,831.0,11011000101010111011,831.0,11011000101010111011
48,831.0,11011000101010111011,831.0,11011000101010111011
48,831.0,11011000101010111011,831.0,11011000101010111011
48,831.0,11011000101010111011,831.0,11011000101010111011
48,831.0,11011000101010111011,831.0,11011000101010111011
48,831.0,11011000101010111011,831.0,11011000101010111011
48,831.0,11011000101010111011,831.0,11011000101010111011
48,831.0,11011000101010111011,831.0,11011000101010111011
48,831.0,11011000101010111011,831.0,11011000101010111011
48,831.0,11011000101010111011,475.0,11011000001000111110
48,475.0,11011000001000111110,475.0,11011000001000111110
48,475.0,11011000001000111110,475.0,11011000001000111110
48,475.0,11011000001000111110,475.0,11011000001000111110
48,475.0,11011000001000111110,475.0,11011000001000111110
48,475.0,11011000001000111110,475.0,11011000001000111110
48,475.0,11011000001000111110,209.0,01010010001000011101
48,209.0,01010010001000011101,209.0,01010010001000011101
48,209.0,01010010001000011101,209.0,01010010001000011101
48,209.0,01010010001000011101,209.0,01010010001000011101
48,209.0,01010010001000011101,209.0,01010010001000011101
48,209.0,01010010001000011101,209.0,01010010001000011101
48,209.0,01010010001000011101,209.0,01010010001000011101
48,209.0,01010010001000011101,209.0,01010010001000011101
48,209.0,01010010001000011101,209.0,01010010001000011101
48,209.0,01010010001000011101,209.0,01010010001000011101
48,209.0,01010010001000011101,209.0,01010010001000011101
48,209.0,01010010001000011101,209.0,01010010001000011101
48,209.0,01010010001000011101,209.0,01010010001000011101
48,209.0,01010010001000011101,209.0,01010010001000011101
48,209.0,01010010001000011101,209.0,01010010001000011101
48,209.0,01010010001000011101,209.0,01010010001000011101
48,209.0,01010010001000011101,209.0,01010010001000011101
48,209.0,01010010001000011101,209.0,01010010001000011101
48,209.0,01010010001000011101,209.0,01010010001000011101
48,209.0,01010010001000011101,15.0,01010110011010101000
48,15.0,01010110011010101000,15.0,01010110011010101000
48,15.0,01010110011010101000,15.0,01010110011010101000
48,15.0,01010110011010101000,15.0,01010110011010101000
48,15.0,01010110011010101000,15.0,01010110011010101000
48,15.0,01010110011010101000,15.0,01010110011010101000
48,15.0,01010110011010101000,15.0,01010110011010101000
48,15.0,01010110011010101000,15.0,01010110011010101000
48,15.0,01010110011010101000,15.0,01010110011010101000
48,15.0,01010110011010101000,15.0,01010110011010101000
48,15.0,01010110011010101000,15.0,01010110011010101000
48,15.0,01010110011010101000,15.0,01010110011010101000
48,15.0,01010110011010101000,15.0,01010110011010101000
48,15.0,01010110011010101000,15.0,01010110011010101000
48,15.0,01010110011010101000,15.0,01010110011010101000
48,15.0,01010110011010101000,15.0,01010110011010101000
48,15.0,01010110011010101000,15.0,01010110011010101000
48,15.0,01010110011010101000,15.0,01010110011010101000
48,15.0,01010110011010101000,15.0,01010110011010101000
48,15.0,01010110011010101000,15.0,01010110011010101000
48,15.0,01010110011010101000,15.0,01010110011010101000
48,15.0,01010110011010101000,15.0,01010110011010101000
48,15.0,01010110011010101000,15.0,01010110011010101000
48,15.0,01010110011010101000,15.0,01010110011010101000
48,15.0,01010110011010101000,15.0,01010110011010101000
48,15.0,01010110011010101000,15.0,01010110011010101000
48,15.0,01010110011010101000,15.0,01010110011010101000
48,15.0,01010110011010101000,15.0,01010110011010101000
48,15.0,01010110011010101000,15.0,01010110011010101000
49,12777.0,11111100010100011011,11701.0,11100110010110011001
49,11701.0,11100110010110011001,10779.0,11001010011110011000
49,10779.0,11001010011110011000,7355.0,01000010011111110010
49,7355.0,01000010011111110010,1423.0,00101010001111110011
49,1423.0,00101010001111110011,1255.0,00101110001001110111
49,1255.0,00101110001001110111,1255.0,00101110001001110111
49,1255.0,00101110001001110111,1255.0,00101110001001110111
49,1255.0,00101110001001110111,1019.0,01111000001001100101
49,1019.0,01111000001001100101,1019.0,01111000001001100101
49,1019.0,01111000001001100101,1019.0,01111000001001100101
49,1019.0,01111000001001100101,479.0,01110000011011100001
49,479.0,01110000011011100001,479.0,01110000011011100001
49,479.0,01110000011011100001,479.0,01110000011011100001
49,479.0,01110000011011100001,479.0,01110000011011100001
49,479.0,01110000011011100001,479.0,01110000011011100001
49,479.0,01110000011011100001,479.0,01110000011011100001
49,479.0,01110000011011100001,479.0,01110000011011100001
49,479.0,01110000011011100001,479.0,01110000011011100001
49,479.0,01110000011011100001,479.0,01110000011011100001
49,479.0,01110000011011100001,479.0,01110000011011100001
49,479.0,01110000011011100001,479.0,01110000011011100001
49,479.0,01110000011011100001,445.0,11110100011010010010
49,445.0,11110100011010010010,189.0,11110100001000011001
49,189.0,11110100001000011001,189.0,11110100001000011001
49,189.0,11110100001000011001,189.0,11110100001000011001
49,189.0,11110100001000011001,189.0,11110100001000011001
49,189.0,11110100001000011001,189.0,11110100001000011001
49,189.0,11110100001000011001,189.0,11110100001000011001
49,189.0,11110100001000011001,189.0,11110100001000011001
49,189.0,11110100001000011001,189.0,11110100001000011001
49,189.0,11110100001000011001,189.0,11110100001000011001
49,189.0,11110100001000011001,91.0,10111100001001001010
49,91.0,10111100001001001010,91.0,10111100001001001010
49,91.0,10111100001001001010,91.0,10111100001001001010
49,91.0,10111100001001001010,5.0,10110010001001000010
49,5.0,10110010001001000010,5.0,10110010001001000010
49,5.0,10110010001001000010,5.0,10110010001001000010
49,5.0,10110010001001000010,5.0,10110010001001000010
49,5.0,10110010001001000010,5.0,10110010001001000010
49,5.0,10110010001001000010,5.0,10110010001001000010
49,5.0,10110010001001000010,5.0,10110010001001000010
49,5.0,10110010001001000010,5.0,10110010001001000010
49,5.0,10110010001001000010,5.0,10110010001001000010
49,5.0,10110010001001000010,5.0,10110010001001000010
49,5.0,10110010001001000010,5.0,10110010001001000010
49,5.0,10110010001001000010,5.0,10110010001001000010
49,5.0,10110010001001000010,5.0,10110010001001000010
49,5.0,10110010001001000010,5.0,10110010001001000010
49,5.0,10110010001001000010,5.0,10110010001001000010
49,5.0,10110010001001000010,5.0,10110010001001000010
49,5.0,10110010001001000010,5.0,10110010001001000010
49,5.0,10110010001001000010,5.0,10110010001001000010
49,5.0,10110010001001000010,5.0,10110010001001000010
49,5.0,10110010001001000010,5.0,10110010001001000010
49,5.0,10110010001001000010,5.0,10110010001001000010
49,5.0,10110010001001000010,5.0,10110010001001000010
49,5.0,10110010001001000010,5.0,10110010001001000010
49,5.0,10110010001001000010,5.0,10110010001001000010
49,5.0,10110010001001000010,5.0,10110010001001000010
49,5.0,10110010001001000010,5.0,10110010001001000010
49,5.0,10110010001001000010,5.0,10110010001001000010
49,5.0,10110010001001000010,5.0,10110010001001000010
49,5.0,10110010001001000010,5.0,10110010001001000010
49,5.0,10110010001001000010,5.0,10110010001001000010
49,5.0,10110010001001000010,5.0,10110010001001000010
49,5.0,10110010001001000010,5.0,10110010001001000010
49,5.0,10110010001001000010,5.0,10110010001001000010
49,5.0,10110010001001000010,5.0,10110010001001000010
49,5.0,10110010001001000010,5.0,10110010001001000010
49,5.0,10110010001001000010,5.0,10110010001001000010
49,5.0,10110010001001000010,5.0,10110010001001000010
49,5.0,10110010001001000010,5.0,10110010001001000010
49,5.0,10110010001001000010,5.0,10110010001001000010
49,5.0,10110010001001000010,5.0,10110010001001000010
49,5.0,10110010001001000010,5.0,10110010001001000010
49,5.0,10110010001001000010,5.0,10110010001001000010
49,5.0,10110010001001000010,5.0,10110010001001000010
49,5.0,10110010001001000010,5.0,10110010001001000010
50,4975.0,10110001000001100101,701.0,00110001000001110110
50,701.0,00110001000001110110,247.0,00110000001101010100
50,247.0,00110000001101010100,247.0,00110000001101010100
50,247.0,00110000001101010100,247.0,00110000001101010100
50,247.0,00110000001101010100,247.0,00110000001101010100
50,247.0,00110000001101010100,247.0,00110000001101010100
50,247.0,00110000001101010100,247.0,00110000001101010100
50,247.0,00110000001101010100,247.0,00110000001101010100
50,247.0,00110000001101010100,247.0,00110000001101010100
50,247.0,00110000001101010100,247.0,00110000001101010100
50,247.0,00110000001101010100,247.0,00110000001101010100
50,247.0,00110000001101010100,247.0,00110000001101010100
50,247.0,00110000001101010100,247.0,00110000001101010100
50,247.0,00110000001101010100,247.0,00110000001101010100
50,247.0,00110000001101010100,247.0,00110000001101010100
50,247.0,00110000001101010100,247.0,00110000001101010100
50,247.0,00110000001101010100,247.0,00110000001101010100
50,247.0,00110000001101010100,247.0,00110000001101010100
50,247.0,00110000001101010100,247.0,00110000001101010100
50,247.0,00110000001101010100,247.0,00110000001101010100
50,247.0,00110000001101010100,247.0,00110000001101010100
50,247.0,00110000001101010100,247.0,00110000001101010100
50,247.0,00110000001101010100,247.0,00110000001101010100
50,247.0,00110000001101010100,247.0,00110000001101010100
50,247.0,00110000001101010100,247.0,00110000001101010100
50,247.0,00110000001101010100,247.0,00110000001101010100
50,247.0,00110000001101010100,247.0,00110000001101010100
50,247.0,00110000001101010100,247.0,00110000001101010100
50,247.0,00110000001101010100,247.0,00110000001101010100
50,247.0,00110000001101010100,247.0,00110000001101010100
50,247.0,00110000001101010100,247.0,00110000001101010100
50,247.0,00110000001101010100,247.0,00110000001101010100
50,247.0,00110000001101010100,31.0,00111100001101110011
50,31.0,00111100001101110011,31.0,00111100001101110011
50,31.0,00111100001101110011,31.0,00111100001101110011
50,31.0,00111100001101110011,31.0,00111100001101110011
50,31.0,00111100001101110011,31.0,00111100001101110011
50,31.0,00111100001101110011,31.0,00111100001101110011
50,31.0,00111100001101110011,31.0,00111100001101110011
50,31.0,00111100001101110011,31.0,00111100001101110011
50,31.0,00111100001101110011,31.0,00111100001101110011
50,31.0,00111100001101110011,31.0,00111100001101110011
50,31.0,00111100001101110011,31.0,00111100001101110011
50,31.0,00111100001101110011,31.0,00111100001101110011
50,31.0,00111100001101110011,31.0,00111100001101110011
50,31.0,00111100001101110011,31.0,00111100001101110011
50,31.0,00111100001101110011,31.0,00111100001101110011
50,31.0,00111100001101110011,31.0,00111100001101110011
50,31.0,00111100001101110011,31.0,00111100001101110011
50,31.0,00111100001101110011,31.0,00111100001101110011
50,31.0,00111100001101110011,31.0,00111100001101110011
50,31.0,00111100001101110011,31.0,00111100001101110011
50,31.0,00111100001101110011,31.0,00111100001101110011
50,31.0,00111100001101110011,31.0,00111100001101110011
50,31.0,00111100001101110011,31.0,00111100001101110011
50,31.0,00111100001101110011,31.0,00111100001101110011
51,2363.0,11100001111000000111,1259.0,11101001101001000011
51,1259.0,11101001101001000011,1075.0,11100001011001000010
51,1075.0,11100001011001000010,1075.0,11100001011001000010
51,1075.0,11100001011001000010,1075.0,11100001011001000010
51,1075.0,11100001011001000010,1075.0,11100001011001000010
51,1075.0,11100001011001000010,1075.0,11100001011001000010
51,1075.0,11100001011001000010,1075.0,11100001011001000010
51,1075.0,11100001011001000010,1075.0,11100001011001000010
51,1075.0,11100001011001000010,1075.0,11100001011001000010
51,1075.0,11100001011001000010,1075.0,11100001011001000010
51,1075.0,11100001011001000010,1075.0,11100001011001000010
51,1075.0,11100001011001000010,839.0,01111000011001010011
51,839.0,01111000011001010011,839.0,01111000011001010011
51,839.0,01111000011001010011,839.0,01111000011001010011
51,839.0,01111000011001010011,839.0,01111000011001010011
51,839.0,01111000011001010011,839.0,01111000011001010011
51,839.0,01111000011001010011,839.0,01111000011001010011
51,839.0,01111000011001010011,839.0,01111000011001010011
51,839.0,01111000011001010011,839.0,01111000011001010011
51,839.0,01111000011001010011,839.0,01111000011001010011
51,839.0,01111000011001010011,527.0,01110101110001000010
51,527.0,01110101110001000010,527.0,01110101110001000010
51,527.0,01110101110001000010,321.0,01101101110101000101
51,321.0,01101101110101000101,321.0,01101101110101000101
51,321.0,01101101110101000101,291.0,00101011110001100101
51,291.0,00101011110001100101,291.0,00101011110001100101
51,291.0,00101011110001100101,291.0,00101011110001100101
51,291.0,00101011110001100101,291.0,00101011110001100101
51,291.0,00101011110001100101,291.0,00101011110001100101
51,291.0,00101011110001100101,291.0,00101011110001100101
51,291.0,00101011110001100101,291.0,00101011110001100101
51,291.0,00101011110001100101,291.0,00101011110001100101
51,291.0,00101011110001100101,291.0,00101011110001100101
51,291.0,00101011110001100101,291.0,00101011110001100101
51,291.0,00101011110001100101,291.0,00101011110001100101
51,291.0,00101011110001100101,291.0,00101011110001100101
51,291.0,00101011110001100101,291.0,00101011110001100101
51,291.0,00101011110001100101,137.0,00100001111011000100
51,137.0,00100001111011000100,137.0,00100001111011000100
51,137.0,00100001111011000100,137.0,00100001111011000100
51,137.0,00100001111011000100,137.0,00100001111011000100
51,137.0,00100001111011000100,137.0,00100001111011000100
51,137.0,00100001111011000100,137.0,00100001111011000100
51,137.0,00100001111011000100,137.0,00100001111011000100
51,137.0,00100001111011000100,73.0,01100000111011010101
51,73.0,01100000111011010101,73.0,01100000111011010101
51,73.0,01100000111011010101,73.0,01100000111011010101
51,73.0,01100000111011010101,5.0,11100000110111010100
51,5.0,11100000110111010100,5.0,11100000110111010100
51,5.0,11100000110111010100,5.0,11100000110111010100
51,5.0,11100000110111010100,5.0,11100000110111010100
51,5.0,11100000110111010100,5.0,11100000110111010100
51,5.0,11100000110111010100,5.0,11100000110111010100
51,5.0,11100000110111010100,5.0,11100000110111010100
51,5.0,11100000110111010100,5.0,11100000110111010100
51,5.0,11100000110111010100,5.0,11100000110111010100
51,5.0,11100000110111010100,5.0,11100000110111010100
51,5.0,11100000110111010100,5.0,11100000110111010100
51,5.0,11100000110111010100,5.0,11100000110111010100
51,5.0,11100000110111010100,5.0,11100000110111010100
51,5.0,11100000110111010100,5.0,11100000110111010100
51,5.0,11100000110111010100,5.0,11100000110111010100
51,5.0,11100000110111010100,5.0,11100000110111010100
51,5.0,11100000110111010100,5.0,11100000110111010100
51,5.0,11100000110111010100,5.0,11100000110111010100
51,5.0,11100000110111010100,5.0,11100000110111010100
51,5.0,11100000110111010100,5.0,11100000110111010100
51,5.0,11100000110111010100,5.0,11100000110111010100
51,5.0,11100000110111010100,5.0,11100000110111010100
51,5.0,11100000110111010100,5.0,11100000110111010100
51,5.0,11100000110111010100,5.0,11100000110111010100
51,5.0,11100000110111010100,5.0,11100000110111010100
51,5.0,11100000110111010100,5.0,11100000110111010100
51,5.0,11100000110111010100,5.0,11100000110111010100
51,5.0,11100000110111010100,5.0,11100000110111010100
51,5.0,11100000110111010100,5.0,11100000110111010100
51,5.0,11100000110111010100,5.0,11100000110111010100
51,5.0,11100000110111010100,5.0,11100000110111010100
51,5.0,11100000110111010100,5.0,11100000110111010100
51,5.0,11100000110111010100,5.0,11100000110111010100
51,5.0,11100000110111010100,5.0,11100000110111010100
51,5.0,11100000110111010100,5.0,11100000110111010100
51,5.0,11100000110111010100,5.0,11100000110111010100
51,5.0,11100000110111010100,5.0,11100000110111010100
51,5.0,11100000110111010100,5.0,11100000110111010100
51,5.0,11100000110111010100,5.0,11100000110111010100
51,5.0,11100000110111010100,5.0,11100000110111010100
51,5.0,11100000110111010100,5.0,11100000110111010100
52,10075.0,01011001110011110000,5297.0,01011011000011010000
52,5297.0,01011011000011010000,3281.0,11010101100011010000
52,3281.0,11010101100011010000,677.0,11011101100011100011
52,677.0,11011101100011100011,677.0,11011101100011100011
52,677.0,11011101100011100011,677.0,11011101100011100011
52,677.0,11011101100011100011,677.0,11011101100011100011
52,677.0,11011101100011100011,677.0,11011101100011100011
52,677.0,11011101100011100011,677.0,11011101100011100011
52,677.0,11011101100011100011,399.0,11010001100011000100
52,399.0,11010001100011000100,399.0,11010001100011000100
52,399.0,11010001100011000100,59.0,11000101110011010110
52,59.0,11000101110011010110,59.0,11000101110011010110
52,59.0,11000101110011010110,59.0,11000101110011010110
52,59.0,11000101110011010110,59.0,11000101110011010110
52,59.0,11000101110011010110,59.0,11000101110011010110
52,59.0,11000101110011010110,59.0,11000101110011010110
52,59.0,11000101110011010110,59.0,11000101110011010110
52,59.0,11000101110011010110,59.0,11000101110011010110
52,59.0,11000101110011010110,59.0,11000101110011010110
52,59.0,11000101110011010110,59.0,11000101110011010110
52,59.0,11000101110011010110,59.0,11000101110011010110
52,59.0,11000101110011010110,59.0,11000101110011010110
52,59.0,11000101110011010110,59.0,11000101110011010110
52,59.0,11000101110011010110,59.0,11000101110011010110
52,59.0,11000101110011010110,59.0,11000101110011010110
52,59.0,11000101110011010110,59.0,11000101110011010110
52,59.0,11000101110011010110,59.0,11000101110011010110
52,59.0,11000101110011010110,59.0,11000101110011010110
52,59.0,11000101110011010110,59.0,11000101110011010110
52,59.0,11000101110011010110,59.0,11000101110011010110
52,59.0,11000101110011010110,59.0,11000101110011010110
52,59.0,11000101110011010110,59.0,11000101110011010110
52,59.0,11000101110011010110,5.0,11100000110111010100
52,5.0,11100000110111010100,5.0,11100000110111010100
52,5.0,11100000110111010100,5.0,11100000110111010100
52,5.0,11100000110111010100,5.0,11100000110111010100
52,5.0,11100000110111010100,5.0,11100000110111010100
52,5.0,11100000110111010100,5.0,11100000110111010100
52,5.0,11100000110111010100,5.0,11100000110111010100
52,5.0,11100000110111010100,5.0,11100000110111010100
52,5.0,11100000110111010100,5.0,11100000110111010100
52,5.0,11100000110111010100,5.0,11100000110111010100
52,5.0,11100000110111010100,5.0,11100000110111010100
52,5.0,11100000110111010100,5.0,11100000110111010100
52,5.0,11100000110111010100,5.0,11100000110111010100
52,5.0,11100000110111010100,5.0,11100000110111010100
52,5.0,11100000110111010100,5.0,11100000110111010100
52,5.0,11100000110111010100,5.0,11100000110111010100
52,5.0,11100000110111010100,5.0,11100000110111010100
52,5.0,11100000110111010100,5.0,11100000110111010100
52,5.0,11100000110111010100,5.0,11100000110111010100
52,5.0,11100000110111010100,5.0,11100000110111010100
52,5.0,11100000110111010100,5.0,11100000110111010100
52,5.0,11100000110111010100,5.0,11100000110111010100
52,5.0,11100000110111010100,5.0,11100000110111010100
52,5.0,11100000110111010100,5.0,11100000110111010100
52,5.0,11100000110111010100,5.0,11100000110111010100
52,5.0,11100000110111010100,5.0,11100000110111010100
52,5.0,11100000110111010100,5.0,11100000110111010100
52,5.0,11100000110111010100,5.0,11100000110111010100
52,5.0,11100000110111010100,5.0,11100000110111010100
52,5.0,11100000110111010100,5.0,11100000110111010100
52,5.0,11100000110111010100,5.0,11100000110111010100
52,5.0,11100000110111010100,5.0,11100000110111010100
52,5.0,11100000110111010100,5.0,11100000110111010100
52,5.0,11100000110111010100,5.0,11100000110111010100
52,5.0,11100000110111010100,5.0,11100000110111010100
52,5.0,11100000110111010100,5.0,11100000110111010100
52,5.0,11100000110111010100,5.0,11100000110111010100
52,5.0,11100000110111010100,5.0,11100000110111010100
52,5.0,11100000110111010100,5.0,11100000110111010100
52,5.0,11100000110111010100,5.0,11100000110111010100
52,5.0,11100000110111010100,5.0,11100000110111010100
52,5.0,11100000110111010100,5.0,11100000110111010100
52,5.0,11100000110111010100,5.0,11100000110111010100
52,5.0,11100000110111010100,5.0,11100000110111010100
52,5.0,11100000110111010100,5.0,11100000110111010100
53,12377.0,11010001110100101001,621.0,11011101010100101010
53,621.0,11011101010100101010,621.0,11011101010100101010
53,621.0,11011101010100101010,141.0,11010101000001101001
53,141.0,11010101000001101001,141.0,11010101000001101001
53,141.0,11010101000001101001,141.0,11010101000001101001
53,141.0,11010101000001101001,141.0,11010101000001101001
53,141.0,11010101000001101001,141.0,11010101000001101001
53,141.0,11010101000001101001,141.0,11010101000001101001
53,141.0,11010101000001101001,141.0,11010101000001101001
53,141.0,11010101000001101001,141.0,11010101000001101001
53,141.0,11010101000001101001,141.0,11010101000001101001
53,141.0,11010101000001101001,141.0,11010101000001101001
53,141.0,11010101000001101001,141.0,11010101000001101001
53,141.0,11010101000001101001,141.0,11010101000001101001
53,141.0,11010101000001101001,141.0,11010101000001101001
53,141.0,11010101000001101001,141.0,11010101000001101001
53,141.0,11010101000001101001,141.0,11010101000001101001
53,141.0,11010101000001101001,141.0,11010101000001101001
53,141.0,11010101000001101001,141.0,11010101000001101001
53,141.0,11010101000001101001,141.0,11010101000001101001
53,141.0,11010101000001101001,141.0,11010101000001101001
54,153935.0,00001111110011101011,57035.0,00011110100011111011
54,57035.0,00011110100011111011,10311.0,00011111100011010011
54,10311.0,00011111100011010011,2725.0,00011111000011110011
54,2725.0,00011111000011110011,2447.0,00010011000011010100
54,2447.0,00010011000011010100,2447.0,00010011000011010100
54,2447.0,00010011000011010100,2447.0,00010011000011010100
54,2447.0,00010011000011010100,2447.0,00010011000011010100
54,2447.0,00010011000011010100,2447.0,00010011000011010100
54,2447.0,00010011000011010100,2447.0,00010011000011010100
54,2447.0,00010011000011010100,435.0,00111111000011000001
54,435.0,00111111000011000001,435.0,00111111000011000001
54,435.0,00111111000011000001,435.0,00111111000011000001
54,435.0,00111111000011000001,167.0,00110111100001000010
54,167.0,00110111100001000010,167.0,00110111100001000010
54,167.0,00110111100001000010,167.0,00110111100001000010
54,167.0,00110111100001000010,167.0,00110111100001000010
54,167.0,00110111100001000010,167.0,00110111100001000010
54,167.0,00110111100001000010,167.0,00110111100001000010
54,167.0,00110111100001000010,167.0,00110111100001000010
54,167.0,00110111100001000010,167.0,00110111100001000010
54,167.0,00110111100001000010,167.0,00110111100001000010
54,167.0,00110111100001000010,167.0,00110111100001000010
54,167.0,00110111100001000010,167.0,00110111100001000010
54,167.0,00110111100001000010,167.0,00110111100001000010
54,167.0,00110111100001000010,167.0,00110111100001000010
54,167.0,00110111100001000010,167.0,00110111100001000010
54,167.0,00110111100001000010,167.0,00110111100001000010
54,167.0,00110111100001000010,167.0,00110111100001000010
54,167.0,00110111100001000010,167.0,00110111100001000010
54,167.0,00110111100001000010,167.0,00110111100001000010
54,167.0,00110111100001000010,167.0,00110111100001000010
54,167.0,00110111100001000010,167.0,00110111100001000010
54,167.0,00110111100001000010,167.0,00110111100001000010
54,167.0,00110111100001000010,167.0,00110111100001000010
54,167.0,00110111100001000010,167.0,00110111100001000010
54,167.0,00110111100001000010,167.0,00110111100001000010
54,167.0,00110111100001000010,167.0,00110111100001000010
54,167.0,00110111100001000010,167.0,00110111100001000010
54,167.0,00110111100001000010,13.0,00110001100001011000
54,13.0,00110001100001011000,13.0,00110001100001011000
54,13.0,00110001100001011000,13.0,00110001100001011000
54,13.0,00110001100001011000,13.0,00110001100001011000
54,13.0,00110001100001011000,13.0,00110001100001011000
54,13.0,00110001100001011000,13.0,00110001100001011000
54,13.0,00110001100001011000,13.0,00110001100001011000
54,13.0,00110001100001011000,13.0,00110001100001011000
54,13.0,00110001100001011000,13.0,00110001100001011000
54,13.0,00110001100001011000,13.0,00110001100001011000
54,13.0,00110001100001011000,13.0,00110001100001011000
54,13.0,00110001100001011000,13.0,00110001100001011000
54,13.0,00110001100001011000,13.0,00110001100001011000
54,13.0,00110001100001011000,13.0,00110001100001011000
54,13.0,00110001100001011000,13.0,00110001100001011000
54,13.0,00110001100001011000,13.0,00110001100001011000
54,13.0,00110001100001011000,13.0,00110001100001011000
54,13.0,00110001100001011000,13.0,00110001100001011000
54,13.0,00110001100001011000,13.0,00110001100001011000
54,13.0,00110001100001011000,13.0,00110001100001011000
54,13.0,00110001100001011000,13.0,00110001100001011000
54,13.0,00110001100001011000,13.0,00110001100001011000
54,13.0,00110001100001011000,13.0,00110001100001011000
54,13.0,00110001100001011000,13.0,00110001100001011000
54,13.0,00110001100001011000,13.0,00110001100001011000
54,13.0,00110001100001011000,13.0,00110001100001011000
54,13.0,00110001100001011000,13.0,00110001100001011000
54,13.0,00110001100001011000,13.0,00110001100001011000
54,13.0,00110001100001011000,13.0,00110001100001011000
54,13.0,00110001100001011000,13.0,00110001100001011000
54,13.0,00110001100001011000,13.0,00110001100001011000
54,13.0,00110001100001011000,13.0,00110001100001011000
54,13.0,00110001100001011000,13.0,00110001100001011000
54,13.0,00110001100001011000,13.0,00110001100001011000
54,13.0,00110001100001011000,13.0,00110001100001011000
54,13.0,00110001100001011000,13.0,00110001100001011000
54,13.0,00110001100001011000,13.0,00110001100001011000
54,13.0,00110001100001011000,13.0,00110001100001011000
54,13.0,00110001100001011000,13.0,00110001100001011000
54,13.0,00110001100001011000,13.0,00110001100001011000
54,13.0,00110001100001011000,13.0,00110001100001011000
54,13.0,00110001100001011000,13.0,00110001100001011000
55,14613.0,01100010111000001110,3491.0,11110000001000001101
55,3491.0,11110000001000001101,3491.0,11110000001000001101
55,3491.0,11110000001000001101,3297.0,11100000101101001001
55,3297.0,11100000101101001001,921.0,11000001001101001010
55,921.0,11000001001101001010,621.0,00011001001101001010
55,621.0,00011001001101001010,621.0,00011001001101001010
55,621.0,00011001001101001010,291.0,00000001101111001100
55,291.0,00000001101111001100,291.0,00000001101111001100
55,291.0,00000001101111001100,291.0,00000001101111001100
55,291.0,00000001101111001100,291.0,00000001101111001100
55,291.0,00000001101111001100,291.0,00000001101111001100
55,291.0,00000001101111001100,291.0,00000001101111001100
55,291.0,00000001101111001100,291.0,00000001101111001100
55,291.0,00000001101111001100,291.0,00000001101111001100
55,291.0,00000001101111001100,291.0,00000001101111001100
55,291.0,00000001101111001100,291.0,00000001101111001100
55,291.0,00000001101111001100,291.0,00000001101111001100
55,291.0,00000001101111001100,291.0,00000001101111001100
55,291.0,00000001101111001100,291.0,00000001101111001100
55,291.0,00000001101111001100,291.0,00000001101111001100
55,291.0,00000001101111001100,291.0,00000001101111001100
55,291.0,00000001101111001100,291.0,00000001101111001100
55,291.0,00000001101111001100,291.0,00000001101111001100
55,291.0,00000001101111001100,291.0,00000001101111001100
55,291.0,00000001101111001100,291.0,00000001101111001100
55,291.0,00000001101111001100,291.0,00000001101111001100
55,291.0,00000001101111001100,291.0,00000001101111001100
55,291.0,00000001101111001100,291.0,00000001101111001100
55,291.0,00000001101111001100,291.0,00000001101111001100
55,291.0,00000001101111001100,291.0,00000001101111001100
55,291.0,00000001101111001100,291.0,00000001101111001100
55,291.0,00000001101111001100,13.0,00001101101111101011
55,13.0,00001101101111101011,13.0,00001101101111101011
55,13.0,00001101101111101011,13.0,00001101101111101011
55,13.0,00001101101111101011,13.0,00001101101111101011
55,13.0,00001101101111101011,13.0,00001101101111101011
55,13.0,00001101101111101011,13.0,00001101101111101011
55,13.0,00001101101111101011,13.0,00001101101111101011
55,13.0,00001101101111101011,13.0,00001101101111101011
55,13.0,00001101101111101011,13.0,00001101101111101011
55,13.0,00001101101111101011,13.0,00001101101111101011
55,13.0,00001101101111101011,13.0,00001101101111101011
55,13.0,00001101101111101011,13.0,00001101101111101011
55,13.0,00001101101111101011,13.0,00001101101111101011
55,13.0,00001101101111101011,13.0,00001101101111101011
55,13.0,00001101101111101011,13.0,00001101101111101011
55,13.0,00001101101111101011,13.0,00001101101111101011
55,13.0,00001101101111101011,13.0,00001101101111101011
55,13.0,00001101101111101011,13.0,00001101101111101011
55,13.0,00001101101111101011,13.0,00001101101111101011
55,13.0,00001101101111101011,13.0,00001101101111101011
55,13.0,00001101101111101011,13.0,00001101101111101011
55,13.0,00001101101111101011,13.0,00001101101111101011
55,13.0,00001101101111101011,13.0,00001101101111101011
55,13.0,00001101101111101011,13.0,00001101101111101011
55,13.0,00001101101111101011,13.0,00001101101111101011
55,13.0,00001101101111101011,13.0,00001101101111101011
55,13.0,00001101101111101011,13.0,00001101101111101011
55,13.0,00001101101111101011,13.0,00001101101111101011
55,13.0,00001101101111101011,13.0,00001101101111101011
55,13.0,00001101101111101011,13.0,00001101101111101011
55,13.0,00001101101111101011,13.0,00001101101111101011
55,13.0,00001101101111101011,13.0,00001101101111101011
56,39507.0,10100101011001010010,10285.0,11100001001001010000
56,10285.0,11100001001001010000,10285.0,11100001001001010000
56,10285.0,11100001001001010000,6611.0,11100000111001110011
56,6611.0,11100000111001110011,515.0,11101000111001110010
56,515.0,11101000111001110010,515.0,11101000111001110010
56,515.0,11101000111001110010,515.0,11101000111001110010
56,515.0,11101000111001110010,515.0,11101000111001110010
56,515.0,11101000111001110010,515.0,11101000111001110010
56,515.0,11101000111001110010,515.0,11101000111001110010
56,515.0,11101000111001110010,515.0,11101000111001110010
56,515.0,11101000111001110010,463.0,10100000001001111100
56,463.0,10100000001001111100,463.0,10100000001001111100
56,463.0,10100000001001111100,463.0,10100000001001111100
56,463.0,10100000001001111100,463.0,10100000001001111100
56,463.0,10100000001001111100,463.0,10100000001001111100
56,463.0,10100000001001111100,463.0,10100000001001111100
56,463.0,10100000001001111100,463.0,10100000001001111100
56,463.0,10100000001001111100,463.0,10100000001001111100
56,463.0,10100000001001111100,463.0,10100000001001111100
56,463.0,10100000001001111100,463.0,10100000001001111100
56,463.0,10100000001001111100,463.0,10100000001001111100
56,463.0,10100000001001111100,463.0,10100000001001111100
56,463.0,10100000001001111100,463.0,10100000001001111100
56,463.0,10100000001001111100,463.0,10100000001001111100
56,463.0,10100000001001111100,463.0,10100000001001111100
56,463.0,10100000001001111100,463.0,10100000001001111100
56,463.0,10100000001001111100,463.0,10100000001001111100
56,463.0,10100000001001111100,357.0,00100110011001011000
56,357.0,00100110011001011000,357.0,00100110011001011000
56,357.0,00100110011001011000,357.0,00100110011001011000
56,357.0,00100110011001011000,357.0,00100110011001011000
56,357.0,00100110011001011000,357.0,00100110011001011000
56,357.0,00100110011001011000,357.0,00100110011001011000
56,357.0,00100110011001011000,357.0,00100110011001011000
56,357.0,00100110011001011000,357.0,00100110011001011000
56,357.0,00100110011001011000,357.0,00100110011001011000
56,357.0,00100110011001011000,357.0,00100110011001011000
56,357.0,00100110011001011000,357.0,00100110011001011000
56,357.0,00100110011001011000,357.0,00100110011001011000
56,357.0,00100110011001011000,357.0,00100110011001011000
56,357.0,00100110011001011000,313.0,00100011111001000000
56,313.0,00100011111001000000,313.0,00100011111001000000
56,313.0,00100011111001000000,313.0,00100011111001000000
56,313.0,00100011111001000000,313.0,00100011111001000000
56,313.0,00100011111001000000,137.0,00100001111011000100
56,137.0,00100001111011000100,137.0,00100001111011000100
56,137.0,00100001111011000100,137.0,00100001111011000100
56,137.0,00100001111011000100,137.0,00100001111011000100
56,137.0,00100001111011000100,137.0,00100001111011000100
56,137.0,00100001111011000100,137.0,00100001111011000100
56,137.0,00100001111011000100,137.0,00100001111011000100
56,137.0,00100001111011000100,137.0,00100001111011000100
56,137.0,00100001111011000100,137.0,00100001111011000100
56,137.0,00100001111011000100,137.0,00100001111011000100
56,137.0,00100001111011000100,137.0,00100001111011000100
56,137.0,00100001111011000100,137.0,00100001111011000100
56,137.0,00100001111011000100,137.0,00100001111011000100
56,137.0,00100001111011000100,137.0,00100001111011000100
56,137.0,00100001111011000100,137.0,00100001111011000100
56,137.0,00100001111011000100,137.0,00100001111011000100
56,137.0,00100001111011000100,137.0,00100001111011000100
56,137.0,00100001111011000100,137.0,00100001111011000100
56,137.0,00100001111011000100,137.0,00100001111011000100
56,137.0,00100001111011000100,137.0,00100001111011000100
56,137.0,00100001111011000100,137.0,00100001111011000100
56,137.0,00100001111011000100,137.0,00100001111011000100
56,137.0,00100001111011000100,137.0,00100001111011000100
56,137.0,00100001111011000100,137.0,00100001111011000100
56,137.0,00100001111011000100,137.0,00100001111011000100
56,137.0,00100001111011000100,137.0,00100001111011000100
56,137.0,00100001111011000100,137.0,00100001111011000100
56,137.0,00100001111011000100,73.0,01100000111011010101
56,73.0,01100000111011010101,73.0,01100000111011010101
56,73.0,01100000111011010101,73.0,01100000111011010101
56,73.0,01100000111011010101,73.0,01100000111011010101
56,73.0,01100000111011010101,73.0,01100000111011010101
56,73.0,01100000111011010101,73.0,01100000111011010101
56,73.0,01100000111011010101,73.0,01100000111011010101
56,73.0,01100000111011010101,73.0,01100000111011010101
56,73.0,01100000111011010101,73.0,01100000111011010101
56,73.0,01100000111011010101,5.0,11100000110111010100
56,5.0,11100000110111010100,5.0,11100000110111010100
56,5.0,11100000110111010100,5.0,11100000110111010100
56,5.0,11100000110111010100,5.0,11100000110111010100
56,5.0,11100000110111010100,5.0,11100000110111010100
56,5.0,11100000110111010100,5.0,11100000110111010100
56,5.0,11100000110111010100,5.0,11100000110111010100
56,5.0,11100000110111010100,5.0,11100000110111010100
56,5.0,11100000110111010100,5.0,11100000110111010100
56,5.0,11100000110111010100,5.0,11100000110111010100
56,5.0,11100000110111010100,5.0,11100000110111010100
56,5.0,11100000110111010100,5.0,11100000110111010100
56,5.0,11100000110111010100,5.0,11100000110111010100
56,5.0,11100000110111010100,5.0,11100000110111010100
56,5.0,11100000110111010100,5.0,11100000110111010100
56,5.0,11100000110111010100,5.0,11100000110111010100
56,5.0,11100000110111010100,5.0,11100000110111010100
56,5.0,11100000110111010100,5.0,11100000110111010100
56,5.0,11100000110111010100,5.0,11100000110111010100
56,5.0,11100000110111010100,5.0,11100000110111010100
56,5.0,11100000110111010100,5.0,11100000110111010100
56,5.0,11100000110111010100,5.0,11100000110111010100
56,5.0,11100000110111010100,5.0,11100000110111010100
56,5.0,11100000110111010100,5.0,11100000110111010100
56,5.0,11100000110111010100,5.0,11100000110111010100
56,5.0,11100000110111010100,5.0,11100000110111010100
56,5.0,11100000110111010100,5.0,11100000110111010100
56,5.0,11100000110111010100,5.0,11100000110111010100
56,5.0,11100000110111010100,5.0,11100000110111010100
56,5.0,11100000110111010100,5.0,11100000110111010100
56,5.0,11100000110111010100,5.0,11100000110111010100
56,5.0,11100000110111010100,5.0,11100000110111010100
56,5.0,11100000110111010100,5.0,11100000110111010100
56,5.0,11100000110111010100,5.0,11100000110111010100
56,5.0,11100000110111010100,5.0,11100000110111010100
56,5.0,11100000110111010100,5.0,11100000110111010100
56,5.0,11100000110111010100,5.0,11100000110111010100
56,5.0,11100000110111010100,5.0,11100000110111010100
56,5.0,11100000110111010100,5.0,11100000110111010100
57,83497.0,00001111110111000111,4969.0,01101111110100000101
57,4969.0,01101111110100000101,2455.0,01101111101100000001
57,2455.0,01101111101100000001,521.0,01010111001100000011
57,521.0,01010111001100000011,521.0,01010111001100000011
57,521.0,01010111001100000011,521.0,01010111001100000011
57,521.0,01010111001100000011,521.0,01000111011100110010
57,521.0,01000111011100110010,521.0,01000111011100110010
57,521.0,01000111011100110010,521.0,01000111011100110010
57,521.0,01000111011100110010,521.0,01000111011100110010
57,521.0,01000111011100110010,171.0,01001111110100111001
57,171.0,01001111110100111001,171.0,01001111110100111001
57,171.0,01001111110100111001,171.0,01001111110100111001
57,171.0,01001111110100111001,71.0,11100101110110110001
57,71.0,11100101110110110001,71.0,11100101110110110001
57,71.0,11100101110110110001,71.0,11100101110110110001
57,71.0,11100101110110110001,71.0,11100101110110110001
57,71.0,11100101110110110001,71.0,11100101110110110001
57,71.0,11100101110110110001,71.0,11100101110110110001
57,71.0,11100101110110110001,71.0,11100101110110110001
57,71.0,11100101110110110001,71.0,11100101110110110001
57,71.0,11100101110110110001,71.0,11100101110110110001
57,71.0,11100101110110110001,71.0,11100101110110110001
57,71.0,11100101110110110001,71.0,11100101110110110001
57,71.0,11100101110110110001,71.0,11100101110110110001
57,71.0,11100101110110110001,71.0,11100101110110110001
57,71.0,11100101110110110001,71.0,11100101110110110001
57,71.0,11100101110110110001,71.0,11100101110110110001
57,71.0,11100101110110110001,71.0,11100101110110110001
57,71.0,11100101110110110001,71.0,11100101110110110001
57,71.0,11100101110110110001,71.0,11100101110110110001
57,71.0,11100101110110110001,71.0,11100101110110110001
57,71.0,11100101110110110001,71.0,11100101110110110001
57,71.0,11100101110110110001,71.0,11100101110110110001
57,71.0,11100101110110110001,71.0,11100101110110110001
57,71.0,11100101110110110001,71.0,11100101110110110001
57,71.0,11100101110110110001,71.0,11100101110110110001
57,71.0,11100101110110110001,71.0,11100101110110110001
57,71.0,11100101110110110001,71.0,11100101110110110001
57,71.0,11100101110110110001,71.0,11100101110110110001
57,71.0,11100101110110110001,71.0,11100101110110110001
57,71.0,11100101110110110001,71.0,11100101110110110001
57,71.0,11100101110110110001,71.0,11100101110110110001
57,71.0,11100101110110110001,71.0,11100101110110110001
57,71.0,11100101110110110001,71.0,11100101110110110001
57,71.0,11100101110110110001,71.0,11100101110110110001
57,71.0,11100101110110110001,71.0,11100101110110110001
57,71.0,11100101110110110001,71.0,11100101110110110001
57,71.0,11100101110110110001,71.0,11100101110110110001
57,71.0,11100101110110110001,71.0,11100101110110110001
57,71.0,11100101110110110001,71.0,11100101110110110001
57,71.0,11100101110110110001,71.0,11100101110110110001
57,71.0,11100101110110110001,71.0,11100101110110110001
57,71.0,11100101110110110001,71.0,11100101110110110001
57,71.0,11100101110110110001,71.0,11100101110110110001
57,71.0,11100101110110110001,71.0,11100101110110110001
57,71.0,11100101110110110001,71.0,11100101110110110001
57,71.0,11100101110110110001,71.0,11100101110110110001
57,71.0,11100101110110110001,71.0,11100101110110110001
57,71.0,11100101110110110001,71.0,11100101110110110001
58,34829.0,01010011100101000010,11381.0,01011101100111010000
58,11381.0,01011101100111010000,657.0,00010101101011010011
58,657.0,00010101101011010011,657.0,00010101101011010011
58,657.0,00010101101011010011,657.0,00010101101011010011
58,657.0,00010101101011010011,345.0,00110001100011110011
58,345.0,00110001100011110011,345.0,00110001100011110011
58,345.0,00110001100011110011,345.0,00110001100011110011
58,345.0,00110001100011110011,345.0,00110001100011110011
58,345.0,00110001100011110011,345.0,00110001100011110011
58,345.0,00110001100011110011,345.0,00110001100011110011
58,345.0,00110001100011110011,345.0,00110001100011110011
58,345.0,00110001100011110011,345.0,00110001100011110011
58,345.0,00110001100011110011,13.0,00110001100001011000
58,13.0,00110001100001011000,13.0,00110001100001011000
58,13.0,00110001100001011000,13.0,00110001100001011000
58,13.0,00110001100001011000,13.0,00110001100001011000
58,13.0,00110001100001011000,13.0,00110001100001011000
58,13.0,00110001100001011000,13.0,00110001100001011000
58,13.0,00110001100001011000,13.0,00110001100001011000
58,13.0,00110001100001011000,13.0,00110001100001011000
58,13.0,00110001100001011000,13.0,00110001100001011000
58,13.0,00110001100001011000,13.0,00110001100001011000
58,13.0,00110001100001011000,13.0,00110001100001011000
58,13.0,00110001100001011000,13.0,00110001100001011000
58,13.0,00110001100001011000,13.0,00110001100001011000
58,13.0,00110001100001011000,13.0,00110001100001011000
58,13.0,00110001100001011000,13.0,00110001100001011000
58,13.0,00110001100001011000,13.0,00110001100001011000
58,13.0,00110001100001011000,13.0,00110001100001011000
58,13.0,00110001100001011000,13.0,00110001100001011000
58,13.0,00110001100001011000,13.0,00110001100001011000
58,13.0,00110001100001011000,13.0,00110001100001011000
58,13.0,00110001100001011000,13.0,00110001100001011000
58,13.0,00110001100001011000,13.0,00110001100001011000
58,13.0,00110001100001011000,13.0,00110001100001011000
58,13.0,00110001100001011000,13.0,00110001100001011000
58,13.0,00110001100001011000,13.0,00110001100001011000
58,13.0,00110001100001011000,13.0,00110001100001011000
58,13.0,00110001100001011000,13.0,00110001100001011000
58,13.0,00110001100001011000,13.0,00110001100001011000
58,13.0,00110001100001011000,13.0,00110001100001011000
58,13.0,00110001100001011000,13.0,00110001100001011000
58,13.0,00110001100001011000,13.0,00110001100001011000
58,13.0,00110001100001011000,13.0,00110001100001011000
58,13.0,00110001100001011000,13.0,00110001100001011000
58,13.0,00110001100001011000,13.0,00110001100001011000
58,13.0,00110001100001011000,13.0,00110001100001011000
58,13.0,00110001100001011000,13.0,00110001100001011000
58,13.0,00110001100001011000,13.0,00110001100001011000
58,13.0,00110001100001011000,13.0,00110001100001011000
58,13.0,00110001100001011000,13.0,00110001100001011000
59,10779.0,00000001111111100110,6023.0,00001110111111100101
59,6023.0,00001110111111100101,5541.0,00010010110111100111
59,5541.0,00010010110111100111,4735.0,01011110110011000111
59,4735.0,01011110110011000111,4735.0,01011110110011000111
59,4735.0,01011110110011000111,4735.0,01011110110011000111
59,4735.0,01011110110011000111,2457.0,01111110011010000011
59,2457.0,01111110011010000011,2457.0,01111110011010000011
59,2457.0,01111110011010000011,445.0,11110100011010010010
59,445.0,11110100011010010010,445.0,11110100011010010010
59,445.0,11110100011010010010,445.0,11110100011010010010
59,445.0,11110100011010010010,445.0,11110100011010010010
59,445.0,11110100011010010010,445.0,11110100011010010010
59,445.0,11110100011010010010,445.0,11110100011010010010
59,445.0,11110100011010010010,77.0,11011100011010110100
59,77.0,11011100011010110100,77.0,11011100011010110100
59,77.0,11011100011010110100,77.0,11011100011010110100
59,77.0,11011100011010110100,77.0,11011100011010110100
59,77.0,11011100011010110100,77.0,11011100011010110100
59,77.0,11011100011010110100,77.0,11011100011010110100
59,77.0,11011100011010110100,77.0,11011100011010110100
59,77.0,11011100011010110100,77.0,11011100011010110100
59,77.0,11011100011010110100,77.0,11011100011010110100
59,77.0,11011100011010110100,77.0,11011100011010110100
59,77.0,11011100011010110100,77.0,11011100011010110100
59,77.0,11011100011010110100,77.0,11011100011010110100
59,77.0,11011100011010110100,77.0,11011100011010110100
59,77.0,11011100011010110100,77.0,11011100011010110100
59,77.0,11011100011010110100,77.0,11011100011010110100
59,77.0,11011100011010110100,77.0,11011100011010110100
59,77.0,11011100011010110100,77.0,11011100011010110100
59,77.0,11011100011010110100,77.0,11011100011010110100
59,77.0,11011100011010110100,77.0,11011100011010110100
59,77.0,11011100011010110100,77.0,11011100011010110100
59,77.0,11011100011010110100,77.0,11011100011010110100
59,77.0,11011100011010110100,77.0,11011100011010110100
59,77.0,11011100011010110100,77.0,11011100011010110100
59,77.0,11011100011010110100,77.0,11011100011010110100
60,32315.0,00010100001101011100,8279.0,10011100001101011000
60,8279.0,10011100001101011000,2997.0,00111000101101001001
60,2997.0,00111000101101001001,1787.0,00011100101111101011
60,1787.0,00011100101111101011,1787.0,00011100101111101011
60,1787.0,00011100101111101011,1787.0,00011100101111101011
60,1787.0,00011100101111101011,1115.0,10011000111111100011
60,1115.0,10011000111111100011,1115.0,10011000111111100011
60,1115.0,10011000111111100011,431.0,11100100101111100000
60,431.0,11100100101111100000,431.0,11100100101111100000
60,431.0,11100100101111100000,431.0,11100100101111100000
60,431.0,11100100101111100000,431.0,11100100101111100000
60,431.0,11100100101111100000,431.0,11100100101111100000
60,431.0,11100100101111100000,197.0,11001001111011100001
60,197.0,11001001111011100001,197.0,11001001111011100001
60,197.0,11001001111011100001,197.0,11001001111011100001
60,197.0,11001001111011100001,197.0,11001001111011100001
60,197.0,11001001111011100001,59.0,11000101110011010110
60,59.0,11000101110011010110,59.0,11000101110011010110
60,59.0,11000101110011010110,59.0,11000101110011010110
60,59.0,11000101110011010110,59.0,11000101110011010110
60,59.0,11000101110011010110,59.0,11000101110011010110
60,59.0,11000101110011010110,59.0,11000101110011010110
60,59.0,11000101110011010110,59.0,11000101110011010110
60,59.0,11000101110011010110,59.0,11000101110011010110
60,59.0,11000101110011010110,59.0,11000101110011010110
60,59.0,11000101110011010110,59.0,11000101110011010110
60,59.0,11000101110011010110,59.0,11000101110011010110
60,59.0,11000101110011010110,59.0,11000101110011010110
60,59.0,11000101110011010110,59.0,11000101110011010110
60,59.0,11000101110011010110,59.0,11000101110011010110
60,59.0,11000101110011010110,59.0,11000101110011010110
60,59.0,11000101110011010110,59.0,11000101110011010110
60,59.0,11000101110011010110,59.0,11000101110011010110
60,59.0,11000101110011010110,59.0,11000101110011010110
60,59.0,11000101110011010110,59.0,11000101110011010110
60,59.0,11000101110011010110,59.0,11000101110011010110
60,59.0,11000101110011010110,59.0,11000101110011010110
60,59.0,11000101110011010110,59.0,11000101110011010110
60,59.0,11000101110011010110,59.0,11000101110011010110
60,59.0,11000101110011010110,55.0,11000111100001100100
60,55.0,11000111100001100100,55.0,11000111100001100100
60,55.0,11000111100001100100,55.0,11000111100001100100
60,55.0,11000111100001100100,55.0,11000111100001100100
60,55.0,11000111100001100100,55.0,11000111100001100100
60,55.0,11000111100001100100,55.0,11000111100001100100
60,55.0,11000111100001100100,55.0,11000111100001100100
60,55.0,11000111100001100100,55.0,11000111100001100100
60,55.0,11000111100001100100,55.0,11000111100001100100
60,55.0,11000111100001100100,55.0,11000111100001100100
60,55.0,11000111100001100100,55.0,11000111100001100100
60,55.0,11000111100001100100,55.0,11000111100001100100
60,55.0,11000111100001100100,55.0,11000111100001100100
60,55.0,11000111100001100100,55.0,11000111100001100100
60,55.0,11000111100001100100,55.0,11000111100001100100
60,55.0,11000111100001100100,55.0,11000111100001100100
60,55.0,11000111100001100100,55.0,11000111100001100100
60,55.0,11000111100001100100,55.0,11000111100001100100
60,55.0,11000111100001100100,55.0,11000111100001100100
60,55.0,11000111100001100100,55.0,11000111100001100100
60,55.0,11000111100001100100,55.0,11000111100001100100
60,55.0,11000111100001100100,55.0,11000111100001100100
61,8713.0,11000010011001010100,8713.0,11000010011001010100
61,8713.0,11000010011001010100,4189.0,11100010011000010110
61,4189.0,11100010011000010110,13.0,11110010010000010100
61,13.0,11110010010000010100,13.0,11110010010000010100
61,13.0,11110010010000010100,13.0,11110010010000010100
61,13.0,11110010010000010100,13.0,11110010010000010100
61,13.0,11110010010000010100,13.0,11110010010000010100
61,13.0,11110010010000010100,13.0,11110010010000010100
61,13.0,11110010010000010100,13.0,11110010010000010100
61,13.0,11110010010000010100,13.0,11110010010000010100
61,13.0,11110010010000010100,13.0,11110010010000010100
61,13.0,11110010010000010100,13.0,11110010010000010100
61,13.0,11110010010000010100,13.0,11110010010000010100
61,13.0,11110010010000010100,13.0,11110010010000010100
61,13.0,11110010010000010100,13.0,11110010010000010100
61,13.0,11110010010000010100,13.0,11110010010000010100
61,13.0,11110010010000010100,13.0,11110010010000010100
61,13.0,11110010010000010100,13.0,11110010010000010100
61,13.0,11110010010000010100,13.0,11110010010000010100
61,13.0,11110010010000010100,13.0,11110010010000010100
61,13.0,11110010010000010100,13.0,11110010010000010100
61,13.0,11110010010000010100,13.0,11110010010000010100
61,13.0,11110010010000010100,13.0,11110010010000010100
61,13.0,11110010010000010100,13.0,11110010010000010100
61,13.0,11110010010000010100,13.0,11110010010000010100
61,13.0,11110010010000010100,13.0,11110010010000010100
61,13.0,11110010010000010100,13.0,11110010010000010100
61,13.0,11110010010000010100,13.0,11110010010000010100
61,13.0,11110010010000010100,13.0,11110010010000010100
61,13.0,11110010010000010100,13.0,11110010010000010100
61,13.0,11110010010000010100,13.0,11110010010000010100
61,13.0,11110010010000010100,13.0,11110010010000010100
61,13.0,11110010010000010100,13.0,11110010010000010100
61,13.0,11110010010000010100,13.0,11110010010000010100
61,13.0,11110010010000010100,13.0,11110010010000010100
61,13.0,11110010010000010100,13.0,11110010010000010100
61,13.0,11110010010000010100,13.0,11110010010000010100
61,13.0,11110010010000010100,13.0,11110010010000010100
61,13.0,11110010010000010100,13.0,11110010010000010100
61,13.0,11110010010000010100,13.0,11110010010000010100
61,13.0,11110010010000010100,13.0,11110010010000010100
61,13.0,11110010010000010100,13.0,11110010010000010100
61,13.0,11110010010000010100,13.0,11110010010000010100
61,13.0,11110010010000010100,13.0,11110010010000010100
61,13.0,11110010010000010100,13.0,11110010010000010100
61,13.0,11110010010000010100,13.0,11110010010000010100
61,13.0,11110010010000010100,13.0,11110010010000010100
61,13.0,11110010010000010100,13.0,11110010010000010100
61,13.0,11110010010000010100,13.0,11110010010000010100
61,13.0,11110010010000010100,13.0,11110010010000010100
61,13.0,11110010010000010100,13.0,11110010010000010100
61,13.0,11110010010000010100,13.0,11110010010000010100
61,13.0,11110010010000010100,13.0,11110010010000010100
61,13.0,11110010010000010100,13.0,11110010010000010100
62,16763.0,10110100000111100111,7107.0,10110100110011100100
62,7107.0,10110100110011100100,379.0,10110100110001010111
62,379.0,10110100110001010111,379.0,10110100110001010111
62,379.0,10110100110001010111,379.0,10110100110001010111
62,379.0,10110100110001010111,379.0,10110100110001010111
62,379.0,10110100110001010111,379.0,10110100110001010111
62,379.0,10110100110001010111,379.0,10110100110001010111
62,379.0,10110100110001010111,379.0,10110100110001010111
62,379.0,10110100110001010111,379.0,10110100110001010111
62,379.0,10110100110001010111,379.0,10110100110001010111
62,379.0,10110100110001010111,165.0,10010100111001010100
62,165.0,10010100111001010100,165.0,10010100111001010100
62,165.0,10010100111001010100,165.0,10010100111001010100
62,165.0,10010100111001010100,165.0,10010100111001010100
62,165.0,10010100111001010100,165.0,10010100111001010100
62,165.0,10010100111001010100,165.0,10010100111001010100
62,165.0,10010100111001010100,165.0,10010100111001010100
62,165.0,10010100111001010100,165.0,10010100111001010100
62,165.0,10010100111001010100,165.0,10010100111001010100
62,165.0,10010100111001010100,165.0,10010100111001010100
62,165.0,10010100111001010100,165.0,10010100111001010100
62,165.0,10010100111001010100,165.0,10010100111001010100
62,165.0,10010100111001010100,165.0,10010100111001010100
62,165.0,10010100111001010100,165.0,10010100111001010100
62,165.0,10010100111001010100,165.0,10010100111001010100
62,165.0,10010100111001010100,165.0,10010100111001010100
62,165.0,10010100111001010100,165.0,10010100111001010100
62,165.0,10010100111001010100,165.0,10010100111001010100
62,165.0,10010100111001010100,165.0,10010100111001010100
62,165.0,10010100111001010100,165.0,10010100111001010100
62,165.0,10010100111001010100,165.0,10010100111001010100
62,165.0,10010100111001010100,165.0,10010100111001010100
62,165.0,10010100111001010100,165.0,10010100111001010100
62,165.0,10010100111001010100,165.0,10010100111001010100
62,165.0,10010100111001010100,165.0,10010100111001010100
62,165.0,10010100111001010100,165.0,10010100111001010100
62,165.0,10010100111001010100,165.0,10010100111001010100
62,165.0,10010100111001010100,165.0,10010100111001010100
62,165.0,10010100111001010100,165.0,10010100111001010100
62,165.0,10010100111001010100,165.0,10010100111001010100
62,165.0,10010100111001010100,165.0,10010100111001010100
62,165.0,10010100111001010100,165.0,10010100111001010100
62,165.0,10010100111001010100,165.0,10010100111001010100
62,165.0,10010100111001010100,165.0,10010100111001010100
62,165.0,10010100111001010100,165.0,10010100111001010100
62,165.0,10010100111001010100,165.0,10010100111001010100
63,78173.0,11001111000110010111,10311.0,11001111100110100110
63,10311.0,11001111100110100110,9291.0,11100111110010100001
63,9291.0,11100111110010100001,7153.0,11101011100110100001
63,7153.0,11101011100110100001,1431.0,11100011110010010001
63,1431.0,11100011110010010001,1431.0,11100011110010010001
63,1431.0,11100011110010010001,71.0,11100101110110110001
63,71.0,11100101110110110001,71.0,11100101110110110001
63,71.0,11100101110110110001,71.0,11100101110110110001
63,71.0,11100101110110110001,71.0,11100101110110110001
63,71.0,11100101110110110001,71.0,11100101110110110001
63,71.0,11100101110110110001,71.0,11100101110110110001
63,71.0,11100101110110110001,71.0,11100101110110110001
63,71.0,11100101110110110001,71.0,11100101110110110001
63,71.0,11100101110110110001,5.0,11100000110111010100
63,5.0,11100000110111010100,5.0,11100000110111010100
63,5.0,11100000110111010100,5.0,11100000110111010100
63,5.0,11100000110111010100,5.0,11100000110111010100
63,5.0,11100000110111010100,5.0,11100000110111010100
63,5.0,11100000110111010100,5.0,11100000110111010100
63,5.0,11100000110111010100,5.0,11100000110111010100
63,5.0,11100000110111010100,5.0,11100000110111010100
63,5.0,11100000110111010100,5.0,11100000110111010100
63,5.0,11100000110111010100,5.0,11100000110111010100
63,5.0,11100000110111010100,5.0,11100000110111010100
63,5.0,11100000110111010100,5.0,11100000110111010100
63,5.0,11100000110111010100,5.0,11100000110111010100
63,5.0,11100000110111010100,5.0,11100000110111010100
63,5.0,11100000110111010100,5.0,11100000110111010100
63,5.0,11100000110111010100,5.0,11100000110111010100
63,5.0,11100000110111010100,5.0,11100000110111010100
63,5.0,11100000110111010100,5.0,11100000110111010100
63,5.0,11100000110111010100,5.0,11100000110111010100
63,5.0,11100000110111010100,5.0,11100000110111010100
63,5.0,11100000110111010100,5.0,11100000110111010100
63,5.0,11100000110111010100,5.0,11100000110111010100
63,5.0,11100000110111010100,5.0,11100000110111010100
63,5.0,11100000110111010100,5.0,11100000110111010100
63,5.0,11100000110111010100,5.0,11100000110111010100
63,5.0,11100000110111010100,5.0,11100000110111010100
63,5.0,11100000110111010100,5.0,11100000110111010100
63,5.0,11100000110111010100,5.0,11100000110111010100
63,5.0,11100000110111010100,5.0,11100000110111010100
63,5.0,11100000110111010100,5.0,11100000110111010100
63,5.0,11100000110111010100,5.0,11100000110111010100
63,5.0,11100000110111010100,5.0,11100000110111010100
63,5.0,11100000110111010100,5.0,11100000110111010100
63,5.0,11100000110111010100,5.0,11100000110111010100
63,5.0,11100000110111010100,5.0,11100000110111010100
63,5.0,11100000110111010100,5.0,11100000110111010100
63,5.0,11100000110111010100,5.0,11100000110111010100
63,5.0,11100000110111010100,5.0,11100000110111010100
63,5.0,11100000110111010100,5.0,11100000110111010100
63,5.0,11100000110111010100,5.0,11100000110111010100
63,5.0,11100000110111010100,5.0,11100000110111010100
63,5.0,11100000110111010100,5.0,11100000110111010100
63,5.0,11100000110111010100,5.0,11100000110111010100
64,5813.0,00010001101100111001,13.0,00001101101111101011
64,13.0,00001101101111101011,13.0,00001101101111101011
64,13.0,00001101101111101011,13.0,00001101101111101011
64,13.0,00001101101111101011,13.0,00001101101111101011
64,13.0,00001101101111101011,13.0,00001101101111101011
64,13.0,00001101101111101011,13.0,00001101101111101011
64,13.0,00001101101111101011,13.0,00001101101111101011
64,13.0,00001101101111101011,13.0,00001101101111101011
64,13.0,00001101101111101011,13.0,00001101101111101011
64,13.0,00001101101111101011,13.0,00001101101111101011
64,13.0,00001101101111101011,13.0,00001101101111101011
64,13.0,00001101101111101011,13.0,00001101101111101011
64,13.0,00001101101111101011,13.0,00001101101111101011
64,13.0,00001101101111101011,13.0,00001101101111101011
64,13.0,00001101101111101011,13.0,00001101101111101011
64,13.0,00001101101111101011,13.0,00001101101111101011
64,13.0,00001101101111101011,13.0,00001101101111101011
64,13.0,00001101101111101011,13.0,00001101101111101011
64,13.0,00001101101111101011,13.0,00001101101111101011
64,13.0,00001101101111101011,13.0,00001101101111101011
64,13.0,00001101101111101011,13.0,00001101101111101011
64,13.0,00001101101111101011,13.0,00001101101111101011
64,13.0,00001101101111101011,13.0,00001101101111101011
64,13.0,00001101101111101011,13.0,00001101101111101011
64,13.0,00001101101111101011,13.0,00001101101111101011
64,13.0,00001101101111101011,13.0,00001101101111101011
64,13.0,00001101101111101011,13.0,00001101101111101011
64,13.0,00001101101111101011,13.0,00001101101111101011
64,13.0,00001101101111101011,13.0,00001101101111101011
64,13.0,00001101101111101011,13.0,00001101101111101011
64,13.0,00001101101111101011,13.0,00001101101111101011
64,13.0,00001101101111101011,13.0,00001101101111101011
64,13.0,00001101101111101011,13.0,00001101101111101011
64,13.0,00001101101111101011,13.0,00001101101111101011
64,13.0,00001101101111101011,13.0,00001101101111101011
64,13.0,00001101101111101011,13.0,00001101101111101011
64,13.0,00001101101111101011,13.0,00001101101111101011
64,13.0,00001101101111101011,13.0,00001101101111101011
64,13.0,00001101101111101011,13.0,00001101101111101011
64,13.0,00001101101111101011,13.0,00001101101111101011
65,119295.0,10001111100010011111,26979.0,11001011100000011111
65,26979.0,11001011100000011111,19393.0,11001011000000111111
65,19393.0,11001011000000111111,1815.0,11011010000010011111
65,1815.0,11011010000010011111,775.0,11000110100110111101
65,775.0,11000110100110111101,775.0,11000110100110111101
65,775.0,11000110100110111101,311.0,01000010001101110111
65,311.0,01000010001101110111,311.0,01000010001101110111
65,311.0,01000010001101110111,311.0,01000010001101110111
65,311.0,01000010001101110111,311.0,01000010001101110111
65,311.0,01000010001101110111,253.0,01001010110111110111
65,253.0,01001010110111110111,91.0,01000011110110110101
65,91.0,01000011110110110101,91.0,01000011110110110101
65,91.0,01000011110110110101,91.0,01000011110110110101
65,91.0,01000011110110110101,91.0,01000011110110110101
65,91.0,01000011110110110101,91.0,01000011110110110101
65,91.0,01000011110110110101,91.0,01000011110110110101
65,91.0,01000011110110110101,91.0,01000011110110110101
65,91.0,01000011110110110101,91.0,01000011110110110101
65,91.0,01000011110110110101,91.0,01000011110110110101
65,91.0,01000011110110110101,91.0,01000011110110110101
65,91.0,01000011110110110101,91.0,01000011110110110101
65,91.0,01000011110110110101,91.0,01000011110110110101
65,91.0,01000011110110110101,91.0,01000011110110110101
65,91.0,01000011110110110101,91.0,01000011110110110101
65,91.0,01000011110110110101,91.0,01000011110110110101
65,91.0,01000011110110110101,91.0,01000011110110110101
65,91.0,01000011110110110101,91.0,01000011110110110101
65,91.0,01000011110110110101,91.0,01000011110110110101
65,91.0,01000011110110110101,91.0,01000011110110110101
65,91.0,01000011110110110101,91.0,01000011110110110101
65,91.0,01000011110110110101,91.0,01000011110110110101
65,91.0,01000011110110110101,91.0,01000011110110110101
65,91.0,01000011110110110101,91.0,01000011110110110101
65,91.0,01000011110110110101,91.0,01000011110110110101
65,91.0,01000011110110110101,91.0,01000011110110110101
65,91.0,01000011110110110101,91.0,01000011110110110101
65,91.0,01000011110110110101,91.0,01000011110110110101
65,91.0,01000011110110110101,91.0,01000011110110110101
65,91.0,01000011110110110101,91.0,01000011110110110101
65,91.0,01000011110110110101,91.0,01000011110110110101
65,91.0,01000011110110110101,91.0,01000011110110110101
65,91.0,01000011110110110101,91.0,01000011110110110101
65,91.0,01000011110110110101,91.0,01000011110110110101
65,91.0,01000011110110110101,5.0,01001101110110111101
65,5.0,01001101110110111101,5.0,01001101110110111101
65,5.0,01001101110110111101,5.0,01001101110110111101
65,5.0,01001101110110111101,5.0,01001101110110111101
65,5.0,01001101110110111101,5.0,01001101110110111101
65,5.0,01001101110110111101,5.0,01001101110110111101
65,5.0,01001101110110111101,5.0,01001101110110111101
65,5.0,01001101110110111101,5.0,01001101110110111101
65,5.0,01001101110110111101,5.0,01001101110110111101
65,5.0,01001101110110111101,5.0,01001101110110111101
65,5.0,01001101110110111101,5.0,01001101110110111101
65,5.0,01001101110110111101,5.0,01001101110110111101
65,5.0,01001101110110111101,5.0,01001101110110111101
65,5.0,01001101110110111101,5.0,01001101110110111101
65,5.0,01001101110110111101,5.0,01001101110110111101
65,5.0,01001101110110111101,5.0,01001101110110111101
65,5.0,01001101110110111101,5.0,01001101110110111101
65,5.0,01001101110110111101,5.0,01001101110110111101
65,5.0,01001101110110111101,5.0,01001101110110111101
65,5.0,01001101110110111101,5.0,01001101110110111101
65,5.0,01001101110110111101,5.0,01001101110110111101
65,5.0,01001101110110111101,5.0,01001101110110111101
65,5.0,01001101110110111101,5.0,01001101110110111101
65,5.0,01001101110110111101,5.0,01001101110110111101
65,5.0,01001101110110111101,5.0,01001101110110111101
65,5.0,01001101110110111101,5.0,01001101110110111101
65,5.0,01001101110110111101,5.0,01001101110110111101
65,5.0,01001101110110111101,5.0,01001101110110111101
65,5.0,01001101110110111101,5.0,01001101110110111101
65,5.0,01001101110110111101,5.0,01001101110110111101
65,5.0,01001101110110111101,5.0,01001101110110111101
65,5.0,01001101110110111101,5.0,01001101110110111101
65,5.0,01001101110110111101,5.0,01001101110110111101
65,5.0,01001101110110111101,5.0,01001101110110111101
65,5.0,01001101110110111101,5.0,01001101110110111101
65,5.0,01001101110110111101,5.0,01001101110110111101
65,5.0,01001101110110111101,5.0,01001101110110111101
65,5.0,01001101110110111101,5.0,01001101110110111101
65,5.0,01001101110110111101,5.0,01001101110110111101
65,5.0,01001101110110111101,5.0,01001101110110111101
65,5.0,01001101110110111101,5.0,01001101110110111101
65,5.0,01001101110110111101,5.0,01001101110110111101
65,5.0,01001101110110111101,5.0,01001101110110111101
65,5.0,01001101110110111101,5.0,01001101110110111101
65,5.0,01001101110110111101,5.0,01001101110110111101
66,11435.0,10000110101101010101,11435.0,10000110101101010101
66,11435.0,10000110101101010101,10359.0,10101010111101000001
66,10359.0,10101010111101000001,5831.0,11101110011001000001
66,5831.0,11101110011001000001,4629.0,11100110011000101000
66,4629.0,11100110011000101000,3761.0,01101011111000100001
66,3761.0,01101011111000100001,3761.0,01101111001000110001
66,3761.0,01101111001000110001,3301.0,01010111101000100001
66,3301.0,01010111101000100001,3281.0,01111111100000100011
66,3281.0,01111111100000100011,3281.0,01111111100000100011
66,3281.0,01111111100000100011,3281.0,01111111100000100011
66,3281.0,01111111100000100011,3281.0,01111111100000100011
66,3281.0,01111111100000100011,255.0,01111111000010100010
66,255.0,01111111000010100010,255.0,01111111000010100010
66,255.0,01111111000010100010,217.0,11010010000110110111
66,217.0,11010010000110110111,217.0,11010010000110110111
66,217.0,11010010000110110111,153.0,10010011000110100110
66,153.0,10010011000110100110,153.0,10010011000110100110
66,153.0,10010011000110100110,153.0,10010011000110100110
66,153.0,10010011000110100110,153.0,10010011000110100110
66,153.0,10010011000110100110,85.0,00010011001010100111
66,85.0,00010011001010100111,85.0,00010011001010100111
66,85.0,00010011001010100111,85.0,00010011001010100111
66,85.0,00010011001010100111,85.0,00010011001010100111
66,85.0,00010011001010100111,85.0,00010011001010100111
66,85.0,00010011001010100111,5.0,00011111001000101011
66,5.0,00011111001000101011,5.0,00011111001000101011
66,5.0,00011111001000101011,5.0,00011111001000101011
66,5.0,00011111001000101011,5.0,00011111001000101011
66,5.0,00011111001000101011,5.0,00011111001000101011
66,5.0,00011111001000101011,5.0,00011111001000101011
66,5.0,00011111001000101011,5.0,00011111001000101011
66,5.0,00011111001000101011,5.0,00011111001000101011
66,5.0,00011111001000101011,5.0,00011111001000101011
66,5.0,00011111001000101011,5.0,00011111001000101011
66,5.0,00011111001000101011,5.0,00011111001000101011
66,5.0,00011111001000101011,5.0,00011111001000101011
66,5.0,00011111001000101011,5.0,00011111001000101011
66,5.0,00011111001000101011,5.0,00011111001000101011
66,5.0,00011111001000101011,5.0,00011111001000101011
66,5.0,00011111001000101011,5.0,00011111001000101011
66,5.0,00011111001000101011,5.0,00011111001000101011
66,5.0,00011111001000101011,5.0,00011111001000101011
66,5.0,00011111001000101011,5.0,00011111001000101011
66,5.0,00011111001000101011,5.0,00011111001000101011
66,5.0,00011111001000101011,5.0,00011111001000101011
66,5.0,00011111001000101011,5.0,00011111001000101011
66,5.0,00011111001000101011,5.0,00011111001000101011
66,5.0,00011111001000101011,5.0,00011111001000101011
66,5.0,00011111001000101011,5.0,00011111001000101011
66,5.0,00011111001000101011,5.0,00011111001000101011
66,5.0,00011111001000101011,5.0,00011111001000101011
66,5.0,00011111001000101011,5.0,00011111001000101011
66,5.0,00011111001000101011,5.0,00011111001000101011
66,5.0,00011111001000101011,5.0,00011111001000101011
66,5.0,00011111001000101011,5.0,00011111001000101011
66,5.0,00011111001000101011,5.0,00011111001000101011
66,5.0,00011111001000101011,5.0,00011111001000101011
66,5.0,00011111001000101011,5.0,00011111001000101011
66,5.0,00011111001000101011,5.0,00011111001000101011
66,5.0,00011111001000101011,5.0,00011111001000101011
66,5.0,00011111001000101011,5.0,00011111001000101011
66,5.0,00011111001000101011,5.0,00011111001000101011
66,5.0,00011111001000101011,5.0,00011111001000101011
66,5.0,00011111001000101011,5.0,00011111001000101011
66,5.0,00011111001000101011,5.0,00011111001000101011
66,5.0,00011111001000101011,5.0,00011111001000101011
66,5.0,00011111001000101011,5.0,00011111001000101011
66,5.0,00011111001000101011,5.0,00011111001000101011
66,5.0,00011111001000101011,5.0,00011111001000101011
66,5.0,00011111001000101011,5.0,00011111001000101011
66,5.0,00011111001000101011,5.0,00011111001000101011
66,5.0,00011111001000101011,5.0,00011111001000101011
67,1189.0,00110011001000010001,253.0,10110101001000001000
67,253.0,10110101001000001000,253.0,10110101001000001000
67,253.0,10110101001000001000,253.0,10110101001000001000
67,253.0,10110101001000001000,253.0,10110101001000001000
67,253.0,10110101001000001000,253.0,10110101001000001000
67,253.0,10110101001000001000,253.0,10110101001000001000
67,253.0,10110101001000001000,253.0,10110101001000001000
67,253.0,10110101001000001000,253.0,10110101001000001000
67,253.0,10110101001000001000,91.0,10111100001001001010
67,91.0,10111100001001001010,5.0,10110010001001000010
67,5.0,10110010001001000010,5.0,10110010001001000010
67,5.0,10110010001001000010,5.0,10110010001001000010
67,5.0,10110010001001000010,5.0,10110010001001000010
67,5.0,10110010001001000010,5.0,10110010001001000010
67,5.0,10110010001001000010,5.0,10110010001001000010
67,5.0,10110010001001000010,5.0,10110010001001000010
67,5.0,10110010001001000010,5.0,10110010001001000010
67,5.0,10110010001001000010,5.0,10110010001001000010
67,5.0,10110010001001000010,5.0,10110010001001000010
67,5.0,10110010001001000010,5.0,10110010001001000010
67,5.0,10110010001001000010,5.0,10110010001001000010
67,5.0,10110010001001000010,5.0,10110010001001000010
67,5.0,10110010001001000010,5.0,10110010001001000010
67,5.0,10110010001001000010,5.0,10110010001001000010
67,5.0,10110010001001000010,5.0,10110010001001000010
67,5.0,10110010001001000010,5.0,10110010001001000010
67,5.0,10110010001001000010,5.0,10110010001001000010
67,5.0,10110010001001000010,5.0,10110010001001000010
67,5.0,10110010001001000010,5.0,10110010001001000010
67,5.0,10110010001001000010,5.0,10110010001001000010
67,5.0,10110010001001000010,5.0,10110010001001000010
67,5.0,10110010001001000010,5.0,10110010001001000010
67,5.0,10110010001001000010,5.0,10110010001001000010
67,5.0,10110010001001000010,5.0,10110010001001000010
67,5.0,10110010001001000010,5.0,10110010001001000010
67,5.0,10110010001001000010,5.0,10110010001001000010
67,5.0,10110010001001000010,5.0,10110010001001000010
67,5.0,10110010001001000010,5.0,10110010001001000010
67,5.0,10110010001001000010,5.0,10110010001001000010
67,5.0,10110010001001000010,5.0,10110010001001000010
67,5.0,10110010001001000010,5.0,10110010001001000010
67,5.0,10110010001001000010,5.0,10110010001001000010
67,5.0,10110010001001000010,5.0,10110010001001000010
67,5.0,10110010001001000010,5.0,10110010001001000010
67,5.0,10110010001001000010,5.0,10110010001001000010
67,5.0,10110010001001000010,5.0,10110010001001000010
67,5.0,10110010001001000010,5.0,10110010001001000010
67,5.0,10110010001001000010,5.0,10110010001001000010
67,5.0,10110010001001000010,5.0,10110010001001000010
67,5.0,10110010001001000010,5.0,10110010001001000010
67,5.0,10110010001001000010,5.0,10110010001001000010
67,5.0,10110010001001000010,5.0,10110010001001000010
67,5.0,10110010001001000010,5.0,10110010001001000010
67,5.0,10110010001001000010,5.0,10110010001001000010
67,5.0,10110010001001000010,5.0,10110010001001000010
67,5.0,10110010001001000010,5.0,10110010001001000010
67,5.0,10110010001001000010,5.0,10110010001001000010
67,5.0,10110010001001000010,5.0,10110010001001000010
67,5.0,10110010001001000010,5.0,10110010001001000010
67,5.0,10110010001001000010,5.0,10110010001001000010
68,10153.0,00010001010110111101,7303.0,01011001010110111001
68,7303.0,01011001010110111001,7303.0,01011001010110111001
68,7303.0,01011001010110111001,283.0,01011001110110011001
68,283.0,01011001110110011001,283.0,01011001110110011001
68,283.0,01011001110110011001,283.0,01011001110110011001
68,283.0,01011001110110011001,283.0,01011001110110011001
68,283.0,01011001110110011001,283.0,01011001110110011001
68,283.0,01011001110110011001,283.0,01011001110110011001
68,283.0,01011001110110011001,283.0,01011001110110011001
68,283.0,01011001110110011001,283.0,01011001110110011001
68,283.0,01011001110110011001,283.0,01011001110110011001
68,283.0,01011001110110011001,283.0,01011001110110011001
68,283.0,01011001110110011001,283.0,01011001110110011001
68,283.0,01011001110110011001,283.0,01011001110110011001
68,283.0,01011001110110011001,283.0,01011001110110011001
68,283.0,01011001110110011001,283.0,01011001110110011001
68,283.0,01011001110110011001,283.0,01011001110110011001
68,283.0,01011001110110011001,283.0,01011001110110011001
68,283.0,01011001110110011001,283.0,01011001110110011001
68,283.0,01011001110110011001,283.0,01011001110110011001
68,283.0,01011001110110011001,283.0,01011001110110011001
68,283.0,01011001110110011001,283.0,01011001110110011001
68,283.0,01011001110110011001,283.0,01011001110110011001
68,283.0,01011001110110011001,283.0,01011001110110011001
68,283.0,01011001110110011001,283.0,01011001110110011001
68,283.0,01011001110110011001,17.0,01000101111110011000
68,17.0,01000101111110011000,17.0,01000101111110011000
68,17.0,01000101111110011000,17.0,01000101111110011000
68,17.0,01000101111110011000,17.0,01000101111110011000
68,17.0,01000101111110011000,5.0,01001101110110111101
68,5.0,01001101110110111101,5.0,01001101110110111101
68,5.0,01001101110110111101,5.0,01001101110110111101
68,5.0,01001101110110111101,5.0,01001101110110111101
68,5.0,01001101110110111101,5.0,01001101110110111101
68,5.0,01001101110110111101,5.0,01001101110110111101
68,5.0,01001101110110111101,5.0,01001101110110111101
68,5.0,01001101110110111101,5.0,01001101110110111101
68,5.0,01001101110110111101,5.0,01001101110110111101
68,5.0,01001101110110111101,5.0,01001101110110111101
68,5.0,01001101110110111101,5.0,01001101110110111101
68,5.0,01001101110110111101,5.0,01001101110110111101
68,5.0,01001101110110111101,5.0,01001101110110111101
68,5.0,01001101110110111101,5.0,01001101110110111101
68,5.0,01001101110110111101,5.0,01001101110110111101
68,5.0,01001101110110111101,5.0,01001101110110111101
68,5.0,01001101110110111101,5.0,01001101110110111101
68,5.0,01001101110110111101,5.0,01001101110110111101
68,5.0,01001101110110111101,5.0,01001101110110111101
68,5.0,01001101110110111101,5.0,01001101110110111101
68,5.0,01001101110110111101,5.0,01001101110110111101
68,5.0,01001101110110111101,5.0,01001101110110111101
68,5.0,01001101110110111101,5.0,01001101110110111101
68,5.0,01001101110110111101,5.0,01001101110110111101
68,5.0,01001101110110111101,5.0,01001101110110111101
68,5.0,01001101110110111101,5.0,01001101110110111101
68,5.0,01001101110110111101,5.0,01001101110110111101
68,5.0,01001101110110111101,5.0,01001101110110111101
68,5.0,01001101110110111101,5.0,01001101110110111101
68,5.0,01001101110110111101,5.0,01001101110110111101
68,5.0,01001101110110111101,5.0,01001101110110111101
68,5.0,01001101110110111101,5.0,01001101110110111101
68,5.0,01001101110110111101,5.0,01001101110110111101
68,5.0,01001101110110111101,5.0,01001101110110111101
68,5.0,01001101110110111101,5.0,01001101110110111101
68,5.0,01001101110110111101,5.0,01001101110110111101
68,5.0,01001101110110111101,5.0,01001101110110111101
68,5.0,01001101110110111101,5.0,01001101110110111101
68,5.0,01001101110110111101,5.0,01001101110110111101
68,5.0,01001101110110111101,5.0,01001101110110111101
68,5.0,01001101110110111101,5.0,01001101110110111101
68,5.0,01001101110110111101,5.0,01001101110110111101
68,5.0,01001101110110111101,5.0,01001101110110111101
68,5.0,01001101110110111101,5.0,01001101110110111101
68,5.0,01001101110110111101,5.0,01001101110110111101
68,5.0,01001101110110111101,5.0,01001101110110111101
68,5.0,01001101110110111101,5.0,01001101110110111101
68,5.0,01001101110110111101,5.0,01001101110110111101
69,2997.0,11000111010010110110,2815.0,11010110110010010110
69,2815.0,11010110110010010110,581.0,10011010111000010111
69,581.0,10011010111000010111,221.0,10010010111010100101
69,221.0,10010010111010100101,221.0,10010010111010100101
69,221.0,10010010111010100101,221.0,10010010111010100101
69,221.0,10010010111010100101,221.0,10010010111010100101
69,221.0,10010010111010100101,141.0,10011110111000101001
69,141.0,10011110111000101001,141.0,10011110111000101001
69,141.0,10011110111000101001,141.0,10011110111000101001
69,141.0,10011110111000101001,141.0,10011110111000101001
69,141.0,10011110111000101001,141.0,10011110111000101001
69,141.0,10011110111000101001,141.0,10011110111000101001
69,141.0,10011110111000101001,141.0,10011110111000101001
69,141.0,10011110111000101001,141.0,10011110111000101001
69,141.0,10011110111000101001,5.0,00011111001000101011
69,5.0,00011111001000101011,5.0,00011111001000101011
69,5.0,00011111001000101011,5.0,00011111001000101011
69,5.0,00011111001000101011,5.0,00011111001000101011
69,5.0,00011111001000101011,5.0,00011111001000101011
69,5.0,00011111001000101011,5.0,00011111001000101011
69,5.0,00011111001000101011,5.0,00011111001000101011
69,5.0,00011111001000101011,5.0,00011111001000101011
69,5.0,00011111001000101011,5.0,00011111001000101011
69,5.0,00011111001000101011,5.0,00011111001000101011
69,5.0,00011111001000101011,5.0,00011111001000101011
69,5.0,00011111001000101011,5.0,00011111001000101011
69,5.0,00011111001000101011,5.0,00011111001000101011
69,5.0,00011111001000101011,5.0,00011111001000101011
69,5.0,00011111001000101011,5.0,00011111001000101011
69,5.0,00011111001000101011,5.0,00011111001000101011
69,5.0,00011111001000101011,5.0,00011111001000101011
69,5.0,00011111001000101011,5.0,00011111001000101011
69,5.0,00011111001000101011,5.0,00011111001000101011
69,5.0,00011111001000101011,5.0,00011111001000101011
69,5.0,00011111001000101011,5.0,00011111001000101011
69,5.0,00011111001000101011,5.0,00011111001000101011
69,5.0,00011111001000101011,5.0,00011111001000101011
69,5.0,00011111001000101011,5.0,00011111001000101011
69,5.0,00011111001000101011,5.0,00011111001000101011
69,5.0,00011111001000101011,5.0,00011111001000101011
69,5.0,00011111001000101011,5.0,00011111001000101011
69,5.0,00011111001000101011,5.0,00011111001000101011
69,5.0,00011111001000101011,5.0,00011111001000101011
69,5.0,00011111001000101011,5.0,00011111001000101011
69,5.0,00011111001000101011,5.0,00011111001000101011
69,5.0,00011111001000101011,5.0,00011111001000101011
69,5.0,00011111001000101011,5.0,00011111001000101011
69,5.0,00011111001000101011,5.0,00011111001000101011
69,5.0,00011111001000101011,5.0,00011111001000101011
69,5.0,00011111001000101011,5.0,00011111001000101011
69,5.0,00011111001000101011,5.0,00011111001000101011
69,5.0,00011111001000101011,5.0,00011111001000101011
69,5.0,00011111001000101011,5.0,00011111001000101011
69,5.0,00011111001000101011,5.0,00011111001000101011
69,5.0,00011111001000101011,5.0,00011111001000101011
69,5.0,00011111001000101011,5.0,00011111001000101011
69,5.0,00011111001000101011,5.0,00011111001000101011
69,5.0,00011111001000101011,5.0,00011111001000101011
69,5.0,00011111001000101011,5.0,00011111001000101011
69,5.0,00011111001000101011,5.0,00011111001000101011
69,5.0,00011111001000101011,5.0,00011111001000101011
69,5.0,00011111001000101011,5.0,00011111001000101011
69,5.0,00011111001000101011,5.0,00011111001000101011
69,5.0,00011111001000101011,5.0,00011111001000101011
69,5.0,00011111001000101011,5.0,00011111001000101011
69,5.0,00011111001000101011,5.0,00011111001000101011
69,5.0,00011111001000101011,5.0,00011111001000101011
70,31707.0,01001101101001011011,28479.0,01001010101011011011
70,28479.0,01001010101011011011,403.0,01000010101101011001
70,403.0,01000010101101011001,171.0,01001111110100111001
70,171.0,01001111110100111001,171.0,01001111110100111001
70,171.0,01001111110100111001,171.0,01001111110100111001
70,171.0,01001111110100111001,171.0,01001111110100111001
70,171.0,01001111110100111001,171.0,01001111110100111001
70,171.0,01001111110100111001,5.0,01001101110110111101
70,5.0,01001101110110111101,5.0,01001101110110111101
70,5.0,01001101110110111101,5.0,01001101110110111101
70,5.0,01001101110110111101,5.0,01001101110110111101
70,5.0,01001101110110111101,5.0,01001101110110111101
70,5.0,01001101110110111101,5.0,01001101110110111101
70,5.0,01001101110110111101,5.0,01001101110110111101
70,5.0,01001101110110111101,5.0,01001101110110111101
70,5.0,01001101110110111101,5.0,01001101110110111101
70,5.0,01001101110110111101,5.0,01001101110110111101
70,5.0,01001101110110111101,5.0,01001101110110111101
70,5.0,01001101110110111101,5.0,01001101110110111101
70,5.0,01001101110110111101,5.0,01001101110110111101
70,5.0,01001101110110111101,5.0,01001101110110111101
70,5.0,01001101110110111101,5.0,01001101110110111101
70,5.0,01001101110110111101,5.0,01001101110110111101
70,5.0,01001101110110111101,5.0,01001101110110111101
70,5.0,01001101110110111101,5.0,01001101110110111101
70,5.0,01001101110110111101,5.0,01001101110110111101
70,5.0,01001101110110111101,5.0,01001101110110111101
70,5.0,01001101110110111101,5.0,01001101110110111101
70,5.0,01001101110110111101,5.0,01001101110110111101
70,5.0,01001101110110111101,5.0,01001101110110111101
70,5.0,01001101110110111101,5.0,01001101110110111101
70,5.0,01001101110110111101,5.0,01001101110110111101
70,5.0,01001101110110111101,5.0,01001101110110111101
70,5.0,01001101110110111101,5.0,01001101110110111101
70,5.0,01001101110110111101,5.0,01001101110110111101
70,5.0,01001101110110111101,5.0,01001101110110111101
70,5.0,01001101110110111101,5.0,01001101110110111101
70,5.0,01001101110110111101,5.0,01001101110110111101
70,5.0,01001101110110111101,5.0,01001101110110111101
70,5.0,01001101110110111101,5.0,01001101110110111101
70,5.0,01001101110110111101,5.0,01001101110110111101
70,5.0,01001101110110111101,5.0,01001101110110111101
70,5.0,01001101110110111101,5.0,01001101110110111101
70,5.0,01001101110110111101,5.0,01001101110110111101
70,5.0,01001101110110111101,5.0,01001101110110111101
70,5.0,01001101110110111101,5.0,01001101110110111101
70,5.0,01001101110110111101,5.0,01001101110110111101
70,5.0,01001101110110111101,5.0,01001101110110111101
70,5.0,01001101110110111101,5.0,01001101110110111101
70,5.0,01001101110110111101,5.0,01001101110110111101
70,5.0,01001101110110111101,5.0,01001101110110111101
70,5.0,01001101110110111101,5.0,01001101110110111101
70,5.0,01001101110110111101,5.0,01001101110110111101
71,26483.0,10001111110011001001,9147.0,10001110101011011001
71,9147.0,10001110101011011001,8963.0,10000110011011011000
71,8963.0,10000110011011011000,8499.0,10100010101011010011
71,8499.0,10100010101011010011,8499.0,10100010101011010011
71,8499.0,10100010101011010011,819.0,10100000101011111001
71,819.0,10100000101011111001,819.0,10100000101011111001
71,819.0,10100000101011111001,819.0,10100000101011111001
71,819.0,10100000101011111001,819.0,10100000101011111001
71,819.0,10100000101011111001,819.0,10100000101011111001
71,819.0,10100000101011111001,639.0,10100110101011100011
71,639.0,10100110101011100011,283.0,10100110001001100110
71,283.0,10100110001001100110,283.0,10100110001001100110
71,283.0,10100110001001100110,283.0,10100110001001100110
71,283.0,10100110001001100110,283.0,10100110001001100110
71,283.0,10100110001001100110,283.0,10100110001001100110
71,283.0,10100110001001100110,17.0,10111010000001100111
71,17.0,10111010000001100111,17.0,10111010000001100111
71,17.0,10111010000001100111,17.0,10111010000001100111
71,17.0,10111010000001100111,17.0,10111010000001100111
71,17.0,10111010000001100111,17.0,10111010000001100111
71,17.0,10111010000001100111,17.0,10111010000001100111
71,17.0,10111010000001100111,17.0,10111010000001100111
71,17.0,10111010000001100111,17.0,10111010000001100111
71,17.0,10111010000001100111,17.0,10111010000001100111
71,17.0,10111010000001100111,17.0,10111010000001100111
71,17.0,10111010000001100111,17.0,10111010000001100111
71,17.0,10111010000001100111,17.0,10111010000001100111
71,17.0,10111010000001100111,17.0,10111010000001100111
71,17.0,10111010000001100111,17.0,10111010000001100111
71,17.0,10111010000001100111,17.0,10111010000001100111
71,17.0,10111010000001100111,17.0,10111010000001100111
71,17.0,10111010000001100111,17.0,10111010000001100111
71,17.0,10111010000001100111,17.0,10111010000001100111
71,17.0,10111010000001100111,5.0,10110010001001000010
71,5.0,10110010001001000010,5.0,10110010001001000010
71,5.0,10110010001001000010,5.0,10110010001001000010
71,5.0,10110010001001000010,5.0,10110010001001000010
71,5.0,10110010001001000010,5.0,10110010001001000010
71,5.0,10110010001001000010,5.0,10110010001001000010
71,5.0,10110010001001000010,5.0,10110010001001000010
71,5.0,10110010001001000010,5.0,10110010001001000010
71,5.0,10110010001001000010,5.0,10110010001001000010
71,5.0,10110010001001000010,5.0,10110010001001000010
71,5.0,10110010001001000010,5.0,10110010001001000010
71,5.0,10110010001001000010,5.0,10110010001001000010
71,5.0,10110010001001000010,5.0,10110010001001000010
71,5.0,10110010001001000010,5.0,10110010001001000010
71,5.0,10110010001001000010,5.0,10110010001001000010
71,5.0,10110010001001000010,5.0,10110010001001000010
71,5.0,10110010001001000010,5.0,10110010001001000010
71,5.0,10110010001001000010,5.0,10110010001001000010
71,5.0,10110010001001000010,5.0,10110010001001000010
71,5.0,10110010001001000010,5.0,10110010001001000010
71,5.0,10110010001001000010,5.0,10110010001001000010
71,5.0,10110010001001000010,5.0,10110010001001000010
71,5.0,10110010001001000010,5.0,10110010001001000010
71,5.0,10110010001001000010,5.0,10110010001001000010
71,5.0,10110010001001000010,5.0,10110010001001000010
71,5.0,10110010001001000010,5.0,10110010001001000010
71,5.0,10110010001001000010,5.0,10110010001001000010
71,5.0,10110010001001000010,5.0,10110010001001000010
71,5.0,10110010001001000010,5.0,10110010001001000010
71,5.0,10110010001001000010,5.0,10110010001001000010
71,5.0,10110010001001000010,5.0,10110010001001000010
71,5.0,10110010001001000010,5.0,10110010001001000010
71,5.0,10110010001001000010,5.0,10110010001001000010
71,5.0,10110010001001000010,5.0,10110010001001000010
71,5.0,10110010001001000010,5.0,10110010001001000010
71,5.0,10110010001001000010,5.0,10110010001001000010
71,5.0,10110010001001000010,5.0,10110010001001000010
71,5.0,10110010001001000010,5.0,10110010001001000010
71,5.0,10110010001001000010,5.0,10110010001001000010
71,5.0,10110010001001000010,5.0,10110010001001000010
71,5.0,10110010001001000010,5.0,10110010001001000010
71,5.0,10110010001001000010,5.0,10110010001001000010
71,5.0,10110010001001000010,5.0,10110010001001000010
71,5.0,10110010001001000010,5.0,10110010001001000010
71,5.0,10110010001001000010,5.0,10110010001001000010
71,5.0,10110010001001000010,5.0,10110010001001000010
71,5.0,10110010001001000010,5.0,10110010001001000010
71,5.0,10110010001001000010,5.0,10110010001001000010
71,5.0,10110010001001000010,5.0,10110010001001000010
72,149.0,10100110000101111001,149.0,10100110000101111001
72,149.0,10100110000101111001,149.0,10100110000101111001
72,149.0,10100110000101111001,149.0,10100110000101111001
72,149.0,10100110000101111001,149.0,10100110000101111001
72,149.0,10100110000101111001,149.0,10100110000101111001
72,149.0,10100110000101111001,149.0,10100110000101111001
72,149.0,10100110000101111001,149.0,10100110000101111001
72,149.0,10100110000101111001,149.0,10100110000101111001
72,149.0,10100110000101111001,149.0,10100110000101111001
72,149.0,10100110000101111001,149.0,10100110000101111001
72,149.0,10100110000101111001,149.0,10100110000101111001
72,149.0,10100110000101111001,149.0,10100110000101111001
72,149.0,10100110000101111001,149.0,10100110000101111001
72,149.0,10100110000101111001,149.0,10100110000101111001
72,149.0,10100110000101111001,149.0,10100110000101111001
72,149.0,10100110000101111001,149.0,10100110000101111001
72,149.0,10100110000101111001,149.0,10100110000101111001
72,149.0,10100110000101111001,149.0,10100110000101111001
72,149.0,10100110000101111001,149.0,10100110000101111001
72,149.0,10100110000101111001,149.0,10100110000101111001
72,149.0,10100110000101111001,149.0,10100110000101111001
72,149.0,10100110000101111001,149.0,10100110000101111001
73,5685.0,01100011100001000111,291.0,00101011110001100101
73,291.0,00101011110001100101,291.0,00101011110001100101
73,291.0,00101011110001100101,291.0,00101011110001100101
73,291.0,00101011110001100101,291.0,00101011110001100101
73,291.0,00101011110001100101,291.0,00101011110001100101
73,291.0,00101011110001100101,291.0,00101011110001100101
73,291.0,00101011110001100101,291.0,00101011110001100101
73,291.0,00101011110001100101,291.0,00101011110001100101
73,291.0,00101011110001100101,291.0,00101011110001100101
73,291.0,00101011110001100101,291.0,00101011110001100101
73,291.0,00101011110001100101,291.0,00101011110001100101
73,291.0,00101011110001100101,291.0,00101011110001100101
73,291.0,00101011110001100101,291.0,00100101100001111100
73,291.0,00100101100001111100,291.0,00100101100001111100
73,291.0,00100101100001111100,291.0,00100101100001111100
73,291.0,00100101100001111100,291.0,00100101100001111100
73,291.0,00100101100001111100,291.0,00100101100001111100
73,291.0,00100101100001111100,13.0,00110001100001011000
73,13.0,00110001100001011000,13.0,00110001100001011000
73,13.0,00110001100001011000,13.0,00110001100001011000
73,13.0,00110001100001011000,13.0,00110001100001011000
73,13.0,00110001100001011000,13.0,00110001100001011000
73,13.0,00110001100001011000,13.0,00110001100001011000
73,13.0,00110001100001011000,13.0,00110001100001011000
73,13.0,00110001100001011000,13.0,00110001100001011000
73,13.0,00110001100001011000,13.0,00110001100001011000
73,13.0,00110001100001011000,13.0,00110001100001011000
73,13.0,00110001100001011000,13.0,00110001100001011000
73,13.0,00110001100001011000,13.0,00110001100001011000
73,13.0,00110001100001011000,13.0,00110001100001011000
73,13.0,00110001100001011000,13.0,00110001100001011000
73,13.0,00110001100001011000,13.0,00110001100001011000
73,13.0,00110001100001011000,13.0,00110001100001011000
73,13.0,00110001100001011000,13.0,00110001100001011000
73,13.0,00110001100001011000,13.0,00110001100001011000
73,13.0,00110001100001011000,13.0,00110001100001011000
73,13.0,00110001100001011000,13.0,00110001100001011000
73,13.0,00110001100001011000,13.0,00110001100001011000
73,13.0,00110001100001011000,13.0,00110001100001011000
73,13.0,00110001100001011000,13.0,00110001100001011000
73,13.0,00110001100001011000,13.0,00110001100001011000
73,13.0,00110001100001011000,13.0,00110001100001011000
73,13.0,00110001100001011000,13.0,00110001100001011000
73,13.0,00110001100001011000,13.0,00110001100001011000
73,13.0,00110001100001011000,13.0,00110001100001011000
73,13.0,00110001100001011000,13.0,00110001100001011000
73,13.0,00110001100001011000,13.0,00110001100001011000
73,13.0,00110001100001011000,13.0,00110001100001011000
73,13.0,00110001100001011000,13.0,00110001100001011000
73,13.0,00110001100001011000,13.0,00110001100001011000
73,13.0,00110001100001011000,13.0,00110001100001011000
74,5.0,01001101110110111101,5.0,01001101110110111101
74,5.0,01001101110110111101,5.0,01001101110110111101
74,5.0,01001101110110111101,5.0,01001101110110111101
74,5.0,01001101110110111101,5.0,01001101110110111101
74,5.0,01001101110110111101,5.0,01001101110110111101
74,5.0,01001101110110111101,5.0,01001101110110111101
74,5.0,01001101110110111101,5.0,01001101110110111101
74,5.0,01001101110110111101,5.0,01001101110110111101
74,5.0,01001101110110111101,5.0,01001101110110111101
74,5.0,01001101110110111101,5.0,01001101110110111101
74,5.0,01001101110110111101,5.0,01001101110110111101
74,5.0,01001101110110111101,5.0,01001101110110111101
74,5.0,01001101110110111101,5.0,01001101110110111101
74,5.0,01001101110110111101,5.0,01001101110110111101
74,5.0,01001101110110111101,5.0,01001101110110111101
74,5.0,01001101110110111101,5.0,01001101110110111101
74,5.0,01001101110110111101,5.0,01001101110110111101
74,5.0,01001101110110111101,5.0,01001101110110111101
74,5.0,01001101110110111101,5.0,01001101110110111101
74,5.0,01001101110110111101,5.0,01001101110110111101
74,5.0,01001101110110111101,5.0,01001101110110111101
74,5.0,01001101110110111101,5.0,01001101110110111101
74,5.0,01001101110110111101,5.0,01001101110110111101
74,5.0,01001101110110111101,5.0,01001101110110111101
74,5.0,01001101110110111101,5.0,01001101110110111101
74,5.0,01001101110110111101,5.0,01001101110110111101
74,5.0,01001101110110111101,5.0,01001101110110111101
74,5.0,01001101110110111101,5.0,01001101110110111101
74,5.0,01001101110110111101,5.0,01001101110110111101
74,5.0,01001101110110111101,5.0,01001101110110111101
74,5.0,01001101110110111101,5.0,01001101110110111101
74,5.0,01001101110110111101,5.0,01001101110110111101
74,5.0,01001101110110111101,5.0,01001101110110111101
74,5.0,01001101110110111101,5.0,01001101110110111101
74,5.0,01001101110110111101,5.0,01001101110110111101
74,5.0,01001101110110111101,5.0,01001101110110111101
74,5.0,01001101110110111101,5.0,01001101110110111101
74,5.0,01001101110110111101,5.0,01001101110110111101
74,5.0,01001101110110111101,5.0,01001101110110111101
74,5.0,01001101110110111101,5.0,01001101110110111101
74,5.0,01001101110110111101,5.0,01001101110110111101
74,5.0,01001101110110111101,5.0,01001101110110111101
74,5.0,01001101110110111101,5.0,01001101110110111101
74,5.0,01001101110110111101,5.0,01001101110110111101
74,5.0,01001101110110111101,5.0,01001101110110111101
74,5.0,01001101110110111101,5.0,01001101110110111101
74,5.0,01001101110110111101,5.0,01001101110110111101
75,11481.0,11100010001110001000,237.0,11011110100110101000
75,237.0,11011110100110101000,237.0,11011110100110101000
75,237.0,11011110100110101000,237.0,11011110100110101000
75,237.0,11011110100110101000,137.0,11011110000100111011
75,137.0,11011110000100111011,137.0,11011110000100111011
75,137.0,11011110000100111011,137.0,11011110000100111011
75,137.0,11011110000100111011,137.0,11011110000100111011
75,137.0,11011110000100111011,137.0,11011110000100111011
75,137.0,11011110000100111011,137.0,11011110000100111011
75,137.0,11011110000100111011,137.0,11011110000100111011
75,137.0,11011110000100111011,137.0,11011110000100111011
75,137.0,11011110000100111011,137.0,11011110000100111011
75,137.0,11011110000100111011,137.0,11011110000100111011
75,137.0,11011110000100111011,137.0,11011110000100111011
75,137.0,11011110000100111011,137.0,11011110000100111011
75,137.0,11011110000100111011,137.0,11011110000100111011
75,137.0,11011110000100111011,137.0,11011110000100111011
75,137.0,11011110000100111011,137.0,11011110000100111011
75,137.0,11011110000100111011,137.0,11011110000100111011
75,137.0,11011110000100111011,137.0,11011110000100111011
75,137.0,11011110000100111011,137.0,11011110000100111011
75,137.0,11011110000100111011,137.0,11011110000100111011
75,137.0,11011110000100111011,137.0,11011110000100111011
75,137.0,11011110000100111011,137.0,11011110000100111011
75,137.0,11011110000100111011,73.0,10011111000100101010
75,73.0,10011111000100101010,73.0,10011111000100101010
75,73.0,10011111000100101010,73.0,10011111000100101010
75,73.0,10011111000100101010,73.0,10011111000100101010
75,73.0,10011111000100101010,73.0,10011111000100101010
75,73.0,10011111000100101010,73.0,10011111000100101010
75,73.0,10011111000100101010,5.0,00011111001000101011
75,5.0,00011111001000101011,5.0,00011111001000101011
75,5.0,00011111001000101011,5.0,00011111001000101011
75,5.0,00011111001000101011,5.0,00011111001000101011
75,5.0,00011111001000101011,5.0,00011111001000101011
75,5.0,00011111001000101011,5.0,00011111001000101011
75,5.0,00011111001000101011,5.0,00011111001000101011
75,5.0,00011111001000101011,5.0,00011111001000101011
75,5.0,00011111001000101011,5.0,00011111001000101011
75,5.0,00011111001000101011,5.0,00011111001000101011
75,5.0,00011111001000101011,5.0,00011111001000101011
75,5.0,00011111001000101011,5.0,00011111001000101011
75,5.0,00011111001000101011,5.0,00011111001000101011
75,5.0,00011111001000101011,5.0,00011111001000101011
75,5.0,00011111001000101011,5.0,00011111001000101011
75,5.0,00011111001000101011,5.0,00011111001000101011
75,5.0,00011111001000101011,5.0,00011111001000101011
75,5.0,00011111001000101011,5.0,00011111001000101011
75,5.0,00011111001000101011,5.0,00011111001000101011
75,5.0,00011111001000101011,5.0,00011111001000101011
75,5.0,00011111001000101011,5.0,00011111001000101011
75,5.0,00011111001000101011,5.0,00011111001000101011
75,5.0,00011111001000101011,5.0,00011111001000101011
75,5.0,00011111001000101011,5.0,00011111001000101011
75,5.0,00011111001000101011,5.0,00011111001000101011
75,5.0,00011111001000101011,5.0,00011111001000101011
75,5.0,00011111001000101011,5.0,00011111001000101011
75,5.0,00011111001000101011,5.0,00011111001000101011
75,5.0,00011111001000101011,5.0,00011111001000101011
75,5.0,00011111001000101011,5.0,00011111001000101011
75,5.0,00011111001000101011,5.0,00011111001000101011
75,5.0,00011111001000101011,5.0,00011111001000101011
75,5.0,00011111001000101011,5.0,00011111001000101011
75,5.0,00011111001000101011,5.0,00011111001000101011
76,73939.0,00000011011011100100,25909.0,00000110001111101100
76,25909.0,00000110001111101100,16183.0,00001010011101101101
76,16183.0,00001010011101101101,5461.0,00011110110101101011
76,5461.0,00011110110101101011,5461.0,00011110110101101011
76,5461.0,00011110110101101011,2769.0,01011110110001101001
76,2769.0,01011110110001101001,11.0,01011110010101001011
76,11.0,01011110010101001011,11.0,01011110010101001011
76,11.0,01011110010101001011,11.0,01011110010101001011
76,11.0,01011110010101001011,11.0,01011110010101001011
76,11.0,01011110010101001011,11.0,01011110010101001011
76,11.0,01011110010101001011,11.0,01011110010101001011
76,11.0,01011110010101001011,11.0,01011110010101001011
76,11.0,01011110010101001011,11.0,01011110010101001011
76,11.0,01011110010101001011,11.0,01011110010101001011
76,11.0,01011110010101001011,11.0,01011110010101001011
76,11.0,01011110010101001011,11.0,01011110010101001011
76,11.0,01011110010101001011,11.0,01011110010101001011
76,11.0,01011110010101001011,11.0,01011110010101001011
76,11.0,01011110010101001011,11.0,01011110010101001011
76,11.0,01011110010101001011,11.0,01011110010101001011
76,11.0,01011110010101001011,11.0,01011110010101001011
76,11.0,01011110010101001011,11.0,01011110010101001011
76,11.0,01011110010101001011,11.0,01011110010101001011
76,11.0,01011110010101001011,11.0,01011110010101001011
76,11.0,01011110010101001011,11.0,01011110010101001011
76,11.0,01011110010101001011,11.0,01011110010101001011
76,11.0,01011110010101001011,11.0,01011110010101001011
76,11.0,01011110010101001011,11.0,01011110010101001011
76,11.0,01011110010101001011,11.0,01011110010101001011
76,11.0,01011110010101001011,11.0,01011110010101001011
76,11.0,01011110010101001011,11.0,01011110010101001011
76,11.0,01011110010101001011,11.0,01011110010101001011
76,11.0,01011110010101001011,11.0,01011110010101001011
76,11.0,01011110010101001011,11.0,01011110010101001011
76,11.0,01011110010101001011,11.0,01011110010101001011
76,11.0,01011110010101001011,11.0,01011110010101001011
76,11.0,01011110010101001011,11.0,01011110010101001011
76,11.0,01011110010101001011,11.0,01011110010101001011
76,11.0,01011110010101001011,11.0,01011110010101001011
76,11.0,01011110010101001011,11.0,01011110010101001011
76,11.0,01011110010101001011,11.0,01011110010101001011
76,11.0,01011110010101001011,11.0,01011110010101001011
77,15741.0,01001101010011011111,10209.0,01001001001001011100
77,10209.0,01001001001001011100,783.0,01001001111000111100
77,783.0,01001001111000111100,783.0,01001001111000111100
77,783.0,01001001111000111100,783.0,01001001111000111100
77,783.0,01001001111000111100,783.0,01001001111000111100
77,783.0,01001001111000111100,239.0,01101001110000111111
77,239.0,01101001110000111111,239.0,01101001110000111111
77,239.0,01101001110000111111,239.0,01101001110000111111
77,239.0,01101001110000111111,239.0,01101001110000111111
77,239.0,01101001110000111111,239.0,01101001110000111111
77,239.0,01101001110000111111,239.0,01101001110000111111
77,239.0,01101001110000111111,239.0,01101001110000111111
77,239.0,01101001110000111111,239.0,01101001110000111111
77,239.0,01101001110000111111,239.0,01101001110000111111
77,239.0,01101001110000111111,239.0,01101001110000111111
77,239.0,01101001110000111111,239.0,01101001110000111111
77,239.0,01101001110000111111,239.0,01101001110000111111
77,239.0,01101001110000111111,239.0,01101001110000111111
77,239.0,01101001110000111111,5.0,01001101110110111101
77,5.0,01001101110110111101,5.0,01001101110110111101
77,5.0,01001101110110111101,5.0,01001101110110111101
77,5.0,01001101110110111101,5.0,01001101110110111101
77,5.0,01001101110110111101,5.0,01001101110110111101
77,5.0,01001101110110111101,5.0,01001101110110111101
77,5.0,01001101110110111101,5.0,01001101110110111101
77,5.0,01001101110110111101,5.0,01001101110110111101
77,5.0,01001101110110111101,5.0,01001101110110111101
77,5.0,01001101110110111101,5.0,01001101110110111101
77,5.0,01001101110110111101,5.0,01001101110110111101
77,5.0,01001101110110111101,5.0,01001101110110111101
77,5.0,01001101110110111101,5.0,01001101110110111101
77,5.0,01001101110110111101,5.0,01001101110110111101
77,5.0,01001101110110111101,5.0,01001101110110111101
77,5.0,01001101110110111101,5.0,01001101110110111101
77,5.0,01001101110110111101,5.0,01001101110110111101
77,5.0,01001101110110111101,5.0,01001101110110111101
77,5.0,01001101110110111101,5.0,01001101110110111101
77,5.0,01001101110110111101,5.0,01001101110110111101
77,5.0,01001101110110111101,5.0,01001101110110111101
77,5.0,01001101110110111101,5.0,01001101110110111101
77,5.0,01001101110110111101,5.0,01001101110110111101
77,5.0,01001101110110111101,5.0,01001101110110111101
77,5.0,01001101110110111101,5.0,01001101110110111101
77,5.0,01001101110110111101,5.0,01001101110110111101
77,5.0,01001101110110111101,5.0,01001101110110111101
77,5.0,01001101110110111101,5.0,01001101110110111101
77,5.0,01001101110110111101,5.0,01001101110110111101
77,5.0,01001101110110111101,5.0,01001101110110111101
77,5.0,01001101110110111101,5.0,01001101110110111101
77,5.0,01001101110110111101,5.0,01001101110110111101
77,5.0,01001101110110111101,5.0,01001101110110111101
77,5.0,01001101110110111101,5.0,01001101110110111101
77,5.0,01001101110110111101,5.0,01001101110110111101
77,5.0,01001101110110111101,5.0,01001101110110111101
77,5.0,01001101110110111101,5.0,01001101110110111101
77,5.0,01001101110110111101,5.0,01001101110110111101
77,5.0,01001101110110111101,5.0,01001101110110111101
77,5.0,01001101110110111101,5.0,01001101110110111101
77,5.0,01001101110110111101,5.0,01001101110110111101
77,5.0,01001101110110111101,5.0,01001101110110111101
77,5.0,01001101110110111101,5.0,01001101110110111101
77,5.0,01001101110110111101,5.0,01001101110110111101
77,5.0,01001101110110111101,5.0,01001101110110111101
77,5.0,01001101110110111101,5.0,01001101110110111101
77,5.0,01001101110110111101,5.0,01001101110110111101
77,5.0,01001101110110111101,5.0,01001101110110111101
77,5.0,01001101110110111101,5.0,01001101110110111101
77,5.0,01001101110110111101,5.0,01001101110110111101
77,5.0,01001101110110111101,5.0,01001101110110111101
77,5.0,01001101110110111101,5.0,01001101110110111101
77,5.0,01001101110110111101,5.0,01001101110110111101
77,5.0,01001101110110111101,5.0,01001101110110111101
77,5.0,01001101110110111101,5.0,01001101110110111101
77,5.0,01001101110110111101,5.0,01001101110110111101
77,5.0,01001101110110111101,5.0,01001101110110111101
77,5.0,01001101110110111101,5.0,01001101110110111101
77,5.0,01001101110110111101,5.0,01001101110110111101
78,11259.0,11100010111000110011,859.0,11100001111000110000
78,859.0,11100001111000110000,859.0,11100001111000110000
78,859.0,11100001111000110000,859.0,11100001111000110000
78,859.0,11100001111000110000,747.0,11111001100100010001
78,747.0,11111001100100010001,479.0,01110011000010010011
78,479.0,01110011000010010011,479.0,01110011000010010011
78,479.0,01110011000010010011,383.0,01111101000010011011
78,383.0,01111101000010011011,383.0,01111101000010011011
78,383.0,01111101000010011011,383.0,01111101000010011011
78,383.0,01111101000010011011,383.0,01111101000010011011
78,383.0,01111101000010011011,383.0,01111101000010011011
78,383.0,01111101000010011011,383.0,01111101000010011011
78,383.0,01111101000010011011,383.0,01111101000010011011
78,383.0,01111101000010011011,383.0,01111101000010011011
78,383.0,01111101000010011011,383.0,01111101000010011011
78,383.0,01111101000010011011,383.0,01111101000010011011
78,383.0,01111101000010011011,383.0,01111101000010011011
78,383.0,01111101000010011011,383.0,01111101000010011011
78,383.0,01111101000010011011,383.0,01111101000010011011
78,383.0,01111101000010011011,189.0,11110100001000011001
78,189.0,11110100001000011001,189.0,11110100001000011001
78,189.0,11110100001000011001,189.0,11110100001000011001
78,189.0,11110100001000011001,189.0,11110100001000011001
78,189.0,11110100001000011001,189.0,11110100001000011001
78,189.0,11110100001000011001,189.0,11110100001000011001
78,189.0,11110100001000011001,189.0,11110100001000011001
78,189.0,11110100001000011001,189.0,11110100001000011001
78,189.0,11110100001000011001,189.0,11110100001000011001
78,189.0,11110100001000011001,189.0,11110100001000011001
78,189.0,11110100001000011001,189.0,11110100001000011001
78,189.0,11110100001000011001,189.0,11110100001000011001
78,189.0,11110100001000011001,189.0,11110100001000011001
78,189.0,11110100001000011001,189.0,11110100001000011001
78,189.0,11110100001000011001,189.0,11110100001000011001
78,189.0,11110100001000011001,189.0,11110100001000011001
78,189.0,11110100001000011001,91.0,10111100001001001010
78,91.0,10111100001001001010,5.0,10110010001001000010
78,5.0,10110010001001000010,5.0,10110010001001000010
78,5.0,10110010001001000010,5.0,10110010001001000010
78,5.0,10110010001001000010,5.0,10110010001001000010
78,5.0,10110010001001000010,5.0,10110010001001000010
78,5.0,10110010001001000010,5.0,10110010001001000010
78,5.0,10110010001001000010,5.0,10110010001001000010
78,5.0,10110010001001000010,5.0,10110010001001000010
78,5.0,10110010001001000010,5.0,10110010001001000010
78,5.0,10110010001001000010,5.0,10110010001001000010
78,5.0,10110010001001000010,5.0,10110010001001000010
78,5.0,10110010001001000010,5.0,10110010001001000010
78,5.0,10110010001001000010,5.0,10110010001001000010
78,5.0,10110010001001000010,5.0,10110010001001000010
78,5.0,10110010001001000010,5.0,10110010001001000010
78,5.0,10110010001001000010,5.0,10110010001001000010
78,5.0,10110010001001000010,5.0,10110010001001000010
78,5.0,10110010001001000010,5.0,10110010001001000010
78,5.0,10110010001001000010,5.0,10110010001001000010
78,5.0,10110010001001000010,5.0,10110010001001000010
78,5.0,10110010001001000010,5.0,10110010001001000010
78,5.0,10110010001001000010,5.0,10110010001001000010
78,5.0,10110010001001000010,5.0,10110010001001000010
78,5.0,10110010001001000010,5.0,10110010001001000010
78,5.0,10110010001001000010,5.0,10110010001001000010
78,5.0,10110010001001000010,5.0,10110010001001000010
78,5.0,10110010001001000010,5.0,10110010001001000010
78,5.0,10110010001001000010,5.0,10110010001001000010
78,5.0,10110010001001000010,5.0,10110010001001000010
78,5.0,10110010001001000010,5.0,10110010001001000010
78,5.0,10110010001001000010,5.0,10110010001001000010
78,5.0,10110010001001000010,5.0,10110010001001000010
78,5.0,10110010001001000010,5.0,10110010001001000010
78,5.0,10110010001001000010,5.0,10110010001001000010
78,5.0,10110010001001000010,5.0,10110010001001000010
78,5.0,10110010001001000010,5.0,10110010001001000010
78,5.0,10110010001001000010,5.0,10110010001001000010
78,5.0,10110010001001000010,5.0,10110010001001000010
78,5.0,10110010001001000010,5.0,10110010001001000010
78,5.0,10110010001001000010,5.0,10110010001001000010
78,5.0,10110010001001000010,5.0,10110010001001000010
78,5.0,10110010001001000010,5.0,10110010001001000010
78,5.0,10110010001001000010,5.0,10110010001001000010
78,5.0,10110010001001000010,5.0,10110010001001000010
78,5.0,10110010001001000010,5.0,10110010001001000010
78,5.0,10110010001001000010,5.0,10110010001001000010
78,5.0,10110010001001000010,5.0,10110010001001000010
78,5.0,10110010001001000010,5.0,10110010001001000010
78,5.0,10110010001001000010,5.0,10110010001001000010
78,5.0,10110010001001000010,5.0,10110010001001000010
78,5.0,10110010001001000010,5.0,10110010001001000010
78,5.0,10110010001001000010,5.0,10110010001001000010
78,5.0,10110010001001000010,5.0,10110010001001000010
78,5.0,10110010001001000010,5.0,10110010001001000010
78,5.0,10110010001001000010,5.0,10110010001001000010
79,46443.0,10111100011001100011,6207.0,10111100001000101111
79,6207.0,10111100001000101111,317.0,10011100111010101101
79,317.0,10011100111010101101,141.0,10011110111000101001
79,141.0,10011110111000101001,141.0,10011110111000101001
79,141.0,10011110111000101001,141.0,10011110111000101001
79,141.0,10011110111000101001,141.0,10011110111000101001
79,141.0,10011110111000101001,141.0,10011110111000101001
79,141.0,10011110111000101001,141.0,10011110111000101001
79,141.0,10011110111000101001,141.0,10011110111000101001
79,141.0,10011110111000101001,141.0,10011110111000101001
79,141.0,10011110111000101001,141.0,10011110111000101001
79,141.0,10011110111000101001,5.0,00011111001000101011
79,5.0,00011111001000101011,5.0,00011111001000101011
79,5.0,00011111001000101011,5.0,00011111001000101011
79,5.0,00011111001000101011,5.0,00011111001000101011
79,5.0,00011111001000101011,5.0,00011111001000101011
79,5.0,00011111001000101011,5.0,00011111001000101011
79,5.0,00011111001000101011,5.0,00011111001000101011
79,5.0,00011111001000101011,5.0,00011111001000101011
79,5.0,00011111001000101011,5.0,00011111001000101011
79,5.0,00011111001000101011,5.0,00011111001000101011
79,5.0,00011111001000101011,5.0,00011111001000101011
79,5.0,00011111001000101011,5.0,00011111001000101011
79,5.0,00011111001000101011,5.0,00011111001000101011
79,5.0,00011111001000101011,5.0,00011111001000101011
79,5.0,00011111001000101011,5.0,00011111001000101011
79,5.0,00011111001000101011,5.0,00011111001000101011
79,5.0,00011111001000101011,5.0,00011111001000101011
79,5.0,00011111001000101011,5.0,00011111001000101011
79,5.0,00011111001000101011,5.0,00011111001000101011
79,5.0,00011111001000101011,5.0,00011111001000101011
79,5.0,00011111001000101011,5.0,00011111001000101011
79,5.0,00011111001000101011,5.0,00011111001000101011
79,5.0,00011111001000101011,5.0,00011111001000101011
79,5.0,00011111001000101011,5.0,00011111001000101011
79,5.0,00011111001000101011,5.0,00011111001000101011
79,5.0,00011111001000101011,5.0,00011111001000101011
79,5.0,00011111001000101011,5.0,00011111001000101011
79,5.0,00011111001000101011,5.0,00011111001000101011
79,5.0,00011111001000101011,5.0,00011111001000101011
79,5.0,00011111001000101011,5.0,00011111001000101011
79,5.0,00011111001000101011,5.0,00011111001000101011
79,5.0,00011111001000101011,5.0,00011111001000101011
79,5.0,00011111001000101011,5.0,00011111001000101011
79,5.0,00011111001000101011,5.0,00011111001000101011
79,5.0,00011111001000101011,5.0,00011111001000101011
79,5.0,00011111001000101011,5.0,00011111001000101011
79,5.0,00011111001000101011,5.0,00011111001000101011
79,5.0,00011111001000101011,5.0,00011111001000101011
79,5.0,00011111001000101011,5.0,00011111001000101011
79,5.0,00011111001000101011,5.0,00011111001000101011
79,5.0,00011111001000101011,5.0,00011111001000101011
79,5.0,00011111001000101011,5.0,00011111001000101011
80,9417.0,00111010011010001011,9417.0,00111010011010001011
80,9417.0,00111010011010001011,9417.0,00111010011010001011
80,9417.0,00111010011010001011,6597.0,01111110010010101010
80,6597.0,01111110010010101010,6597.0,01111110010010101010
80,6597.0,01111110010010101010,3519.0,01111111010010000001
80,3519.0,01111111010010000001,3519.0,01111111010010000001
80,3519.0,01111111010010000001,3519.0,01111111010010000001
80,3519.0,01111111010010000001,255.0,01111111000010100010
80,255.0,01111111000010100010,255.0,01111111000010100010
80,255.0,01111111000010100010,71.0,11100101110110110001
80,71.0,11100101110110110001,71.0,11100101110110110001
80,71.0,11100101110110110001,71.0,11100101110110110001
80,71.0,11100101110110110001,71.0,11100101110110110001
80,71.0,11100101110110110001,71.0,11100101110110110001
80,71.0,11100101110110110001,71.0,11100101110110110001
80,71.0,11100101110110110001,71.0,11100101110110110001
80,71.0,11100101110110110001,71.0,11100101110110110001
80,71.0,11100101110110110001,71.0,11100101110110110001
80,71.0,11100101110110110001,71.0,11100101110110110001
80,71.0,11100101110110110001,71.0,11100101110110110001
80,71.0,11100101110110110001,71.0,11100101110110110001
80,71.0,11100101110110110001,71.0,11100101110110110001
80,71.0,11100101110110110001,71.0,11100101110110110001
80,71.0,11100101110110110001,71.0,11100101110110110001
80,71.0,11100101110110110001,71.0,11100101110110110001
80,71.0,11100101110110110001,71.0,11100101110110110001
80,71.0,11100101110110110001,71.0,11100101110110110001
80,71.0,11100101110110110001,71.0,11100101110110110001
80,71.0,11100101110110110001,71.0,11100101110110110001
80,71.0,11100101110110110001,71.0,11100101110110110001
80,71.0,11100101110110110001,71.0,11100101110110110001
80,71.0,11100101110110110001,71.0,11100101110110110001
80,71.0,11100101110110110001,71.0,11100101110110110001
80,71.0,11100101110110110001,71.0,11100101110110110001
80,71.0,11100101110110110001,71.0,11100101110110110001
80,71.0,11100101110110110001,71.0,11100101110110110001
80,71.0,11100101110110110001,71.0,11100101110110110001
80,71.0,11100101110110110001,71.0,11100101110110110001
80,71.0,11100101110110110001,71.0,11100101110110110001
80,71.0,11100101110110110001,71.0,11100101110110110001
80,71.0,11100101110110110001,71.0,11100101110110110001
80,71.0,11100101110110110001,71.0,11100101110110110001
80,71.0,11100101110110110001,71.0,11100101110110110001
80,71.0,11100101110110110001,71.0,11100101110110110001
80,71.0,11100101110110110001,71.0,11100101110110110001
80,71.0,11100101110110110001,71.0,11100101110110110001
80,71.0,11100101110110110001,71.0,11100101110110110001
80,71.0,11100101110110110001,71.0,11100101110110110001
80,71.0,11100101110110110001,71.0,11100101110110110001
80,71.0,11100101110110110001,71.0,11100101110110110001
80,71.0,11100101110110110001,71.0,11100101110110110001
80,71.0,11100101110110110001,71.0,11100101110110110001
80,71.0,11100101110110110001,71.0,11100101110110110001
80,71.0,11100101110110110001,71.0,11100101110110110001
80,71.0,11100101110110110001,71.0,11100101110110110001
80,71.0,11100101110110110001,71.0,11100101110110110001
80,71.0,11100101110110110001,71.0,11100101110110110001
81,82101.0,01000011101010001100,4511.0,00100011111010000100
81,4511.0,00100011111010000100,621.0,11100110110010110101
81,621.0,11100110110010110101,621.0,11100110110010110101
81,621.0,11100110110010110101,621.0,11100110110010110101
81,621.0,11100110110010110101,621.0,11100110110010110101
81,621.0,11100110110010110101,467.0,11111100010010110111
81,467.0,11111100010010110111,467.0,11111100010010110111
81,467.0,11111100010010110111,467.0,11111100010010110111
81,467.0,11111100010010110111,77.0,11011100011010110100
81,77.0,11011100011010110100,77.0,11011100011010110100
81,77.0,11011100011010110100,77.0,11011100011010110100
81,77.0,11011100011010110100,77.0,11011100011010110100
81,77.0,11011100011010110100,77.0,11011100011010110100
81,77.0,11011100011010110100,77.0,11011100011010110100
81,77.0,11011100011010110100,77.0,11011100011010110100
81,77.0,11011100011010110100,77.0,11011100011010110100
81,77.0,11011100011010110100,77.0,11011100011010110100
81,77.0,11011100011010110100,77.0,11011100011010110100
81,77.0,11011100011010110100,77.0,11011100011010110100
81,77.0,11011100011010110100,77.0,11011100011010110100
81,77.0,11011100011010110100,77.0,11011100011010110100
81,77.0,11011100011010110100,77.0,11011100011010110100
81,77.0,11011100011010110100,77.0,11011100011010110100
81,77.0,11011100011010110100,77.0,11011100011010110100
81,77.0,11011100011010110100,77.0,11011100011010110100
81,77.0,11011100011010110100,77.0,11011100011010110100
81,77.0,11011100011010110100,77.0,11011100011010110100
81,77.0,11011100011010110100,77.0,11011100011010110100
81,77.0,11011100011010110100,77.0,11011100011010110100
81,77.0,11011100011010110100,77.0,11011100011010110100
81,77.0,11011100011010110100,77.0,11011100011010110100
81,77.0,11011100011010110100,77.0,11011100011010110100
81,77.0,11011100011010110100,77.0,11011100011010110100
81,77.0,11011100011010110100,77.0,11011100011010110100
81,77.0,11011100011010110100,77.0,11011100011010110100
82,14271.0,11101010001110000110,13181.0,00100010101111000101
82,13181.0,00100010101111000101,4961.0,00101110101101000111
82,4961.0,00101110101101000111,4103.0,10001010101111100100
82,4103.0,10001010101111100100,4103.0,10001010101111100100
82,4103.0,10001010101111100100,2519.0,00000110101101101100
82,2519.0,00000110101101101100,2519.0,00000110101101101100
82,2519.0,00000110101101101100,343.0,00001101001101101110
82,343.0,00001101001101101110,13.0,00001101101111101011
82,13.0,00001101101111101011,13.0,00001101101111101011
82,13.0,00001101101111101011,13.0,00001101101111101011
82,13.0,00001101101111101011,13.0,00001101101111101011
82,13.0,00001101101111101011,13.0,00001101101111101011
82,13.0,00001101101111101011,13.0,00001101101111101011
82,13.0,00001101101111101011,13.0,00001101101111101011
82,13.0,00001101101111101011,13.0,00001101101111101011
82,13.0,00001101101111101011,13.0,00001101101111101011
82,13.0,00001101101111101011,13.0,00001101101111101011
82,13.0,00001101101111101011,13.0,00001101101111101011
82,13.0,00001101101111101011,13.0,00001101101111101011
82,13.0,00001101101111101011,13.0,00001101101111101011
82,13.0,00001101101111101011,13.0,00001101101111101011
82,13.0,00001101101111101011,13.0,00001101101111101011
82,13.0,00001101101111101011,13.0,00001101101111101011
82,13.0,00001101101111101011,13.0,00001101101111101011
82,13.0,00001101101111101011,13.0,00001101101111101011
82,13.0,00001101101111101011,13.0,00001101101111101011
82,13.0,00001101101111101011,13.0,00001101101111101011
82,13.0,00001101101111101011,13.0,00001101101111101011
82,13.0,00001101101111101011,13.0,00001101101111101011
82,13.0,00001101101111101011,13.0,00001101101111101011
82,13.0,00001101101111101011,13.0,00001101101111101011
82,13.0,00001101101111101011,13.0,00001101101111101011
82,13.0,00001101101111101011,13.0,00001101101111101011
82,13.0,00001101101111101011,13.0,00001101101111101011
82,13.0,00001101101111101011,13.0,00001101101111101011
82,13.0,00001101101111101011,13.0,00001101101111101011
82,13.0,00001101101111101011,13.0,00001101101111101011
82,13.0,00001101101111101011,13.0,00001101101111101011
82,13.0,00001101101111101011,13.0,00001101101111101011
82,13.0,00001101101111101011,13.0,00001101101111101011
82,13.0,00001101101111101011,13.0,00001101101111101011
82,13.0,00001101101111101011,13.0,00001101101111101011
82,13.0,00001101101111101011,13.0,00001101101111101011
82,13.0,00001101101111101011,13.0,00001101101111101011
82,13.0,00001101101111101011,13.0,00001101101111101011
82,13.0,00001101101111101011,13.0,00001101101111101011
82,13.0,00001101101111101011,13.0,00001101101111101011
82,13.0,00001101101111101011,13.0,00001101101111101011
82,13.0,00001101101111101011,13.0,00001101101111101011
82,13.0,00001101101111101011,13.0,00001101101111101011
82,13.0,00001101101111101011,13.0,00001101101111101011
83,158319.0,10100010001100011100,41531.0,10100110011000101100
83,41531.0,10100110011000101100,38333.0,10101010011000101101
83,38333.0,10101010011000101101,17083.0,00101010011000111111
83,17083.0,00101010011000111111,3829.0,10100010101010111001
83,3829.0,10100010101010111001,179.0,10101010101001110010
83,179.0,10101010101001110010,179.0,10101010101001110010
83,179.0,10101010101001110010,165.0,10100011101000110000
83,165.0,10100011101000110000,165.0,10100011101000110000
83,165.0,10100011101000110000,165.0,10100011101000110000
83,165.0,10100011101000110000,165.0,10100011101000110000
83,165.0,10100011101000110000,165.0,10100011101000110000
83,165.0,10100011101000110000,103.0,11100110101000010100
83,103.0,11100110101000010100,103.0,11100110101000010100
83,103.0,11100110101000010100,103.0,11100110101000010100
83,103.0,11100110101000010100,103.0,11100110101000010100
83,103.0,11100110101000010100,103.0,11100110101000010100
83,103.0,11100110101000010100,103.0,11100110101000010100
83,103.0,11100110101000010100,103.0,11100110101000010100
83,103.0,11100110101000010100,103.0,11100110101000010100
83,103.0,11100110101000010100,103.0,11100110101000010100
83,103.0,11100110101000010100,103.0,11100110101000010100
83,103.0,11100110101000010100,13.0,11110010010000010100
83,13.0,11110010010000010100,13.0,11110010010000010100
83,13.0,11110010010000010100,13.0,11110010010000010100
83,13.0,11110010010000010100,13.0,11110010010000010100
83,13.0,11110010010000010100,13.0,11110010010000010100
83,13.0,11110010010000010100,13.0,11110010010000010100
83,13.0,11110010010000010100,13.0,11110010010000010100
83,13.0,11110010010000010100,13.0,11110010010000010100
83,13.0,11110010010000010100,13.0,11110010010000010100
83,13.0,11110010010000010100,13.0,11110010010000010100
83,13.0,11110010010000010100,13.0,11110010010000010100
83,13.0,11110010010000010100,13.0,11110010010000010100
83,13.0,11110010010000010100,13.0,11110010010000010100
83,13.0,11110010010000010100,13.0,11110010010000010100
83,13.0,11110010010000010100,13.0,11110010010000010100
83,13.0,11110010010000010100,13.0,11110010010000010100
83,13.0,11110010010000010100,13.0,11110010010000010100
83,13.0,11110010010000010100,13.0,11110010010000010100
83,13.0,11110010010000010100,13.0,11110010010000010100
83,13.0,11110010010000010100,13.0,11110010010000010100
83,13.0,11110010010000010100,13.0,11110010010000010100
83,13.0,11110010010000010100,13.0,11110010010000010100
83,13.0,11110010010000010100,13.0,11110010010000010100
83,13.0,11110010010000010100,13.0,11110010010000010100
83,13.0,11110010010000010100,13.0,11110010010000010100
83,13.0,11110010010000010100,13.0,11110010010000010100
83,13.0,11110010010000010100,13.0,11110010010000010100
83,13.0,11110010010000010100,13.0,11110010010000010100
83,13.0,11110010010000010100,13.0,11110010010000010100
83,13.0,11110010010000010100,13.0,11110010010000010100
83,13.0,11110010010000010100,13.0,11110010010000010100
83,13.0,11110010010000010100,13.0,11110010010000010100
83,13.0,11110010010000010100,13.0,11110010010000010100
84,8367.0,11001001110010111111,6593.0,11011000110010111111
84,6593.0,11011000110010111111,3531.0,01011010100010111110
84,3531.0,01011010100010111110,3531.0,00010011100010101110
84,3531.0,00010011100010101110,791.0,00010011010010101101
84,791.0,00010011010010101101,327.0,10110011000000100101
84,327.0,10110011000000100101,327.0,10110011000000100101
84,327.0,10110011000000100101,327.0,10110011000000100101
84,327.0,10110011000000100101,271.0,00110011000000001111
84,271.0,00110011000000001111,271.0,00110011000000001111
84,271.0,00110011000000001111,271.0,00110011000000001111
84,271.0,00110011000000001111,133.0,10111011100000000100
84,133.0,10111011100000000100,133.0,10111011100000000100
84,133.0,10111011100000000100,133.0,10111011100000000100
84,133.0,10111011100000000100,5.0,10110010001001000010
84,5.0,10110010001001000010,5.0,10110010001001000010
84,5.0,10110010001001000010,5.0,10110010001001000010
84,5.0,10110010001001000010,5.0,10110010001001000010
84,5.0,10110010001001000010,5.0,10110010001001000010
84,5.0,10110010001001000010,5.0,10110010001001000010
84,5.0,10110010001001000010,5.0,10110010001001000010
84,5.0,10110010001001000010,5.0,10110010001001000010
84,5.0,10110010001001000010,5.0,10110010001001000010
84,5.0,10110010001001000010,5.0,10110010001001000010
84,5.0,10110010001001000010,5.0,10110010001001000010
84,5.0,10110010001001000010,5.0,10110010001001000010
84,5.0,10110010001001000010,5.0,10110010001001000010
84,5.0,10110010001001000010,5.0,10110010001001000010
84,5.0,10110010001001000010,5.0,10110010001001000010
84,5.0,10110010001001000010,5.0,10110010001001000010
84,5.0,10110010001001000010,5.0,10110010001001000010
84,5.0,10110010001001000010,5.0,10110010001001000010
84,5.0,10110010001001000010,5.0,10110010001001000010
84,5.0,10110010001001000010,5.0,10110010001001000010
84,5.0,10110010001001000010,5.0,10110010001001000010
84,5.0,10110010001001000010,5.0,10110010001001000010
84,5.0,10110010001001000010,5.0,10110010001001000010
84,5.0,10110010001001000010,5.0,10110010001001000010
84,5.0,10110010001001000010,5.0,10110010001001000010
84,5.0,10110010001001000010,5.0,10110010001001000010
84,5.0,10110010001001000010,5.0,10110010001001000010
84,5.0,10110010001001000010,5.0,10110010001001000010
84,5.0,10110010001001000010,5.0,10110010001001000010
84,5.0,10110010001001000010,5.0,10110010001001000010
84,5.0,10110010001001000010,5.0,10110010001001000010
84,5.0,10110010001001000010,5.0,10110010001001000010
84,5.0,10110010001001000010,5.0,10110010001001000010
84,5.0,10110010001001000010,5.0,10110010001001000010
84,5.0,10110010001001000010,5.0,10110010001001000010
84,5.0,10110010001001000010,5.0,10110010001001000010
84,5.0,10110010001001000010,5.0,10110010001001000010
84,5.0,10110010001001000010,5.0,10110010001001000010
84,5.0,10110010001001000010,5.0,10110010001001000010
84,5.0,10110010001001000010,5.0,10110010001001000010
84,5.0,10110010001001000010,5.0,10110010001001000010
84,5.0,10110010001001000010,5.0,10110010001001000010
84,5.0,10110010001001000010,5.0,10110010001001000010
84,5.0,10110010001001000010,5.0,10110010001001000010
84,5.0,10110010001001000010,5.0,10110010001001000010
84,5.0,10110010001001000010,5.0,10110010001001000010
84,5.0,10110010001001000010,5.0,10110010001001000010
84,5.0,10110010001001000010,5.0,10110010001001000010
84,5.0,10110010001001000010,5.0,10110010001001000010
84,5.0,10110010001001000010,5.0,10110010001001000010
84,5.0,10110010001001000010,5.0,10110010001001000010
84,5.0,10110010001001000010,5.0,10110010001001000010
84,5.0,10110010001001000010,5.0,10110010001001000010
84,5.0,10110010001001000010,5.0,10110010001001000010
84,5.0,10110010001001000010,5.0,10110010001001000010
85,4299.0,01110001110010110011,843.0,01010101110010111010
85,843.0,01010101110010111010,843.0,01010101110010111010
85,843.0,01010101110010111010,5.0,01001101110110111101
85,5.0,01001101110110111101,5.0,01001101110110111101
85,5.0,01001101110110111101,5.0,01001101110110111101
85,5.0,01001101110110111101,5.0,01001101110110111101
85,5.0,01001101110110111101,5.0,01001101110110111101
85,5.0,01001101110110111101,5.0,01001101110110111101
85,5.0,01001101110110111101,5.0,01001101110110111101
85,5.0,01001101110110111101,5.0,01001101110110111101
85,5.0,01001101110110111101,5.0,01001101110110111101
85,5.0,01001101110110111101,5.0,01001101110110111101
85,5.0,01001101110110111101,5.0,01001101110110111101
85,5.0,01001101110110111101,5.0,01001101110110111101
85,5.0,01001101110110111101,5.0,01001101110110111101
85,5.0,01001101110110111101,5.0,01001101110110111101
85,5.0,01001101110110111101,5.0,01001101110110111101
85,5.0,01001101110110111101,5.0,01001101110110111101
85,5.0,01001101110110111101,5.0,01001101110110111101
85,5.0,01001101110110111101,5.0,01001101110110111101
85,5.0,01001101110110111101,5.0,01001101110110111101
85,5.0,01001101110110111101,5.0,01001101110110111101
85,5.0,01001101110110111101,5.0,01001101110110111101
85,5.0,01001101110110111101,5.0,01001101110110111101
85,5.0,01001101110110111101,5.0,01001101110110111101
85,5.0,01001101110110111101,5.0,01001101110110111101
85,5.0,01001101110110111101,5.0,01001101110110111101
85,5.0,01001101110110111101,5.0,01001101110110111101
85,5.0,01001101110110111101,5.0,01001101110110111101
85,5.0,01001101110110111101,5.0,01001101110110111101
85,5.0,01001101110110111101,5.0,01001101110110111101
85,5.0,01001101110110111101,5.0,01001101110110111101
85,5.0,01001101110110111101,5.0,01001101110110111101
85,5.0,01001101110110111101,5.0,01001101110110111101
85,5.0,01001101110110111101,5.0,01001101110110111101
85,5.0,01001101110110111101,5.0,01001101110110111101
85,5.0,01001101110110111101,5.0,01001101110110111101
85,5.0,01001101110110111101,5.0,01001101110110111101
85,5.0,01001101110110111101,5.0,01001101110110111101
85,5.0,01001101110110111101,5.0,01001101110110111101
85,5.0,01001101110110111101,5.0,01001101110110111101
85,5.0,01001101110110111101,5.0,01001101110110111101
85,5.0,01001101110110111101,5.0,01001101110110111101
85,5.0,01001101110110111101,5.0,01001101110110111101
85,5.0,01001101110110111101,5.0,01001101110110111101
85,5.0,01001101110110111101,5.0,01001101110110111101
85,5.0,01001101110110111101,5.0,01001101110110111101
85,5.0,01001101110110111101,5.0,01001101110110111101
85,5.0,01001101110110111101,5.0,01001101110110111101
85,5.0,01001101110110111101,5.0,01001101110110111101
85,5.0,01001101110110111101,5.0,01001101110110111101
85,5.0,01001101110110111101,5.0,01001101110110111101
85,5.0,01001101110110111101,5.0,01001101110110111101
85,5.0,01001101110110111101,5.0,01001101110110111101
85,5.0,01001101110110111101,5.0,01001101110110111101
85,5.0,01001101110110111101,5.0,01001101110110111101
85,5.0,01001101110110111101,5.0,01001101110110111101
85,5.0,01001101110110111101,5.0,01001101110110111101
85,5.0,01001101110110111101,5.0,01001101110110111101
85,5.0,01001101110110111101,5.0,01001101110110111101
85,5.0,01001101110110111101,5.0,01001101110110111101
85,5.0,01001101110110111101,5.0,01001101110110111101
85,5.0,01001101110110111101,5.0,01001101110110111101
85,5.0,01001101110110111101,5.0,01001101110110111101
86,18015.0,01100000110111101100,8455.0,01100000110111111011
86,8455.0,01100000110111111011,6809.0,01101000100111011111
86,6809.0,01101000100111011111,4213.0,01100000110011111100
86,4213.0,01100000110011111100,4213.0,01100000110011111100
86,4213.0,01100000110011111100,4213.0,01100000110011111100
86,4213.0,01100000110011111100,865.0,01110000100011110100
86,865.0,01110000100011110100,865.0,01110000100011110100
86,865.0,01110000100011110100,689.0,01110010100001110000
86,689.0,01110010100001110000,231.0,01110110100001010011
86,231.0,01110110100001010011,231.0,01110110100001010011
86,231.0,01110110100001010011,231.0,01110110100001010011
86,231.0,01110110100001010011,231.0,01110110100001010011
86,231.0,01110110100001010011,231.0,01110110100001010011
86,231.0,01110110100001010011,231.0,01110110100001010011
86,231.0,01110110100001010011,231.0,01110110100001010011
86,231.0,01110110100001010011,231.0,01110110100001010011
86,231.0,01110110100001010011,231.0,01110110100001010011
86,231.0,01110110100001010011,231.0,01110110100001010011
86,231.0,01110110100001010011,231.0,01110110100001010011
86,231.0,01110110100001010011,231.0,01110110100001010011
86,231.0,01110110100001010011,231.0,01110110100001010011
86,231.0,01110110100001010011,231.0,01110110100001010011
86,231.0,01110110100001010011,231.0,01110110100001010011
86,231.0,01110110100001010011,231.0,01110110100001010011
86,231.0,01110110100001010011,231.0,01110110100001010011
86,231.0,01110110100001010011,231.0,01110110100001010011
86,231.0,01110110100001010011,231.0,01110110100001010011
86,231.0,01110110100001010011,231.0,01110110100001010011
86,231.0,01110110100001010011,231.0,01110110100001010011
86,231.0,01110110100001010011,167.0,00110111100001000010
86,167.0,00110111100001000010,167.0,00110111100001000010
86,167.0,00110111100001000010,167.0,00110111100001000010
86,167.0,00110111100001000010,167.0,00110111100001000010
86,167.0,00110111100001000010,167.0,00110111100001000010
86,167.0,00110111100001000010,167.0,00110111100001000010
86,167.0,00110111100001000010,167.0,00110111100001000010
86,167.0,00110111100001000010,167.0,00110111100001000010
86,167.0,00110111100001000010,167.0,00110111100001000010
86,167.0,00110111100001000010,167.0,00110111100001000010
86,167.0,00110111100001000010,167.0,00110111100001000010
86,167.0,00110111100001000010,167.0,00110111100001000010
86,167.0,00110111100001000010,167.0,00110111100001000010
86,167.0,00110111100001000010,167.0,00110111100001000010
86,167.0,00110111100001000010,167.0,00110111100001000010
86,167.0,00110111100001000010,167.0,00110111100001000010
86,167.0,00110111100001000010,167.0,00110111100001000010
86,167.0,00110111100001000010,167.0,00110111100001000010
86,167.0,00110111100001000010,167.0,00110111100001000010
86,167.0,00110111100001000010,167.0,00110111100001000010
86,167.0,00110111100001000010,167.0,00110111100001000010
86,167.0,00110111100001000010,167.0,00110111100001000010
86,167.0,00110111100001000010,167.0,00110111100001000010
86,167.0,00110111100001000010,167.0,00110111100001000010
86,167.0,00110111100001000010,13.0,00110001100001011000
86,13.0,00110001100001011000,13.0,00110001100001011000
86,13.0,00110001100001011000,13.0,00110001100001011000
86,13.0,00110001100001011000,13.0,00110001100001011000
86,13.0,00110001100001011000,13.0,00110001100001011000
86,13.0,00110001100001011000,13.0,00110001100001011000
86,13.0,00110001100001011000,13.0,00110001100001011000
86,13.0,00110001100001011000,13.0,00110001100001011000
86,13.0,00110001100001011000,13.0,00110001100001011000
86,13.0,00110001100001011000,13.0,00110001100001011000
86,13.0,00110001100001011000,13.0,00110001100001011000
86,13.0,00110001100001011000,13.0,00110001100001011000
86,13.0,00110001100001011000,13.0,00110001100001011000
86,13.0,00110001100001011000,13.0,00110001100001011000
86,13.0,00110001100001011000,13.0,00110001100001011000
86,13.0,00110001100001011000,13.0,00110001100001011000
86,13.0,00110001100001011000,13.0,00110001100001011000
86,13.0,00110001100001011000,13.0,00110001100001011000
86,13.0,00110001100001011000,13.0,00110001100001011000
86,13.0,00110001100001011000,13.0,00110001100001011000
86,13.0,00110001100001011000,13.0,00110001100001011000
86,13.0,00110001100001011000,13.0,00110001100001011000
86,13.0,00110001100001011000,13.0,00110001100001011000
86,13.0,00110001100001011000,13.0,00110001100001011000
86,13.0,00110001100001011000,13.0,00110001100001011000
86,13.0,00110001100001011000,13.0,00110001100001011000
86,13.0,00110001100001011000,13.0,00110001100001011000
86,13.0,00110001100001011000,13.0,00110001100001011000
86,13.0,00110001100001011000,13.0,00110001100001011000
86,13.0,00110001100001011000,13.0,00110001100001011000
86,13.0,00110001100001011000,13.0,00110001100001011000
86,13.0,00110001100001011000,13.0,00110001100001011000
86,13.0,00110001100001011000,13.0,00110001100001011000
86,13.0,00110001100001011000,13.0,00110001100001011000
86,13.0,00110001100001011000,13.0,00110001100001011000
86,13.0,00110001100001011000,13.0,00110001100001011000
86,13.0,00110001100001011000,13.0,00110001100001011000
86,13.0,00110001100001011000,13.0,00110001100001011000
86,13.0,00110001100001011000,13.0,00110001100001011000
86,13.0,00110001100001011000,13.0,00110001100001011000
86,13.0,00110001100001011000,13.0,00110001100001011000
86,13.0,00110001100001011000,13.0,00110001100001011000
86,13.0,00110001100001011000,13.0,00110001100001011000
86,13.0,00110001100001011000,13.0,00110001100001011000
86,13.0,00110001100001011000,13.0,00110001100001011000
86,13.0,00110001100001011000,13.0,00110001100001011000
86,13.0,00110001100001011000,13.0,00110001100001011000
86,13.0,00110001100001011000,13.0,00110001100001011000
86,13.0,00110001100001011000,13.0,00110001100001011000
86,13.0,00110001100001011000,13.0,00110001100001011000
86,13.0,00110001100001011000,13.0,00110001100001011000
87,8591.0,01100010101001001011,2615.0,01100011100001001001
87,2615.0,01100011100001001001,2615.0,01100011100001001001
87,2615.0,01100011100001001001,1191.0,00101111100011001010
87,1191.0,00101111100011001010,1191.0,00101111100011001010
87,1191.0,00101111100011001010,1077.0,10101011100001001001
87,1077.0,10101011100001001001,167.0,00110111100001000010
87,167.0,00110111100001000010,167.0,00110111100001000010
87,167.0,00110111100001000010,167.0,00110111100001000010
87,167.0,00110111100001000010,167.0,00110111100001000010
87,167.0,00110111100001000010,167.0,00110111100001000010
87,167.0,00110111100001000010,167.0,00110111100001000010
87,167.0,00110111100001000010,167.0,00110111100001000010
87,167.0,00110111100001000010,167.0,00110111100001000010
87,167.0,00110111100001000010,167.0,00110111100001000010
87,167.0,00110111100001000010,167.0,00110111100001000010
87,167.0,00110111100001000010,167.0,00110111100001000010
87,167.0,00110111100001000010,167.0,00110111100001000010
87,167.0,00110111100001000010,167.0,00110111100001000010
87,167.0,00110111100001000010,167.0,00110111100001000010
87,167.0,00110111100001000010,167.0,00110111100001000010
87,167.0,00110111100001000010,167.0,00110111100001000010
87,167.0,00110111100001000010,167.0,00110111100001000010
87,167.0,00110111100001000010,167.0,00110111100001000010
87,167.0,00110111100001000010,13.0,00110001100001011000
87,13.0,00110001100001011000,13.0,00110001100001011000
87,13.0,00110001100001011000,13.0,00110001100001011000
87,13.0,00110001100001011000,13.0,00110001100001011000
87,13.0,00110001100001011000,13.0,00110001100001011000
87,13.0,00110001100001011000,13.0,00110001100001011000
87,13.0,00110001100001011000,13.0,00110001100001011000
87,13.0,00110001100001011000,13.0,00110001100001011000
87,13.0,00110001100001011000,13.0,00110001100001011000
87,13.0,00110001100001011000,13.0,00110001100001011000
87,13.0,00110001100001011000,13.0,00110001100001011000
87,13.0,00110001100001011000,13.0,00110001100001011000
87,13.0,00110001100001011000,13.0,00110001100001011000
87,13.0,00110001100001011000,13.0,00110001100001011000
87,13.0,00110001100001011000,13.0,00110001100001011000
87,13.0,00110001100001011000,13.0,00110001100001011000
87,13.0,00110001100001011000,13.0,00110001100001011000
87,13.0,00110001100001011000,13.0,00110001100001011000
87,13.0,00110001100001011000,13.0,00110001100001011000
87,13.0,00110001100001011000,13.0,00110001100001011000
87,13.0,00110001100001011000,13.0,00110001100001011000
87,13.0,00110001100001011000,13.0,00110001100001011000
87,13.0,00110001100001011000,13.0,00110001100001011000
87,13.0,00110001100001011000,13.0,00110001100001011000
87,13.0,00110001100001011000,13.0,00110001100001011000
87,13.0,00110001100001011000,13.0,00110001100001011000
87,13.0,00110001100001011000,13.0,00110001100001011000
87,13.0,00110001100001011000,13.0,00110001100001011000
87,13.0,00110001100001011000,13.0,00110001100001011000
87,13.0,00110001100001011000,13.0,00110001100001011000
87,13.0,00110001100001011000,13.0,00110001100001011000
87,13.0,00110001100001011000,13.0,00110001100001011000
87,13.0,00110001100001011000,13.0,00110001100001011000
87,13.0,00110001100001011000,13.0,00110001100001011000
87,13.0,00110001100001011000,13.0,00110001100001011000
87,13.0,00110001100001011000,13.0,00110001100001011000
87,13.0,00110001100001011000,13.0,00110001100001011000
87,13.0,00110001100001011000,13.0,00110001100001011000
87,13.0,00110001100001011000,13.0,00110001100001011000
87,13.0,00110001100001011000,13.0,00110001100001011000
87,13.0,00110001100001011000,13.0,00110001100001011000
87,13.0,00110001100001011000,13.0,00110001100001011000
87,13.0,00110001100001011000,13.0,00110001100001011000
87,13.0,00110001100001011000,13.0,00110001100001011000
87,13.0,00110001100001011000,13.0,00110001100001011000
87,13.0,00110001100001011000,13.0,00110001100001011000
87,13.0,00110001100001011000,13.0,00110001100001011000
88,3755.0,01010001111010110000,2981.0,01011001100110111010
88,2981.0,01011001100110111010,1283.0,01001101010111111000
88,1283.0,01001101010111111000,1283.0,01011101000111001001
88,1283.0,01011101000111001001,137.0,11011110000100111011
88,137.0,11011110000100111011,137.0,11011110000100111011
88,137.0,11011110000100111011,137.0,11011110000100111011
88,137.0,11011110000100111011,137.0,11011110000100111011
88,137.0,11011110000100111011,137.0,11011110000100111011
88,137.0,11011110000100111011,137.0,11011110000100111011
88,137.0,11011110000100111011,137.0,11011110000100111011
88,137.0,11011110000100111011,137.0,11011110000100111011
88,137.0,11011110000100111011,137.0,11011110000100111011
88,137.0,11011110000100111011,137.0,11011110000100111011
88,137.0,11011110000100111011,137.0,11011110000100111011
88,137.0,11011110000100111011,137.0,11011110000100111011
88,137.0,11011110000100111011,137.0,11011110000100111011
88,137.0,11011110000100111011,137.0,11011110000100111011
88,137.0,11011110000100111011,137.0,11011110000100111011
88,137.0,11011110000100111011,137.0,11011110000100111011
88,137.0,11011110000100111011,137.0,11011110000100111011
88,137.0,11011110000100111011,137.0,11011110000100111011
88,137.0,11011110000100111011,137.0,11011110000100111011
88,137.0,11011110000100111011,137.0,11011110000100111011
88,137.0,11011110000100111011,137.0,11011110000100111011
88,137.0,11011110000100111011,137.0,11011110000100111011
88,137.0,11011110000100111011,137.0,11011110000100111011
88,137.0,11011110000100111011,137.0,11011110000100111011
88,137.0,11011110000100111011,137.0,11011110000100111011
88,137.0,11011110000100111011,137.0,11011110000100111011
88,137.0,11011110000100111011,137.0,11011110000100111011
88,137.0,11011110000100111011,137.0,11011110000100111011
88,137.0,11011110000100111011,137.0,11011110000100111011
88,137.0,11011110000100111011,137.0,11011110000100111011
88,137.0,11011110000100111011,137.0,11011110000100111011
88,137.0,11011110000100111011,137.0,11011110000100111011
88,137.0,11011110000100111011,137.0,11011110000100111011
88,137.0,11011110000100111011,137.0,11011110000100111011
88,137.0,11011110000100111011,137.0,11011110000100111011
88,137.0,11011110000100111011,137.0,11011110000100111011
88,137.0,11011110000100111011,137.0,11011110000100111011
88,137.0,11011110000100111011,137.0,11011110000100111011
88,137.0,11011110000100111011,137.0,11011110000100111011
88,137.0,11011110000100111011,137.0,11011110000100111011
88,137.0,11011110000100111011,137.0,11011110000100111011
89,2037.0,10100111010010011000,1221.0,00100111100110011011
89,1221.0,00100111100110011011,1221.0,00100111100110011011
89,1221.0,00100111100110011011,1221.0,00100111100110011011
89,1221.0,00100111100110011011,1033.0,00100010111110011001
89,1033.0,00100010111110011001,1033.0,00100010111110011001
89,1033.0,00100010111110011001,1033.0,00100010111110011001
89,1033.0,00100010111110011001,493.0,00101010101100011101
89,493.0,00101010101100011101,493.0,00101010101100011101
89,493.0,00101010101100011101,493.0,00101010101100011101
89,493.0,00101010101100011101,493.0,00101010101100011101
89,493.0,00101010101100011101,493.0,00101010101100011101
89,493.0,00101010101100011101,493.0,00101010101100011101
89,493.0,00101010101100011101,493.0,00101010101100011101
89,493.0,00101010101100011101,493.0,00101010101100011101
89,493.0,00101010101100011101,493.0,00101010101100011101
89,493.0,00101010101100011101,403.0,00111110101000010100
89,403.0,00111110101000010100,403.0,00111110101000010100
89,403.0,00111110101000010100,403.0,00111110101000010100
89,403.0,00111110101000010100,403.0,00111110101000010100
89,403.0,00111110101000010100,403.0,00111110101000010100
89,403.0,00111110101000010100,403.0,00111110101000010100
89,403.0,00111110101000010100,403.0,00111110101000010100
89,403.0,00111110101000010100,403.0,00111110101000010100
89,403.0,00111110101000010100,403.0,00111110101000010100
89,403.0,00111110101000010100,197.0,00110110000100011110
89,197.0,00110110000100011110,197.0,00110110000100011110
89,197.0,00110110000100011110,197.0,00110110000100011110
89,197.0,00110110000100011110,197.0,00110110000100011110
89,197.0,00110110000100011110,197.0,00110110000100011110
89,197.0,00110110000100011110,197.0,00110110000100011110
89,197.0,00110110000100011110,197.0,00110110000100011110
89,197.0,00110110000100011110,197.0,00110110000100011110
89,197.0,00110110000100011110,197.0,00110110000100011110
89,197.0,00110110000100011110,197.0,00110110000100011110
89,197.0,00110110000100011110,197.0,00110110000100011110
89,197.0,00110110000100011110,197.0,00110110000100011110
89,197.0,00110110000100011110,197.0,00110110000100011110
89,197.0,00110110000100011110,197.0,00110110000100011110
89,197.0,00110110000100011110,197.0,00110110000100011110
89,197.0,00110110000100011110,197.0,00110110000100011110
89,197.0,00110110000100011110,197.0,00110110000100011110
89,197.0,00110110000100011110,197.0,00110110000100011110
89,197.0,00110110000100011110,197.0,00110110000100011110
89,197.0,00110110000100011110,197.0,00110110000100011110
89,197.0,00110110000100011110,197.0,00110110000100011110
89,197.0,00110110000100011110,197.0,00110110000100011110
89,197.0,00110110000100011110,197.0,00110110000100011110
89,197.0,00110110000100011110,197.0,00110110000100011110
89,197.0,00110110000100011110,197.0,00110110000100011110
89,197.0,00110110000100011110,197.0,00110110000100011110
89,197.0,00110110000100011110,197.0,00110110000100011110
89,197.0,00110110000100011110,197.0,00110110000100011110
89,197.0,00110110000100011110,197.0,00110110000100011110
89,197.0,00110110000100011110,197.0,00110110000100011110
89,197.0,00110110000100011110,197.0,00110110000100011110
89,197.0,00110110000100011110,197.0,00110110000100011110
89,197.0,00110110000100011110,197.0,00110110000100011110
90,11031.0,00101010011011101000,3917.0,10101110010010111111
90,3917.0,10101110010010111111,2915.0,01101100011010111101
90,2915.0,01101100011010111101,2915.0,01101100011010111101
90,2915.0,01101100011010111101,2915.0,01101100011010111101
90,2915.0,01101100011010111101,2915.0,01101100011010111101
90,2915.0,01101100011010111101,2915.0,01101100011010111101
90,2915.0,01101100011010111101,223.0,00101100011110111111
90,223.0,00101100011110111111,223.0,00101100011110111111
90,223.0,00101100011110111111,223.0,00101100011110111111
90,223.0,00101100011110111111,223.0,00101100011110111111
90,223.0,00101100011110111111,223.0,00101100011110111111
90,223.0,00101100011110111111,223.0,00101100011110111111
90,223.0,00101100011110111111,223.0,00101100011110111111
90,223.0,00101100011110111111,223.0,00101100011110111111
90,223.0,00101100011110111111,223.0,00101100011110111111
90,223.0,00101100011110111111,223.0,00101100011110111111
90,223.0,00101100011110111111,223.0,00101100011110111111
90,223.0,00101100011110111111,223.0,00101100011110111111
90,223.0,00101100011110111111,223.0,00101100011110111111
90,223.0,00101100011110111111,223.0,00101100011110111111
90,223.0,00101100011110111111,223.0,00101100011110111111
90,223.0,00101100011110111111,223.0,00101100011110111111
90,223.0,00101100011110111111,223.0,00101100011110111111
90,223.0,00101100011110111111,223.0,00101100011110111111
90,223.0,00101100011110111111,223.0,00101100011110111111
90,223.0,00101100011110111111,223.0,00101100011110111111
90,223.0,00101100011110111111,223.0,00101100011110111111
90,223.0,00101100011110111111,167.0,11001000011110111101
90,167.0,11001000011110111101,167.0,11001000011110111101
90,167.0,11001000011110111101,167.0,11001000011110111101
90,167.0,11001000011110111101,167.0,11001000011110111101
90,167.0,11001000011110111101,167.0,11001000011110111101
90,167.0,11001000011110111101,167.0,11001000011110111101
90,167.0,11001000011110111101,167.0,11001000011110111101
90,167.0,11001000011110111101,167.0,11001000011110111101
90,167.0,11001000011110111101,167.0,11001000011110111101
90,167.0,11001000011110111101,167.0,11001000011110111101
90,167.0,11001000011110111101,167.0,11001000011110111101
90,167.0,11001000011110111101,167.0,11001000011110111101
90,167.0,11001000011110111101,167.0,11001000011110111101
90,167.0,11001000011110111101,167.0,11001000011110111101
90,167.0,11001000011110111101,167.0,11001000011110111101
90,167.0,11001000011110111101,167.0,11001000011110111101
90,167.0,11001000011110111101,167.0,11001000011110111101
90,167.0,11001000011110111101,167.0,11001000011110111101
90,167.0,11001000011110111101,167.0,11001000011110111101
90,167.0,11001000011110111101,63.0,01000101001100111101
90,63.0,01000101001100111101,63.0,01000101001100111101
90,63.0,01000101001100111101,63.0,01000101001100111101
90,63.0,01000101001100111101,63.0,01000101001100111101
90,63.0,01000101001100111101,5.0,01001101110110111101
90,5.0,01001101110110111101,5.0,01001101110110111101
90,5.0,01001101110110111101,5.0,01001101110110111101
90,5.0,01001101110110111101,5.0,01001101110110111101
90,5.0,01001101110110111101,5.0,01001101110110111101
90,5.0,01001101110110111101,5.0,01001101110110111101
90,5.0,01001101110110111101,5.0,01001101110110111101
90,5.0,01001101110110111101,5.0,01001101110110111101
90,5.0,01001101110110111101,5.0,01001101110110111101
90,5.0,01001101110110111101,5.0,01001101110110111101
90,5.0,01001101110110111101,5.0,01001101110110111101
90,5.0,01001101110110111101,5.0,01001101110110111101
90,5.0,01001101110110111101,5.0,01001101110110111101
90,5.0,01001101110110111101,5.0,01001101110110111101
90,5.0,01001101110110111101,5.0,01001101110110111101
90,5.0,01001101110110111101,5.0,01001101110110111101
90,5.0,01001101110110111101,5.0,01001101110110111101
90,5.0,01001101110110111101,5.0,01001101110110111101
90,5.0,01001101110110111101,5.0,01001101110110111101
90,5.0,01001101110110111101,5.0,01001101110110111101
90,5.0,01001101110110111101,5.0,01001101110110111101
90,5.0,01001101110110111101,5.0,01001101110110111101
90,5.0,01001101110110111101,5.0,01001101110110111101
90,5.0,01001101110110111101,5.0,01001101110110111101
90,5.0,01001101110110111101,5.0,01001101110110111101
90,5.0,01001101110110111101,5.0,01001101110110111101
90,5.0,01001101110110111101,5.0,01001101110110111101
90,5.0,01001101110110111101,5.0,01001101110110111101
90,5.0,01001101110110111101,5.0,01001101110110111101
90,5.0,01001101110110111101,5.0,01001101110110111101
90,5.0,01001101110110111101,5.0,01001101110110111101
90,5.0,01001101110110111101,5.0,01001101110110111101
90,5.0,01001101110110111101,5.0,01001101110110111101
90,5.0,01001101110110111101,5.0,01001101110110111101
90,5.0,01001101110110111101,5.0,01001101110110111101
90,5.0,01001101110110111101,5.0,01001101110110111101
90,5.0,01001101110110111101,5.0,01001101110110111101
90,5.0,01001101110110111101,5.0,01001101110110111101
90,5.0,01001101110110111101,5.0,01001101110110111101
90,5.0,01001101110110111101,5.0,01001101110110111101
90,5.0,01001101110110111101,5.0,01001101110110111101
90,5.0,01001101110110111101,5.0,01001101110110111101
90,5.0,01001101110110111101,5.0,01001101110110111101
90,5.0,01001101110110111101,5.0,01001101110110111101
90,5.0,01001101110110111101,5.0,01001101110110111101
90,5.0,01001101110110111101,5.0,01001101110110111101
90,5.0,01001101110110111101,5.0,01001101110110111101
91,156065.0,00101100111110101111,12571.0,00000001011110111110
91,12571.0,00000001011110111110,10153.0,00010001010110111101
91,10153.0,00010001010110111101,9225.0,00110101001010100101
91,9225.0,00110101001010100101,7021.0,10111101001010100010
91,7021.0,10111101001010100010,6425.0,10111101000011100011
91,6425.0,10111101000011100011,567.0,10111001000101100011
91,567.0,10111001000101100011,567.0,10111001000101100011
91,567.0,10111001000101100011,567.0,10111001000101100011
91,567.0,10111001000101100011,567.0,10111001000101100011
91,567.0,10111001000101100011,567.0,10111001000101100011
91,567.0,10111001000101100011,567.0,10111001000101100011
91,567.0,10111001000101100011,567.0,10111001000101100011
91,567.0,10111001000101100011,567.0,10111001000101100011
91,567.0,10111001000101100011,521.0,10100011100101100001
91,521.0,10100011100101100001,521.0,10100011100101100001
91,521.0,10100011100101100001,521.0,10100011100101100001
91,521.0,10100011100101100001,521.0,10100011100101100001
91,521.0,10100011100101100001,521.0,10100011100101100001
91,521.0,10100011100101100001,521.0,10100011100101100001
91,521.0,10100011100101100001,317.0,01100011000101010010
91,317.0,01100011000101010010,317.0,01100011000101010010
91,317.0,01100011000101010010,317.0,01100011000101010010
91,317.0,01100011000101010010,317.0,01100011000101010010
91,317.0,01100011000101010010,317.0,01100011000101010010
91,317.0,01100011000101010010,317.0,01100011000101010010
91,317.0,01100011000101010010,317.0,01100011000101010010
91,317.0,01100011000101010010,317.0,01100011000101010010
91,317.0,01100011000101010010,221.0,01101101000101011010
91,221.0,01101101000101011010,221.0,01101101000101011010
91,221.0,01101101000101011010,221.0,01101101000101011010
91,221.0,01101101000101011010,221.0,01101101000101011010
91,221.0,01101101000101011010,221.0,01101101000101011010
91,221.0,01101101000101011010,221.0,01101101000101011010
91,221.0,01101101000101011010,221.0,01101101000101011010
91,221.0,01101101000101011010,221.0,01101101000101011010
91,221.0,01101101000101011010,13.0,00110001100001011000
91,13.0,00110001100001011000,13.0,00110001100001011000
91,13.0,00110001100001011000,13.0,00110001100001011000
91,13.0,00110001100001011000,13.0,00110001100001011000
91,13.0,00110001100001011000,13.0,00110001100001011000
91,13.0,00110001100001011000,13.0,00110001100001011000
91,13.0,00110001100001011000,13.0,00110001100001011000
91,13.0,00110001100001011000,13.0,00110001100001011000
91,13.0,00110001100001011000,13.0,00110001100001011000
91,13.0,00110001100001011000,13.0,00110001100001011000
91,13.0,00110001100001011000,13.0,00110001100001011000
91,13.0,00110001100001011000,13.0,00110001100001011000
91,13.0,00110001100001011000,13.0,00110001100001011000
91,13.0,00110001100001011000,13.0,00110001100001011000
91,13.0,00110001100001011000,13.0,00110001100001011000
91,13.0,00110001100001011000,13.0,00110001100001011000
91,13.0,00110001100001011000,13.0,00110001100001011000
91,13.0,00110001100001011000,13.0,00110001100001011000
91,13.0,00110001100001011000,13.0,00110001100001011000
91,13.0,00110001100001011000,13.0,00110001100001011000
91,13.0,00110001100001011000,13.0,00110001100001011000
91,13.0,00110001100001011000,13.0,00110001100001011000
91,13.0,00110001100001011000,13.0,00110001100001011000
91,13.0,00110001100001011000,13.0,00110001100001011000
91,13.0,00110001100001011000,13.0,00110001100001011000
91,13.0,00110001100001011000,13.0,00110001100001011000
91,13.0,00110001100001011000,13.0,00110001100001011000
91,13.0,00110001100001011000,13.0,00110001100001011000
91,13.0,00110001100001011000,13.0,00110001100001011000
91,13.0,00110001100001011000,13.0,00110001100001011000
91,13.0,00110001100001011000,13.0,00110001100001011000
91,13.0,00110001100001011000,13.0,00110001100001011000
91,13.0,00110001100001011000,13.0,00110001100001011000
91,13.0,00110001100001011000,13.0,00110001100001011000
91,13.0,00110001100001011000,13.0,00110001100001011000
91,13.0,00110001100001011000,13.0,00110001100001011000
91,13.0,00110001100001011000,13.0,00110001100001011000
91,13.0,00110001100001011000,13.0,00110001100001011000
91,13.0,00110001100001011000,13.0,00110001100001011000
91,13.0,00110001100001011000,13.0,00110001100001011000
91,13.0,00110001100001011000,13.0,00110001100001011000
91,13.0,00110001100001011000,13.0,00110001100001011000
91,13.0,00110001100001011000,13.0,00110001100001011000
92,20703.0,10001111101000001101,2687.0,10001111001010001101
92,2687.0,10001111001010001101,789.0,10001111001001000111
92,789.0,10001111001001000111,789.0,10001111001001000111
92,789.0,10001111001001000111,789.0,10001111001001000111
92,789.0,10001111001001000111,789.0,10001111001001000111
92,789.0,10001111001001000111,789.0,10001111001001000111
92,789.0,10001111001001000111,789.0,10001111001001000111
92,789.0,10001111001001000111,789.0,10001111001001000111
92,789.0,10001111001001000111,789.0,10001111001001000111
92,789.0,10001111001001000111,789.0,10001111001001000111
92,789.0,10001111001001000111,789.0,10001111001001000111
92,789.0,10001111001001000111,789.0,10001111001001000111
92,789.0,10001111001001000111,789.0,10001111001001000111
92,789.0,10001111001001000111,343.0,00001101001101101110
92,343.0,00001101001101101110,291.0,00000001101111001100
92,291.0,00000001101111001100,291.0,00000001101111001100
92,291.0,00000001101111001100,13.0,00001101101111101011
92,13.0,00001101101111101011,13.0,00001101101111101011
92,13.0,00001101101111101011,13.0,00001101101111101011
92,13.0,00001101101111101011,13.0,00001101101111101011
92,13.0,00001101101111101011,13.0,00001101101111101011
92,13.0,00001101101111101011,13.0,00001101101111101011
92,13.0,00001101101111101011,13.0,00001101101111101011
92,13.0,00001101101111101011,13.0,00001101101111101011
92,13.0,00001101101111101011,13.0,00001101101111101011
92,13.0,00001101101111101011,13.0,00001101101111101011
92,13.0,00001101101111101011,13.0,00001101101111101011
92,13.0,00001101101111101011,5.0,00011111001000101011
92,5.0,00011111001000101011,5.0,00011111001000101011
92,5.0,00011111001000101011,5.0,00011111001000101011
92,5.0,00011111001000101011,5.0,00011111001000101011
92,5.0,00011111001000101011,5.0,00011111001000101011
92,5.0,00011111001000101011,5.0,00011111001000101011
92,5.0,00011111001000101011,5.0,00011111001000101011
92,5.0,00011111001000101011,5.0,00011111001000101011
92,5.0,00011111001000101011,5.0,00011111001000101011
92,5.0,00011111001000101011,5.0,00011111001000101011
92,5.0,00011111001000101011,5.0,00011111001000101011
92,5.0,00011111001000101011,5.0,00011111001000101011
92,5.0,00011111001000101011,5.0,00011111001000101011
92,5.0,00011111001000101011,5.0,00011111001000101011
92,5.0,00011111001000101011,5.0,00011111001000101011
92,5.0,00011111001000101011,5.0,00011111001000101011
92,5.0,00011111001000101011,5.0,00011111001000101011
92,5.0,00011111001000101011,5.0,00011111001000101011
92,5.0,00011111001000101011,5.0,00011111001000101011
92,5.0,00011111001000101011,5.0,00011111001000101011
92,5.0,00011111001000101011,5.0,00011111001000101011
92,5.0,00011111001000101011,5.0,00011111001000101011
92,5.0,00011111001000101011,5.0,00011111001000101011
92,5.0,00011111001000101011,5.0,00011111001000101011
92,5.0,00011111001000101011,5.0,00011111001000101011
92,5.0,00011111001000101011,5.0,00011111001000101011
92,5.0,00011111001000101011,5.0,00011111001000101011
92,5.0,00011111001000101011,5.0,00011111001000101011
92,5.0,00011111001000101011,5.0,00011111001000101011
92,5.0,00011111001000101011,5.0,00011111001000101011
92,5.0,00011111001000101011,5.0,00011111001000101011
92,5.0,00011111001000101011,5.0,00011111001000101011
92,5.0,00011111001000101011,5.0,00011111001000101011
93,35975.0,10011100110110111101,10533.0,11011100010100111110
93,10533.0,11011100010100111110,3307.0,11010100110110101100
93,3307.0,11010100110110101100,3307.0,11010100110110101100
93,3307.0,11010100110110101100,81.0,00010110110001101101
93,81.0,00010110110001101101,81.0,00010110110001101101
93,81.0,00010110110001101101,81.0,00010110110001101101
93,81.0,00010110110001101101,81.0,00010110110001101101
93,81.0,00010110110001101101,81.0,00010110110001101101
93,81.0,00010110110001101101,81.0,00010110110001101101
93,81.0,00010110110001101101,81.0,00010110110001101101
93,81.0,00010110110001101101,81.0,00010110110001101101
93,81.0,00010110110001101101,81.0,00010110110001101101
93,81.0,00010110110001101101,81.0,00010110110001101101
93,81.0,00010110110001101101,81.0,00010110110001101101
93,81.0,00010110110001101101,81.0,00010110110001101101
93,81.0,00010110110001101101,81.0,00010110110001101101
93,81.0,00010110110001101101,81.0,00010110110001101101
93,81.0,00010110110001101101,81.0,00010110110001101101
93,81.0,00010110110001101101,81.0,00010110110001101101
93,81.0,00010110110001101101,81.0,00010110110001101101
93,81.0,00010110110001101101,81.0,00010110110001101101
93,81.0,00010110110001101101,81.0,00010110110001101101
93,81.0,00010110110001101101,81.0,00010110110001101101
93,81.0,00010110110001101101,71.0,00011010001001001110
93,71.0,00011010001001001110,71.0,00011010001001001110
93,71.0,00011010001001001110,71.0,00011010001001001110
93,71.0,00011010001001001110,71.0,00011010001001001110
93,71.0,00011010001001001110,71.0,00011010001001001110
93,71.0,00011010001001001110,71.0,00011010001001001110
93,71.0,00011010001001001110,71.0,00011010001001001110
93,71.0,00011010001001001110,71.0,00011010001001001110
93,71.0,00011010001001001110,71.0,00011010001001001110
93,71.0,00011010001001001110,71.0,00011010001001001110
93,71.0,00011010001001001110,71.0,00011010001001001110
93,71.0,00011010001001001110,71.0,00011010001001001110
93,71.0,00011010001001001110,71.0,00011010001001001110
93,71.0,00011010001001001110,71.0,00011010001001001110
93,71.0,00011010001001001110,71.0,00011010001001001110
93,71.0,00011010001001001110,71.0,00011010001001001110
93,71.0,00011010001001001110,71.0,00011010001001001110
93,71.0,00011010001001001110,71.0,00011010001001001110
93,71.0,00011010001001001110,71.0,00011010001001001110
93,71.0,00011010001001001110,71.0,00011010001001001110
93,71.0,00011010001001001110,71.0,00011010001001001110
93,71.0,00011010001001001110,71.0,00011010001001001110
93,71.0,00011010001001001110,71.0,00011010001001001110
93,71.0,00011010001001001110,71.0,00011010001001001110
93,71.0,00011010001001001110,71.0,00011010001001001110
93,71.0,00011010001001001110,71.0,00011010001001001110
93,71.0,00011010001001001110,71.0,00011010001001001110
93,71.0,00011010001001001110,71.0,00011010001001001110
93,71.0,00011010001001001110,71.0,00011010001001001110
93,71.0,00011010001001001110,71.0,00011010001001001110
93,71.0,00011010001001001110,71.0,00011010001001001110
93,71.0,00011010001001001110,71.0,00011010001001001110
93,71.0,00011010001001001110,71.0,00011010001001001110
93,71.0,00011010001001001110,71.0,00011010001001001110
93,71.0,00011010001001001110,71.0,00011010001001001110
93,71.0,00011010001001001110,71.0,00011010001001001110
93,71.0,00011010001001001110,71.0,00011010001001001110
93,71.0,00011010001001001110,71.0,00011010001001001110
93,71.0,00011010001001001110,71.0,00011010001001001110
93,71.0,00011010001001001110,71.0,00011010001001001110
93,71.0,00011010001001001110,71.0,00011010001001001110
94,51867.0,00101101101100001111,51867.0,00101101101100001111
94,51867.0,00101101101100001111,9295.0,00101101011100001111
94,9295.0,00101101011100001111,1251.0,00101001111100001100
94,1251.0,00101001111100001100,493.0,00101010101100011101
94,493.0,00101010101100011101,141.0,00101010111110010110
94,141.0,00101010111110010110,141.0,00101010111110010110
94,141.0,00101010111110010110,141.0,00101010111110010110
94,141.0,00101010111110010110,141.0,00101010111110010110
94,141.0,00101010111110010110,141.0,00101010111110010110
94,141.0,00101010111110010110,141.0,00101010111110010110
94,141.0,00101010111110010110,141.0,00101010111110010110
94,141.0,00101010111110010110,141.0,00101010111110010110
94,141.0,00101010111110010110,75.0,10101010101010001111
94,75.0,10101010101010001111,75.0,10101010101010001111
94,75.0,10101010101010001111,75.0,10101010101010001111
94,75.0,10101010101010001111,75.0,10101010101010001111
94,75.0,10101010101010001111,75.0,10101010101010001111
94,75.0,10101010101010001111,75.0,10101010101010001111
94,75.0,10101010101010001111,75.0,10101010101010001111
94,75.0,10101010101010001111,75.0,10101010101010001111
94,75.0,10101010101010001111,75.0,10101010101010001111
94,75.0,10101010101010001111,75.0,10101010101010001111
94,75.0,10101010101010001111,75.0,10101010101010001111
94,75.0,10101010101010001111,75.0,10101010101010001111
94,75.0,10101010101010001111,75.0,10101010101010001111
94,75.0,10101010101010001111,75.0,10101010101010001111
94,75.0,10101010101010001111,75.0,10101010101010001111
94,75.0,10101010101010001111,75.0,10101010101010001111
94,75.0,10101010101010001111,75.0,10101010101010001111
94,75.0,10101010101010001111,75.0,10101010101010001111
94,75.0,10101010101010001111,75.0,10101010101010001111
94,75.0,10101010101010001111,75.0,10101010101010001111
94,75.0,10101010101010001111,75.0,10101010101010001111
94,75.0,10101010101010001111,75.0,10101010101010001111
94,75.0,10101010101010001111,75.0,10101010101010001111
94,75.0,10101010101010001111,75.0,10101010101010001111
94,75.0,10101010101010001111,75.0,10101010101010001111
94,75.0,10101010101010001111,75.0,10101010101010001111
94,75.0,10101010101010001111,75.0,10101010101010001111
94,75.0,10101010101010001111,75.0,10101010101010001111
94,75.0,10101010101010001111,75.0,10101010101010001111
94,75.0,10101010101010001111,75.0,10101010101010001111
94,75.0,10101010101010001111,75.0,10101010101010001111
94,75.0,10101010101010001111,75.0,10101010101010001111
94,75.0,10101010101010001111,75.0,10101010101010001111
94,75.0,10101010101010001111,75.0,10101010101010001111
94,75.0,10101010101010001111,75.0,10101010101010001111
94,75.0,10101010101010001111,75.0,10101010101010001111
95,3755.0,01010001010101100100,3245.0,10001001011101100110
95,3245.0,10001001011101100110,553.0,11001001011001100100
95,553.0,11001001011001100100,553.0,11001001011001100100
95,553.0,11001001011001100100,553.0,11001001011001100100
95,553.0,11001001011001100100,95.0,11001101011001000111
95,95.0,11001101011001000111,95.0,11001101011001000111
95,95.0,11001101011001000111,95.0,11001101011001000111
95,95.0,11001101011001000111,95.0,11001101011001000111
95,95.0,11001101011001000111,95.0,11001101011001000111
95,95.0,11001101011001000111,95.0,11001101011001000111
95,95.0,11001101011001000111,95.0,11001101011001000111
95,95.0,11001101011001000111,95.0,11001101011001000111
95,95.0,11001101011001000111,95.0,11001101011001000111
95,95.0,11001101011001000111,95.0,11001101011001000111
95,95.0,11001101011001000111,95.0,11001101011001000111
95,95.0,11001101011001000111,95.0,11001101011001000111
95,95.0,11001101011001000111,95.0,11001101011001000111
95,95.0,11001101011001000111,95.0,11001101011001000111
95,95.0,11001101011001000111,95.0,11001101011001000111
95,95.0,11001101011001000111,95.0,11001101011001000111
95,95.0,11001101011001000111,95.0,11001101011001000111
95,95.0,11001101011001000111,59.0,11000101110011010110
95,59.0,11000101110011010110,59.0,11000101110011010110
95,59.0,11000101110011010110,59.0,11000101110011010110
95,59.0,11000101110011010110,59.0,11000101110011010110
95,59.0,11000101110011010110,59.0,11000101110011010110
95,59.0,11000101110011010110,59.0,11000101110011010110
95,59.0,11000101110011010110,59.0,11000101110011010110
95,59.0,11000101110011010110,59.0,11000101110011010110
95,59.0,11000101110011010110,59.0,11000101110011010110
95,59.0,11000101110011010110,59.0,11000101110011010110
95,59.0,11000101110011010110,59.0,11000101110011010110
95,59.0,11000101110011010110,59.0,11000101110011010110
95,59.0,11000101110011010110,59.0,11000101110011010110
95,59.0,11000101110011010110,59.0,11000101110011010110
95,59.0,11000101110011010110,59.0,11000101110011010110
95,59.0,11000101110011010110,59.0,11000101110011010110
95,59.0,11000101110011010110,59.0,11000101110011010110
95,59.0,11000101110011010110,59.0,11000101110011010110
95,59.0,11000101110011010110,59.0,11000101110011010110
95,59.0,11000101110011010110,59.0,11000101110011010110
95,59.0,11000101110011010110,59.0,11000101110011010110
95,59.0,11000101110011010110,59.0,11000101110011010110
95,59.0,11000101110011010110,59.0,11000101110011010110
95,59.0,11000101110011010110,59.0,11000101110011010110
95,59.0,11000101110011010110,59.0,11000101110011010110
95,59.0,11000101110011010110,59.0,11000101110011010110
95,59.0,11000101110011010110,59.0,11000101110011010110
95,59.0,11000101110011010110,59.0,11000101110011010110
95,59.0,11000101110011010110,59.0,11000101110011010110
95,59.0,11000101110011010110,59.0,11000101110011010110
95,59.0,11000101110011010110,59.0,11000101110011010110
95,59.0,11000101110011010110,59.0,11000101110011010110
95,59.0,11000101110011010110,59.0,11000101110011010110
95,59.0,11000101110011010110,59.0,11000101110011010110
95,59.0,11000101110011010110,59.0,11000101110011010110
95,59.0,11000101110011010110,59.0,11000101110011010110
95,59.0,11000101110011010110,59.0,11000101110011010110
95,59.0,11000101110011010110,59.0,11000101110011010110
95,59.0,11000101110011010110,59.0,11000101110011010110
95,59.0,11000101110011010110,59.0,11000101110011010110
95,59.0,11000101110011010110,59.0,11000101110011010110
95,59.0,11000101110011010110,59.0,11000101110011010110
95,59.0,11000101110011010110,59.0,11000101110011010110
95,59.0,11000101110011010110,59.0,11000101110011010110
96,35189.0,00010010111100001100,21387.0,00010010111000011100
96,21387.0,00010010111000011100,21387.0,00010010111000011100
96,21387.0,00010010111000011100,10777.0,00111000111000011100
96,10777.0,00111000111000011100,9167.0,01110000001000011110
96,9167.0,01110000001000011110,1365.0,00110001001010010101
96,1365.0,00110001001010010101,1365.0,00110001001010010101
96,1365.0,00110001001010010101,1223.0,01110100001010001110
96,1223.0,01110100001010001110,625.0,11110100001010100100
96,625.0,11110100001010100100,625.0,11110100001010100100
96,625.0,11110100001010100100,467.0,11111100010010110111
96,467.0,11111100010010110111,467.0,11111100010010110111
96,467.0,11111100010010110111,467.0,11111100010010110111
96,467.0,11111100010010110111,427.0,10111100010011101011
96,427.0,10111100010011101011,427.0,10111100010011101011
96,427.0,10111100010011101011,427.0,10111100010011101011
96,427.0,10111100010011101011,427.0,10111100010011101011
96,427.0,10111100010011101011,427.0,10111100010011101011
96,427.0,10111100010011101011,427.0,10111100010011101011
96,427.0,10111100010011101011,427.0,10111100010011101011
96,427.0,10111100010011101011,427.0,10111100010011101011
96,427.0,10111100010011101011,427.0,10111100010011101011
96,427.0,10111100010011101011,427.0,10111100010011101011
96,427.0,10111100010011101011,427.0,10111100010011101011
96,427.0,10111100010011101011,427.0,10111100010011101011
96,427.0,10111100010011101011,427.0,10111100010011101011
96,427.0,10111100010011101011,427.0,10111100010011101011
96,427.0,10111100010011101011,427.0,10111100010011101011
96,427.0,10111100010011101011,427.0,10111100010011101011
96,427.0,10111100010011101011,427.0,10111100010011101011
96,427.0,10111100010011101011,427.0,10111100010011101011
96,427.0,10111100010011101011,427.0,10111100010011101011
96,427.0,10111100010011101011,427.0,10111100010011101011
96,427.0,10111100010011101011,427.0,10111100010011101011
96,427.0,10111100010011101011,427.0,10111100010011101011
96,427.0,10111100010011101011,427.0,10111100010011101011
96,427.0,10111100010011101011,427.0,10111100010011101011
96,427.0,10111100010011101011,427.0,10111100010011101011
96,427.0,10111100010011101011,427.0,10111100010011101011
96,427.0,10111100010011101011,427.0,10111100010011101011
96,427.0,10111100010011101011,427.0,10111100010011101011
96,427.0,10111100010011101011,427.0,10111100010011101011
96,427.0,10111100010011101011,427.0,10111100010011101011
96,427.0,10111100010011101011,427.0,10111100010011101011
96,427.0,10111100010011101011,427.0,10111100010011101011
96,427.0,10111100010011101011,427.0,10111100010011101011
96,427.0,10111100010011101011,427.0,10111100010011101011
96,427.0,10111100010011101011,147.0,11000010010011101111
96,147.0,11000010010011101111,147.0,11000010010011101111
96,147.0,11000010010011101111,147.0,11000010010011101111
96,147.0,11000010010011101111,147.0,11000010010011101111
96,147.0,11000010010011101111,147.0,11000010010011101111
96,147.0,11000010010011101111,147.0,11000010010011101111
96,147.0,11000010010011101111,147.0,11000010010011101111
96,147.0,11000010010011101111,147.0,11000010010011101111
96,147.0,11000010010011101111,147.0,11000010010011101111
96,147.0,11000010010011101111,147.0,11000010010011101111
96,147.0,11000010010011101111,147.0,11000010010011101111
96,147.0,11000010010011101111,147.0,11000010010011101111
96,147.0,11000010010011101111,87.0,10001111010001001101
96,87.0,10001111010001001101,87.0,10001111010001001101
96,87.0,10001111010001001101,87.0,10001111010001001101
96,87.0,10001111010001001101,87.0,10001111010001001101
96,87.0,10001111010001001101,87.0,10001111010001001101
96,87.0,10001111010001001101,87.0,10001111010001001101
96,87.0,10001111010001001101,87.0,10001111010001001101
96,87.0,10001111010001001101,87.0,10001111010001001101
96,87.0,10001111010001001101,87.0,10001111010001001101
96,87.0,10001111010001001101,87.0,10001111010001001101
96,87.0,10001111010001001101,87.0,10001111010001001101
96,87.0,10001111010001001101,87.0,10001111010001001101
96,87.0,10001111010001001101,87.0,10001111010001001101
96,87.0,10001111010001001101,87.0,10001111010001001101
96,87.0,10001111010001001101,87.0,10001111010001001101
96,87.0,10001111010001001101,87.0,10001111010001001101
96,87.0,10001111010001001101,87.0,10001111010001001101
96,87.0,10001111010001001101,87.0,10001111010001001101
96,87.0,10001111010001001101,87.0,10001111010001001101
96,87.0,10001111010001001101,87.0,10001111010001001101
96,87.0,10001111010001001101,87.0,10001111010001001101
96,87.0,10001111010001001101,87.0,10001111010001001101
96,87.0,10001111010001001101,87.0,10001111010001001101
97,521.0,10111000100011001101,521.0,10111000100011001101
97,521.0,10111000100011001101,171.0,10110000001011000110
97,171.0,10110000001011000110,171.0,10110000001011000110
97,171.0,10110000001011000110,171.0,10110000001011000110
97,171.0,10110000001011000110,171.0,10110000001011000110
97,171.0,10110000001011000110,171.0,10110000001011000110
97,171.0,10110000001011000110,171.0,10110000001011000110
97,171.0,10110000001011000110,171.0,10110000001011000110
97,171.0,10110000001011000110,171.0,10110000001011000110
97,171.0,10110000001011000110,171.0,10110000001011000110
97,171.0,10110000001011000110,171.0,10110000001011000110
97,171.0,10110000001011000110,171.0,10110000001011000110
97,171.0,10110000001011000110,171.0,10110000001011000110
97,171.0,10110000001011000110,171.0,10110000001011000110
97,171.0,10110000001011000110,171.0,10110000001011000110
97,171.0,10110000001011000110,171.0,10110000001011000110
97,171.0,10110000001011000110,171.0,10110000001011000110
97,171.0,10110000001011000110,5.0,10110010001001000010
97,5.0,10110010001001000010,5.0,10110010001001000010
97,5.0,10110010001001000010,5.0,10110010001001000010
97,5.0,10110010001001000010,5.0,10110010001001000010
97,5.0,10110010001001000010,5.0,10110010001001000010
97,5.0,10110010001001000010,5.0,10110010001001000010
97,5.0,10110010001001000010,5.0,10110010001001000010
97,5.0,10110010001001000010,5.0,10110010001001000010
97,5.0,10110010001001000010,5.0,10110010001001000010
97,5.0,10110010001001000010,5.0,10110010001001000010
97,5.0,10110010001001000010,5.0,10110010001001000010
97,5.0,10110010001001000010,5.0,10110010001001000010
97,5.0,10110010001001000010,5.0,10110010001001000010
97,5.0,10110010001001000010,5.0,10110010001001000010
97,5.0,10110010001001000010,5.0,10110010001001000010
97,5.0,10110010001001000010,5.0,10110010001001000010
97,5.0,10110010001001000010,5.0,10110010001001000010
97,5.0,10110010001001000010,5.0,10110010001001000010
97,5.0,10110010001001000010,5.0,10110010001001000010
97,5.0,10110010001001000010,5.0,10110010001001000010
97,5.0,10110010001001000010,5.0,10110010001001000010
97,5.0,10110010001001000010,5.0,10110010001001000010
97,5.0,10110010001001000010,5.0,10110010001001000010
97,5.0,10110010001001000010,5.0,10110010001001000010
97,5.0,10110010001001000010,5.0,10110010001001000010
97,5.0,10110010001001000010,5.0,10110010001001000010
97,5.0,10110010001001000010,5.0,10110010001001000010
97,5.0,10110010001001000010,5.0,10110010001001000010
97,5.0,10110010001001000010,5.0,10110010001001000010
97,5.0,10110010001001000010,5.0,10110010001001000010
97,5.0,10110010001001000010,5.0,10110010001001000010
97,5.0,10110010001001000010,5.0,10110010001001000010
97,5.0,10110010001001000010,5.0,10110010001001000010
97,5.0,10110010001001000010,5.0,10110010001001000010
97,5.0,10110010001001000010,5.0,10110010001001000010
97,5.0,10110010001001000010,5.0,10110010001001000010
97,5.0,10110010001001000010,5.0,10110010001001000010
97,5.0,10110010001001000010,5.0,10110010001001000010
97,5.0,10110010001001000010,5.0,10110010001001000010
97,5.0,10110010001001000010,5.0,10110010001001000010
97,5.0,10110010001001000010,5.0,10110010001001000010
97,5.0,10110010001001000010,5.0,10110010001001000010
97,5.0,10110010001001000010,5.0,10110010001001000010
97,5.0,10110010001001000010,5.0,10110010001001000010
97,5.0,10110010001001000010,5.0,10110010001001000010
97,5.0,10110010001001000010,5.0,10110010001001000010
97,5.0,10110010001001000010,5.0,10110010001001000010
97,5.0,10110010001001000010,5.0,10110010001001000010
97,5.0,10110010001001000010,5.0,10110010001001000010
97,5.0,10110010001001000010,5.0,10110010001001000010
97,5.0,10110010001001000010,5.0,10110010001001000010
97,5.0,10110010001001000010,5.0,10110010001001000010
97,5.0,10110010001001000010,5.0,10110010001001000010
97,5.0,10110010001001000010,5.0,10110010001001000010
97,5.0,10110010001001000010,5.0,10110010001001000010
97,5.0,10110010001001000010,5.0,10110010001001000010
97,5.0,10110010001001000010,5.0,10110010001001000010
97,5.0,10110010001001000010,5.0,10110010001001000010
97,5.0,10110010001001000010,5.0,10110010001001000010
98,2451.0,00110100011001101001,1431.0,00011100001101101110
98,1431.0,00011100001101101110,407.0,01001100001101111111
98,407.0,01001100001101111111,407.0,01001100001101111111
98,407.0,01001100001101111111,407.0,01001100001101111111
98,407.0,01001100001101111111,407.0,01001100001101111111
98,407.0,01001100001101111111,407.0,01001100001101111111
98,407.0,01001100001101111111,407.0,01001100001101111111
98,407.0,01001100001101111111,407.0,01001100001101111111
98,407.0,01001100001101111111,407.0,01001100001101111111
98,407.0,01001100001101111111,407.0,01001100001101111111
98,407.0,01001100001101111111,407.0,01001100001101111111
98,407.0,01001100001101111111,407.0,01001100001101111111
98,407.0,01001100001101111111,133.0,01000100011111111011
98,133.0,01000100011111111011,133.0,01000100011111111011
98,133.0,01000100011111111011,133.0,01000100011111111011
98,133.0,01000100011111111011,133.0,01000100011111111011
98,133.0,01000100011111111011,133.0,01000100011111111011
98,133.0,01000100011111111011,133.0,01000100011111111011
98,133.0,01000100011111111011,133.0,01000100011111111011
98,133.0,01000100011111111011,133.0,01000100011111111011
98,133.0,01000100011111111011,133.0,01000100011111111011
98,133.0,01000100011111111011,133.0,01000100011111111011
98,133.0,01000100011111111011,133.0,01000100011111111011
98,133.0,01000100011111111011,133.0,01000100011111111011
98,133.0,01000100011111111011,133.0,01000100011111111011
98,133.0,01000100011111111011,133.0,01000100011111111011
98,133.0,01000100011111111011,133.0,01000100011111111011
98,133.0,01000100011111111011,133.0,01000100011111111011
98,133.0,01000100011111111011,133.0,01000100011111111011
98,133.0,01000100011111111011,133.0,01000100011111111011
98,133.0,01000100011111111011,133.0,01000100011111111011
98,133.0,01000100011111111011,133.0,01000100011111111011
98,133.0,01000100011111111011,133.0,01000100011111111011
98,133.0,01000100011111111011,133.0,01000100011111111011
98,133.0,01000100011111111011,133.0,01000100011111111011
98,133.0,01000100011111111011,133.0,01000100011111111011
98,133.0,01000100011111111011,133.0,01000100011111111011
98,133.0,01000100011111111011,133.0,01000100011111111011
98,133.0,01000100011111111011,133.0,01000100011111111011
98,133.0,01000100011111111011,133.0,01000100011111111011
99,67813.0,10011111110000110011,10925.0,10011111110100010001
99,10925.0,10011111110100010001,7633.0,10111011010000010010
99,7633.0,10111011010000010010,7633.0,10111011010000010010
99,7633.0,10111011010000010010,2519.0,11111001010010010011
99,2519.0,11111001010010010011,1431.0,11100011110010010001
99,1431.0,11100011110010010001,1431.0,11100011110010010001
99,1431.0,11100011110010010001,407.0,10110011110010000000
99,407.0,10110011110010000000,407.0,10110011110010000000
99,407.0,10110011110010000000,133.0,10111011100000000100
99,133.0,10111011100000000100,133.0,10111011100000000100
99,133.0,10111011100000000100,133.0,10111011100000000100
99,133.0,10111011100000000100,133.0,10111011100000000100
99,133.0,10111011100000000100,133.0,10111011100000000100
99,133.0,10111011100000000100,133.0,10111011100000000100
99,133.0,10111011100000000100,133.0,10111011100000000100
99,133.0,10111011100000000100,133.0,10111011100000000100
99,133.0,10111011100000000100,133.0,10111011100000000100
99,133.0,10111011100000000100,133.0,10111011100000000100
99,133.0,10111011100000000100,133.0,10111011100000000100
99,133.0,10111011100000000100,133.0,10111011100000000100
99,133.0,10111011100000000100,133.0,10111011100000000100
99,133.0,10111011100000000100,133.0,10111011100000000100
99,133.0,10111011100000000100,133.0,10111011100000000100
99,133.0,10111011100000000100,133.0,10111011100000000100
99,133.0,10111011100000000100,133.0,10111011100000000100
99,133.0,10111011100000000100,133.0,10111011100000000100
99,133.0,10111011100000000100,133.0,10111011100000000100
99,133.0,10111011100000000100,133.0,10111011100000000100
99,133.0,10111011100000000100,133.0,10111011100000000100
99,133.0,10111011100000000100,133.0,10111011100000000100
99,133.0,10111011100000000100,133.0,10111011100000000100
99,133.0,10111011100000000100,133.0,10111011100000000100
99,133.0,10111011100000000100,133.0,10111011100000000100
99,133.0,10111011100000000100,133.0,10111011100000000100
99,133.0,10111011100000000100,133.0,10111011100000000100
99,133.0,10111011100000000100,133.0,10111011100000000100
99,133.0,10111011100000000100,133.0,10111011100000000100
99,133.0,10111011100000000100,133.0,10111011100000000100
99,133.0,10111011100000000100,133.0,10111011100000000100
100,6151.0,00110000010001111110,5569.0,00111100110011110101
100,5569.0,00111100110011110101,5269.0,11100100110011110101
100,5269.0,11100100110011110101,59.0,11000101110011010110
100,59.0,11000101110011010110,59.0,11000101110011010110
100,59.0,11000101110011010110,59.0,11000101110011010110
100,59.0,11000101110011010110,59.0,11000101110011010110
100,59.0,11000101110011010110,59.0,11000101110011010110
100,59.0,11000101110011010110,59.0,11000101110011010110
100,59.0,11000101110011010110,59.0,11000101110011010110
100,59.0,11000101110011010110,59.0,11000101110011010110
100,59.0,11000101110011010110,59.0,11000101110011010110
100,59.0,11000101110011010110,59.0,11000101110011010110
100,59.0,11000101110011010110,59.0,11000101110011010110
100,59.0,11000101110011010110,59.0,11000101110011010110
100,59.0,11000101110011010110,59.0,11000101110011010110
100,59.0,11000101110011010110,59.0,11000101110011010110
100,59.0,11000101110011010110,59.0,11000101110011010110
100,59.0,11000101110011010110,59.0,11000101110011010110
100,59.0,11000101110011010110,59.0,11000101110011010110
100,59.0,11000101110011010110,59.0,11000101110011010110
100,59.0,11000101110011010110,59.0,11000101110011010110
100,59.0,11000101110011010110,59.0,11000101110011010110
100,59.0,11000101110011010110,59.0,11000101110011010110
100,59.0,11000101110011010110,59.0,11000101110011010110
100,59.0,11000101110011010110,59.0,11000101110011010110
100,59.0,11000101110011010110,59.0,11000101110011010110
100,59.0,11000101110011010110,59.0,11000101110011010110
100,59.0,11000101110011010110,59.0,11000101110011010110
100,59.0,11000101110011010110,59.0,11000101110011010110
100,59.0,11000101110011010110,59.0,11000101110011010110
100,59.0,11000101110011010110,59.0,11000101110011010110
100,59.0,11000101110011010110,59.0,11000101110011010110
100,59.0,11000101110011010110,59.0,11000101110011010110
100,59.0,11000101110011010110,59.0,11000101110011010110
100,59.0,11000101110011010110,59.0,11000101110011010110
100,59.0,11000101110011010110,59.0,11000101110011010110
100,59.0,11000101110011010110,59.0,11000101110011010110
100,59.0,11000101110011010110,59.0,11000101110011010110
100,59.0,11000101110011010110,59.0,11000101110011010110
100,59.0,11000101110011010110,59.0,11000101110011010110
100,59.0,11000101110011010110,59.0,11000101110011010110
100,59.0,11000101110011010110,59.0,11000101110011010110
