run,fit1,node1,fit2,node2
1,1.0,01100101101100101000,1.0,01100101101000111000
1,1.0,01100101101000111000,1.0,01110100101000111000
1,1.0,01110100101000111000,1.0,01100100101010111111
1,1.0,01100100101010111111,1.0,01100100111000111110
1,1.0,01100100111000111110,1.0,01100100111000111110
1,1.0,01100100111000111110,1.0,11000100111010111110
1,1.0,11000100111010111110,1.0,01000100111011011100
1,1.0,01000100111011011100,1.0,01000110111010011100
1,1.0,01000110111010011100,1.0,10000110111010011101
1,1.0,10000110111010011101,1.0,10000010111100011101
1,1.0,10000010111100011101,1.0,10011010111000010111
1,1.0,10011010111000010111,1.0,11001010111100010111
1,1.0,11001010111100010111,1.0,11001010111100010111
1,1.0,11001010111100010111,1.0,10000010111100011101
1,1.0,10000010111100011101,1.0,10001011111000011001
1,1.0,10001011111000011001,1.0,10001011111000011001
1,1.0,10001011111000011001,1.0,10000011011010011001
1,1.0,10000011011010011001,1.0,10001011011010011000
1,1.0,10001011011010011000,1.0,01000011011010011000
1,1.0,01000011011010011000,1.0,01001011101010011001
1,1.0,01001011101010011001,1.0,01100100101010111111
1,1.0,01100100101010111111,1.0,01101100100011111111
1,1.0,01101100100011111111,1.0,01010001100010111100
1,1.0,01010001100010111100,1.0,01010001100010111100
1,1.0,01010001100010111100,1.0,10010001100010111101
1,1.0,10010001100010111101,1.0,10111001000010110111
1,1.0,10111001000010110111,1.0,01111001000010110110
1,1.0,01111001000010110110,1.0,01110101010010101000
1,1.0,01110101010010101000,1.0,01110101010010101000
1,1.0,01110101010010101000,1.0,01111111000010100010
1,1.0,01111111000010100010,1.0,01111110010010101010
1,1.0,01111110010010101010,1.0,01110110010010101011
1,1.0,01110110010010101011,1.0,11101110010110101011
1,1.0,11101110010110101011,1.0,11100110001010101001
1,1.0,11100110001010101001,1.0,01100100001111101010
1,1.0,01100100001111101010,1.0,01100100001011111010
1,1.0,01100100001011111010,1.0,01100100010011111110
1,1.0,01100100010011111110,1.0,01100100010011111110
1,1.0,01100100010011111110,1.0,00100001000011111111
1,1.0,00100001000011111111,1.0,00101001001011011001
1,1.0,00101001001011011001,1.0,11100101001000011001
1,1.0,11100101001000011001,1.0,11101101001000011000
1,1.0,11101101001000011000,1.0,11101100001001011011
1,1.0,11101100001001011011,1.0,11101101001000011000
1,1.0,11101101001000011000,1.0,01101101011000001101
1,1.0,01101101011000001101,1.0,11101001101010001001
1,1.0,11101001101010001001,1.0,01101001101010011010
1,1.0,01101001101010011010,1.0,01101100101001111010
1,1.0,01101100101001111010,1.0,01100100101001111011
1,1.0,01100100101001111011,1.0,01101100101001111010
1,1.0,01101100101001111010,1.0,01101100110001111110
1,1.0,01101100110001111110,1.0,00101100111101011011
1,1.0,00101100111101011011,1.0,00110000111101010000
1,1.0,00110000111101010000,1.0,10110000001101010010
1,1.0,10110000001101010010,1.0,10110000010101011000
1,1.0,10110000010101011000,1.0,10110000010101011000
1,1.0,10110000010101011000,1.0,10111100010100011110
1,1.0,10111100010100011110,1.0,10111100010100011110
1,1.0,10111100010100011110,1.0,10110100010100011111
1,1.0,10110100010100011111,1.0,10011110010100011101
1,1.0,10011110010100011101,1.0,00011110110100111100
1,1.0,00011110110100111100,1.0,00011110110110101111
1,1.0,00011110110110101111,1.0,00011110111100101010
1,1.0,00011110111100101010,1.0,00010100111101101011
1,1.0,00010100111101101011,1.0,00011100111101101010
1,1.0,00011100111101101010,1.0,00011000111111100101
1,1.0,00011000111111100101,1.0,10010100111110010111
1,1.0,10010100111110010111,1.0,00010001111100010110
1,1.0,00010001111100010110,1.0,00110001011100000100
1,1.0,00110001011100000100,1.0,00110001011100000100
1,1.0,00110001011100000100,1.0,00110011001100000001
1,1.0,00110011001100000001,1.0,00101011001110000111
1,1.0,00101011001110000111,1.0,00101011001001000100
1,1.0,00101011001001000100,1.0,00101011001001000100
1,1.0,00101011001001000100,1.0,00100011001001000101
1,1.0,00100011001001000101,1.0,10100011001000100111
1,1.0,10100011001000100111,1.0,11101011010000100111
1,1.0,11101011010000100111,1.0,11100011010100000100
1,1.0,11100011010100000100,1.0,11100111010110000011
1,1.0,11100111010110000011,1.0,10100111010110001000
1,1.0,10100111010110001000,1.0,10100111010110001000
1,1.0,10100111010110001000,1.0,10101110011110001001
1,1.0,10101110011110001001,1.0,00111100011110101011
1,1.0,00111100011110101011,1.0,00010100111010111111
1,1.0,00010100111010111111,1.0,10011100111010101101
1,1.0,10011100111010101101,1.0,10001101111010101101
1,1.0,10001101111010101101,1.0,01000101111010101101
1,1.0,01000101111010101101,1.0,01001101111010101100
1,1.0,01001101111010101100,1.0,01000101111001100111
1,1.0,01000101111001100111,1.0,01001101111001100110
1,1.0,01001101111001100110,1.0,11001001011001100100
1,1.0,11001001011001100100,1.0,11000001011001100101
1,1.0,11000001011001100101,1.0,10001001001111100111
1,1.0,10001001001111100111,1.0,10001101011110110110
1,1.0,10001101011110110110,1.0,01000101111110010110
1,1.0,01000101111110010110,1.0,01000101011110110110
1,1.0,01000101011110110110,1.0,01000101111010101101
1,1.0,01000101111010101101,1.0,11001101101010001110
1,1.0,11001101101010001110,1.0,01010001101000001110
1,1.0,01010001101000001110,1.0,01010001101000001110
1,1.0,01010001101000001110,1.0,01011011001000000111
1,1.0,01011011001000000111,1.0,01011110001001000110
1,1.0,01011110001001000110,1.0,01111010001001000001
1,1.0,01111010001001000001,1.0,01010010001011000100
1,1.0,01010010001011000100,1.0,01010010101011100001
1,1.0,01010010101011100001,1.0,01011010101001010011
1,1.0,01011010101001010011,1.0,01011011101000010000
1,1.0,01011011101000010000,1.0,00011111001010110010
1,1.0,00011111001010110010,1.0,00010111100010111010
1,1.0,00010111100010111010,1.0,01010111000010011010
1,1.0,01010111000010011010,1.0,01111011000010010010
1,1.0,01111011000010010010,1.0,01011011001000000111
1,1.0,01011011001000000111,1.0,01001111001001000110
1,1.0,01001111001001000110,1.0,11000111100001100100
1,1.0,11000111100001100100,1.0,11000111100101100011
1,1.0,11000111100101100011,1.0,11000111000101001000
1,1.0,11000111000101001000,1.0,10011001000101011010
1,1.0,10011001000101011010,1.0,11011001000001011000
1,1.0,11011001000001011000,1.0,11011010000001011011
1,1.0,11011010000001011011,1.0,11010010001000011011
1,1.0,11010010001000011011,1.0,10010010011010011001
1,1.0,10010010011010011001,1.0,10010001011010010100
1,1.0,10010001011010010100,1.0,00110001011000010100
1,1.0,00110001011000010100,1.0,00111010011000010110
1,1.0,00111010011000010110,1.0,00111010011100000110
1,1.0,00111010011100000110,1.0,00110110001000110101
1,1.0,00110110001000110101,1.0,00111110001000110100
1,1.0,00111110001000110100,1.0,11011110001000010101
1,1.0,11011110001000010101,1.0,10010110111100000100
1,1.0,10010110111100000100,1.0,10010100111110010111
1,1.0,10010100111110010111,1.0,10010010111110010000
1,1.0,10010010111110010000,1.0,10010010111110010000
1,1.0,10010010111110010000,1.0,00011110111010011010
1,1.0,00011110111010011010,1.0,01011100011010011110
1,1.0,01011100011010011110,1.0,11101100001010011111
1,1.0,11101100001010011111,1.0,11100000001010111101
1,1.0,11100000001010111101,1.0,11110100001010100100
1,1.0,11110100001010100100,1.0,10100101001110100110
1,1.0,10100101001110100110,1.0,10100001001110010110
1,1.0,10100001001110010110,1.0,10100001001110010110
1,1.0,10100001001110010110,1.0,10100001001110010110
1,1.0,10100001001110010110,1.0,10100001001110011000
1,1.0,10100001001110011000,1.0,10100001001110011000
1,1.0,10100001001110011000,1.0,10100001001110011000
1,1.0,10100001001110011000,1.0,00111001001110010011
1,1.0,00111001001110010011,1.0,11101001001110010010
1,1.0,11101001001110010010,1.0,11001101011110110011
1,1.0,11001101011110110011,1.0,01000101011110110110
1,1.0,01000101011110110110,1.0,01000111010110110111
1,1.0,01000111010110110111,1.0,01000111010110110111
1,1.0,01000111010110110111,1.0,01001111110100110111
1,1.0,01001111110100110111,1.0,11000111110100100110
1,1.0,11000111110100100110,1.0,11000111110100100110
1,1.0,11000111110100100110,1.0,11000011110010001100
1,1.0,11000011110010001100,1.0,11000011110010001100
1,1.0,11000011110010001100,1.0,11010001110110000110
1,1.0,11010001110110000110,1.0,11010001110110000110
1,1.0,11010001110110000110,1.0,01010001110010101110
1,1.0,01010001110010101110,1.0,01010001110010101110
1,1.0,01010001110010101110,1.0,01011001011010100110
1,1.0,01011001011010100110,1.0,01010101101010100101
1,1.0,01010101101010100101,1.0,01010001101010101010
1,1.0,01010001101010101010,1.0,01011001111010001000
1,1.0,01011001111010001000,1.0,01010001111010001001
1,1.0,01010001111010001001,1.0,01000101111110011000
1,1.0,01000101111110011000,1.0,01100001101110001011
1,1.0,01100001101110001011,1.0,01101001101110001010
1,1.0,01101001101110001010,1.0,01101101011010101001
1,1.0,01101101011010101001,1.0,01000101011110111000
1,1.0,01000101011110111000,1.0,01000101011110111000
1,1.0,01000101011110111000,1.0,01000111001110110011
1,1.0,01000111001110110011,1.0,01000111001100010111
1,1.0,01000111001100010111,1.0,01000111010100011101
1,1.0,01000111010100011101,1.0,01101011110100001010
1,1.0,01101011110100001010,1.0,01101111110010001010
1,1.0,01101111110010001010,1.0,10101111010010101011
1,1.0,10101111010010101011,1.0,10011111000110001010
1,1.0,10011111000110001010,1.0,01010010001100001101
1,1.0,01010010001100001101,1.0,01011000111100101100
1,1.0,01011000111100101100,1.0,10011000111100101101
1,1.0,10011000111100101101,1.0,10001100111101101100
1,1.0,10001100111101101100,1.0,10000110110101101110
2,47.0,00110000001101001100,3.0,10110100001001001011
2,3.0,10110100001001001011,3.0,10110100001001001011
2,3.0,10110100001001001011,3.0,10110010001001000010
2,3.0,10110010001001000010,3.0,10110011001000000000
2,3.0,10110011001000000000,3.0,10110011001000000000
2,3.0,10110011001000000000,1.0,10110001101000000100
2,1.0,10110001101000000100,1.0,10011001101010010101
2,1.0,10011001101010010101,1.0,10011101111010010011
2,1.0,10011101111010010011,1.0,00011101101011010010
2,1.0,00011101101011010010,1.0,00010101101011010011
2,1.0,00010101101011010011,1.0,10111101101010000010
2,1.0,10111101101010000010,1.0,10111101100110010011
2,1.0,10111101100110010011,1.0,01110101100110010011
2,1.0,01110101100110010011,1.0,01110101110100010010
2,1.0,01110101110100010010,1.0,01110101110100010010
2,1.0,01110101110100010010,1.0,01110101110100010010
2,1.0,01110101110100010010,1.0,01110101110100010010
2,1.0,01110101110100010010,1.0,00110101100110010110
2,1.0,00110101100110010110,1.0,10111101100010010100
2,1.0,10111101100010010100,1.0,10110101100010010101
2,1.0,10110101100010010101,1.0,10110101100010010101
2,1.0,10110101100010010101,1.0,00110101100110010110
2,1.0,00110101100110010110,1.0,00011111110010010110
2,1.0,00011111110010010110,1.0,00011011100001010100
2,1.0,00011011100001010100,1.0,00001011101001010110
2,1.0,00001011101001010110,1.0,00001111000111110110
2,1.0,00001111000111110110,1.0,00001011101011110010
2,1.0,00001011101011110010,1.0,00000011101001011001
2,1.0,00000011101001011001,1.0,00000011101001011001
2,1.0,00000011101001011001,1.0,00000011101001011001
2,1.0,00000011101001011001,1.0,00101011010001011001
2,1.0,00101011010001011001,1.0,00101011010001011001
2,1.0,00101011010001011001,1.0,00101011010101001001
2,1.0,00101011010101001001,1.0,10101010010101011010
2,1.0,10101010010101011010,1.0,11110000010011001001
2,1.0,11110000010011001001,1.0,11110000010011001001
2,1.0,11110000010011001001,1.0,11110000000001001110
2,1.0,11110000000001001110,1.0,11111000010011001000
2,1.0,11111000010011001000,1.0,11111000110010001101
2,1.0,11111000110010001101,1.0,10111000110110001111
2,1.0,10111000110110001111,1.0,10111000110110001111
2,1.0,10111000110110001111,1.0,10111001110100000110
2,1.0,10111001110100000110,1.0,10110101010110010010
2,1.0,10110101010110010010,1.0,10110100011110000101
2,1.0,10110100011110000101,1.0,11111100011110000001
2,1.0,11111100011110000001,1.0,11111100001110100010
2,1.0,11111100001110100010,1.0,10111010001000101000
2,1.0,10111010001000101000,1.0,10110010101100100000
2,1.0,10110010101100100000,1.0,00111110101100000100
2,1.0,00111110101100000100,1.0,00101110101101000111
2,1.0,00101110101101000111,1.0,01100010001101000101
2,1.0,01100010001101000101,1.0,11101010000101100111
2,1.0,11101010000101100111,1.0,11101010001100100110
2,1.0,11101010001100100110,1.0,11101010001100100110
2,1.0,11101010001100100110,1.0,11101110001010100110
2,1.0,11101110001010100110,1.0,10101100111011100101
2,1.0,10101100111011100101,1.0,00101100111111100110
2,1.0,00101100111111100110,1.0,00100100111111101001
2,1.0,00100100111111101001,1.0,00100100111011111001
2,1.0,00100100111011111001,1.0,01101000111101110011
2,1.0,01101000111101110011,1.0,01100110111100110001
2,1.0,01100110111100110001,1.0,01101110111100000111
2,1.0,01101110111100000111,1.0,00101100111111100110
2,1.0,00101100111111100110,1.0,00101000111110111100
2,1.0,00101000111110111100,1.0,01100110000110111100
2,1.0,01100110000110111100,1.0,00001110001111111010
2,1.0,00001110001111111010,1.0,00001111000111111000
2,1.0,00001111000111111000,1.0,01001111000111110011
2,1.0,01001111000111110011,1.0,01011110000111100100
2,1.0,01011110000111100100,1.0,01001010001101110110
2,1.0,01001010001101110110,1.0,01001110001100111111
2,1.0,01001110001100111111,1.0,01001110001100111111
2,1.0,01001110001100111111,1.0,10010101000100111100
2,1.0,10010101000100111100,1.0,10011100001100111101
2,1.0,10011100001100111101,1.0,10010101000100111100
2,1.0,10010101000100111100,1.0,10111000100100111101
2,1.0,10111000100100111101,1.0,10111000110110111000
2,1.0,10111000110110111000,1.0,00111000111010111001
2,1.0,00111000111010111001,1.0,00100100111011111001
2,1.0,00100100111011111001,1.0,10100100001011111011
2,1.0,10100100001011111011,1.0,11100000011011110010
2,1.0,11100000011011110010,1.0,11100000011011110010
2,1.0,11100000011011110010,1.0,11101000011111100001
2,1.0,11101000011111100001,1.0,10001000111111111000
2,1.0,10001000111111111000,1.0,10001010101101011001
2,1.0,10001010101101011001,1.0,11001000101101111010
2,1.0,11001000101101111010,1.0,11000100111001111010
2,1.0,11000100111001111010,1.0,10101100101001111011
2,1.0,10101100101001111011,1.0,10101100110001111111
2,1.0,10101100110001111111,1.0,11101000010101111011
2,1.0,11101000010101111011,1.0,01100000010101111110
2,1.0,01100000010101111110,1.0,00110000010001111110
2,1.0,00110000010001111110,1.0,00110010000001101100
2,1.0,00110010000001101100,1.0,00111001000001001110
2,1.0,00111001000001001110,1.0,10110101100000001110
2,1.0,10110101100000001110,1.0,10110101100010101010
2,1.0,10110101100010101010,1.0,10110101100010101010
2,1.0,10110101100010101010,1.0,11111101100100100001
2,1.0,11111101100100100001,1.0,10111101100100100100
2,1.0,10111101100100100100,1.0,01100111100100100111
2,1.0,01100111100100100111,1.0,01010011100100100110
2,1.0,01010011100100100110,1.0,01111110100100100110
2,1.0,01111110100100100110,1.0,01101110100110101111
2,1.0,01101110100110101111,1.0,01101110100110101111
2,1.0,01101110100110101111,1.0,11001111100110100110
2,1.0,11001111100110100110,1.0,10000111100101100110
2,1.0,10000111100101100110,1.0,10000111100101100110
2,1.0,10000111100101100110,1.0,11000111100001100100
2,1.0,11000111100001100100,1.0,10000111100101100110
2,1.0,10000111100101100110,1.0,11001101100111101000
2,1.0,11001101100111101000,1.0,01001101101011100111
2,1.0,01001101101011100111,1.0,01001101101011100111
2,1.0,01001101101011100111,1.0,00000101101011101101
2,1.0,00000101101011101101,1.0,00001110101011101111
2,1.0,00001110101011101111,1.0,00010010101011100100
2,1.0,00010010101011100100,1.0,00010101101001100100
2,1.0,00010101101001100100,1.0,01010000101101010100
2,1.0,01010000101101010100,1.0,01010001101001010001
2,1.0,01010001101001010001,1.0,00010101101011010011
2,1.0,00010101101011010011,1.0,01010001001011010000
2,1.0,01010001001011010000,1.0,01010001001011010000
2,1.0,01010001001011010000,1.0,01010001001011010000
2,1.0,01010001001011010000,1.0,01010001001011010000
2,1.0,01010001001011010000,1.0,00010001101011110000
2,1.0,00010001101011110000,1.0,00000001111011110110
2,1.0,00000001111011110110,1.0,00010101111001010010
2,1.0,00010101111001010010,1.0,10011100011001011011
2,1.0,10011100011001011011,1.0,10011100010111111001
2,1.0,10011100010111111001,1.0,10010001000111101000
2,1.0,10010001000111101000,1.0,11100001010111100000
2,1.0,11100001010111100000,1.0,01100001110101110010
2,1.0,01100001110101110010,1.0,01100101110011110010
2,1.0,01100101110011110010,1.0,01001011110011110011
2,1.0,01001011110011110011,1.0,11001110110111110001
2,1.0,11001110110111110001,1.0,10001110111111100010
2,1.0,10001110111111100010,1.0,10001110111111100010
2,1.0,10001110111111100010,1.0,10001110111111100010
2,1.0,10001110111111100010,1.0,01000110111111100010
2,1.0,01000110111111100010,1.0,11010000110111110010
2,1.0,11010000110111110010,1.0,00110110100011110010
2,1.0,00110110100011110010,1.0,00011010101011110010
2,1.0,00011010101011110010,1.0,00011010101011110010
2,1.0,00011010101011110010,1.0,01011010101001010011
2,1.0,01011010101001010011,1.0,00111010001001010011
2,1.0,00111010001001010011,1.0,00100011001001000101
2,1.0,00100011001001000101,1.0,10100011101000000111
2,1.0,10100011101000000111,1.0,10100011101100100000
2,1.0,10100011101100100000,1.0,11100011110100100001
2,1.0,11100011110100100001,1.0,11101011010000100111
2,1.0,11101011010000100111,1.0,01101111010100100101
2,1.0,01101111010100100101,1.0,01100011100110100100
2,1.0,01100011100110100100,1.0,01101011100110110010
2,1.0,01101011100110110010,1.0,00100011100101110010
2,1.0,00100011100101110010,1.0,00101101101101010011
2,1.0,00101101101101010011,1.0,00101001101111010000
2,1.0,00101001101111010000,1.0,00000101101111010110
2,1.0,00000101101111010110,1.0,00101001001011010111
2,1.0,00101001001011010111,1.0,00101001010011011101
2,1.0,00101001010011011101,1.0,00101101011100001111
2,1.0,00101101011100001111,1.0,00000111011100001110
2,1.0,00000111011100001110,1.0,00101110111100001100
2,1.0,00101110111100001100,1.0,00101110110101001101
2,1.0,00101110110101001101,1.0,00100110010111001101
2,1.0,00100110010111001101,1.0,10100110010110101111
2,1.0,10100110010110101111,1.0,10000110111110001101
2,1.0,10000110111110001101,1.0,10000110101110101110
2,1.0,10000110101110101110,1.0,10001010001110111101
2,1.0,10001010001110111101,1.0,10001000011011111111
2,1.0,10001000011011111111,1.0,10000001010011111110
2,1.0,10000001010011111110,1.0,10000011010001111010
2,1.0,10000011010001111010,1.0,10001111010110111001
2,1.0,10001111010110111001,1.0,10000111000100111111
2,1.0,10000111000100111111,1.0,10100111000100110100
2,1.0,10100111000100110100,1.0,10100111000100110100
2,1.0,10100111000100110100,1.0,10100111000100110100
2,1.0,10100111000100110100,1.0,10101110000101110110
2,1.0,10101110000101110110,1.0,01001011000101110100
2,1.0,01001011000101110100,1.0,00101111000101100101
2,1.0,00101111000101100101,1.0,00111011000101000001
2,1.0,00111011000101000001,1.0,00111001000111000101
2,1.0,00111001000111000101,1.0,01100101010111000101
2,1.0,01100101010111000101,1.0,01001101010111001111
2,1.0,01001101010111001111,1.0,01001101010111001111
2,1.0,01001101010111001111,1.0,01001101010111001111
3,1.0,11011010100011000110,1.0,11110000000001001110
3,1.0,11110000000001001110,1.0,11111000000011010100
3,1.0,11111000000011010100,1.0,11111100000010011101
3,1.0,11111100000010011101,1.0,11111100000010011101
3,1.0,11111100000010011101,1.0,11111100000010011101
3,1.0,11111100000010011101,1.0,11010100000011011100
3,1.0,11010100000011011100,1.0,11010000000101011100
3,1.0,11010000000101011100,1.0,11011000000001111111
3,1.0,11011000000001111111,1.0,11110000100001101011
3,1.0,11110000100001101011,1.0,11110000100001101011
3,1.0,11110000100001101011,1.0,11111000110001001001
3,1.0,11111000110001001001,1.0,11010010110001001000
3,1.0,11010010110001001000,1.0,11110010000000001110
3,1.0,11110010000000001110,1.0,01111110000000101111
3,1.0,01111110000000101111,1.0,01110110100100101001
3,1.0,01110110100100101001,1.0,01101110100101101011
3,1.0,01101110100101101011,1.0,01010010100001111011
3,1.0,01010010100001111011,1.0,00010110101001101001
3,1.0,00010110101001101001,1.0,00011110101001101000
3,1.0,00011110101001101000,1.0,01011110111000101000
3,1.0,01011110111000101000,1.0,01010010111001100000
3,1.0,01010010111001100000,1.0,01010110001001110000
3,1.0,01010110001001110000,1.0,01101011001001000001
3,1.0,01101011001001000001,1.0,00111010001011100000
3,1.0,00111010001011100000,1.0,00111010001011100000
3,1.0,00111010001011100000,1.0,00100011011001100000
3,1.0,00100011011001100000,1.0,11101011001000100011
3,1.0,11101011001000100011,1.0,00101011101001100001
3,1.0,00101011101001100001,1.0,01001011101011100000
3,1.0,01001011101011100000,1.0,01101011000001100110
3,1.0,01101011000001100110,1.0,01111101000011100010
3,1.0,01111101000011100010,1.0,00111111000011000001
3,1.0,00111111000011000001,1.0,00101111001011000011
3,1.0,00101111001011000011,1.0,00111010001011100000
3,1.0,00111010001011100000,1.0,00011010001011101011
3,1.0,00011010001011101011,1.0,00010010111010111000
3,1.0,00010010111010111000,1.0,00010010111010111000
3,1.0,00010010111010111000,1.0,01010010011010011000
3,1.0,01010010011010011000,1.0,01010110001001001001
3,1.0,01010110001001001001,1.0,01010110001001001001
3,1.0,01010110001001001001,1.0,01011110110001101001
3,1.0,01011110110001101001,1.0,00011110101001101000
3,1.0,00011110101001101000,1.0,00010110101001101001
3,1.0,00010110101001101001,1.0,00010110101001101001
3,1.0,00010110101001101001,1.0,00010100111001101100
3,1.0,00010100111001101100,1.0,00010100011101001110
3,1.0,00010100011101001110,1.0,00010100011111101010
3,1.0,00010100011111101010,1.0,00001100011111111101
3,1.0,00001100011111111101,1.0,00100000001111011101
3,1.0,00100000001111011101,1.0,10001000101111011101
3,1.0,10001000101111011101,1.0,01000000101111011101
3,1.0,01000000101111011101,1.0,11001000101110111110
3,1.0,11001000101110111110,1.0,11001000100111111111
3,1.0,11001000100111111111,1.0,11001000100111111111
3,1.0,11001000100111111111,1.0,11001001100110111100
3,1.0,11001001100110111100,1.0,11000101110110101100
3,1.0,11000101110110101100,1.0,11010101010100101011
3,1.0,11010101010100101011,1.0,01010101000101101010
3,1.0,01010101000101101010,1.0,01100101000111101000
3,1.0,01100101000111101000,1.0,01000001001111101001
3,1.0,01000001001111101001,1.0,01011001011010101000
3,1.0,01011001011010101000,1.0,01110010001000101000
3,1.0,01110010001000101000,1.0,01110010001000101000
3,1.0,01110010001000101000,1.0,01110010101000001000
3,1.0,01110010101000001000,1.0,00110011110000001011
3,1.0,00110011110000001011,1.0,00100111110001001010
3,1.0,00100111110001001010,1.0,00101111110111000000
3,1.0,00101111110111000000,1.0,11001111110101000001
3,1.0,11001111110101000001,1.0,01000111110101000100
3,1.0,01000111110101000100,1.0,01001111100111000100
3,1.0,01001111100111000100,1.0,01000011001011000100
3,1.0,01000011001011000100,1.0,11000011001010100110
3,1.0,11000011001010100110,1.0,10001011111010100100
3,1.0,10001011111010100100,1.0,10001011110011100101
3,1.0,10001011110011100101,1.0,10001011010111000111
3,1.0,10001011010111000111,1.0,10001011010111000111
3,1.0,10001011010111000111,1.0,10100010110111000110
3,1.0,10100010110111000110,1.0,10000010111101100100
3,1.0,10000010111101100100,1.0,10000010111101100100
3,1.0,10000010111101100100,1.0,11001100111101100111
3,1.0,11001100111101100111,1.0,11001000110101111110
3,1.0,11001000110101111110,1.0,10000110110001111110
3,1.0,10000110110001111110,1.0,00011110110001101100
3,1.0,00011110110001101100,1.0,01110000110011100110
3,1.0,01110000110011100110,1.0,01110000110011101000
3,1.0,01110000110011101000,1.0,01110000110011101000
3,1.0,01110000110011101000,1.0,01110000110011101000
3,1.0,01110000110011101000,1.0,01111100110111100001
3,1.0,01111100110111100001,1.0,01110100010111000101
3,1.0,01110100010111000101,1.0,01110100000101001100
3,1.0,01110100000101001100,1.0,01110100000101001100
3,1.0,01110100000101001100,1.0,11101101000101001001
3,1.0,11101101000101001001,1.0,11100100110101011001
3,1.0,11100100110101011001,1.0,10100100110101011100
3,1.0,10100100110101011100,1.0,11101100110101011000
3,1.0,11101100110101011000,1.0,11101100100111011001
3,1.0,11101100100111011001,1.0,10100100101101011000
3,1.0,10100100101101011000,1.0,11101100101101010010
3,1.0,11101100101101010010,1.0,11100100101101010011
3,1.0,11100100101101010011,1.0,11110000011100010010
3,1.0,11110000011100010010,1.0,11110000011100010010
3,1.0,11110000011100010010,1.0,11110001010100010000
3,1.0,11110001010100010000,1.0,11100001011100010010
3,1.0,11100001011100010010,1.0,11100011010110100000
3,1.0,11100011010110100000,1.0,11100111010110000011
3,1.0,11100111010110000011,1.0,11000011100110011001
3,1.0,11000011100110011001,1.0,11001111100110101000
3,1.0,11001111100110101000,1.0,11001111100110101000
3,1.0,11001111100110101000,1.0,01010111100010101000
3,1.0,01010111100010101000,1.0,01010111100010100110
3,1.0,01010111100010100110,1.0,01010101101010100101
3,1.0,01010101101010100101,1.0,01011001101110010011
3,1.0,01011001101110010011,1.0,01011000001110011111
3,1.0,01011000001110011111,1.0,11011000001100101110
3,1.0,11011000001100101110,1.0,11110000001100100100
3,1.0,11110000001100100100,1.0,11110000001100100100
3,1.0,11110000001100100100,1.0,11110010001100000000
3,1.0,11110010001100000000,1.0,11110010001100000000
3,1.0,11110010001100000000,1.0,11110010001100000000
3,1.0,11110010001100000000,1.0,11110010001100000000
3,1.0,11110010001100000000,1.0,11110010001100000000
3,1.0,11110010001100000000,1.0,11110000001100100100
3,1.0,11110000001100100100,1.0,11100000101110110100
3,1.0,11100000101110110100,1.0,11101000111000101111
3,1.0,11101000111000101111,1.0,01111100001000101110
3,1.0,01111100001000101110,1.0,01111100001000101110
3,1.0,01111100001000101110,1.0,01111100001000101110
3,1.0,01111100001000101110,1.0,01110100101000110110
3,1.0,01110100101000110110,1.0,01111100001010110101
3,1.0,01111100001010110101,1.0,01111110001000110001
3,1.0,01111110001000110001,1.0,11100011001000010000
3,1.0,11100011001000010000,1.0,11100011001000010000
3,1.0,11100011001000010000,1.0,01101011001001000001
3,1.0,01101011001001000001,1.0,01000011001011010011
3,1.0,01000011001011010011,1.0,01000111011011000010
3,1.0,01000111011011000010,1.0,01110101001010100010
3,1.0,01110101001010100010,1.0,01110001001000110010
3,1.0,01110001001000110010,1.0,01111001001000001010
3,1.0,01111001001000001010,1.0,01111001001000001010
3,1.0,01111001001000001010,1.0,01111001001000001010
3,1.0,01111001001000001010,1.0,01110100101000001111
3,1.0,01110100101000001111,1.0,00110000101110001110
3,1.0,00110000101110001110,1.0,00010010111010001111
3,1.0,00010010111010001111,1.0,00010110111000101100
3,1.0,00010110111000101100,1.0,00010100111001101100
3,1.0,00010100111001101100,1.0,00010100111001101100
3,1.0,00010100111001101100,1.0,00011000111011001110
3,1.0,00011000111011001110,1.0,00011100101011101100
3,1.0,00011100101011101100,1.0,00010000001111101100
3,1.0,00010000001111101100,1.0,01010000001101001101
3,1.0,01010000001101001101,1.0,01010010001100001101
3,1.0,01010010001100001101,1.0,01010110011100001011
3,1.0,01010110011100001011,1.0,01010010011110000110
3,1.0,01010010011110000110,1.0,01000110111101000110
3,1.0,01000110111101000110,1.0,01000110111101000110
3,1.0,01000110111101000110,1.0,01101010111100100100
3,1.0,01101010111100100100,1.0,01101010011000101101
3,1.0,01101010011000101101,1.0,01101000011001101101
3,1.0,01101000011001101101,1.0,01101000111001001101
3,1.0,01101000111001001101,1.0,01100100110001111111
3,1.0,01100100110001111111,1.0,11010100110010111100
3,1.0,11010100110010111100,1.0,10111100100010111101
3,1.0,10111100100010111101,1.0,10111001100110110000
3,1.0,10111001100110110000,1.0,10110000101110110011
3,1.0,10110000101110110011,1.0,10110000101110110011
3,1.0,10110000101110110011,1.0,01110001100110110000
3,1.0,01110001100110110000,1.0,01110001100110110000
3,1.0,01110001100110110000,1.0,10101001100111110011
3,1.0,10101001100111110011,1.0,10101001000111010110
3,1.0,10101001000111010110,1.0,10101001000111010110
3,1.0,10101001000111010110,1.0,10100001000111010111
3,1.0,10100001000111010111,1.0,01100001000111010110
3,1.0,01100001000111010110,1.0,01100101010111000101
3,1.0,01100101010111000101,1.0,01111001010110000101
3,1.0,01111001010110000101,1.0,01110001110100000110
3,1.0,01110001110100000110,1.0,01101111110100000101
3,1.0,01101111110100000101,1.0,00100111101100000101
3,1.0,00100111101100000101,1.0,00101011101010100101
3,1.0,00101011101010100101,1.0,00100011111000100101
3,1.0,00100011111000100101,1.0,00101011110001100101
3,1.0,00101011110001100101,1.0,00011111110101000010
3,1.0,00011111110101000010,1.0,00010111110011100000
3,1.0,00010111110011100000,1.0,01010001110011110001
3,1.0,01010001110011110001,1.0,01011101110110100111
3,1.0,01011101110110100111,1.0,01010101110100110101
4,3.0,01010010011000111001,1.0,01110000011000111010
4,1.0,01110000011000111010,1.0,10111000011000111010
4,1.0,10111000011000111010,1.0,10111000011000111010
4,1.0,10111000011000111010,1.0,00101011011000011000
4,1.0,00101011011000011000,1.0,00101001011010011100
4,1.0,00101001011010011100,1.0,01101001011010011001
4,1.0,01101001011010011001,1.0,01101001011010011001
4,1.0,01101001011010011001,1.0,01101000111110111001
4,1.0,01101000111110111001,1.0,01101001111110010000
4,1.0,01101001111110010000,1.0,11100100111110110010
4,1.0,11100100111110110010,1.0,11011100111110010011
4,1.0,11011100111110010011,1.0,11011101011100000011
4,1.0,11011101011100000011,1.0,11011000011110101001
4,1.0,11011000011110101001,1.0,10011010011110001000
4,1.0,10011010011110001000,1.0,10011011110010001010
4,1.0,10011011110010001010,1.0,10010011110010001011
4,1.0,10010011110010001011,1.0,10111110100010011001
4,1.0,10111110100010011001,1.0,10110110001010010010
4,1.0,10110110001010010010,1.0,10100110001000011111
4,1.0,10100110001000011111,1.0,10101110001000011110
4,1.0,10101110001000011110,1.0,10100110001000011111
4,1.0,10100110001000011111,1.0,10011110001100011001
4,1.0,10011110001100011001,1.0,10011110000100111110
4,1.0,10011110000100111110,1.0,10011110000100111110
4,1.0,10011110000100111110,1.0,10011110000001101110
4,1.0,10011110000001101110,1.0,10010110000001101111
4,1.0,10010110000001101111,1.0,00110010000001101100
4,1.0,00110010000001101100,1.0,00111010001001000100
4,1.0,00111010001001000100,1.0,00111010001001000100
4,1.0,00111010001001000100,1.0,00111010010101000111
4,1.0,00111010010101000111,1.0,00111010010101001001
4,1.0,00111010010101001001,1.0,00101011010101001001
4,1.0,00101011010101001001,1.0,00101011100101001010
4,1.0,00101011100101001010,1.0,00101011001101000011
4,1.0,00101011001101000011,1.0,00101001001101101001
4,1.0,00101001001101101001,1.0,00010101001101001000
4,1.0,00010101001101001000,1.0,01001101011101001010
4,1.0,01001101011101001010,1.0,00000101011101001110
4,1.0,00000101011101001110,1.0,01000001001101001101
4,1.0,01000001001101001101,1.0,10001001001101001101
4,1.0,10001001001101001101,1.0,10011000001101001101
4,1.0,10011000001101001101,1.0,10011000111100101101
4,1.0,10011000111100101101,1.0,10011100111010101101
4,1.0,10011100111010101101,1.0,10110000101010001101
4,1.0,10110000101010001101,1.0,10110100001100001100
4,1.0,10110100001100001100,1.0,10100100101110011100
4,1.0,10100100101110011100,1.0,10100100100111011101
4,1.0,10100100100111011101,1.0,10110000000111011001
4,1.0,10110000000111011001,1.0,00111100110101011001
4,1.0,00111100110101011001,1.0,00111001010101010011
4,1.0,00111001010101010011,1.0,10100001010101010110
4,1.0,10100001010101010110,1.0,10100011010100010110
4,1.0,10100011010100010110,1.0,11101011010100010010
4,1.0,11101011010100010010,1.0,10100111010101000010
4,1.0,10100111010101000010,1.0,10100111010101000010
4,1.0,10100111010101000010,1.0,10101101011101000000
4,1.0,10101101011101000000,1.0,10101101001111000001
4,1.0,10101101001111000001,1.0,01100101001111000001
4,1.0,01100101001111000001,1.0,00100001011111100011
4,1.0,00100001011111100011,1.0,00100011001011100001
4,1.0,00100011001011100001,1.0,01101011001001000001
4,1.0,01101011001001000001,1.0,01101011001001000001
4,1.0,01101011001001000001,1.0,01001111001001000110
4,1.0,01001111001001000110,1.0,01001111001001001000
4,1.0,01001111001001001000,1.0,01001011001100001100
4,1.0,01001011001100001100,1.0,01000011001100001101
4,1.0,01000011001100001101,1.0,01000011001100001101
4,1.0,01000011001100001101,1.0,01011011001000001001
4,1.0,01011011001000001001,1.0,01011011001000001001
4,1.0,01011011001000001001,1.0,01011011001000001001
4,1.0,01011011001000001001,1.0,01000111101101000000
4,1.0,01000111101101000000,1.0,11001101101111000001
4,1.0,11001101101111000001,1.0,10011101001101000011
4,1.0,10011101001101000011,1.0,10010001001111000001
4,1.0,10010001001111000001,1.0,10010001001011010001
4,1.0,10010001001011010001,1.0,10011001001011010000
4,1.0,10011001001011010000,1.0,10011001001011010000
4,1.0,10011001001011010000,1.0,10011001001011010000
4,1.0,10011001001011010000,1.0,10011010001011010011
4,1.0,10011010001011010011,1.0,10011010001111000011
4,1.0,10011010001111000011,1.0,10110110000111000011
4,1.0,10110110000111000011,1.0,10111100001111000001
4,1.0,10111100001111000001,1.0,10111000000111011000
4,1.0,10111000000111011000,1.0,11111000000111010011
4,1.0,11111000000111010011,1.0,11111000000111010011
4,1.0,11111000000111010011,1.0,01110000000111010110
4,1.0,01110000000111010110,1.0,11110000000011010101
4,1.0,11110000000011010101,1.0,00110001000010111100
4,1.0,00110001000010111100,1.0,00110101000011100110
4,1.0,00110101000011100110,1.0,01011101000111000111
4,1.0,01011101000111000111,1.0,01110100000111100110
4,1.0,01110100000111100110,1.0,01100100011111110000
4,1.0,01100100011111110000,1.0,11110000010011110000
4,1.0,11110000010011110000,1.0,11111000010101010010
4,1.0,11111000010101010010,1.0,11111010000110010011
4,1.0,11111010000110010011,1.0,11111010000110010011
4,1.0,11111010000110010011,1.0,11111110010110000010
4,1.0,11111110010110000010,1.0,10111110000111000010
4,1.0,10111110000111000010,1.0,10110010000111100000
4,1.0,10110010000111100000,1.0,00110110100111100010
4,1.0,00110110100111100010,1.0,01110110110110100010
4,1.0,01110110110110100010,1.0,01110110110010110010
4,1.0,01110110110010110010,1.0,01100111110010110010
4,1.0,01100111110010110010,1.0,01100111110010110010
4,1.0,01100111110010110010,1.0,01100111110010110010
4,1.0,01100111110010110010,1.0,10100111110010110011
4,1.0,10100111110010110011,1.0,10110110110010110011
4,1.0,10110110110010110011,1.0,10111100110011110010
4,1.0,10111100110011110010,1.0,10111000010001111011
4,1.0,10111000010001111011,1.0,10100001010101011000
4,1.0,10100001010101011000,1.0,11101101010100011011
4,1.0,11101101010100011011,1.0,01101101000101011010
4,1.0,01101101000101011010,1.0,11100100110101011001
4,1.0,11100100110101011001,1.0,11101100110111001011
4,1.0,11101100110111001011,1.0,11101000110101001100
4,1.0,11101000110101001100,1.0,11001000110101111110
4,1.0,11001000110101111110,1.0,11001001100101111000
4,1.0,11001001100101111000,1.0,11000001110100111100
4,1.0,11000001110100111100,1.0,01010001110100111010
4,1.0,01010001110100111010,1.0,01011110110100111001
4,1.0,01011110110100111001,1.0,01110010010100101011
4,1.0,01110010010100101011,1.0,01110010010100101011
4,1.0,01110010010100101011,1.0,01111010100001001000
4,1.0,01111010100001001000,1.0,01111000110001011010
4,1.0,01111000110001011010,1.0,01111000110001011010
4,1.0,01111000110001011010,1.0,01110101110001000010
4,1.0,01110101110001000010,1.0,01010111110001000001
4,1.0,01010111110001000001,1.0,01011101110101100011
4,1.0,01011101110101100011,1.0,11010001010101100010
4,1.0,11010001010101100010,1.0,11010001010101100010
4,1.0,11010001010101100010,1.0,11010001010101100010
4,1.0,11010001010101100010,1.0,10011101000111110001
4,1.0,10011101000111110001,1.0,10011101010101110000
4,1.0,10011101010101110000,1.0,10011101010101110000
4,1.0,10011101010101110000,1.0,10011101010110110100
4,1.0,10011101010110110100,1.0,10011100011110110110
4,1.0,10011100011110110110,1.0,00110100011100110111
4,1.0,00110100011100110111,1.0,00110100111110100100
4,1.0,00110100111110100100,1.0,00101110101110110100
4,1.0,00101110101110110100,1.0,00101110101110110100
4,1.0,00101110101110110100,1.0,00101110101110110100
4,1.0,00101110101110110100,1.0,00101110101110110100
4,1.0,00101110101110110100,1.0,01000010001110111101
4,1.0,01000010001110111101,1.0,10001010001110111101
4,1.0,10001010001110111101,1.0,11000010101000111100
4,1.0,11000010101000111100,1.0,11000001001000111111
4,1.0,11000001001000111111,1.0,11011000001000111110
4,1.0,11011000001000111110,1.0,11010001001000011000
4,1.0,11010001001000011000,1.0,11010001010100011011
4,1.0,11010001010100011011,1.0,10010001010110111010
4,1.0,10010001010110111010,1.0,11011100110110111010
4,1.0,11011100110110111010,1.0,11011100110110111010
4,1.0,11011100110110111010,1.0,11010100110110101100
4,1.0,11010100110110101100,1.0,01111100100110101100
4,1.0,01111100100110101100,1.0,01110100110100101100
4,1.0,01110100110100101100,1.0,01011101110100001101
4,1.0,01011101110100001101,1.0,01010011100000001111
4,1.0,01010011100000001111,1.0,01011011100000001110
4,1.0,01011011100000001110,1.0,01010011000100011010
4,1.0,01010011000100011010,1.0,01010011100000111000
4,1.0,01010011100000111000,1.0,01010011100100101000
4,1.0,01010011100100101000,1.0,01010011100000111000
4,1.0,01010011100000111000,1.0,01000011100001111011
4,1.0,01000011100001111011,1.0,01001010001101111000
4,1.0,01001010001101111000,1.0,01011110000101011001
4,1.0,01011110000101011001,1.0,01100110100101011000
4,1.0,01100110100101011000,1.0,01101101100001111000
4,1.0,01101101100001111000,1.0,01100001110001011011
4,1.0,01100001110001011011,1.0,01100001111000011010
4,1.0,01100001111000011010,1.0,01101011000000011111
4,1.0,01101011000000011111,1.0,00101011000010111110
4,1.0,00101011000010111110,1.0,00101011010010011101
4,1.0,00101011010010011101,1.0,00100001011010011101
4,1.0,00100001011010011101,1.0,00100001011010011101
4,1.0,00100001011010011101,1.0,00101011011000010110
4,1.0,00101011011000010110,1.0,00010011101000010100
4,1.0,00010011101000010100,1.0,00010011101000010100
4,1.0,00010011101000010100,1.0,00011011100001010100
4,1.0,00011011100001010100,1.0,00011011100101000100
4,1.0,00011011100101000100,1.0,01011011100110000101
4,1.0,01011011100110000101,1.0,01011111110010000100
4,1.0,01011111110010000100,1.0,00111111010010000100
4,1.0,00111111010010000100,1.0,00111111110000000101
4,1.0,00111111110000000101,1.0,00111111110000000101
4,1.0,00111111110000000101,1.0,00111111110000000101
4,1.0,00111111110000000101,1.0,00110111100000100111
4,1.0,00110111100000100111,1.0,00110111100000100111
4,1.0,00110111100000100111,1.0,11101111100000100101
4,1.0,11101111100000100101,1.0,11111011000000100001
4,1.0,11111011000000100001,1.0,01110111000000110000
5,9.0,01000011001000011110,3.0,01101001001000011110
5,3.0,01101001001000011110,3.0,00100001011000111101
5,3.0,00100001011000111101,3.0,00101001011000111100
5,3.0,00101001011000111100,3.0,00111000011000111100
5,3.0,00111000011000111100,1.0,00011101001000111100
5,1.0,00011101001000111100,1.0,10110100001000011100
5,1.0,10110100001000011100,1.0,10101100001001011110
5,1.0,10101100001001011110,1.0,10101100001001011110
5,1.0,10101100001001011110,1.0,10100100001001011111
5,1.0,10100100001001011111,1.0,10100100101110011100
5,1.0,10100100101110011100,1.0,11100000101110001101
5,1.0,11100000101110001101,1.0,10100100111110001110
5,1.0,10100100111110001110,1.0,11010000111110001010
5,1.0,11010000111110001010,1.0,10011100111110011000
5,1.0,10011100111110011000,1.0,10011100011110111000
5,1.0,10011100011110111000,1.0,00000011011110011010
5,1.0,00000011011110011010,1.0,00000011011110011010
5,1.0,00000011011110011010,1.0,10000011011110001001
5,1.0,10000011011110001001,1.0,10000011011110000111
5,1.0,10000011011110000111,1.0,10010001011110000100
5,1.0,10010001011110000100,1.0,10001011011110000110
5,1.0,10001011011110000110,1.0,10000011111110010000
5,1.0,10000011111110010000,1.0,10000011101110001010
5,1.0,10000011101110001010,1.0,10000111110110011010
5,1.0,10000111110110011010,1.0,11000111110010011000
5,1.0,11000111110010011000,1.0,11101010110010111001
5,1.0,11101010110010111001,1.0,10100010010011111000
5,1.0,10100010010011111000,1.0,10101010110110111011
5,1.0,10101010110110111011,1.0,00100010111110011001
5,1.0,00100010111110011001,1.0,00101100111110011111
5,1.0,00101100111110011111,1.0,00101100111110011111
5,1.0,00101100111110011111,1.0,10101000011110011101
5,1.0,10101000011110011101,1.0,10101101011110000100
5,1.0,10101101011110000100,1.0,10100101011110000101
5,1.0,10100101011110000101,1.0,00101110111110100110
5,1.0,00101110111110100110,1.0,10001011111110100011
5,1.0,10001011111110100011,1.0,10001011111110100011
5,1.0,10001011111110100011,1.0,10000101111111100000
5,1.0,10000101111111100000,1.0,00001101111111110001
5,1.0,00001101111111110001,1.0,00001101101111101011
5,1.0,00001101101111101011,1.0,00000101001011011111
5,1.0,00000101001011011111,1.0,00101001000011111110
5,1.0,00101001000011111110,1.0,10000011000011101100
5,1.0,10000011000011101100,1.0,10101011000001101001
5,1.0,10101011000001101001,1.0,11101010000101101001
5,1.0,11101010000101101001,1.0,11101010000101101001
5,1.0,11101010000101101001,1.0,11101011000101000000
5,1.0,11101011000101000000,1.0,00111011000101000001
5,1.0,00111011000101000001,1.0,00111010001101000011
5,1.0,00111010001101000011,1.0,00111010001101000011
5,1.0,00111010001101000011,1.0,01100010001101000101
5,1.0,01100010001101000101,1.0,01000011011101000010
5,1.0,01000011011101000010,1.0,01000011011101000010
5,1.0,01000011011101000010,1.0,00000011111101100010
5,1.0,00000011111101100010,1.0,00000011111101100010
5,1.0,00000011111101100010,1.0,00000011111101100010
5,1.0,00000011111101100010,1.0,00010011101110100000
5,1.0,00010011101110100000,1.0,01010011001110000000
5,1.0,01010011001110000000,1.0,01010111000110001010
5,1.0,01010111000110001010,1.0,01011101001110001000
5,1.0,01011101001110001000,1.0,11000101101110101000
5,1.0,11000101101110101000,1.0,00010101101110101001
5,1.0,00010101101110101001,1.0,10001001001111101001
5,1.0,10001001001111101001,1.0,10001101011011101000
5,1.0,10001101011011101000,1.0,10010001001010001110
5,1.0,10010001001010001110,1.0,11010001001010001011
5,1.0,11010001001010001011,1.0,11010111010000001000
5,1.0,11010111010000001000,1.0,11010111010000001000
5,1.0,11010111010000001000,1.0,11010111010000001000
5,1.0,11010111010000001000,1.0,11010001011000001010
5,1.0,11010001011000001010,1.0,11110000111000001001
5,1.0,11110000111000001001,1.0,11010100101001001011
5,1.0,11010100101001001011,1.0,11011100101001001010
5,1.0,11011100101001001010,1.0,01011110001001001000
5,1.0,01011110001001001000,1.0,01011100011101001010
5,1.0,01011100011101001010,1.0,01011100110111011000
5,1.0,01011100110111011000,1.0,01010100110111011001
5,1.0,01010100110111011001,1.0,01010010110111010000
5,1.0,01010010110111010000,1.0,01011010110001010111
5,1.0,01011010110001010111,1.0,00011010110001011100
5,1.0,00011010110001011100,1.0,00011010110001011100
5,1.0,00011010110001011100,1.0,00011010111001001010
5,1.0,00011010111001001010,1.0,00010110001001001100
5,1.0,00010110001001001100,1.0,00011110101001101000
5,1.0,00011110101001101000,1.0,00010110111011100010
5,1.0,00010110111011100010,1.0,00010110111011100010
5,1.0,00010110111011100010,1.0,00111110111010100011
5,1.0,00111110111010100011,1.0,00111101110011100001
5,1.0,00111101110011100001,1.0,10111101010010100110
5,1.0,10111101010010100110,1.0,11101101010110100110
5,1.0,11101101010110100110,1.0,01010101001110000111
5,1.0,01010101001110000111,1.0,01010101101010100101
5,1.0,01010101101010100101,1.0,01011101101010100100
5,1.0,01011101101010100100,1.0,01010101101010100101
5,1.0,01010101101010100101,1.0,01011101101010100100
5,1.0,01011101101010100100,1.0,11011101001010000101
5,1.0,11011101001010000101,1.0,11010101001000100110
5,1.0,11010101001000100110,1.0,11000101011010110101
5,1.0,11000101011010110101,1.0,11010100011010110101
5,1.0,11010100011010110101,1.0,11010100000011011100
5,1.0,11010100000011011100,1.0,11111100000010011101
5,1.0,11111100000010011101,1.0,11010100000011011100
5,1.0,11010100000011011100,1.0,11110100000000111110
5,1.0,11110100000000111110,1.0,11110100001010100100
5,1.0,11110100001010100100,1.0,11110100001010100100
5,1.0,11110100001010100100,1.0,11101000001110101100
5,1.0,11101000001110101100,1.0,11101000001110101100
5,1.0,11101000001110101100,1.0,10100000001101101100
5,1.0,10100000001101101100,1.0,10101000101100111111
5,1.0,10101000101100111111,1.0,10111000101110110010
5,1.0,10111000101110110010,1.0,10110000001101010010
5,1.0,10110000001101010010,1.0,10110000001101010010
5,1.0,10110000001101010010,1.0,10110000001101010010
5,1.0,10110000001101010010,1.0,10111000101001001000
5,1.0,10111000101001001000,1.0,10010001001100011010
5,1.0,10010001001100011010,1.0,00011011001100001011
5,1.0,00011011001100001011,1.0,00011011001100001011
5,1.0,00011011001100001011,1.0,01010011000100011010
5,1.0,01010011000100011010,1.0,11011110100100011011
5,1.0,11011110100100011011,1.0,01011110000101011001
5,1.0,01011110000101011001,1.0,01111010100100011000
5,1.0,01111010100100011000,1.0,11110000100110011010
5,1.0,11110000100110011010,1.0,11100100111100011000
5,1.0,11100100111100011000,1.0,11101100110101011000
5,1.0,11101100110101011000,1.0,11101100100111011001
5,1.0,11101100100111011001,1.0,01100001110110111000
5,1.0,01100001110110111000,1.0,01110000110110111000
5,1.0,01110000110110111000,1.0,11111000110110110011
5,1.0,11111000110110110011,1.0,11111100110000110111
5,1.0,11111100110000110111,1.0,11111100110000111001
5,1.0,11111100110000111001,1.0,11010100110001111000
5,1.0,11010100110001111000,1.0,11000101110001110110
5,1.0,11000101110001110110,1.0,11001100110011111110
5,1.0,11001100110011111110,1.0,11000100111010111110
5,1.0,11000100111010111110,1.0,11000000111100111110
5,1.0,11000000111100111110,1.0,11010000110100111100
5,1.0,11010000110100111100,1.0,11011000100110111100
5,1.0,11011000100110111100,1.0,11011000001110110101
5,1.0,11011000001110110101,1.0,11010001001110100010
5,1.0,11010001001110100010,1.0,10010001111110100001
5,1.0,10010001111110100001,1.0,10011001111110100000
5,1.0,10011001111110100000,1.0,10011101101010100101
5,1.0,10011101101010100101,1.0,10110101001010100011
5,1.0,10110101001010100011,1.0,10010001111010110001
5,1.0,10010001111010110001,1.0,10011101111010010011
5,1.0,10011101111010010011,1.0,11110100011010010010
5,1.0,11110100011010010010,1.0,11110000001110010011
5,1.0,11110000001110010011,1.0,11110100001110100011
5,1.0,11110100001110100011,1.0,11111100101100100011
5,1.0,11111100101100100011,1.0,11111010001000100011
5,1.0,11111010001000100011,1.0,01111010011010100000
5,1.0,01111010011010100000,1.0,01011010111110100010
5,1.0,01011010111110100010,1.0,01010010011110001000
5,1.0,01010010011110001000,1.0,01010010011110001000
5,1.0,01010010011110001000,1.0,00111110011010001000
5,1.0,00111110011010001000,1.0,00111110001000001101
5,1.0,00111110001000001101,1.0,00110111011000000000
5,1.0,00110111011000000000,1.0,00110111001010000001
5,1.0,00110111001010000001,1.0,00110111001010000001
5,1.0,00110111001010000001,1.0,10010111011010000000
5,1.0,10010111011010000000,1.0,10010111011010000000
5,1.0,10010111011010000000,1.0,10010101011011000000
5,1.0,10010101011011000000,1.0,10011111010011000000
5,1.0,10011111010011000000,1.0,10010101011011000000
5,1.0,10010101011011000000,1.0,10010001001111000001
5,1.0,10010001001111000001,1.0,10011001001111000000
5,1.0,10011001001111000000,1.0,10011101001101000011
5,1.0,10011101001101000011,1.0,10110100001101100010
5,1.0,10110100001101100010,1.0,10110000001101010010
5,1.0,10110000001101010010,1.0,10110000001101010010
5,1.0,10110000001101010010,1.0,10110000001101010010
5,1.0,10110000001101010010,1.0,11110001001000100001
5,1.0,11110001001000100001,1.0,10110001001000110011
5,1.0,10110001001000110011,1.0,10110001010000111001
5,1.0,10110001010000111001,1.0,10111001010000111000
5,1.0,10111001010000111000,1.0,11111001010000110011
5,1.0,11111001010000110011,1.0,11111001010000110011
5,1.0,11111001010000110011,1.0,11101001010101010010
5,1.0,11101001010101010010,1.0,11101001110110110011
5,1.0,11101001110110110011,1.0,10100001110110110111
5,1.0,10100001110110110111,1.0,10101001110110110110
5,1.0,10101001110110110110,1.0,10111001010100100110
5,1.0,10111001010100100110,1.0,10111001010000001111
5,1.0,10111001010000001111,1.0,10111101010000011011
5,1.0,10111101010000011011,1.0,01111101010000011010
5,1.0,01111101010000011010,1.0,00110111000000011011
5,1.0,00110111000000011011,1.0,00111111000000011010
5,1.0,00111111000000011010,1.0,00111111000000011010
5,1.0,00111111000000011010,1.0,00111111000100001010
5,1.0,00111111000100001010,1.0,00101011011100001000
5,1.0,00101011011100001000,1.0,00101101011100001111
5,1.0,00101101011100001111,1.0,00100011110100001110
5,1.0,00100011110100001110,1.0,01100001110110001111
5,1.0,01100001110110001111,1.0,11101101000110001101
5,1.0,11101101000110001101,1.0,11000101000111001100
5,1.0,11000101000111001100,1.0,11101101000101001001
5,1.0,11101101000101001001,1.0,11101101000101110000
5,1.0,11101101000101110000,1.0,11101101000001011001
5,1.0,11101101000001011001,1.0,11001011000001011011
5,1.0,11001011000001011011,1.0,10000001101011011010
6,1.0,00111110001000110100,1.0,10110100101000110111
6,1.0,10110100101000110111,1.0,10111100011000110101
6,1.0,10111100011000110101,1.0,10111100101000110110
6,1.0,10111100101000110110,1.0,10101100101010111111
6,1.0,10101100101010111111,1.0,10101100101010111111
6,1.0,10101100101010111111,1.0,10101100101010111111
6,1.0,10101100101010111111,1.0,10101100101010111111
6,1.0,10101100101010111111,1.0,10101100101010111111
6,1.0,10101100101010111111,1.0,10101100101010111111
6,1.0,10101100101010111111,1.0,10101000101100111111
6,1.0,10101000101100111111,1.0,11101000101000111101
6,1.0,11101000101000111101,1.0,11101000101000111101
6,1.0,11101000101000111101,1.0,11001100110011111110
6,1.0,11001100110011111110,1.0,11001101100011001111
6,1.0,11001101100011001111,1.0,01011001110011001001
6,1.0,01011001110011001001,1.0,00011001110111001011
6,1.0,00011001110111001011,1.0,00011001110111001011
6,1.0,00011001110111001011,1.0,10100001110011101001
6,1.0,10100001110011101001,1.0,00110101100011001000
6,1.0,00110101100011001000,1.0,10111000100011001101
6,1.0,10111000100011001101,1.0,10111000110001001100
6,1.0,10111000110001001100,1.0,11111000110001000111
6,1.0,11111000110001000111,1.0,10110000110011100111
6,1.0,10110000110011100111,1.0,10110110110010100100
6,1.0,10110110110010100100,1.0,00110110110010001110
6,1.0,00110110110010001110,1.0,10110010100000101110
6,1.0,10110010100000101110,1.0,10110010101000000111
6,1.0,10110010101000000111,1.0,10110010111010000010
6,1.0,10110010111010000010,1.0,10010010111110010000
6,1.0,10010010111110010000,1.0,10011010111110100011
6,1.0,10011010111110100011,1.0,10011010111110100011
6,1.0,10011010111110100011,1.0,10010010011011100000
6,1.0,10010010011011100000,1.0,00110010011001100000
6,1.0,00110010011001100000,1.0,00110010011001100000
6,1.0,00110010011001100000,1.0,00100011011001100000
6,1.0,00100011011001100000,1.0,00100011011001100000
6,1.0,00100011011001100000,1.0,00100011011001100000
6,1.0,00100011011001100000,1.0,10100110011001000101
6,1.0,10100110011001000101,1.0,10101110111001100001
6,1.0,10101110111001100001,1.0,10110110110001100000
6,1.0,10110110110001100000,1.0,11110110110010100001
6,1.0,11110110110010100001,1.0,11111110110010100000
6,1.0,11111110110010100000,1.0,10110110110010100100
6,1.0,10110110110010100100,1.0,10111010000010101101
6,1.0,10111010000010101101,1.0,00111110000011101010
6,1.0,00111110000011101010,1.0,00110111000010101000
6,1.0,00110111000010101000,1.0,00110111000010101000
6,1.0,00110111000010101000,1.0,00111111100000101000
6,1.0,00111111100000101000,1.0,00110111100000101001
6,1.0,00110111100000101001,1.0,00110111000010101000
6,1.0,00110111000010101000,1.0,00110111000010101000
6,1.0,00110111000010101000,1.0,00111101100010111011
6,1.0,00111101100010111011,1.0,00111101100010111011
6,1.0,00111101100010111011,1.0,00110101110000111011
6,1.0,00110101110000111011,1.0,00100001100111111000
6,1.0,00100001100111111000,1.0,00100001100111111000
6,1.0,00100001100111111000,1.0,00100001100111111000
6,1.0,00100001100111111000,1.0,00010101100011111010
6,1.0,00010101100011111010,1.0,11011000100101111000
6,1.0,11011000100101111000,1.0,01000101100111111010
6,1.0,01000101100111111010,1.0,01001101010111111000
6,1.0,01001101010111111000,1.0,11000000010111111110
6,1.0,11000000010111111110,1.0,11001100110011111110
6,1.0,11001100110011111110,1.0,11000010110011111000
6,1.0,11000010110011111000,1.0,11001011110000111011
6,1.0,11001011110000111011,1.0,11001011110000111011
6,1.0,11001011110000111011,1.0,11101010110010111001
6,1.0,11101010110010111001,1.0,01100010101010111000
6,1.0,01100010101010111000,1.0,01100010101010111000
6,1.0,01100010101010111000,1.0,11101110000110111001
6,1.0,11101110000110111001,1.0,11101110000110111001
6,1.0,11101110000110111001,1.0,11101110000110111001
6,1.0,11101110000110111001,1.0,11000101110110111011
6,1.0,11000101110110111011,1.0,11001101110110111010
6,1.0,11001101110110111010,1.0,11000111110100101000
6,1.0,11000111110100101000,1.0,11001110110101101010
6,1.0,11001110110101101010,1.0,11001010100101111011
6,1.0,11001010100101111011,1.0,11001010110100111110
6,1.0,11001010110100111110,1.0,11001010101100111010
6,1.0,11001010101100111010,1.0,11001010101100111010
6,1.0,11001010101100111010,1.0,11001010100101111011
6,1.0,11001010100101111011,1.0,01000011100001111011
6,1.0,01000011100001111011,1.0,01100011100001110000
6,1.0,01100011100001110000,1.0,01100001100111110011
6,1.0,01100001100111110011,1.0,01100011100110110011
6,1.0,01100011100110110011,1.0,11101011100110100001
6,1.0,11101011100110100001,1.0,11010011000110100011
6,1.0,11010011000110100011,1.0,11011011000110100010
6,1.0,11011011000110100010,1.0,11001011001100110001
6,1.0,11001011001100110001,1.0,00010011001100110011
6,1.0,00010011001100110011,1.0,00000111001110110110
6,1.0,00000111001110110110,1.0,00000111101100110111
6,1.0,00000111101100110111,1.0,00010110101100110111
6,1.0,00010110101100110111,1.0,00000111101100110111
6,1.0,00000111101100110111,1.0,00001111101100110110
6,1.0,00001111101100110110,1.0,00000111001101110010
6,1.0,00000111001101110010,1.0,00000111001101110010
6,1.0,00000111001101110010,1.0,00000111000111111001
6,1.0,00000111000111111001,1.0,11000101000111011011
6,1.0,11000101000111011011,1.0,01000101100111111010
6,1.0,01000101100111111010,1.0,01100101100001111001
6,1.0,01100101100001111001,1.0,01100101100001111001
6,1.0,01100101100001111001,1.0,11101001100011110001
6,1.0,11101001100011110001,1.0,10100001100011110101
6,1.0,10100001100011110101,1.0,10100011100010110101
6,1.0,10100011100010110101,1.0,10000011100110011100
6,1.0,10000011100110011100,1.0,10001111100100011110
6,1.0,10001111100100011110,1.0,10000011100101010110
6,1.0,10000011100101010110,1.0,10100011000110011001
6,1.0,10100011000110011001,1.0,10100011000110011001
6,1.0,10100011000110011001,1.0,10100011000101010011
6,1.0,10100011000101010011,1.0,10101011000101010010
6,1.0,10101011000101010010,1.0,10101011000101010010
6,1.0,10101011000101010010,1.0,11100011000101000001
6,1.0,11100011000101000001,1.0,10001111101101000000
6,1.0,10001111101101000000,1.0,10000011100101011000
6,1.0,10000011100101011000,1.0,10101010010101011010
6,1.0,10101010010101011010,1.0,00101010011001011011
6,1.0,00101010011001011011,1.0,00101010011001011011
6,1.0,00101010011001011011,1.0,00101011011000011000
6,1.0,00101011011000011000,1.0,00101001111010111001
6,1.0,00101001111010111001,1.0,00100111111010010000
6,1.0,00100111111010010000,1.0,01100111101000010010
6,1.0,01100111101000010010,1.0,01100111110010110010
6,1.0,01100111110010110010,1.0,01100011110100110010
6,1.0,01100011110100110010,1.0,01100111110110100010
6,1.0,01100111110110100010,1.0,01100011100110110011
6,1.0,01100011100110110011,1.0,01100011100010110100
6,1.0,01100011100010110100,1.0,01100010110001110110
6,1.0,01100010110001110110,1.0,10100010110001110111
6,1.0,10100010110001110111,1.0,10100011100001110001
6,1.0,10100011100001110001,1.0,10101111100001010011
6,1.0,10101111100001010011,1.0,10101111100001010011
6,1.0,10101111100001010011,1.0,10101011100010110100
6,1.0,10101011100010110100,1.0,10111010100010110100
6,1.0,10111010100010110100,1.0,10110000101010110100
6,1.0,10110000101010110100,1.0,10110000111010100110
6,1.0,10110000111010100110,1.0,11110000011010000110
6,1.0,11110000011010000110,1.0,11110000001010010100
6,1.0,11110000001010010100,1.0,11110100100110010101
6,1.0,11110100100110010101,1.0,11110010000110000101
6,1.0,11110010000110000101,1.0,11110010000110000101
6,1.0,11110010000110000101,1.0,11101010000110101101
6,1.0,11101010000110101101,1.0,11101010000110101101
6,1.0,11101010000110101101,1.0,10110100010110101100
6,1.0,10110100010110101100,1.0,10110100010110101100
6,1.0,10110100010110101100,1.0,10110100010101101000
6,1.0,10110100010101101000,1.0,10110110010101000010
6,1.0,10110110010101000010,1.0,00111010010101000111
6,1.0,00111010010101000111,1.0,00111100110101010111
6,1.0,00111100110101010111,1.0,00111100110101011001
6,1.0,00111100110101011001,1.0,01111100000101011010
6,1.0,01111100000101011010,1.0,11010100010101011010
6,1.0,11010100010101011010,1.0,11111100000101001001
6,1.0,11111100000101001001,1.0,11101100010111101011
6,1.0,11101100010111101011,1.0,11101100110111001011
6,1.0,11101100110111001011,1.0,11100000100101101110
6,1.0,11100000100101101110,1.0,11001010100101101100
6,1.0,11001010100101101100,1.0,11001000100111111111
6,1.0,11001000100111111111,1.0,11001101100111100110
6,1.0,11001101100111100110,1.0,11001101100111100110
6,1.0,11001101100111100110,1.0,11000101100111100111
6,1.0,11000101100111100111,1.0,11001101100111100110
6,1.0,11001101100111100110,1.0,11000011100111100000
6,1.0,11000011100111100000,1.0,10000011100111110010
6,1.0,10000011100111110010,1.0,11000011100011110000
6,1.0,11000011100011110000,1.0,11100011110000110001
6,1.0,11100011110000110001,1.0,11100011010100010011
6,1.0,11100011010100010011,1.0,10100011001100010010
6,1.0,10100011001100010010,1.0,10100011001100010010
6,1.0,10100011001100010010,1.0,10100011001100010010
6,1.0,10100011001100010010,1.0,10000101101100011110
6,1.0,10000101101100011110,1.0,10001111001100010111
6,1.0,10001111001100010111,1.0,10001111001100010111
6,1.0,10001111001100010111,1.0,01000111001100010111
6,1.0,01000111001100010111,1.0,01001111001100010110
6,1.0,01001111001100010110,1.0,01011101101100000111
6,1.0,01011101101100000111,1.0,01011101101110100011
6,1.0,01011101101110100011,1.0,00010011101110100000
6,1.0,00010011101110100000,1.0,00111001101110100001
6,1.0,00111001101110100001,1.0,00111001101110100001
6,1.0,00111001101110100001,1.0,00111001101110100001
6,1.0,00111001101110100001,1.0,00111001101110100001
6,1.0,00111001101110100001,1.0,01110000101110001011
6,1.0,01110000101110001011,1.0,01110100100101101001
6,1.0,01110100100101101001,1.0,01110100100101101001
6,1.0,01110100100101101001,1.0,01111100100101101000
6,1.0,01111100100101101000,1.0,01111100100101100110
6,1.0,01111100100101100110,1.0,01110100101100100110
6,1.0,01110100101100100110,1.0,10110100101100100111
6,1.0,10110100101100100111,1.0,00111110101100000100
6,1.0,00111110101100000100,1.0,01101110000101001110
6,1.0,01101110000101001110,1.0,01100110001100001110
6,1.0,01100110001100001110,1.0,01001010101001101101
6,1.0,01001010101001101101,1.0,00100010101001001110
7,29.0,10001111111100100011,29.0,10011110111100100011
7,29.0,10011110111100100011,25.0,10111110101000100011
7,25.0,10111110101000100011,9.0,10111110101100000001
7,9.0,10111110101100000001,3.0,10110010001010001000
7,3.0,10110010001010001000,1.0,10010010001110101010
7,1.0,10010010001110101010,1.0,10001010001110111101
7,1.0,10001010001110111101,1.0,10000110101110101110
7,1.0,10000110101110101110,1.0,00001110101011101111
7,1.0,00001110101011101111,1.0,01011110101000001101
7,1.0,01011110101000001101,1.0,01010110100100011110
7,1.0,01010110100100011110,1.0,01111100100100011111
7,1.0,01111100100100011111,1.0,01111000100100111100
7,1.0,01111000100100111100,1.0,00111001000100011110
7,1.0,00111001000100011110,1.0,00110001000100011111
7,1.0,00110001000100011111,1.0,10100101010100011111
7,1.0,10100101010100011111,1.0,10100101010100011111
7,1.0,10100101010100011111,1.0,10101101010100011110
7,1.0,10101101010100011110,1.0,00100101000101011110
7,1.0,00100101000101011110,1.0,00100101000101011110
7,1.0,00100101000101011110,1.0,00100110100001111111
7,1.0,00100110100001111111,1.0,00100110110101110101
7,1.0,00100110110101110101,1.0,01101110110110110101
7,1.0,01101110110110110101,1.0,11001110011010110111
7,1.0,11001110011010110111,1.0,11001111011000000111
7,1.0,11001111011000000111,1.0,11001110111110000111
7,1.0,11001110111110000111,1.0,11001110111110000111
7,1.0,11001110111110000111,1.0,11001100111110101101
7,1.0,11001100111110101101,1.0,11000000111001101110
7,1.0,11000000111001101110,1.0,11000000101011101111
7,1.0,11000000101011101111,1.0,11100100100011101110
7,1.0,11100100100011101110,1.0,01101101100001001111
7,1.0,01101101100001001111,1.0,01100001110001001100
7,1.0,01100001110001001100,1.0,01100001110001001100
7,1.0,01100001110001001100,1.0,01000101011001001100
7,1.0,01000101011001001100,1.0,01000101011001001100
7,1.0,01000101011001001100,1.0,01011100011101001010
7,1.0,01011100011101001010,1.0,00011100111101101010
7,1.0,00011100111101101010,1.0,00011100111001111010
7,1.0,00011100111001111010,1.0,00011100111101101010
7,1.0,00011100111101101010,1.0,00011010111001001010
7,1.0,00011010111001001010,1.0,00011010111001001010
7,1.0,00011010111001001010,1.0,00011010101011001011
7,1.0,00011010101011001011,1.0,00001011101011001011
7,1.0,00001011101011001011,1.0,00101001111010111001
7,1.0,00101001111010111001,1.0,00100011011000011001
7,1.0,00100011011000011001,1.0,00101011001010011001
7,1.0,00101011001010011001,1.0,00101011001010011001
7,1.0,00101011001010011001,1.0,00000011001011011000
7,1.0,00000011001011011000,1.0,00010010001011011000
7,1.0,00010010001011011000,1.0,01010010011010011000
7,1.0,01010010011010011000,1.0,01010010011110001000
7,1.0,01010010011110001000,1.0,01011010111010001011
7,1.0,01011010111010001011,1.0,01011100111110101011
7,1.0,01011100111110101011,1.0,01011100111110101011
7,1.0,01011100111110101011,1.0,11010100101110101000
7,1.0,11010100101110101000,1.0,10010100101110111010
7,1.0,10010100101110111010,1.0,10010100101110111010
7,1.0,10010100101110111010,1.0,11011100100110011111
7,1.0,11011100100110011111,1.0,11011100101010001110
7,1.0,11011100101010001110,1.0,01001001101110101101
7,1.0,01001001101110101101,1.0,01001001101110101101
7,1.0,01001001101110101101,1.0,01001001101110101101
7,1.0,01001001101110101101,1.0,01001101111110101011
7,1.0,01001101111110101011,1.0,01001101111110101011
7,1.0,01001101111110101011,1.0,01011101110110101001
7,1.0,01011101110110101001,1.0,01011001110110011001
7,1.0,01011001110110011001,1.0,01011001110110011001
7,1.0,01011001110110011001,1.0,00011001110110011100
7,1.0,00011001110110011100,1.0,00011001100111011001
7,1.0,00011001100111011001,1.0,00001111100110111101
7,1.0,00001111100110111101,1.0,00000111010110111100
7,1.0,00000111010110111100,1.0,00010110010110111100
7,1.0,00010110010110111100,1.0,00010100010111111100
7,1.0,00010100010111111100,1.0,00010110010110111100
7,1.0,00010110010110111100,1.0,00010010011010101111
7,1.0,00010010011010101111,1.0,00010010011010101111
7,1.0,00010010011010101111,1.0,00010011001010101001
7,1.0,00010011001010101001,1.0,00011011001010101000
7,1.0,00011011001010101000,1.0,00010011011000101000
7,1.0,00010011011000101000,1.0,00011011011001000001
7,1.0,00011011011001000001,1.0,00011111010001110010
7,1.0,00011111010001110010,1.0,00011111010010110110
7,1.0,00011111010010110110,1.0,00011101011010110101
7,1.0,00011101011010110101,1.0,00000101111010111111
7,1.0,00000101111010111111,1.0,00001101110011111111
7,1.0,00001101110011111111,1.0,00010001010011101101
7,1.0,00010001010011101101,1.0,00011101010001101111
7,1.0,00011101010001101111,1.0,00011101011000101110
7,1.0,00011101011000101110,1.0,00010001011001101000
7,1.0,00010001011001101000,1.0,00001011011001101010
7,1.0,00001011011001101010,1.0,00000011011001101011
7,1.0,00000011011001101011,1.0,00001011011001101010
7,1.0,00001011011001101010,1.0,10001111001001001001
7,1.0,10001111001001001001,1.0,10001111001001001001
7,1.0,10001111001001001001,1.0,01001111000011001101
7,1.0,01001111000011001101,1.0,11000110011011000100
7,1.0,11000110011011000100,1.0,11000110011011000100
7,1.0,11000110011011000100,1.0,01001110011001001110
7,1.0,01001110011001001110,1.0,01001110011001001110
7,1.0,01001110011001001110,1.0,00000110011011101110
7,1.0,00000110011011101110,1.0,00000110011011101110
7,1.0,00000110011011101110,1.0,00101110011001101011
7,1.0,00101110011001101011,1.0,00100110110011111010
7,1.0,00100110110011111010,1.0,10101010110110111011
7,1.0,10101010110110111011,1.0,10101011110100110010
7,1.0,10101011110100110010,1.0,01110100110100111011
7,1.0,01110100110100111011,1.0,01110100110100111011
7,1.0,01110100110100111011,1.0,01111100110100111010
7,1.0,01111100110100111010,1.0,11111100010100011011
7,1.0,11111100010100011011,1.0,11111100010100011011
7,1.0,11111100010100011011,1.0,11111000000100011101
7,1.0,11111000000100011101,1.0,11110000001010010100
7,1.0,11110000001010010100,1.0,11111000101010000111
7,1.0,11111000101010000111,1.0,11111000101010000111
7,1.0,11111000101010000111,1.0,11110100100110010101
7,1.0,11110100100110010101,1.0,11110000100110011010
7,1.0,11110000100110011010,1.0,11110100100100001110
7,1.0,11110100100100001110,1.0,11111100000110001101
7,1.0,11111100000110001101,1.0,11010110000110001100
7,1.0,11010110000110001100,1.0,11000111000110001100
7,1.0,11000111000110001100,1.0,11000110110110101111
7,1.0,11000110110110101111,1.0,11010110100110101001
7,1.0,11010110100110101001,1.0,11010100100011111001
7,1.0,11010100100011111001,1.0,11001100101011111010
7,1.0,11001100101011111010,1.0,01101100100011111111
7,1.0,01101100100011111111,1.0,11100100100011101110
7,1.0,11100100100011101110,1.0,11101000000011111101
7,1.0,11101000000011111101,1.0,00100100011011011100
7,1.0,00100100011011011100,1.0,00100100011011011100
7,1.0,00100100011011011100,1.0,10101100001001011110
7,1.0,10101100001001011110,1.0,10001001001001011101
7,1.0,10001001001001011101,1.0,11000001001000111111
7,1.0,11000001001000111111,1.0,11001001001100101110
7,1.0,11001001001100101110,1.0,11001111010000101110
7,1.0,11001111010000101110,1.0,11000111010000101111
7,1.0,11000111010000101111,1.0,11000111110100100110
7,1.0,11000111110100100110,1.0,11101101110100100111
7,1.0,11101101110100100111,1.0,01100111100100100111
7,1.0,01100111100100100111,1.0,01101111110100000101
7,1.0,01101111110100000101,1.0,01101111010100100101
7,1.0,01101111010100100101,1.0,01110001110100000110
7,1.0,01110001110100000110,1.0,10110010110100100100
7,1.0,10110010110100100100,1.0,11111010110000110000
7,1.0,11111010110000110000,1.0,10110010110000110100
7,1.0,10110010110000110100,1.0,10110011010000010011
7,1.0,10110011010000010011,1.0,10110011010000010011
7,1.0,10110011010000010011,1.0,10011001101001010001
7,1.0,10011001101001010001,1.0,10001101001111110011
7,1.0,10001101001111110011,1.0,00001100011111111101
7,1.0,00001100011111111101,1.0,00011100001111001110
7,1.0,00011100001111001110,1.0,00011100001111001110
7,1.0,00011100001111001110,1.0,00010100001111001111
7,1.0,00010100001111001111,1.0,00011110000111001111
7,1.0,00011110000111001111,1.0,01010010010111000111
7,1.0,01010010010111000111,1.0,01010001010011010100
7,1.0,01010001010011010100,1.0,00010100111010111111
7,1.0,00010100111010111111,1.0,00111001101000010101
7,1.0,00111001101000010101,1.0,01110011000000100100
7,1.0,01110011000000100100,1.0,01110111000000001001
7,1.0,01110111000000001001,1.0,00110111000010101000
7,1.0,00110111000010101000,1.0,00011011010010101100
7,1.0,00011011010010101100,1.0,00011011000011101001
7,1.0,00011011000011101001,1.0,00011011000011101001
7,1.0,00011011000011101001,1.0,00011011000011101001
7,1.0,00011011000011101001,1.0,00011011010110101011
7,1.0,00011011010110101011,1.0,01010111100010100110
7,1.0,01010111100010100110,1.0,01011110101010100111
7,1.0,01011110101010100111,1.0,01010010111010100100
7,1.0,01010010111010100100,1.0,01010110001010110100
7,1.0,01010110001010110100,1.0,01010110001010110100
7,1.0,01010110001010110100,1.0,01010110001110110011
7,1.0,01010110001110110011,1.0,01011110010110111000
7,1.0,01011110010110111000,1.0,01010110010110111001
7,1.0,01010110010110111001,1.0,01010110010110111001
7,1.0,01010110010110111001,1.0,11010100110110111011
7,1.0,11010100110110111011,1.0,11010100110110111011
7,1.0,11010100110110111011,1.0,10010101110010111011
7,1.0,10010101110010111011,1.0,10110101110010110000
7,1.0,10110101110010110000,1.0,10110101010110010010
7,1.0,10110101010110010010,1.0,10110101010110010010
7,1.0,10110101010110010010,1.0,10110101110010110000
7,1.0,10110101110010110000,1.0,10110101010010100111
7,1.0,10110101010010100111,1.0,00110111000010100110
7,1.0,00110111000010100110,1.0,00111111010010000100
7,1.0,00111111010010000100,1.0,00111111000011000001
7,1.0,00111111000011000001,1.0,00111010100111010001
7,1.0,00111010100111010001,1.0,00111010100111010001
7,1.0,00111010100111010001,1.0,11011110100011010010
7,1.0,11011110100011010010,1.0,11001001110011011010
8,1.0,11001011010100110101,1.0,01100011110100110010
8,1.0,01100011110100110010,1.0,01101111001000110001
8,1.0,01101111001000110001,1.0,11001111001010110001
8,1.0,11001111001010110001,1.0,10000111001010110101
8,1.0,10000111001010110101,1.0,10000111001001110001
8,1.0,10000111001001110001,1.0,00101011101001100001
8,1.0,00101011101001100001,1.0,01101110101011100001
8,1.0,01101110101011100001,1.0,01100010101010111000
8,1.0,01100010101010111000,1.0,01101100101010111110
8,1.0,01101100101010111110,1.0,01111100100010111100
8,1.0,01111100100010111100,1.0,01010101110010111010
8,1.0,01010101110010111010,1.0,01010101110010111010
8,1.0,01010101110010111010,1.0,01110100110000111100
8,1.0,01110100110000111100,1.0,01111110100100101000
8,1.0,01111110100100101000,1.0,10111100100101101001
8,1.0,10111100100101101001,1.0,10101110000111101011
8,1.0,10101110000111101011,1.0,10101110000111101011
8,1.0,10101110000111101011,1.0,10101110000111101011
8,1.0,10101110000111101011,1.0,10100010010111101000
8,1.0,10100010010111101000,1.0,10100010010111101000
8,1.0,10100010010111101000,1.0,10100010010111100110
8,1.0,10100010010111100110,1.0,10110100000111100111
8,1.0,10110100000111100111,1.0,11111100000111100011
8,1.0,11111100000111100011,1.0,11111100000111100011
8,1.0,11111100000111100011,1.0,01111001000101100010
8,1.0,01111001000101100010,1.0,01111101000011100010
8,1.0,01111101000011100010,1.0,00110111000001100010
8,1.0,00110111000001100010,1.0,01111111100000100011
8,1.0,01111111100000100011,1.0,01111111100000100011
8,1.0,01111111100000100011,1.0,01011111100100110001
8,1.0,01011111100100110001,1.0,01011101100101110001
8,1.0,01011101100101110001,1.0,01010001101001010001
8,1.0,01010001101001010001,1.0,01010001111001000011
8,1.0,01010001111001000011,1.0,01011001111001000010
8,1.0,01011001111001000010,1.0,00110001001101000001
8,1.0,00110001001101000001,1.0,00111001110101100001
8,1.0,00111001110101100001,1.0,00010111110011100000
8,1.0,00010111110011100000,1.0,00010111110011100000
8,1.0,00010111110011100000,1.0,00010111110011100000
8,1.0,00010111110011100000,1.0,00000111111011100010
8,1.0,00000111111011100010,1.0,00001011101011110010
8,1.0,00001011101011110010,1.0,00001110111011110101
8,1.0,00001110111011110101,1.0,10001110101011010111
8,1.0,10001110101011010111,1.0,10001110111010011100
8,1.0,10001110111010011100,1.0,11001110011010111001
8,1.0,11001110011010111001,1.0,11001100111110101101
8,1.0,11001100111110101101,1.0,11001100111110101101
8,1.0,11001100111110101101,1.0,10001100111101101100
8,1.0,10001100111101101100,1.0,10000110101101101010
8,1.0,10000110101101101010,1.0,10000110101101101010
8,1.0,10000110101101101010,1.0,11000110101001101000
8,1.0,11000110101001101000,1.0,11000110101001101000
8,1.0,11000110101001101000,1.0,11000110101010101100
8,1.0,11000110101010101100,1.0,01000001111000111101
8,1.0,01000001111000111101,1.0,11000101111000001110
8,1.0,11000101111000001110,1.0,11010100111000001110
8,1.0,11010100111000001110,1.0,10001000111101011100
8,1.0,10001000111101011100,1.0,10001010101101011001
8,1.0,10001010101101011001,1.0,10010010100101011000
8,1.0,10010010100101011000,1.0,10010110100011011000
8,1.0,10010110100011011000,1.0,10010110100011011000
8,1.0,10010110100011011000,1.0,10010110110110011010
8,1.0,10010110110110011010,1.0,10001110011110111011
8,1.0,10001110011110111011,1.0,10100110011100101010
8,1.0,10100110011100101010,1.0,10100100011101101010
8,1.0,10100100011101101010,1.0,10100100111101001010
8,1.0,10100100111101001010,1.0,10100100101111001011
8,1.0,10100100101111001011,1.0,00101101101111100000
8,1.0,00101101101111100000,1.0,01101000101111100101
8,1.0,01101000101111100101,1.0,00100100111111100111
8,1.0,00100100111111100111,1.0,00100100111011110111
8,1.0,00100100111011110111,1.0,11100100110011110100
8,1.0,11100100110011110100,1.0,01101100100011111111
8,1.0,01101100100011111111,1.0,01101100100011111111
8,1.0,01101100100011111111,1.0,00110000000011111111
8,1.0,00110000000011111111,1.0,00110000000011111111
8,1.0,00110000000011111111,1.0,00110000000011111111
8,1.0,00110000000011111111,1.0,00111000000011111110
8,1.0,00111000000011111110,1.0,00101101010101111001
8,1.0,00101101010101111001,1.0,00101101100101111010
8,1.0,00101101100101111010,1.0,00101101100101111010
8,1.0,00101101100101111010,1.0,00001101101111101011
8,1.0,00001101101111101011,1.0,00000110101111001100
8,1.0,00000110101111001100,1.0,00001011101011001011
8,1.0,00001011101011001011,1.0,00001011101011001011
8,1.0,00001011101011001011,1.0,00100010101011101010
8,1.0,00100010101011101010,1.0,00101010011011101000
8,1.0,00101010011011101000,1.0,00101010011011100110
8,1.0,00101010011011100110,1.0,00100010011011100111
8,1.0,00100010011011100111,1.0,00100010111111100000
8,1.0,00100010111111100000,1.0,00101110110111100111
8,1.0,00101110110111100111,1.0,00101110110111100111
8,1.0,00101110110111100111,1.0,00101110110111100111
8,1.0,00101110110111100111,1.0,00101110110111100111
8,1.0,00101110110111100111,1.0,01101110110011100101
8,1.0,01101110110011100101,1.0,01101100111011100100
8,1.0,01101100111011100100,1.0,01101000111110110111
8,1.0,01101000111110110111,1.0,01101000111110110111
8,1.0,01101000111110110111,1.0,01101100111111100011
8,1.0,01101100111111100011,1.0,01100100111011100101
8,1.0,01100100111011100101,1.0,01101100111011100100
8,1.0,01101100111011100100,1.0,11101100001011100110
8,1.0,11101100001011100110,1.0,11111001001000100000
8,1.0,11111001001000100000,1.0,11111001101000000000
8,1.0,11111001101000000000,1.0,10111001101100000010
8,1.0,10111001101100000010,1.0,10110001101100000011
8,1.0,10110001101100000011,1.0,10110101111000000010
8,1.0,10110101111000000010,1.0,00010101111010011000
8,1.0,00010101111010011000,1.0,01011101110000011101
8,1.0,01011101110000011101,1.0,01001001110001111101
8,1.0,01001001110001111101,1.0,00000001111011111000
8,1.0,00000001111011111000,1.0,01000011000011111010
8,1.0,01000011000011111010,1.0,01100010100011111001
8,1.0,01100010100011111001,1.0,10001110100011111110
8,1.0,10001110100011111110,1.0,11000110100011101101
8,1.0,11000110100011101101,1.0,01000010100101111110
8,1.0,01000010100101111110,1.0,11001010100001111100
8,1.0,11001010100001111100,1.0,11000010100001111101
8,1.0,11000010100001111101,1.0,01101110100001111011
8,1.0,01101110100001111011,1.0,01011010100001111010
8,1.0,01011010100001111010,1.0,01001011100001111010
8,1.0,01001011100001111010,1.0,01001011100001111010
8,1.0,01001011100001111010,1.0,01001001001101011011
8,1.0,01001001001101011011,1.0,01001111001100011000
8,1.0,01001111001100011000,1.0,10000011001000011110
8,1.0,10000011001000011110,1.0,10010011000000011100
8,1.0,10010011000000011100,1.0,10010111000010001100
8,1.0,10010111000010001100,1.0,10000111100110101100
8,1.0,10000111100110101100,1.0,11001111000010101111
8,1.0,11001111000010101111,1.0,11001111000100111011
8,1.0,11001111000100111011,1.0,11100110100100111010
8,1.0,11100110100100111010,1.0,11101000001110111011
8,1.0,11101000001110111011,1.0,01100110001110101010
8,1.0,01100110001110101010,1.0,01100110001100001110
8,1.0,01100110001100001110,1.0,01101100001101001101
8,1.0,01101100001101001101,1.0,01101100001101001101
8,1.0,01101100001101001101,1.0,01000001001101001101
8,1.0,01000001001101001101,1.0,01001011001100001100
8,1.0,01001011001100001100,1.0,00111110001000001101
8,1.0,00111110001000001101,1.0,00010110001001001100
8,1.0,00010110001001001100,1.0,00010110011100001110
8,1.0,00010110011100001110,1.0,00010110011100001110
8,1.0,00010110011100001110,1.0,00010110011110010101
8,1.0,00010110011110010101,1.0,10010010011110000111
8,1.0,10010010011110000111,1.0,10010011010110000101
8,1.0,10010011010110000101,1.0,10010011010110000101
8,1.0,10010011010110000101,1.0,10010011010110000101
8,1.0,10010011010110000101,1.0,10001011010111000111
8,1.0,10001011010111000111,1.0,10000011011110000111
8,1.0,10000011011110000111,1.0,01000011011010010110
8,1.0,01000011011010010110,1.0,01000011111000010111
8,1.0,01000011111000010111,1.0,01000011111000010111
8,1.0,01000011111000010111,1.0,01000001111100101101
8,1.0,01000001111100101101,1.0,01001111110010101101
8,1.0,01001111110010101101,1.0,01001011110100101101
8,1.0,01001011110100101101,1.0,01001011001100001100
8,1.0,01001011001100001100,1.0,11000110101110101011
8,1.0,11000110101110101011,1.0,11001110101110101010
8,1.0,11001110101110101010,1.0,11001110101110101010
8,1.0,11001110101110101010,1.0,01001000011111101110
8,1.0,01001000011111101110,1.0,01100000011111100100
8,1.0,01100000011111100100,1.0,01010000001111100111
8,1.0,01010000001111100111,1.0,01000010101111100100
8,1.0,01000010101111100100,1.0,01001010101001101101
8,1.0,01001010101001101101,1.0,01100110001011000101
8,1.0,01100110001011000101,1.0,01001110011011010101
8,1.0,01001110011011010101,1.0,01010110001001000111
8,1.0,01010110001001000111,1.0,01010110001010001101
8,1.0,01010110001010001101,1.0,01000111001010001101
8,1.0,01000111001010001101,1.0,01000111001010001101
8,1.0,01000111001010001101,1.0,11000011011010000101
8,1.0,11000011011010000101,1.0,10000011011110000111
8,1.0,10000011011110000111,1.0,00100011011100000111
8,1.0,00100011011100000111,1.0,00100011011100000111
8,1.0,00100011011100000111,1.0,10000011111010100101
8,1.0,10000011111010100101,1.0,10010110011000110100
8,1.0,10010110011000110100,1.0,10011110111000100111
8,1.0,10011110111000100111,1.0,10101110111010100101
8,1.0,10101110111010100101,1.0,10100111110010100100
8,1.0,10100111110010100100,1.0,11101111110010100000
8,1.0,11101111110010100000,1.0,10100111110010100100
8,1.0,10100111110010100100,1.0,10101110111010100101
8,1.0,10101110111010100101,1.0,01101110110110110101
8,1.0,01101110110110110101,1.0,01101000111110110111
8,1.0,01101000111110110111,1.0,00101010111110010110
8,1.0,00101010111110010110,1.0,00001011110110011111
8,1.0,00001011110110011111,1.0,00100011110100001110
8,1.0,00100011110100001110,1.0,01100011110000001100
8,1.0,01100011110000001100,1.0,01100011100010001101
9,3.0,11101010101000011001,3.0,11101100101001101001
9,3.0,11101100101001101001,3.0,11100101101001000000
9,3.0,11100101101001000000,3.0,01100111101100000010
9,3.0,01100111101100000010,3.0,00100111100101000110
9,3.0,00100111100101000110,3.0,01100101100111000110
9,3.0,01100101100111000110,1.0,11001101110111000101
9,1.0,11001101110111000101,1.0,11001101111101000000
9,1.0,11001101111101000000,1.0,01001101011101001010
9,1.0,01001101011101001010,1.0,01000101011101001011
9,1.0,01000101011101001011,1.0,01000101011001011011
9,1.0,01000101011001011011,1.0,11101100001001011011
9,1.0,11101100001001011011,1.0,10100010001001011000
9,1.0,10100010001001011000,1.0,10101010101001001011
9,1.0,10101010101001001011,1.0,10101011100001001001
9,1.0,10101011100001001001,1.0,10100011101000001001
9,1.0,10100011101000001001,1.0,10000011001000011110
9,1.0,10000011001000011110,1.0,10100010011100011010
9,1.0,10100010011100011010,1.0,10100000011100111110
9,1.0,10100000011100111110,1.0,10100100011110101110
9,1.0,10100100011110101110,1.0,10100100011110101110
9,1.0,10100100011110101110,1.0,01100100010111101110
9,1.0,01100100010111101110,1.0,11100100010011101101
9,1.0,11100100010011101101,1.0,11101100010011101100
9,1.0,11101100010011101100,1.0,01100100010111101110
9,1.0,01100100010111101110,1.0,01100100010111101110
9,1.0,01100100010111101110,1.0,01100001110011101000
9,1.0,01100001110011101000,1.0,01100000111011101010
9,1.0,01100000111011101010,1.0,11100100100011101110
9,1.0,11100100100011101110,1.0,11100100110011001101
9,1.0,11100100110011001101,1.0,01101010100011001111
9,1.0,01101010100011001111,1.0,01101010101001001010
9,1.0,01101010101001001010,1.0,11101011101000000011
9,1.0,11101011101000000011,1.0,11001011111010100001
9,1.0,11001011111010100001,1.0,11001010110111100101
9,1.0,11001010110111100101,1.0,11101010110010110111
9,1.0,11101010110010110111,1.0,11111010110000110000
9,1.0,11111010110000110000,1.0,10111011000010010011
9,1.0,10111011000010010011,1.0,10111011010000010010
9,1.0,10111011010000010010,1.0,10111111100000010000
9,1.0,10111111100000010000,1.0,10011011101000010001
9,1.0,10011011101000010001,1.0,00010011101000010100
9,1.0,00010011101000010100,1.0,01110010101000000110
9,1.0,01110010101000000110,1.0,11110010001100000000
9,1.0,11110010001100000000,1.0,10110110001110000010
9,1.0,10110110001110000010,1.0,10110100001110100110
9,1.0,10110100001110100110,1.0,11111000101010000111
9,1.0,11111000101010000111,1.0,11111000101010000111
9,1.0,11111000101010000111,1.0,11110000001010010100
9,1.0,11110000001010010100,1.0,11110000001110010011
9,1.0,11110000001110010011,1.0,01110100001100011010
9,1.0,01110100001100011010,1.0,00111000011110011011
9,1.0,00111000011110011011,1.0,10101000011110011101
9,1.0,10101000011110011101,1.0,00101100111110011111
9,1.0,00101100111110011111,1.0,11001000111110011101
9,1.0,11001000111110011101,1.0,11000000111100111110
9,1.0,11000000111100111110,1.0,11010000110100111100
9,1.0,11010000110100111100,1.0,11010100110010111100
9,1.0,11010100110010111100,1.0,11010100110110101100
9,1.0,11010100110110101100,1.0,11010100110110101100
9,1.0,11010100110110101100,1.0,01011101110001100100
9,1.0,01011101110001100100,1.0,01011001100011010101
9,1.0,01011001100011010101,1.0,01011001110011000111
9,1.0,01011001110011000111,1.0,01011001010011100111
9,1.0,01011001010011100111,1.0,00010001010011101101
9,1.0,00010001010011101101,1.0,00111100010011101101
9,1.0,00111100010011101101,1.0,00101101010011101101
9,1.0,00101101010011101101,1.0,00101101010011101101
9,1.0,00101101010011101101,1.0,00100001011011100100
9,1.0,00100001011011100100,1.0,00100001011011100100
9,1.0,00100001011011100100,1.0,00100001011011100100
9,1.0,00100001011011100100,1.0,00111001011000101001
9,1.0,00111001011000101001,1.0,00101001001101101001
9,1.0,00101001001101101001,1.0,10001001001111101001
9,1.0,10001001001111101001,1.0,10101101001111000001
9,1.0,10101101001111000001,1.0,10100001001011001000
9,1.0,10100001001011001000,1.0,10100001001011001000
9,1.0,10100001001011001000,1.0,10100001001011001000
9,1.0,10100001001011001000,1.0,11101001101010001001
9,1.0,11101001101010001001,1.0,01100001101010001100
9,1.0,01100001101010001100,1.0,01101101101000001110
9,1.0,01101101101000001110,1.0,01100101101000001111
9,1.0,01100101101000001111,1.0,01100011101000000110
9,1.0,01100011101000000110,1.0,11100001111000000111
9,1.0,11100001111000000111,1.0,11101001101010000111
9,1.0,11101001101010000111,1.0,11101001101010000111
9,1.0,11101001101010000111,1.0,10101101101000001111
9,1.0,10101101101000001111,1.0,10101001101010001100
9,1.0,10101001101010001100,1.0,10101001101010001100
9,1.0,10101001101010001100,1.0,10100001001011001000
9,1.0,10100001001011001000,1.0,10101001101001001000
9,1.0,10101001101001001000,1.0,10101001101001001000
9,1.0,10101001101001001000,1.0,00100001101001011010
9,1.0,00100001101001011010,1.0,00101101101001010100
9,1.0,00101101101001010100,1.0,00100101000101011110
9,1.0,00100101000101011110,1.0,00101001001101100111
9,1.0,00101001001101100111,1.0,00101011001101000011
9,1.0,00101011001101000011,1.0,00101011001101000011
9,1.0,00101011001101000011,1.0,00101011001101000011
9,1.0,00101011001101000011,1.0,11101011000101000000
9,1.0,11101011000101000000,1.0,11100011000101000001
9,1.0,11100011000101000001,1.0,11101110100101000100
9,1.0,11101110100101000100,1.0,11101110100101010011
9,1.0,11101110100101010011,1.0,11010010100101010011
9,1.0,11010010100101010011,1.0,11110010000001010001
9,1.0,11110010000001010001,1.0,01110010000101010010
9,1.0,01110010000101010010,1.0,11110110000000011010
9,1.0,11110110000000011010,1.0,11101110001000011011
9,1.0,11101110001000011011,1.0,11101110001010101000
9,1.0,11101110001010101000,1.0,00100011001100101010
9,1.0,00100011001100101010,1.0,00100011101100001010
9,1.0,00100011101100001010,1.0,00101110111100001100
9,1.0,00101110111100001100,1.0,00101110111100011011
9,1.0,00101110111100011011,1.0,01101110111000011001
9,1.0,01101110111000011001,1.0,01111100111100010011
9,1.0,01111100111100010011,1.0,00111001101000010101
9,1.0,00111001101000010101,1.0,01101001101100010101
9,1.0,01101001101100010101,1.0,01110100111000010101
9,1.0,01110100111000010101,1.0,01101100111001010111
9,1.0,01101100111001010111,1.0,01101110111000010111
9,1.0,01101110111000010111,1.0,01100010111001010001
9,1.0,01100010111001010001,1.0,01101010111110010011
9,1.0,01101010111110010011,1.0,01101010111110010011
9,1.0,01101010111110010011,1.0,01101001111110010000
9,1.0,01101001111110010000,1.0,01101101111100010011
9,1.0,01101101111100010011,1.0,11001101111110010011
9,1.0,11001101111110010011,1.0,11001101111110010011
9,1.0,11001101111110010011,1.0,01011001111100010010
9,1.0,01011001111100010010,1.0,01011101111010010010
9,1.0,01011101111010010010,1.0,11011001011010010000
9,1.0,11011001011010010000,1.0,10011101111010010011
9,1.0,10011101111010010011,1.0,10011001001011010000
9,1.0,10011001001011010000,1.0,10011001101001010001
9,1.0,10011001101001010001,1.0,00010001101011110000
9,1.0,00010001101011110000,1.0,01011001101001010000
9,1.0,01011001101001010000,1.0,01011010101001010011
9,1.0,01011010101001010011,1.0,01110110100001010011
9,1.0,01110110100001010011,1.0,11111110110000010011
9,1.0,11111110110000010011,1.0,11010110111100000001
9,1.0,11010110111100000001,1.0,11100110101110100000
9,1.0,11100110101110100000,1.0,11100100001111010010
9,1.0,11100100001111010010,1.0,10100100101101010110
9,1.0,10100100101101010110,1.0,00101110101101000111
9,1.0,00101110101101000111,1.0,00101110101111100011
9,1.0,00101110101111100011,1.0,00101110101101000111
9,1.0,00101110101101000111,1.0,00100010101101100101
9,1.0,00100010101101100101,1.0,00100110101011100101
9,1.0,00100110101011100101,1.0,00101010101011010100
9,1.0,00101010101011010100,1.0,00111010001001000100
9,1.0,00111010001001000100,1.0,00110010001001000101
9,1.0,00110010001001000101,1.0,00100010101101100101
9,1.0,00100010101101100101,1.0,00100010101101100101
9,1.0,00100010101101100101,1.0,00101110101101000111
9,1.0,00101110101101000111,1.0,00101110101101000111
9,1.0,00101110101101000111,1.0,01101110111100000111
9,1.0,01101110111100000111,1.0,01101110011101000010
9,1.0,01101110011101000010,1.0,01100110011101000011
9,1.0,01100110011101000011,1.0,01100110111001100001
9,1.0,01100110111001100001,1.0,01111010111000100001
9,1.0,01111010111000100001,1.0,00110110011001000011
9,1.0,00110110011001000011,1.0,00110110011001000011
9,1.0,00110110011001000011,1.0,00111111010001000000
9,1.0,00111111010001000000,1.0,00111111010001000000
9,1.0,00111111010001000000,1.0,00110111010001000001
9,1.0,00110111010001000001,1.0,00011011011001000001
9,1.0,00011011011001000001,1.0,00100011011001100000
9,1.0,00100011011001100000,1.0,00101011011000010110
9,1.0,00101011011000010110,1.0,01101111010000110101
9,1.0,01101111010000110101,1.0,01101011011000010011
9,1.0,01101011011000010011,1.0,01101011011000010011
9,1.0,01101011011000010011,1.0,01101011011000010011
9,1.0,01101011011000010011,1.0,01101110011000110111
9,1.0,01101110011000110111,1.0,01101110011000110111
9,1.0,01101110011000110111,1.0,01101101011010100111
9,1.0,01101101011010100111,1.0,01111100011010100111
9,1.0,01111100011010100111,1.0,01101101011010100111
9,1.0,01101101011010100111,1.0,11100001011010000110
9,1.0,11100001011010000110,1.0,10101101011110000100
9,1.0,10101101011110000100,1.0,10101101011110000100
9,1.0,10101101011110000100,1.0,00100101111110100100
9,1.0,00100101111110100100,1.0,01101101111110100000
9,1.0,01101101111110100000,1.0,01101001111110010000
9,1.0,01101001111110010000,1.0,01101001110111010001
9,1.0,01101001110111010001,1.0,01101100111011110011
9,1.0,01101100111011110011,1.0,01111000011001010011
9,1.0,01111000011001010011,1.0,01010100111101010010
9,1.0,01010100111101010010,1.0,01110000110101110010
9,1.0,01110000110101110010,1.0,11111000110110110011
9,1.0,11111000110110110011,1.0,11011100111110010011
9,1.0,11011100111110010011,1.0,11011100111010010100
9,1.0,11011100111010010100,1.0,11011010010000011110
9,1.0,11011010010000011110,1.0,11011100110100011110
9,1.0,11011100110100011110,1.0,11010100110100011111
9,1.0,11010100110100011111,1.0,11011100110100011110
9,1.0,11011100110100011110,1.0,11011100110100011110
9,1.0,11011100110100011110,1.0,11010100110100011111
9,1.0,11010100110100011111,1.0,11010000110100111100
9,1.0,11010000110100111100,1.0,11011000110101010101
9,1.0,11011000110101010101,1.0,10110001100100010101
9,1.0,10110001100100010101,1.0,00010001111100010110
9,1.0,00010001111100010110,1.0,11000001111100010101
9,1.0,11000001111100010101,1.0,11000101111101000001
10,3.0,01101101000100111111,1.0,11000101010110011110
10,1.0,11000101010110011110,1.0,11000101010110011110
10,1.0,11000101010110011110,1.0,10000101110110111110
10,1.0,10000101110110111110,1.0,10010100110110111110
10,1.0,10010100110110111110,1.0,10110000110110110111
10,1.0,10110000110110110111,1.0,11101000010110111111
10,1.0,11101000010110111111,1.0,10101110010110101110
10,1.0,10101110010110101110,1.0,00101011010110001101
10,1.0,00101011010110001101,1.0,00111010010010011101
10,1.0,00111010010010011101,1.0,00110011000010011000
10,1.0,00110011000010011000,1.0,00111001000100011110
10,1.0,00111001000100011110,1.0,00111100100110111110
10,1.0,00111100100110111110,1.0,00110100100110111111
10,1.0,00110100100110111111,1.0,01011101100110110101
10,1.0,01011101100110110101,1.0,01011101100110110101
10,1.0,01011101100110110101,1.0,01011101100110110101
10,1.0,01011101100110110101,1.0,01011101100110110101
10,1.0,01011101100110110101,1.0,00011101100111100111
10,1.0,00011101100111100111,1.0,00011101100101110100
10,1.0,00011101100101110100,1.0,00010101100101110101
10,1.0,00010101100101110101,1.0,00010101101100110100
10,1.0,00010101101100110100,1.0,00110101100110010110
10,1.0,00110101100110010110,1.0,10110001100100010101
10,1.0,10110001100100010101,1.0,10110001100100010101
10,1.0,10110001100100010101,1.0,11100101100110010101
10,1.0,11100101100110010101,1.0,11000001101100110110
10,1.0,11000001101100110110,1.0,11011101100100010110
10,1.0,11011101100100010110,1.0,10111001100100010100
10,1.0,10111001100100010100,1.0,10111001000000011101
10,1.0,10111001000000011101,1.0,10111101000000101101
10,1.0,10111101000000101101,1.0,10111001010000001111
10,1.0,10111001010000001111,1.0,10111001010000001111
10,1.0,10111001010000001111,1.0,11010001010010001111
10,1.0,11010001010010001111,1.0,10011101010110001101
10,1.0,10011101010110001101,1.0,10011101001110001001
10,1.0,10011101001110001001,1.0,10011101001110001001
10,1.0,10011101001110001001,1.0,10010001100111001000
10,1.0,10010001100111001000,1.0,00011010110111101000
10,1.0,00011010110111101000,1.0,00111001110101100001
10,1.0,00111001110101100001,1.0,00111101010111000011
10,1.0,00111101010111000011,1.0,00111001010101010011
10,1.0,00111001010101010011,1.0,11110001010100010000
10,1.0,11110001010100010000,1.0,10110001000101010000
10,1.0,10110001000101010000,1.0,10110000010101011000
10,1.0,10110000010101011000,1.0,10101100010011111110
10,1.0,10101100010011111110,1.0,10101100010011111110
10,1.0,10101100010011111110,1.0,10101000010101111110
10,1.0,10101000010101111110,1.0,00101011010101110000
10,1.0,00101011010101110000,1.0,00101011010101110000
10,1.0,00101011010101110000,1.0,10100001001101010010
10,1.0,10100001001101010010,1.0,10101101011101000000
10,1.0,10101101011101000000,1.0,10001101011101001011
10,1.0,10001101011101001011,1.0,10001001011101101000
10,1.0,10001001011101101000,1.0,10001001011100011111
10,1.0,10001001011100011111,1.0,10001001011100011111
10,1.0,10001001011100011111,1.0,11000101110100011111
10,1.0,11000101110100011111,1.0,10100101010100011111
10,1.0,10100101010100011111,1.0,10100101010100011111
10,1.0,10100101010100011111,1.0,10100101010100011111
10,1.0,10100101010100011111,1.0,10100001010110011100
10,1.0,10100001010110011100,1.0,10110101010110010010
10,1.0,10110101010110010010,1.0,10101101000110011111
10,1.0,10101101000110011111,1.0,10000101000111011110
10,1.0,10000101000111011110,1.0,10100101000101001101
10,1.0,10100101000101001101,1.0,10100100010111101111
10,1.0,10100100010111101111,1.0,10110000010011001100
10,1.0,10110000010011001100,1.0,11111000110001001001
10,1.0,11111000110001001001,1.0,01110000101001001000
10,1.0,01110000101001001000,1.0,11010000101011001000
10,1.0,11010000101011001000,1.0,10110000001011001000
10,1.0,10110000001011001000,1.0,10011000001111101001
10,1.0,10011000001111101001,1.0,10011000001111101001
10,1.0,10011000001111101001,1.0,01010000001111101001
10,1.0,01010000001111101001,1.0,01011100001111001011
10,1.0,01011100001111001011,1.0,01011100001111001011
10,1.0,01011100001111001011,1.0,01011100110111011000
10,1.0,01011100110111011000,1.0,11011100100101011011
10,1.0,11011100100101011011,1.0,11010100010101011010
10,1.0,11010100010101011010,1.0,11010100010101011010
10,1.0,11010100010101011010,1.0,10011101010101001001
10,1.0,10011101010101001001,1.0,01010101010101001001
10,1.0,01010101010101001001,1.0,01011110010101001011
10,1.0,01011110010101001011,1.0,01011110010101001011
10,1.0,01011110010101001011,1.0,01010110011011000010
10,1.0,01010110011011000010,1.0,01010010011001010010
10,1.0,01010010011001010010,1.0,01111000011001010011
10,1.0,01111000011001010011,1.0,01110000111000011010
10,1.0,01110000111000011010,1.0,01110010101000001000
10,1.0,01110010101000001000,1.0,01111010001001000001
10,1.0,01111010001001000001,1.0,01101011001001000001
10,1.0,01101011001001000001,1.0,01101011001001000001
10,1.0,01101011001001000001,1.0,11001011001011000001
10,1.0,11001011001011000001,1.0,11001011011110000011
10,1.0,11001011011110000011,1.0,01000011011110000110
10,1.0,01000011011110000110,1.0,01000011011010010110
10,1.0,01000011011010010110,1.0,01001111011110010001
10,1.0,01001111011110010001,1.0,01000101111101010010
10,1.0,01000101111101010010,1.0,11001001111100010100
10,1.0,11001001111100010100,1.0,11101001111000000110
10,1.0,11101001111000000110,1.0,11100101110100010100
10,1.0,11100101110100010100,1.0,11001001110101010101
10,1.0,11001001110101010101,1.0,11001001100101110110
10,1.0,11001001100101110110,1.0,11100101000100101110
10,1.0,11100101000100101110,1.0,10100101010110101100
10,1.0,10100101010110101100,1.0,10101101100110101101
10,1.0,10101101100110101101,1.0,10111101100100100100
10,1.0,10111101100100100100,1.0,00110100110100111110
10,1.0,00110100110100111110,1.0,10111100110100111011
10,1.0,10111100110100111011,1.0,10111100110100111011
10,1.0,10111100110100111011,1.0,00111100011100111000
10,1.0,00111100011100111000,1.0,00111010001010011001
10,1.0,00111010001010011001,1.0,00110110001000110101
10,1.0,00110110001000110101,1.0,00100111001000110101
10,1.0,00100111001000110101,1.0,00100011001001000101
10,1.0,00100011001001000101,1.0,00101111100101000101
10,1.0,00101111100101000101,1.0,00100101101101000101
10,1.0,00100101101101000101,1.0,00001101001111001110
10,1.0,00001101001111001110,1.0,00000101001111001111
10,1.0,00000101001111001111,1.0,10001001001111100111
10,1.0,10001001001111100111,1.0,10100000011111100101
10,1.0,10100000011111100101,1.0,10100101011110000101
10,1.0,10100101011110000101,1.0,10101101011110000100
10,1.0,10101101011110000100,1.0,10101101010111000101
10,1.0,10101101010111000101,1.0,10100001010101010110
10,1.0,10100001010101010110,1.0,10100101010101100110
10,1.0,10100101010101100110,1.0,11100010010011100100
10,1.0,11100010010011100100,1.0,11000011010001100110
10,1.0,11000011010001100110,1.0,11001011000011100110
10,1.0,11001011000011100110,1.0,11010011000010100100
10,1.0,11010011000010100100,1.0,11110010000000001110
10,1.0,11110010000000001110,1.0,11110100100100001110
10,1.0,11110100100100001110,1.0,11110100100100001110
10,1.0,11110100100100001110,1.0,11110100100100001110
10,1.0,11110100100100001110,1.0,01111000100100111100
10,1.0,01111000100100111100,1.0,01110000100100111101
10,1.0,01110000100100111101,1.0,01110000100100111101
10,1.0,01110000100100111101,1.0,01110001100100010100
10,1.0,01110001100100010100,1.0,00111001000100011110
10,1.0,00111001000100011110,1.0,01111001000000011100
10,1.0,01111001000000011100,1.0,01111100100100011111
10,1.0,01111100100100011111,1.0,01111100100100011111
10,1.0,01111100100100011111,1.0,00110010100100011100
10,1.0,00110010100100011100,1.0,00011111100100001101
10,1.0,00011111100100001101,1.0,10011111000110001010
10,1.0,10011111000110001010,1.0,11011101000100001111
10,1.0,11011101000100001111,1.0,11011101000100001111
10,1.0,11011101000100001111,1.0,10011101100100101111
10,1.0,10011101100100101111,1.0,10011101100100101111
10,1.0,10011101100100101111,1.0,00011101110110101100
10,1.0,00011101110110101100,1.0,00011100110111101111
10,1.0,00011100110111101111,1.0,00010101110110101101
10,1.0,00010101110110101101,1.0,01011101110100001101
10,1.0,01011101110100001101,1.0,00011101110100011111
10,1.0,00011101110100011111,1.0,00011101110100011111
10,1.0,00011101110100011111,1.0,10010001010100011110
10,1.0,10010001010100011110,1.0,10010001010100011110
10,1.0,10010001010100011110,1.0,10011101010110001101
10,1.0,10011101010110001101,1.0,11010100110110101100
10,1.0,11010100110110101100,1.0,11010100110110101100
10,1.0,11010100110110101100,1.0,11010100110010111100
10,1.0,11010100110010111100,1.0,11101010110010111001
10,1.0,11101010110010111001,1.0,01111110100010011000
10,1.0,01111110100010011000,1.0,01111100100110111011
10,1.0,01111100100110111011,1.0,01110000110110111000
10,1.0,01110000110110111000,1.0,01111000110110001110
10,1.0,01111000110110001110,1.0,01111000110110001110
10,1.0,01111000110110001110,1.0,11100100110110011101
10,1.0,11100100110110011101,1.0,01101100111010011101
10,1.0,01101100111010011101,1.0,01011100111000011111
10,1.0,01011100111000011111,1.0,01110000111000011010
10,1.0,01110000111000011010,1.0,01110000111000011010
10,1.0,01110000111000011010,1.0,01011010111000011000
10,1.0,01011010111000011000,1.0,01001011111000011000
10,1.0,01001011111000011000,1.0,01000011111000011001
10,1.0,01000011111000011001,1.0,01001011111000011000
10,1.0,01001011111000011000,1.0,11001011001000011010
10,1.0,11001011001000011010,1.0,11001001000001111111
10,1.0,11001001000001111111,1.0,11000101110001110110
10,1.0,11000101110001110110,1.0,11001101110001001110
10,1.0,11001101110001001110,1.0,11001101110001001110
10,1.0,11001101110001001110,1.0,11101001110001000111
10,1.0,11101001110001000111,1.0,11101001101001000011
10,1.0,11101001101001000011,1.0,01100001101001000110
10,1.0,01100001101001000110,1.0,10100011000001010100
10,1.0,10100011000001010100,1.0,11101010000011010111
10,1.0,11101010000011010111,1.0,11101110000001110100
10,1.0,11101110000001110100,1.0,11100010000001111010
10,1.0,11100010000001111010,1.0,01111001000001001011
10,1.0,01111001000001001011,1.0,01111001000001001011
10,1.0,01111001000001001011,1.0,01111001000001001011
10,1.0,01111001000001001011,1.0,01111001000100011011
11,7.0,00100011000101011000,3.0,00101010001101011000
11,3.0,00101010001101011000,3.0,00100010001101011001
11,3.0,00100010001101011001,3.0,00100010001101011001
11,3.0,00100010001101011001,3.0,00100111000001111000
11,3.0,00100111000001111000,3.0,00110011000000111000
11,3.0,00110011000000111000,1.0,00011011000110111001
11,1.0,00011011000110111001,1.0,00011011000101110011
11,1.0,00011011000101110011,1.0,00011011000101110011
11,1.0,00011011000101110011,1.0,01010010000101110101
11,1.0,01010010000101110101,1.0,01001010000111111101
11,1.0,01001010000111111101,1.0,01010110000111100101
11,1.0,01010110000111100101,1.0,11010100100111100111
11,1.0,11010100100111100111,1.0,11010110100110100111
11,1.0,11010110100110100111,1.0,11010110100110100111
11,1.0,11010110100110100111,1.0,01011110110100110111
11,1.0,01011110110100110111,1.0,01011110110100110111
11,1.0,01011110110100110111,1.0,01011110110100110111
11,1.0,01011110110100110111,1.0,01011101110100110100
11,1.0,01011101110100110100,1.0,11011101000100110110
11,1.0,11011101000100110110,1.0,11010101001000100110
11,1.0,11010101001000100110,1.0,11011101111000100001
11,1.0,11011101111000100001,1.0,11011001001100000101
11,1.0,11011001001100000101,1.0,11011001001100000101
11,1.0,11011001001100000101,1.0,11011101001100010001
11,1.0,11011101001100010001,1.0,01010001011110010010
11,1.0,01010001011110010010,1.0,11010001011110000001
11,1.0,11010001011110000001,1.0,01010001011110010010
11,1.0,01010001011110010010,1.0,01111001000100011011
11,1.0,01111001000100011011,1.0,00110111000100001011
11,1.0,00110111000100001011,1.0,00110011000100101000
11,1.0,00110011000100101000,1.0,00100011010100101110
11,1.0,00100011010100101110,1.0,10001111010100011101
11,1.0,10001111010100011101,1.0,00001111010111010101
11,1.0,00001111010111010101,1.0,10001101010111110111
11,1.0,10001101010111110111,1.0,00001111010111010101
11,1.0,00001111010111010101,1.0,00101011010101000111
11,1.0,00101011010101000111,1.0,10100101000101001101
11,1.0,10100101000101001101,1.0,10100101000101001101
11,1.0,10100101000101001101,1.0,10100101010100011111
11,1.0,10100101010100011111,1.0,10100101000101001101
11,1.0,10100101000101001101,1.0,00100011100001001100
11,1.0,00100011100001001100,1.0,00100011100001001100
11,1.0,00100011100001001100,1.0,00100011100001001100
11,1.0,00100011100001001100,1.0,00100111100001011000
11,1.0,00100111100001011000,1.0,00100111100011001011
11,1.0,00100111100011001011,1.0,00101111100011001010
11,1.0,00101111100011001010,1.0,00100101101011001010
11,1.0,00100101101011001010,1.0,00001011101011001011
11,1.0,00001011101011001011,1.0,00000011101011110011
11,1.0,00000011101011110011,1.0,01000011101011100001
11,1.0,01000011101011100001,1.0,01000011111110100011
11,1.0,01000011111110100011,1.0,01001011011010101011
11,1.0,01001011011010101011,1.0,01001011111010001011
11,1.0,01001011111010001011,1.0,00001011101011001011
11,1.0,00001011101011001011,1.0,00000011001111001000
11,1.0,00000011001111001000,1.0,01000011011110001000
11,1.0,01000011011110001000,1.0,10000011001110101010
11,1.0,10000011001110101010,1.0,10000110101010111110
11,1.0,10000110101010111110,1.0,00100110101000111110
11,1.0,00100110101000111110,1.0,00100110101000111110
11,1.0,00100110101000111110,1.0,00001111001000111111
11,1.0,00001111001000111111,1.0,10001110001011110111
11,1.0,10001110001011110111,1.0,10011110001010110100
11,1.0,10011110001010110100,1.0,10011110000011110101
11,1.0,10011110000011110101,1.0,10010010000001011111
11,1.0,10010010000001011111,1.0,10011010100001111011
11,1.0,10011010100001111011,1.0,10110010100001110001
11,1.0,10110010100001110001,1.0,10111010010000111011
11,1.0,10111010010000111011,1.0,10111101010000011011
11,1.0,10111101010000011011,1.0,10110001010000111001
11,1.0,10110001010000111001,1.0,10110011010000010011
11,1.0,10110011010000010011,1.0,10110110110000011001
11,1.0,10110110110000011001,1.0,10110110110010110011
11,1.0,10110110110010110011,1.0,10110110110010110011
11,1.0,10110110110010110011,1.0,10111110110010110010
11,1.0,10111110110010110010,1.0,10111110010010101011
11,1.0,10111110010010101011,1.0,10111111000010100011
11,1.0,10111111000010100011,1.0,10110111000000110001
11,1.0,10110111000000110001,1.0,10010011100000111001
11,1.0,10010011100000111001,1.0,01011011100001010001
11,1.0,01011011100001010001,1.0,01001011100001111010
11,1.0,01001011100001111010,1.0,01000011000011111010
11,1.0,01000011000011111010,1.0,01001011100010111110
11,1.0,01001011100010111110,1.0,01111010000010101100
11,1.0,01111010000010101100,1.0,01111010000110101011
11,1.0,01111010000110101011,1.0,01111110010010101010
11,1.0,01111110010010101010,1.0,11110110110010100001
11,1.0,11110110110010100001,1.0,11010110110100100110
11,1.0,11010110110100100110,1.0,11010011010100100010
11,1.0,11010011010100100010,1.0,11010011010100100010
11,1.0,11010011010100100010,1.0,11100011110100100001
11,1.0,11100011110100100001,1.0,01100111110110100010
11,1.0,01100111110110100010,1.0,01100001111110010001
11,1.0,01100001111110010001,1.0,11100001011100010010
11,1.0,11100001011100010010,1.0,11100101011100100010
11,1.0,11100101011100100010,1.0,01101111101100000001
11,1.0,01101111101100000001,1.0,01101101101101000001
11,1.0,01101101101101000001,1.0,01101101101101000001
11,1.0,01101101101101000001,1.0,00111001001101000000
11,1.0,00111001001101000000,1.0,00100001111101010000
11,1.0,00100001111101010000,1.0,10001001101101010100
11,1.0,10001001101101010100,1.0,10001001001101110100
11,1.0,10001001001101110100,1.0,10001010001101110111
11,1.0,10001010001101110111,1.0,10001010001101110111
11,1.0,10001010001101110111,1.0,10001010001101110111
11,1.0,10001010001101110111,1.0,01000010001101110111
11,1.0,01000010001101110111,1.0,01001010001101110110
11,1.0,01001010001101110110,1.0,01001011000101110100
11,1.0,01001011000101110100,1.0,01000001001101110100
11,1.0,01000001001101110100,1.0,01000001001101110100
11,1.0,01000001001101110100,1.0,11000001100101110111
11,1.0,11000001100101110111,1.0,11001001101101010001
11,1.0,11001001101101010001,1.0,11000101111101000001
11,1.0,11000101111101000001,1.0,11001101101111000001
11,1.0,11001101101111000001,1.0,10000111001110100101
11,1.0,10000111001110100101,1.0,10000111001110100101
11,1.0,10000111001110100101,1.0,00100111001100100101
11,1.0,00100111001100100101,1.0,10100010001100101100
11,1.0,10100010001100101100,1.0,10001010001110111101
11,1.0,10001010001110111101,1.0,10001010001110111101
11,1.0,10001010001110111101,1.0,10000110101010111110
11,1.0,10000110101010111110,1.0,10000110111010011101
11,1.0,10000110111010011101,1.0,10001110111010011100
11,1.0,10001110111010011100,1.0,10001010101110011101
11,1.0,10001010101110011101,1.0,10001110111110011011
11,1.0,10001110111110011011,1.0,10000110111110110100
11,1.0,10000110111110110100,1.0,00101110111110100110
11,1.0,00101110111110100110,1.0,00100010111111100000
11,1.0,00100010111111100000,1.0,00100110111101100011
11,1.0,00100110111101100011,1.0,00101110101111100011
11,1.0,00101110101111100011,1.0,00101110101111100011
11,1.0,00101110101111100011,1.0,00101110110111100111
11,1.0,00101110110111100111,1.0,00101110110111100111
11,1.0,00101110110111100111,1.0,00111001110110100101
11,1.0,00111001110110100101,1.0,00111001001110000100
11,1.0,00111001001110000100,1.0,00111101001100110000
11,1.0,00111101001100110000,1.0,00111100001110111001
11,1.0,00111100001110111001,1.0,00111100001110111001
11,1.0,00111100001110111001,1.0,00011101001100111011
11,1.0,00011101001100111011,1.0,10010001001100011010
11,1.0,10010001001100011010,1.0,10010001001100011010
11,1.0,10010001001100011010,1.0,10010101001100101010
11,1.0,10010101001100101010,1.0,10010101001100101010
11,1.0,10010101001100101010,1.0,10010101011100110000
11,1.0,10010101011100110000,1.0,10011101010101110000
11,1.0,10011101010101110000,1.0,10010101000101101011
11,1.0,10010101000101101011,1.0,11011000000101101111
11,1.0,11011000000101101111,1.0,11000100001101101110
11,1.0,11000100001101101110,1.0,01000001001101001101
11,1.0,01000001001101001101,1.0,01000001001101001101
11,1.0,01000001001101001101,1.0,11100101001100001001
11,1.0,11100101001100001001,1.0,11000101101100011011
11,1.0,11000101101100011011,1.0,11001101100110011111
11,1.0,11001101100110011111,1.0,11000001100110111101
11,1.0,11000001100110111101,1.0,01010001100110111011
11,1.0,01010001100110111011,1.0,01010101010110110100
11,1.0,01010101010110110100,1.0,01011011000010110101
11,1.0,01011011000010110101,1.0,01011110000011110100
11,1.0,01011110000011110100,1.0,01010110010001110100
11,1.0,01010110010001110100,1.0,01010110010101110011
11,1.0,01010110010101110011,1.0,01010110010101110011
11,1.0,01010110010101110011,1.0,00010110010101111000
11,1.0,00010110010101111000,1.0,00010110010101111000
11,1.0,00010110010101111000,1.0,00010111010001110011
11,1.0,00010111010001110011,1.0,00010111110001010011
11,1.0,00010111110001010011,1.0,01010011110000010101
11,1.0,01010011110000010101,1.0,00010011100001010101
11,1.0,00010011100001010101,1.0,00111011000101000001
11,1.0,00111011000101000001,1.0,00111011000101000001
11,1.0,00111011000101000001,1.0,00101111100101000101
11,1.0,00101111100101000101,1.0,00101111100101000101
11,1.0,00101111100101000101,1.0,00101110101101000111
11,1.0,00101110101101000111,1.0,00111100110101010111
11,1.0,00111100110101010111,1.0,00110001010101000101
11,1.0,00110001010101000101,1.0,00110101100011000110
11,1.0,00110101100011000110,1.0,00111001000011010101
11,1.0,00111001000011010101,1.0,00110001000001001111
11,1.0,00110001000001001111,1.0,01111001000001001011
11,1.0,01111001000001001011,1.0,01111001100110001000
11,1.0,01111001100110001000,1.0,01111000100111001011
11,1.0,01111000100111001011,1.0,00110001100101001000
11,1.0,00110001100101001000,1.0,00110001000101101000
11,1.0,00110001000101101000,1.0,00111011000101000001
11,1.0,00111011000101000001,1.0,00101011100111010001
11,1.0,00101011100111010001,1.0,10101011000101010010
11,1.0,10101011000101010010,1.0,01100011100001110000
11,1.0,01100011100001110000,1.0,01100001100111110011
11,1.0,01100001100111110011,1.0,01101001110111010001
11,1.0,01101001110111010001,1.0,11101001010110010110
11,1.0,11101001010110010110,1.0,11111000010110010110
11,1.0,11111000010110010110,1.0,00110000111110010100
11,1.0,00110000111110010100,1.0,00110010110110010101
11,1.0,00110010110110010101,1.0,00111010110110010100
11,1.0,00111010110110010100,1.0,10110010010100010110
11,1.0,10110010010100010110,1.0,10110011110010000000
11,1.0,10110011110010000000,1.0,11010111010000001000
11,1.0,11010111010000001000,1.0,11001111011000001001
11,1.0,11001111011000001001,1.0,11011110011000001001
11,1.0,11011110011000001001,1.0,11010111010000001000
11,1.0,11010111010000001000,1.0,11010111010000001000
11,1.0,11010111010000001000,1.0,11011011000100001000
12,1.0,01001111010110110110,1.0,01001111010110110110
12,1.0,01001111010110110110,1.0,01000111010110110111
12,1.0,01000111010110110111,1.0,00101011010110110100
12,1.0,00101011010110110100,1.0,00101011000010111110
12,1.0,00101011000010111110,1.0,10101011100010110100
12,1.0,10101011100010110100,1.0,10010111100010100111
12,1.0,10010111100010100111,1.0,10010111100010101001
12,1.0,10010111100010101001,1.0,10011111100010101000
12,1.0,10011111100010101000,1.0,10011111100000011011
12,1.0,10011111100000011011,1.0,10011111100000011011
12,1.0,10011111100000011011,1.0,10111111100000010000
12,1.0,10111111100000010000,1.0,10111111100000010000
12,1.0,10111111100000010000,1.0,10110111100000010001
12,1.0,10110111100000010001,1.0,10111111100000010000
12,1.0,10111111100000010000,1.0,10101111100001010011
12,1.0,10101111100001010011,1.0,10101111100001010011
12,1.0,10101111100001010011,1.0,10100011100001110001
12,1.0,10100011100001110001,1.0,11100011000001010001
12,1.0,11100011000001010001,1.0,10100011000001010100
12,1.0,10100011000001010100,1.0,10101011100001000111
12,1.0,10101011100001000111,1.0,10100110011001000101
12,1.0,10100110011001000101,1.0,10100010011010001110
12,1.0,10100010011010001110,1.0,10100010010011001111
12,1.0,10100010010011001111,1.0,00110010010011100101
12,1.0,00110010010011100101,1.0,00101011010011100100
12,1.0,00101011010011100100,1.0,00101011010101000111
12,1.0,00101011010101000111,1.0,00101011010101000111
12,1.0,00101011010101000111,1.0,01101010110101100101
12,1.0,01101010110101100101,1.0,00010010110111100111
12,1.0,00010010110111100111,1.0,00101110110111100111
12,1.0,00101110110111100111,1.0,00101110110111100111
12,1.0,00101110110111100111,1.0,00100010110011101110
12,1.0,00100010110011101110,1.0,10100010010011110110
12,1.0,10100010010011110110,1.0,11000010110011110110
12,1.0,11000010110011110110,1.0,10101010100011110111
12,1.0,10101010100011110111,1.0,00100011100110110110
12,1.0,00100011100110110110,1.0,00100011110110010101
12,1.0,00100011110110010101,1.0,00100011111100010000
12,1.0,00100011111100010000,1.0,00111010111100100011
12,1.0,00111010111100100011,1.0,00111110111010100011
12,1.0,00111110111010100011,1.0,00110110011010000111
12,1.0,00110110011010000111,1.0,00110010011000010111
12,1.0,00110010011000010111,1.0,01110010011000000101
12,1.0,01110010011000000101,1.0,01111010011000000100
12,1.0,01111010011000000100,1.0,11110010001100000000
12,1.0,11110010001100000000,1.0,11111010000101000000
12,1.0,11111010000101000000,1.0,01111010100100010110
12,1.0,01111010100100010110,1.0,01101110110110110101
12,1.0,01101110110110110101,1.0,01100110011110110000
12,1.0,01100110011110110000,1.0,01001110011110111010
12,1.0,01001110011110111010,1.0,01001111010110111000
12,1.0,01001111010110111000,1.0,01001110011110111010
12,1.0,01001110011110111010,1.0,01001010011101101010
12,1.0,01001010011101101010,1.0,00010010001011011000
12,1.0,00010010001011011000,1.0,00000011001011011000
12,1.0,00000011001011011000,1.0,00010001010111011000
12,1.0,00010001010111011000,1.0,00010001010011101101
12,1.0,00010001010011101101,1.0,10010001000011001111
12,1.0,10010001000011001111,1.0,11100001000001001110
12,1.0,11100001000001001110,1.0,10100001010011001100
12,1.0,10100001010011001100,1.0,11101001110010001101
12,1.0,11101001110010001101,1.0,11000101110110101100
12,1.0,11000101110110101100,1.0,11010101100110100100
12,1.0,11010101100110100100,1.0,11010101100110100100
12,1.0,11010101100110100100,1.0,11010001010110100110
12,1.0,11010001010110100110,1.0,11010001010110100110
12,1.0,11010001010110100110,1.0,11010001010110100110
12,1.0,11010001010110100110,1.0,11101101010110100110
12,1.0,11101101010110100110,1.0,11101101110100100111
12,1.0,11101101110100100111,1.0,11101101010110100110
12,1.0,11101101010110100110,1.0,11101101110100100111
12,1.0,11101101110100100111,1.0,10100111110010100100
12,1.0,10100111110010100100,1.0,10011111100010100110
12,1.0,10011111100010100110,1.0,10011111100010101000
12,1.0,10011111100010101000,1.0,10111111000000001001
12,1.0,10111111000000001001,1.0,10111010100100011001
12,1.0,10111010100100011001,1.0,00110010100100011100
12,1.0,00110010100100011100,1.0,00110010100110110110
12,1.0,00110010100110110110,1.0,10110010100010110101
12,1.0,10110010100010110101,1.0,00110010100110001111
12,1.0,00110010100110001111,1.0,00111010100110001110
12,1.0,00111010100110001110,1.0,00110010100110001111
12,1.0,00110010100110001111,1.0,00101011100110001110
12,1.0,00101011100110001110,1.0,00100011100110001111
12,1.0,00100011100110001111,1.0,00101011100110001110
12,1.0,00101011100110001110,1.0,00100110000111101110
12,1.0,00100110000111101110,1.0,01101110000101001110
12,1.0,01101110000101001110,1.0,01100010000101101100
12,1.0,01100010000101101100,1.0,01100010000101101100
12,1.0,01100010000101101100,1.0,11000110110001101100
12,1.0,11000110110001101100,1.0,01001110111001101011
12,1.0,01001110111001101011,1.0,01000100111101101100
12,1.0,01000100111101101100,1.0,01010100111010101101
12,1.0,01010100111010101101,1.0,01011100111010101100
12,1.0,01011100111010101100,1.0,00011100111010111110
12,1.0,00011100111010111110,1.0,00011110001000111111
12,1.0,00011110001000111111,1.0,00011110001000111111
12,1.0,00011110001000111111,1.0,00011110001000111111
12,1.0,00011110001000111111,1.0,10011000001001011101
12,1.0,10011000001001011101,1.0,10010000011011011001
12,1.0,10010000011011011001,1.0,01011100001011011011
12,1.0,01011100001011011011,1.0,01010100011001011011
12,1.0,01010100011001011011,1.0,01011100111001101000
12,1.0,01011100111001101000,1.0,00011100111101101010
12,1.0,00011100111101101010,1.0,01011000101101101001
12,1.0,01011000101101101001,1.0,01011000101101101001
12,1.0,01011000101101101001,1.0,00010000101101101101
12,1.0,00010000101101101101,1.0,00010000101001111101
12,1.0,00010000101001111101,1.0,00010000101001111101
12,1.0,00010000101001111101,1.0,00010000101001111101
12,1.0,00010000101001111101,1.0,01011000101001110111
12,1.0,01011000101001110111,1.0,01001001101001110111
12,1.0,01001001101001110111,1.0,01001001101001110111
12,1.0,01001001101001110111,1.0,01000101001111110011
12,1.0,01000101001111110011,1.0,01101001000011111011
12,1.0,01101001000011111011,1.0,01101001000011111011
12,1.0,01101001000011111011,1.0,01110001000010111001
12,1.0,01110001000010111001,1.0,01110001010000111000
12,1.0,01110001010000111000,1.0,01110001000000011101
12,1.0,01110001000000011101,1.0,01110100000001011100
12,1.0,01110100000001011100,1.0,01110100000001011100
12,1.0,01110100000001011100,1.0,01010001000011001110
12,1.0,01010001000011001110,1.0,01011101000111000111
12,1.0,01011101000111000111,1.0,01110000000111010110
12,1.0,01110000000111010110,1.0,01101000010111011101
12,1.0,01101000010111011101,1.0,01101000010111011101
12,1.0,01101000010111011101,1.0,01010100010111111001
12,1.0,01010100010111111001,1.0,01010100100111111010
12,1.0,01010100100111111010,1.0,01011101100101110001
12,1.0,01011101100101110001,1.0,01110101100001010000
12,1.0,01110101100001010000,1.0,01100001111011000001
12,1.0,01100001111011000001,1.0,01100001111011000001
12,1.0,01100001111011000001,1.0,01101111011010000011
12,1.0,01101111011010000011,1.0,01101111011010000011
12,1.0,01101111011010000011,1.0,00101111011010001000
12,1.0,00101111011010001000,1.0,00101111011010001000
12,1.0,00101111011010001000,1.0,00101111011010001000
12,1.0,00101111011010001000,1.0,00111110011010001000
12,1.0,00111110011010001000,1.0,00110110011010000111
12,1.0,00110110011010000111,1.0,01111110011010000011
12,1.0,01111110011010000011,1.0,01110111000010100011
12,1.0,01110111000010100011,1.0,01110001000010110111
12,1.0,01110001000010110111,1.0,01100001110110110110
12,1.0,01100001110110110110,1.0,11100001110010110101
12,1.0,11100001110010110101,1.0,10100001110001110100
12,1.0,10100001110001110100,1.0,10101001110011100110
12,1.0,10101001110011100110,1.0,11101001110001000111
12,1.0,11101001110001000111,1.0,10101011100001000111
12,1.0,10101011100001000111,1.0,10101001110001001100
12,1.0,10101001110001001100,1.0,10101001110001001100
12,1.0,10101001110001001100,1.0,10111000110001001100
12,1.0,10111000110001001100,1.0,10100000011011001110
12,1.0,10100000011011001110,1.0,10001000011111101111
12,1.0,10001000011111101111,1.0,10100100011110101110
12,1.0,10100100011110101110,1.0,10100100011110101110
12,1.0,10100100011110101110,1.0,10100100111110001110
12,1.0,10100100111110001110,1.0,10100100111110001110
12,1.0,10100100111110001110,1.0,10101000101100111111
12,1.0,10101000101100111111,1.0,00100001111101010000
12,1.0,00100001111101010000,1.0,00100001111101010000
12,1.0,00100001111101010000,1.0,00100010111101010011
12,1.0,00100010111101010011,1.0,00101010101111010011
12,1.0,00101010101111010011,1.0,00101110101111100011
12,1.0,00101110101111100011,1.0,00110010001011100001
12,1.0,00110010001011100001,1.0,00110010001011100001
12,1.0,00110010001011100001,1.0,00100110001111110000
12,1.0,00100110001111110000,1.0,10101110001101010001
12,1.0,10101110001101010001,1.0,10100110101100011000
12,1.0,10100110101100011000,1.0,10101011100100011001
12,1.0,10101011100100011001,1.0,10101110100110011100
12,1.0,10101110100110011100,1.0,10101010010110011110
12,1.0,10101010010110011110,1.0,00111010110110010100
12,1.0,00111010110110010100,1.0,00111010110110010100
12,1.0,00111010110110010100,1.0,00110000111110010100
12,1.0,00110000111110010100,1.0,00110000110111010101
12,1.0,00110000110111010101,1.0,01010100110111010111
12,1.0,01010100110111010111,1.0,01010100010111110111
12,1.0,01010100010111110111,1.0,11011100010011110101
12,1.0,11011100010011110101,1.0,11011110010010110101
12,1.0,11011110010010110101,1.0,11011110010010110101
12,1.0,11011110010010110101,1.0,01011111010010110011
12,1.0,01011111010010110011,1.0,00011111000000111101
12,1.0,00011111000000111101,1.0,10010011000000011100
12,1.0,10010011000000011100,1.0,10010111000010001100
12,1.0,10010111000010001100,1.0,10010111000010001100
12,1.0,10010111000010001100,1.0,10010011000000011100
12,1.0,10010011000000011100,1.0,10010011000000011100
12,1.0,10010011000000011100,1.0,10111001000000011101
12,1.0,10111001000000011101,1.0,10111001000000011101
12,1.0,10111001000000011101,1.0,10111001000000011101
13,5.0,10110000111110010010,3.0,10111100011110010011
13,3.0,10111100011110010011,1.0,11111000010110011000
13,1.0,11111000010110011000,1.0,11011001000110011011
13,1.0,11011001000110011011,1.0,11011001000110011011
13,1.0,11011001000110011011,1.0,01010001000101011010
13,1.0,01010001000101011010,1.0,01010001000101011010
13,1.0,01010001000101011010,1.0,01010001000101011010
13,1.0,01010001000101011010,1.0,01010001000101011010
13,1.0,01010001000101011010,1.0,11001001100101111000
13,1.0,11001001100101111000,1.0,10001101100111111010
13,1.0,10001101100111111010,1.0,10000101100111111011
13,1.0,10000101100111111011,1.0,10001101100111111010
13,1.0,10001101100111111010,1.0,10001101100111111010
13,1.0,10001101100111111010,1.0,10000101100111111011
13,1.0,10000101100111111011,1.0,10000101100111111011
13,1.0,10000101100111111011,1.0,10001101110111011001
13,1.0,10001101110111011001,1.0,10100100110111111000
13,1.0,10100100110111111000,1.0,00100000011101011100
13,1.0,00100000011101011100,1.0,00101100111001011100
13,1.0,00101100111001011100,1.0,00001101101001011111
13,1.0,00001101101001011111,1.0,00001101101001011111
13,1.0,00001101101001011111,1.0,00000101011001011110
13,1.0,00000101011001011110,1.0,00001101101001011111
13,1.0,00001101101001011111,1.0,00011101101000011100
13,1.0,00011101101000011100,1.0,10011100011001011011
13,1.0,10011100011001011011,1.0,10011100011001011011
13,1.0,10011100011001011011,1.0,10011100011001011011
13,1.0,10011100011001011011,1.0,00111100010101111001
13,1.0,00111100010101111001,1.0,10111100000101011011
13,1.0,10111100000101011011,1.0,00110100100101111011
13,1.0,00110100100101111011,1.0,00110100100101111011
13,1.0,00110100100101111011,1.0,00111001100001101011
13,1.0,00111001100001101011,1.0,00111001101000101010
13,1.0,00111001101000101010,1.0,01110100101100101000
13,1.0,01110100101100101000,1.0,01110100101000111000
13,1.0,01110100101000111000,1.0,01110100101000111000
13,1.0,01110100101000111000,1.0,11111100100101010000
13,1.0,11111100100101010000,1.0,11100001001001010000
13,1.0,11100001001001010000,1.0,11000101101001110010
13,1.0,11000101101001110010,1.0,11000101101001110010
13,1.0,11000101101001110010,1.0,11000100111001111010
13,1.0,11000100111001111010,1.0,11000100111001111010
13,1.0,11000100111001111010,1.0,01001101011001011010
13,1.0,01001101011001011010,1.0,01000101011001011011
13,1.0,01000101011001011011,1.0,11000001010011111011
13,1.0,11000001010011111011,1.0,11000011010010111011
13,1.0,11000011010010111011,1.0,11000011010000011111
13,1.0,11000011010000011111,1.0,01000111010100011101
13,1.0,01000111010100011101,1.0,01000110110011011101
13,1.0,01000110110011011101,1.0,01001011110010011101
13,1.0,01001011110010011101,1.0,01010001100010111100
13,1.0,01010001100010111100,1.0,10010001100010111101
13,1.0,10010001100010111101,1.0,10011001101010101010
13,1.0,10011001101010101010,1.0,10010001101000111000
13,1.0,10010001101000111000,1.0,10010001110000111100
13,1.0,10010001110000111100,1.0,10011101111000100100
13,1.0,10011101111000100100,1.0,10011101011100000110
13,1.0,10011101011100000110,1.0,10010101011100000111
13,1.0,10010101011100000111,1.0,10010101011100110000
13,1.0,10010101011100110000,1.0,10011101001110110000
13,1.0,10011101001110110000,1.0,00111001101010110001
13,1.0,00111001101010110001,1.0,10100001101010110100
13,1.0,10100001101010110100,1.0,10100001011000111011
13,1.0,10100001011000111011,1.0,10100001011000111011
13,1.0,10100001011000111011,1.0,10100100011001111010
13,1.0,10100100011001111010,1.0,10101000001101111010
13,1.0,10101000001101111010,1.0,10101100101001111011
13,1.0,10101100101001111011,1.0,10101110101000111011
13,1.0,10101110101000111011,1.0,10100110001000011111
13,1.0,10100110001000011111,1.0,10100110001010101100
13,1.0,10100110001010101100,1.0,11101110011010000101
13,1.0,11101110011010000101,1.0,11100010010010011101
13,1.0,11100010010010011101,1.0,11101000001100011111
13,1.0,11101000001100011111,1.0,11101000001110111011
13,1.0,11101000001110111011,1.0,01100110001110101010
13,1.0,01100110001110101010,1.0,00100111001010101010
13,1.0,00100111001010101010,1.0,00100111001100100101
13,1.0,00100111001100100101,1.0,00100111001100100101
13,1.0,00100111001100100101,1.0,00100111001100100101
13,1.0,00100111001100100101,1.0,01101111001100100001
13,1.0,01101111001100100001,1.0,01101011011100000011
13,1.0,01101011011100000011,1.0,01101101111100010011
13,1.0,01101101111100010011,1.0,01000101111101010010
13,1.0,01000101111101010010,1.0,01001101101111010010
13,1.0,01001101101111010010,1.0,00011101101011010010
13,1.0,00011101101011010010,1.0,00011101110011010110
13,1.0,00011101110011010110,1.0,00110101100110010110
13,1.0,00110101100110010110,1.0,00010001110110011101
13,1.0,00010001110110011101,1.0,01011001110110011001
13,1.0,01011001110110011001,1.0,00011001100111011001
13,1.0,00011001100111011001,1.0,00011001100111011001
13,1.0,00011001100111011001,1.0,00011001100111011001
13,1.0,00011001100111011001,1.0,00000101101111011000
13,1.0,00000101101111011000,1.0,01001101101111010010
13,1.0,01001101101111010010,1.0,01001101001111001011
13,1.0,01001101001111001011,1.0,01001101101011101001
13,1.0,01001101101011101001,1.0,01001101101011101001
13,1.0,01001101101011101001,1.0,01001101101011100111
13,1.0,01001101101011100111,1.0,01001101101011100111
13,1.0,01001101101011100111,1.0,01011101101010100100
13,1.0,01011101101010100100,1.0,01011100101011100111
13,1.0,01011100101011100111,1.0,01101000101111100101
13,1.0,01101000101111100101,1.0,01101010101110100101
13,1.0,01101010101110100101,1.0,01110110110110100010
13,1.0,01110110110110100010,1.0,11110010010110100000
13,1.0,11110010010110100000,1.0,11110010010110100000
13,1.0,11110010010110100000,1.0,00110010011110100011
13,1.0,00110010011110100011,1.0,00110010011110100011
13,1.0,00110010011110100011,1.0,00110010011110100011
13,1.0,00110010011110100011,1.0,00100010111111100000
13,1.0,00100010111111100000,1.0,00101110101111100011
13,1.0,00101110101111100011,1.0,10100010001111100010
13,1.0,10100010001111100010,1.0,10101010011011010000
13,1.0,10101010011011010000,1.0,00100110111011010011
13,1.0,00100110111011010011,1.0,00111110110011010000
13,1.0,00111110110011010000,1.0,00110110110011010001
13,1.0,00110110110011010001,1.0,00011110110011011011
13,1.0,00011110110011011011,1.0,00111110010011001001
13,1.0,00111110010011001001,1.0,00110111000001100010
13,1.0,00110111000001100010,1.0,00110111010001000001
13,1.0,00110111010001000001,1.0,00111111010001000000
13,1.0,00111111010001000000,1.0,00110111010001000001
13,1.0,00110111010001000001,1.0,00101111010011001001
13,1.0,00101111010011001001,1.0,00110111010001000001
13,1.0,00110111010001000001,1.0,00110110011001000011
13,1.0,00110110011001000011,1.0,00110110011001000011
13,1.0,00110110011001000011,1.0,00011011011100010001
13,1.0,00011011011100010001,1.0,00010011101100010011
13,1.0,00010011101100010011,1.0,00011011001100110010
13,1.0,00011011001100110010,1.0,00111110001100110011
13,1.0,00111110001100110011,1.0,00111010001010011001
13,1.0,00111010001010011001,1.0,00110111000010101000
13,1.0,00110111000010101000,1.0,00110110001010101010
13,1.0,00110110001010101010,1.0,00110111000010101000
13,1.0,00110111000010101000,1.0,00110101000011101000
13,1.0,00110101000011101000,1.0,00110111000010101000
13,1.0,00110111000010101000,1.0,00110111000010101000
13,1.0,00110111000010101000,1.0,00110111000010101000
13,1.0,00110111000010101000,1.0,01100011000001101001
13,1.0,01100011000001101001,1.0,01001011000101001101
13,1.0,01001011000101001101,1.0,01001011000101001101
13,1.0,01001011000101001101,1.0,11000001000101011100
13,1.0,11000001000101011100,1.0,11001111100100011011
13,1.0,11001111100100011011,1.0,11001111100100011011
13,1.0,11001111100100011011,1.0,11111110000100001001
13,1.0,11111110000100001001,1.0,11010110110100101000
13,1.0,11010110110100101000,1.0,11010000101100111000
13,1.0,11010000101100111000,1.0,11010000110100111100
13,1.0,11010000110100111100,1.0,01011010110100101101
13,1.0,01011010110100101101,1.0,01001010111100101111
13,1.0,01001010111100101111,1.0,01001010111000111111
13,1.0,01001010111000111111,1.0,01000110111010011100
13,1.0,01000110111010011100,1.0,01011010101010011001
13,1.0,01011010101010011001,1.0,00011010101011001011
13,1.0,00011010101011001011,1.0,00010010101001011001
13,1.0,00010010101001011001,1.0,00010111101001000000
13,1.0,00010111101001000000,1.0,00010110101001101001
13,1.0,00010110101001101001,1.0,00010010101001011001
13,1.0,00010010101001011001,1.0,10010010100101011000
13,1.0,10010010100101011000,1.0,10010010110111010001
13,1.0,10010010110111010001,1.0,10010010100101011000
13,1.0,10010010100101011000,1.0,10010010100101010110
13,1.0,10010010100101010110,1.0,10010010100101010110
13,1.0,10010010100101010110,1.0,10010010100101010110
13,1.0,10010010100101010110,1.0,00010010100001111110
13,1.0,00010010100001111110,1.0,01011110100001110101
13,1.0,01011110100001110101,1.0,01011110100001110101
13,1.0,01011110100001110101,1.0,01011110100001110101
13,1.0,01011110100001110101,1.0,01011110100001110101
13,1.0,01011110100001110101,1.0,11011000100101110110
13,1.0,11011000100101110110,1.0,11010100101001110010
13,1.0,11010100101001110010,1.0,11111100101000110011
13,1.0,11111100101000110011,1.0,11111000110001000111
13,1.0,11111000110001000111,1.0,01110000110011100110
14,1.0,11101101110000110111,1.0,11101101000001010111
14,1.0,11101101000001010111,1.0,11101101000001010111
14,1.0,11101101000001010111,1.0,10100011000001010100
14,1.0,10100011000001010100,1.0,10111010100001000111
14,1.0,10111010100001000111,1.0,00110010001001000101
14,1.0,00110010001001000101,1.0,00111110100101000101
14,1.0,00111110100101000101,1.0,01100110010101010101
14,1.0,01100110010101010101,1.0,01101110010101010100
14,1.0,01101110010101010100,1.0,00100110001101010100
14,1.0,00100110001101010100,1.0,10101110001110010101
14,1.0,10101110001110010101,1.0,10011110001100010111
14,1.0,10011110001100010111,1.0,11111100001100000110
14,1.0,11111100001100000110,1.0,11111100101000100100
14,1.0,11111100101000100100,1.0,11111100001100000110
14,1.0,11111100001100000110,1.0,11111100001100000110
14,1.0,11111100001100000110,1.0,11111000101010000111
14,1.0,11111000101010000111,1.0,10110000111010100110
14,1.0,10110000111010100110,1.0,10111000110110001111
14,1.0,10111000110110001111,1.0,10101010010110011110
14,1.0,10101010010110011110,1.0,10101011000110010110
14,1.0,10101011000110010110,1.0,10101111000011010010
14,1.0,10101111000011010010,1.0,00101111001011000011
14,1.0,00101111001011000011,1.0,00101110101111100011
14,1.0,00101110101111100011,1.0,00100010111011110000
14,1.0,00100010111011110000,1.0,10101010111001010001
14,1.0,10101010111001010001,1.0,10101010011011010000
14,1.0,10101010011011010000,1.0,00100010011111010010
14,1.0,00100010011111010010,1.0,00100010011111010010
14,1.0,00100010011111010010,1.0,00101010111101010010
14,1.0,00101010111101010010,1.0,00101010101111010011
14,1.0,00101010101111010011,1.0,01101010101011010001
14,1.0,01101010101011010001,1.0,01111010001001000001
14,1.0,01111010001001000001,1.0,01111010001001000001
14,1.0,01111010001001000001,1.0,01111010001001000001
14,1.0,01111010001001000001,1.0,11100010101011000000
14,1.0,11100010101011000000,1.0,11100010101011000000
14,1.0,11100010101011000000,1.0,11000010101011001011
14,1.0,11000010101011001011,1.0,11000110101001101000
14,1.0,11000110101001101000,1.0,11000110001101001010
14,1.0,11000110001101001010,1.0,11000110111100101010
14,1.0,11000110111100101010,1.0,10110000111100001011
14,1.0,10110000111100001011,1.0,11110000111000001001
14,1.0,11110000111000001001,1.0,11110000011010001000
14,1.0,11110000011010001000,1.0,10011010011010011000
14,1.0,10011010011010011000,1.0,00010010111010111000
14,1.0,00010010111010111000,1.0,00111110111010100011
14,1.0,00111110111010100011,1.0,00110010001011100001
14,1.0,00110010001011100001,1.0,01010010001111000011
14,1.0,01010010001111000011,1.0,01010010011101000010
14,1.0,01010010011101000010,1.0,00101011001101000011
14,1.0,00101011001101000011,1.0,00100111100111100010
14,1.0,00100111100111100010,1.0,00010011100111100001
14,1.0,00010011100111100001,1.0,00011111000011110011
14,1.0,00011111000011110011,1.0,00010011001001100011
14,1.0,00010011001001100011,1.0,00011011001010101000
14,1.0,00011011001010101000,1.0,00010111100010111010
14,1.0,00010111100010111010,1.0,00010111100010111010
14,1.0,00010111100010111010,1.0,00011011000110111001
14,1.0,00011011000110111001,1.0,00010111100010111010
14,1.0,00010111100010111010,1.0,00010111111000010010
14,1.0,00010111111000010010,1.0,00011111110001010010
14,1.0,00011111110001010010,1.0,00011111100011010011
14,1.0,00011111100011010011,1.0,00010111110001010011
14,1.0,00010111110001010011,1.0,10011011011000100011
14,1.0,10011011011000100011,1.0,10111001011000010001
14,1.0,10111001011000010001,1.0,11011001011010010000
14,1.0,11011001011010010000,1.0,11010001011010010001
14,1.0,11010001011010010001,1.0,11011001011010010000
14,1.0,11011001011010010000,1.0,11011001011010010000
14,1.0,11011001011010010000,1.0,11011000011011010011
14,1.0,11011000011011010011,1.0,11110000001011000011
14,1.0,11110000001011000011,1.0,01110100001111000001
14,1.0,01110100001111000001,1.0,11111100011110000001
14,1.0,11111100011110000001,1.0,10111100111110100001
14,1.0,10111100111110100001,1.0,00110110111110000000
14,1.0,00110110111110000000,1.0,00111110101100000100
14,1.0,00111110101100000100,1.0,00111110101100000100
14,1.0,00111110101100000100,1.0,01100010001101000101
14,1.0,01100010001101000101,1.0,01100010001101000101
14,1.0,01100010001101000101,1.0,00100100011111001100
14,1.0,00100100011111001100,1.0,10101100011111000111
14,1.0,10101100011111000111,1.0,10101101010111000101
14,1.0,10101101010111000101,1.0,10100101000111100111
14,1.0,10100101000111100111,1.0,10100100010111101111
14,1.0,10100100010111101111,1.0,10100100010011111111
14,1.0,10100100010011111111,1.0,11101100010011101100
14,1.0,11101100010011101100,1.0,11100100011001100110
14,1.0,11100100011001100110,1.0,11100100011001100110
14,1.0,11100100011001100110,1.0,01101100111011100100
14,1.0,01101100111011100100,1.0,01100100011111000111
14,1.0,01100100011111000111,1.0,11100100111001000110
14,1.0,11100100111001000110,1.0,11101100101011000110
14,1.0,11101100101011000110,1.0,11100100101011110000
14,1.0,11100100101011110000,1.0,11100000001010111101
14,1.0,11100000001010111101,1.0,11101000001010111100
14,1.0,11101000001010111100,1.0,11111000101010110000
14,1.0,11111000101010110000,1.0,11111000101010110000
14,1.0,11111000101010110000,1.0,11010100101001110010
14,1.0,11010100101001110010,1.0,11010100101110101000
14,1.0,11010100101110101000,1.0,11011000011110101001
14,1.0,11011000011110101001,1.0,11010001010110101000
14,1.0,11010001010110101000,1.0,11001001011110101001
14,1.0,11001001011110101001,1.0,11000101011111000000
14,1.0,11000101011111000000,1.0,01001101001111001011
14,1.0,01001101001111001011,1.0,00000101011111101010
14,1.0,00000101011111101010,1.0,00000101011111101010
14,1.0,00000101011111101010,1.0,01001001001111101000
14,1.0,01001001001111101000,1.0,01001011001111000010
14,1.0,01001011001111000010,1.0,01011010001111000010
14,1.0,01011010001111000010,1.0,01010010001111000011
14,1.0,01010010001111000011,1.0,01011011000111000000
14,1.0,01011011000111000000,1.0,11000011000111010010
14,1.0,11000011000111010010,1.0,10100001000111011001
14,1.0,10100001000111011001,1.0,11101011000101000000
14,1.0,11101011000101000000,1.0,10100011000101000100
14,1.0,10100011000101000100,1.0,11100011000101000001
14,1.0,11100011000101000001,1.0,11100101000101110001
14,1.0,11100101000101110001,1.0,11101101000111100011
14,1.0,11101101000111100011,1.0,11100000001101100111
14,1.0,11100000001101100111,1.0,11100100011001100110
14,1.0,11100100011001100110,1.0,11100100010111010110
14,1.0,11100100010111010110,1.0,01011100110111010110
14,1.0,01011100110111010110,1.0,11000110100111010110
14,1.0,11000110100111010110,1.0,11100010110110010100
14,1.0,11100010110110010100,1.0,11100010110110010100
14,1.0,11100010110110010100,1.0,01101110110110110101
14,1.0,01101110110110110101,1.0,01001111110100110111
14,1.0,01001111110100110111,1.0,00011011110100010110
14,1.0,00011011110100010110,1.0,00111011110100100001
14,1.0,00111011110100100001,1.0,10100011110000110100
14,1.0,10100011110000110100,1.0,10010111110000100110
14,1.0,10010111110000100110,1.0,10110110110010100100
14,1.0,10110110110010100100,1.0,11111110100000100101
14,1.0,11111110100000100101,1.0,11010110000000111101
14,1.0,11010110000000111101,1.0,11010010001000011011
14,1.0,11010010001000011011,1.0,11011010001000011010
14,1.0,11011010001000011010,1.0,11011010011010010011
14,1.0,11011010011010010011,1.0,11010110011000110001
14,1.0,11010110011000110001,1.0,11001110011001110011
14,1.0,11001110011001110011,1.0,10010100011101110011
14,1.0,10010100011101110011,1.0,10010100001001101110
14,1.0,10010100001001101110,1.0,10010100001001101110
14,1.0,10010100001001101110,1.0,10000010011001101101
14,1.0,10000010011001101101,1.0,00000111001001001100
14,1.0,00000111001001001100,1.0,00000011101001011001
14,1.0,00000011101001011001,1.0,00000011001011011000
14,1.0,00000011001011011000,1.0,00000011001111001000
14,1.0,00000011001111001000,1.0,01001001001111101000
14,1.0,01001001001111101000,1.0,01001101010111111000
14,1.0,01001101010111111000,1.0,00001110010111111110
14,1.0,00001110010111111110,1.0,00000110010111111111
14,1.0,00000110010111111111,1.0,01000010010101111101
14,1.0,01000010010101111101,1.0,01001110001100111111
14,1.0,01001110001100111111,1.0,01010100001100111101
14,1.0,01010100001100111101,1.0,01010010001100110100
14,1.0,01010010001100110100,1.0,01011110101000110100
14,1.0,01011110101000110100,1.0,01011110110001100111
14,1.0,01011110110001100111,1.0,10011010110011100101
14,1.0,10011010110011100101,1.0,10011010110011100101
14,1.0,10011010110011100101,1.0,11010110100001100100
14,1.0,11010110100001100100,1.0,01010110000001101110
14,1.0,01010110000001101110,1.0,01000111000001101110
14,1.0,01000111000001101110,1.0,11001111000001101011
14,1.0,11001111000001101011,1.0,11001111001000101010
14,1.0,11001111001000101010,1.0,01100011001000101000
14,1.0,01100011001000101000,1.0,01111010001001000001
14,1.0,01111010001001000001,1.0,01111010001001000001
14,1.0,01111010001001000001,1.0,01101011001001000001
14,1.0,01101011001001000001,1.0,01101011001001000001
14,1.0,01101011001001000001,1.0,01000111001001001001
14,1.0,01000111001001001001,1.0,11000111001000101011
14,1.0,11000111001000101011,1.0,01100011001000101000
14,1.0,01100011001000101000,1.0,10100011001000101001
14,1.0,10100011001000101001,1.0,10101011010100101011
14,1.0,10101011010100101011,1.0,11101010010100101100
14,1.0,11101010010100101100,1.0,01000010011100111100
14,1.0,01000010011100111100,1.0,00011001011100110101
14,1.0,00011001011100110101,1.0,00110101001100110001
14,1.0,00110101001100110001,1.0,00101011001110110000
14,1.0,00101011001110110000,1.0,00101011001110110000
14,1.0,00101011001110110000,1.0,00100011001000111010
14,1.0,00100011001000111010,1.0,00101010001100111101
15,7.0,11000110101101010010,1.0,11001110110111110001
15,1.0,11001110110111110001,1.0,11001110110111110001
15,1.0,11001110110111110001,1.0,11001110110111110001
15,1.0,11001110110111110001,1.0,11001110110111110001
15,1.0,11001110110111110001,1.0,11001110110111110001
15,1.0,11001110110111110001,1.0,11001010110111100101
15,1.0,11001010110111100101,1.0,10000010111101100100
15,1.0,10000010111101100100,1.0,10010010111001100001
15,1.0,10010010111001100001,1.0,10010010111001100001
15,1.0,10010010111001100001,1.0,00010011001001100011
15,1.0,00010011001001100011,1.0,00010011001001100011
15,1.0,00010011001001100011,1.0,00000111001101110010
15,1.0,00000111001101110010,1.0,00000111101100111001
15,1.0,00000111101100111001,1.0,00101111001100110011
15,1.0,00101111001100110011,1.0,10001111001110110011
15,1.0,10001111001110110011,1.0,10001011111010110011
15,1.0,10001011111010110011,1.0,10011010111010110011
15,1.0,10011010111010110011,1.0,00011010111011010001
15,1.0,00011010111011010001,1.0,00010000111011110110
15,1.0,00010000111011110110,1.0,11001000111111110011
15,1.0,11001000111111110011,1.0,01000100111111011011
15,1.0,01000100111111011011,1.0,01010100110111011001
15,1.0,01010100110111011001,1.0,01010100100101011110
15,1.0,01010100100101011110,1.0,01010110100100011110
15,1.0,01010110100100011110,1.0,11011100100110011111
15,1.0,11011100100110011111,1.0,11011010000010011111
15,1.0,11011010000010011111,1.0,11011110000010101111
15,1.0,11011110000010101111,1.0,11011110000010101111
15,1.0,11011110000010101111,1.0,11000010000111101100
15,1.0,11000010000111101100,1.0,10000010100101111111
15,1.0,10000010100101111111,1.0,10010101000100111100
15,1.0,10010101000100111100,1.0,10010101000100111100
15,1.0,10010101000100111100,1.0,10010001001100011010
15,1.0,10010001001100011010,1.0,10101101001100011010
15,1.0,10101101001100011010,1.0,10101101001100011010
15,1.0,10101101001100011010,1.0,10100001001110011000
15,1.0,10100001001110011000,1.0,00101101011110101011
15,1.0,00101101011110101011,1.0,00101101011110101011
15,1.0,00101101011110101011,1.0,10100101001110101000
15,1.0,10100101001110101000,1.0,10100110001110101011
15,1.0,10100110001110101011,1.0,10100100001111101011
15,1.0,10100100001111101011,1.0,10101100001111101010
15,1.0,10101100001111101010,1.0,00100110000111101110
15,1.0,00100110000111101110,1.0,00101010101101100100
15,1.0,00101010101101100100,1.0,00101011101001100001
15,1.0,00101011101001100001,1.0,10101011101000000110
15,1.0,10101011101000000110,1.0,10001011111010100100
15,1.0,10001011111010100100,1.0,10001101111010101101
15,1.0,10001101111010101101,1.0,10101101101000110110
15,1.0,10101101101000110110,1.0,10100001101010110100
15,1.0,10100001101010110100,1.0,10110001001000100100
15,1.0,10110001001000100100,1.0,11111001001000100000
15,1.0,11111001001000100000,1.0,11111001001000100000
15,1.0,11111001001000100000,1.0,11110001100000100110
15,1.0,11110001100000100110,1.0,11111001000010100101
15,1.0,11111001000010100101,1.0,00111001110110100101
15,1.0,00111001110110100101,1.0,00110001011110100000
15,1.0,00110001011110100000,1.0,00110001011100000100
15,1.0,00110001011100000100,1.0,00110001011100000100
15,1.0,00110001011100000100,1.0,00110001011100000100
15,1.0,00110001011100000100,1.0,00100101111110100100
15,1.0,00100101111110100100,1.0,00101101110111100100
15,1.0,00101101110111100100,1.0,00101101110111100100
15,1.0,00101101110111100100,1.0,00111001110110100101
15,1.0,00111001110110100101,1.0,01011011110110100000
15,1.0,01011011110110100000,1.0,01011011110110100000
15,1.0,01011011110110100000,1.0,11010001010110100110
15,1.0,11010001010110100110,1.0,11010101000010101101
15,1.0,11010101000010101101,1.0,01111100001000101110
15,1.0,01111100001000101110,1.0,01111110000000101111
15,1.0,01111110000000101111,1.0,01110111010000100010
15,1.0,01110111010000100010,1.0,11101111110010100000
15,1.0,11101111110010100000,1.0,11100111010001000000
15,1.0,11100111010001000000,1.0,11101001110011100011
15,1.0,11101001110011100011,1.0,01101011010011100001
15,1.0,01101011010011100001,1.0,01101011010011100001
15,1.0,01101011010011100001,1.0,01000011010111110000
15,1.0,01000011010111110000,1.0,01001111000111100100
15,1.0,01001111000111100100,1.0,01000110100111101110
15,1.0,01000110100111101110,1.0,01001110101111001000
15,1.0,01001110101111001000,1.0,10001011010111001001
15,1.0,10001011010111001001,1.0,10001011010111001001
15,1.0,10001011010111001001,1.0,10001111010110111001
15,1.0,10001111010110111001,1.0,01000111010110111001
15,1.0,01000111010110111001,1.0,01000101010111111001
15,1.0,01000101010111111001,1.0,01100000010101111110
15,1.0,01100000010101111110,1.0,11101000010001111100
15,1.0,11101000010001111100,1.0,11101100010001011111
15,1.0,11101100010001011111,1.0,01100100110001111111
15,1.0,01100100110001111111,1.0,10111100100010111101
15,1.0,10111100100010111101,1.0,11100000001010111101
15,1.0,11100000001010111101,1.0,11101000101000111101
15,1.0,11101000101000111101,1.0,11001000101110111110
15,1.0,11001000101110111110,1.0,11001100101101110101
15,1.0,11001100101101110101,1.0,11000101100111100111
15,1.0,11000101100111100111,1.0,11001101100111100110
15,1.0,11001101100111100110,1.0,11001101100111100110
15,1.0,11001101100111100110,1.0,11000101101110100110
15,1.0,11000101101110100110,1.0,01001101101011100111
15,1.0,01001101101011100111,1.0,01001101101011100111
15,1.0,01001101101011100111,1.0,11000101101010110110
15,1.0,11000101101010110110,1.0,01000111001010110100
15,1.0,01000111001010110100,1.0,01101111001000110001
15,1.0,01101111001000110001,1.0,01101111001000110001
15,1.0,01101111001000110001,1.0,01101101101001010001
15,1.0,01101101101001010001,1.0,01110101100001010000
15,1.0,01110101100001010000,1.0,01011101000101010100
15,1.0,01011101000101010100,1.0,01011101001101000010
15,1.0,01011101001101000010,1.0,01000101111101010010
15,1.0,01000101111101010010,1.0,11001101111110010011
15,1.0,11001101111110010011,1.0,10000101111110011001
15,1.0,10000101111110011001,1.0,11001101100110011111
15,1.0,11001101100110011111,1.0,11001101100110011111
15,1.0,11001101100110011111,1.0,11001101100110011111
15,1.0,11001101100110011111,1.0,11001101110100011110
15,1.0,11001101110100011110,1.0,00001111101000011111
15,1.0,00001111101000011111,1.0,00000011111000011100
15,1.0,00000011111000011100,1.0,00000011111000011100
15,1.0,00000011111000011100,1.0,00000011111010111000
15,1.0,00000011111010111000,1.0,10001011111010110011
15,1.0,10001011111010110011,1.0,01101111001000110001
15,1.0,01101111001000110001,1.0,01000111001001110000
15,1.0,01000111001001110000,1.0,01000011011001010010
15,1.0,01000011011001010010,1.0,01101011011000010011
15,1.0,01101011011000010011,1.0,01101011010000111010
15,1.0,01101011010000111010,1.0,11101010110010110111
15,1.0,11101010110010110111,1.0,10101010110010111100
15,1.0,10101010110010111100,1.0,10110110110010100100
15,1.0,10110110110010100100,1.0,11111110100000100101
15,1.0,11111110100000100101,1.0,11111110100000100101
15,1.0,11111110100000100101,1.0,11101111100000100101
15,1.0,11101111100000100101,1.0,10101111100100100111
15,1.0,10101111100100100111,1.0,10101111100100100111
15,1.0,10101111100100100111,1.0,00110111100000100111
15,1.0,00110111100000100111,1.0,00010111100000011110
15,1.0,00010111100000011110,1.0,01011011101100000000
15,1.0,01011011101100000000,1.0,01011011101100000000
15,1.0,01011011101100000000,1.0,00011011001100001011
15,1.0,00011011001100001011,1.0,01111111000000001000
15,1.0,01111111000000001000,1.0,01111111000000001000
15,1.0,01111111000000001000,1.0,00110111000010101000
15,1.0,00110111000010101000,1.0,10110011010010100000
15,1.0,10110011010010100000,1.0,11010111010010100010
15,1.0,11010111010010100010,1.0,11010011010100100010
15,1.0,11010011010100100010,1.0,11100011010110100000
15,1.0,11100011010110100000,1.0,11100111010110000011
15,1.0,11100111010110000011,1.0,11100111010110000011
15,1.0,11100111010110000011,1.0,11101111000100000111
15,1.0,11101111000100000111,1.0,11101111000100000111
15,1.0,11101111000100000111,1.0,11100101001100000111
15,1.0,11100101001100000111,1.0,11010101001000100110
15,1.0,11010101001000100110,1.0,11011100011001000111
15,1.0,11011100011001000111,1.0,11111100000001010111
15,1.0,11111100000001010111,1.0,11111100000101000111
15,1.0,11111100000101000111,1.0,01011000001101001100
15,1.0,01011000001101001100,1.0,01010100001011001101
15,1.0,01010100001011001101,1.0,01010100011001001100
15,1.0,01010100011001001100,1.0,01010100011001001100
15,1.0,01010100011001001100,1.0,01011100011001011010
15,1.0,01011100011001011010,1.0,01011000001001011100
15,1.0,01011000001001011100,1.0,01011000001001011100
15,1.0,01011000001001011100,1.0,01010000101101010100
15,1.0,01010000101101010100,1.0,01110000101001000110
15,1.0,01110000101001000110,1.0,01111000001001100101
15,1.0,01111000001001100101,1.0,01110001000001100100
15,1.0,01110001000001100100,1.0,01110001000001100100
15,1.0,01110001000001100100,1.0,01110001000001100100
15,1.0,01110001000001100100,1.0,01100011000001100111
15,1.0,01100011000001100111,1.0,11101111100000100101
15,1.0,11101111100000100101,1.0,11100110110110100100
15,1.0,11100110110110100100,1.0,11001100111110101101
15,1.0,11001100111110101101,1.0,11001100111110101101
15,1.0,11001100111110101101,1.0,11001110111110110000
15,1.0,11001110111110110000,1.0,01101010111100100100
15,1.0,01101010111100100100,1.0,00101010101101100100
15,1.0,00101010101101100100,1.0,00011101101101100010
15,1.0,00011101101101100010,1.0,00011101111101000001
15,1.0,00011101111101000001,1.0,01011101101110100011
15,1.0,01011101101110100011,1.0,01011101101110100011
15,1.0,01011101101110100011,1.0,01011101100110110101
15,1.0,01011101100110110101,1.0,01011101100110110101
15,1.0,01011101100110110101,1.0,01011101100110110101
15,1.0,01011101100110110101,1.0,01011101100110110101
15,1.0,01011101100110110101,1.0,01010101010110110100
15,1.0,01010101010110110100,1.0,01010110010110110111
15,1.0,01010110010110110111,1.0,00010110010110111100
15,1.0,00010110010110111100,1.0,00010110001110111000
15,1.0,00010110001110111000,1.0,00010100101111011000
15,1.0,00010100101111011000,1.0,10010100111101010011
15,1.0,10010100111101010011,1.0,11001110111110110000
15,1.0,11001110111110110000,1.0,11001110111110001001
15,1.0,11001110111110001001,1.0,01001110111110011010
15,1.0,01001110111110011010,1.0,01101110111100001001
15,1.0,01101110111100001001,1.0,10101011110100001011
15,1.0,10101011110100001011,1.0,10100111010110001000
15,1.0,10100111010110001000,1.0,10100111010110001000
16,3.0,00010111101100100011,3.0,01010111001100000011
16,3.0,01010111001100000011,1.0,01011011100101000001
16,1.0,01011011100101000001,1.0,01011011100101000001
16,1.0,01011011100101000001,1.0,01011011100101000001
16,1.0,01011011100101000001,1.0,00010011100101000101
16,1.0,00010011100101000101,1.0,01000111100111000101
16,1.0,01000111100111000101,1.0,11001101110111000101
16,1.0,11001101110111000101,1.0,11001011010011000101
16,1.0,11001011010011000101,1.0,11001001011011010011
16,1.0,11001001011011010011,1.0,11011000011011010011
16,1.0,11011000011011010011,1.0,11001100111011011001
16,1.0,11001100111011011001,1.0,11001101110011010101
16,1.0,11001101110011010101,1.0,01001101110111010110
16,1.0,01001101110111010110,1.0,01001101101111010010
16,1.0,01001101101111010010,1.0,01000101101111010011
16,1.0,01000101101111010011,1.0,01011001101110010011
16,1.0,01011001101110010011,1.0,01011101101110100011
16,1.0,01011101101110100011,1.0,01010101001110110000
16,1.0,01010101001110110000,1.0,01010101001110110000
16,1.0,01010101001110110000,1.0,01010110001110110011
16,1.0,01010110001110110011,1.0,01010110101101000000
16,1.0,01010110101101000000,1.0,00011101111101000001
16,1.0,00011101111101000001,1.0,01010101001101000011
16,1.0,01010101001101000011,1.0,01111001100101000010
16,1.0,01111001100101000010,1.0,01011011100101000001
16,1.0,01011011100101000001,1.0,01110001100101000011
16,1.0,01110001100101000011,1.0,00110101100011000110
16,1.0,00110101100011000110,1.0,01110001100001000100
16,1.0,01110001100001000100,1.0,01110001000001100100
16,1.0,01110001000001100100,1.0,11100001000001001110
16,1.0,11100001000001001110,1.0,11001001000101101111
16,1.0,11001001000101101111,1.0,01000001010111101101
16,1.0,01000001010111101101,1.0,01010000010111101101
16,1.0,01010000010111101101,1.0,01110001010100100110
16,1.0,01110001010100100110,1.0,01110001010100100110
16,1.0,01110001010100100110,1.0,00110011000100100110
16,1.0,00110011000100100110,1.0,00110011000100100110
16,1.0,00110011000100100110,1.0,00110011000100100110
16,1.0,00110011000100100110,1.0,00110011000100100110
16,1.0,00110011000100100110,1.0,00111110000101100101
16,1.0,00111110000101100101,1.0,10111100100101100111
16,1.0,10111100100101100111,1.0,10010110100101100110
16,1.0,10010110100101100110,1.0,11010100100111100111
16,1.0,11010100100111100111,1.0,10010110100101100110
16,1.0,10010110100101100110,1.0,00011011100001010100
16,1.0,00011011100001010100,1.0,10011000001001011101
16,1.0,10011000001001011101,1.0,10010100001001101110
16,1.0,10010100001001101110,1.0,10011110001001000111
16,1.0,10011110001001000111,1.0,10001110111001010110
16,1.0,10001110111001010110,1.0,10001110101011010111
16,1.0,10001110101011010111,1.0,10000101101011010101
16,1.0,10000101101011010101,1.0,00010101111010010110
16,1.0,00010101111010010110,1.0,00011001001010011111
16,1.0,00011001001010011111,1.0,00011001001010011111
16,1.0,00011001001010011111,1.0,00010001101110010111
16,1.0,00010001101110010111,1.0,00011001101110010110
16,1.0,00011001101110010110,1.0,00011001100111010111
16,1.0,00011001100111010111,1.0,00011001100111010111
16,1.0,00011001100111010111,1.0,00000101101111010110
16,1.0,00000101101111010110,1.0,00101101101101010011
16,1.0,00101101101101010011,1.0,00100001111101010000
16,1.0,00100001111101010000,1.0,00100001111101010000
16,1.0,00100001111101010000,1.0,00100001101001011010
16,1.0,00100001101001011010,1.0,00100001101001011010
16,1.0,00100001101001011010,1.0,00100001111101010000
16,1.0,00100001111101010000,1.0,00100101101101000101
16,1.0,00100101101101000101,1.0,00101101101101000100
16,1.0,00101101101101000100,1.0,01101001101100010101
16,1.0,01101001101100010101,1.0,11000011100110010111
16,1.0,11000011100110010111,1.0,11000011100011110000
16,1.0,11000011100011110000,1.0,11000011100011110000
16,1.0,11000011100011110000,1.0,11000010110011110110
16,1.0,11000010110011110110,1.0,11000110000111110110
16,1.0,11000110000111110110,1.0,11000110000111110110
16,1.0,11000110000111110110,1.0,11001110010111010100
16,1.0,11001110010111010100,1.0,11001110000011011110
16,1.0,11001110000011011110,1.0,10100010000011011101
16,1.0,10100010000011011101,1.0,10000011000001011111
16,1.0,10000011000001011111,1.0,00000011010011011100
16,1.0,00000011010011011100,1.0,01000100111011011100
16,1.0,01000100111011011100,1.0,01000100111011011100
16,1.0,01000100111011011100,1.0,11100100110011001101
16,1.0,11100100110011001101,1.0,11011100100011001111
16,1.0,11011100100011001111,1.0,10010100100011111100
16,1.0,10010100100011111100,1.0,10010110100011010110
16,1.0,10010110100011010110,1.0,10010011000011010010
16,1.0,10010011000011010010,1.0,10010011000011010010
16,1.0,10010011000011010010,1.0,10011101000011011010
16,1.0,10011101000011011010,1.0,10110101000011010000
16,1.0,10110101000011010000,1.0,10110101000011010000
16,1.0,10110101000011010000,1.0,10110100010011011000
16,1.0,10110100010011011000,1.0,10010000011011011001
16,1.0,10010000011011011001,1.0,10110100010011011000
16,1.0,10110100010011011000,1.0,10110100010011011000
16,1.0,10110100010011011000,1.0,11101100010011111011
16,1.0,11101100010011111011,1.0,11101100010011111011
16,1.0,11101100010011111011,1.0,10100010010011111000
16,1.0,10100010010011111000,1.0,11101110000011101001
16,1.0,11101110000011101001,1.0,11001011000011101000
16,1.0,11001011000011101000,1.0,11001001010011111010
16,1.0,11001001010011111010,1.0,10000001010011111110
16,1.0,10000001010011111110,1.0,10000111010001110101
16,1.0,10000111010001110101,1.0,10000101011001110100
16,1.0,10000101011001110100,1.0,11001001011100110100
16,1.0,11001001011100110100,1.0,10010101011100110000
16,1.0,10010101011100110000,1.0,00011011011100010001
16,1.0,00011011011100010001,1.0,00011011110100011000
16,1.0,00011011110100011000,1.0,00010011100100111010
16,1.0,00010011100100111010,1.0,00011011000001001101
16,1.0,00011011000001001101,1.0,00011111010001001011
16,1.0,00011111010001001011,1.0,01011011000001110001
16,1.0,01011011000001110001,1.0,11010111000001000011
16,1.0,11010111000001000011,1.0,11010101100101100000
16,1.0,11010101100101100000,1.0,10011001110111100001
16,1.0,10011001110111100001,1.0,10011001010111000100
16,1.0,10011001010111000100,1.0,11010101100110100100
16,1.0,11010101100110100100,1.0,11000111100100110100
16,1.0,11000111100100110100,1.0,11011101100100010110
16,1.0,11011101100100010110,1.0,11010000000101011100
16,1.0,11010000000101011100,1.0,11000100001101101110
16,1.0,11000100001101101110,1.0,11001000011011101101
16,1.0,11001000011011101101,1.0,11011000001011100101
16,1.0,11011000001011100101,1.0,11100100001011100111
16,1.0,11100100001011100111,1.0,11101100011011000101
16,1.0,11101100011011000101,1.0,11101000011001010101
16,1.0,11101000011001010101,1.0,11101000011001010101
16,1.0,11101000011001010101,1.0,11100100110101010111
16,1.0,11100100110101010111,1.0,01100110100101010110
16,1.0,01100110100101010110,1.0,01100110100101010110
16,1.0,01100110100101010110,1.0,01101011100100010110
16,1.0,01101011100100010110,1.0,01101001101100010101
16,1.0,01101001101100010101,1.0,00101101101110010111
16,1.0,00101101101110010111,1.0,00100101101111100001
16,1.0,00100101101111100001,1.0,00101110101111100011
16,1.0,00101110101111100011,1.0,00100110001111000111
16,1.0,00100110001111000111,1.0,00110100001111000100
16,1.0,00110100001111000100,1.0,00111000001101101001
16,1.0,00111000001101101001,1.0,00110010000101101011
16,1.0,00110010000101101011,1.0,00110010001100101010
16,1.0,00110010001100101010,1.0,00110011000100100110
16,1.0,00110011000100100110,1.0,00110111000001100010
16,1.0,00110111000001100010,1.0,00100111010001101010
16,1.0,00100111010001101010,1.0,00100111010001101010
16,1.0,00100111010001101010,1.0,10100110011100101010
16,1.0,10100110011100101010,1.0,10100010001100101100
16,1.0,10100010001100101100,1.0,10100010001100101100
16,1.0,10100010001100101100,1.0,11100010010100101101
16,1.0,11100010010100101101,1.0,11110010010100000100
16,1.0,11110010010100000100,1.0,11110010001100000000
16,1.0,11110010001100000000,1.0,11110010001100000000
16,1.0,11110010001100000000,1.0,11110010001100000000
16,1.0,11110010001100000000,1.0,01111010011100000011
16,1.0,01111010011100000011,1.0,01111011000100100010
16,1.0,01111011000100100010,1.0,11011011000110100010
16,1.0,11011011000110100010,1.0,11010011010100100010
16,1.0,11010011010100100010,1.0,10010011011100000000
16,1.0,10010011011100000000,1.0,10010011011100000000
16,1.0,10010011011100000000,1.0,10010011011100000000
16,1.0,10010011011100000000,1.0,00011011011001000001
16,1.0,00011011011001000001,1.0,00011011010001101000
16,1.0,00011011010001101000,1.0,00011011000001001101
16,1.0,00011011000001001101,1.0,00011111010001001011
16,1.0,00011111010001001011,1.0,00011111010001001011
16,1.0,00011111010001001011,1.0,00110110110001001010
16,1.0,00110110110001001010,1.0,00110110110001001010
16,1.0,00110110110001001010,1.0,10100011110011000011
16,1.0,10100011110011000011,1.0,10101011110011000010
16,1.0,10101011110011000010,1.0,10101111110010110010
16,1.0,10101111110010110010,1.0,01100111110010110010
16,1.0,01100111110010110010,1.0,11100111110010100001
16,1.0,11100111110010100001,1.0,11001011111010100001
16,1.0,11001011111010100001,1.0,11100010111000110011
16,1.0,11100010111000110011,1.0,10100010101010111001
16,1.0,10100010101010111001,1.0,10100110001010101100
16,1.0,10100110001010101100,1.0,00100010011011101001
16,1.0,00100010011011101001,1.0,00100010011011101001
16,1.0,00100010011011101001,1.0,10001010001011101101
16,1.0,10001010001011101101,1.0,10000011000011101100
16,1.0,10000011000011101100,1.0,00100001000011111111
16,1.0,00100001000011111111,1.0,00101001001011010111
16,1.0,00101001001011010111,1.0,01100100001011111010
16,1.0,01100100001011111010,1.0,01100100001011111010
16,1.0,01100100001011111010,1.0,01100000001101111010
16,1.0,01100000001101111010,1.0,01100000001101111010
16,1.0,01100000001101111010,1.0,01111000100111110010
17,3.0,00011110001010011110,3.0,00001111001010011110
17,3.0,00001111001010011110,1.0,00101001011110011011
17,1.0,00101001011110011011,1.0,00111000011110011011
17,1.0,00111000011110011011,1.0,00111001010110011001
17,1.0,00111001010110011001,1.0,11011001010100011010
17,1.0,11011001010100011010,1.0,01010011000100011010
17,1.0,01010011000100011010,1.0,01011111000100010100
17,1.0,01011111000100010100,1.0,11010110100100110100
17,1.0,11010110100100110100,1.0,01010110101110000100
17,1.0,01010110101110000100,1.0,11010110000101000110
17,1.0,11010110000101000110,1.0,11010110000101000110
17,1.0,11010110000101000110,1.0,10010110001101100001
17,1.0,10010110001101100001,1.0,01010110001101100000
17,1.0,01010110001101100000,1.0,01011110101001100011
17,1.0,01011110101001100011,1.0,01011110001001000110
17,1.0,01011110001001000110,1.0,10011110001001000111
17,1.0,10011110001001000111,1.0,10001110111101000110
17,1.0,10001110111101000110,1.0,11001101111101000000
17,1.0,11001101111101000000,1.0,01001001101101101001
17,1.0,01001001101101101001,1.0,00001101111101101010
17,1.0,00001101111101101010,1.0,00011101110101101000
17,1.0,00011101110101101000,1.0,01001001010111101100
17,1.0,01001001010111101100,1.0,01000001010111101101
17,1.0,01000001010111101101,1.0,01010000010111101101
17,1.0,01010000010111101101,1.0,01010100111010101101
17,1.0,01010100111010101101,1.0,01010101101010100101
17,1.0,01010101101010100101,1.0,01011110101010100111
17,1.0,01011110101010100111,1.0,01110010001000100110
17,1.0,01110010001000100110,1.0,01110010101000000110
17,1.0,01110010101000000110,1.0,01110000101001000110
17,1.0,01110000101001000110,1.0,00110100101101000101
17,1.0,00110100101101000101,1.0,00110001001101000001
17,1.0,00110001001101000001,1.0,10111001000101100011
17,1.0,10111001000101100011,1.0,10111101000011100011
17,1.0,10111101000011100011,1.0,10110101000011010000
17,1.0,10110101000011010000,1.0,10110101000011010000
17,1.0,10110101000011010000,1.0,10111101000011100011
17,1.0,10111101000011100011,1.0,10111101100011000011
17,1.0,10111101100011000011,1.0,00111101110011100001
17,1.0,00111101110011100001,1.0,00010101110011011001
17,1.0,00010101110011011001,1.0,00111110100011001010
17,1.0,00111110100011001010,1.0,00110110100001011000
17,1.0,00110110100001011000,1.0,10111100100001111001
17,1.0,10111100100001111001,1.0,10111000010001111011
17,1.0,10111000010001111011,1.0,10010010010101101010
17,1.0,10010010010101101010,1.0,10010010010101101010
17,1.0,10010010010101101010,1.0,10000110110101101110
17,1.0,10000110110101101110,1.0,10001010010101111101
17,1.0,10001010010101111101,1.0,10010010010010111110
17,1.0,10010010010010111110,1.0,11010100110110111011
17,1.0,11010100110110111011,1.0,11011100110110111010
17,1.0,11011100110110111010,1.0,11011100110110111010
17,1.0,11011100110110111010,1.0,11011100110110111010
17,1.0,11011100110110111010,1.0,11011100110110111010
17,1.0,11011100110110111010,1.0,10010100110110111110
17,1.0,10010100110110111110,1.0,11010000110100111100
17,1.0,11010000110100111100,1.0,11001000110101111110
17,1.0,11001000110101111110,1.0,11010100110101100110
17,1.0,11010100110101100110,1.0,11011100110111000101
17,1.0,11011100110111000101,1.0,11001101110111000101
17,1.0,11001101110111000101,1.0,11001101110011010101
17,1.0,11001101110011010101,1.0,11001101110011010101
17,1.0,11001101110011010101,1.0,11001101110011010101
17,1.0,11001101110011010101,1.0,11001101100011110110
17,1.0,11001101100011110110,1.0,01100101100001110111
17,1.0,01100101100001110111,1.0,01100011100001110000
17,1.0,01100011100001110000,1.0,01100011100010110100
17,1.0,01100011100010110100,1.0,01101101100010111100
17,1.0,01101101100010111100,1.0,01100101110000111100
17,1.0,01100101110000111100,1.0,01100101110000111100
17,1.0,01100101110000111100,1.0,11101101110000110111
17,1.0,11101101110000110111,1.0,11101101110000110111
17,1.0,11101101110000110111,1.0,11101101101000100100
17,1.0,11101101101000100100,1.0,11100101001000010111
17,1.0,11100101001000010111,1.0,11100001001010010100
17,1.0,11100001001010010100,1.0,01101101101010010101
17,1.0,01101101101010010101,1.0,01101111001000110001
17,1.0,01101111001000110001,1.0,01000111001001110000
17,1.0,01000111001001110000,1.0,01000111001101100000
17,1.0,01000111001101100000,1.0,01000111001001110000
17,1.0,01000111001001110000,1.0,01000101001111110011
17,1.0,01000101001111110011,1.0,00010001001011101001
17,1.0,00010001001011101001,1.0,01001101101011101001
17,1.0,01001101101011101001,1.0,01010100111010101101
17,1.0,01010100111010101101,1.0,11001100111110101101
17,1.0,11001100111110101101,1.0,11010100101110101000
17,1.0,11010100101110101000,1.0,11010100110110101100
17,1.0,11010100110110101100,1.0,01011100111110101011
17,1.0,01011100111110101011,1.0,11010100110110111011
17,1.0,11010100110110111011,1.0,11011100110110111010
17,1.0,11011100110110111010,1.0,11011001010100011010
17,1.0,11011001010100011010,1.0,11101101010100011011
17,1.0,11101101010100011011,1.0,11101101010110101000
17,1.0,11101101010110101000,1.0,11110101000010001010
17,1.0,11110101000010001010,1.0,11011001000010011100
17,1.0,11011001000010011100,1.0,11011001000110011011
17,1.0,11011001000110011011,1.0,11011001010100011010
17,1.0,11011001010100011010,1.0,01010001000101011010
17,1.0,01010001000101011010,1.0,01011000001110011111
17,1.0,01011000001110011111,1.0,01011010001100001100
17,1.0,01011010001100001100,1.0,00011011001000001100
17,1.0,00011011001000001100,1.0,00011111100100001101
17,1.0,00011111100100001101,1.0,01011011100101000001
17,1.0,01011011100101000001,1.0,01111001100101000010
17,1.0,01111001100101000010,1.0,01110001100001000100
17,1.0,01110001100001000100,1.0,01010111100001100010
17,1.0,01010111100001100010,1.0,01010011100000110110
17,1.0,01010011100000110110,1.0,01010001100001110110
17,1.0,01010001100001110110,1.0,01110001000001100100
17,1.0,01110001000001100100,1.0,01110001000001100100
17,1.0,01110001000001100100,1.0,01110001000001100100
17,1.0,01110001000001100100,1.0,01111001000001110010
17,1.0,01111001000001110010,1.0,00011011100001010100
17,1.0,00011011100001010100,1.0,00010011100001010101
17,1.0,00010011100001010101,1.0,00110001000001001111
17,1.0,00110001000001001111,1.0,00110000100011011111
17,1.0,00110000100011011111,1.0,00011010100011011101
17,1.0,00011010100011011101,1.0,10010010100011001100
17,1.0,10010010100011001100,1.0,11010010100011000111
17,1.0,11010010100011000111,1.0,10010010100011001100
17,1.0,10010010100011001100,1.0,00011110100011101101
17,1.0,00011110100011101101,1.0,00011010100011011101
17,1.0,00011010100011011101,1.0,00011010110110011111
17,1.0,00011010110110011111,1.0,00011010100011011101
17,1.0,00011010100011011101,1.0,00010010110011110111
17,1.0,00010010110011110111,1.0,00010010110011110111
17,1.0,00010010110011110111,1.0,00011010110011110110
17,1.0,00011010110011110110,1.0,01010010101011100001
17,1.0,01010010101011100001,1.0,01000010101111100100
17,1.0,01000010101111100100,1.0,11001010110111100101
17,1.0,11001010110111100101,1.0,10001011110011100101
17,1.0,10001011110011100101,1.0,10001011010111000111
17,1.0,10001011010111000111,1.0,00010110011101010001
17,1.0,00010110011101010001,1.0,00111100010101110111
17,1.0,00111100010101110111,1.0,00110010010101110001
17,1.0,00110010010101110001,1.0,01001010011111110001
17,1.0,01001010011111110001,1.0,01000000111111110110
17,1.0,01000000111111110110,1.0,01000000111111110110
17,1.0,01000000111111110110,1.0,01101000111110110111
17,1.0,01101000111110110111,1.0,01100000011111100100
17,1.0,01100000011111100100,1.0,10101100011111001001
17,1.0,10101100011111001001,1.0,10101100011111000111
17,1.0,10101100011111000111,1.0,00101110001111000110
17,1.0,00101110001111000110,1.0,00101110101011100100
17,1.0,00101110101011100100,1.0,00000011101011100100
17,1.0,00000011101011100100,1.0,10000011001011000101
17,1.0,10000011001011000101,1.0,10000011001011000101
17,1.0,10000011001011000101,1.0,11000011001010100110
17,1.0,11000011001010100110,1.0,11000101001010101111
17,1.0,11000101001010101111,1.0,01001001001111100110
17,1.0,01001001001111100110,1.0,01000001001111100111
17,1.0,01000001001111100111,1.0,01001011101100100111
17,1.0,01001011101100100111,1.0,00000011110111100111
17,1.0,00000011110111100111,1.0,01001011110011100100
17,1.0,01001011110011100100,1.0,00001111100011101101
17,1.0,00001111100011101101,1.0,00001101110011111111
17,1.0,00001101110011111111,1.0,00001101110011111111
17,1.0,00001101110011111111,1.0,00001101111010111110
17,1.0,00001101111010111110,1.0,00000101011001011110
17,1.0,00000101011001011110,1.0,00000101011001011110
17,1.0,00000101011001011110,1.0,10001101011001001100
17,1.0,10001101011001001100,1.0,10001101011001001100
17,1.0,10001101011001001100,1.0,10001101011001011011
17,1.0,10001101011001011011,1.0,00100100011011011100
17,1.0,00100100011011011100,1.0,00000100111111011110
17,1.0,00000100111111011110,1.0,00001001111011001110
17,1.0,00001001111011001110,1.0,00101001011011001011
17,1.0,00101001011011001011,1.0,01000101011101001011
17,1.0,01000101011101001011,1.0,01000101011101001011
17,1.0,01000101011101001011,1.0,01001101010111001111
17,1.0,01001101010111001111,1.0,01000001001101001101
17,1.0,01000001001101001101,1.0,01001001001101001100
17,1.0,01001001001101001100,1.0,01000011000001011110
17,1.0,01000011000001011110,1.0,00000011100001111110
17,1.0,00000011100001111110,1.0,00000111000101011101
17,1.0,00000111000101011101,1.0,00001111000101011100
17,1.0,00001111000101011100,1.0,00001111000101011100
17,1.0,00001111000101011100,1.0,00001111100101111001
17,1.0,00001111100101111001,1.0,01100110100101011000
17,1.0,01100110100101011000,1.0,01001110110111011011
17,1.0,01001110110111011011,1.0,00101010110111011001
17,1.0,00101010110111011001,1.0,00100010110101111010
17,1.0,00100010110101111010,1.0,00100000111101111001
17,1.0,00100000111101111001,1.0,00001001111100111110
17,1.0,00001001111100111110,1.0,00001101111010111110
17,1.0,00001101111010111110,1.0,00001101111010111110
17,1.0,00001101111010111110,1.0,00001101111010111110
17,1.0,00001101111010111110,1.0,10000101110110111110
17,1.0,10000101110110111110,1.0,10000101110110111110
17,1.0,10000101110110111110,1.0,10000111110110011010
18,3.0,11001111100010001111,3.0,11001111110010101011
18,3.0,11001111110010101011,1.0,11001111000010101111
18,1.0,11001111000010101111,1.0,11001111000010101111
18,1.0,11001111000010101111,1.0,11000011010010101100
18,1.0,11000011010010101100,1.0,11001111010000101110
18,1.0,11001111010000101110,1.0,11001111010000101110
18,1.0,11001111010000101110,1.0,11000110110001101100
18,1.0,11000110110001101100,1.0,11000011010001101000
18,1.0,11000011010001101000,1.0,11000011010001101000
18,1.0,11000011010001101000,1.0,11101011010000101001
18,1.0,11101011010000101001,1.0,10101011001000101000
18,1.0,10101011001000101000,1.0,10111010001000101000
18,1.0,10111010001000101000,1.0,10111010000001101001
18,1.0,10111010000001101001,1.0,10100010010111101000
18,1.0,10100010010111101000,1.0,10100010010111101000
18,1.0,10100010010111101000,1.0,11001110110101101010
18,1.0,11001110110101101010,1.0,01011010110111100011
18,1.0,01011010110111100011,1.0,01010010010111110000
18,1.0,01010010010111110000,1.0,01010110010101110011
18,1.0,01010110010101110011,1.0,00011110110101101011
18,1.0,00011110110101101011,1.0,00010100111101101011
18,1.0,00010100111101101011,1.0,00010100111101101011
18,1.0,00010100111101101011,1.0,00011100111111110001
18,1.0,00011100111111110001,1.0,00011100111111110001
18,1.0,00011100111111110001,1.0,01111000111110010000
18,1.0,01111000111110010000,1.0,01111100111100010011
18,1.0,01111100111100010011,1.0,11011100111110010011
18,1.0,11011100111110010011,1.0,10011100111110010110
18,1.0,10011100111110010110,1.0,00010110011110010101
18,1.0,00010110011110010101,1.0,00100110101110110101
18,1.0,00100110101110110101,1.0,00100110101110110101
18,1.0,00100110101110110101,1.0,00100011001011100001
18,1.0,00100011001011100001,1.0,00100011001011100001
18,1.0,00100011001011100001,1.0,00100011001011100001
18,1.0,00100011001011100001,1.0,00110010001011100001
18,1.0,00110010001011100001,1.0,10110000101011100011
18,1.0,10110000101011100011,1.0,00010010101011110011
18,1.0,00010010101011110011,1.0,00011010101001011000
18,1.0,00011010101001011000,1.0,00010010101001010111
18,1.0,00010010101001010111,1.0,00010011100001010101
18,1.0,00010011100001010101,1.0,00011111100011010011
18,1.0,00011111100011010011,1.0,00011111100011010011
18,1.0,00011111100011010011,1.0,00011111100011010011
18,1.0,00011111100011010011,1.0,00010111101010010011
18,1.0,00010111101010010011,1.0,00011111101010010010
18,1.0,00011111101010010010,1.0,00010011101110100000
18,1.0,00010011101110100000,1.0,11011110101110000001
18,1.0,11011110101110000001,1.0,11010010100111100000
18,1.0,11010010100111100000,1.0,11010010100111100000
18,1.0,11010010100111100000,1.0,11011110100110101000
18,1.0,11011110100110101000,1.0,11010010000011100111
18,1.0,11010010000011100111,1.0,11010010000011100111
18,1.0,11010010000011100111,1.0,10010010000011101100
18,1.0,10010010000011101100,1.0,10010010000011101100
18,1.0,10010010000011101100,1.0,10010010000011101100
18,1.0,10010010000011101100,1.0,10011010001100001101
18,1.0,10011010001100001101,1.0,10011000011110101100
18,1.0,10011000011110101100,1.0,10011100011110111000
18,1.0,10011100011110111000,1.0,10010100101110111010
18,1.0,10010100101110111010,1.0,10011100101111010011
18,1.0,10011100101111010011,1.0,00011110001111010001
18,1.0,00011110001111010001,1.0,01011110000111110011
18,1.0,01011110000111110011,1.0,01010110001110110011
18,1.0,01010110001110110011,1.0,01011110001110110010
18,1.0,01011110001110110010,1.0,01011100001111001011
18,1.0,01011100001111001011,1.0,01010000001111101001
18,1.0,01010000001111101001,1.0,00101000101111111001
18,1.0,00101000101111111001,1.0,00001101101111101011
18,1.0,00001101101111101011,1.0,00000101111110101111
18,1.0,00000101111110101111,1.0,11000101110110101100
18,1.0,11000101110110101100,1.0,11000111100110100111
18,1.0,11000111100110100111,1.0,11001111100110100110
18,1.0,11001111100110100110,1.0,11001111010110100101
18,1.0,11001111010110100101,1.0,11101101000110110100
18,1.0,11101101000110110100,1.0,11101000001010111100
18,1.0,11101000001010111100,1.0,11101000001110101100
18,1.0,11101000001110101100,1.0,10101000001101111010
18,1.0,10101000001101111010,1.0,10101000001101111010
18,1.0,10101000001101111010,1.0,10100100001111101011
18,1.0,10100100001111101011,1.0,10110100001101100010
18,1.0,10110100001101100010,1.0,10110100001101100010
18,1.0,10110100001101100010,1.0,00110100101111100001
18,1.0,00110100101111100001,1.0,00110100111110100100
18,1.0,00110100111110100100,1.0,00110000111111000011
18,1.0,00110000111111000011,1.0,00110000101111010001
18,1.0,00110000101111010001,1.0,00110000101111010001
18,1.0,00110000101111010001,1.0,00111000101111010000
18,1.0,00111000101111010000,1.0,00111000101111010000
18,1.0,00111000101111010000,1.0,00110101001011000001
18,1.0,00110101001011000001,1.0,10101101001111000001
18,1.0,10101101001111000001,1.0,10101101001111000001
18,1.0,10101101001111000001,1.0,10101101010111000101
18,1.0,10101101010111000101,1.0,11101000011101000101
18,1.0,11101000011101000101,1.0,11101000001001001111
18,1.0,11101000001001001111,1.0,11101000001001111000
18,1.0,11101000001001111000,1.0,11100000001001111001
18,1.0,11100000001001111001,1.0,10110100101000111001
18,1.0,10110100101000111001,1.0,10110000111000011011
18,1.0,10110000111000011011,1.0,00111000011001011000
18,1.0,00111000011001011000,1.0,00111100011001101000
18,1.0,00111100011001101000,1.0,11100100011001101000
18,1.0,11100100011001101000,1.0,11101110011001000001
18,1.0,11101110011001000001,1.0,11110110010001000000
18,1.0,11110110010001000000,1.0,11111010000101000000
18,1.0,11111010000101000000,1.0,11011000011101100011
18,1.0,11011000011101100011,1.0,10010000011101101001
18,1.0,10010000011101101001,1.0,10110100001101100010
18,1.0,10110100001101100010,1.0,10110101001010100011
18,1.0,10110101001010100011,1.0,10110101001010100011
18,1.0,10110101001010100011,1.0,10110101001010100011
18,1.0,10110101001010100011,1.0,10110101001010100011
18,1.0,10110101001010100011,1.0,10111111000010100011
18,1.0,10111111000010100011,1.0,10110111010000100011
18,1.0,10110111010000100011,1.0,10010111110000100110
18,1.0,10010111110000100110,1.0,10011110111000100111
18,1.0,10011110111000100111,1.0,10010110011000110100
18,1.0,10010110011000110100,1.0,10011110001100010111
18,1.0,10011110001100010111,1.0,10011110001100010111
18,1.0,10011110001100010111,1.0,10011010001111000011
18,1.0,10011010001111000011,1.0,10010010100111001011
18,1.0,10010010100111001011,1.0,10010010100101011000
18,1.0,10010010100101011000,1.0,10111010000101010010
18,1.0,10111010000101010010,1.0,11111010000001010000
18,1.0,11111010000001010000,1.0,11111010000001010000
18,1.0,11111010000001010000,1.0,11010011000100110000
18,1.0,11010011000100110000,1.0,11001011001100110001
18,1.0,11001011001100110001,1.0,10001111001110110011
18,1.0,10001111001110110011,1.0,10001111001110110011
18,1.0,10001111001110110011,1.0,10000111001010110101
18,1.0,10000111001010110101,1.0,00011111001010110010
18,1.0,00011111001010110010,1.0,00011111001010110010
18,1.0,00011111001010110010,1.0,00010011001000110100
18,1.0,00010011001000110100,1.0,10011011001000110001
18,1.0,10011011001000110001,1.0,10011011001000110001
18,1.0,10011011001000110001,1.0,11001111001010110001
18,1.0,11001111001010110001,1.0,10101010011011010000
18,1.0,10101010011011010000,1.0,10100010011011010001
18,1.0,10100010011011010001,1.0,11100010001010010111
18,1.0,11100010001010010111,1.0,11100010001010010111
18,1.0,11100010001010010111,1.0,11100000001010111101
18,1.0,11100000001010111101,1.0,11100000001010111101
18,1.0,11100000001010111101,1.0,11101100001010011111
18,1.0,11101100001010011111,1.0,10101100011011011001
18,1.0,10101100011011011001,1.0,10101000011101011001
18,1.0,10101000011101011001,1.0,10100001010101011000
18,1.0,10100001010101011000,1.0,11000101010101011010
18,1.0,11000101010101011010,1.0,10011101011100001000
18,1.0,10011101011100001000,1.0,10010101011100001001
18,1.0,10010101011100001001,1.0,10111001000110101001
18,1.0,10111001000110101001,1.0,10111001000110101001
18,1.0,10111001000110101001,1.0,10111001000110101001
18,1.0,10111001000110101001,1.0,10111001100110001001
18,1.0,10111001100110001001,1.0,10111001000110101001
18,1.0,10111001000110101001,1.0,10111001100110001001
18,1.0,10111001100110001001,1.0,01110001100110001001
18,1.0,01110001100110001001,1.0,01110001110100001000
18,1.0,01110001110100001000,1.0,01111010110100001010
18,1.0,01111010110100001010,1.0,01110110110010110010
18,1.0,01110110110010110010,1.0,01110010110100110010
18,1.0,01110010110100110010,1.0,01110010110100110010
18,1.0,01110010110100110010,1.0,01110111010000100010
18,1.0,01110111010000100010,1.0,01110111010000100010
18,1.0,01110111010000100010,1.0,01110111010000100010
18,1.0,01110111010000100010,1.0,01110101010001100010
18,1.0,01110101010001100010,1.0,01110001000101100011
18,1.0,01110001000101100011,1.0,01101011010011100001
18,1.0,01101011010011100001,1.0,00100011011001100000
18,1.0,00100011011001100000,1.0,00101011001011100000
18,1.0,00101011001011100000,1.0,01000011001011000100
18,1.0,01000011001011000100,1.0,01001110101011010110
18,1.0,01001110101011010110,1.0,01001011111000010110
18,1.0,01001011111000010110,1.0,01011011110000010100
18,1.0,01011011110000010100,1.0,00011111110010010110
18,1.0,00011111110010010110,1.0,00111111110010100001
18,1.0,00111111110010100001,1.0,10101111110010110010
18,1.0,10101111110010110010,1.0,01100111110010110010
18,1.0,01100111110010110010,1.0,01100111110010110010
18,1.0,01100111110010110010,1.0,10100111110010110011
18,1.0,10100111110010110011,1.0,10100111110010110011
18,1.0,10100111110010110011,1.0,11101011100010110001
18,1.0,11101011100010110001,1.0,11100111110010100001
18,1.0,11100111110010100001,1.0,10100111110110100011
18,1.0,10100111110110100011,1.0,11100111110010100001
18,1.0,11100111110010100001,1.0,00110101111010100001
18,1.0,00110101111010100001,1.0,00111001101010110001
18,1.0,00111001101010110001,1.0,10100101111010110010
18,1.0,10100101111010110010,1.0,10100001111010101000
19,3.0,00110000011101000111,1.0,00111010010101000111
19,1.0,00111010010101000111,1.0,10011001010111000100
19,1.0,10011001010111000100,1.0,10010001010011010101
19,1.0,10010001010011010101,1.0,11010001000001010111
19,1.0,11010001000001010111,1.0,11010001010001110010
19,1.0,11010001010001110010,1.0,11011101000001101000
19,1.0,11011101000001101000,1.0,11011001000011110010
19,1.0,11011001000011110010,1.0,11010001001010110010
19,1.0,11010001001010110010,1.0,10110001001000110011
19,1.0,10110001001000110011,1.0,00011001001001011011
19,1.0,00011001001001011011,1.0,11010001001000011000
19,1.0,11010001001000011000,1.0,10010001001011010001
19,1.0,10010001001011010001,1.0,10010101001001000101
19,1.0,10010101001001000101,1.0,10010101001001000101
19,1.0,10010101001001000101,1.0,10011101001001000100
19,1.0,10011101001001000100,1.0,10010001001010001110
19,1.0,10010001001010001110,1.0,00110001001000001110
19,1.0,00110001001000001110,1.0,00110001001000001110
19,1.0,00110001001000001110,1.0,00110001001000001110
19,1.0,00110001001000001110,1.0,01110001000000011101
19,1.0,01110001000000011101,1.0,10111001000000011101
19,1.0,10111001000000011101,1.0,00110101000010011111
19,1.0,00110101000010011111,1.0,00111101100010111011
19,1.0,00111101100010111011,1.0,10101101100001111001
19,1.0,10101101100001111001,1.0,10111100100001111001
19,1.0,10111100100001111001,1.0,10111100100101101001
19,1.0,10111100100101101001,1.0,10111001000101100011
19,1.0,10111001000101100011,1.0,10111001000101100011
19,1.0,10111001000101100011,1.0,10011101000101101010
19,1.0,10011101000101101010,1.0,10110100000111101001
19,1.0,10110100000111101001,1.0,10010100100111111011
19,1.0,10010100100111111011,1.0,00011100111111110001
19,1.0,00011100111111110001,1.0,00010101101011010011
19,1.0,00010101101011010011,1.0,00011111100011010011
19,1.0,00011111100011010011,1.0,10010111100110010010
19,1.0,10010111100110010010,1.0,10010111000010011011
19,1.0,10010111000010011011,1.0,10011111000010011010
19,1.0,10011111000010011010,1.0,10011101000011011010
19,1.0,10011101000011011010,1.0,10000101100011111100
19,1.0,10000101100011111100,1.0,10101001010010111111
19,1.0,10101001010010111111,1.0,10100001011000111011
19,1.0,10100001011000111011,1.0,00100011001000111010
19,1.0,00100011001000111010,1.0,00100011000010111111
19,1.0,00100011000010111111,1.0,01101111000000101111
19,1.0,01101111000000101111,1.0,01101111000000101111
19,1.0,01101111000000101111,1.0,01101011000000011111
19,1.0,01101011000000011111,1.0,01001011110010011101
19,1.0,01001011110010011101,1.0,01000011011010011000
19,1.0,01000011011010011000,1.0,01000011011010011000
19,1.0,01000011011010011000,1.0,01001011111010001011
19,1.0,01001011111010001011,1.0,01000011011010011000
19,1.0,01000011011010011000,1.0,10001011011010011000
19,1.0,10001011011010011000,1.0,10001011011110001000
19,1.0,10001011011110001000,1.0,10100001011110001010
19,1.0,10100001011110001010,1.0,11001001011110101001
19,1.0,11001001011110101001,1.0,11000001001100101111
19,1.0,11000001001100101111,1.0,11000100001101101110
19,1.0,11000100001101101110,1.0,11010100001010101111
19,1.0,11010100001010101111,1.0,11010100101010001111
19,1.0,11010100101010001111,1.0,11010010101010000110
19,1.0,11010010101010000110,1.0,11011010100011000110
19,1.0,11011010100011000110,1.0,11011010000010011111
19,1.0,11011010000010011111,1.0,01011010110010011101
19,1.0,01011010110010011101,1.0,01011010100010111110
19,1.0,01011010100010111110,1.0,01011110110010101101
19,1.0,01011110110010101101,1.0,01011100110011101101
19,1.0,01011100110011101101,1.0,01011000110001111101
19,1.0,01011000110001111101,1.0,11011100100001011100
19,1.0,11011100100001011100,1.0,00011100101001011111
19,1.0,00011100101001011111,1.0,00010010101001011001
19,1.0,00010010101001011001,1.0,00010111101001000000
19,1.0,00010111101001000000,1.0,00011111011000001010
19,1.0,00011111011000001010,1.0,00010111011000001011
19,1.0,00010111011000001011,1.0,00011011001100001011
19,1.0,00011011001100001011,1.0,00010011001000001101
19,1.0,00010011001000001101,1.0,10010110001000101110
19,1.0,10010110001000101110,1.0,10110110101010100000
19,1.0,10110110101010100000,1.0,00111110111010100011
19,1.0,00111110111010100011,1.0,00101111111010100011
19,1.0,00101111111010100011,1.0,00110111001010000001
19,1.0,00110111001010000001,1.0,00111101001011000000
19,1.0,00111101001011000000,1.0,00110001001001010001
19,1.0,00110001001001010001,1.0,00110001001001010001
19,1.0,00110001001001010001,1.0,00110001001001010001
19,1.0,00110001001001010001,1.0,00110001001101000001
19,1.0,00110001001101000001,1.0,00111001001101000000
19,1.0,00111001001101000000,1.0,00111001001101000000
19,1.0,00111001001101000000,1.0,00111011001100000000
19,1.0,00111011001100000000,1.0,01110011000000100100
19,1.0,01110011000000100100,1.0,01110001000110100111
19,1.0,01110001000110100111,1.0,01111001000110100110
19,1.0,01111001000110100110,1.0,10111001000110100111
19,1.0,10111001000110100111,1.0,10111001000110100111
19,1.0,10111001000110100111,1.0,10110001100110110001
19,1.0,10110001100110110001,1.0,10100001110110111001
19,1.0,10100001110110111001,1.0,11000101110110111011
19,1.0,11000101110110111011,1.0,11000111100110101001
19,1.0,11000111100110101001,1.0,11011011100100100011
19,1.0,11011011100100100011,1.0,11011010000100101111
19,1.0,11011010000100101111,1.0,11011000001100101110
19,1.0,11011000001100101110,1.0,11000000111100111110
19,1.0,11000000111100111110,1.0,11001010111100010111
19,1.0,11001010111100010111,1.0,01011010111000010110
19,1.0,01011010111000010110,1.0,01011010101010010111
19,1.0,01011010101010010111,1.0,01011011101000010000
19,1.0,01011011101000010000,1.0,01011011101000010000
19,1.0,01011011101000010000,1.0,01011011101000010000
19,1.0,01011011101000010000,1.0,01010010101000111010
19,1.0,01010010101000111010,1.0,01010011100000111000
19,1.0,01010011100000111000,1.0,01011011001000001001
19,1.0,01011011001000001001,1.0,01011011011000100010
19,1.0,01011011011000100010,1.0,00011111011100100001
19,1.0,00011111011100100001,1.0,10010111010100001010
19,1.0,10010111010100001010,1.0,10010111000110001011
19,1.0,10010111000110001011,1.0,10010111000110001011
19,1.0,10010111000110001011,1.0,10010011000110101000
19,1.0,10010011000110101000,1.0,10011011000100011010
19,1.0,10011011000100011010,1.0,11010011000100001001
19,1.0,11010011000100001001,1.0,10011011101100000001
19,1.0,10011011101100000001,1.0,10011111101010000001
19,1.0,10011111101010000001,1.0,10011111101010000001
19,1.0,10011111101010000001,1.0,01011111101010000000
19,1.0,01011111101010000000,1.0,00111010101010100101
19,1.0,00111010101010100101,1.0,00110010111000100101
19,1.0,00110010111000100101,1.0,00111100111000101101
19,1.0,00111100111000101101,1.0,00010110111000101100
19,1.0,00010110111000101100,1.0,00011110101010101100
19,1.0,00011110101010101100,1.0,10010110001000101110
19,1.0,10010110001000101110,1.0,10010110001000101110
19,1.0,10010110001000101110,1.0,00011110001000111111
19,1.0,00011110001000111111,1.0,10010010001000011110
19,1.0,10010010001000011110,1.0,10010110001000101110
19,1.0,10010110001000101110,1.0,10010110011000001101
19,1.0,10010110011000001101,1.0,11011110011000001001
19,1.0,11011110011000001001,1.0,11101110001100001011
19,1.0,11101110001100001011,1.0,11101110001100001011
19,1.0,11101110001100001011,1.0,11101110001100001011
19,1.0,11101110001100001011,1.0,11101110001100001011
19,1.0,11101110001100001011,1.0,10101110011110001001
19,1.0,10101110011110001001,1.0,10001110111110011011
19,1.0,10001110111110011011,1.0,10010010100101011000
19,1.0,10010010100101011000,1.0,10010010100101011000
19,1.0,10010010100101011000,1.0,11011000100101111000
19,1.0,11011000100101111000,1.0,11001001100101111000
19,1.0,11001001100101111000,1.0,10000001100101111100
19,1.0,10000001100101111100,1.0,11001001100110111100
19,1.0,11001001100110111100,1.0,10000101110110111110
19,1.0,10000101110110111110,1.0,10000101110110111110
19,1.0,10000101110110111110,1.0,10000101110110111110
19,1.0,10000101110110111110,1.0,11001101100110011111
19,1.0,11001101100110011111,1.0,11001101100110011111
19,1.0,11001101100110011111,1.0,11001101100110011111
19,1.0,11001101100110011111,1.0,01001001101010111101
19,1.0,01001001101010111101,1.0,01000001111000111101
19,1.0,01000001111000111101,1.0,01010011010000110101
19,1.0,01010011010000110101,1.0,01011011010000001101
19,1.0,01011011010000001101,1.0,11010001010000011100
19,1.0,11010001010000011100,1.0,01111001000000011100
19,1.0,01111001000000011100,1.0,00111101000010011110
19,1.0,00111101000010011110,1.0,00110011000010010110
19,1.0,00110011000010010110,1.0,00011011000110110111
19,1.0,00011011000110110111,1.0,00011011000110110111
19,1.0,00011011000110110111,1.0,00010110001110110110
19,1.0,00010110001110110110,1.0,00010110001110110110
19,1.0,00010110001110110110,1.0,10010110001010110101
19,1.0,10010110001010110101,1.0,11011000001110110101
19,1.0,11011000001110110101,1.0,11011000011110100111
19,1.0,11011000011110100111,1.0,10010000011101100111
19,1.0,10010000011101100111,1.0,00010101001101000110
19,1.0,00010101001101000110,1.0,10011101001101000011
19,1.0,10011101001101000011,1.0,10011100001111110011
19,1.0,10011100001111110011,1.0,11010100101101100010
19,1.0,11010100101101100010,1.0,11010100101101100010
19,1.0,11010100101101100010,1.0,11010100101101100010
19,1.0,11010100101101100010,1.0,11010010001001100010
19,1.0,11010010001001100010,1.0,11010111001000000010
19,1.0,11010111001000000010,1.0,10010111101000100010
19,1.0,10010111101000100010,1.0,10010111101000100010
19,1.0,10010111101000100010,1.0,10111100101000001111
20,1.0,01110100111100000101,1.0,00111100011000011111
20,1.0,00111100011000011111,1.0,00111100011000011111
20,1.0,00111100011000011111,1.0,00100110111000011101
20,1.0,00100110111000011101,1.0,00111110001000001101
20,1.0,00111110001000001101,1.0,00111110001000001101
20,1.0,00111110001000001101,1.0,00111110001000001101
20,1.0,00111110001000001101,1.0,00111110001000001101
20,1.0,00111110001000001101,1.0,00100110011110001100
20,1.0,00100110011110001100,1.0,10101110011110000111
20,1.0,10101110011110000111,1.0,11100110110110100100
20,1.0,11100110110110100100,1.0,01101110111110100011
20,1.0,01101110111110100011,1.0,11001110111110110000
20,1.0,11001110111110110000,1.0,11000110111110110001
20,1.0,11000110111110110001,1.0,01000110101111110000
20,1.0,01000110101111110000,1.0,01000110101111110000
20,1.0,01000110101111110000,1.0,00000110101111011011
20,1.0,00000110101111011011,1.0,00000110111101011010
20,1.0,00000110111101011010,1.0,00000110111101011010
20,1.0,00000110111101011010,1.0,01000110111101001000
20,1.0,01000110111101001000,1.0,01011110001001001000
20,1.0,01011110001001001000,1.0,01111010001001000001
20,1.0,01111010001001000001,1.0,01111010001001000001
20,1.0,01111010001001000001,1.0,00111010001101000011
20,1.0,00111010001101000011,1.0,00110010001001000101
20,1.0,00110010001001000101,1.0,00111010001001000100
20,1.0,00111010001001000100,1.0,00110010001001000101
20,1.0,00110010001001000101,1.0,00110010001001000101
20,1.0,00110010001001000101,1.0,01100010001101000101
20,1.0,01100010001101000101,1.0,11100110101100000100
20,1.0,11100110101100000100,1.0,11101110100101000100
20,1.0,11101110100101000100,1.0,10000111100101100110
20,1.0,10000111100101100110,1.0,10100011100101100001
20,1.0,10100011100101100001,1.0,10100011001000101001
20,1.0,10100011001000101001,1.0,11100110011000101000
20,1.0,11100110011000101000,1.0,11101110011001000001
20,1.0,11101110011001000001,1.0,10101110011101000011
20,1.0,10101110011101000011,1.0,10110000001101010010
20,1.0,10110000001101010010,1.0,10100001001101010010
20,1.0,10100001001101010010,1.0,10110000000111011001
20,1.0,10110000000111011001,1.0,11110000000110111010
20,1.0,11110000000110111010,1.0,11110000100110011010
20,1.0,11110000100110011010,1.0,11111001000110010000
20,1.0,11111001000110010000,1.0,11110000001110010011
20,1.0,11110000001110010011,1.0,11010001100110010100
20,1.0,11010001100110010100,1.0,10011001000110011110
20,1.0,10011001000110011110,1.0,00010001100110111110
20,1.0,00010001100110111110,1.0,00011100111110101110
20,1.0,00011100111110101110,1.0,00011100110111101111
20,1.0,00011100110111101111,1.0,10010100100111101100
20,1.0,10010100100111101100,1.0,10010100100111101100
20,1.0,10010100100111101100,1.0,11010100000111001100
20,1.0,11010100000111001100,1.0,11010000000101011100
20,1.0,11010000000101011100,1.0,11000001000101011100
20,1.0,11000001000101011100,1.0,01001000101111011100
20,1.0,01001000101111011100,1.0,01001010001011101100
20,1.0,01001010001011101100,1.0,01001010001011101100
20,1.0,01001010001011101100,1.0,11001110100011101100
20,1.0,11001110100011101100,1.0,10001110100011111110
20,1.0,10001110100011111110,1.0,10000110110001111110
20,1.0,10000110110001111110,1.0,11000110110001111011
20,1.0,11000110110001111011,1.0,11000110110001111011
20,1.0,11000110110001111011,1.0,11001110110001111010
20,1.0,11001110110001111010,1.0,11010100110001111000
20,1.0,11010100110001111000,1.0,10010010010001111010
20,1.0,10010010010001111010,1.0,10111000010001111011
20,1.0,10111000010001111011,1.0,10111000010001111011
20,1.0,10111000010001111011,1.0,10111001001000001011
20,1.0,10111001001000001011,1.0,10111001000010111001
20,1.0,10111001000010111001,1.0,01110001000010111001
20,1.0,01110001000010111001,1.0,00110101010010111010
20,1.0,00110101010010111010,1.0,00011001011010111010
20,1.0,00011001011010111010,1.0,10011001011010100111
20,1.0,10011001011010100111,1.0,10011001111010000111
20,1.0,10011001111010000111,1.0,10010001011110000100
20,1.0,10010001011110000100,1.0,10010001010111000101
20,1.0,10010001010111000101,1.0,00010001010111010110
20,1.0,00010001010111010110,1.0,01011001010111010010
20,1.0,01011001010111010010,1.0,01010001000101011010
20,1.0,01010001000101011010,1.0,01110101010000011011
20,1.0,01110101010000011011,1.0,01110101010000011011
20,1.0,01110101010000011011,1.0,01110001011000010001
20,1.0,01110001011000010001,1.0,01110001011100000001
20,1.0,01110001011100000001,1.0,00110001011100010011
20,1.0,00110001011100010011,1.0,01110001011100000001
20,1.0,01110001011100000001,1.0,01100101001100011010
20,1.0,01100101001100011010,1.0,00100101101100111010
20,1.0,00100101101100111010,1.0,00111101001100110000
20,1.0,00111101001100110000,1.0,10011101001110110000
20,1.0,10011101001110110000,1.0,10011101001110110000
20,1.0,10011101001110110000,1.0,00010101101110101001
20,1.0,00010101101110101001,1.0,00001111101110101011
20,1.0,00001111101110101011,1.0,11001110111110001001
20,1.0,11001110111110001001,1.0,11000111111100000001
20,1.0,11000111111100000001,1.0,11010111100110000000
20,1.0,11010111100110000000,1.0,00011111100111000011
20,1.0,00011111100111000011,1.0,00110010100110001111
20,1.0,00110010100110001111,1.0,00101011100110001110
20,1.0,00101011100110001110,1.0,00100000111110111101
20,1.0,00100000111110111101,1.0,10101010110110111011
20,1.0,10101010110110111011,1.0,10100010111000111000
20,1.0,10100010111000111000,1.0,10101010101010110110
20,1.0,10101010101010110110,1.0,00101110101110110100
20,1.0,00101110101110110100,1.0,00101110101110110100
20,1.0,00101110101110110100,1.0,00100110101100101110
20,1.0,00100110101100101110,1.0,00101110101110110100
20,1.0,00101110101110110100,1.0,00101110001010111101
20,1.0,00101110001010111101,1.0,00101110101110110100
20,1.0,00101110101110110100,1.0,00101111001100110011
20,1.0,00101111001100110011,1.0,00100011001011100001
20,1.0,00100011001011100001,1.0,00100011001011100001
20,1.0,00100011001011100001,1.0,00101011010111100011
20,1.0,00101011010111100011,1.0,00101011010011100100
20,1.0,00101011010011100100,1.0,10100001010011001100
20,1.0,10100001010011001100,1.0,11100001010011001001
20,1.0,11100001010011001001,1.0,10100001110011101001
20,1.0,10100001110011101001,1.0,10101010110011101011
20,1.0,10101010110011101011,1.0,11100100100011101110
20,1.0,11100100100011101110,1.0,11100100110111100100
20,1.0,11100100110111100100,1.0,11100100010111010110
20,1.0,11100100010111010110,1.0,11100100110011110100
20,1.0,11100100110011110100,1.0,01110000100011110100
20,1.0,01110000100011110100,1.0,01011101100011100101
20,1.0,01011101100011100101,1.0,01010001100001001111
20,1.0,01010001100001001111,1.0,11011100100011001111
20,1.0,11011100100011001111,1.0,01010001000011001110
20,1.0,01010001000011001110,1.0,01010001000011001110
20,1.0,01010001000011001110,1.0,01010001000011001110
20,1.0,01010001000011001110,1.0,00011011000001001101
20,1.0,00011011000001001101,1.0,00011011000001001101
20,1.0,00011011000001001101,1.0,00011011000001001101
20,1.0,00011011000001001101,1.0,10010011000100001100
20,1.0,10010011000100001100,1.0,10010011000000011100
20,1.0,10010011000000011100,1.0,11010011000000010111
20,1.0,11010011000000010111,1.0,11011010000010011111
20,1.0,11011010000010011111,1.0,10111010000110010110
20,1.0,10111010000110010110,1.0,10111100000110011111
20,1.0,10111100000110011111,1.0,10111100010100011110
20,1.0,10111100010100011110,1.0,10111100000110011111
20,1.0,10111100000110011111,1.0,10111100100010111101
20,1.0,10111100100010111101,1.0,10111100100010111101
20,1.0,10111100100010111101,1.0,10111100100010111101
20,1.0,10111100100010111101,1.0,10111100100110101101
20,1.0,10111100100110101101,1.0,10111100100110101101
20,1.0,10111100100110101101,1.0,10111110010010101011
20,1.0,10111110010010101011,1.0,10111110010010101011
20,1.0,10111110010010101011,1.0,10111110010010101011
20,1.0,10111110010010101011,1.0,10111110010010101011
20,1.0,10111110010010101011,1.0,10100111110110100011
20,1.0,10100111110110100011,1.0,10100111110110100011
20,1.0,10100111110110100011,1.0,11100111110010100001
20,1.0,11100111110010100001,1.0,11100111010110000011
20,1.0,11100111010110000011,1.0,11101110010110101011
20,1.0,11101110010110101011,1.0,10101110011110001001
20,1.0,10101110011110001001,1.0,10011100011110001111
20,1.0,10011100011110001111,1.0,10011100011110001111
20,1.0,10011100011110001111,1.0,10011100011110001111
20,1.0,10011100011110001111,1.0,10110100001100011011
20,1.0,10110100001100011011,1.0,10110100010100011111
20,1.0,10110100010100011111,1.0,00111100011100001111
20,1.0,00111100011100001111,1.0,11101100011100110101
20,1.0,11101100011100110101,1.0,00111100010101110111
20,1.0,00111100010101110111,1.0,00010100010111111100
20,1.0,00010100010111111100,1.0,00011100110011111111
20,1.0,00011100110011111111,1.0,00011100110011111111
20,1.0,00011100110011111111,1.0,00011100110011111111
20,1.0,00011100110011111111,1.0,10000101100011111100
20,1.0,10000101100011111100,1.0,10000101100011111100
20,1.0,10000101100011111100,1.0,10000101100011111100
20,1.0,10000101100011111100,1.0,11011001000010011100
20,1.0,11011001000010011100,1.0,11010001010000011100
20,1.0,11010001010000011100,1.0,11011011000000011000
20,1.0,11011011000000011000,1.0,11011010000001011011
20,1.0,11011010000001011011,1.0,11011010000001011011
20,1.0,11011010000001011011,1.0,11011000000001111111
20,1.0,11011000000001111111,1.0,11010110100000011101
20,1.0,11010110100000011101,1.0,11010110100100001101
20,1.0,11010110100100001101,1.0,11110100100100001110
20,1.0,11110100100100001110,1.0,01111100100001001111
20,1.0,01111100100001001111,1.0,11110000000001001110
20,1.0,11110000000001001110,1.0,11110010000000001110
20,1.0,11110010000000001110,1.0,11110010000000001110
20,1.0,11110010000000001110,1.0,11110010000000001110
20,1.0,11110010000000001110,1.0,01100110001000011110
20,1.0,01100110001000011110,1.0,11100110101000010100
20,1.0,11100110101000010100,1.0,11011110001000010101
20,1.0,11011110001000010101,1.0,00011110101000011111
20,1.0,00011110101000011111,1.0,00010011101000010100
20,1.0,00010011101000010100,1.0,00011011010100110110
20,1.0,00011011010100110110,1.0,00011101010100111111
21,1.0,10010100101011010101,1.0,11010100101010111000
21,1.0,11010100101010111000,1.0,11010100101010111000
21,1.0,11010100101010111000,1.0,01110100101000111000
21,1.0,01110100101000111000,1.0,01111001100000111001
21,1.0,01111001100000111001,1.0,01010001100001111000
21,1.0,01010001100001111000,1.0,11011001100001110011
21,1.0,11011001100001110011,1.0,11101001100011110001
21,1.0,11101001100011110001,1.0,10101011100001110000
21,1.0,10101011100001110000,1.0,10100011100001110001
21,1.0,10100011100001110001,1.0,10100011100001110001
21,1.0,10100011100001110001,1.0,10101011100001000111
21,1.0,10101011100001000111,1.0,10100001101001000111
21,1.0,10100001101001000111,1.0,10101001101001000110
21,1.0,10101001101001000110,1.0,10101001100011110100
21,1.0,10101001100011110100,1.0,10000111100011010110
21,1.0,10000111100011010110,1.0,10000101111001010100
21,1.0,10000101111001010100,1.0,11001100111011010111
21,1.0,11001100111011010111,1.0,01100100011011010111
21,1.0,01100100011011010111,1.0,01111000011010010111
21,1.0,01111000011010010111,1.0,01111000011010010111
21,1.0,01111000011010010111,1.0,01111001010010010101
21,1.0,01111001010010010101,1.0,01111001010010010101
21,1.0,01111001010010010101,1.0,01111001000010110110
21,1.0,01111001000010110110,1.0,10111001000010110111
21,1.0,10111001000010110111,1.0,10111001000010110111
21,1.0,10111001000010110111,1.0,10010001000011110110
21,1.0,10010001000011110110,1.0,10010001000011110110
21,1.0,10010001000011110110,1.0,10010111000011100010
21,1.0,10010111000011100010,1.0,10010011000110101000
21,1.0,10010011000110101000,1.0,10011001100110111011
21,1.0,10011001100110111011,1.0,10011101110010111010
21,1.0,10011101110010111010,1.0,10010101110010111011
21,1.0,10010101110010111011,1.0,10011001110100111010
21,1.0,10011001110100111010,1.0,10011101111100100011
21,1.0,10011101111100100011,1.0,10111001101100000010
21,1.0,10111001101100000010,1.0,10110001101100000011
21,1.0,10110001101100000011,1.0,10011011101100000001
21,1.0,10011011101100000001,1.0,10011011101000010001
21,1.0,10011011101000010001,1.0,10011011101100000001
21,1.0,10011011101100000001,1.0,10011011101100000001
21,1.0,10011011101100000001,1.0,10011011101100000001
21,1.0,10011011101100000001,1.0,10011111111000000000
21,1.0,10011111111000000000,1.0,10010111011010000000
21,1.0,10010111011010000000,1.0,10000011011011100000
21,1.0,10000011011011100000,1.0,10011011011000100011
21,1.0,10011011011000100011,1.0,01010011011000100011
21,1.0,01010011011000100011,1.0,01000101111001100111
21,1.0,01000101111001100111,1.0,01001101110011101101
21,1.0,01001101110011101101,1.0,01001101110011101101
21,1.0,01001101110011101101,1.0,11001100110011111110
21,1.0,11001100110011111110,1.0,01101100100011111111
21,1.0,01101100100011111111,1.0,01100101100010111101
21,1.0,01100101100010111101,1.0,01100111100010011001
21,1.0,01100111100010011001,1.0,11000111110010011000
21,1.0,11000111110010011000,1.0,11000111110010011000
21,1.0,11000111110010011000,1.0,11101010110010111001
21,1.0,11101010110010111001,1.0,11101010110010110111
21,1.0,11101010110010110111,1.0,01110110100010010111
21,1.0,01110110100010010111,1.0,00111010001010010111
21,1.0,00111010001010010111,1.0,00111010001010010111
21,1.0,00111010001010010111,1.0,00111010101010100101
21,1.0,00111010101010100101,1.0,10010010111010100101
21,1.0,10010010111010100101,1.0,11011000101110010101
21,1.0,11011000101110010101,1.0,11110100100110010101
21,1.0,11110100100110010101,1.0,11111000000111010011
21,1.0,11111000000111010011,1.0,11100100001111010010
21,1.0,11100100001111010010,1.0,11101100101101010010
21,1.0,11101100101101010010,1.0,10100100101111110010
21,1.0,10100100101111110010,1.0,10101100111111010000
21,1.0,10101100111111010000,1.0,10110000010111110010
21,1.0,10110000010111110010,1.0,00110000110111101010
21,1.0,00110000110111101010,1.0,00011100111101101010
21,1.0,00011100111101101010,1.0,10010000011101101001
21,1.0,10010000011101101001,1.0,10010000011110101101
21,1.0,10010000011110101101,1.0,10011100011110001111
21,1.0,10011100011110001111,1.0,00011101101100001100
21,1.0,00011101101100001100,1.0,00111100011100001111
21,1.0,00111100011100001111,1.0,00010100011101001110
21,1.0,00010100011101001110,1.0,01011000011100011110
21,1.0,01011000011100011110,1.0,01011000011100011110
21,1.0,01011000011100011110,1.0,11010100010110011110
21,1.0,11010100010110011110,1.0,11010100110100011111
21,1.0,11010100110100011111,1.0,11011100110110111010
21,1.0,11011100110110111010,1.0,11010100110110111011
21,1.0,11010100110110111011,1.0,11111000110110110011
21,1.0,11111000110110110011,1.0,11110000010110011001
21,1.0,11110000010110011001,1.0,11110000010110010111
21,1.0,11110000010110010111,1.0,01101001011010010111
21,1.0,01101001011010010111,1.0,01100100011011010111
21,1.0,01100100011011010111,1.0,11101100011011000101
21,1.0,11101100011011000101,1.0,01101100011011010110
21,1.0,01101100011011010110,1.0,01101000111110110111
21,1.0,01101000111110110111,1.0,01100001101110110010
21,1.0,01100001101110110010,1.0,01110001001100100010
21,1.0,01110001001100100010,1.0,00110001011110100000
21,1.0,00110001011110100000,1.0,00111100011110101011
21,1.0,00111100011110101011,1.0,00101110111110101000
21,1.0,00101110111110101000,1.0,01101110111110100011
21,1.0,01101110111110100011,1.0,01101110111110100011
21,1.0,01101110111110100011,1.0,01101110101100101010
21,1.0,01101110101100101010,1.0,01101110101100101010
21,1.0,01101110101100101010,1.0,01101110111100001001
21,1.0,01101110111100001001,1.0,01101110111100000111
21,1.0,01101110111100000111,1.0,01101110111100000111
21,1.0,01101110111100000111,1.0,01101010111100100100
21,1.0,01101010111100100100,1.0,00101110111110100110
21,1.0,00101110111110100110,1.0,00100110011110001100
21,1.0,00100110011110001100,1.0,00100110111100001101
21,1.0,00100110111100001101,1.0,00100110011110001100
21,1.0,00100110011110001100,1.0,00101110111100001100
21,1.0,00101110111100001100,1.0,00100110111100001101
21,1.0,00100110111100001101,1.0,00100110111000011101
21,1.0,00100110111000011101,1.0,00101110111100011011
21,1.0,00101110111100011011,1.0,10100110101100011000
21,1.0,10100110101100011000,1.0,10100110101100011000
21,1.0,10100110101100011000,1.0,10100110001100111000
21,1.0,10100110001100111000,1.0,10100011001000101001
21,1.0,10100011001000101001,1.0,10101011001000101000
21,1.0,10101011001000101000,1.0,00100011001100101010
21,1.0,00100011001100101010,1.0,00110001111100100001
21,1.0,00110001111100100001,1.0,00110001011110100000
21,1.0,00110001011110100000,1.0,10110101110110100000
21,1.0,10110101110110100000,1.0,11111100010110100110
21,1.0,11111100010110100110,1.0,11110100110100010100
21,1.0,11110100110100010100,1.0,11100100111100010110
21,1.0,11100100111100010110,1.0,01101000101100111110
21,1.0,01101000101100111110,1.0,01001001111100101100
21,1.0,01001001111100101100,1.0,01001101111010101100
21,1.0,01001101111010101100,1.0,01000101111010101101
21,1.0,01000101111010101101,1.0,01000011111010100100
21,1.0,01000011111010100100,1.0,01001111101010100111
21,1.0,01001111101010100111,1.0,01001111101010100111
21,1.0,01001111101010100111,1.0,01010111100010100110
21,1.0,01010111100010100110,1.0,01010011100100100110
21,1.0,01010011100100100110,1.0,11011011100100100011
21,1.0,11011011100100100011,1.0,11010011000100001001
21,1.0,11010011000100001001,1.0,11011101000100110110
21,1.0,11011101000100110110,1.0,11011101000100110110
21,1.0,11011101000100110110,1.0,01010101010101110000
21,1.0,01010101010101110000,1.0,01010001110011110001
21,1.0,01010001110011110001,1.0,01010001110011110001
21,1.0,01010001110011110001,1.0,01010001110011110001
21,1.0,01010001110011110001,1.0,01010001111010110000
21,1.0,01010001111010110000,1.0,01010001111010110000
21,1.0,01010001111010110000,1.0,01011001101010010100
21,1.0,01011001101010010100,1.0,01111001001010010001
21,1.0,01111001001010010001,1.0,01110011000010010011
21,1.0,01110011000010010011,1.0,01010111000010011010
21,1.0,01010111000010011010,1.0,01011111100000011010
21,1.0,01011111100000011010,1.0,01011111100000011010
21,1.0,01011111100000011010,1.0,01011111100000011010
21,1.0,01011111100000011010,1.0,01010101110010111010
21,1.0,01010101110010111010,1.0,01010001110010101110
21,1.0,01010001110010101110,1.0,11010001010010111000
21,1.0,11010001010010111000,1.0,11010001110000111001
21,1.0,11010001110000111001,1.0,11010001110000111001
21,1.0,11010001110000111001,1.0,11011001111000010001
21,1.0,11011001111000010001,1.0,10111001011000010001
21,1.0,10111001011000010001,1.0,11110001010100010000
21,1.0,11110001010100010000,1.0,11110001010100010000
21,1.0,11110001010100010000,1.0,11101011010100010010
21,1.0,11101011010100010010,1.0,11101011010100010010
21,1.0,11101011010100010010,1.0,11101011110100100000
21,1.0,11101011110100100000,1.0,11000111110100101000
21,1.0,11000111110100101000,1.0,11000101110101101000
21,1.0,11000101110101101000,1.0,11101101110100101001
21,1.0,11101101110100101001,1.0,11101101010100011011
21,1.0,11101101010100011011,1.0,11001011010110101010
21,1.0,11001011010110101010,1.0,10000011010101101010
21,1.0,10000011010101101010,1.0,10000111100101100110
21,1.0,10000111100101100110,1.0,10001011110011100101
21,1.0,10001011110011100101,1.0,10001011110011100101
21,1.0,10001011110011100101,1.0,00001011010011101111
21,1.0,00001011010011101111,1.0,01000011110011100101
21,1.0,01000011110011100101,1.0,01101011010001000101
21,1.0,01101011010001000101,1.0,11001011010011000101
21,1.0,11001011010011000101,1.0,11101011010000100111
21,1.0,11101011010000100111,1.0,10101011000001100111
21,1.0,10101011000001100111,1.0,11100011000010010101
21,1.0,11100011000010010101,1.0,01100001010010111111
21,1.0,01100001010010111111,1.0,00100001010001111110
21,1.0,00100001010001111110,1.0,00011001010001011111
21,1.0,00011001010001011111,1.0,00010101110011011001
21,1.0,00010101110011011001,1.0,00111110010011001001
21,1.0,00111110010011001001,1.0,00111010010001011001
21,1.0,00111010010001011001,1.0,10110010010100011000
21,1.0,10110010010100011000,1.0,00111010010101001001
21,1.0,00111010010101001001,1.0,00010010110111101001
21,1.0,00010010110111101001,1.0,11010010010110101011
21,1.0,11010010010110101011,1.0,10010110110110011010
21,1.0,10010110110110011010,1.0,10101010110110111011
21,1.0,10101010110110111011,1.0,10101001010111001010
21,1.0,10101001010111001010,1.0,10001101011101001011
22,3.0,01101011000100001111,1.0,01101011000000011111
22,1.0,01101011000000011111,1.0,01101011000000011111
22,1.0,01101011000000011111,1.0,11101011100000010101
22,1.0,11101011100000010101,1.0,11101001010110010110
22,1.0,11101001010110010110,1.0,11101100110110011100
22,1.0,11101100110110011100,1.0,11001101110100011110
22,1.0,11001101110100011110,1.0,10000010111100011101
22,1.0,10000010111100011101,1.0,10000010111100011101
22,1.0,10000010111100011101,1.0,10001010111100011100
22,1.0,10001010111100011100,1.0,10000010011100111101
22,1.0,10000010011100111101,1.0,11000010110100111111
22,1.0,11000010110100111111,1.0,01010010110000111110
22,1.0,01010010110000111110,1.0,01010010110000111110
22,1.0,01010010110000111110,1.0,01011010100001111010
22,1.0,01011010100001111010,1.0,11011010000001011011
22,1.0,11011010000001011011,1.0,11011010000001011011
22,1.0,11011010000001011011,1.0,01000011000001011110
22,1.0,01000011000001011110,1.0,01000011000001011110
22,1.0,01000011000001011110,1.0,11001011000001011011
22,1.0,11001011000001011011,1.0,11001101000111011010
22,1.0,11001101000111011010,1.0,11001101110110111010
22,1.0,11001101110110111010,1.0,11001101110110111010
22,1.0,11001101110110111010,1.0,11010100110110111011
22,1.0,11010100110110111011,1.0,11010100110110111011
22,1.0,11010100110110111011,1.0,11010000110111110010
22,1.0,11010000110111110010,1.0,11010100111101000001
22,1.0,11010100111101000001,1.0,11010000111100010101
22,1.0,11010000111100010101,1.0,11010100110100011111
22,1.0,11010100110100011111,1.0,11011100110100011110
22,1.0,11011100110100011110,1.0,11011100100110011111
22,1.0,11011100100110011111,1.0,10010110100100011111
22,1.0,10010110100100011111,1.0,10010100101100011110
22,1.0,10010100101100011110,1.0,10001000111101011100
22,1.0,10001000111101011100,1.0,10000000111101011101
22,1.0,10000000111101011101,1.0,10000000011111011100
22,1.0,10000000011111011100,1.0,10100000010101111111
22,1.0,10100000010101111111,1.0,11000101010101011010
22,1.0,11000101010101011010,1.0,11000101010101011010
22,1.0,11000101010101011010,1.0,10001101010111111001
22,1.0,10001101010111111001,1.0,00000101010111111100
22,1.0,00000101010111111100,1.0,00010100010111111100
22,1.0,00010100010111111100,1.0,01010000011110101100
22,1.0,01010000011110101100,1.0,10011000011110101100
22,1.0,10011000011110101100,1.0,10011001011010101001
22,1.0,10011001011010101001,1.0,00010001011010101100
22,1.0,00010001011010101100,1.0,00010011001000001101
22,1.0,00010011001000001101,1.0,00010011001000001101
22,1.0,00010011001000001101,1.0,00010011001000001101
22,1.0,00010011001000001101,1.0,01100011011000000101
22,1.0,01100011011000000101,1.0,01101011011100000011
22,1.0,01101011011100000011,1.0,00100011011110100011
22,1.0,00100011011110100011,1.0,00110001011110100000
22,1.0,00110001011110100000,1.0,10011001011110010010
22,1.0,10011001011110010010,1.0,10010001011110000100
22,1.0,10010001011110000100,1.0,11001001011100001101
22,1.0,11001001011100001101,1.0,10001001011100011111
22,1.0,10001001011100011111,1.0,10010001110000111100
22,1.0,10010001110000111100,1.0,00110001000001111000
22,1.0,00110001000001111000,1.0,00110101000001011011
22,1.0,00110101000001011011,1.0,00110101001000011010
22,1.0,00110101001000011010,1.0,10110101101000010000
22,1.0,10110101101000010000,1.0,10110101101000010000
22,1.0,10110101101000010000,1.0,10110101101000010000
22,1.0,10110101101000010000,1.0,10011001101001010001
22,1.0,10011001101001010001,1.0,10011001001011010000
22,1.0,10011001001011010000,1.0,10011001001011010000
22,1.0,10011001001011010000,1.0,10010001001011010001
22,1.0,10010001001011010001,1.0,10001001001001011101
22,1.0,10001001001001011101,1.0,10001101001011001101
22,1.0,10001101001011001101,1.0,11001000011011101101
22,1.0,11001000011011101101,1.0,11001000011011101101
22,1.0,11001000011011101101,1.0,11001000011011101101
22,1.0,11001000011011101101,1.0,11001000111011110100
22,1.0,11001000111011110100,1.0,11000100011101110100
22,1.0,11000100011101110100,1.0,10001110011001110110
22,1.0,10001110011001110110,1.0,10000110111011100100
22,1.0,10000110111011100100,1.0,11001010110111100101
22,1.0,11001010110111100101,1.0,11000010111110100101
22,1.0,11000010111110100101,1.0,10000111001110100101
22,1.0,10000111001110100101,1.0,10000111011100100100
22,1.0,10000111011100100100,1.0,10000111011100100100
22,1.0,10000111011100100100,1.0,10000111111100000100
22,1.0,10000111111100000100,1.0,11001110111110000111
22,1.0,11001110111110000111,1.0,01000110111101000110
22,1.0,01000110111101000110,1.0,01000110111111100010
22,1.0,01000110111111100010,1.0,01000110111111100010
22,1.0,01000110111111100010,1.0,01000110111111100010
22,1.0,01000110111111100010,1.0,01101110111110100011
22,1.0,01101110111110100011,1.0,01101010110110111010
22,1.0,01101010110110111010,1.0,01100010100011111001
22,1.0,01100010100011111001,1.0,01100011100001110000
22,1.0,01100011100001110000,1.0,11100011000001010001
22,1.0,11100011000001010001,1.0,11100011000001010001
22,1.0,11100011000001010001,1.0,11101011000001010000
22,1.0,11101011000001010000,1.0,11100011000001010001
22,1.0,11100011000001010001,1.0,11101011101000000011
22,1.0,11101011101000000011,1.0,11101011101000000011
22,1.0,11101011101000000011,1.0,11110011100000000010
22,1.0,11110011100000000010,1.0,01110001100100010100
22,1.0,01110001100100010100,1.0,01110001100100010100
22,1.0,01110001100100010100,1.0,01110001000000011101
22,1.0,01110001000000011101,1.0,01110101000000101101
22,1.0,01110101000000101101,1.0,01110101000000101101
22,1.0,01110101000000101101,1.0,01110100001000101111
22,1.0,01110100001000101111,1.0,01110100101000111000
22,1.0,01110100101000111000,1.0,11111100101000110011
22,1.0,11111100101000110011,1.0,11110100001000011001
22,1.0,11110100001000011001,1.0,11111100001000011000
22,1.0,11111100001000011000,1.0,10111001011000010001
22,1.0,10111001011000010001,1.0,10111001011000010001
22,1.0,10111001011000010001,1.0,10111001011000010001
22,1.0,10111001011000010001,1.0,10110001001000110011
22,1.0,10110001001000110011,1.0,10110001001100100011
22,1.0,10110001001100100011,1.0,10011101111100100011
22,1.0,10011101111100100011,1.0,10011101111100100011
22,1.0,10011101111100100011,1.0,10111101010010101000
22,1.0,10111101010010101000,1.0,00110111000010101000
22,1.0,00110111000010101000,1.0,10111111000000001001
22,1.0,10111111000000001001,1.0,10111111000000001001
22,1.0,10111111000000001001,1.0,10110011010000010011
22,1.0,10110011010000010011,1.0,10110010010100011000
22,1.0,10110010010100011000,1.0,11110010010100010011
22,1.0,11110010010100010011,1.0,11111010010100010010
22,1.0,11111010010100010010,1.0,11111000010101010010
22,1.0,11111000010101010010,1.0,11111000010110010110
22,1.0,11111000010110010110,1.0,10110000010110011100
22,1.0,10110000010110011100,1.0,10110000110110110111
22,1.0,10110000110110110111,1.0,10110000110110110111
22,1.0,10110000110110110111,1.0,10110010000110010111
22,1.0,10110010000110010111,1.0,10110001000110010100
22,1.0,10110001000110010100,1.0,10100001110110110111
22,1.0,10100001110110110111,1.0,10110000110110110111
22,1.0,10110000110110110111,1.0,10110010110000110100
22,1.0,10110010110000110100,1.0,10100010110010111101
22,1.0,10100010110010111101,1.0,11001110110010111110
22,1.0,11001110110010111110,1.0,11010100110010111100
22,1.0,11010100110010111100,1.0,11010100110010111100
22,1.0,11010100110010111100,1.0,11010100110100011111
22,1.0,11010100110100011111,1.0,11110100010100001101
22,1.0,11110100010100001101,1.0,11110100001100001001
22,1.0,11110100001100001001,1.0,10111100100101101001
22,1.0,10111100100101101001,1.0,10111100100001111001
22,1.0,10111100100001111001,1.0,10111100100001111001
22,1.0,10111100100001111001,1.0,10111100100001111001
22,1.0,10111100100001111001,1.0,11011100100011111000
22,1.0,11011100100011111000,1.0,11011100100011111000
22,1.0,11011100100011111000,1.0,11000100110011111111
22,1.0,11000100110011111111,1.0,11010100110001111000
22,1.0,11010100110001111000,1.0,10010100110101111010
22,1.0,10010100110101111010,1.0,10011100100101011110
22,1.0,10011100100101011110,1.0,10010100100101011111
22,1.0,10010100100101011111,1.0,10111100100101100111
22,1.0,10111100100101100111,1.0,10111100100101100111
22,1.0,10111100100101100111,1.0,10111100100101101001
22,1.0,10111100100101101001,1.0,10110000010111001011
22,1.0,10110000010111001011,1.0,10101100010111101110
22,1.0,10101100010111101110,1.0,01100100010111101110
22,1.0,01100100010111101110,1.0,01100100110111001110
22,1.0,01100100110111001110,1.0,00100101110111100101
22,1.0,00100101110111100101,1.0,10101100011111000111
22,1.0,10101100011111000111,1.0,10101100011011010111
22,1.0,10101100011011010111,1.0,10101000011101010111
22,1.0,10101000011101010111,1.0,11100000010001111101
22,1.0,11100000010001111101,1.0,11101000010001111100
22,1.0,11101000010001111100,1.0,11100000010001111101
22,1.0,11100000010001111101,1.0,10100001110001110100
22,1.0,10100001110001110100,1.0,10101001011000111010
22,1.0,10101001011000111010,1.0,00101001111010111001
22,1.0,00101001111010111001,1.0,10100001111010101000
22,1.0,10100001111010101000,1.0,10100001111010101000
22,1.0,10100001111010101000,1.0,10100001111010101000
22,1.0,10100001111010101000,1.0,10101001101010011011
22,1.0,10101001101010011011,1.0,10101001101010011011
22,1.0,10101001101010011011,1.0,00100101111011010000
22,1.0,00100101111011010000,1.0,10101001111011000001
22,1.0,10101001111011000001,1.0,11101001110011100011
22,1.0,11101001110011100011,1.0,01101101110111100001
22,1.0,01101101110111100001,1.0,01101101110111100001
22,1.0,01101101110111100001,1.0,01011001110111100000
22,1.0,01011001110111100000,1.0,10011011110100000101
22,1.0,10011011110100000101,1.0,11011011000100000110
22,1.0,11011011000100000110,1.0,01011011001000000111
22,1.0,01011011001000000111,1.0,01011011001000000111
22,1.0,01011011001000000111,1.0,01011011001000000111
22,1.0,01011011001000000111,1.0,11100011001100000000
22,1.0,11100011001100000000,1.0,11100110110101100000
22,1.0,11100110110101100000,1.0,11100010010100101101
22,1.0,11100010010100101101,1.0,11101010010100101100
22,1.0,11101010010100101100,1.0,10110110000100001101
22,1.0,10110110000100001101,1.0,10110111100100000001
22,1.0,10110111100100000001,1.0,10111111000000001001
22,1.0,10111111000000001001,1.0,10111111000000000111
22,1.0,10111111000000000111,1.0,10111011000000100100
22,1.0,10111011000000100100,1.0,11111011000000100001
22,1.0,11111011000000100001,1.0,11101011010000101001
22,1.0,11101011010000101001,1.0,10101011010000111011
22,1.0,10101011010000111011,1.0,10101110110000111111
23,3.0,01110000101000101100,3.0,01110100101010101011
23,3.0,01110100101010101011,3.0,00110100101010101110
23,3.0,00110100101010101110,3.0,10111100101010101011
23,3.0,10111100101010101011,3.0,10111100101010101011
23,3.0,10111100101010101011,3.0,10101010101000101111
23,3.0,10101010101000101111,3.0,10000010111001001101
23,3.0,10000010111001001101,1.0,10000110110101101110
23,1.0,10000110110101101110,1.0,10001110110111001101
23,1.0,10001110110111001101,1.0,11001110000111001110
23,1.0,11001110000111001110,1.0,11001010001111000100
23,1.0,11001010001111000100,1.0,11001010001111000100
23,1.0,11001010001111000100,1.0,11001010001111000100
23,1.0,11001010001111000100,1.0,11001010001111000100
23,1.0,11001010001111000100,1.0,01000010101101010111
23,1.0,01000010101101010111,1.0,01001010011101010101
23,1.0,01001010011101010101,1.0,01001010011101010101
23,1.0,01001010011101010101,1.0,01101110010101010100
23,1.0,01101110010101010100,1.0,01101110000111010101
23,1.0,01101110000111010101,1.0,01000110110111110100
23,1.0,01000110110111110100,1.0,01000110110111110100
23,1.0,01000110110111110100,1.0,01000110110111110100
23,1.0,01000110110111110100,1.0,11000011110110110010
23,1.0,11000011110110110010,1.0,01100111110010110010
23,1.0,01100111110010110010,1.0,11100111010010010011
23,1.0,11100111010010010011,1.0,11100111010010010011
23,1.0,11100111010010010011,1.0,11101111010010010010
23,1.0,11101111010010010010,1.0,11101111010010010010
23,1.0,11101111010010010010,1.0,11101111010010010010
23,1.0,11101111010010010010,1.0,00100111110011010001
23,1.0,00100111110011010001,1.0,00100111100001011000
23,1.0,00100111100001011000,1.0,00101011100101001010
23,1.0,00101011100101001010,1.0,00101011100110001110
23,1.0,00101011100110001110,1.0,01101111110100000101
23,1.0,01101111110100000101,1.0,11100011110100100001
23,1.0,11100011110100100001,1.0,11100101101100010000
23,1.0,11100101101100010000,1.0,10110101101000010000
23,1.0,10110101101000010000,1.0,10110001101000000100
23,1.0,10110001101000000100,1.0,11110001001000100001
23,1.0,11110001001000100001,1.0,11110001001000100001
23,1.0,11110001001000100001,1.0,11110001101000000001
23,1.0,11110001101000000001,1.0,11111001101000000000
23,1.0,11111001101000000000,1.0,01111001001000001010
23,1.0,01111001001000001010,1.0,01111001001000001010
23,1.0,01111001001000001010,1.0,01110001001000001011
23,1.0,01110001001000001011,1.0,01110001001000001011
23,1.0,01110001001000001011,1.0,01111101001000000101
23,1.0,01111101001000000101,1.0,01111101001000000101
23,1.0,01111101001000000101,1.0,01111111000000000110
23,1.0,01111111000000000110,1.0,01110111000000000111
23,1.0,01110111000000000111,1.0,01110011000000100100
23,1.0,01110011000000100100,1.0,01101111000000101111
23,1.0,01101111000000101111,1.0,01101011000000011111
23,1.0,01101011000000011111,1.0,01101011000000011111
23,1.0,01101011000000011111,1.0,01000011100010111111
23,1.0,01000011100010111111,1.0,01010011100000111000
23,1.0,01010011100000111000,1.0,00011111000000111101
23,1.0,00011111000000111101,1.0,00010111100010111010
23,1.0,00010111100010111010,1.0,00010111100010111010
23,1.0,00010111100010111010,1.0,10100111100000111010
23,1.0,10100111100000111010,1.0,10110101100010101010
23,1.0,10110101100010101010,1.0,10110101100010101010
23,1.0,10110101100010101010,1.0,10111101110010001000
23,1.0,10111101110010001000,1.0,10110110010110001000
23,1.0,10110110010110001000,1.0,10111111000000001001
23,1.0,10111111000000001001,1.0,10000111000001101111
23,1.0,10000111000001101111,1.0,10000111000001101111
23,1.0,10000111000001101111,1.0,10011110000001101110
23,1.0,10011110000001101110,1.0,10010110010001110101
23,1.0,10010110010001110101,1.0,10001110001011110111
23,1.0,10001110001011110111,1.0,10001010001110111101
23,1.0,10001010001110111101,1.0,00000010001101111100
23,1.0,00000010001101111100,1.0,10001010001101111001
23,1.0,10001010001101111001,1.0,10100000001101111011
23,1.0,10100000001101111011,1.0,10100000001110111111
23,1.0,10100000001110111111,1.0,10110110001010010010
23,1.0,10110110001010010010,1.0,10110100001011010010
23,1.0,10110100001011010010,1.0,10110000000111011001
23,1.0,10110000000111011001,1.0,10110000010101011000
23,1.0,10110000010101011000,1.0,10110000110101110011
23,1.0,10110000110101110011,1.0,11100000110101110100
23,1.0,11100000110101110100,1.0,11101100110111110010
23,1.0,11101100110111110010,1.0,11100100110011110100
23,1.0,11100100110011110100,1.0,11000000111011110101
23,1.0,11000000111011110101,1.0,11000000111011110101
23,1.0,11000000111011110101,1.0,11001100111011010111
23,1.0,11001100111011010111,1.0,11000101111010010101
23,1.0,11000101111010010101,1.0,01010001101010010101
23,1.0,01010001101010010101,1.0,01010001101010010101
23,1.0,01010001101010010101,1.0,01010001101010010101
23,1.0,01010001101010010101,1.0,01011011101000010000
23,1.0,01011011101000010000,1.0,01010011101000010001
23,1.0,01010011101000010001,1.0,01011011001000001001
23,1.0,01011011001000001001,1.0,00010111011000001011
23,1.0,00010111011000001011,1.0,00010011001000001101
23,1.0,00010011001000001101,1.0,00010011001000001101
23,1.0,00010011001000001101,1.0,01011110101000001101
23,1.0,01011110101000001101,1.0,01010110001001001001
23,1.0,01010110001001001001,1.0,01010110001001001001
23,1.0,01010110001001001001,1.0,00011110001101001010
23,1.0,00011110001101001010,1.0,00010100101111011000
23,1.0,00010100101111011000,1.0,00011101101100001100
23,1.0,00011101101100001100,1.0,00010101001110001100
23,1.0,00010101001110001100,1.0,00011101001100111011
23,1.0,00011101001100111011,1.0,00011101001100111011
23,1.0,00011101001100111011,1.0,00011101001000111100
23,1.0,00011101001000111100,1.0,00011101011000101110
23,1.0,00011101011000101110,1.0,00011001011100110101
23,1.0,00011001011100110101,1.0,00110100011100110111
23,1.0,00110100011100110111,1.0,00111100001110110111
23,1.0,00111100001110110111,1.0,10111100111110100001
23,1.0,10111100111110100001,1.0,01110100110100111011
23,1.0,01110100110100111011,1.0,01111100110100111010
23,1.0,01111100110100111010,1.0,10010100110101111010
23,1.0,10010100110101111010,1.0,10100100110111111000
23,1.0,10100100110111111000,1.0,10100100110111111000
23,1.0,10100100110111111000,1.0,11101100100111011001
23,1.0,11101100100111011001,1.0,11101110100110011001
23,1.0,11101110100110011001,1.0,11101110100110011001
23,1.0,11101110100110011001,1.0,10100010001110011011
23,1.0,10100010001110011011,1.0,10101010001110011010
23,1.0,10101010001110011010,1.0,10100011001100010010
23,1.0,10100011001100010010,1.0,10100011001100010010
23,1.0,10100011001100010010,1.0,10100011001100010010
23,1.0,10100011001100010010,1.0,10110011010000010011
23,1.0,10110011010000010011,1.0,11111110110000010011
23,1.0,11111110110000010011,1.0,11111010010100010010
23,1.0,11111010010100010010,1.0,10011110011100110010
23,1.0,10011110011100110010,1.0,10011110010110110111
23,1.0,10011110010110110111,1.0,10000101110110111110
23,1.0,10000101110110111110,1.0,10000101110110111110
23,1.0,10000101110110111110,1.0,10010100110110111110
23,1.0,10010100110110111110,1.0,10010100110110111110
23,1.0,10010100110110111110,1.0,10011000111100101101
23,1.0,10011000111100101101,1.0,10011000011110101100
23,1.0,10011000011110101100,1.0,10111001000110100111
23,1.0,10111001000110100111,1.0,10111001000110100111
23,1.0,10111001000110100111,1.0,11111000000101100100
23,1.0,11111000000101100100,1.0,11111010000101000000
23,1.0,11111010000101000000,1.0,11100011000101000001
23,1.0,11100011000101000001,1.0,11100011000101000001
23,1.0,11100011000101000001,1.0,10100011100101100001
23,1.0,10100011100101100001,1.0,10101101100101101001
23,1.0,10101101100101101001,1.0,10101101100101101001
23,1.0,10101101100101101001,1.0,10100101010101101000
23,1.0,10100101010101101000,1.0,10100100011101101010
23,1.0,10100100011101101010,1.0,10101100011111001001
23,1.0,10101100011111001001,1.0,10101100001111101010
23,1.0,10101100001111101010,1.0,10101100101111001010
23,1.0,10101100101111001010,1.0,10101100001111101010
23,1.0,10101100001111101010,1.0,00011100101011101100
23,1.0,00011100101011101100,1.0,00011110101001101000
23,1.0,00011110101001101000,1.0,01011100101011101001
23,1.0,01011100101011101001,1.0,01011110101001100011
23,1.0,01011110101001100011,1.0,01011110101001100011
23,1.0,01011110101001100011,1.0,01010110001001000111
23,1.0,01010110001001000111,1.0,01010110000001101110
23,1.0,01010110000001101110,1.0,01010110000100111110
23,1.0,01010110000100111110,1.0,01011010001100001100
23,1.0,01011010001100001100,1.0,01010010001100001101
23,1.0,01010010001100001101,1.0,01000010111100011100
23,1.0,01000010111100011100,1.0,01001010111000111111
23,1.0,01001010111000111111,1.0,01001010111000111111
23,1.0,01001010111000111111,1.0,11000000111100111110
23,1.0,11000000111100111110,1.0,11010000101100110110
23,1.0,11010000101100110110,1.0,10110100101100100111
23,1.0,10110100101100100111,1.0,10111100111110100001
23,1.0,10111100111110100001,1.0,10110000111100001011
23,1.0,10110000111100001011,1.0,00110010101110010001
23,1.0,00110010101110010001,1.0,00111010101110010000
23,1.0,00111010101110010000,1.0,00010011101100010011
23,1.0,00010011101100010011,1.0,10011011101100000001
23,1.0,10011011101100000001,1.0,10011011101100000001
23,1.0,10011011101100000001,1.0,10011011101100000001
23,1.0,10011011101100000001,1.0,11010011100100010000
23,1.0,11010011100100010000,1.0,11001011100110011000
23,1.0,11001011100110011000,1.0,11000111101010010010
23,1.0,11000111101010010010,1.0,01101011001001000001
23,1.0,01101011001001000001,1.0,01101011001001000001
23,1.0,01101011001001000001,1.0,00111011001100000000
23,1.0,00111011001100000000,1.0,00100011001100101010
23,1.0,00100011001100101010,1.0,00100011001100101010
23,1.0,00100011001100101010,1.0,10101011010100101011
23,1.0,10101011010100101011,1.0,00100011001100101010
23,1.0,00100011001100101010,1.0,00100011011100001001
23,1.0,00100011011100001001,1.0,00101011001110001001
23,1.0,00101011001110001001,1.0,00101011001110001001
23,1.0,00101011001110001001,1.0,10100111001110000010
23,1.0,10100111001110000010,1.0,10000011011110000111
23,1.0,10000011011110000111,1.0,11000101111110000101
23,1.0,11000101111110000101,1.0,11000101100111100111
23,1.0,11000101100111100111,1.0,10010100100111101100
23,1.0,10010100100111101100,1.0,10011101100100101111
23,1.0,10011101100100101111,1.0,11110100000100101110
23,1.0,11110100000100101110,1.0,10111110000100001100
23,1.0,10111110000100001100,1.0,10010011000100001100
24,1.0,11001110111010011001,1.0,11001110111010011001
24,1.0,11001110111010011001,1.0,10001110111110011011
24,1.0,10001110111110011011,1.0,10000111110110011010
24,1.0,10000111110110011010,1.0,10000111110110011010
24,1.0,10000111110110011010,1.0,10000111110110011010
24,1.0,10000111110110011010,1.0,11001101110110111010
24,1.0,11001101110110111010,1.0,11001101100110011111
24,1.0,11001101100110011111,1.0,11001101100110011111
24,1.0,11001101100110011111,1.0,11001101100110011111
24,1.0,11001101100110011111,1.0,11011100100110011111
24,1.0,11011100100110011111,1.0,11011100100011111000
24,1.0,11011100100011111000,1.0,11010100101010111000
24,1.0,11010100101010111000,1.0,11010100001001101011
24,1.0,11010100001001101011,1.0,11010010001010101000
24,1.0,11010010001010101000,1.0,11000010101011001011
24,1.0,11000010101011001011,1.0,00011010101011001011
24,1.0,00011010101011001011,1.0,01101010101001001010
24,1.0,01101010101001001010,1.0,01101010101001001010
24,1.0,01101010101001001010,1.0,11101100001001011011
24,1.0,11101100001001011011,1.0,11101101001000011000
24,1.0,11101101001000011000,1.0,11100001001001010000
24,1.0,11100001001001010000,1.0,11101001001011000010
24,1.0,11101001001011000010,1.0,01100001101011100010
24,1.0,01100001101011100010,1.0,11101100101011001000
24,1.0,11101100101011001000,1.0,11100100101011001001
24,1.0,11100100101011001001,1.0,11100100001011101001
24,1.0,11100100001011101001,1.0,10100110001001101000
24,1.0,10100110001001101000,1.0,10100010001001011000
24,1.0,10100010001001011000,1.0,11101010010001011000
24,1.0,11101010010001011000,1.0,11100010010001011001
24,1.0,11100010010001011001,1.0,11001011000001011011
24,1.0,11001011000001011011,1.0,01000011000001011110
24,1.0,01000011000001011110,1.0,01000011000001011110
24,1.0,01000011000001011110,1.0,11001011000001011011
24,1.0,11001011000001011011,1.0,11000110000111111000
24,1.0,11000110000111111000,1.0,00000110001111111011
24,1.0,00000110001111111011,1.0,00000111000111111001
24,1.0,00000111000111111001,1.0,00000111000111111001
24,1.0,00000111000111111001,1.0,00010110000111111001
24,1.0,00010110000111111001,1.0,00011110001111010001
24,1.0,00011110001111010001,1.0,00010110011101010001
24,1.0,00010110011101010001,1.0,00011110111100010101
24,1.0,00011110111100010101,1.0,00011110101000011111
24,1.0,00011110101000011111,1.0,00011101101000011100
24,1.0,00011101101000011100,1.0,00011101101100001100
24,1.0,00011101101100001100,1.0,00011110101100001111
24,1.0,00011110101100001111,1.0,10011110001100010111
24,1.0,10011110001100010111,1.0,10001111001100010111
24,1.0,10001111001100010111,1.0,10001111001100010111
24,1.0,10001111001100010111,1.0,10001111001100010111
24,1.0,10001111001100010111,1.0,10001011011001010010
24,1.0,10001011011001010010,1.0,10000011011001010011
24,1.0,10000011011001010011,1.0,10001011011010011000
24,1.0,10001011011010011000,1.0,10101011010000111011
24,1.0,10101011010000111011,1.0,00101011011000011000
24,1.0,00101011011000011000,1.0,10100101001000011100
24,1.0,10100101001000011100,1.0,10100101001100001100
24,1.0,10100101001100001100,1.0,01100111000100001100
24,1.0,01100111000100001100,1.0,01101110110100101110
24,1.0,01101110110100101110,1.0,01100101110100101100
24,1.0,01100101110100101100,1.0,01100101110100101100
24,1.0,01100101110100101100,1.0,01100101100101101001
24,1.0,01100101100101101001,1.0,01111100100101101000
24,1.0,01111100100101101000,1.0,01110100100101101001
24,1.0,01110100100101101001,1.0,01111000100111001011
24,1.0,01111000100111001011,1.0,01111000100111001011
24,1.0,01111000100111001011,1.0,01111000100111001011
24,1.0,01111000100111001011,1.0,11101000100111001101
24,1.0,11101000100111001101,1.0,10101100010111101110
24,1.0,10101100010111101110,1.0,00101110110111100111
24,1.0,00101110110111100111,1.0,00101101110111100100
24,1.0,00101101110111100100,1.0,01101101110111100001
24,1.0,01101101110111100001,1.0,01101110110011100101
24,1.0,01101110110011100101,1.0,01000011110011100101
24,1.0,01000011110011100101,1.0,01010110010001110100
24,1.0,01010110010001110100,1.0,01011110010101110010
24,1.0,01011110010101110010,1.0,01010010010111110000
24,1.0,01010010010111110000,1.0,01010010010111110000
24,1.0,01010010010111110000,1.0,01010010010111110000
24,1.0,01010010010111110000,1.0,01110110000011010010
24,1.0,01110110000011010010,1.0,01011010001011010010
24,1.0,01011010001011010010,1.0,00011010111011010001
24,1.0,00011010111011010001,1.0,00011110001111010001
24,1.0,00011110001111010001,1.0,00001110001111111010
24,1.0,00001110001111111010,1.0,00001110001111111010
24,1.0,00001110001111111010,1.0,11000000001111111010
24,1.0,11000000001111111010,1.0,11001000011111011000
24,1.0,11001000011111011000,1.0,11001000011111011000
24,1.0,11001000011111011000,1.0,01000100111111011011
24,1.0,01000100111111011011,1.0,01000100111011011100
24,1.0,01000100111011011100,1.0,01000110101011011001
24,1.0,01000110101011011001,1.0,01100110101000111011
24,1.0,01100110101000111011,1.0,01100110101100101011
24,1.0,01100110101100101011,1.0,01101010101001001010
24,1.0,01101010101001001010,1.0,01110010101000001000
24,1.0,01110010101000001000,1.0,01110000101001001000
24,1.0,01110000101001001000,1.0,00110100101011001010
24,1.0,00110100101011001010,1.0,00110110101010001010
24,1.0,00110110101010001010,1.0,00110110101010001010
24,1.0,00110110101010001010,1.0,00111110100011001010
24,1.0,00111110100011001010,1.0,00110110101010001010
24,1.0,00110110101010001010,1.0,00110100101011001010
24,1.0,00110100101011001010,1.0,01111000100011011011
24,1.0,01111000100011011011,1.0,01110100110011001011
24,1.0,01110100110011001011,1.0,01111101100011000010
24,1.0,01111101100011000010,1.0,10111101100011000011
24,1.0,10111101100011000011,1.0,10111101100011000011
24,1.0,10111101100011000011,1.0,10111101100011000011
24,1.0,10111101100011000011,1.0,10111101100011000011
24,1.0,10111101100011000011,1.0,10111001100101000011
24,1.0,10111001100101000011,1.0,10110001110100000111
24,1.0,10110001110100000111,1.0,11111001110100000011
24,1.0,11111001110100000011,1.0,11111101110010000011
24,1.0,11111101110010000011,1.0,11111101110010000011
24,1.0,11111101110010000011,1.0,10110101110010001001
24,1.0,10110101110010001001,1.0,10110001101000000100
24,1.0,10110001101000000100,1.0,10110001001000100100
24,1.0,10110001001000100100,1.0,00110001001000001110
24,1.0,00110001001000001110,1.0,00110001001000001110
24,1.0,00110001001000001110,1.0,00110001011100000100
24,1.0,00110001011100000100,1.0,01111100111100000100
24,1.0,01111100111100000100,1.0,01011101101100000111
24,1.0,01011101101100000111,1.0,01111101001000000101
24,1.0,01111101001000000101,1.0,01110100101000001111
24,1.0,01110100101000001111,1.0,11111100000001011001
24,1.0,11111100000001011001,1.0,01011010110001011001
24,1.0,01011010110001011001,1.0,01010000111000111101
24,1.0,01010000111000111101,1.0,01001010111000111111
24,1.0,01001010111000111111,1.0,01001001111000111100
24,1.0,01001001111000111100,1.0,01100101110000111100
24,1.0,01100101110000111100,1.0,01100001111000011010
24,1.0,01100001111000011010,1.0,01100001101010001100
24,1.0,01100001101010001100,1.0,01111000101010011010
24,1.0,01111000101010011010,1.0,01111000100011011011
24,1.0,01111000100011011011,1.0,01111000110001011010
24,1.0,01111000110001011010,1.0,00111100110101011001
24,1.0,00111100110101011001,1.0,01111000110111010001
24,1.0,01111000110111010001,1.0,01110010110100110010
24,1.0,01110010110100110010,1.0,11111110000100110000
24,1.0,11111110000100110000,1.0,11100110001100110011
24,1.0,11100110001100110011,1.0,11100110001100110011
24,1.0,11100110001100110011,1.0,01001110001100111111
24,1.0,01001110001100111111,1.0,11000010001100011110
24,1.0,11000010001100011110,1.0,10001010011100111100
24,1.0,10001010011100111100,1.0,10100000011100111110
24,1.0,10100000011100111110,1.0,10101000101100111111
24,1.0,10101000101100111111,1.0,11101000001100011111
24,1.0,11101000001100011111,1.0,11101000001100011111
24,1.0,11101000001100011111,1.0,01011000011100011110
24,1.0,01011000011100011110,1.0,01011000011100011110
24,1.0,01011000011100011110,1.0,01011001011000011011
24,1.0,01011001011000011011,1.0,01111001011000010000
24,1.0,01111001011000010000,1.0,01101001011010011001
24,1.0,01101001011010011001,1.0,00011001011000011110
24,1.0,00011001011000011110,1.0,00111001111000000111
24,1.0,00111001111000000111,1.0,10110001101000000100
24,1.0,10110001101000000100,1.0,10111011000000100100
24,1.0,10111011000000100100,1.0,10111010100010110100
24,1.0,10111010100010110100,1.0,10111010100010110100
24,1.0,10111010100010110100,1.0,10111010100010110100
24,1.0,10111010100010110100,1.0,10110010100010110101
24,1.0,10110010100010110101,1.0,00110010100110110110
24,1.0,00110010100110110110,1.0,01110010100010110100
24,1.0,01110010100010110100,1.0,01111000001010111010
24,1.0,01111000001010111010,1.0,01011000101010111101
24,1.0,01011000101010111101,1.0,00010100111010111111
24,1.0,00010100111010111111,1.0,00010100111010111111
24,1.0,00010100111010111111,1.0,00010100111010111111
24,1.0,00010100111010111111,1.0,00011100111010111110
24,1.0,00011100111010111110,1.0,00011100111001111010
24,1.0,00011100111001111010,1.0,00101100111011111000
24,1.0,00101100111011111000,1.0,00100100111011111001
24,1.0,00100100111011111001,1.0,00010100111001111011
24,1.0,00010100111001111011,1.0,00110000011001011001
24,1.0,00110000011001011001,1.0,00110000011001011001
24,1.0,00110000011001011001,1.0,00110000101001011010
24,1.0,00110000101001011010,1.0,00111001100001101011
24,1.0,00111001100001101011,1.0,00110001100101001000
24,1.0,00110001100101001000,1.0,00110001100101001000
24,1.0,00110001100101001000,1.0,00110110100100101100
24,1.0,00110110100100101100,1.0,00011110100110111101
24,1.0,00011110100110111101,1.0,00011100110111101111
24,1.0,00011100110111101111,1.0,00011100110111101111
24,1.0,00011100110111101111,1.0,00011100110111101111
24,1.0,00011100110111101111,1.0,00011100110111101111
24,1.0,00011100110111101111,1.0,10010000110111001110
24,1.0,10010000110111001110,1.0,10110100010011010110
24,1.0,10110100010011010110,1.0,10111000000111010110
24,1.0,10111000000111010110,1.0,10110001000110010100
24,1.0,10110001000110010100,1.0,11011011000000010110
24,1.0,11011011000000010110,1.0,11010111001000000010
24,1.0,11010111001000000010,1.0,01011101101000010111
24,1.0,01011101101000010111,1.0,11010001001000010110
24,1.0,11010001001000010110,1.0,11010000111100010101
24,1.0,11010000111100010101,1.0,11010000111100010101
24,1.0,11010000111100010101,1.0,11011001111000010001
24,1.0,11011001111000010001,1.0,11011001111000010001
24,1.0,11011001111000010001,1.0,11010001011010010001
24,1.0,11010001011010010001,1.0,11011001010011010001
24,1.0,11011001010011010001,1.0,10010101000011011011
24,1.0,10010101000011011011,1.0,10010001000011111000
24,1.0,10010001000011111000,1.0,10010000001011111010
24,1.0,10010000001011111010,1.0,10010000101011011010
24,1.0,10010000101011011010,1.0,00011110110011011011
24,1.0,00011110110011011011,1.0,00011110110011011011
24,1.0,00011110110011011011,1.0,00010111110010011001
24,1.0,00010111110010011001,1.0,01011001110110011001
25,13.0,10010000001110111100,3.0,10010000101010111111
25,3.0,10010000101010111111,3.0,01010000101010111110
25,3.0,01010000101010111110,3.0,01001010111010011111
25,3.0,01001010111010011111,3.0,01100110101010011011
25,3.0,01100110101010011011,1.0,01100110001000011110
25,1.0,01100110001000011110,1.0,11101110010000011111
25,1.0,11101110010000011111,1.0,11001010100001111100
25,1.0,11001010100001111100,1.0,10011010000001011110
25,1.0,10011010000001011110,1.0,00111010000001111010
25,1.0,00111010000001111010,1.0,00111010000001111010
25,1.0,00111010000001111010,1.0,00111010010101110000
25,1.0,00111010010101110000,1.0,00111010110101010000
25,1.0,00111010110101010000,1.0,00011010101001010110
25,1.0,00011010101001010110,1.0,00010001101001010100
25,1.0,00010001101001010100,1.0,01010001111000010100
25,1.0,01010001111000010100,1.0,01010001111000010100
25,1.0,01010001111000010100,1.0,01010001111000010100
25,1.0,01010001111000010100,1.0,01010100111110010110
25,1.0,01010100111110010110,1.0,11010000111100010101
25,1.0,11010000111100010101,1.0,11010100110100011111
25,1.0,11010100110100011111,1.0,11010100110100011111
25,1.0,11010100110100011111,1.0,11010100110110111011
25,1.0,11010100110110111011,1.0,11010100110110111011
25,1.0,11010100110110111011,1.0,11010100110110111011
25,1.0,11010100110110111011,1.0,11010100110010111100
25,1.0,11010100110010111100,1.0,11011001000010011100
25,1.0,11011001000010011100,1.0,10011001000110011110
25,1.0,10011001000110011110,1.0,10011111000010011010
25,1.0,10011111000010011010,1.0,10010111010000011010
25,1.0,10010111010000011010,1.0,10010111010000011010
25,1.0,10010111010000011010,1.0,00011111110010011000
25,1.0,00011111110010011000,1.0,00011111100011010011
25,1.0,00011111100011010011,1.0,00010111000111010000
25,1.0,00010111000111010000,1.0,10010111000010011011
25,1.0,10010111000010011011,1.0,10010111000010011011
25,1.0,10010111000010011011,1.0,10010111000010011011
25,1.0,10010111000010011011,1.0,10010101001010011010
25,1.0,10010101001010011010,1.0,10011001001111000000
25,1.0,10011001001111000000,1.0,00111101001011000000
25,1.0,00111101001011000000,1.0,00011001011011000101
25,1.0,00011001011011000101,1.0,00011001001011100110
25,1.0,00011001001011100110,1.0,00011001011011000101
25,1.0,00011001011011000101,1.0,10011101001001000100
25,1.0,10011101001001000100,1.0,00011011011001000001
25,1.0,00011011011001000001,1.0,00011011011001000001
25,1.0,00011011011001000001,1.0,00101011001001000100
25,1.0,00101011001001000100,1.0,00100110001101010100
25,1.0,00100110001101010100,1.0,10101110001101010001
25,1.0,10101110001101010001,1.0,10101110001101010001
25,1.0,10101110001101010001,1.0,10000110101111110001
25,1.0,10000110101111110001,1.0,10001110101111001001
25,1.0,10001110101111001001,1.0,00001110101111011010
25,1.0,00001110101111011010,1.0,01010100100111111010
25,1.0,01010100100111111010,1.0,01111100100001111000
25,1.0,01111100100001111000,1.0,01111001100000111001
25,1.0,01111001100000111001,1.0,01110100101000111000
25,1.0,01110100101000111000,1.0,01110100101000111000
25,1.0,01110100101000111000,1.0,01011000101001111001
25,1.0,01011000101001111001,1.0,01001001101001111001
25,1.0,01001001101001111001,1.0,01100100101001111011
25,1.0,01100100101001111011,1.0,01100100101001111011
25,1.0,01100100101001111011,1.0,01000110001011111001
25,1.0,01000110001011111001,1.0,01100110101000111011
25,1.0,01100110101000111011,1.0,01010010101000111010
25,1.0,01010010101000111010,1.0,01011110101100110011
25,1.0,01011110101100110011,1.0,01011110101100110011
25,1.0,01011110101100110011,1.0,01001111010101110010
25,1.0,01001111010101110010,1.0,01000111011100110010
25,1.0,01000111011100110010,1.0,01001011110011110011
25,1.0,01001011110011110011,1.0,11101101010011010010
25,1.0,11101101010011010010,1.0,11111100010011010010
25,1.0,11111100010011010010,1.0,11110100010011010011
25,1.0,11110100010011010011,1.0,11110100010011010011
25,1.0,11110100010011010011,1.0,11110100010011010011
25,1.0,11110100010011010011,1.0,11111000000011010100
25,1.0,11111000000011010100,1.0,11110000000001001110
25,1.0,11110000000001001110,1.0,11110000000001001110
25,1.0,11110000000001001110,1.0,01111010000001100110
25,1.0,01111010000001100110,1.0,01111010000001101000
25,1.0,01111010000001101000,1.0,01110010001000101000
25,1.0,01110010001000101000,1.0,01111111000000001000
25,1.0,01111111000000001000,1.0,01111111000000001000
25,1.0,01111111000000001000,1.0,01101011100001001000
25,1.0,01101011100001001000,1.0,00100001101001011010
25,1.0,00100001101001011010,1.0,00101010011001011011
25,1.0,00101010011001011011,1.0,00100001101001011010
25,1.0,00100001101001011010,1.0,10101110001101010001
25,1.0,10101110001101010001,1.0,10100010001001011000
25,1.0,10100010001001011000,1.0,00101010011001011011
25,1.0,00101010011001011011,1.0,00101011010001011001
25,1.0,00101011010001011001,1.0,00101011000001111010
25,1.0,00101011000001111010,1.0,11100111000000011010
25,1.0,11100111000000011010,1.0,10100110101100011000
25,1.0,10100110101100011000,1.0,00101110111100011011
25,1.0,00101110111100011011,1.0,00101110111110101000
25,1.0,00101110111110101000,1.0,00100111100100101100
25,1.0,00100111100100101100,1.0,00100111100100101100
25,1.0,00100111100100101100,1.0,00100001011100101101
25,1.0,00100001011100101101,1.0,00101001011100101100
25,1.0,00101001011100101100,1.0,00101001011100101100
25,1.0,00101001011100101100,1.0,01101001011100101001
25,1.0,01101001011100101001,1.0,10101101110100111011
25,1.0,10101101110100111011,1.0,10101101110100111011
25,1.0,10101101110100111011,1.0,10101101110100111011
25,1.0,10101101110100111011,1.0,10111100110100111011
25,1.0,10111100110100111011,1.0,11011100110110111010
25,1.0,11011100110110111010,1.0,01010101110010111010
25,1.0,01010101110010111010,1.0,01100101111010001010
25,1.0,01100101111010001010,1.0,11100100111010001100
25,1.0,11100100111010001100,1.0,11000110011011000100
25,1.0,11000110011011000100,1.0,11001110101011000101
25,1.0,11001110101011000101,1.0,01000110101111000111
25,1.0,01000110101111000111,1.0,01000110101111000111
25,1.0,01000110101111000111,1.0,01001110101111000110
25,1.0,01001110101111000110,1.0,11001000111111100100
25,1.0,11001000111111100100,1.0,11000100011101110100
25,1.0,11000100011101110100,1.0,11001100001111110100
25,1.0,11001100001111110100,1.0,11001100101101110101
25,1.0,11001100101101110101,1.0,11000001101100110110
25,1.0,11000001101100110110,1.0,11000001101100110110
25,1.0,11000001101100110110,1.0,01000111101000110101
25,1.0,01000111101000110101,1.0,01001101111000011111
25,1.0,01001101111000011111,1.0,01000001111000111101
25,1.0,01000001111000111101,1.0,01001001111000111100
25,1.0,01001001111000111100,1.0,01000001011100011111
25,1.0,01000001011100011111,1.0,00010001011000011111
25,1.0,00010001011000011111,1.0,00011001011000011110
25,1.0,00011001011000011110,1.0,00011001011000011110
25,1.0,00011001011000011110,1.0,00011001010001011111
25,1.0,00011001010001011111,1.0,00010001010111011000
25,1.0,00010001010111011000,1.0,10011101101100110001
25,1.0,10011101101100110001,1.0,10110001100100010101
25,1.0,10110001100100010101,1.0,10010101100100011100
25,1.0,10010101100100011100,1.0,10010001110100111011
25,1.0,10010001110100111011,1.0,10010101010100101110
25,1.0,10010101010100101110,1.0,10110001010100100111
25,1.0,10110001010100100111,1.0,11111001010000100100
25,1.0,11111001010000100100,1.0,11101011010000100111
25,1.0,11101011010000100111,1.0,11101011010000100111
25,1.0,11101011010000100111,1.0,01101011000001100110
25,1.0,01101011000001100110,1.0,00101011101001100001
25,1.0,00101011101001100001,1.0,00000011101111100011
25,1.0,00000011101111100011,1.0,11011001000111100010
25,1.0,11011001000111100010,1.0,10010011000101100010
25,1.0,10010011000101100010,1.0,10010011000101100010
25,1.0,10010011000101100010,1.0,11010001010101100010
25,1.0,11010001010101100010,1.0,10011001011001100011
25,1.0,10011001011001100011,1.0,00011101110101100110
25,1.0,00011101110101100110,1.0,01011101100100101110
25,1.0,01011101100100101110,1.0,01010101000110101110
25,1.0,01010101000110101110,1.0,00010101001110001100
25,1.0,00010101001110001100,1.0,00011101101100001100
25,1.0,00011101101100001100,1.0,00010011001000001101
25,1.0,00010011001000001101,1.0,00011011001000001100
25,1.0,00011011001000001100,1.0,00010111011000001011
25,1.0,00010111011000001011,1.0,00010111011000001011
25,1.0,00010111011000001011,1.0,00011111011000001010
25,1.0,00011111011000001010,1.0,00010111011000001011
25,1.0,00010111011000001011,1.0,00011011011001000001
25,1.0,00011011011001000001,1.0,00011011011001000001
25,1.0,00011011011001000001,1.0,00101011001101000011
25,1.0,00101011001101000011,1.0,10001011011101000010
25,1.0,10001011011101000010,1.0,10000011011011100000
25,1.0,10000011011011100000,1.0,10000011011001010011
25,1.0,10000011011001010011,1.0,10000111001001110001
25,1.0,10000111001001110001,1.0,10001111001001110000
25,1.0,10001111001001110000,1.0,10001111001001001001
25,1.0,10001111001001001001,1.0,00001111001101001010
25,1.0,00001111001101001010,1.0,00011101100101001101
25,1.0,00011101100101001101,1.0,00011111100100001101
25,1.0,00011111100100001101,1.0,00011111100100001101
25,1.0,00011111100100001101,1.0,00011111100100110100
25,1.0,00011111100100110100,1.0,01010011100100100110
25,1.0,01010011100100100110,1.0,01010011000000101111
25,1.0,01010011000000101111,1.0,00010011001000001101
25,1.0,00010011001000001101,1.0,00010011011000101000
25,1.0,00010011011000101000,1.0,00010011011000101000
25,1.0,00010011011000101000,1.0,00101111011010001000
25,1.0,00101111011010001000,1.0,11100001011010001000
25,1.0,11100001011010001000,1.0,11100001010110011001
25,1.0,11100001010110011001,1.0,11110000010110011001
25,1.0,11110000010110011001,1.0,11110000011010001000
25,1.0,11110000011010001000,1.0,11110000011010000110
25,1.0,11110000011010000110,1.0,11110000011010001000
25,1.0,11110000011010001000,1.0,01111100011010101001
25,1.0,01111100011010101001,1.0,01111100011010101001
25,1.0,01111100011010101001,1.0,11100100011001101000
25,1.0,11100100011001101000,1.0,11100100011001101000
25,1.0,11100100011001101000,1.0,11100000001001111001
25,1.0,11100000001001111001,1.0,11100000001010111101
25,1.0,11100000001010111101,1.0,11100000001010111101
26,7.0,01001111011010100101,3.0,01000111001011100011
26,3.0,01000111001011100011,3.0,01000111011010101000
26,3.0,01000111011010101000,1.0,01001111111000101000
26,1.0,01001111111000101000,1.0,01001110111001101011
26,1.0,01001110111001101011,1.0,01000110111111100010
26,1.0,01000110111111100010,1.0,10000110111111100011
26,1.0,10000110111111100011,1.0,10000110111111100011
26,1.0,10000110111111100011,1.0,00101110101111100011
26,1.0,00101110101111100011,1.0,01101110111110100011
26,1.0,01101110111110100011,1.0,01101110111110100011
26,1.0,01101110111110100011,1.0,01101110111110100011
26,1.0,01101110111110100011,1.0,01111100111110100000
26,1.0,01111100111110100000,1.0,01101110111110100011
26,1.0,01101110111110100011,1.0,01101110111110100011
26,1.0,01101110111110100011,1.0,01100110011110110000
26,1.0,01100110011110110000,1.0,01101011010110110001
26,1.0,01101011010110110001,1.0,01100011011010100001
26,1.0,01100011011010100001,1.0,01100011011010100001
26,1.0,01100011011010100001,1.0,00101111111010100011
26,1.0,00101111111010100011,1.0,00111111110010100001
26,1.0,00111111110010100001,1.0,00111011110100100001
26,1.0,00111011110100100001,1.0,10111011000100100011
26,1.0,10111011000100100011,1.0,10010111000110110010
26,1.0,10010111000110110010,1.0,00010011010100110111
26,1.0,00010011010100110111,1.0,00100011010110110101
26,1.0,00100011010110110101,1.0,00101011011000010110
26,1.0,00101011011000010110,1.0,11100010011000010110
26,1.0,11100010011000010110,1.0,11110010010000010100
26,1.0,11110010010000010100,1.0,11110010110000110001
26,1.0,11110010110000110001,1.0,11010010110100011000
26,1.0,11010010110100011000,1.0,11011010010000011110
26,1.0,11011010010000011110,1.0,11011011000000010110
26,1.0,11011011000000010110,1.0,11011101000100110110
26,1.0,11011101000100110110,1.0,01011001101100100100
26,1.0,01011001101100100100,1.0,01011001001000101101
26,1.0,01011001001000101101,1.0,01010001101100100101
26,1.0,01010001101100100101,1.0,00011101101110100110
26,1.0,00011101101110100110,1.0,01011101101110100011
26,1.0,01011101101110100011,1.0,01011101101110100011
26,1.0,01011101101110100011,1.0,01010101111100100011
26,1.0,01010101111100100011,1.0,00001111111110110001
26,1.0,00001111111110110001,1.0,00001011111111000001
26,1.0,00001011111111000001,1.0,00111001001101000000
26,1.0,00111001001101000000,1.0,00101001101111010000
26,1.0,00101001101111010000,1.0,00100101101111100001
26,1.0,00100101101111100001,1.0,00101101101111100000
26,1.0,00101101101111100000,1.0,10100100101111110010
26,1.0,10100100101111110010,1.0,10100100111111010001
26,1.0,10100100111111010001,1.0,10100100101111110010
26,1.0,10100100101111110010,1.0,11100100001111010010
26,1.0,11100100001111010010,1.0,11100100001111010010
26,1.0,11100100001111010010,1.0,11100100010111010110
26,1.0,11100100010111010110,1.0,11001100001111110100
26,1.0,11001100001111110100,1.0,11000100011101110100
26,1.0,11000100011101110100,1.0,11000100001111110101
26,1.0,11000100001111110101,1.0,11001100001111110100
26,1.0,11001100001111110100,1.0,11101000001101100110
26,1.0,11101000001101100110,1.0,11100100011001100110
26,1.0,11100100011001100110,1.0,10000110011001110111
26,1.0,10000110011001110111,1.0,10000110011001110111
26,1.0,10000110011001110111,1.0,10000111001001110001
26,1.0,10000111001001110001,1.0,10000111001001110001
26,1.0,10000111001001110001,1.0,10011001101001010001
26,1.0,10011001101001010001,1.0,10001001001001011101
26,1.0,10001001001001011101,1.0,00000001001101011111
26,1.0,00000001001101011111,1.0,00011001001001011011
26,1.0,00011001001001011011,1.0,10000001011011011001
26,1.0,10000001011011011001,1.0,01000001011011011000
26,1.0,01000001011011011000,1.0,01001101010011011111
26,1.0,01001101010011011111,1.0,01001101110111010110
26,1.0,01001101110111010110,1.0,01000101111101010010
26,1.0,01000101111101010010,1.0,01011001110101010011
26,1.0,01011001110101010011,1.0,01011001110110010111
26,1.0,01011001110110010111,1.0,11010001100110010100
26,1.0,11010001100110010100,1.0,01110001100110000111
26,1.0,01110001100110000111,1.0,01011011100110000101
26,1.0,01011011100110000101,1.0,01011011100110000101
26,1.0,01011011100110000101,1.0,01011011100110000101
26,1.0,01011011100110000101,1.0,11010010100110010111
26,1.0,11010010100110010111,1.0,11011000101110010101
26,1.0,11011000101110010101,1.0,10010100111110010111
26,1.0,10010100111110010111,1.0,10111000110010011111
26,1.0,10111000110010011111,1.0,10111000110010011111
26,1.0,10111000110010011111,1.0,10111000110010011111
26,1.0,10111000110010011111,1.0,10110000010110011100
26,1.0,10110000010110011100,1.0,10110000010110011100
26,1.0,10110000010110011100,1.0,10010000011110101101
26,1.0,10010000011110101101,1.0,10000001011110101101
26,1.0,10000001011110101101,1.0,11001001001000111110
26,1.0,11001001001000111110,1.0,11000101101001001011
26,1.0,11000101101001001011,1.0,10000001101011011010
26,1.0,10000001101011011010,1.0,10101001101001001000
26,1.0,10101001101001001000,1.0,10101001100011001101
26,1.0,10101001100011001101,1.0,10000011100110011100
26,1.0,10000011100110011100,1.0,10000011100110011100
26,1.0,10000011100110011100,1.0,10001011100010111111
26,1.0,10001011100010111111,1.0,10000011100011001100
26,1.0,10000011100011001100,1.0,11000011100001010100
26,1.0,11000011100001010100,1.0,11000111100001100100
26,1.0,11000111100001100100,1.0,10001011110011100101
26,1.0,10001011110011100101,1.0,10000011111010100101
26,1.0,10000011111010100101,1.0,10101011101000000110
26,1.0,10101011101000000110,1.0,10110010101000000111
26,1.0,10110010101000000111,1.0,01110010101000000110
26,1.0,01110010101000000110,1.0,01110010101000000110
26,1.0,01110010101000000110,1.0,01110000101001000110
26,1.0,01110000101001000110,1.0,01110100111000010101
26,1.0,01110100111000010101,1.0,01111100010001110101
26,1.0,01111100010001110101,1.0,00111110000001110101
26,1.0,00111110000001110101,1.0,00111010110001100101
26,1.0,00111010110001100101,1.0,01110010000001100111
26,1.0,01110010000001100111,1.0,01110010000001100111
26,1.0,01110010000001100111,1.0,11111100000011100100
26,1.0,11111100000011100100,1.0,11101100001011100110
26,1.0,11101100001011100110,1.0,10110100001110100110
26,1.0,10110100001110100110,1.0,10011101001110000111
26,1.0,10011101001110000111,1.0,10011101001110001001
26,1.0,10011101001110001001,1.0,10011100011110001111
26,1.0,10011100011110001111,1.0,10001101011110001111
26,1.0,10001101011110001111,1.0,10001000011111101111
26,1.0,10001000011111101111,1.0,11100000001010111101
26,1.0,11100000001010111101,1.0,01101001011010010111
26,1.0,01101001011010010111,1.0,11101011000010010100
26,1.0,11101011000010010100,1.0,01001011001011010010
26,1.0,01001011001011010010,1.0,01101001101010011010
26,1.0,01101001101010011010,1.0,00100111101010001010
26,1.0,00100111101010001010,1.0,00100101101011001010
26,1.0,00100101101011001010,1.0,00100001101101001010
26,1.0,00100001101101001010,1.0,00100101101100111010
26,1.0,00100101101100111010,1.0,01100101101100101000
26,1.0,01100101101100101000,1.0,01100101001000101111
26,1.0,01100101001000101111,1.0,01100101001000101111
26,1.0,01100101001000101111,1.0,01101111000000101111
26,1.0,01101111000000101111,1.0,01101111000000101111
26,1.0,01101111000000101111,1.0,01111101000000101100
26,1.0,01111101000000101100,1.0,01111100100010111100
26,1.0,01111100100010111100,1.0,01011110110010101101
26,1.0,01011110110010101101,1.0,01011110110010101101
26,1.0,01011110110010101101,1.0,01011110110010101101
26,1.0,01011110110010101101,1.0,01011110110010101101
26,1.0,01011110110010101101,1.0,01011110111000100110
26,1.0,01011110111000100110,1.0,11100110011000100110
26,1.0,11100110011000100110,1.0,11100110011000100110
26,1.0,11100110011000100110,1.0,11111010010000100111
26,1.0,11111010010000100111,1.0,11110010000000001110
26,1.0,11110010000000001110,1.0,11110100000000111110
26,1.0,11110100000000111110,1.0,10110100001000011100
26,1.0,10110100001000011100,1.0,00110101001000011010
26,1.0,00110101001000011010,1.0,00111101000001011010
26,1.0,00111101000001011010,1.0,00111101000001011010
26,1.0,00111101000001011010,1.0,10110001000101010000
26,1.0,10110001000101010000,1.0,10110001000110010100
26,1.0,10110001000110010100,1.0,10110001000110010100
26,1.0,10110001000110010100,1.0,10110001100100010101
26,1.0,10110001100100010101,1.0,01110001000000011101
26,1.0,01110001000000011101,1.0,01111001000000011100
26,1.0,01111001000000011100,1.0,01110001010000001111
26,1.0,01110001010000001111,1.0,01111001010000001110
26,1.0,01111001010000001110,1.0,01111100011000001101
26,1.0,01111100011000001101,1.0,11100100111010001100
26,1.0,11100100111010001100,1.0,11101001110010001101
26,1.0,11101001110010001101,1.0,11101001110010001101
26,1.0,11101001110010001101,1.0,11000011110010001100
26,1.0,11000011110010001100,1.0,11000011110010001100
26,1.0,11000011110010001100,1.0,11000011010010101100
26,1.0,11000011010010101100,1.0,11000011010010101100
26,1.0,11000011010010101100,1.0,11000011010001100110
26,1.0,11000011010001100110,1.0,10000111010101100101
26,1.0,10000111010101100101,1.0,10001011110011100101
26,1.0,10001011110011100101,1.0,11001011010110101010
26,1.0,11001011010110101010,1.0,11001111000001101011
26,1.0,11001111000001101011,1.0,10010001001001001010
26,1.0,10010001001001001010,1.0,10001001011101101000
26,1.0,10001001011101101000,1.0,10001001011101101000
26,1.0,10001001011101101000,1.0,10001001011101100110
26,1.0,10001001011101100110,1.0,11101101101100100011
26,1.0,11101101101100100011,1.0,11101101101100100011
26,1.0,11101101101100100011,1.0,11101101110100101001
26,1.0,11101101110100101001,1.0,10100101101100101001
26,1.0,10100101101100101001,1.0,11101100001100101111
26,1.0,11101100001100101111,1.0,11101100001100101111
26,1.0,11101100001100101111,1.0,11101100001100101111
26,1.0,11101100001100101111,1.0,10101101100110101101
26,1.0,10101101100110101101,1.0,10101101100110101101
26,1.0,10101101100110101101,1.0,10111001000110101001
26,1.0,10111001000110101001,1.0,10110011010010100000
26,1.0,10110011010010100000,1.0,10100011001000101001
26,1.0,10100011001000101001,1.0,10100011001000101001
27,1.0,11011000101100001110,1.0,11011100101010001110
27,1.0,11011100101010001110,1.0,11010100101010001111
27,1.0,11010100101010001111,1.0,11010100111000001110
27,1.0,11010100111000001110,1.0,11010000001100101111
27,1.0,11010000001100101111,1.0,11010100101110100110
27,1.0,11010100101110100110,1.0,11010101001000100110
27,1.0,11010101001000100110,1.0,11010101001000100110
27,1.0,11010101001000100110,1.0,11011101001010000101
27,1.0,11011101001010000101,1.0,11011101001010000101
27,1.0,11011101001010000101,1.0,11011101001001000001
27,1.0,11011101001001000001,1.0,10011101001101000011
27,1.0,10011101001101000011,1.0,10011101001101000011
27,1.0,10011101001101000011,1.0,00010101001101000110
27,1.0,00010101001101000110,1.0,10010101011100000111
27,1.0,10010101011100000111,1.0,10010101001100010101
27,1.0,10010101001100010101,1.0,10011101001101000011
27,1.0,10011101001101000011,1.0,10011000001101001101
27,1.0,10011000001101001101,1.0,10100000001101101100
27,1.0,10100000001101101100,1.0,10101010000101101100
27,1.0,10101010000101101100,1.0,10100010000101101101
27,1.0,10100010000101101101,1.0,10100110010001101100
27,1.0,10100110010001101100,1.0,11100110010010101101
27,1.0,11100110010010101101,1.0,11100110011000101000
27,1.0,11100110011000101000,1.0,10100100011101101010
27,1.0,10100100011101101010,1.0,10100110001001101000
27,1.0,10100110001001101000,1.0,00101110001001111001
27,1.0,00101110001001111001,1.0,00111010000001111010
27,1.0,00111010000001111010,1.0,00111010000101101010
27,1.0,00111010000101101010,1.0,00111010000101101010
27,1.0,00111010000101101010,1.0,00111010000101101010
27,1.0,00111010000101101010,1.0,10101110000101001111
27,1.0,10101110000101001111,1.0,11000111000101001000
27,1.0,11000111000101001000,1.0,01001011000101001101
27,1.0,01001011000101001101,1.0,01001111010110001111
27,1.0,01001111010110001111,1.0,01001111010110001111
27,1.0,01001111010110001111,1.0,01001111010110001111
27,1.0,01001111010110001111,1.0,00001011010011101111
27,1.0,00001011010011101111,1.0,00001011010011101111
27,1.0,00001011010011101111,1.0,10000011000011101100
27,1.0,10000011000011101100,1.0,11001011010011000101
27,1.0,11001011010011000101,1.0,10001110110111001101
27,1.0,10001110110111001101,1.0,10000110011111001000
27,1.0,10000110011111001000,1.0,10000110011111001000
27,1.0,10000110011111001000,1.0,01000110111101001000
27,1.0,01000110111101001000,1.0,01010110001001001001
27,1.0,01010110001001001001,1.0,01010110001001001001
27,1.0,01010110001001001001,1.0,00010110101001101001
27,1.0,00010110101001101001,1.0,00010001111001001000
27,1.0,00010001111001001000,1.0,00010001101011001001
27,1.0,00010001101011001001,1.0,00010001101011000111
27,1.0,00010001101011000111,1.0,00001011110011001111
27,1.0,00001011110011001111,1.0,10000011100011001100
27,1.0,10000011100011001100,1.0,11001011000011101000
27,1.0,11001011000011101000,1.0,11001011000001011011
27,1.0,11001011000001011011,1.0,11000001110011011011
27,1.0,11000001110011011011,1.0,10000001101011011010
27,1.0,10000001101011011010,1.0,00001101101001011111
27,1.0,00001101101001011111,1.0,00011101100001011101
27,1.0,00011101100001011101,1.0,01110100000001011100
27,1.0,01110100000001011100,1.0,01110100000001011100
27,1.0,01110100000001011100,1.0,01110100000001011100
27,1.0,01110100000001011100,1.0,01100101000001011100
27,1.0,01100101000001011100,1.0,01100101000001011100
27,1.0,01100101000001011100,1.0,01100101100001111001
27,1.0,01100101100001111001,1.0,01101101010001110101
27,1.0,01101101010001110101,1.0,11100101010001100100
27,1.0,11100101010001100100,1.0,11100001110001110001
27,1.0,11100001110001110001,1.0,11101001110001110000
27,1.0,11101001110001110000,1.0,01101100110001111110
27,1.0,01101100110001111110,1.0,11010100110001110110
27,1.0,11010100110001110110,1.0,01011010110001010111
27,1.0,01011010110001010111,1.0,01001011110001010111
27,1.0,01001011110001010111,1.0,01001011110001010111
27,1.0,01001011110001010111,1.0,11000011100001010100
27,1.0,11000011100001010100,1.0,11000011100011110000
27,1.0,11000011100011110000,1.0,11010011000001100000
27,1.0,11010011000001100000,1.0,01011011000001110001
27,1.0,01011011000001110001,1.0,01011011000001110001
27,1.0,01011011000001110001,1.0,01011011000001110001
27,1.0,01011011000001110001,1.0,01011011000001110001
27,1.0,01011011000001110001,1.0,01100011100001110000
27,1.0,01100011100001110000,1.0,01100011100001110000
27,1.0,01100011100001110000,1.0,00100111100011110010
27,1.0,00100111100011110010,1.0,00110110100011110010
27,1.0,00110110100011110010,1.0,00111010000111110001
27,1.0,00111010000111110001,1.0,01011110000111110011
27,1.0,01011110000111110011,1.0,01010110010101110011
27,1.0,01010110010101110011,1.0,00010110010101110110
27,1.0,00010110010101110110,1.0,10011110010101100100
27,1.0,10011110010101100100,1.0,11011110010101100001
27,1.0,11011110010101100001,1.0,11011110010101100001
27,1.0,11011110010101100001,1.0,11010110110100101000
27,1.0,11010110110100101000,1.0,11000110111100101010
27,1.0,11000110111100101010,1.0,11001010011100111001
27,1.0,11001010011100111001,1.0,01000010011100111100
27,1.0,01000010011100111100,1.0,01001010010101111100
27,1.0,01001010010101111100,1.0,01001010010111101111
27,1.0,01001010010111101111,1.0,00100110000111101110
27,1.0,00100110000111101110,1.0,00110110010010101110
27,1.0,00110110010010101110,1.0,00110110001010101010
27,1.0,00110110001010101010,1.0,00110110101010001010
27,1.0,00110110101010001010,1.0,01110010101000001000
27,1.0,01110010101000001000,1.0,01110010101000001000
27,1.0,01110010101000001000,1.0,01101110101100101010
27,1.0,01101110101100101010,1.0,11101110001100001011
27,1.0,11101110001100001011,1.0,11101110001100001011
27,1.0,11101110001100001011,1.0,11000110111100101010
27,1.0,11000110111100101010,1.0,11101110001100001011
27,1.0,11101110001100001011,1.0,01011110101000001101
27,1.0,01011110101000001101,1.0,00111111101000000001
27,1.0,00111111101000000001,1.0,00111111101000000001
27,1.0,00111111101000000001,1.0,10111111100100000000
27,1.0,10111111100100000000,1.0,10110111100100000001
27,1.0,10110111100100000001,1.0,11100011001100000000
27,1.0,11100011001100000000,1.0,01110001001100100010
27,1.0,01110001001100100010,1.0,01110001001100100010
27,1.0,01110001001100100010,1.0,01110001001100100010
27,1.0,01110001001100100010,1.0,11010001001110100010
27,1.0,11010001001110100010,1.0,01010101001110110000
27,1.0,01010101001110110000,1.0,01011101101110100011
27,1.0,01011101101110100011,1.0,00011101001100111011
27,1.0,00011101001100111011,1.0,01011100001100111100
27,1.0,01011100001100111100,1.0,01011110001100010110
27,1.0,01011110001100010110,1.0,00010110001100011100
27,1.0,00010110001100011100,1.0,00011110001000111111
27,1.0,00011110001000111111,1.0,00011110001000111111
27,1.0,00011110001000111111,1.0,01001110001100111111
27,1.0,01001110001100111111,1.0,01001110011110111010
27,1.0,01001110011110111010,1.0,01000110011110111011
27,1.0,01000110011110111011,1.0,01100110011110110000
27,1.0,01100110011110110000,1.0,11000110111110110001
27,1.0,11000110111110110001,1.0,11100100111110110010
27,1.0,11100100111110110010,1.0,11101100110111110010
27,1.0,11101100110111110010,1.0,11101110000101110011
27,1.0,11101110000101110011,1.0,11001110110111110001
27,1.0,11001110110111110001,1.0,11001110110111110001
27,1.0,11001110110111110001,1.0,11001010110111100101
27,1.0,11001010110111100101,1.0,11100110110110100100
27,1.0,11100110110110100100,1.0,11100110110110100100
27,1.0,11100110110110100100,1.0,11000110110110101111
27,1.0,11000110110110101111,1.0,01101111010100100101
27,1.0,01101111010100100101,1.0,01101111010000110101
27,1.0,01101111010000110101,1.0,01101111010100100101
27,1.0,01101111010100100101,1.0,01110001010100100110
27,1.0,01110001010100100110,1.0,10111001010100100110
27,1.0,10111001010100100110,1.0,10110001010100100111
27,1.0,10110001010100100111,1.0,10111001010000001111
27,1.0,10111001010000001111,1.0,10111011000000100100
27,1.0,10111011000000100100,1.0,10010011000110100110
27,1.0,10010011000110100110,1.0,10010011000110100110
27,1.0,10010011000110100110,1.0,11011011000100000110
27,1.0,11011011000100000110,1.0,11010110000101000110
27,1.0,11010110000101000110,1.0,10110010000101000100
27,1.0,10110010000101000100,1.0,10111010100101100000
27,1.0,10111010100101100000,1.0,01110010100101100000
27,1.0,01110010100101100000,1.0,01101010101101100001
27,1.0,01101010101101100001,1.0,00101011101001100001
27,1.0,00101011101001100001,1.0,01001011101001010011
27,1.0,01001011101001010011,1.0,01001011101001010011
27,1.0,01001011101001010011,1.0,01001010001001011111
27,1.0,01001010001001011111,1.0,00000010101101011100
27,1.0,00000010101101011100,1.0,01001010001001011111
27,1.0,01001010001001011111,1.0,01001010001001011111
27,1.0,01001010001001011111,1.0,00000010101101011100
27,1.0,00000010101101011100,1.0,00000110111101011010
27,1.0,00000110111101011010,1.0,10001110111101001000
27,1.0,10001110111101001000,1.0,10001110111110011011
27,1.0,10001110111110011011,1.0,10001110011110111011
27,1.0,10001110011110111011,1.0,11001110011010111001
27,1.0,11001110011010111001,1.0,11001110011001110011
27,1.0,11001110011001110011,1.0,11000110111000111010
27,1.0,11000110111000111010,1.0,11000110111110110001
27,1.0,11000110111110110001,1.0,11000110111110110001
27,1.0,11000110111110110001,1.0,11001110111110110000
27,1.0,11001110111110110000,1.0,11011100011110110011
27,1.0,11011100011110110011,1.0,11011000011100001101
27,1.0,11011000011100001101,1.0,11011000011000011101
27,1.0,11011000011000011101,1.0,11011000001000111110
27,1.0,11011000001000111110,1.0,11011000000001111111
27,1.0,11011000000001111111,1.0,11010001000001011001
27,1.0,11010001000001011001,1.0,10010001000101011011
27,1.0,10010001000101011011,1.0,11011101000110101011
28,1.0,11010001100011000100,1.0,11010001100110010100
28,1.0,11010001100110010100,1.0,01010011000100011010
28,1.0,01010011000100011010,1.0,01010011000100011010
28,1.0,01010011000100011010,1.0,11010011000100001001
28,1.0,11010011000100001001,1.0,11011011000100001000
28,1.0,11011011000100001000,1.0,11011011000100001000
28,1.0,11011011000100001000,1.0,11011011000100001000
28,1.0,11011011000100001000,1.0,11011011000100001000
28,1.0,11011011000100001000,1.0,11011011000100001000
28,1.0,11011011000100001000,1.0,11011011000100001000
28,1.0,11011011000100001000,1.0,11011110000001101011
28,1.0,11011110000001101011,1.0,11011100001001101010
28,1.0,11011100001001101010,1.0,01011110001001001000
28,1.0,01011110001001001000,1.0,11001110100011101100
28,1.0,11001110100011101100,1.0,10001110100111101110
28,1.0,10001110100111101110,1.0,10000110101010111110
28,1.0,10000110101010111110,1.0,10000110101010111110
28,1.0,10000110101010111110,1.0,11000110110010111111
28,1.0,11000110110010111111,1.0,10010010110000111111
28,1.0,10010010110000111111,1.0,11000010110100111111
28,1.0,11000010110100111111,1.0,11010110110100100110
28,1.0,11010110110100100110,1.0,11011110110110000101
28,1.0,11011110110110000101,1.0,01010110110101000100
28,1.0,01010110110101000100,1.0,11101010000101100111
28,1.0,11101010000101100111,1.0,11100110010001100111
28,1.0,11100110010001100111,1.0,11100110010001100111
28,1.0,11100110010001100111,1.0,11100110010010101101
28,1.0,11100110010010101101,1.0,11001010011010101101
28,1.0,11001010011010101101,1.0,01101110001011000100
28,1.0,01101110001011000100,1.0,10101110001011000101
28,1.0,10101110001011000101,1.0,00101110001111000110
28,1.0,00101110001111000110,1.0,00101110001111000110
28,1.0,00101110001111000110,1.0,01010100101111000100
28,1.0,01010100101111000100,1.0,10001000101111011101
28,1.0,10001000101111011101,1.0,11000000001101011110
28,1.0,11000000001101011110,1.0,11000000110101111111
28,1.0,11000000110101111111,1.0,11000000110101111111
28,1.0,11000000110101111111,1.0,11001000110101111110
28,1.0,11001000110101111110,1.0,11001010110100111110
28,1.0,11001010110100111110,1.0,10101110100001101101
28,1.0,10101110100001101101,1.0,10101110100001101101
28,1.0,10101110100001101101,1.0,10111010000001100111
28,1.0,10111010000001100111,1.0,11011111000001000010
28,1.0,11011111000001000010,1.0,11000111100001100100
28,1.0,11000111100001100100,1.0,01001111110001100111
28,1.0,01001111110001100111,1.0,01001011110111100011
28,1.0,01001011110111100011,1.0,01000011010111110000
28,1.0,01000011010111110000,1.0,01000111010101110011
28,1.0,01000111010101110011,1.0,01000101010111111001
28,1.0,01000101010111111001,1.0,01000111010101110011
28,1.0,01000111010101110011,1.0,01000011010111110000
28,1.0,01000011010111110000,1.0,01001011110111100011
28,1.0,01001011110111100011,1.0,01010010100111001010
28,1.0,01010010100111001010,1.0,01011110001110001011
28,1.0,01011110001110001011,1.0,01010110001010001101
28,1.0,01010110001010001101,1.0,01011110001010001100
28,1.0,01011110001010001100,1.0,01011110001110001011
28,1.0,01011110001110001011,1.0,00010110001110001111
28,1.0,00010110001110001111,1.0,10010110001110100101
28,1.0,10010110001110100101,1.0,10110110001110000010
28,1.0,10110110001110000010,1.0,11111100011110000001
28,1.0,11111100011110000001,1.0,01110001011100000001
28,1.0,01110001011100000001,1.0,01011001011000011011
28,1.0,01011001011000011011,1.0,11000001011010111010
28,1.0,11000001011010111010,1.0,11100101011010010010
28,1.0,11100101011010010010,1.0,11100011001000010000
28,1.0,11100011001000010000,1.0,11100010011000011000
28,1.0,11100010011000011000,1.0,11100010011000011000
28,1.0,11100010011000011000,1.0,11100010011000011000
28,1.0,11100010011000011000,1.0,11001110111010011001
28,1.0,11001110111010011001,1.0,11001010111100011001
28,1.0,11001010111100011001,1.0,11001010011100111001
28,1.0,11001010011100111001,1.0,11100010011000011000
28,1.0,11100010011000011000,1.0,00101011011000011000
28,1.0,00101011011000011000,1.0,00101111011010001000
28,1.0,00101111011010001000,1.0,00101111011010001000
28,1.0,00101111011010001000,1.0,00100111010010101110
28,1.0,00100111010010101110,1.0,00100111010010101110
28,1.0,00100111010010101110,1.0,00100111011010001001
28,1.0,00100111011010001001,1.0,00110111011000000000
28,1.0,00110111011000000000,1.0,00110111011000000000
28,1.0,00110111011000000000,1.0,00111111010001000000
28,1.0,00111111010001000000,1.0,00110110110001001010
28,1.0,00110110110001001010,1.0,00010111010111000010
28,1.0,00010111010111000010,1.0,10011011010101000000
28,1.0,10011011010101000000,1.0,10001011011101000010
28,1.0,10001011011101000010,1.0,10001011001111000011
28,1.0,10001011001111000011,1.0,10001011001111000011
28,1.0,10001011001111000011,1.0,10000111101110000101
28,1.0,10000111101110000101,1.0,11000101111110000101
28,1.0,11000101111110000101,1.0,11001100111110101101
28,1.0,11001100111110101101,1.0,11100100101110010111
28,1.0,11100100101110010111,1.0,11101100101110010110
28,1.0,11101100101110010110,1.0,11100000101110110100
28,1.0,11100000101110110100,1.0,11100000101110110100
28,1.0,11100000101110110100,1.0,10110000101010110100
28,1.0,10110000101010110100,1.0,10111100100010111101
28,1.0,10111100100010111101,1.0,10111100100010111101
28,1.0,10111100100010111101,1.0,10110000110110110111
28,1.0,10110000110110110111,1.0,00110100100110111111
28,1.0,00110100100110111111,1.0,10111100100110101101
28,1.0,10111100100110101101,1.0,10100110100110011101
28,1.0,10100110100110011101,1.0,00100111100110011011
28,1.0,00100111100110011011,1.0,00100101100110111111
28,1.0,00100101100110111111,1.0,00100101110100111110
28,1.0,00100101110100111110,1.0,00100101110100111110
28,1.0,00100101110100111110,1.0,10000101110110111110
28,1.0,10000101110110111110,1.0,10001011100010111111
28,1.0,10001011100010111111,1.0,10000010101100111110
28,1.0,10000010101100111110,1.0,10000010101100111110
28,1.0,10000010101100111110,1.0,00000010001101111100
28,1.0,00000010001101111100,1.0,00010110000101011101
28,1.0,00010110000101011101,1.0,00010110000101011101
28,1.0,00010110000101011101,1.0,00010110001100011100
28,1.0,00010110001100011100,1.0,00010110001100011100
28,1.0,00010110001100011100,1.0,01011010001100001100
28,1.0,01011010001100001100,1.0,01011010001100001100
28,1.0,01011010001100001100,1.0,01011110001100011000
28,1.0,01011110001100011000,1.0,00010110001100011100
28,1.0,00010110001100011100,1.0,00011010110110011111
28,1.0,00011010110110011111,1.0,00011011100110011001
28,1.0,00011011100110011001,1.0,00011111110010011000
28,1.0,00011111110010011000,1.0,00110011010010001010
28,1.0,00110011010010001010,1.0,00111011110000001010
28,1.0,00111011110000001010,1.0,00111011100010001011
28,1.0,00111011100010001011,1.0,10111001100110001001
28,1.0,10111001100110001001,1.0,00110001000110111011
28,1.0,00110001000110111011,1.0,00110001000100011111
28,1.0,00110001000100011111,1.0,00110001000001001111
28,1.0,00110001000001001111,1.0,01111001000001001011
28,1.0,01111001000001001011,1.0,11101101000111100011
28,1.0,11101101000111100011,1.0,11101101000111100011
28,1.0,11101101000111100011,1.0,10101111000111000010
28,1.0,10101111000111000010,1.0,10100111001110000010
28,1.0,10100111001110000010,1.0,10100111001110000010
28,1.0,10100111001110000010,1.0,10001011011110001000
28,1.0,10001011011110001000,1.0,11001011011110000011
28,1.0,11001011011110000011,1.0,11001011011110000011
28,1.0,11001011011110000011,1.0,11001011011110000011
28,1.0,11001011011110000011,1.0,11001011111010100001
28,1.0,11001011111010100001,1.0,11101011101000000011
28,1.0,11101011101000000011,1.0,11101101101000110011
28,1.0,11101101101000110011,1.0,11110101100000110010
28,1.0,11110101100000110010,1.0,11110101100000110010
28,1.0,11110101100000110010,1.0,11110101100000110010
28,1.0,11110101100000110010,1.0,10111001100110110000
28,1.0,10111001100110110000,1.0,10111001100100010100
28,1.0,10111001100100010100,1.0,10110100100101010100
28,1.0,10110100100101010100,1.0,00010001110101010111
28,1.0,00010001110101010111,1.0,01010001110001010101
28,1.0,01010001110001010101,1.0,01010101010101110000
28,1.0,01010101010101110000,1.0,01010101010101110000
28,1.0,01010101010101110000,1.0,10011101010101110000
28,1.0,10011101010101110000,1.0,10010101010110110101
28,1.0,10010101010110110101,1.0,10010101010110110101
28,1.0,10010101010110110101,1.0,11010001010110100110
28,1.0,11010001010110100110,1.0,11010001010110101000
28,1.0,11010001010110101000,1.0,11010001010110101000
28,1.0,11010001010110101000,1.0,10010011000110101000
28,1.0,10010011000110101000,1.0,10011011000111000001
28,1.0,10011011000111000001,1.0,10001011010111001001
28,1.0,10001011010111001001,1.0,10001011010111001001
28,1.0,10001011010111001001,1.0,00101111010011001001
28,1.0,00101111010011001001,1.0,00101111010011000111
28,1.0,00101111010011000111,1.0,00101111010011000111
28,1.0,00101111010011000111,1.0,00100011010011100101
28,1.0,00100011010011100101,1.0,00101011010011100100
28,1.0,00101011010011100100,1.0,10101110000111101011
28,1.0,10101110000111101011,1.0,11000111100110101001
28,1.0,11000111100110101001,1.0,11000110001110001110
28,1.0,11000110001110001110,1.0,10100100101110011100
28,1.0,10100100101110011100,1.0,11100100011110101011
28,1.0,11100100011110101011,1.0,11100101011100100010
28,1.0,11100101011100100010,1.0,11100101011100100010
28,1.0,11100101011100100010,1.0,11100101011100100010
28,1.0,11100101011100100010,1.0,11101101101100100011
28,1.0,11101101101100100011,1.0,11101101101100100011
28,1.0,11101101101100100011,1.0,11101101101100100011
28,1.0,11101101101100100011,1.0,11101101101100100011
28,1.0,11101101101100100011,1.0,01100101101100100110
29,3.0,11011100011100011001,3.0,01011001011100001011
29,3.0,01011001011100001011,1.0,00010001111110001011
29,1.0,00010001111110001011,1.0,00010111101110000011
29,1.0,00010111101110000011,1.0,00010101101110101001
29,1.0,00010101101110101001,1.0,00011101101110101000
29,1.0,00011101101110101000,1.0,01011101110110101001
29,1.0,01011101110110101001,1.0,01011100111110101011
29,1.0,01011100111110101011,1.0,01011000101110101101
29,1.0,01011000101110101101,1.0,11011000001100101110
29,1.0,11011000001100101110,1.0,11110000001100100100
29,1.0,11110000001100100100,1.0,11010000001100101111
29,1.0,11010000001100101111,1.0,11011000011100001101
29,1.0,11011000011100001101,1.0,11011000011100001101
29,1.0,11011000011100001101,1.0,11010000001100101111
29,1.0,11010000001100101111,1.0,11010000011100110101
29,1.0,11010000011100110101,1.0,00010000111100111111
29,1.0,00010000111100111111,1.0,11010000110100111100
29,1.0,11010000110100111100,1.0,11011100110100011110
29,1.0,11011100110100011110,1.0,11011100110100011110
29,1.0,11011100110100011110,1.0,11001101110100011110
29,1.0,11001101110100011110,1.0,10001111010100011101
29,1.0,10001111010100011101,1.0,00001110110111011110
29,1.0,00001110110111011110,1.0,00001110110111011110
29,1.0,00001110110111011110,1.0,00101010110111010111
29,1.0,00101010110111010111,1.0,00110010110110010101
29,1.0,00110010110110010101,1.0,10110000110110110111
29,1.0,10110000110110110111,1.0,10110000110110110111
29,1.0,10110000110110110111,1.0,10111000110110110110
29,1.0,10111000110110110110,1.0,10111000110110110110
29,1.0,10111000110110110110,1.0,01110000110110110110
29,1.0,01110000110110110110,1.0,01011001110110010111
29,1.0,01011001110110010111,1.0,01110001110100000110
29,1.0,01110001110100000110,1.0,01110001110100000110
29,1.0,01110001110100000110,1.0,01110001110100000110
29,1.0,01110001110100000110,1.0,01110001110100000110
29,1.0,01110001110100000110,1.0,11111001110000000100
29,1.0,11111001110000000100,1.0,01111100111000010100
29,1.0,01111100111000010100,1.0,00111101111000010011
29,1.0,00111101111000010011,1.0,00101101111100010110
29,1.0,00101101111100010110,1.0,00101101110101010111
29,1.0,00101101110101010111,1.0,00101101110101010111
29,1.0,00101101110101010111,1.0,10001101110111010111
29,1.0,10001101110111010111,1.0,10001101110111010111
29,1.0,10001101110111010111,1.0,11010001110110000110
29,1.0,11010001110110000110,1.0,11011110110110000101
29,1.0,11011110110110000101,1.0,11001111110110000101
29,1.0,11001111110110000101,1.0,10000111110101000101
29,1.0,10000111110101000101,1.0,00010101010101001100
29,1.0,00010101010101001100,1.0,00010101010101001100
29,1.0,00010101010101001100,1.0,01011000110101101101
29,1.0,01011000110101101101,1.0,01011000110101101101
29,1.0,01011000110101101101,1.0,01011000110101101101
29,1.0,01011000110101101101,1.0,01011101110100001101
29,1.0,01011101110100001101,1.0,11011011100100100011
29,1.0,11011011100100100011,1.0,11011111000001000010
29,1.0,11011111000001000010,1.0,11011111000001000010
29,1.0,11011111000001000010,1.0,11011111000001000010
29,1.0,11011111000001000010,1.0,11010111000001000011
29,1.0,11010111000001000011,1.0,11011111000001000010
29,1.0,11011111000001000010,1.0,11010101100101100000
29,1.0,11010101100101100000,1.0,10000101111111100000
29,1.0,10000101111111100000,1.0,10010001111110100001
29,1.0,10010001111110100001,1.0,10110101101010000011
29,1.0,10110101101010000011,1.0,10010101001010011010
29,1.0,10010101001010011010,1.0,10011100011010011111
29,1.0,10011100011010011111,1.0,10011100011110110110
29,1.0,10011100011110110110,1.0,10010100110110111110
29,1.0,10010100110110111110,1.0,00100101110100111110
29,1.0,00100101110100111110,1.0,00110001110000101111
29,1.0,00110001110000101111,1.0,00110011110000110010
29,1.0,00110011110000110010,1.0,01110011010000010010
29,1.0,01110011010000010010,1.0,01011011110100010011
29,1.0,01011011110100010011,1.0,01011011110100010011
29,1.0,01011011110100010011,1.0,00010011110100010111
29,1.0,00010011110100010111,1.0,00010011101100010011
29,1.0,00010011101100010011,1.0,00001011101110011011
29,1.0,00001011101110011011,1.0,00010011101110100000
29,1.0,00010011101110100000,1.0,00010110111011100010
29,1.0,00010110111011100010,1.0,10010100011011100111
29,1.0,10010100011011100111,1.0,01010100011011100110
29,1.0,01010100011011100110,1.0,01110000101011100010
29,1.0,01110000101011100010,1.0,11011100001011110001
29,1.0,11011100001011110001,1.0,01011001001011100011
29,1.0,01011001001011100011,1.0,01011001011010101000
29,1.0,01011001011010101000,1.0,01110101001010100010
29,1.0,01110101001010100010,1.0,01111101011010000000
29,1.0,01111101011010000000,1.0,01110001011000010001
29,1.0,01110001011000010001,1.0,01111001010001010001
29,1.0,01111001010001010001,1.0,01100111110010110010
29,1.0,01100111110010110010,1.0,01100011100010110100
29,1.0,01100011100010110100,1.0,01011011000010110101
29,1.0,01011011000010110101,1.0,00010011001000110100
29,1.0,00010011001000110100,1.0,00011011000110110111
29,1.0,00011011000110110111,1.0,00010110001110110110
29,1.0,00010110001110110110,1.0,10010010001100110101
29,1.0,10010010001100110101,1.0,10111010001000100110
29,1.0,10111010001000100110,1.0,10110010001000100111
29,1.0,10110010001000100111,1.0,10110010001000101001
29,1.0,10110010001000101001,1.0,10100110001001101000
29,1.0,10100110001001101000,1.0,10100110001001101000
29,1.0,10100110001001101000,1.0,00100010011011101001
29,1.0,00100010011011101001,1.0,00101010011011101000
29,1.0,00101010011011101000,1.0,10001010011011011011
29,1.0,10001010011011011011,1.0,10000110111001011001
29,1.0,10000110111001011001,1.0,10101100001001011110
29,1.0,10101100001001011110,1.0,00101100101011011101
29,1.0,00101100101011011101,1.0,00101100101011011101
29,1.0,00101100101011011101,1.0,00001101001011011110
29,1.0,00001101001011011110,1.0,00000101011001011110
29,1.0,00000101011001011110,1.0,00101001011001011000
29,1.0,00101001011001011000,1.0,10100100011001111010
29,1.0,10100100011001111010,1.0,00111100011001101000
29,1.0,00111100011001101000,1.0,00111110011001000010
29,1.0,00111110011001000010,1.0,00010110011101010001
29,1.0,00010110011101010001,1.0,00010110010101110110
29,1.0,00010110010101110110,1.0,10010110010001110101
29,1.0,10010110010001110101,1.0,10010100011001110100
29,1.0,10010100011001110100,1.0,11011000011001100100
29,1.0,11011000011001100100,1.0,11011000011001100100
29,1.0,11011000011001100100,1.0,11001110111001000100
29,1.0,11001110111001000100,1.0,01101110110011100101
29,1.0,01101110110011100101,1.0,01101011010011100001
29,1.0,01101011010011100001,1.0,01101010110011101010
29,1.0,01101010110011101010,1.0,01101010110011101010
29,1.0,01101010110011101010,1.0,01101001110101001010
29,1.0,01101001110101001010,1.0,01101001110110001110
29,1.0,01101001110110001110,1.0,01111000110110001110
29,1.0,01111000110110001110,1.0,01110000110110001111
29,1.0,01110000110110001111,1.0,01011110010110001111
29,1.0,01011110010110001111,1.0,01011110010110001111
29,1.0,01011110010110001111,1.0,01010110010100011101
29,1.0,01010110010100011101,1.0,01010110010101110011
29,1.0,01010110010101110011,1.0,10011110010101110011
29,1.0,10011110010101110011,1.0,10110010010100011000
29,1.0,10110010010100011000,1.0,10110010010100011000
29,1.0,10110010010100011000,1.0,11100110010100111001
29,1.0,11100110010100111001,1.0,11100110010100111001
29,1.0,11100110010100111001,1.0,11101110010100111000
29,1.0,11101110010100111000,1.0,11101110010100111000
29,1.0,11101110010100111000,1.0,11101110010000011111
29,1.0,11101110010000011111,1.0,11101110010000011111
29,1.0,11101110010000011111,1.0,11101110010100001111
29,1.0,11101110010100001111,1.0,11110010000000001110
29,1.0,11110010000000001110,1.0,11011110000000111100
29,1.0,11011110000000111100,1.0,10010010001000011110
29,1.0,10010010001000011110,1.0,10010100101100011110
29,1.0,10010100101100011110,1.0,10011100111110011000
29,1.0,10011100111110011000,1.0,10001100111111011011
29,1.0,10001100111111011011,1.0,10001100111111011011
29,1.0,10001100111111011011,1.0,00000110101111011011
29,1.0,00000110101111011011,1.0,00000110111101011010
29,1.0,00000110111101011010,1.0,10101010010101011010
29,1.0,10101010010101011010,1.0,00101010011001011011
29,1.0,00101010011001011011,1.0,00101011010001010111
29,1.0,00101011010001010111,1.0,00101111011001000010
29,1.0,00101111011001000010,1.0,01101011001001000001
29,1.0,01101011001001000001,1.0,01101010111001010000
29,1.0,01101010111001010000,1.0,11001010111011010000
29,1.0,11001010111011010000,1.0,11000010111011010001
29,1.0,11000010111011010001,1.0,11001010111011010000
29,1.0,11001010111011010000,1.0,11000010111011010001
29,1.0,11000010111011010001,1.0,11001001011011010011
29,1.0,11001001011011010011,1.0,01000001011011010110
29,1.0,01000001011011010110,1.0,01000001001001011101
29,1.0,01000001001001011101,1.0,00001101001011011110
29,1.0,00001101001011011110,1.0,00001101110011111111
29,1.0,00001101110011111111,1.0,00001101110011111111
29,1.0,00001101110011111111,1.0,00000101110111011100
29,1.0,00000101110111011100,1.0,00000001001111101100
29,1.0,00000001001111101100,1.0,00000011001111000110
29,1.0,00000011001111000110,1.0,10000110011111000110
30,1.0,00101101110110011101,1.0,00111100110110011101
30,1.0,00111100110110011101,1.0,00110010100100011100
30,1.0,00110010100100011100,1.0,10011110100100011110
30,1.0,10011110100100011110,1.0,11011110100100011011
30,1.0,11011110100100011011,1.0,11011110100100011011
30,1.0,11011110100100011011,1.0,11011110100110101000
30,1.0,11011110100110101000,1.0,11010110100110100111
30,1.0,11010110100110100111,1.0,11011110110110000101
30,1.0,11011110110110000101,1.0,11011110110110000101
30,1.0,11011110110110000101,1.0,10010110110101000101
30,1.0,10010110110101000101,1.0,10010100111101000100
30,1.0,10010100111101000100,1.0,10010100111101000100
30,1.0,10010100111101000100,1.0,10011100101111000100
30,1.0,10011100101111000100,1.0,00011100001111001110
30,1.0,00011100001111001110,1.0,00011011000001001101
30,1.0,00011011000001001101,1.0,01011010000101001101
30,1.0,01011010000101001101,1.0,11010000000101011100
30,1.0,11010000000101011100,1.0,10010000100101111100
30,1.0,10010000100101111100,1.0,10010000100101111100
30,1.0,10010000100101111100,1.0,10010000100101111100
30,1.0,10010000100101111100,1.0,10010000100101111100
30,1.0,10010000100101111100,1.0,00011000110101111111
30,1.0,00011000110101111111,1.0,00010101110101100111
30,1.0,00010101110101100111,1.0,00010001110111100100
30,1.0,00010001110111100100,1.0,00111100110111100100
30,1.0,00111100110111100100,1.0,00110100110111100101
30,1.0,00110100110111100101,1.0,01110000110011100110
30,1.0,01110000110011100110,1.0,01110000110011100110
30,1.0,01110000110011100110,1.0,00111010010001010111
30,1.0,00111010010001010111,1.0,00110010110101010001
30,1.0,00110010110101010001,1.0,00110011000001010010
30,1.0,00110011000001010010,1.0,00110011000001010010
30,1.0,00110011000001010010,1.0,10101111000011010010
30,1.0,10101111000011010010,1.0,11101011000001010000
30,1.0,11101011000001010000,1.0,11101010010001010110
30,1.0,11101010010001010110,1.0,11100011000001010001
30,1.0,11100011000001010001,1.0,11100101010011010011
30,1.0,11100101010011010011,1.0,11100001010011110000
30,1.0,11100001010011110000,1.0,10101101110011110010
30,1.0,10101101110011110010,1.0,10001101010111111001
30,1.0,10001101010111111001,1.0,10100101010011011000
30,1.0,10100101010011011000,1.0,10100001010101010110
30,1.0,10100001010101010110,1.0,10101101010100011110
30,1.0,10101101010100011110,1.0,10001001011100011111
30,1.0,10001001011100011111,1.0,10010101011100001001
30,1.0,10010101011100001001,1.0,10011001111100010011
30,1.0,10011001111100010011,1.0,10011001111001000011
30,1.0,10011001111001000011,1.0,10010001011001010000
30,1.0,10010001011001010000,1.0,10011001111001000011
30,1.0,10011001111001000011,1.0,00101111011001000010
30,1.0,00101111011001000010,1.0,00101011011000010110
30,1.0,00101011011000010110,1.0,00100011011100110000
30,1.0,00100011011100110000,1.0,00110011001100000001
30,1.0,00110011001100000001,1.0,00110010111100010000
30,1.0,00110010111100010000,1.0,00100010111110011001
30,1.0,00100010111110011001,1.0,00101110111100011011
30,1.0,00101110111100011011,1.0,00011110111110110001
30,1.0,00011110111110110001,1.0,00011111011010010001
30,1.0,00011111011010010001,1.0,00011111001010110010
30,1.0,00011111001010110010,1.0,00011111001010110010
30,1.0,00011111001010110010,1.0,01000111001110110011
30,1.0,01000111001110110011,1.0,01001111001110110010
30,1.0,01001111001110110010,1.0,01000111001110110011
30,1.0,01000111001110110011,1.0,10001101001111110011
30,1.0,10001101001111110011,1.0,10101001100111110011
30,1.0,10101001100111110011,1.0,10101011100110110011
30,1.0,10101011100110110011,1.0,10100011101000110000
30,1.0,10100011101000110000,1.0,10000011001000011110
30,1.0,10000011001000011110,1.0,10000101101100011110
30,1.0,10000101101100011110,1.0,10000101101100011110
30,1.0,10000101101100011110,1.0,10000101101100011110
30,1.0,10000101101100011110,1.0,00001111101000011111
30,1.0,00001111101000011111,1.0,00000101011001011110
30,1.0,00000101011001011110,1.0,00000101111010111111
30,1.0,00000101111010111111,1.0,00001101111010111110
30,1.0,00001101111010111110,1.0,00000101111010111111
30,1.0,00000101111010111111,1.0,01001101111010111011
30,1.0,01001101111010111011,1.0,01001101111010111011
30,1.0,01001101111010111011,1.0,01101101011010101001
30,1.0,01101101011010101001,1.0,01101001011100101001
30,1.0,01101001011100101001,1.0,00100001011100101101
30,1.0,00100001011100101101,1.0,11100000011100101100
30,1.0,11100000011100101100,1.0,11100000011100101100
30,1.0,11100000011100101100,1.0,11101000011100111010
30,1.0,11101000011100111010,1.0,11100000011100111011
30,1.0,11100000011100111011,1.0,11101000001100011111
30,1.0,11101000001100011111,1.0,11101000001100011111
30,1.0,11101000001100011111,1.0,10100000001001111100
30,1.0,10100000001001111100,1.0,00100100101001111110
30,1.0,00100100101001111110,1.0,00110100001001110101
30,1.0,00110100001001110101,1.0,00011010011001101010
30,1.0,00011010011001101010,1.0,00001110111001101110
30,1.0,00001110111001101110,1.0,01011110111000101000
30,1.0,01011110111000101000,1.0,01011110101100110011
30,1.0,01011110101100110011,1.0,01111100110100111010
30,1.0,01111100110100111010,1.0,11110110110010100001
30,1.0,11110110110010100001,1.0,11101010110010111001
30,1.0,11101010110010111001,1.0,01000110111010011100
30,1.0,01000110111010011100,1.0,11001110111010010111
30,1.0,11001110111010010111,1.0,11001110110010111110
30,1.0,11001110110010111110,1.0,01101110100010111111
30,1.0,01101110100010111111,1.0,01101101100010111100
30,1.0,01101101100010111100,1.0,01101101100010111100
30,1.0,01101101100010111100,1.0,01100111100010010111
30,1.0,01100111100010010111,1.0,00100011100110110110
30,1.0,00100011100110110110,1.0,01101010100100111111
30,1.0,01101010100100111111,1.0,00101110100001111110
30,1.0,00101110100001111110,1.0,10101010110001111000
30,1.0,10101010110001111000,1.0,10111000010001111011
30,1.0,10111000010001111011,1.0,10111100110000111100
30,1.0,10111100110000111100,1.0,10110101110000010100
30,1.0,10110101110000010100,1.0,10101101111000010101
30,1.0,10101101111000010101,1.0,10001101111001100111
30,1.0,10001101111001100111,1.0,10100101101100100111
30,1.0,10100101101100100111,1.0,10100101001101100010
30,1.0,10100101001101100010,1.0,10110001001100100011
30,1.0,10110001001100100011,1.0,10111001001100100010
30,1.0,10111001001100100010,1.0,10100101001101100010
30,1.0,10100101001101100010,1.0,10111001001100100010
30,1.0,10111001001100100010,1.0,10110001001100100011
30,1.0,10110001001100100011,1.0,10110001001100100011
30,1.0,10110001001100100011,1.0,10110101011000100010
30,1.0,10110101011000100010,1.0,10111001001000110010
30,1.0,10111001001000110010,1.0,00110101001000011010
30,1.0,00110101001000011010,1.0,00110011000010011000
30,1.0,00110011000010011000,1.0,01010011000100011010
30,1.0,01010011000100011010,1.0,01100011000110011000
30,1.0,01100011000110011000,1.0,10100110001110101011
30,1.0,10100110001110101011,1.0,10101110000111101011
30,1.0,10101110000111101011,1.0,10101110000111101011
30,1.0,10101110000111101011,1.0,10101110000101111000
30,1.0,10101110000101111000,1.0,10001010001101111001
30,1.0,10001010001101111001,1.0,10100000001101111011
30,1.0,10100000001101111011,1.0,10100000010101111111
30,1.0,10100000010101111111,1.0,10101000000111111111
30,1.0,10101000000111111111,1.0,10101100010011111110
30,1.0,10101100010011111110,1.0,11101000000011111101
30,1.0,11101000000011111101,1.0,01100100010011111110
30,1.0,01100100010011111110,1.0,00100001000011111111
30,1.0,00100001000011111111,1.0,00101001010011011101
30,1.0,00101001010011011101,1.0,00100001110001011110
30,1.0,00100001110001011110,1.0,01101101100001001111
30,1.0,01101101100001001111,1.0,01101000111001001101
30,1.0,01101000111001001101,1.0,01000000111101011100
30,1.0,01000000111101011100,1.0,01001010011101010101
30,1.0,01001010011101010101,1.0,01001010011101010101
30,1.0,01001010011101010101,1.0,01100000011101010111
30,1.0,01100000011101010111,1.0,01100000011101011001
30,1.0,01100000011101011001,1.0,00101000101111111001
30,1.0,00101000101111111001,1.0,00100110101101110001
30,1.0,00100110101101110001,1.0,00100110111100110100
30,1.0,00100110111100110100,1.0,00100011011000011001
30,1.0,00100011011000011001,1.0,00100111111010010000
30,1.0,00100111111010010000,1.0,00001111111110110001
30,1.0,00001111111110110001,1.0,10101110111100110001
30,1.0,10101110111100110001,1.0,00001111111110110001
30,1.0,00001111111110110001,1.0,10101011110100110010
30,1.0,10101011110100110010,1.0,11101111110000010011
30,1.0,11101111110000010011,1.0,11101111110000010011
30,1.0,11101111110000010011,1.0,11011011100000110011
30,1.0,11011011100000110011,1.0,11011001100010111001
30,1.0,11011001100010111001,1.0,11010001001000011000
30,1.0,11010001001000011000,1.0,11010001001000010110
30,1.0,11010001001000010110,1.0,01010001111000010100
30,1.0,01010001111000010100,1.0,01010001111000010100
30,1.0,01010001111000010100,1.0,11010001110000110111
30,1.0,11010001110000110111,1.0,11010001110000110111
30,1.0,11010001110000110111,1.0,11011001110000110110
30,1.0,11011001110000110110,1.0,11011001100001110011
30,1.0,11011001100001110011,1.0,11000001100101110111
30,1.0,11000001100101110111,1.0,11000001100101110111
30,1.0,11000001100101110111,1.0,11000001100101110111
30,1.0,11000001100101110111,1.0,11001001110101010101
30,1.0,11001001110101010101,1.0,11001101100001011100
30,1.0,11001101100001011100,1.0,01000001001001011101
30,1.0,01000001001001011101,1.0,01001001001101011011
30,1.0,01001001001101011011,1.0,01000001011101101000
30,1.0,01000001011101101000,1.0,01000101011011101000
30,1.0,01000101011011101000,1.0,10001101011011101000
30,1.0,10001101011011101000,1.0,10000001011101101001
30,1.0,10000001011101101001,1.0,10001101011101001011
30,1.0,10001101011101001011,1.0,10001101011101001011
30,1.0,10001101011101001011,1.0,01001101011101001010
30,1.0,01001101011101001010,1.0,01001001111100111011
30,1.0,01001001111100111011,1.0,01100101101100101000
30,1.0,01100101101100101000,1.0,11000101101110101000
30,1.0,11000101101110101000,1.0,11001101011110110011
30,1.0,11001101011110110011,1.0,11001101011110110011
30,1.0,11001101011110110011,1.0,11001101111110010011
30,1.0,11001101111110010011,1.0,10001101111110011000
30,1.0,10001101111110011000,1.0,10001101111110011000
30,1.0,10001101111110011000,1.0,10101001111110010001
30,1.0,10101001111110010001,1.0,10101001111110010001
30,1.0,10101001111110010001,1.0,10101101111000010101
30,1.0,10101101111000010101,1.0,10100101010100011111
30,1.0,10100101010100011111,1.0,10101101000110011111
30,1.0,10101101000110011111,1.0,11101001000100011101
30,1.0,11101001000100011101,1.0,11101000000111101101
30,1.0,11101000000111101101,1.0,11101010000110101101
30,1.0,11101010000110101101,1.0,11001001001100101110
30,1.0,11001001001100101110,1.0,11000001011100110101
30,1.0,11000001011100110101,1.0,10000101011101110011
30,1.0,10000101011101110011,1.0,10001101011001011011
30,1.0,10001101011001011011,1.0,10101000011101011001
30,1.0,10101000011101011001,1.0,10100001010101011000
30,1.0,10100001010101011000,1.0,10100001010101011000
30,1.0,10100001010101011000,1.0,10101010010101011010
30,1.0,10101010010101011010,1.0,10101010000111011011
31,7.0,00001110111111110011,1.0,01000110111111100010
31,1.0,01000110111111100010,1.0,10000110111111100011
31,1.0,10000110111111100011,1.0,11000110011111000011
31,1.0,11000110011111000011,1.0,11100000111111000010
31,1.0,11100000111111000010,1.0,11110000110111000000
31,1.0,11110000110111000000,1.0,11100100110111100100
31,1.0,11100100110111100100,1.0,11001101100111100110
31,1.0,11001101100111100110,1.0,11001101100011001111
31,1.0,11001101100011001111,1.0,01001111000011001101
31,1.0,01001111000011001101,1.0,01001111000011001101
31,1.0,01001111000011001101,1.0,01001111000110011101
31,1.0,01001111000110011101,1.0,00100011000110101111
31,1.0,00100011000110101111,1.0,10101011000010101101
31,1.0,10101011000010101101,1.0,10101011000010101101
31,1.0,10101011000010101101,1.0,10101011100010110100
31,1.0,10101011100010110100,1.0,10100011110000110100
31,1.0,10100011110000110100,1.0,10110011010000010011
31,1.0,10110011010000010011,1.0,10110011010000010011
31,1.0,10110011010000010011,1.0,10110110010010010110
31,1.0,10110110010010010110,1.0,10111110110000010110
31,1.0,10111110110000010110,1.0,11111110110000010011
31,1.0,11111110110000010011,1.0,11110110010010010011
31,1.0,11110110010010010011,1.0,11110010010000010100
31,1.0,11110010010000010100,1.0,11100110110100011001
31,1.0,11100110110100011001,1.0,11100110110100010111
31,1.0,11100110110100010111,1.0,01101110111000010111
31,1.0,01101110111000010111,1.0,11100100011000011111
31,1.0,11100100011000011111,1.0,11101100011100110101
31,1.0,11101100011100110101,1.0,01100110011100010100
31,1.0,01100110011100010100,1.0,01101110111100000111
31,1.0,01101110111100000111,1.0,01101110111000010111
31,1.0,01101110111000010111,1.0,01100110111100110001
31,1.0,01100110111100110001,1.0,01111100011100110011
31,1.0,01111100011100110011,1.0,01111100111110100000
31,1.0,01111100111110100000,1.0,01110100011101000000
31,1.0,01110100011101000000,1.0,01010110001001001001
31,1.0,01010110001001001001,1.0,01011110001001001000
31,1.0,01011110001001001000,1.0,01001010011011011010
31,1.0,01001010011011011010,1.0,01001011010011011000
31,1.0,01001011010011011000,1.0,01001010011011011010
31,1.0,01001010011011011010,1.0,01001100111111011010
31,1.0,01001100111111011010,1.0,01010100111101010010
31,1.0,01010100111101010010,1.0,01000101111101010010
31,1.0,01000101111101010010,1.0,01000101111101010010
31,1.0,01000101111101010010,1.0,11001101011001110000
31,1.0,11001101011001110000,1.0,10000101110101111010
31,1.0,10000101110101111010,1.0,00000101111101101011
31,1.0,00000101111101101011,1.0,10001101011101001011
31,1.0,10001101011101001011,1.0,10000101011011101001
31,1.0,10000101011011101001,1.0,01000101111001101001
31,1.0,01000101111001101001,1.0,01001001101001111001
31,1.0,01001001101001111001,1.0,11000000101001111100
31,1.0,11000000101001111100,1.0,01000001001001011101
31,1.0,01000001001001011101,1.0,00000001001101011111
31,1.0,00000001001101011111,1.0,00001001001101011110
31,1.0,00001001001101011110,1.0,00000001101001111101
31,1.0,00000001101001111101,1.0,00001010111101110101
31,1.0,00001010111101110101,1.0,00001110111001101110
31,1.0,00001110111001101110,1.0,00010110101001101001
31,1.0,00010110101001101001,1.0,00000111101001101001
31,1.0,00000111101001101001,1.0,00001111101001101000
31,1.0,00001111101001101000,1.0,00011011101000101001
31,1.0,00011011101000101001,1.0,00011011101000101001
31,1.0,00011011101000101001,1.0,01011011001000001001
31,1.0,01011011001000001001,1.0,11011001010001001010
31,1.0,11011001010001001010,1.0,11010101110011000010
31,1.0,11010101110011000010,1.0,11010101110011000010
31,1.0,11010101110011000010,1.0,11010101110011000010
31,1.0,11010101110011000010,1.0,11111101110010000011
31,1.0,11111101110010000011,1.0,11111001110100000011
31,1.0,11111001110100000011,1.0,11111001110100000011
31,1.0,11111001110100000011,1.0,11111001110100000011
31,1.0,11111001110100000011,1.0,11100101011100100010
31,1.0,11100101011100100010,1.0,11100101010110101001
31,1.0,11100101010110101001,1.0,11010001010110100110
31,1.0,11010001010110100110,1.0,10010101000110101111
31,1.0,10010101000110101111,1.0,10011001100110111011
31,1.0,10011001100110111011,1.0,10000101100111111011
31,1.0,10000101100111111011,1.0,10000001100101111100
31,1.0,10000001100101111100,1.0,10000101110101111010
31,1.0,10000101110101111010,1.0,10000101110101111010
31,1.0,10000101110101111010,1.0,11100110100100111010
31,1.0,11100110100100111010,1.0,10101101110100111011
31,1.0,10101101110100111011,1.0,10110001110100110000
31,1.0,10110001110100110000,1.0,10100001110110110111
31,1.0,10100001110110110111,1.0,01100001110110110110
31,1.0,01100001110110110110,1.0,11100001110010110101
31,1.0,11100001110010110101,1.0,11000101110010111100
31,1.0,11000101110010111100,1.0,11011101000010101100
31,1.0,11011101000010101100,1.0,10011101000110101110
31,1.0,10011101000110101110,1.0,10010100110110111110
31,1.0,10010100110110111110,1.0,10110000110110110111
31,1.0,10110000110110110111,1.0,10110000110110110111
31,1.0,10110000110110110111,1.0,10111010100110110011
31,1.0,10111010100110110011,1.0,11111010100010110001
31,1.0,11111010100010110001,1.0,11111010100110100001
31,1.0,11111010100110100001,1.0,11101011100110100001
31,1.0,11101011100110100001,1.0,11100010100111010001
31,1.0,11100010100111010001,1.0,11100110100001010101
31,1.0,11100110100001010101,1.0,01100110100101010110
31,1.0,01100110100101010110,1.0,11100101100101010001
31,1.0,11100101100101010001,1.0,11100001100110011010
31,1.0,11100001100110011010,1.0,11000101001110011010
31,1.0,11000101001110011010,1.0,01000011011110001000
31,1.0,01000011011110001000,1.0,01001011010111001000
31,1.0,01001011010111001000,1.0,01000011011110001000
31,1.0,01000011011110001000,1.0,01001111011100001010
31,1.0,01001111011100001010,1.0,00000111011100001110
31,1.0,00000111011100001110,1.0,10001011001100001101
31,1.0,10001011001100001101,1.0,10001011001100001101
31,1.0,10001011001100001101,1.0,00001111101100001111
31,1.0,00001111101100001111,1.0,00010110101001101001
31,1.0,00010110101001101001,1.0,01011100101011101001
31,1.0,01011100101011101001,1.0,01011110110001101001
31,1.0,01011110110001101001,1.0,01110010000001101001
31,1.0,01110010000001101001,1.0,00111010101001100001
31,1.0,00111010101001100001,1.0,00110010001011100001
31,1.0,00110010001011100001,1.0,00111100001011101001
31,1.0,00111100001011101001,1.0,00101001001101101001
31,1.0,00101001001101101001,1.0,10100000001101101100
31,1.0,10100000001101101100,1.0,10101100001101110101
31,1.0,10101100001101110101,1.0,10101110000101110110
31,1.0,10101110000101110110,1.0,10101110000101110110
31,1.0,10101110000101110110,1.0,00101111000001110101
31,1.0,00101111000001110101,1.0,00101111000001110101
31,1.0,00101111000001110101,1.0,00101111000001110101
31,1.0,00101111000001110101,1.0,00101111000101100101
31,1.0,00101111000101100101,1.0,00100011001001000101
31,1.0,00100011001001000101,1.0,00100011001001000101
31,1.0,00100011001001000101,1.0,00100011001001000101
31,1.0,00100011001001000101,1.0,00001011101001010110
31,1.0,00001011101001010110,1.0,00000011001011010110
31,1.0,00000011001011010110,1.0,00000011001011010110
31,1.0,00000011001011010110,1.0,00000011001011010110
31,1.0,00000011001011010110,1.0,10001110001011110111
31,1.0,10001110001011110111,1.0,11001110000011011110
31,1.0,11001110000011011110,1.0,11001110000011011110
31,1.0,11001110000011011110,1.0,11010110100000011101
31,1.0,11010110100000011101,1.0,11001110101000011110
31,1.0,11001110101000011110,1.0,11101110001000001100
31,1.0,11101110001000001100,1.0,11101110001000001100
31,1.0,11101110001000001100,1.0,11101100011000011110
31,1.0,11101100011000011110,1.0,11101110010000011111
31,1.0,11101110010000011111,1.0,01111010000000011111
31,1.0,01111010000000011111,1.0,01111010000000011111
31,1.0,01111010000000011111,1.0,01111010000000011111
31,1.0,01111010000000011111,1.0,01111010000000011111
31,1.0,01111010000000011111,1.0,00011010110110011111
31,1.0,00011010110110011111,1.0,00011010110110011111
31,1.0,00011010110110011111,1.0,10010110110110011010
31,1.0,10010110110110011010,1.0,10110110100000111010
31,1.0,10110110100000111010,1.0,10110110100000111010
31,1.0,10110110100000111010,1.0,10111010100100011001
31,1.0,10111010100100011001,1.0,10100110001100111000
31,1.0,10100110001100111000,1.0,10100110001100111000
31,1.0,10100110001100111000,1.0,11101110010100111000
31,1.0,11101110010100111000,1.0,11101100110101011000
31,1.0,11101100110101011000,1.0,10001101110111011001
31,1.0,10001101110111011001,1.0,00011101110011011000
31,1.0,00011101110011011000,1.0,00011001100111011001
31,1.0,00011001100111011001,1.0,10000101000111011110
31,1.0,10000101000111011110,1.0,10000101000111011110
31,1.0,10000101000111011110,1.0,10000101100011111100
31,1.0,10000101100011111100,1.0,00001101110011111111
31,1.0,00001101110011111111,1.0,00011100110011111111
31,1.0,00011100110011111111,1.0,00100010100011111100
31,1.0,00100010100011111100,1.0,00100010000111011110
31,1.0,00100010000111011110,1.0,01100010000111011011
31,1.0,01100010000111011011,1.0,01100010000111011011
31,1.0,01100010000111011011,1.0,01011010010011011000
31,1.0,01011010010011011000,1.0,10011010010011011001
31,1.0,10011010010011011001,1.0,10011010000011111010
31,1.0,10011010000011111010,1.0,10011010010011011001
31,1.0,10011010010011011001,1.0,10010000010011111110
32,1.0,11110000010011110000,1.0,11100001010011110000
32,1.0,11100001010011110000,1.0,11101101010011010010
32,1.0,11101101010011010010,1.0,11100101010001100100
32,1.0,11100101010001100100,1.0,11001101010001101110
32,1.0,11001101010001101110,1.0,10000110110001111110
32,1.0,10000110110001111110,1.0,10001110011001110110
32,1.0,10001110011001110110,1.0,10000110011001110111
32,1.0,10000110011001110111,1.0,10010110011000110100
32,1.0,10010110011000110100,1.0,11010000011100110101
32,1.0,11010000011100110101,1.0,11011000011100110100
32,1.0,11011000011100110100,1.0,11011000011100110100
32,1.0,11011000011100110100,1.0,11110000001100100100
32,1.0,11110000001100100100,1.0,11110100000011100101
32,1.0,11110100000011100101,1.0,11011100100011110110
32,1.0,11011100100011110110,1.0,11011100100011110110
32,1.0,11011100100011110110,1.0,11010100100011110111
32,1.0,11010100100011110111,1.0,11011100110011010101
32,1.0,11011100110011010101,1.0,11010110100011010011
32,1.0,11010110100011010011,1.0,11011110100011010010
32,1.0,11011110100011010010,1.0,01011111100011000001
32,1.0,01011111100011000001,1.0,01011111100011000001
32,1.0,01011111100011000001,1.0,01011101100011100101
32,1.0,01011101100011100101,1.0,01010101001001000100
32,1.0,01010101001001000100,1.0,01110000101001000110
32,1.0,01110000101001000110,1.0,11111000101001000011
32,1.0,11111000101001000011,1.0,01110000101011100010
32,1.0,01110000101011100010,1.0,11010010101010000110
32,1.0,11010010101010000110,1.0,10011110101110000100
32,1.0,10011110101110000100,1.0,11011100111110000100
32,1.0,11011100111110000100,1.0,11011100111010010100
32,1.0,11011100111010010100,1.0,11110100011010010010
32,1.0,11110100011010010010,1.0,10011101111010010011
32,1.0,10011101111010010011,1.0,00011101101011010010
32,1.0,00011101101011010010,1.0,00110001001001010001
32,1.0,00110001001001010001,1.0,00111001001001010000
32,1.0,00111001001001010000,1.0,00111000001011011001
32,1.0,00111000001011011001,1.0,00111000001011011001
32,1.0,00111000001011011001,1.0,00111000001011011001
32,1.0,00111000001011011001,1.0,00111000001011011001
32,1.0,00111000001011011001,1.0,00011001001001011011
32,1.0,00011001001001011011,1.0,00011001001001011011
32,1.0,00011001001001011011,1.0,00011001010001011111
32,1.0,00011001010001011111,1.0,00011001010001011111
32,1.0,00011001010001011111,1.0,00101001010011011101
32,1.0,00101001010011011101,1.0,00101011010010011101
32,1.0,00101011010010011101,1.0,00101011010010011101
32,1.0,00101011010010011101,1.0,10101001110010011111
32,1.0,10101001110010011111,1.0,01101001110010011110
32,1.0,01101001110010011110,1.0,01101001010010111110
32,1.0,01101001010010111110,1.0,00101101010110111101
32,1.0,00101101010110111101,1.0,00000101010111111100
32,1.0,00000101010111111100,1.0,01001101010111111000
32,1.0,01001101010111111000,1.0,01000101010111111001
32,1.0,01000101010111111001,1.0,01000001010111101101
32,1.0,01000001010111101101,1.0,01001001010111101100
32,1.0,01001001010111101100,1.0,01100100010011111110
32,1.0,01100100010011111110,1.0,01100001010010111111
32,1.0,01100001010010111111,1.0,11100100011010101100
32,1.0,11100100011010101100,1.0,11100100011010111011
32,1.0,11100100011010111011,1.0,11101100011010111010
32,1.0,11101100011010111010,1.0,11101100011010111010
32,1.0,11101100011010111010,1.0,11001110101010111010
32,1.0,11001110101010111010,1.0,10000011101000111011
32,1.0,10000011101000111011,1.0,01000011101000111010
32,1.0,01000011101000111010,1.0,11000111100000011101
32,1.0,11000111100000011101,1.0,11000010111010001110
32,1.0,11000010111010001110,1.0,11000011011010000101
32,1.0,11000011011010000101,1.0,11000011011010000101
32,1.0,11000011011010000101,1.0,10001011011010010110
32,1.0,10001011011010010110,1.0,10100111010010010110
32,1.0,10100111010010010110,1.0,10100101010011010110
32,1.0,10100101010011010110,1.0,10110100010011010110
32,1.0,10110100010011010110,1.0,10110101000011010000
32,1.0,10110101000011010000,1.0,10110001000101010000
32,1.0,10110001000101010000,1.0,10110000001101010010
32,1.0,10110000001101010010,1.0,01010100101111010011
32,1.0,01010100101111010011,1.0,01011100101111010010
32,1.0,01011100101111010010,1.0,01011100001111001011
32,1.0,01011100001111001011,1.0,01011100011101001010
32,1.0,01011100011101001010,1.0,10011100011101001011
32,1.0,10011100011101001011,1.0,11011100011001001001
32,1.0,11011100011001001001,1.0,11011100011001001001
32,1.0,11011100011001001001,1.0,11010100101001001011
32,1.0,11010100101001001011,1.0,11010000101100001111
32,1.0,11010000101100001111,1.0,01011110101000001101
32,1.0,01011110101000001101,1.0,01010010001100001101
32,1.0,01010010001100001101,1.0,01011110011100001010
32,1.0,01011110011100001010,1.0,01010010011110001000
32,1.0,01010010011110001000,1.0,01010010010111001001
32,1.0,01010010010111001001,1.0,00010010110111101001
32,1.0,00010010110111101001,1.0,00011010110111101000
32,1.0,00011010110111101000,1.0,10010010010101101010
32,1.0,10010010010101101010,1.0,00011011010001101000
32,1.0,00011011010001101000,1.0,11011101000001101000
32,1.0,11011101000001101000,1.0,11010101001000101000
32,1.0,11010101001000101000,1.0,10010101001100101010
32,1.0,10010101001100101010,1.0,10010101000100111100
32,1.0,10010101000100111100,1.0,10010110000100111111
32,1.0,10010110000100111111,1.0,00011110100110111101
32,1.0,00011110100110111101,1.0,00011111100100110100
32,1.0,00011111100100110100,1.0,00000111010101110110
32,1.0,00000111010101110110,1.0,01000101011101110010
32,1.0,01000101011101110010,1.0,00100001011011110011
32,1.0,00100001011011110011,1.0,10101001111110010001
32,1.0,10101001111110010001,1.0,01101001111110010000
32,1.0,01101001111110010000,1.0,01100001111110010001
32,1.0,01100001111110010001,1.0,01000101111110011000
32,1.0,01000101111110011000,1.0,01001101111010111011
32,1.0,01001101111010111011,1.0,01011100111010111011
32,1.0,01011100111010111011,1.0,01110100101000111000
32,1.0,01110100101000111000,1.0,01110100101100100110
32,1.0,01110100101100100110,1.0,01110100101100100110
32,1.0,01110100101100100110,1.0,11110001100000100110
32,1.0,11110001100000100110,1.0,01111001100000110111
32,1.0,01111001100000110111,1.0,01110010100010110100
32,1.0,01110010100010110100,1.0,11110000110010110101
32,1.0,11110000110010110101,1.0,10110110110010110011
32,1.0,10110110110010110011,1.0,10110110110010100100
32,1.0,10110110110010100100,1.0,11111000110010110100
32,1.0,11111000110010110100,1.0,11110000110010110101
32,1.0,11110000110010110101,1.0,11010001110000110111
32,1.0,11010001110000110111,1.0,10011101110100110101
32,1.0,10011101110100110101,1.0,11100101010100110100
32,1.0,11100101010100110100,1.0,01101101010001110101
32,1.0,01101101010001110101,1.0,00111001010001010100
32,1.0,00111001010001010100,1.0,00110001010001010101
32,1.0,00110001010001010101,1.0,00111111010001000000
32,1.0,00111111010001000000,1.0,00111001110001110001
32,1.0,00111001110001110001,1.0,11111000100011110001
32,1.0,11111000100011110001,1.0,11111000100011110001
32,1.0,11111000100011110001,1.0,11110000000011010101
32,1.0,11110000000011010101,1.0,01110000100011110100
32,1.0,01110000100011110100,1.0,01111100001001110001
32,1.0,01111100001001110001,1.0,01111100011001100011
32,1.0,01111100011001100011,1.0,01110000011011100001
32,1.0,01110000011011100001,1.0,01110000011011100001
32,1.0,01110000011011100001,1.0,01010001111010110000
32,1.0,01010001111010110000,1.0,01010001111010110000
32,1.0,01010001111010110000,1.0,01011101111010010010
32,1.0,01011101111010010010,1.0,01010100011110110110
32,1.0,01010100011110110110,1.0,11011000011100110100
32,1.0,11011000011100110100,1.0,11011110011100100000
32,1.0,11011110011100100000,1.0,01111000011100101001
32,1.0,01111000011100101001,1.0,01111000011100101001
32,1.0,01111000011100101001,1.0,01111010010100101010
32,1.0,01111010010100101010,1.0,01110010010100101011
32,1.0,01110010010100101011,1.0,10101011010100101011
32,1.0,10101011010100101011,1.0,10100011010000101101
32,1.0,10100011010000101101,1.0,11101011110100100000
32,1.0,11101011110100100000,1.0,11111001010100100011
32,1.0,11111001010100100011,1.0,11101111010110000010
32,1.0,11101111010110000010,1.0,10100111010101000010
32,1.0,10100111010101000010,1.0,10100111010101000010
32,1.0,10100111010101000010,1.0,10110110000111000011
32,1.0,10110110000111000011,1.0,10111110000111000010
32,1.0,10111110000111000010,1.0,10110110001110000010
32,1.0,10110110001110000010,1.0,10110111000110000000
32,1.0,10110111000110000000,1.0,00111111000110010001
32,1.0,00111111000110010001,1.0,00110011100010110011
32,1.0,00110011100010110011,1.0,01111111100000100011
32,1.0,01111111100000100011,1.0,01010111100010100110
32,1.0,01010111100010100110,1.0,01011011000010110101
32,1.0,01011011000010110101,1.0,01010011010000110101
32,1.0,01010011010000110101,1.0,00011011010100110110
32,1.0,00011011010100110110,1.0,00010011010100111001
32,1.0,00010011010100111001,1.0,00010011110100011001
32,1.0,00010011110100011001,1.0,01011011110100010011
32,1.0,01011011110100010011,1.0,01100011110100110010
32,1.0,01100011110100110010,1.0,01100111110110100010
32,1.0,01100111110110100010,1.0,01100111110110100010
32,1.0,01100111110110100010,1.0,01100111110110100010
32,1.0,01100111110110100010,1.0,01100111110110100010
32,1.0,01100111110110100010,1.0,01101111010010101010
32,1.0,01101111010010101010,1.0,01101011011100000011
32,1.0,01101011011100000011,1.0,01101001011100101001
32,1.0,01101001011100101001,1.0,01100011001000101000
33,25.0,01000010001011011100,1.0,01001010001101001111
33,1.0,01001010001101001111,1.0,01001010001101001111
33,1.0,01001010001101001111,1.0,11000010001100011110
33,1.0,11000010001100011110,1.0,11000010001100011110
33,1.0,11000010001100011110,1.0,01001010001110111100
33,1.0,01001010001110111100,1.0,01000110111010011100
33,1.0,01000110111010011100,1.0,01001110111010101111
33,1.0,01001110111010101111,1.0,01000101111010101101
33,1.0,01000101111010101101,1.0,01001111110010101101
33,1.0,01001111110010101101,1.0,11011111100010100011
33,1.0,11011111100010100011,1.0,10011111100010101000
33,1.0,10011111100010101000,1.0,10111110100010011001
33,1.0,10111110100010011001,1.0,10011100100111111010
33,1.0,10011100100111111010,1.0,10010100100011111100
33,1.0,10010100100011111100,1.0,10010100101011010101
33,1.0,10010100101011010101,1.0,10010100110110111110
33,1.0,10010100110110111110,1.0,10000101110110111110
33,1.0,10000101110110111110,1.0,10000101110110111110
33,1.0,10000101110110111110,1.0,00001111110110101111
33,1.0,00001111110110101111,1.0,00100011000110101111
33,1.0,00100011000110101111,1.0,00100111001010101010
33,1.0,00100111001010101010,1.0,00101011001010011001
33,1.0,00101011001010011001,1.0,00101011001010011001
33,1.0,00101011001010011001,1.0,00101011001010011001
33,1.0,00101011001010011001,1.0,10100101001000011100
33,1.0,10100101001000011100,1.0,10101101100010111101
33,1.0,10101101100010111101,1.0,00100001100011011111
33,1.0,00100001100011011111,1.0,00001011100011011101
33,1.0,00001011100011011101,1.0,00101011100000111111
33,1.0,00101011100000111111,1.0,00001111101100110110
33,1.0,00001111101100110110,1.0,00001111101100110110
33,1.0,00001111101100110110,1.0,10000110111110110100
33,1.0,10000110111110110100,1.0,10000110111110110100
33,1.0,10000110111110110100,1.0,10001111111000100111
33,1.0,10001111111000100111,1.0,00000111101001100111
33,1.0,00000111101001100111,1.0,00000011101011100100
33,1.0,00000011101011100100,1.0,00001010101101101111
33,1.0,00001010101101101111,1.0,00100010101101100101
33,1.0,00100010101101100101,1.0,10101010001101000101
33,1.0,10101010001101000101,1.0,10000010111101100100
33,1.0,10000010111101100100,1.0,10000110110101101110
33,1.0,10000110110101101110,1.0,10101110010101101010
33,1.0,10101110010101101010,1.0,10101001110101001011
33,1.0,10101001110101001011,1.0,10000101110101111010
33,1.0,10000101110101111010,1.0,10001101100111111010
33,1.0,10001101100111111010,1.0,10011101000011011010
33,1.0,10011101000011011010,1.0,10010101010010011110
33,1.0,10010101010010011110,1.0,10010001010011010101
33,1.0,10010001010011010101,1.0,10010001000011110110
33,1.0,10010001000011110110,1.0,00011111000011110011
33,1.0,00011111000011110011,1.0,01011111010010110011
33,1.0,01011111010010110011,1.0,01011111110010010011
33,1.0,01011111110010010011,1.0,00011111110010010110
33,1.0,00011111110010010110,1.0,00010111110010010111
33,1.0,00010111110010010111,1.0,00010111110010010111
33,1.0,00010111110010010111,1.0,00010010110011110111
33,1.0,00010010110011110111,1.0,10011010111010110011
33,1.0,10011010111010110011,1.0,10011001111010110000
33,1.0,10011001111010110000,1.0,11010001101000110011
33,1.0,11010001101000110011,1.0,11000101101010110110
33,1.0,11000101101010110110,1.0,11011001100010110111
33,1.0,11011001100010110111,1.0,10011111100010100110
33,1.0,10011111100010100110,1.0,10010111100010100111
33,1.0,10010111100010100111,1.0,10011110100111000101
33,1.0,10011110100111000101,1.0,01011110100111000100
33,1.0,01011110100111000100,1.0,01010100101111000100
33,1.0,01010100101111000100,1.0,01010100101111000100
33,1.0,01010100101111000100,1.0,01001000101111011100
33,1.0,01001000101111011100,1.0,01001100111111011010
33,1.0,01001100111111011010,1.0,11100100110101011001
33,1.0,11100100110101011001,1.0,11100100110101011001
33,1.0,11100100110101011001,1.0,11100001100110011010
33,1.0,11100001100110011010,1.0,10111001100110110000
33,1.0,10111001100110110000,1.0,10111101100100100100
33,1.0,10111101100100100100,1.0,10110001100100101010
33,1.0,10110001100100101010,1.0,10111001100110001001
33,1.0,10111001100110001001,1.0,10111001110100001000
33,1.0,10111001110100001000,1.0,10110001110100001001
33,1.0,10110001110100001001,1.0,10110001110100001001
33,1.0,10110001110100001001,1.0,10111001110100001000
33,1.0,10111001110100001000,1.0,10111001010100101000
33,1.0,10111001010100101000,1.0,10110100001110101000
33,1.0,10110100001110101000,1.0,00111100011110101011
33,1.0,00111100011110101011,1.0,00110100011100111001
33,1.0,00110100011100111001,1.0,01100101001100011010
33,1.0,01100101001100011010,1.0,01100101010100011110
33,1.0,01100101010100011110,1.0,11110001000100001010
33,1.0,11110001000100001010,1.0,11111110000100001001
33,1.0,11111110000100001001,1.0,11111010000101000000
33,1.0,11111010000101000000,1.0,11111010000101000000
33,1.0,11111010000101000000,1.0,11111000101001000011
33,1.0,11111000101001000011,1.0,11100100111001000110
33,1.0,11100100111001000110,1.0,10100001110001001101
33,1.0,10100001110001001101,1.0,01100101110011001011
33,1.0,01100101110011001011,1.0,01100001110001011011
33,1.0,01100001110001011011,1.0,01101001110001011010
33,1.0,01101001110001011010,1.0,01100001010001111011
33,1.0,01100001010001111011,1.0,01101001010001111010
33,1.0,01101001010001111010,1.0,01100100010011111110
33,1.0,01100100010011111110,1.0,01100110100001101101
33,1.0,01100110100001101101,1.0,01100110110100101111
33,1.0,01100110110100101111,1.0,00100110111100001101
33,1.0,00100110111100001101,1.0,10100100111110001110
33,1.0,10100100111110001110,1.0,11100000111100001100
33,1.0,11100000111100001100,1.0,11100000110101001101
33,1.0,11100000110101001101,1.0,10100000101101001100
33,1.0,10100000101101001100,1.0,10100000101101001100
33,1.0,10100000101101001100,1.0,10101000101001101111
33,1.0,10101000101001101111,1.0,10100000101101001100
33,1.0,10100000101101001100,1.0,10100000001101101100
33,1.0,10100000001101101100,1.0,10000110101101101010
33,1.0,10000110101101101010,1.0,11000110001101001010
33,1.0,11000110001101001010,1.0,11011100001001101010
33,1.0,11011100001001101010,1.0,11011100001001101010
33,1.0,11011100001001101010,1.0,11010010001001100010
33,1.0,11010010001001100010,1.0,11010010101001000010
33,1.0,11010010101001000010,1.0,11010010101001000010
33,1.0,11010010101001000010,1.0,11010110110001010010
33,1.0,11010110110001010010,1.0,11010010100101010011
33,1.0,11010010100101010011,1.0,00110010100101110010
33,1.0,00110010100101110010,1.0,11011010100101010010
33,1.0,11011010100101010010,1.0,11010010100101010011
33,1.0,11010010100101010011,1.0,11011010100101010010
33,1.0,11011010100101010010,1.0,11010110110001010010
33,1.0,11010110110001010010,1.0,11010100110001110110
33,1.0,11010100110001110110,1.0,10011100111001100111
33,1.0,10011100111001100111,1.0,10011100111001100111
33,1.0,10011100111001100111,1.0,10010100111001010100
33,1.0,10010100111001010100,1.0,10010100011001110100
33,1.0,10010100011001110100,1.0,10010100001001101110
33,1.0,10010100001001101110,1.0,10010100001001101110
33,1.0,10010100001001101110,1.0,11011100000011101111
33,1.0,11011100000011101111,1.0,11010100100011111001
33,1.0,11010100100011111001,1.0,11011100100011001111
33,1.0,11011100100011001111,1.0,11010110100110101001
33,1.0,11010110100110101001,1.0,11010010100111100000
33,1.0,11010010100111100000,1.0,11010010000111010010
33,1.0,11010010000111010010,1.0,01000011010111110000
33,1.0,01000011010111110000,1.0,01000111010110111001
33,1.0,01000111010110111001,1.0,00101111010100111001
33,1.0,00101111010100111001,1.0,01101101110100111010
33,1.0,01101101110100111010,1.0,11101101010100011011
33,1.0,11101101010100011011,1.0,10101101010100011110
33,1.0,10101101010100011110,1.0,10101100110111001110
33,1.0,10101100110111001110,1.0,10000110111110001101
33,1.0,10000110111110001101,1.0,10001110111110001100
33,1.0,10001110111110001100,1.0,10000111111100000100
33,1.0,10000111111100000100,1.0,10000010111100011101
33,1.0,10000010111100011101,1.0,10001010111100011100
33,1.0,10001010111100011100,1.0,10001010111100011100
33,1.0,10001010111100011100,1.0,10001010110101011101
33,1.0,10001010110101011101,1.0,11001010000101011110
33,1.0,11001010000101011110,1.0,11010000000101011100
33,1.0,11010000000101011100,1.0,11000001000101011100
33,1.0,11000001000101011100,1.0,11010100100001011101
33,1.0,11010100100001011101,1.0,10011001110001010101
33,1.0,10011001110001010101,1.0,10011001110001010101
33,1.0,10011001110001010101,1.0,00010001110011110100
33,1.0,00010001110011110100,1.0,00010001110111100100
33,1.0,00010001110111100100,1.0,00010001110111100100
33,1.0,00010001110111100100,1.0,00011111110110000110
33,1.0,00011111110110000110,1.0,00010111110110000111
33,1.0,00010111110110000111,1.0,00011101111110000101
33,1.0,00011101111110000101,1.0,00110101011010000100
33,1.0,00110101011010000100,1.0,01111010011000000100
33,1.0,01111010011000000100,1.0,01111010011000000100
33,1.0,01111010011000000100,1.0,00110010011100000111
33,1.0,00110010011100000111,1.0,00111010011100000110
33,1.0,00111010011100000110,1.0,00110010011010100100
33,1.0,00110010011010100100,1.0,00110010011010100100
33,1.0,00110010011010100100,1.0,00110110010010101110
33,1.0,00110110010010101110,1.0,00100010110011101110
33,1.0,00100010110011101110,1.0,00011010110011001111
33,1.0,00011010110011001111,1.0,00011110110011011011
33,1.0,00011110110011011011,1.0,00011110110011011011
33,1.0,00011110110011011011,1.0,00011010101011001011
33,1.0,00011010101011001011,1.0,00011010001011101011
33,1.0,00011010001011101011,1.0,10010110001000101110
33,1.0,10010110001000101110,1.0,11000111001000101011
33,1.0,11000111001000101011,1.0,10111001001000001011
33,1.0,10111001001000001011,1.0,10111001001000001011
33,1.0,10111001001000001011,1.0,10111001001000001011
33,1.0,10111001001000001011,1.0,01111001001000001010
33,1.0,01111001001000001010,1.0,00010101001110001100
33,1.0,00010101001110001100,1.0,00100001101110001110
33,1.0,00100001101110001110,1.0,00100101101011001010
33,1.0,00100101101011001010,1.0,00110100101011001010
33,1.0,00110100101011001010,1.0,00010001101011001001
33,1.0,00010001101011001001,1.0,00011001101011001000
33,1.0,00011001101011001000,1.0,00010101100011111010
34,3.0,11111100010001001011,3.0,11010000010101001110
34,3.0,11010000010101001110,3.0,01010010000101001110
34,3.0,01010010000101001110,1.0,01001010001101001111
34,1.0,01001010001101001111,1.0,01001010001110111100
34,1.0,01001010001110111100,1.0,01010010001100110100
34,1.0,01010010001100110100,1.0,01010010001100110100
34,1.0,01010010001100110100,1.0,10011010001100110100
34,1.0,10011010001100110100,1.0,00000010001101111100
34,1.0,00000010001101111100,1.0,00101010101100011101
34,1.0,00101010101100011101,1.0,10100110110100011100
34,1.0,10100110110100011100,1.0,00100010101001001110
34,1.0,00100010101001001110,1.0,00100001101110001110
34,1.0,00100001101110001110,1.0,00110000101110001110
34,1.0,00110000101110001110,1.0,00110001001000001110
34,1.0,00110001001000001110,1.0,01111001001000001010
34,1.0,01111001001000001010,1.0,01111001001000001010
34,1.0,01111001001000001010,1.0,01100001101010001100
34,1.0,01100001101010001100,1.0,11101000001010111100
34,1.0,11101000001010111100,1.0,11101000000011111101
34,1.0,11101000000011111101,1.0,11100100110011110100
34,1.0,11100100110011110100,1.0,11101100100111010111
34,1.0,11101100100111010111,1.0,11101100110111110010
34,1.0,11101100110111110010,1.0,11111000110110110011
34,1.0,11111000110110110011,1.0,11111000110110110011
34,1.0,11111000110110110011,1.0,10111000111110010001
34,1.0,10111000111110010001,1.0,10110000101110110011
34,1.0,10110000101110110011,1.0,10110010001100010010
34,1.0,10110010001100010010,1.0,11111000001110010010
34,1.0,11111000001110010010,1.0,01110100001100011010
34,1.0,01110100001100011010,1.0,01111001000100011011
34,1.0,01111001000100011011,1.0,01111101010000011010
34,1.0,01111101010000011010,1.0,01111001000100011011
34,1.0,01111001000100011011,1.0,01111001000100011011
34,1.0,01111001000100011011,1.0,10111101100110010011
34,1.0,10111101100110010011,1.0,10111001100110110000
34,1.0,10111001100110110000,1.0,10011001100110111011
34,1.0,10011001100110111011,1.0,10011001100110111011
34,1.0,10011001100110111011,1.0,10000101100111111011
34,1.0,10000101100111111011,1.0,10001101110111011001
34,1.0,10001101110111011001,1.0,11101100110101011000
34,1.0,11101100110101011000,1.0,01001110110111011011
34,1.0,01001110110111011011,1.0,01000110111111100010
34,1.0,01000110111111100010,1.0,01101110011101000010
34,1.0,01101110011101000010,1.0,11001110011111000010
34,1.0,11001110011111000010,1.0,11101110011001000001
34,1.0,11101110011001000001,1.0,11001010011001101001
34,1.0,11001010011001101001,1.0,11100110010001101001
34,1.0,11100110010001101001,1.0,11010010010001101000
34,1.0,11010010010001101000,1.0,11010010010001101000
34,1.0,11010010010001101000,1.0,11010111010000001000
34,1.0,11010111010000001000,1.0,11010011000000011001
34,1.0,11010011000000011001,1.0,11010111100010010000
34,1.0,11010111100010010000,1.0,11010111100110000000
34,1.0,11010111100110000000,1.0,11010111100110000000
34,1.0,11010111100110000000,1.0,11010111100110000000
34,1.0,11010111100110000000,1.0,11111010100110100001
34,1.0,11111010100110100001,1.0,11111010000101000000
34,1.0,11111010000101000000,1.0,11010110000101000110
34,1.0,11010110000101000110,1.0,11010110000101000110
34,1.0,11010110000101000110,1.0,11011010000011100110
34,1.0,11011010000011100110,1.0,11001011010011000101
34,1.0,11001011010011000101,1.0,11101111010010010010
34,1.0,11101111010010010010,1.0,11101010010010011100
34,1.0,11101010010010011100,1.0,11101010010010011100
34,1.0,11101010010010011100,1.0,11111100000010011101
34,1.0,11111100000010011101,1.0,01111100000110011110
34,1.0,01111100000110011110,1.0,01110010000110011000
34,1.0,01110010000110011000,1.0,01110010000110011000
34,1.0,01110010000110011000,1.0,01110010000110011000
34,1.0,01110010000110011000,1.0,01100010001110011010
34,1.0,01100010001110011010,1.0,00101110001111001000
34,1.0,00101110001111001000,1.0,00101110110111101001
34,1.0,00101110110111101001,1.0,00111110000011101010
34,1.0,00111110000011101010,1.0,00110110000011101011
34,1.0,00110110000011101011,1.0,10111010000001101001
34,1.0,10111010000001101001,1.0,10100110001001101000
34,1.0,10100110001001101000,1.0,10100010001100101100
34,1.0,10100010001100101100,1.0,10101110001100001110
34,1.0,10101110001100001110,1.0,10100110001100001111
34,1.0,10100110001100001111,1.0,11101110001100001011
34,1.0,11101110001100001011,1.0,11101110001100001011
34,1.0,11101110001100001011,1.0,11000110001101001010
34,1.0,11000110001101001010,1.0,10001110101111001001
34,1.0,10001110101111001001,1.0,10010010100111001011
34,1.0,10010010100111001011,1.0,10011011000111000001
34,1.0,10011011000111000001,1.0,10010011000110101000
34,1.0,10010011000110101000,1.0,10010011000110101000
34,1.0,10010011000110101000,1.0,10011111000110001010
34,1.0,10011111000110001010,1.0,00011111110110001000
34,1.0,00011111110110001000,1.0,00110011010010001010
34,1.0,00110011010010001010,1.0,00000011111010001111
34,1.0,00000011111010001111,1.0,00000111110001101101
34,1.0,00000111110001101101,1.0,00000111110001101101
34,1.0,00000111110001101101,1.0,00000110110111011111
34,1.0,00000110110111011111,1.0,00011110110011011011
34,1.0,00011110110011011011,1.0,00111110110011010000
34,1.0,00111110110011010000,1.0,10110110010010011000
34,1.0,10110110010010011000,1.0,10111010010000111011
34,1.0,10111010010000111011,1.0,10110010010100011000
34,1.0,10110010010100011000,1.0,10010111010110010001
34,1.0,10010111010110010001,1.0,10110101010110010010
34,1.0,10110101010110010010,1.0,00110101011010010011
34,1.0,00110101011010010011,1.0,00111101111000010011
34,1.0,00111101111000010011,1.0,00111101111010100000
34,1.0,00111101111010100000,1.0,00111001111000110000
34,1.0,00111001111000110000,1.0,00101001111010111001
34,1.0,00101001111010111001,1.0,00101001111010111001
34,1.0,00101001111010111001,1.0,01100001011000111010
34,1.0,01100001011000111010,1.0,01000101011110111000
34,1.0,01000101011110111000,1.0,01000011011010011000
34,1.0,01000011011010011000,1.0,01000101011110111000
34,1.0,01000101011110111000,1.0,01000001011110101100
34,1.0,01000001011110101100,1.0,00000101111110101111
34,1.0,00000101111110101111,1.0,00000101111110101111
34,1.0,00000101111110101111,1.0,00101101011110101011
34,1.0,00101101011110101011,1.0,10100101001110101000
34,1.0,10100101001110101000,1.0,10101011001000101000
34,1.0,10101011001000101000,1.0,11101011110000001001
34,1.0,11101011110000001001,1.0,11111010110000001001
34,1.0,11111010110000001001,1.0,11101010110010111001
34,1.0,11101010110010111001,1.0,11101010110010111001
34,1.0,11101010110010111001,1.0,01100001110110111000
34,1.0,01100001110110111000,1.0,01100011110100110010
34,1.0,01100011110100110010,1.0,01001111110100110111
34,1.0,01001111110100110111,1.0,01001111110100110111
34,1.0,01001111110100110111,1.0,01001111110100110111
34,1.0,01001111110100110111,1.0,01001111110100110111
34,1.0,01001111110100110111,1.0,01001111110100110111
34,1.0,01001111110100110111,1.0,01001111110100110111
34,1.0,01001111110100110111,1.0,01011101110100110100
34,1.0,01011101110100110100,1.0,01001111110100110111
34,1.0,01001111110100110111,1.0,01000011001100110100
34,1.0,01000011001100110100,1.0,01010010001100110100
34,1.0,01010010001100110100,1.0,01011010001100001100
34,1.0,01011010001100001100,1.0,11011010011010000100
34,1.0,11011010011010000100,1.0,11011010011001000000
34,1.0,11011010011001000000,1.0,10011110001101100000
34,1.0,10011110001101100000,1.0,10011110101101000000
34,1.0,10011110101101000000,1.0,10011110101101000000
34,1.0,10011110101101000000,1.0,00011111100111000011
34,1.0,00011111100111000011,1.0,00011111100111000011
34,1.0,00011111100111000011,1.0,10111001100101000011
34,1.0,10111001100101000011,1.0,10111000100111110011
34,1.0,10111000100111110011,1.0,10110010000101010011
34,1.0,10110010000101010011,1.0,10110010000101010011
34,1.0,10110010000101010011,1.0,10100011000101010011
34,1.0,10100011000101010011,1.0,10000011100101011000
34,1.0,10000011100101011000,1.0,10010010100101011000
34,1.0,10010010100101011000,1.0,10001010101101011001
34,1.0,10001010101101011001,1.0,00010000001101011111
34,1.0,00010000001101011111,1.0,00000101001011011111
34,1.0,00000101001011011111,1.0,00001101101001011111
34,1.0,00001101101001011111,1.0,00010001111001000110
34,1.0,00010001111001000110,1.0,00101001011001010110
34,1.0,00101001011001010110,1.0,00000101011001011110
34,1.0,00000101011001011110,1.0,00010100011001011110
34,1.0,00010100011001011110,1.0,00011000110101111111
34,1.0,00011000110101111111,1.0,00011000101101101100
34,1.0,00011000101101101100,1.0,00011000101101101100
34,1.0,00011000101101101100,1.0,01011000101110101101
34,1.0,01011000101110101101,1.0,01011000111100111011
34,1.0,01011000111100111011,1.0,00011010111100011010
34,1.0,00011010111100011010,1.0,00011010111100011010
34,1.0,00011010111100011010,1.0,00010010111100011011
34,1.0,00010010111100011011,1.0,00010010111100011011
34,1.0,00010010111100011011,1.0,00011010110110011111
34,1.0,00011010110110011111,1.0,00100010110110111110
34,1.0,00100010110110111110,1.0,00100010111110011001
34,1.0,00100010111110011001,1.0,00101010101111010011
34,1.0,00101010101111010011,1.0,00100010011111010010
34,1.0,00100010011111010010,1.0,00100010011111010010
34,1.0,00100010011111010010,1.0,00100010011111010010
34,1.0,00100010011111010010,1.0,00100010101011010101
34,1.0,00100010101011010101,1.0,00101010101011010100
34,1.0,00101010101011010100,1.0,00100010111110010111
34,1.0,00100010111110010111,1.0,01100010111010010101
34,1.0,01100010111010010101,1.0,11100010001010010111
34,1.0,11100010001010010111,1.0,11101010001010010110
34,1.0,11101010001010010110,1.0,11100010001010010111
34,1.0,11100010001010010111,1.0,11100110010100110111
34,1.0,11100110010100110111,1.0,11011110000100111011
34,1.0,11011110000100111011,1.0,11011110000100111011
34,1.0,11011110000100111011,1.0,00011110000111111000
34,1.0,00011110000111111000,1.0,01010010000011111010
34,1.0,01010010000011111010,1.0,01010000011011011000
34,1.0,01010000011011011000,1.0,01010100011011101000
34,1.0,01010100011011101000,1.0,01011100111010101100
34,1.0,01011100111010101100,1.0,01011100111110101011
34,1.0,01011100111110101011,1.0,01001101111110101011
34,1.0,01001101111110101011,1.0,00000101111110101111
34,1.0,00000101111110101111,1.0,00010011001000001101
34,1.0,00010011001000001101,1.0,00011011001000001100
34,1.0,00011011001000001100,1.0,00011011001000001100
34,1.0,00011011001000001100,1.0,00011011000001001101
34,1.0,00011011000001001101,1.0,00011011000001110100
34,1.0,00011011000001110100,1.0,01000011100010111111
34,1.0,01000011100010111111,1.0,10001011100010111111
34,1.0,10001011100010111111,1.0,10000011000011111011
34,1.0,10000011000011111011,1.0,11000011000011101001
34,1.0,11000011000011101001,1.0,11000011010010111011
34,1.0,11000011010010111011,1.0,01000011010011011001
34,1.0,01000011010011011001,1.0,01000011011010011000
34,1.0,01000011011010011000,1.0,00000011111010111000
34,1.0,00000011111010111000,1.0,00001010111011111010
34,1.0,00001010111011111010,1.0,00000011110011111001
34,1.0,00000011110011111001,1.0,00000111111011100010
34,1.0,00000111111011100010,1.0,01001111111000100110
34,1.0,01001111111000100110,1.0,01001111111000100110
35,1.0,10001000111111110110,1.0,10001000111111110110
35,1.0,10001000111111110110,1.0,10000000111111110111
35,1.0,10000000111111110111,1.0,10001001111011110011
35,1.0,10001001111011110011,1.0,10001001111011110011
35,1.0,10001001111011110011,1.0,10001011111010110011
35,1.0,10001011111010110011,1.0,11001011111010100001
35,1.0,11001011111010100001,1.0,01000111111000101001
35,1.0,01000111111000101001,1.0,11000110111000111010
35,1.0,11000110111000111010,1.0,11001110011010111001
35,1.0,11001110011010111001,1.0,11011010001000011010
35,1.0,11011010001000011010,1.0,11100010001010011001
35,1.0,11100010001010011001,1.0,10100010001010011100
35,1.0,10100010001010011100,1.0,10100010001010011100
35,1.0,10100010001010011100,1.0,10100110000110111101
35,1.0,10100110000110111101,1.0,10100110010100111100
35,1.0,10100110010100111100,1.0,10101110110100101111
35,1.0,10101110110100101111,1.0,00101010011100101111
35,1.0,00101010011100101111,1.0,01001011101100100111
35,1.0,01001011101100100111,1.0,11000111100110100111
35,1.0,11000111100110100111,1.0,11000111100100110100
35,1.0,11000111100100110100,1.0,11000101101110100110
35,1.0,11000101101110100110,1.0,11000101101110100110
35,1.0,11000101101110100110,1.0,11000101110110101100
35,1.0,11000101110110101100,1.0,01000101011110001111
35,1.0,01000101011110001111,1.0,01000001011110101100
35,1.0,01000001011110101100,1.0,01001101011110001110
35,1.0,01001101011110001110,1.0,01001101011110001110
35,1.0,01001101011110001110,1.0,01001101010111001111
35,1.0,01001101010111001111,1.0,01001101001011001100
35,1.0,01001101001011001100,1.0,01001101001011011011
35,1.0,01001101001011011011,1.0,01001101001011011011
35,1.0,01001101001011011011,1.0,11001101001011110001
35,1.0,11001101001011110001,1.0,11001101011011100011
35,1.0,11001101011011100011,1.0,11001101011011100011
35,1.0,11001101011011100011,1.0,10001101011011101000
35,1.0,10001101011011101000,1.0,00101101011001101000
35,1.0,00101101011001101000,1.0,10101001011011100001
35,1.0,10101001011011100001,1.0,10001101011011100110
35,1.0,10001101011011100110,1.0,10000101011011100111
35,1.0,10000101011011100111,1.0,10001101111010101101
35,1.0,10001101111010101101,1.0,10001101111010101101
35,1.0,10001101111010101101,1.0,00010001111010001100
35,1.0,00010001111010001100,1.0,00010001101011000111
35,1.0,00010001101011000111,1.0,01010001100001001111
35,1.0,01010001100001001111,1.0,11001001100101001111
35,1.0,11001001100101001111,1.0,10101001110001001100
35,1.0,10101001110001001100,1.0,10101000010101111110
35,1.0,10101000010101111110,1.0,00101110010001111101
35,1.0,00101110010001111101,1.0,00100010110011101110
35,1.0,00100010110011101110,1.0,01100010110010111100
35,1.0,01100010110010111100,1.0,01011000101010111101
35,1.0,01011000101010111101,1.0,00011100111010111110
35,1.0,00011100111010111110,1.0,10010100111110010111
35,1.0,10010100111110010111,1.0,10011000011100011111
35,1.0,10011000011100011111,1.0,10011110000100111110
35,1.0,10011110000100111110,1.0,10011100001100111101
35,1.0,10011100001100111101,1.0,10010100101110111010
35,1.0,10010100101110111010,1.0,10010100101110111010
35,1.0,10010100101110111010,1.0,10011100100111111010
35,1.0,10011100100111111010,1.0,10011100101111010011
35,1.0,10011100101111010011,1.0,11001110001111010000
35,1.0,11001110001111010000,1.0,11000010001100011110
35,1.0,11000010001100011110,1.0,11001010011100110111
35,1.0,11001010011100110111,1.0,11001111010010110101
35,1.0,11001111010010110101,1.0,10000111010001110101
35,1.0,10000111010001110101,1.0,10001111010001110100
35,1.0,10001111010001110100,1.0,10001101010111110111
35,1.0,10001101010111110111,1.0,10100100110111110110
35,1.0,10100100110111110110,1.0,00100100111111100111
35,1.0,00100100111111100111,1.0,10000010101111100101
35,1.0,10000010101111100101,1.0,00100110101011100101
35,1.0,00100110101011100101,1.0,00101100111011110110
35,1.0,00101100111011110110,1.0,00101100111111100110
35,1.0,00101100111111100110,1.0,00111100110111100100
35,1.0,00111100110111100100,1.0,00111000001101100111
35,1.0,00111000001101100111,1.0,00111100011001100110
35,1.0,00111100011001100110,1.0,10010010011001000100
35,1.0,10010010011001000100,1.0,10010010011001000100
35,1.0,10010010011001000100,1.0,10011110010101100100
35,1.0,10011110010101100100,1.0,10010110010101100101
35,1.0,10010110010101100101,1.0,00101110110101110100
35,1.0,00101110110101110100,1.0,01101010110101100101
35,1.0,01101010110101100101,1.0,11001100101101110101
35,1.0,11001100101101110101,1.0,11001010001001110101
35,1.0,11001010001001110101,1.0,10001111001001110000
35,1.0,10001111001001110000,1.0,11001101011001110000
35,1.0,11001101011001110000,1.0,11001111011000110000
35,1.0,11001111011000110000,1.0,11110010110000110001
35,1.0,11110010110000110001,1.0,11111101110000010000
35,1.0,11111101110000010000,1.0,00111111010001000000
35,1.0,00111111010001000000,1.0,10011111110001000001
35,1.0,10011111110001000001,1.0,00011111010001001011
35,1.0,00011111010001001011,1.0,00011111010001001011
35,1.0,00011111010001001011,1.0,10010011010101000001
35,1.0,10010011010101000001,1.0,10010111010011000001
35,1.0,10010111010011000001,1.0,10010111011010000000
35,1.0,10010111011010000000,1.0,10010001001111000001
35,1.0,10010001001111000001,1.0,10011001001111000000
35,1.0,10011001001111000000,1.0,10011000001111101001
35,1.0,10011000001111101001,1.0,10001000111111111000
35,1.0,10001000111111111000,1.0,10011000001111101001
35,1.0,10011000001111101001,1.0,11000000001111111010
35,1.0,11000000001111111010,1.0,11001000101101111010
35,1.0,11001000101101111010,1.0,01000000111111111000
35,1.0,01000000111111111000,1.0,01000000111111111000
35,1.0,01000000111111111000,1.0,00001100011111111101
35,1.0,00001100011111111101,1.0,00010100010111111100
35,1.0,00010100010111111100,1.0,00010001010111011000
35,1.0,00010001010111011000,1.0,00010001110101011001
35,1.0,00010001110101011001,1.0,00111001100001101011
35,1.0,00111001100001101011,1.0,00110001000101101000
35,1.0,00110001000101101000,1.0,00110001000101101000
35,1.0,00110001000101101000,1.0,10111001000101100011
35,1.0,10111001000101100011,1.0,00110111000001100010
35,1.0,00110111000001100010,1.0,00100011011001100000
35,1.0,00100011011001100000,1.0,00100111011001000011
35,1.0,00100111011001000011,1.0,00100110111101100011
35,1.0,00100110111101100011,1.0,11100110110101100000
35,1.0,11100110110101100000,1.0,11101011110100100000
35,1.0,11101011110100100000,1.0,11101011110100100000
35,1.0,11101011110100100000,1.0,11000111110100101000
35,1.0,11000111110100101000,1.0,11000111110100100110
35,1.0,11000111110100100110,1.0,11000111110100100110
35,1.0,11000111110100100110,1.0,11011111110000100010
35,1.0,11011111110000100010,1.0,11010111110000100011
35,1.0,11010111110000100011,1.0,11010111001000000010
35,1.0,11010111001000000010,1.0,11010011000000010111
35,1.0,11010011000000010111,1.0,11010011000000010111
35,1.0,11010011000000010111,1.0,11010011000000011001
35,1.0,11010011000000011001,1.0,11010001000010011101
35,1.0,11010001000010011101,1.0,11011001001010001010
35,1.0,11011001001010001010,1.0,01011101101000011001
35,1.0,01011101101000011001,1.0,01001001001001011100
35,1.0,01001001001001011100,1.0,01000100111011011100
35,1.0,01000100111011011100,1.0,00000100111111011110
35,1.0,00000100111111011110,1.0,00000100111111011110
35,1.0,00000100111111011110,1.0,10001100111011011100
35,1.0,10001100111011011100,1.0,10000100101011111110
35,1.0,10000100101011111110,1.0,10101100001001011110
35,1.0,10101100001001011110,1.0,10101010101010001111
35,1.0,10101010101010001111,1.0,10101010101010001111
35,1.0,10101010101010001111,1.0,10101100101010111111
35,1.0,10101100101010111111,1.0,10101101100010111101
35,1.0,10101101100010111101,1.0,11100101000000111110
35,1.0,11100101000000111110,1.0,11101101000010011101
35,1.0,11101101000010011101,1.0,11101101000010011101
35,1.0,11101101000010011101,1.0,01110001000000011101
35,1.0,01110001000000011101,1.0,01111001000000011100
35,1.0,01111001000000011100,1.0,01110001010000001111
35,1.0,01110001010000001111,1.0,01110100010100011110
35,1.0,01110100010100011110,1.0,01100101010100011110
35,1.0,01100101010100011110,1.0,00100101000101011110
35,1.0,00100101000101011110,1.0,00100101000101011110
35,1.0,00100101000101011110,1.0,10100001010101010110
35,1.0,10100001010101010110,1.0,10100100110111110110
35,1.0,10100100110111110110,1.0,10100100110111111000
35,1.0,10100100110111111000,1.0,10111100110100101100
35,1.0,10111100110100101100,1.0,10111100100101101001
35,1.0,10111100100101101001,1.0,10111100110100111011
35,1.0,10111100110100111011,1.0,10111110110010110010
35,1.0,10111110110010110010,1.0,10110110110010110011
35,1.0,10110110110010110011,1.0,10110010100010110101
35,1.0,10110010100010110101,1.0,10110000101010110100
35,1.0,10110000101010110100,1.0,10110000101010110100
35,1.0,10110000101010110100,1.0,10110000101010110100
35,1.0,10110000101010110100,1.0,10100001101010110100
35,1.0,10100001101010110100,1.0,01100000001110111110
35,1.0,01100000001110111110,1.0,01100000001110111110
35,1.0,01100000001110111110,1.0,01100001101110110010
35,1.0,01100001101110110010,1.0,11101001101010110000
35,1.0,11101001101010110000,1.0,11100011110000110001
35,1.0,11100011110000110001,1.0,10100111110000010111
35,1.0,10100111110000010111,1.0,11101011100000010101
35,1.0,11101011100000010101,1.0,11001111100000011100
35,1.0,11001111100000011100,1.0,11000111000000111101
35,1.0,11000111000000111101,1.0,11000010101000111100
35,1.0,11000010101000111100,1.0,11001110101000011110
35,1.0,11001110101000011110,1.0,11011110001000010101
35,1.0,11011110001000010101,1.0,11011110001000010101
35,1.0,11011110001000010101,1.0,11011110001000010101
35,1.0,11011110001000010101,1.0,11011110001000010101
35,1.0,11011110001000010101,1.0,01010110001010110100
35,1.0,01010110001010110100,1.0,01000110001011110111
36,5.0,01101010001011000111,5.0,00101010101011100111
36,5.0,00101010101011100111,3.0,00110010100011100110
36,3.0,00110010100011100110,3.0,10111010100011100011
36,3.0,10111010100011100011,3.0,10110010000011000111
36,3.0,10110010000011000111,1.0,00110010001011100001
36,1.0,00110010001011100001,1.0,00110110100111100010
36,1.0,00110110100111100010,1.0,00101110110111100111
36,1.0,00101110110111100111,1.0,00101110110111100111
36,1.0,00101110110111100111,1.0,00101110100111110101
36,1.0,00101110100111110101,1.0,00101110100111110101
36,1.0,00101110100111110101,1.0,00101110100111110101
36,1.0,00101110100111110101,1.0,01000110110111110100
36,1.0,01000110110111110100,1.0,01000110110111110100
36,1.0,01000110110111110100,1.0,01000110110111110100
36,1.0,01000110110111110100,1.0,01000110110111001101
36,1.0,01000110110111001101,1.0,01001110110111001100
36,1.0,01001110110111001100,1.0,01001110110111001100
36,1.0,01001110110111001100,1.0,00000110101111001100
36,1.0,00000110101111001100,1.0,00000110101111001100
36,1.0,00000110101111001100,1.0,00101110101110001101
36,1.0,00101110101110001101,1.0,00101110111110101000
36,1.0,00101110111110101000,1.0,00101100111111101000
36,1.0,00101100111111101000,1.0,00101010011011101000
36,1.0,00101010011011101000,1.0,10101110000111101011
36,1.0,10101110000111101011,1.0,11000110010111101010
36,1.0,11000110010111101010,1.0,11000110110110101111
36,1.0,11000110110110101111,1.0,11000110110110101111
36,1.0,11000110110110101111,1.0,11000110101110101011
36,1.0,11000110101110101011,1.0,11010110100110101001
36,1.0,11010110100110101001,1.0,11011110100110101000
36,1.0,11011110100110101000,1.0,11011010010110101010
36,1.0,11011010010110101010,1.0,11011010111010100001
36,1.0,11011010111010100001,1.0,11011010011001000000
36,1.0,11011010011001000000,1.0,01010010011101000010
36,1.0,01010010011101000010,1.0,01010010010111001001
36,1.0,01010010010111001001,1.0,01010110010001001101
36,1.0,01010110010001001101,1.0,01011110000011001101
36,1.0,01011110000011001101,1.0,01111010001001000001
36,1.0,01111010001001000001,1.0,00111110011001000010
36,1.0,00111110011001000010,1.0,11100110110101100000
36,1.0,11100110110101100000,1.0,11110100010101100011
36,1.0,11110100010101100011,1.0,10110000111001100010
36,1.0,10110000111001100010,1.0,10111000111011000001
36,1.0,10111000111011000001,1.0,10110100011101000001
36,1.0,10110100011101000001,1.0,10110100011101000001
36,1.0,10110100011101000001,1.0,10110100001101100010
36,1.0,10110100001101100010,1.0,10010110001101100001
36,1.0,10010110001101100001,1.0,10100010001111100010
36,1.0,10100010001111100010,1.0,10100100101111110010
36,1.0,10100100101111110010,1.0,11100000101101110000
36,1.0,11100000101101110000,1.0,11001100101101110101
36,1.0,11001100101101110101,1.0,11001000111101010111
36,1.0,11001000111101010111,1.0,11001000111011110100
36,1.0,11001000111011110100,1.0,11001101100011110110
36,1.0,11001101100011110110,1.0,11001101110011010101
36,1.0,11001101110011010101,1.0,11000101100011110111
36,1.0,11000101100011110111,1.0,11000101100011110111
36,1.0,11000101100011110111,1.0,11000101100011110111
36,1.0,11000101100011110111,1.0,11000001100101110111
36,1.0,11000001100101110111,1.0,11000001100101110111
36,1.0,11000001100101110111,1.0,11000011110100010110
36,1.0,11000011110100010110,1.0,11001010111100010111
36,1.0,11001010111100010111,1.0,01101110111000010111
36,1.0,01101110111000010111,1.0,01101110111000010111
36,1.0,01101110111000010111,1.0,01101010111010010100
36,1.0,01101010111010010100,1.0,11100110101000010100
36,1.0,11100110101000010100,1.0,11111000101010000111
36,1.0,11111000101010000111,1.0,11111000101010001001
36,1.0,11111000101010001001,1.0,11110000011010001000
36,1.0,11110000011010001000,1.0,10110100111010001011
36,1.0,10110100111010001011,1.0,10110010101000001001
36,1.0,10110010101000001001,1.0,01110010101000001000
36,1.0,01110010101000001000,1.0,01110100101100101000
36,1.0,01110100101100101000,1.0,01111000011100101001
36,1.0,01111000011100101001,1.0,01010000011101101000
36,1.0,01010000011101101000,1.0,01010000011101101000
36,1.0,01010000011101101000,1.0,01011110011100001010
36,1.0,01011110011100001010,1.0,01111010011100000011
36,1.0,01111010011100000011,1.0,00111010011100000110
36,1.0,00111010011100000110,1.0,00111010011100000110
36,1.0,00111010011100000110,1.0,01111010011000000100
36,1.0,01111010011000000100,1.0,01111100111100000100
36,1.0,01111100111100000100,1.0,01110000101001000110
36,1.0,01110000101001000110,1.0,00111100001001001101
36,1.0,00111100001001001101,1.0,00100001011001011001
36,1.0,00100001011001011001,1.0,00111000011001011000
36,1.0,00111000011001011000,1.0,00110000011001011001
36,1.0,00110000011001011001,1.0,00110000101001011010
36,1.0,00110000101001011010,1.0,00111100101101010011
36,1.0,00111100101101010011,1.0,00110001001101000001
36,1.0,00110001001101000001,1.0,00110001001101000001
36,1.0,00110001001101000001,1.0,00110001001101000001
36,1.0,00110001001101000001,1.0,00111001000111000101
36,1.0,00111001000111000101,1.0,10111100000111100110
36,1.0,10111100000111100110,1.0,10110100100101010100
36,1.0,10110100100101010100,1.0,00111100110101010111
36,1.0,00111100110101010111,1.0,10110100100101010100
36,1.0,10110100100101010100,1.0,10011100100101011110
36,1.0,10011100100101011110,1.0,00011100101001011111
36,1.0,00011100101001011111,1.0,00010101101000011101
36,1.0,00010101101000011101,1.0,00010100111001101100
36,1.0,00010100111001101100,1.0,10010100001001101110
36,1.0,10010100001001101110,1.0,10010110001000101110
36,1.0,10010110001000101110,1.0,10011011000000101111
36,1.0,10011011000000101111,1.0,10111011000000100100
36,1.0,10111011000000100100,1.0,00110001000001110110
36,1.0,00110001000001110110,1.0,10110001000001100101
36,1.0,10110001000001100101,1.0,10111001000001100100
36,1.0,10111001000001100100,1.0,11111001000001100001
36,1.0,11111001000001100001,1.0,10110101011000100010
36,1.0,10110101011000100010,1.0,10011101111000100100
36,1.0,10011101111000100100,1.0,10011101110001100101
36,1.0,10011101110001100101,1.0,10100111110001100000
36,1.0,10100111110001100000,1.0,10101101110011001011
36,1.0,10101101110011001011,1.0,11101100110011001100
36,1.0,11101100110011001100,1.0,11100100110111100100
36,1.0,11100100110111100100,1.0,11100100110111100100
36,1.0,11100100110111100100,1.0,11101000100111110100
36,1.0,11101000100111110100,1.0,11100000100111110101
36,1.0,11100000100111110101,1.0,11101000100111110100
36,1.0,11101000100111110100,1.0,11100110000111000100
36,1.0,11100110000111000100,1.0,11101110100110010111
36,1.0,11101110100110010111,1.0,01101011100100010110
36,1.0,01101011100100010110,1.0,01101011100100011000
36,1.0,01101011100100011000,1.0,01101011100100011000
36,1.0,01101011100100011000,1.0,01101011100100011000
36,1.0,01101011100100011000,1.0,01100011001000101000
36,1.0,01100011001000101000,1.0,01100110101000101100
36,1.0,01100110101000101100,1.0,01101110100001101100
36,1.0,01101110100001101100,1.0,01100110101000101100
36,1.0,01100110101000101100,1.0,01100110101000101100
36,1.0,01100110101000101100,1.0,01101110101100101010
36,1.0,01101110101100101010,1.0,00100110101101110001
36,1.0,00100110101101110001,1.0,00100010101101100101
36,1.0,00100010101101100101,1.0,00101110110111100111
36,1.0,00101110110111100111,1.0,01101010110101100101
36,1.0,01101010110101100101,1.0,00100110110101110101
36,1.0,00100110110101110101,1.0,00100110110101110101
36,1.0,00100110110101110101,1.0,00001110010111111110
36,1.0,00001110010111111110,1.0,10001111010110110111
36,1.0,10001111010110110111,1.0,10001111001100010111
36,1.0,10001111001100010111,1.0,10100011010100010110
36,1.0,10100011010100010110,1.0,10100001010101010110
36,1.0,10100001010101010110,1.0,10100101100101010100
36,1.0,10100101100101010100,1.0,10100101100101010100
36,1.0,10100101100101010100,1.0,10100100100111011101
36,1.0,10100100100111011101,1.0,10000101100101011111
36,1.0,10000101100101011111,1.0,11001101100101011011
36,1.0,11001101100101011011,1.0,11000101100111101001
36,1.0,11000101100111101001,1.0,11001111100110101000
36,1.0,11001111100110101000,1.0,11001110100111101011
36,1.0,11001110100111101011,1.0,11101100100111011001
36,1.0,11101100100111011001,1.0,11100100110101011001
36,1.0,11100100110101011001,1.0,11101101110100101001
36,1.0,11101101110100101001,1.0,10101101100101101001
36,1.0,10101101100101101001,1.0,10101101100110101101
36,1.0,10101101100110101101,1.0,10100101010110101100
36,1.0,10100101010110101100,1.0,10101101100110101101
36,1.0,10101101100110101101,1.0,10110101100010101010
36,1.0,10110101100010101010,1.0,10011001101010101010
36,1.0,10011001101010101010,1.0,10110101100010101010
36,1.0,10110101100010101010,1.0,10010001101010101011
36,1.0,10010001101010101011,1.0,11010101001000101000
36,1.0,11010101001000101000,1.0,11010101000001101001
36,1.0,11010101000001101001,1.0,00111001100001101011
36,1.0,00111001100001101011,1.0,00111001100001101011
36,1.0,00111001100001101011,1.0,00110001000001001111
36,1.0,00110001000001001111,1.0,00110001100110001100
36,1.0,00110001100110001100,1.0,10110101100010101010
36,1.0,10110101100010101010,1.0,00111101100010111011
36,1.0,00111101100010111011,1.0,00110101100110011000
36,1.0,00110101100110011000,1.0,00110110100110011011
36,1.0,00110110100110011011,1.0,10111110100010011001
36,1.0,10111110100010011001,1.0,10100010101010111001
36,1.0,10100010101010111001,1.0,10100010101010110111
36,1.0,10100010101010110111,1.0,10100010101010110111
36,1.0,10100010101010110111,1.0,11101010101010110011
36,1.0,11101010101010110011,1.0,11101010101010110011
36,1.0,11101010101010110011,1.0,11100010111000110011
36,1.0,11100010111000110011,1.0,11000110111110110001
36,1.0,11000110111110110001,1.0,11000110111110110001
36,1.0,11000110111110110001,1.0,11001110111110110000
36,1.0,11001110111110110000,1.0,10001110011110111011
36,1.0,10001110011110111011,1.0,10001110011110111011
36,1.0,10001110011110111011,1.0,10001110011110111011
36,1.0,10001110011110111011,1.0,10100110011110110001
36,1.0,10100110011110110001,1.0,10000111011100110011
36,1.0,10000111011100110011,1.0,10000011011110110000
36,1.0,10000011011110110000,1.0,10000011011110000111
36,1.0,10000011011110000111,1.0,10010011010110000101
36,1.0,10010011010110000101,1.0,10010011010101000001
36,1.0,10010011010101000001,1.0,10010011010101000001
36,1.0,10010011010101000001,1.0,00010111010111000010
36,1.0,00010111010111000010,1.0,10011111010011000000
36,1.0,10011111010011000000,1.0,10010110110011001010
36,1.0,10010110110011001010,1.0,10010110110011001010
36,1.0,10010110110011001010,1.0,11000111110010011000
37,3.0,00101111110001110001,1.0,00101111110011010000
37,1.0,00101111110011010000,1.0,00101011100111010001
37,1.0,00101011100111010001,1.0,00101010110111010111
37,1.0,00101010110111010111,1.0,10100010110111000110
37,1.0,10100010110111000110,1.0,10101010011111000000
37,1.0,10101010011111000000,1.0,00100010011111010010
37,1.0,00100010011111010010,1.0,00100010011111010010
37,1.0,00100010011111010010,1.0,00100110111011010011
37,1.0,00100110111011010011,1.0,00100111111010010000
37,1.0,00100111111010010000,1.0,11100101011010010010
37,1.0,11100101011010010010,1.0,11101001000111010011
37,1.0,11101001000111010011,1.0,11001101000111011010
37,1.0,11001101000111011010,1.0,01100101000101011011
37,1.0,01100101000101011011,1.0,01100101000110011111
37,1.0,01100101000110011111,1.0,10101101100010111101
37,1.0,10101101100010111101,1.0,10100001110110111001
37,1.0,10100001110110111001,1.0,10101101110011110010
37,1.0,10101101110011110010,1.0,10101001100111110011
37,1.0,10101001100111110011,1.0,10101001100111110011
37,1.0,10101001100111110011,1.0,10100001110110110111
37,1.0,10100001110110110111,1.0,11000101010110011110
37,1.0,11000101010110011110,1.0,11001101110100011110
37,1.0,11001101110100011110,1.0,10000101101100011110
37,1.0,10000101101100011110,1.0,10011100100101011110
37,1.0,10011100100101011110,1.0,10010110100100011111
37,1.0,10010110100100011111,1.0,10011110100100011110
37,1.0,10011110100100011110,1.0,10011110100100011110
37,1.0,10011110100100011110,1.0,00110010100100011100
37,1.0,00110010100100011100,1.0,00111010100000111111
37,1.0,00111010100000111111,1.0,00110110100011110010
37,1.0,00110110100011110010,1.0,00100111100011110010
37,1.0,00100111100011110010,1.0,10000110100011111111
37,1.0,10000110100011111111,1.0,10001110100011111110
37,1.0,10001110100011111110,1.0,10111010000001100111
37,1.0,10111010000001100111,1.0,10111010000001100111
37,1.0,10111010000001100111,1.0,11011010000011100110
37,1.0,11011010000011100110,1.0,11011010100011000110
37,1.0,11011010100011000110,1.0,11010010100001010100
37,1.0,11010010100001010100,1.0,10010010100101010110
37,1.0,10010010100101010110,1.0,10010110100101100110
37,1.0,10010110100101100110,1.0,10100110000101110111
37,1.0,10100110000101110111,1.0,01100110000101110110
37,1.0,01100110000101110110,1.0,01101110010101010100
37,1.0,01101110010101010100,1.0,11101110010100110110
37,1.0,11101110010100110110,1.0,11101110110100011000
37,1.0,11101110110100011000,1.0,10100010010101011011
37,1.0,10100010010101011011,1.0,00100010101001001110
37,1.0,00100010101001001110,1.0,00101010001001101101
37,1.0,00101010001001101101,1.0,00101010001001101101
37,1.0,00101010001001101101,1.0,00101010001001101101
37,1.0,00101010001001101101,1.0,00101000011101101111
37,1.0,00101000011101101111,1.0,00101001010101101101
37,1.0,00101001010101101101,1.0,00110010010100101110
37,1.0,00110010010100101110,1.0,00110010010100101110
37,1.0,00110010010100101110,1.0,00110010100001001100
37,1.0,00110010100001001100,1.0,00110010100100011100
37,1.0,00110010100100011100,1.0,00111010100110001110
37,1.0,00111010100110001110,1.0,10111000110110001111
37,1.0,10111000110110001111,1.0,01110000110110001111
37,1.0,01110000110110001111,1.0,01111000110110001110
37,1.0,01111000110110001110,1.0,01111001100110000110
37,1.0,01111001100110000110,1.0,01111001100110000110
37,1.0,01111001100110000110,1.0,01010001001111000000
37,1.0,01010001001111000000,1.0,01010001001011010000
37,1.0,01010001001011010000,1.0,01100101001111000001
37,1.0,01100101001111000001,1.0,01110100001111000001
37,1.0,01110100001111000001,1.0,01111100101110000101
37,1.0,01111100101110000101,1.0,01110100011110000100
37,1.0,01110100011110000100,1.0,01111100111110100000
37,1.0,01111100111110100000,1.0,01110010011010100001
37,1.0,01110010011010100001,1.0,11101110001010100110
37,1.0,11101110001010100110,1.0,11101110010010101100
37,1.0,11101110010010101100,1.0,11100100011110101011
37,1.0,11100100011110101011,1.0,11101101010110101000
37,1.0,11101101010110101000,1.0,11100101010110101001
37,1.0,11100101010110101001,1.0,10101111010010101011
37,1.0,10101111010010101011,1.0,10110101010010101001
37,1.0,10110101010010101001,1.0,10111001000110101001
37,1.0,10111001000110101001,1.0,00110001000101101000
37,1.0,00110001000101101000,1.0,00110001000101101000
37,1.0,00110001000101101000,1.0,00101101100110111110
37,1.0,00101101100110111110,1.0,00111100101110010111
37,1.0,00111100101110010111,1.0,00111100101101010011
37,1.0,00111100101101010011,1.0,00111001001101000000
37,1.0,00111001001101000000,1.0,00111101011110000010
37,1.0,00111101011110000010,1.0,00110101011110000011
37,1.0,00110101011110000011,1.0,00111001001110010011
37,1.0,00111001001110010011,1.0,00111101011010010010
37,1.0,00111101011010010010,1.0,00110001011000010100
37,1.0,00110001011000010100,1.0,00110001010001010101
37,1.0,00110001010001010101,1.0,00110001010001010101
37,1.0,00110001010001010101,1.0,00101001010011011101
37,1.0,00101001010011011101,1.0,00100111010001101010
37,1.0,00100111010001101010,1.0,00100111010001101010
37,1.0,00100111010001101010,1.0,00100111110001001010
37,1.0,00100111110001001010,1.0,10100001110001001101
37,1.0,10100001110001001101,1.0,10110000110001001101
37,1.0,10110000110001001101,1.0,10110000110001110100
37,1.0,10110000110001110100,1.0,10010001110000111100
37,1.0,10010001110000111100,1.0,11010001110000110111
37,1.0,11010001110000110111,1.0,11011001110000110110
37,1.0,11011001110000110110,1.0,11011101000100110110
37,1.0,11011101000100110110,1.0,11000001101100110110
37,1.0,11000001101100110110,1.0,11000001101100110110
37,1.0,11000001101100110110,1.0,11000001101100110110
37,1.0,11000001101100110110,1.0,01010101101100110001
37,1.0,01010101101100110001,1.0,01011001101110010011
37,1.0,01011001101110010011,1.0,01011001101110010011
37,1.0,01011001101110010011,1.0,01010100111101010010
37,1.0,01010100111101010010,1.0,00110000111101010000
37,1.0,00110000111101010000,1.0,00100000111101111001
37,1.0,00100000111101111001,1.0,01100000011101011001
37,1.0,01100000011101011001,1.0,01001001001101011011
37,1.0,01001001001101011011,1.0,00000011001111001000
37,1.0,00000011001111001000,1.0,10001001001101001101
37,1.0,10001001001101001101,1.0,10011000001101001101
37,1.0,10011000001101001101,1.0,01010110001001001001
37,1.0,01010110001001001001,1.0,01010100011001011011
37,1.0,01010100011001011011,1.0,01001101011001011010
37,1.0,01001101011001011010,1.0,01001011110001011001
37,1.0,01001011110001011001,1.0,00000011010111011011
37,1.0,00000011010111011011,1.0,00001011110101011011
37,1.0,00001011110101011011,1.0,00001111001101001010
37,1.0,00001111001101001010,1.0,00000111001001001100
37,1.0,00000111001001001100,1.0,00000111001001001100
37,1.0,00000111001001001100,1.0,10001101001011001101
37,1.0,10001101001011001101,1.0,10011000001001011101
37,1.0,10011000001001011101,1.0,10010010011010010111
37,1.0,10010010011010010111,1.0,00110010011000010111
37,1.0,00110010011000010111,1.0,10010110011000110100
37,1.0,10010110011000110100,1.0,10010100011001110100
37,1.0,10010100011001110100,1.0,00010100011001011110
37,1.0,00010100011001011110,1.0,00010100011001011110
37,1.0,00010100011001011110,1.0,01010100011001001100
37,1.0,01010100011001001100,1.0,11011100011001000111
37,1.0,11011100011001000111,1.0,11010101010011100010
37,1.0,11010101010011100010,1.0,11010101010011100010
37,1.0,11010101010011100010,1.0,11010111000001000011
37,1.0,11010111000001000011,1.0,10010111000001000110
37,1.0,10010111000001000110,1.0,10100011000101000100
37,1.0,10100011000101000100,1.0,10101111000100001100
37,1.0,10101111000100001100,1.0,10101011000010101101
37,1.0,10101011000010101101,1.0,10111010000010101101
37,1.0,10111010000010101101,1.0,00110111000010101000
37,1.0,00110111000010101000,1.0,00111111000000011010
37,1.0,00111111000000011010,1.0,00111111000000011010
37,1.0,00111111000000011010,1.0,00010111000111010000
37,1.0,00010111000111010000,1.0,00111111000011000001
37,1.0,00111111000011000001,1.0,10111111000010100011
37,1.0,10111111000010100011,1.0,10110010100010110101
37,1.0,10110010100010110101,1.0,10100111000100110100
37,1.0,10100111000100110100,1.0,10100111000100110100
37,1.0,10100111000100110100,1.0,01101111010000110101
37,1.0,01101111010000110101,1.0,01101011010000111010
37,1.0,01101011010000111010,1.0,01100001011000111010
37,1.0,01100001011000111010,1.0,01110001001000110010
37,1.0,01110001001000110010,1.0,11110100001000011001
37,1.0,11110100001000011001,1.0,11100101001000011001
37,1.0,11100101001000011001,1.0,11101101001000010110
37,1.0,11101101001000010110,1.0,11101011000010010100
37,1.0,11101011000010010100,1.0,11100011001000010000
37,1.0,11100011001000010000,1.0,11100011001000010000
37,1.0,11100011001000010000,1.0,11101010001010010110
37,1.0,11101010001010010110,1.0,11100010001010010111
37,1.0,11100010001010010111,1.0,00101110001010111101
37,1.0,00101110001010111101,1.0,01101111001000110001
37,1.0,01101111001000110001,1.0,01000111001010110100
37,1.0,01000111001010110100,1.0,01000111001010110100
37,1.0,01000111001010110100,1.0,00000111001110110110
37,1.0,00000111001110110110,1.0,00011101011010110101
37,1.0,00011101011010110101,1.0,00011101011010110101
37,1.0,00011101011010110101,1.0,00110101011010010011
37,1.0,00110101011010010011,1.0,00111101011010010010
37,1.0,00111101011010010010,1.0,00110101011010010011
37,1.0,00110101011010010011,1.0,00110001011000010100
37,1.0,00110001011000010100,1.0,00110001000100011111
37,1.0,00110001000100011111,1.0,01111001100110001000
37,1.0,01111001100110001000,1.0,11010001110110001000
37,1.0,11010001110110001000,1.0,11010001110110001000
37,1.0,11010001110110001000,1.0,11010001110110001000
37,1.0,11010001110110001000,1.0,11011001010100011010
37,1.0,11011001010100011010,1.0,01111101010000011010
37,1.0,01111101010000011010,1.0,01111010010000111010
37,1.0,01111010010000111010,1.0,01100011010000111011
37,1.0,01100011010000111011,1.0,01110010010000111011
37,1.0,01110010010000111011,1.0,11111010010000101001
37,1.0,11111010010000101001,1.0,11111010110000110000
38,3.0,11011010111000000101,3.0,11010110110000001111
38,3.0,11010110110000001111,3.0,11000111110000001111
38,3.0,11000111110000001111,1.0,10000011001000011110
38,1.0,10000011001000011110,1.0,10000011001000011110
38,1.0,10000011001000011110,1.0,10000111001000101110
38,1.0,10000111001000101110,1.0,00000111101010101101
38,1.0,00000111101010101101,1.0,00001111101000011111
38,1.0,00001111101000011111,1.0,00001111001000111111
38,1.0,00001111001000111111,1.0,01001111001100010110
38,1.0,01001111001100010110,1.0,11000101101110100110
38,1.0,11000101101110100110,1.0,11100101101000100101
38,1.0,11100101101000100101,1.0,00110111100000100111
38,1.0,00110111100000100111,1.0,10010111101000100010
38,1.0,10010111101000100010,1.0,10001111111000100111
38,1.0,10001111111000100111,1.0,10001111111000100111
38,1.0,10001111111000100111,1.0,10001111111000100111
38,1.0,10001111111000100111,1.0,00101111101100000100
38,1.0,00101111101100000100,1.0,01101110011110000110
38,1.0,01101110011110000110,1.0,01101110001110010100
38,1.0,01101110001110010100,1.0,01100110001110010101
38,1.0,01100110001110010101,1.0,01100100011111000111
38,1.0,01100100011111000111,1.0,01100110011110000111
38,1.0,01100110011110000111,1.0,01101110011110000110
38,1.0,01101110011110000110,1.0,00111010001110000111
38,1.0,00111010001110000111,1.0,00111010001110001001
38,1.0,00111010001110001001,1.0,00111010011110100010
38,1.0,00111010011110100010,1.0,01111110001100100001
38,1.0,01111110001100100001,1.0,11100010001100101001
38,1.0,11100010001100101001,1.0,11101010001100101000
38,1.0,11101010001100101000,1.0,11100010001100101001
38,1.0,11100010001100101001,1.0,11100010001100100111
38,1.0,11100010001100100111,1.0,01101010101110100101
38,1.0,01101010101110100101,1.0,01101010101110100101
38,1.0,01101010101110100101,1.0,11100000101110110100
38,1.0,11100000101110110100,1.0,11100000101110110100
38,1.0,11100000101110110100,1.0,11100001101010110001
38,1.0,11100001101010110001,1.0,11100001101000101010
38,1.0,11100001101000101010,1.0,00100101101100111010
38,1.0,00100101101100111010,1.0,00111001100100111011
38,1.0,00111001100100111011,1.0,10110001100100101010
38,1.0,10110001100100101010,1.0,10010011100100101001
38,1.0,10010011100100101001,1.0,10011011100100101000
38,1.0,10011011100100101000,1.0,10011011100100101000
38,1.0,10011011100100101000,1.0,10011011100000001111
38,1.0,10011011100000001111,1.0,10010011100100101001
38,1.0,10010011100100101001,1.0,11000111110100101000
38,1.0,11000111110100101000,1.0,11000111110100101000
38,1.0,11000111110100101000,1.0,11000111110100101000
38,1.0,11000111110100101000,1.0,11100001110000101110
38,1.0,11100001110000101110,1.0,11111001110000000100
38,1.0,11111001110000000100,1.0,11010001110110000110
38,1.0,11010001110110000110,1.0,01011001110110010111
38,1.0,01011001110110010111,1.0,01011101110011010011
38,1.0,01011101110011010011,1.0,01010111010011000000
38,1.0,01010111010011000000,1.0,01010111010011000000
38,1.0,01010111010011000000,1.0,11010111000001000011
38,1.0,11010111000001000011,1.0,10010111000011100010
38,1.0,10010111000011100010,1.0,10010111000011100010
38,1.0,10010111000011100010,1.0,10111111000010100011
38,1.0,10111111000010100011,1.0,10111101010010100110
38,1.0,10111101010010100110,1.0,11111001000010100101
38,1.0,11111001000010100101,1.0,11110100001010100100
38,1.0,11110100001010100100,1.0,11101000001110101100
38,1.0,11101000001110101100,1.0,11110000001100100100
38,1.0,11110000001100100100,1.0,01111000001100110101
38,1.0,01111000001100110101,1.0,01111100001001110001
38,1.0,01111100001001110001,1.0,11110100001001100000
38,1.0,11110100001001100000,1.0,11010010011001000001
38,1.0,11010010011001000001,1.0,11110000010011001001
38,1.0,11110000010011001001,1.0,11110000000011101010
38,1.0,11110000000011101010,1.0,01111000000011111011
38,1.0,01111000000011111011,1.0,01110010000001101001
38,1.0,01110010000001101001,1.0,11101010000101101001
38,1.0,11101010000101101001,1.0,11101010000101101001
38,1.0,11101010000101101001,1.0,01100010000101101100
38,1.0,01100010000101101100,1.0,00101110100101101110
38,1.0,00101110100101101110,1.0,00110010100101001011
38,1.0,00110010100101001011,1.0,10111110100100101001
38,1.0,10111110100100101001,1.0,11111100110100101001
38,1.0,11111100110100101001,1.0,10110001110100001001
38,1.0,10110001110100001001,1.0,10101011110100001011
38,1.0,10101011110100001011,1.0,10100011010100011000
38,1.0,10100011010100011000,1.0,00101011010101001001
38,1.0,00101011010101001001,1.0,00100011100101001011
38,1.0,00100011100101001011,1.0,01101011100001001000
38,1.0,01101011100001001000,1.0,01101011010100101010
38,1.0,01101011010100101010,1.0,01100110010101101010
38,1.0,01100110010101101010,1.0,11100110010100111001
38,1.0,11100110010100111001,1.0,11101000010101111011
38,1.0,11101000010101111011,1.0,11101100010111101011
38,1.0,11101100010111101011,1.0,01111100110111100001
38,1.0,01111100110111100001,1.0,01110000110101110010
38,1.0,01110000110101110010,1.0,11111000110001110000
38,1.0,11111000110001110000,1.0,11110000010011110000
38,1.0,11110000010011110000,1.0,01111000011001010011
38,1.0,01111000011001010011,1.0,01101100111001011001
38,1.0,01101100111001011001,1.0,01101100111001011001
38,1.0,01101100111001011001,1.0,01101000111100011101
38,1.0,01101000111100011101,1.0,01101000101100111110
38,1.0,01101000101100111110,1.0,01101000101100111110
38,1.0,01101000101100111110,1.0,01100101001100011010
38,1.0,01100101001100011010,1.0,00101101111100011000
38,1.0,00101101111100011000,1.0,00111101110000111010
38,1.0,00111101110000111010,1.0,00110101110000111011
38,1.0,00110101110000111011,1.0,00111001100000111100
38,1.0,00111001100000111100,1.0,00111010100000111111
38,1.0,00111010100000111111,1.0,01111010000000011111
38,1.0,01111010000000011111,1.0,11110010000000001110
38,1.0,11110010000000001110,1.0,11110010000000001110
38,1.0,11110010000000001110,1.0,11100110001000001101
38,1.0,11100110001000001101,1.0,10101110001100001110
38,1.0,10101110001100001110,1.0,00100110011101000110
38,1.0,00100110011101000110,1.0,00101110001111000110
38,1.0,00101110001111000110,1.0,10101110001110010101
38,1.0,10101110001110010101,1.0,10100101011110000101
38,1.0,10100101011110000101,1.0,10100001000111010111
38,1.0,10100001000111010111,1.0,01100001000111010110
38,1.0,01100001000111010110,1.0,01100011000110011000
38,1.0,01100011000110011000,1.0,01100001000111011000
38,1.0,01100001000111011000,1.0,01101001100011011011
38,1.0,01101001100011011011,1.0,01100001000111011000
38,1.0,01100001000111011000,1.0,10100001010101011000
38,1.0,10100001010101011000,1.0,10101101110100111011
38,1.0,10101101110100111011,1.0,10100101010100011111
38,1.0,10100101010100011111,1.0,00011101010100111111
38,1.0,00011101010100111111,1.0,10010101000100111100
38,1.0,10010101000100111100,1.0,11010001000100101101
38,1.0,11010001000100101101,1.0,11111101000100000100
38,1.0,11111101000100000100,1.0,11101101001100000110
38,1.0,11101101001100000110,1.0,01111001011100000000
38,1.0,01111001011100000000,1.0,00111001001101000000
38,1.0,00111001001101000000,1.0,00111001001101000000
38,1.0,00111001001101000000,1.0,00111001001001010000
38,1.0,00111001001001010000,1.0,00010101101001100100
38,1.0,00010101101001100100,1.0,00010101101001100100
38,1.0,00010101101001100100,1.0,01011100101011100111
38,1.0,01011100101011100111,1.0,01011000101001110111
38,1.0,01011000101001110111,1.0,00011001001011100110
38,1.0,00011001001011100110,1.0,00111010001011100000
38,1.0,00111010001011100000,1.0,00110010001011100001
38,1.0,00110010001011100001,1.0,00100010101001001110
38,1.0,00100010101001001110,1.0,00101110110101001101
38,1.0,00101110110101001101,1.0,00101110110001011101
38,1.0,00101110110001011101,1.0,01101010110011010101
38,1.0,01101010110011010101,1.0,00101010110111010111
38,1.0,00101010110111010111,1.0,10100011000110010111
38,1.0,10100011000110010111,1.0,00100011101110010001
38,1.0,00100011101110010001,1.0,00100011101110010001
38,1.0,00100011101110010001,1.0,00100111111110000000
38,1.0,00100111111110000000,1.0,00101011101110010000
38,1.0,00101011101110010000,1.0,01100001101110110010
38,1.0,01100001101110110010,1.0,10100001101110110011
38,1.0,10100001101110110011,1.0,00111001001110010011
38,1.0,00111001001110010011,1.0,00111101001100001001
38,1.0,00111101001100001001,1.0,01110001001000001011
38,1.0,01110001001000001011,1.0,01110000001010111011
38,1.0,01110000001010111011,1.0,01011010011010101011
38,1.0,01011010011010101011,1.0,01011010011010101011
38,1.0,01011010011010101011,1.0,11010000011010111010
38,1.0,11010000011010111010,1.0,11000001011010111010
38,1.0,11000001011010111010,1.0,00000001111011111000
38,1.0,00000001111011111000,1.0,00000011111010111000
38,1.0,00000011111010111000,1.0,00000011111010110110
38,1.0,00000011111010110110,1.0,10001011111010110011
38,1.0,10001011111010110011,1.0,01010001111010110000
39,17.0,11101100111100100111,5.0,10101110011100100111
39,5.0,10101110011100100111,3.0,10001011011100100110
39,3.0,10001011011100100110,3.0,10000011001001100101
39,3.0,10000011001001100101,1.0,01001111101000001101
39,1.0,01001111101000001101,1.0,01000111011000001100
39,1.0,01000111011000001100,1.0,01001101011010011110
39,1.0,01001101011010011110,1.0,01001101011010011110
39,1.0,01001101011010011110,1.0,11000101110010111100
39,1.0,11000101110010111100,1.0,11000101110010111100
39,1.0,11000101110010111100,1.0,11101101010000011100
39,1.0,11101101010000011100,1.0,11100101010000011101
39,1.0,11100101010000011101,1.0,11001011010000011110
39,1.0,11001011010000011110,1.0,11000110110010111111
39,1.0,11000110110010111111,1.0,10100110010110101111
39,1.0,10100110010110101111,1.0,11101000010110111111
39,1.0,11101000010110111111,1.0,11101000001100011111
39,1.0,11101000001100011111,1.0,10101011001000101000
39,1.0,10101011001000101000,1.0,00110111011000000000
39,1.0,00110111011000000000,1.0,00110101011001000000
39,1.0,00110101011001000000,1.0,01111001010101000001
39,1.0,01111001010101000001,1.0,01011011100101000001
39,1.0,01011011100101000001,1.0,01011011100001010001
39,1.0,01011011100001010001,1.0,01011101110011010011
39,1.0,01011101110011010011,1.0,11010101110011000010
39,1.0,11010101110011000010,1.0,11001101100011001111
39,1.0,11001101100011001111,1.0,11000001110011001100
39,1.0,11000001110011001100,1.0,10100001110011101001
39,1.0,10100001110011101001,1.0,00100001110111101010
39,1.0,00100001110111101010,1.0,10100101110100101101
39,1.0,10100101110100101101,1.0,10101101100110101101
39,1.0,10101101100110101101,1.0,10100101110100101101
39,1.0,10100101110100101101,1.0,10100001110001001101
39,1.0,10100001110001001101,1.0,00100011100001001100
39,1.0,00100011100001001100,1.0,00100011100001001100
39,1.0,00100011100001001100,1.0,01101011100001001000
39,1.0,01101011100001001000,1.0,01100010101001001011
39,1.0,01100010101001001011,1.0,01100010001011001010
39,1.0,01100010001011001010,1.0,01100010001011001010
39,1.0,01100010001011001010,1.0,01100010011011010000
39,1.0,01100010011011010000,1.0,01100010011011010000
39,1.0,01100010011011010000,1.0,01100010011011010000
39,1.0,01100010011011010000,1.0,01101010101011010001
39,1.0,01101010101011010001,1.0,00100110111011010011
39,1.0,00100110111011010011,1.0,00101110111011010010
39,1.0,00101110111011010010,1.0,01111110011010000011
39,1.0,01111110011010000011,1.0,01111010001010000101
39,1.0,01111010001010000101,1.0,01111010001010000101
39,1.0,01111010001010000101,1.0,01101011001010000101
39,1.0,01101011001010000101,1.0,01101011001010000101
39,1.0,01101011001010000101,1.0,01100011011000000101
39,1.0,01100011011000000101,1.0,00100011011000010111
39,1.0,00100011011000010111,1.0,00101011011000010110
39,1.0,00101011011000010110,1.0,00111010011000010110
39,1.0,00111010011000010110,1.0,00111010011000010110
39,1.0,00111010011000010110,1.0,00111000011010011100
39,1.0,00111000011010011100,1.0,10100100011010111110
39,1.0,10100100011010111110,1.0,10011100111010101101
39,1.0,10011100111010101101,1.0,10011100111010101101
39,1.0,10011100111010101101,1.0,10110000111010100110
39,1.0,10110000111010100110,1.0,00110010111000100101
39,1.0,00110010111000100101,1.0,00110010111000100101
39,1.0,00110010111000100101,1.0,00111001111000000111
39,1.0,00111001111000000111,1.0,00110001011000010100
39,1.0,00110001011000010100,1.0,00110001011000010100
39,1.0,00110001011000010100,1.0,00101101011000011111
39,1.0,00101101011000011111,1.0,00101101011000011111
39,1.0,00101101011000011111,1.0,00101011011000010110
39,1.0,00101011011000010110,1.0,00100101011100110111
39,1.0,00100101011100110111,1.0,10010101010110110101
39,1.0,10010101010110110101,1.0,10011101010110110100
39,1.0,10011101010110110100,1.0,10011101010110110100
39,1.0,10011101010110110100,1.0,00010111010010110111
39,1.0,00010111010010110111,1.0,00010011001000110100
39,1.0,00010011001000110100,1.0,01001111101000110100
39,1.0,01001111101000110100,1.0,00001111101001100110
39,1.0,00001111101001100110,1.0,01001111110001100111
39,1.0,01001111110001100111,1.0,11000101110101100110
39,1.0,11000101110101100110,1.0,11101101110000110111
39,1.0,11101101110000110111,1.0,11100101010100110100
39,1.0,11100101010100110100,1.0,11011101000100110110
39,1.0,11011101000100110110,1.0,11110101100000110010
39,1.0,11110101100000110010,1.0,11101101101100100011
39,1.0,11101101101100100011,1.0,00101101101101010011
39,1.0,00101101101101010011,1.0,00101101101101010011
39,1.0,00101101101101010011,1.0,00101101101001010100
39,1.0,00101101101001010100,1.0,00101011001001000100
39,1.0,00101011001001000100,1.0,10100011000101000100
39,1.0,10100011000101000100,1.0,10001011000001011110
39,1.0,10001011000001011110,1.0,10010011000000011100
39,1.0,10010011000000011100,1.0,10010110000100111111
39,1.0,10010110000100111111,1.0,10011110010100011101
39,1.0,10011110010100011101,1.0,10010100011110111001
39,1.0,10010100011110111001,1.0,00010110101100111001
39,1.0,00010110101100111001,1.0,10011110001100011001
39,1.0,10011110001100011001,1.0,10110010000110011001
39,1.0,10110010000110011001,1.0,00111010001010011001
39,1.0,00111010001010011001,1.0,00111010001110001001
39,1.0,00111010001110001001,1.0,00110110011010001001
39,1.0,00110110011010001001,1.0,00111010011100001000
39,1.0,00111010011100001000,1.0,00111010001101000011
39,1.0,00111010001101000011,1.0,01101010001101000100
39,1.0,01101010001101000100,1.0,01100010011111000000
39,1.0,01100010011111000000,1.0,01000010111111010010
39,1.0,01000010111111010010,1.0,01000010111111010010
39,1.0,01000010111111010010,1.0,01010010110111010000
39,1.0,01010010110111010000,1.0,01111010110110010001
39,1.0,01111010110110010001,1.0,01111010100100011000
39,1.0,01111010100100011000,1.0,01111000100011011011
39,1.0,01111000100011011011,1.0,01111000100011011011
39,1.0,01111000100011011011,1.0,01101001100011011011
39,1.0,01101001100011011011,1.0,01101001000011111011
39,1.0,01101001000011111011,1.0,11000001010011111011
39,1.0,11000001010011111011,1.0,10100001110011101001
39,1.0,10100001110011101001,1.0,10010001110001101011
39,1.0,10010001110001101011,1.0,00010101110101101001
39,1.0,00010101110101101001,1.0,00000101111101101011
39,1.0,00000101111101101011,1.0,00000101111110101111
39,1.0,00000101111110101111,1.0,00000101111110101111
39,1.0,00000101111110101111,1.0,00011101110110101100
39,1.0,00011101110110101100,1.0,00010001100110111110
39,1.0,00010001100110111110,1.0,00010001100110111110
39,1.0,00010001100110111110,1.0,00111100100110111110
39,1.0,00111100100110111110,1.0,00110100100110111111
39,1.0,00110100100110111111,1.0,00110100100110111111
39,1.0,00110100100110111111,1.0,00111100100110111110
39,1.0,00111100100110111110,1.0,10111000010010111111
39,1.0,10111000010010111111,1.0,10101010110010111100
39,1.0,10101010110010111100,1.0,10101110110100101111
39,1.0,10101110110100101111,1.0,10100110110100011100
39,1.0,10100110110100011100,1.0,01100101010100011110
39,1.0,01100101010100011110,1.0,01100101010100011110
39,1.0,01100101010100011110,1.0,01100101010100011110
39,1.0,01100101010100011110,1.0,01100101010100011110
39,1.0,01100101010100011110,1.0,10101101010100011110
39,1.0,10101101010100011110,1.0,11101110010000011111
39,1.0,11101110010000011111,1.0,11101110010000011111
39,1.0,11101110010000011111,1.0,01111010010000111010
39,1.0,01111010010000111010,1.0,01101011000001101000
39,1.0,01101011000001101000,1.0,01101011100001001000
39,1.0,01101011100001001000,1.0,01100011100001001001
39,1.0,01100011100001001001,1.0,11100011000000001110
39,1.0,11100011000000001110,1.0,11100011000000001110
39,1.0,11100011000000001110,1.0,01101011000000011111
39,1.0,01101011000000011111,1.0,01101011000000011111
39,1.0,01101011000000011111,1.0,01000111000100111110
39,1.0,01000111000100111110,1.0,10000111000100111111
39,1.0,10000111000100111111,1.0,10100011001100010010
39,1.0,10100011001100010010,1.0,10100111101000010011
39,1.0,10100111101000010011,1.0,10100111001010010010
39,1.0,10100111001010010010,1.0,00100111111010010000
39,1.0,00100111111010010000,1.0,10000001111111010000
39,1.0,10000001111111010000,1.0,11001100111011011001
39,1.0,11001100111011011001,1.0,10001110101011011001
39,1.0,10001110101011011001,1.0,11001110000011011110
39,1.0,11001110000011011110,1.0,11001110100001011111
39,1.0,11001110100001011111,1.0,01000010110101011101
39,1.0,01000010110101011101,1.0,01000010110101011101
39,1.0,01000010110101011101,1.0,00000110110111011111
39,1.0,00000110110111011111,1.0,00000110110111011111
39,1.0,00000110110111011111,1.0,10100100110111001111
39,1.0,10100100110111001111,1.0,11101110010100001111
39,1.0,11101110010100001111,1.0,10100110010100111100
39,1.0,10100110010100111100,1.0,10100010010101011011
39,1.0,10100010010101011011,1.0,10111000010001111011
39,1.0,10111000010001111011,1.0,10110100110000111101
39,1.0,10110100110000111101,1.0,10100100111000111111
39,1.0,10100100111000111111,1.0,10100100111000111111
39,1.0,10100100111000111111,1.0,10101100111000111110
39,1.0,10101100111000111110,1.0,10101110101000101100
39,1.0,10101110101000101100,1.0,10101110101000101100
39,1.0,10101110101000101100,1.0,10101110101000101100
39,1.0,10101110101000101100,1.0,11101110110000101101
39,1.0,11101110110000101101,1.0,11101011010000101001
39,1.0,11101011010000101001,1.0,11101011010000101001
39,1.0,11101011010000101001,1.0,11101011010000101001
39,1.0,11101011010000101001,1.0,11101010010100101100
39,1.0,11101010010100101100,1.0,11100010010100101101
39,1.0,11100010010100101101,1.0,11100010010100101101
39,1.0,11100010010100101101,1.0,11100000011100101100
39,1.0,11100000011100101100,1.0,11100000011100101100
39,1.0,11100000011100101100,1.0,11100000010101101101
39,1.0,11100000010101101101,1.0,10100010000101101101
39,1.0,10100010000101101101,1.0,10101010000101101100
39,1.0,10101010000101101100,1.0,10101010000101101100
39,1.0,10101010000101101100,1.0,10101011010000101100
39,1.0,10101011010000101100,1.0,10101011110000001100
39,1.0,10101011110000001100,1.0,10101011110000001100
40,3.0,01001110001001101111,1.0,01001010001011101100
40,1.0,01001010001011101100,1.0,01111010000010101100
40,1.0,01111010000010101100,1.0,01110010010000101100
40,1.0,01110010010000101100,1.0,01110010001000100110
40,1.0,01110010001000100110,1.0,00111010011100000110
40,1.0,00111010011100000110,1.0,00110100111100010111
40,1.0,00110100111100010111,1.0,00111100011100001111
40,1.0,00111100011100001111,1.0,00110000011100101101
40,1.0,00110000011100101101,1.0,00110010011100001001
40,1.0,00110010011100001001,1.0,01110010010100101011
40,1.0,01110010010100101011,1.0,01100110010101101010
40,1.0,01100110010101101010,1.0,01101110100101101011
40,1.0,01101110100101101011,1.0,01100010101001001011
40,1.0,01100010101001001011,1.0,00100010101001001110
40,1.0,00100010101001001110,1.0,00100011100101001011
40,1.0,00100011100101001011,1.0,10100010110111001000
40,1.0,10100010110111001000,1.0,11100110100011001010
40,1.0,11100110100011001010,1.0,11100010110111000011
40,1.0,11100010110111000011,1.0,01100111110110100010
40,1.0,01100111110110100010,1.0,01100101100101100111
40,1.0,01100101100101100111,1.0,01101101100101100110
40,1.0,01101101100101100110,1.0,11100000110101110100
40,1.0,11100000110101110100,1.0,11100101010001100100
40,1.0,11100101010001100100,1.0,01101000011001101101
40,1.0,01101000011001101101,1.0,00110000011011100100
40,1.0,00110000011011100100,1.0,00110000011011100100
40,1.0,00110000011011100100,1.0,01111100011010100111
40,1.0,01111100011010100111,1.0,01110100011000110101
40,1.0,01110100011000110101,1.0,01110100011000110101
40,1.0,01110100011000110101,1.0,01111101001000000101
40,1.0,01111101001000000101,1.0,00110101010011000101
40,1.0,00110101010011000101,1.0,00110111010010000101
40,1.0,00110111010010000101,1.0,00111110011010000110
40,1.0,00111110011010000110,1.0,00110110010010101110
40,1.0,00110110010010101110,1.0,01111010000010101100
40,1.0,01111010000010101100,1.0,01111010000001100110
40,1.0,01111010000001100110,1.0,00111111100000100110
40,1.0,00111111100000100110,1.0,00110111100000100111
40,1.0,00110111100000100111,1.0,00111111100000100110
40,1.0,00111111100000100110,1.0,01111111100000100011
40,1.0,01111111100000100011,1.0,10110101100010101010
40,1.0,10110101100010101010,1.0,10110101100010101010
40,1.0,10110101100010101010,1.0,00110101110110001010
40,1.0,00110101110110001010,1.0,00111001010110011001
40,1.0,00111001010110011001,1.0,00010001110101011001
40,1.0,00010001110101011001,1.0,00101101110101011001
40,1.0,00101101110101011001,1.0,00111100110101011001
40,1.0,00111100110101011001,1.0,00010100110111011100
40,1.0,00010100110111011100,1.0,00000110110111011111
40,1.0,00000110110111011111,1.0,00001110110111011110
40,1.0,00001110110111011110,1.0,00000110110111011111
40,1.0,00000110110111011111,1.0,00000101110111011100
40,1.0,00000101110111011100,1.0,00000101010111111100
40,1.0,00000101010111111100,1.0,00011100110111101111
40,1.0,00011100110111101111,1.0,00011100101111101011
40,1.0,00011100101111101011,1.0,00001101101111101011
40,1.0,00001101101111101011,1.0,00001101101111101011
40,1.0,00001101101111101011,1.0,00001101101111101011
40,1.0,00001101101111101011,1.0,00011101100111101001
40,1.0,00011101100111101001,1.0,00011100101111101011
40,1.0,00011100101111101011,1.0,00011100101111101011
40,1.0,00011100101111101011,1.0,00010100111101101011
40,1.0,00010100111101101011,1.0,00011110110101101011
40,1.0,00011110110101101011,1.0,00011010111001001010
40,1.0,00011010111001001010,1.0,00011010111001001010
40,1.0,00011010111001001010,1.0,10011110001001001001
40,1.0,10011110001001001001,1.0,10011100011101001011
40,1.0,10011100011101001011,1.0,01011000001101011011
40,1.0,01011000001101011011,1.0,01001101001111001011
40,1.0,01001101001111001011,1.0,01001001001101011011
40,1.0,01001001001101011011,1.0,01001101001111001011
40,1.0,01001101001111001011,1.0,01001111001110001011
40,1.0,01001111001110001011,1.0,01001101001011011011
40,1.0,01001101001011011011,1.0,01001101010111111000
40,1.0,01001101010111111000,1.0,01001101110111011000
40,1.0,01001101110111011000,1.0,01000101110111011001
40,1.0,01000101110111011001,1.0,01000101111110011000
40,1.0,01000101111110011000,1.0,01001101011110001110
40,1.0,01001101011110001110,1.0,01001101010111001111
40,1.0,01001101010111001111,1.0,01001111010110001111
40,1.0,01001111010110001111,1.0,01001111001110001011
40,1.0,01001111001110001011,1.0,01011011001000001001
40,1.0,01011011001000001001,1.0,00010001011001101000
40,1.0,00010001011001101000,1.0,10010101000001101100
40,1.0,10010101000001101100,1.0,10110001000001100101
40,1.0,10110001000001100101,1.0,10110001000001100101
40,1.0,10110001000001100101,1.0,10110001001000100100
40,1.0,10110001001000100100,1.0,10110001001000100100
40,1.0,10110001001000100100,1.0,10111001001000110010
40,1.0,10111001001000110010,1.0,10111001001100100010
40,1.0,10111001001100100010,1.0,11010001001110100010
40,1.0,11010001001110100010,1.0,11011000011110100111
40,1.0,11011000011110100111,1.0,11001010111110100100
40,1.0,11001010111110100100,1.0,10000110101110101110
40,1.0,10000110101110101110,1.0,10000110101110101110
40,1.0,10000110101110101110,1.0,10000110101110101110
40,1.0,10000110101110101110,1.0,10000010101100111110
40,1.0,10000010101100111110,1.0,10000111100100011111
40,1.0,10000111100100011111,1.0,10100101010100011111
40,1.0,10100101010100011111,1.0,10101001010010111111
40,1.0,10101001010010111111,1.0,00110001110000101111
40,1.0,00110001110000101111,1.0,00111001110000101110
40,1.0,00111001110000101110,1.0,01110001010000110110
40,1.0,01110001010000110110,1.0,10110001010000110111
40,1.0,10110001010000110111,1.0,10111001010000111000
40,1.0,10111001010000111000,1.0,10111001010000001111
40,1.0,10111001010000001111,1.0,01110001010000001111
40,1.0,01110001010000001111,1.0,01110001010000001111
40,1.0,01110001010000001111,1.0,10111001010000001111
40,1.0,10111001010000001111,1.0,10011101011100000110
40,1.0,10011101011100000110,1.0,10011111111000000000
40,1.0,10011111111000000000,1.0,10011111111000000000
40,1.0,10011111111000000000,1.0,10010111110000101000
40,1.0,10010111110000101000,1.0,00011011110000101101
40,1.0,00011011110000101101,1.0,00011011110000101101
40,1.0,00011011110000101101,1.0,01010001100001111000
40,1.0,01010001100001111000,1.0,01100001010001111011
40,1.0,01100001010001111011,1.0,00100001011001011001
40,1.0,00100001011001011001,1.0,00100000111101111001
40,1.0,00100000111101111001,1.0,00101000110111111101
40,1.0,00101000110111111101,1.0,00101000110111111101
40,1.0,00101000110111111101,1.0,00101000110111111101
40,1.0,00101000110111111101,1.0,00101000110111111101
40,1.0,00101000110111111101,1.0,10100100010011111111
40,1.0,10100100010011111111,1.0,11101000000011111101
40,1.0,11101000000011111101,1.0,11101000000011111101
40,1.0,11101000000011111101,1.0,01100000000111111111
40,1.0,01100000000111111111,1.0,01100001000111011000
40,1.0,01100001000111011000,1.0,01101101000101011010
40,1.0,01101101000101011010,1.0,00110101100101010010
40,1.0,00110101100101010010,1.0,00110001001101000001
40,1.0,00110001001101000001,1.0,00101011001101000011
40,1.0,00101011001101000011,1.0,00000011001111000110
40,1.0,00000011001111000110,1.0,00000011001111000110
40,1.0,00000011001111000110,1.0,00010010001111000110
40,1.0,00010010001111000110,1.0,00010010101011100100
40,1.0,00010010101011100100,1.0,00010110101010101101
40,1.0,00010110101010101101,1.0,00010100101011101101
40,1.0,00010100101011101101,1.0,01011100101011100111
40,1.0,01011100101011100111,1.0,01001101101011100111
40,1.0,01001101101011100111,1.0,00011001001011100110
40,1.0,00011001001011100110,1.0,00011011001010100110
40,1.0,00011011001010100110,1.0,00010011011000100110
40,1.0,00010011011000100110,1.0,00010011001010100111
40,1.0,00010011001010100111,1.0,10010111100010100111
40,1.0,10010111100010100111,1.0,11001111000010101111
40,1.0,11001111000010101111,1.0,10000111001000101110
40,1.0,10000111001000101110,1.0,10000011001010111010
40,1.0,10000011001010111010,1.0,10000101101110111010
40,1.0,10000101101110111010,1.0,10001101111110010110
40,1.0,10001101111110010110,1.0,10000101111110010111
40,1.0,10000101111110010111,1.0,10010101011100000111
40,1.0,10010101011100000111,1.0,10010101001001000101
40,1.0,10010101001001000101,1.0,10011101001001000100
40,1.0,10011101001001000100,1.0,11011101001001000001
40,1.0,11011101001001000001,1.0,11110000001001010000
40,1.0,11110000001001010000,1.0,11110000001001010000
40,1.0,11110000001001010000,1.0,11101000011001010101
40,1.0,11101000011001010101,1.0,11101000010001111100
40,1.0,11101000010001111100,1.0,01101100110001111110
40,1.0,01101100110001111110,1.0,11000100110011111111
40,1.0,11000100110011111111,1.0,10000110100011111111
40,1.0,10000110100011111111,1.0,10010010000011101100
40,1.0,10010010000011101100,1.0,10010111000010001100
40,1.0,10010111000010001100,1.0,10111111000000000111
40,1.0,10111111000000000111,1.0,00111111010010000100
40,1.0,00111111010010000100,1.0,00111111000011000001
40,1.0,00111111000011000001,1.0,10111111000010100011
40,1.0,10111111000010100011,1.0,00110111000010101000
40,1.0,00110111000010101000,1.0,00011011010010101100
40,1.0,00011011010010101100,1.0,00011111010010111000
40,1.0,00011111010010111000,1.0,00010110001110111000
40,1.0,00010110001110111000,1.0,00010110001110111000
40,1.0,00010110001110111000,1.0,00010110000111111001
40,1.0,00010110000111111001,1.0,00010111110110110000
40,1.0,00010111110110110000,1.0,00010001110111110011
40,1.0,00010001110111110011,1.0,11010000110111110010
40,1.0,11010000110111110010,1.0,11010100110110111011
40,1.0,11010100110110111011,1.0,11010100110110111011
40,1.0,11010100110110111011,1.0,11011100110110111010
40,1.0,11011100110110111010,1.0,11101001110110110011
40,1.0,11101001110110110011,1.0,10101001110110111000
40,1.0,10101001110110111000,1.0,10100001011000111011
40,1.0,10100001011000111011,1.0,10100101101000111001
40,1.0,10100101101000111001,1.0,10100101111010110010
40,1.0,10100101111010110010,1.0,10100101111010110010
40,1.0,10100101111010110010,1.0,11101101101000110011
40,1.0,11101101101000110011,1.0,11101101101000110011
40,1.0,11101101101000110011,1.0,11101001101010110000
40,1.0,11101001101010110000,1.0,01001011011010101011
40,1.0,01001011011010101011,1.0,01101011011010100000
40,1.0,01101011011010100000,1.0,01101011011010100000
40,1.0,01101011011010100000,1.0,01100011011010100001
40,1.0,01100011011010100001,1.0,01100011001000101000
40,1.0,01100011001000101000,1.0,01101111001100100001
40,1.0,01101111001100100001,1.0,11101101101100100011
40,1.0,11101101101100100011,1.0,10111001001100100010
40,1.0,10111001001100100010,1.0,10110001001000100100
40,1.0,10110001001000100100,1.0,10110001001000100100
40,1.0,10110001001000100100,1.0,10110101011000100010
40,1.0,10110101011000100010,1.0,10101101011000110101
40,1.0,10101101011000110101,1.0,10100001110001110100
40,1.0,10100001110001110100,1.0,10100001110001110100
41,9.0,01111100011000011011,1.0,01110000011000111010
41,1.0,01110000011000111010,1.0,11100000011000111100
41,1.0,11100000011000111100,1.0,11100100011010111011
41,1.0,11100100011010111011,1.0,11001110011010111001
41,1.0,11001110011010111001,1.0,10001110011110111011
41,1.0,10001110011110111011,1.0,10001010011100111100
41,1.0,10001010011100111100,1.0,10100110110100011100
41,1.0,10100110110100011100,1.0,11001010111100011001
41,1.0,11001010111100011001,1.0,11001010111100011001
41,1.0,11001010111100011001,1.0,00011011101100010010
41,1.0,00011011101100010010,1.0,10011111000100010101
41,1.0,10011111000100010101,1.0,11010011000100000111
41,1.0,11010011000100000111,1.0,01010011010110000100
41,1.0,01010011010110000100,1.0,01010110010110110111
41,1.0,01010110010110110111,1.0,01000111010110110111
41,1.0,01000111010110110111,1.0,10001111010110110111
41,1.0,10001111010110110111,1.0,10001111010110111001
41,1.0,10001111010110111001,1.0,00001011010111011010
41,1.0,00001011010111011010,1.0,00001111001111010001
41,1.0,00001111001111010001,1.0,00001110011111010111
41,1.0,00001110011111010111,1.0,00011001011011000101
41,1.0,00011001011011000101,1.0,00011001011011000101
41,1.0,00011001011011000101,1.0,01010101001001000100
41,1.0,01010101001001000100,1.0,01010000001101001101
41,1.0,01010000001101001101,1.0,01010000011101100110
41,1.0,01010000011101100110,1.0,01010000011101100110
41,1.0,01010000011101100110,1.0,01011000011111000101
41,1.0,01011000011111000101,1.0,01010100011110001111
41,1.0,01010100011110001111,1.0,01010100011110001111
41,1.0,01010100011110001111,1.0,01011100111010101100
41,1.0,01011100111010101100,1.0,00011101011000101110
41,1.0,00011101011000101110,1.0,00010100011001011110
41,1.0,00010100011001011110,1.0,01010000001001011101
41,1.0,01010000001001011101,1.0,01001100101101011111
41,1.0,01001100101101011111,1.0,01001100001101111111
41,1.0,01001100001101111111,1.0,01001100001101111111
41,1.0,01001100001101111111,1.0,00010100011001011110
41,1.0,00010100011001011110,1.0,00011000111011001110
41,1.0,00011000111011001110,1.0,00010001110011001101
41,1.0,00010001110011001101,1.0,00010011100011001010
41,1.0,00010011100011001010,1.0,00010011100011001010
41,1.0,00010011100011001010,1.0,00010001100011101110
41,1.0,00010001100011101110,1.0,00001101110111101111
41,1.0,00001101110111101111,1.0,00001101110111101111
41,1.0,00001101110111101111,1.0,00010001110011001101
41,1.0,00010001110011001101,1.0,00010001110011001101
41,1.0,00010001110011001101,1.0,00000001111011001111
41,1.0,00000001111011001111,1.0,00011000111111100101
41,1.0,00011000111111100101,1.0,00011100101111101011
41,1.0,00011100101111101011,1.0,00010100001111001111
41,1.0,00010100001111001111,1.0,00111100001001001101
41,1.0,00111100001001001101,1.0,01110000101001001000
41,1.0,01110000101001001000,1.0,01100001101001001000
41,1.0,01100001101001001000,1.0,01100101101000001111
41,1.0,01100101101000001111,1.0,10101101101000001111
41,1.0,10101101101000001111,1.0,10101001101001000110
41,1.0,10101001101001000110,1.0,10100001001011000110
41,1.0,10100001001011000110,1.0,10100001001011000110
41,1.0,10100001001011000110,1.0,10100001101001000111
41,1.0,10100001101001000111,1.0,10101001101001000110
41,1.0,10101001101001000110,1.0,00100001111011000100
41,1.0,00100001111011000100,1.0,00100001111110010100
41,1.0,00100001111110010100,1.0,00100000111110111101
41,1.0,00100000111110111101,1.0,00100010111110011001
41,1.0,00100010111110011001,1.0,00101010111110011000
41,1.0,00101010111110011000,1.0,01100010001110011010
41,1.0,01100010001110011010,1.0,01100010001011001010
41,1.0,01100010001011001010,1.0,01101010101010001110
41,1.0,01101010101010001110,1.0,11100000101110001101
41,1.0,11100000101110001101,1.0,11100100110110011101
41,1.0,11100100110110011101,1.0,01100100110111001110
41,1.0,01100100110111001110,1.0,01100100010111101110
41,1.0,01100100010111101110,1.0,01100100101111001010
41,1.0,01100100101111001010,1.0,11100100101011001001
41,1.0,11100100101011001001,1.0,11100010001010011001
41,1.0,11100010001010011001,1.0,11011010001000011010
41,1.0,11011010001000011010,1.0,11110100001000011001
41,1.0,11110100001000011001,1.0,11011100011001001001
41,1.0,11011100011001001001,1.0,11010010011001000001
41,1.0,11010010011001000001,1.0,11000011011001000001
41,1.0,11000011011001000001,1.0,11000011011001000001
41,1.0,11000011011001000001,1.0,11000011011001000001
41,1.0,11000011011001000001,1.0,10000011011001000100
41,1.0,10000011011001000100,1.0,10001101011001001100
41,1.0,10001101011001001100,1.0,10000101011001001101
41,1.0,10000101011001001101,1.0,10000101111101000100
41,1.0,10000101111101000100,1.0,10000110111101000111
41,1.0,10000110111101000111,1.0,10000110011111000110
41,1.0,10000110011111000110,1.0,10101110011110000111
41,1.0,10101110011110000111,1.0,10110100011110000101
41,1.0,10110100011110000101,1.0,11110100001100000111
41,1.0,11110100001100000111,1.0,00111100001110110111
41,1.0,00111100001110110111,1.0,00111100001110110111
41,1.0,00111100001110110111,1.0,00111101001100110000
41,1.0,00111101001100110000,1.0,01110100001100011010
41,1.0,01110100001100011010,1.0,01011110011110010001
41,1.0,01011110011110010001,1.0,01011110001100011000
41,1.0,01011110001100011000,1.0,01011000001001011100
41,1.0,01011000001001011100,1.0,11011100101001001010
41,1.0,11011100101001001010,1.0,11010100101001001011
41,1.0,11010100101001001011,1.0,11010100001001101011
41,1.0,11010100001001101011,1.0,11010100101001110010
41,1.0,11010100101001110010,1.0,11000101101001110010
41,1.0,11000101101001110010,1.0,10001101011101110010
41,1.0,10001101011101110010,1.0,00001101111111110001
41,1.0,00001101111111110001,1.0,00000101011111101010
41,1.0,00000101011111101010,1.0,00000101011111101010
41,1.0,00000101011111101010,1.0,01001000011111101110
41,1.0,01001000011111101110,1.0,01000001011110101100
41,1.0,01000001011110101100,1.0,01000101111010101101
41,1.0,01000101111010101101,1.0,00000101111110101111
41,1.0,00000101111110101111,1.0,00000011111010001111
41,1.0,00000011111010001111,1.0,10011001111010001001
41,1.0,10011001111010001001,1.0,10011001011010101001
41,1.0,10011001011010101001,1.0,10000101011011101001
41,1.0,10000101011011101001,1.0,10001101011011101000
41,1.0,10001101011011101000,1.0,11001101011011100011
41,1.0,11001101011011100011,1.0,01000101011011100110
41,1.0,01000101011011100110,1.0,01011001010011100111
41,1.0,01011001010011100111,1.0,01001101010111110110
41,1.0,01001101010111110110,1.0,01001101010111110110
41,1.0,01001101010111110110,1.0,01001101110111010110
41,1.0,01001101110111010110,1.0,00000101110111011100
41,1.0,00000101110111011100,1.0,00101101110110011101
41,1.0,00101101110110011101,1.0,00100101100110111111
41,1.0,00100101100110111111,1.0,00110001000110101100
41,1.0,00110001000110101100,1.0,10100101010110101100
41,1.0,10100101010110101100,1.0,10011101000110101110
41,1.0,10011101000110101110,1.0,10011001110010101110
41,1.0,10011001110010101110,1.0,10011001110010101110
41,1.0,10011001110010101110,1.0,10011001110010101110
41,1.0,10011001110010101110,1.0,11011001110000001111
41,1.0,11011001110000001111,1.0,11011001010010001110
41,1.0,11011001010010001110,1.0,11011001100010111001
41,1.0,11011001100010111001,1.0,10011011000100011010
41,1.0,10011011000100011010,1.0,11011011000000011000
41,1.0,11011011000000011000,1.0,11010011000000011001
41,1.0,11010011000000011001,1.0,11010011000000011001
41,1.0,11010011000000011001,1.0,11100111000000011010
41,1.0,11100111000000011010,1.0,11101110001000011011
41,1.0,11101110001000011011,1.0,11101110001000011011
41,1.0,11101110001000011011,1.0,10101110101000111011
41,1.0,10101110101000111011,1.0,10101110101000101100
41,1.0,10101110101000101100,1.0,01100110101000101100
41,1.0,01100110101000101100,1.0,00100110101000111110
41,1.0,00100110101000111110,1.0,00100110101000111110
41,1.0,00100110101000111110,1.0,00101110001010111101
41,1.0,00101110001010111101,1.0,00101110001010111101
41,1.0,00101110001010111101,1.0,00101110101110110100
41,1.0,00101110101110110100,1.0,01101110101110110001
41,1.0,01101110101110110001,1.0,01000110110111110100
41,1.0,01000110110111110100,1.0,01001110010111111011
41,1.0,01001110010111111011,1.0,01000011000111101010
41,1.0,01000011000111101010,1.0,01001011010111001000
41,1.0,01001011010111001000,1.0,01001011010111000110
41,1.0,01001011010111000110,1.0,01101110010111000111
41,1.0,01101110010111000111,1.0,01101010110011010101
41,1.0,01101010110011010101,1.0,00101110100111110101
41,1.0,00101110100111110101,1.0,00101011000111110001
41,1.0,00101011000111110001,1.0,00011011000101110011
41,1.0,00011011000101110011,1.0,01011110000111110011
41,1.0,01011110000111110011,1.0,01011011000001110001
41,1.0,01011011000001110001,1.0,11010011000001100000
41,1.0,11010011000001100000,1.0,11010011000010100100
41,1.0,11010011000010100100,1.0,11010010001010100110
41,1.0,11010010001010100110,1.0,11010010000011100111
41,1.0,11010010000011100111,1.0,11011100010011110101
41,1.0,11011100010011110101,1.0,11010100100011110111
41,1.0,11010100100011110111,1.0,11011100000011101111
41,1.0,11011100000011101111,1.0,11001000011011101101
41,1.0,11001000011011101101,1.0,01000000011011111111
41,1.0,01000000011011111111,1.0,01001000011011111110
41,1.0,01001000011011111110,1.0,01001000111001111111
41,1.0,01001000111001111111,1.0,11001000111101010111
41,1.0,11001000111101010111,1.0,11001000111101010111
41,1.0,11001000111101010111,1.0,11000000111111100101
41,1.0,11000000111111100101,1.0,11000000111111100101
41,1.0,11000000111111100101,1.0,11001000100111111111
41,1.0,11001000100111111111,1.0,11001010100101111011
42,7.0,00001010101111110101,3.0,00000011101110110100
42,3.0,00000011101110110100,3.0,00000011101110110100
42,3.0,00000011101110110100,1.0,00000111001110110110
42,1.0,00000111001110110110,1.0,10001101001011110100
42,1.0,10001101001011110100,1.0,10011001001011010000
42,1.0,10011001001011010000,1.0,10010001001011010001
42,1.0,10010001001011010001,1.0,10001001001001011101
42,1.0,10001001001001011101,1.0,10001111001001000111
42,1.0,10001111001001000111,1.0,10011101001001000100
42,1.0,10011101001001000100,1.0,10011110001001000111
42,1.0,10011110001001000111,1.0,10010010011001000100
42,1.0,10010010011001000100,1.0,10010010011001000100
42,1.0,10010010011001000100,1.0,10100110011001000101
42,1.0,10100110011001000101,1.0,10101110001011000101
42,1.0,10101110001011000101,1.0,00101011001001000100
42,1.0,00101011001001000100,1.0,00101011111000100100
42,1.0,00101011111000100100,1.0,10100011111010000010
42,1.0,10100011111010000010,1.0,10100011111010000010
42,1.0,10100011111010000010,1.0,10100111001010010010
42,1.0,10100111001010010010,1.0,11100111001010000000
42,1.0,11100111001010000000,1.0,11100011001000010000
42,1.0,11100011001000010000,1.0,11101011101000000011
42,1.0,11101011101000000011,1.0,11101011101000000011
42,1.0,11101011101000000011,1.0,11100011001100000000
42,1.0,11100011001100000000,1.0,01101011001001000001
42,1.0,01101011001001000001,1.0,01101001011001010011
42,1.0,01101001011001010011,1.0,00101011001001010011
42,1.0,00101011001001010011,1.0,00110010001011100001
42,1.0,00110010001011100001,1.0,00010110111011100010
42,1.0,00010110111011100010,1.0,00110010011001100000
42,1.0,00110010011001100000,1.0,00110010011001100000
42,1.0,00110010011001100000,1.0,00110010011001100000
42,1.0,00110010011001100000,1.0,01010110001101100000
42,1.0,01010110001101100000,1.0,11011000001101110001
42,1.0,11011000001101110001,1.0,11011100001011110001
42,1.0,11011100001011110001,1.0,11011100001011110001
42,1.0,11011100001011110001,1.0,01011010010011011000
42,1.0,01011010010011011000,1.0,01011100110111011000
42,1.0,01011100110111011000,1.0,01010100110111011001
42,1.0,01010100110111011001,1.0,01010100110111011001
42,1.0,01010100110111011001,1.0,01110100110100111011
42,1.0,01110100110100111011,1.0,01110000010001111011
42,1.0,01110000010001111011,1.0,01110100110011110010
42,1.0,01110100110011110010,1.0,01111101010011000001
42,1.0,01111101010011000001,1.0,01111101010011000001
42,1.0,01111101010011000001,1.0,01011101110011010011
42,1.0,01011101110011010011,1.0,01011001110001010100
42,1.0,01011001110001010100,1.0,00111001010001010100
42,1.0,00111001010001010100,1.0,00110001000001110110
42,1.0,00110001000001110110,1.0,00111001110001110001
42,1.0,00111001110001110001,1.0,00110001000001111000
42,1.0,00110001000001111000,1.0,00110001000001111000
42,1.0,00110001000001111000,1.0,00101101100101111010
42,1.0,00101101100101111010,1.0,00101101100101111010
42,1.0,00101101100101111010,1.0,00100101100101111011
42,1.0,00100101100101111011,1.0,00101101100101111010
42,1.0,00101101100101111010,1.0,00100101101100111010
42,1.0,00100101101100111010,1.0,00100101101100111010
42,1.0,00100101101100111010,1.0,10101101101000111000
42,1.0,10101101101000111000,1.0,10101111100010011001
42,1.0,10101111100010011001,1.0,10101111110010001011
42,1.0,10101111110010001011,1.0,10101111110010001011
42,1.0,10101111110010001011,1.0,10110101110010001001
42,1.0,10110101110010001001,1.0,10111101110010001000
42,1.0,10111101110010001000,1.0,10011001111010001001
42,1.0,10011001111010001001,1.0,10111101110010001000
42,1.0,10111101110010001000,1.0,01110101110010001000
42,1.0,01110101110010001000,1.0,01111101000010011011
42,1.0,01111101000010011011,1.0,01111001000010111000
42,1.0,01111001000010111000,1.0,01111001000010110110
42,1.0,01111001000010110110,1.0,10111001000010110111
42,1.0,10111001000010110111,1.0,11110000001010010100
42,1.0,11110000001010010100,1.0,11110100001010100100
42,1.0,11110100001010100100,1.0,11110100001010100100
42,1.0,11110100001010100100,1.0,11111000101010110000
42,1.0,11111000101010110000,1.0,11100000101110110100
42,1.0,11100000101110110100,1.0,11101000001101100110
42,1.0,11101000001101100110,1.0,01101101100101100110
42,1.0,01101101100101100110,1.0,00100001100111110110
42,1.0,00100001100111110110,1.0,00100001100111110110
42,1.0,00100001100111110110,1.0,00100001110111010101
42,1.0,00100001110111010101,1.0,00010101110011010111
42,1.0,00010101110011010111,1.0,01011001110110010111
42,1.0,01011001110110010111,1.0,01011001110001010100
42,1.0,01011001110001010100,1.0,01011001110011110000
42,1.0,01011001110011110000,1.0,00010001110011110100
42,1.0,00010001110011110100,1.0,00011101110011010110
42,1.0,00011101110011010110,1.0,01011100110111010110
42,1.0,01011100110111010110,1.0,01011100110111010110
42,1.0,01011100110111010110,1.0,01001101110111010110
42,1.0,01001101110111010110,1.0,10001101110111010111
42,1.0,10001101110111010111,1.0,10001101110111010111
42,1.0,10001101110111010111,1.0,10001101110111010111
42,1.0,10001101110111010111,1.0,10000001110011011110
42,1.0,10000001110011011110,1.0,10000101100011111100
42,1.0,10000101100011111100,1.0,00001101110011111111
42,1.0,00001101110011111111,1.0,00001101110011111111
42,1.0,00001101110011111111,1.0,00001101110011111111
42,1.0,00001101110011111111,1.0,01101101100010111100
42,1.0,01101101100010111100,1.0,00101101100110111110
42,1.0,00101101100110111110,1.0,00100001100011011111
42,1.0,00100001100011011111,1.0,00110001000001001111
42,1.0,00110001000001001111,1.0,10110101100000001110
42,1.0,10110101100000001110,1.0,10110101100010101010
42,1.0,10110101100010101010,1.0,10110101110010001001
42,1.0,10110101110010001001,1.0,10101101110011001011
42,1.0,10101101110011001011,1.0,10100101111010001011
42,1.0,10100101111010001011,1.0,00101001111111000010
42,1.0,00101001111111000010,1.0,00101001101111010000
42,1.0,00101001101111010000,1.0,00100101111011010000
42,1.0,00100101111011010000,1.0,00010101101011010011
42,1.0,00010101101011010011,1.0,00010001101011001001
42,1.0,00010001101011001001,1.0,00010001101011001001
42,1.0,00010001101011001001,1.0,00010001001011101001
42,1.0,00010001001011101001,1.0,00000011001111001000
42,1.0,00000011001111001000,1.0,00000011001111001000
42,1.0,00000011001111001000,1.0,00010010001111001000
42,1.0,00010010001111001000,1.0,01001110101111001000
42,1.0,01001110101111001000,1.0,01000110101111001001
42,1.0,01000110101111001001,1.0,00000110101111011011
42,1.0,00000110101111011011,1.0,00001110011111011001
42,1.0,00001110011111011001,1.0,00010010101111100011
42,1.0,00010010101111100011,1.0,00010010101111100011
42,1.0,00010010101111100011,1.0,10011010101011100001
42,1.0,10011010101011100001,1.0,10011010100001111011
42,1.0,10011010100001111011,1.0,11010000100101111001
42,1.0,11010000100101111001,1.0,11011000100101111000
42,1.0,11011000100101111000,1.0,01010100100111111010
42,1.0,01010100100111111010,1.0,11010100100011111001
42,1.0,11010100100011111001,1.0,11111000100011110001
42,1.0,11111000100011110001,1.0,11111100000111100011
42,1.0,11111100000111100011,1.0,01110100000111101000
42,1.0,01110100000111101000,1.0,01101110000111101010
42,1.0,01101110000111101010,1.0,01101010000111011010
42,1.0,01101010000111011010,1.0,00101011010101001001
42,1.0,00101011010101001001,1.0,00101101110101011001
42,1.0,00101101110101011001,1.0,00111001110101100001
42,1.0,00111001110101100001,1.0,10111001100101000011
42,1.0,10111001100101000011,1.0,10100001111001100010
42,1.0,10100001111001100010,1.0,10101001101001000110
42,1.0,10101001101001000110,1.0,10101001101001000110
42,1.0,10101001101001000110,1.0,10100001111000001100
42,1.0,10100001111000001100,1.0,10100101111010001011
42,1.0,10100101111010001011,1.0,10100101111010001011
42,1.0,10100101111010001011,1.0,10100001011110001010
42,1.0,10100001011110001010,1.0,11100000111100001100
42,1.0,11100000111100001100,1.0,11100000111100001100
42,1.0,11100000111100001100,1.0,11101000101110001100
42,1.0,11101000101110001100,1.0,11101000101110001100
42,1.0,11101000101110001100,1.0,11100000101110001101
42,1.0,11100000101110001101,1.0,10100100101110011100
42,1.0,10100100101110011100,1.0,11100000001110101101
42,1.0,11100000001110101101,1.0,11101010000110101101
42,1.0,11101010000110101101,1.0,11001110110110101110
42,1.0,11001110110110101110,1.0,11001010111110100100
42,1.0,11001010111110100100,1.0,10000011011110000111
42,1.0,10000011011110000111,1.0,10011011010110000100
42,1.0,10011011010110000100,1.0,11010001110110000110
42,1.0,11010001110110000110,1.0,01011001110110010111
42,1.0,01011001110110010111,1.0,11100001010110010111
42,1.0,11100001010110010111,1.0,00100011110110010101
42,1.0,00100011110110010101,1.0,00100011110110010101
42,1.0,00100011110110010101,1.0,10001111100100011110
42,1.0,10001111100100011110,1.0,10001101100101011110
42,1.0,10001101100101011110,1.0,10101101000101001100
42,1.0,10101101000101001100,1.0,00100101100101101100
42,1.0,00100101100101101100,1.0,00100101100101101100
42,1.0,00100101100101101100,1.0,10100101000101001101
42,1.0,10100101000101001101,1.0,10100111000100001101
42,1.0,10100111000100001101,1.0,10100011000101000100
42,1.0,10100011000101000100,1.0,10101111000100001100
42,1.0,10101111000100001100,1.0,10101101000101001100
42,1.0,10101101000101001100,1.0,10101101000110011111
42,1.0,10101101000110011111,1.0,10111100000110011111
42,1.0,10111100000110011111,1.0,10110001000110010100
42,1.0,10110001000110010100,1.0,10111000000111010110
42,1.0,10111000000111010110,1.0,10100100110111110110
42,1.0,10100100110111110110,1.0,10001110110111110100
42,1.0,10001110110111110100,1.0,10000110110111110101
42,1.0,10000110110111110101,1.0,10000110110111110101
42,1.0,10000110110111110101,1.0,10000110110111110101
42,1.0,10000110110111110101,1.0,10001110010011111101
43,1.0,00101001011110011011,1.0,01000101111110011000
43,1.0,01000101111110011000,1.0,01000101111110011000
43,1.0,01000101111110011000,1.0,00000101110111011100
43,1.0,00000101110111011100,1.0,00000101110111011100
43,1.0,00000101110111011100,1.0,10001101110111011001
43,1.0,10001101110111011001,1.0,11000101110110111011
43,1.0,11000101110110111011,1.0,01011001110110011001
43,1.0,01011001110110011001,1.0,01010100111110011000
43,1.0,01010100111110011000,1.0,01000101111110011000
43,1.0,01000101111110011000,1.0,10001101111110011000
43,1.0,10001101111110011000,1.0,10000101110110111110
43,1.0,10000101110110111110,1.0,10101001110110001111
43,1.0,10101001110110001111,1.0,10101001110110001111
43,1.0,10101001110110001111,1.0,00100011100110001111
43,1.0,00100011100110001111,1.0,00100011000110101111
43,1.0,00100011000110101111,1.0,10101011000010101101
43,1.0,10101011000010101101,1.0,10100011100010110101
43,1.0,10100011100010110101,1.0,10010011100000110111
43,1.0,10010011100000110111,1.0,10011011100000110110
43,1.0,10011011100000110110,1.0,10010011100000110111
43,1.0,10010011100000110111,1.0,10011110101000110101
43,1.0,10011110101000110101,1.0,10111100101000110110
43,1.0,10111100101000110110,1.0,01111100001010110101
43,1.0,01111100001010110101,1.0,01111100001010110101
43,1.0,01111100001010110101,1.0,11110100001100110000
43,1.0,11110100001100110000,1.0,11110100001100110000
43,1.0,11110100001100110000,1.0,11010000101100111000
43,1.0,11010000101100111000,1.0,11011000001100101110
43,1.0,11011000001100101110,1.0,11011000001100101110
43,1.0,11011000001100101110,1.0,01010000011110101100
43,1.0,01010000011110101100,1.0,00111000011100101100
43,1.0,00111000011100101100,1.0,00111000001110101101
43,1.0,00111000001110101101,1.0,00111000001110101101
43,1.0,00111000001110101101,1.0,00011100111110101110
43,1.0,00011100111110101110,1.0,00011110110110101111
43,1.0,00011110110110101111,1.0,00011010011010101110
43,1.0,00011010011010101110,1.0,00110010011010100100
43,1.0,00110010011010100100,1.0,00110010011010100100
43,1.0,00110010011010100100,1.0,00101111011010000110
43,1.0,00101111011010000110,1.0,00100011011100000111
43,1.0,00100011011100000111,1.0,00101101011100110110
43,1.0,00101101011100110110,1.0,00101101011100110110
43,1.0,00101101011100110110,1.0,00101001010101101101
43,1.0,00101001010101101101,1.0,00001001110101111111
43,1.0,00001001110101111111,1.0,00001001110101111111
43,1.0,00001001110101111111,1.0,00101101110110011101
43,1.0,00101101110110011101,1.0,00101101100110111110
43,1.0,00101101100110111110,1.0,00001101110111101111
43,1.0,00001101110111101111,1.0,10000101100111101100
43,1.0,10000101100111101100,1.0,10000011100111001011
43,1.0,10000011100111001011,1.0,11010001100111000011
43,1.0,11010001100111000011,1.0,01011011100101000001
43,1.0,01011011100101000001,1.0,00010111110101000011
43,1.0,00010111110101000011,1.0,00010111110101000011
43,1.0,00010111110101000011,1.0,00011111100111000011
43,1.0,00011111100111000011,1.0,00010111110011100000
43,1.0,00010111110011100000,1.0,00010010110011111001
43,1.0,00010010110011111001,1.0,00010010010111011011
43,1.0,00010010010111011011,1.0,00011010010111011010
43,1.0,00011010010111011010,1.0,01011010010011011000
43,1.0,01011010010011011000,1.0,00011110110011011011
43,1.0,00011110110011011011,1.0,00011110110011011011
43,1.0,00011110110011011011,1.0,00001111110011011011
43,1.0,00001111110011011011,1.0,01010010010011011001
43,1.0,01010010010011011001,1.0,01010010010011011001
43,1.0,01010010010011011001,1.0,00010010010111011011
43,1.0,00010010010111011011,1.0,00010010010111011011
43,1.0,00010010010111011011,1.0,00010010010111011011
43,1.0,00010010010111011011,1.0,00010010010111001100
43,1.0,00010010010111001100,1.0,00011000101101101100
43,1.0,00011000101101101100,1.0,00010000101101101101
43,1.0,00010000101101101101,1.0,00011000101101111011
43,1.0,00011000101101111011,1.0,00110000001001111010
43,1.0,00110000001001111010,1.0,00100100101001111110
43,1.0,00100100101001111110,1.0,00101000111101111000
43,1.0,00101000111101111000,1.0,01110000110110111000
43,1.0,01110000110110111000,1.0,01111100100110111011
43,1.0,01111100100110111011,1.0,01111000101010011010
43,1.0,01111000101010011010,1.0,00110101001000011010
43,1.0,00110101001000011010,1.0,00110101001000011010
43,1.0,00110101001000011010,1.0,00110101001000011010
43,1.0,00110101001000011010,1.0,00111101001100001001
43,1.0,00111101001100001001,1.0,00111101001100000111
43,1.0,00111101001100000111,1.0,00111001001010010100
43,1.0,00111001001010010100,1.0,00111001101000010101
43,1.0,00111001101000010101,1.0,01010001111010000111
43,1.0,01010001111010000111,1.0,01010001101010010101
43,1.0,01010001101010010101,1.0,01011101101000010111
43,1.0,01011101101000010111,1.0,01010001101000001110
43,1.0,01010001101000001110,1.0,00010101101100001101
43,1.0,00010101101100001101,1.0,00011111100100001101
43,1.0,00011111100100001101,1.0,00111001100000111100
43,1.0,00111001100000111100,1.0,00111101101000100101
43,1.0,00111101101000100101,1.0,01010001101100100101
43,1.0,01010001101100100101,1.0,11010101100110100100
43,1.0,11010101100110100100,1.0,11000101101110100110
43,1.0,11000101101110100110,1.0,11011011100100100011
43,1.0,11011011100100100011,1.0,10011011100100100110
43,1.0,10011011100100100110,1.0,11011011000100000110
43,1.0,11011011000100000110,1.0,11011011100000100100
43,1.0,11011011100000100100,1.0,01011011001000000111
43,1.0,01011011001000000111,1.0,01010011001000110001
43,1.0,01010011001000110001,1.0,01000111001001110000
43,1.0,01000111001001110000,1.0,01001111000111110011
43,1.0,01001111000111110011,1.0,01000101100111111010
43,1.0,01000101100111111010,1.0,11001001100110111100
43,1.0,11001001100110111100,1.0,11001101110100011110
43,1.0,11001101110100011110,1.0,10001111010100011101
43,1.0,10001111010100011101,1.0,10011110010100011101
43,1.0,10011110010100011101,1.0,11010100010110011110
43,1.0,11010100010110011110,1.0,11010100111010010101
43,1.0,11010100111010010101,1.0,11011001111000010001
43,1.0,11011001111000010001,1.0,01010011101000010001
43,1.0,01010011101000010001,1.0,01011011101000010000
43,1.0,01011011101000010000,1.0,01001111101000110100
43,1.0,01001111101000110100,1.0,01001101001100111100
43,1.0,01001101001100111100,1.0,01001001111100111011
43,1.0,01001001111100111011,1.0,01000000111111111000
43,1.0,01000000111111111000,1.0,11000000110101111111
43,1.0,11000000110101111111,1.0,11000000111100111110
43,1.0,11000000111100111110,1.0,01001010111100101111
43,1.0,01001010111100101111,1.0,01001110111010101111
43,1.0,01001110111010101111,1.0,01000110011010111100
43,1.0,01000110011010111100,1.0,01000110011010111100
43,1.0,01000110011010111100,1.0,01001110001100111111
43,1.0,01001110001100111111,1.0,01010100001100111101
43,1.0,01010100001100111101,1.0,01011110001100011000
43,1.0,01011110001100011000,1.0,01011110001100010110
43,1.0,01011110001100010110,1.0,01010110000100111110
43,1.0,01010110000100111110,1.0,01011011010100110011
43,1.0,01011011010100110011,1.0,01011011110100010011
43,1.0,01011011110100010011,1.0,01011011110100010011
43,1.0,01011011110100010011,1.0,00011011010100111000
43,1.0,00011011010100111000,1.0,10011110010110111001
43,1.0,10011110010110111001,1.0,00111001100100111011
43,1.0,00111001100100111011,1.0,00110100101100111010
43,1.0,00110100101100111010,1.0,10101000001101111010
43,1.0,10101000001101111010,1.0,10100100011101101010
43,1.0,10100100011101101010,1.0,10100100011101101010
43,1.0,10100100011101101010,1.0,10100010011001001010
43,1.0,10100010011001001010,1.0,10100010011001001010
43,1.0,10100010011001001010,1.0,10100100011101101010
43,1.0,10100100011101101010,1.0,10100100011101101010
43,1.0,10100100011101101010,1.0,10100100011101101010
43,1.0,10100100011101101010,1.0,00110100011001100111
43,1.0,00110100011001100111,1.0,00111100001011100111
43,1.0,00111100001011100111,1.0,00111100001011100111
43,1.0,00111100001011100111,1.0,00111100001001001101
43,1.0,00111100001001001101,1.0,00111100001001001101
43,1.0,00111100001001001101,1.0,10110100001000011100
43,1.0,10110100001000011100,1.0,10110100001100001100
43,1.0,10110100001100001100,1.0,10110110000100001101
43,1.0,10110110000100001101,1.0,10111110000100001100
43,1.0,10111110000100001100,1.0,10110110010110001000
43,1.0,10110110010110001000,1.0,10011110010100011101
43,1.0,10011110010100011101,1.0,10011110010100011101
43,1.0,10011110010100011101,1.0,10111100010100011110
43,1.0,10111100010100011110,1.0,11110100010000011101
43,1.0,11110100010000011101,1.0,00110000011010011101
43,1.0,00110000011010011101,1.0,00111100010110111101
43,1.0,00111100010110111101,1.0,00111100010110111101
43,1.0,00111100010110111101,1.0,01111000010010111110
43,1.0,01111000010010111110,1.0,01110000010010111111
43,1.0,01110000010010111111,1.0,01111100010001110101
43,1.0,01111100010001110101,1.0,01111100010001110101
43,1.0,01111100010001110101,1.0,11110100010100110100
43,1.0,11110100010100110100,1.0,01111100011100110011
43,1.0,01111100011100110011,1.0,01111100011100110011
43,1.0,01111100011100110011,1.0,00111100001101110011
43,1.0,00111100001101110011,1.0,01010100011101110010
43,1.0,01010100011101110010,1.0,00010110001101110010
43,1.0,00010110001101110010,1.0,01011100001111110010
43,1.0,01011100001111110010,1.0,01011101001101000010
44,1.0,11000000111100111110,1.0,11000010101000111100
44,1.0,11000010101000111100,1.0,11011010001000011010
44,1.0,11011010001000011010,1.0,01011010101001010011
44,1.0,01011010101001010011,1.0,01010110101000110101
44,1.0,01010110101000110101,1.0,01011010101100100111
44,1.0,01011010101100100111,1.0,01001111110100110111
44,1.0,01001111110100110111,1.0,11000001110111110010
44,1.0,11000001110111110010,1.0,11001101110110111010
44,1.0,11001101110110111010,1.0,11001101110110111010
44,1.0,11001101110110111010,1.0,01010101110010111010
44,1.0,01010101110010111010,1.0,00010101110011011001
44,1.0,00010101110011011001,1.0,01000101110111011001
44,1.0,01000101110111011001,1.0,01010100110111011001
44,1.0,01010100110111011001,1.0,01011100110111011000
44,1.0,01011100110111011000,1.0,00010000011111011010
44,1.0,00010000011111011010,1.0,00011000001101011110
44,1.0,00011000001101011110,1.0,00011100101011101100
44,1.0,00011100101011101100,1.0,10011100001011001101
44,1.0,10011100001011001101,1.0,10001011001011000100
44,1.0,10001011001011000100,1.0,10001111001001000111
44,1.0,10001111001001000111,1.0,10100010001001010110
44,1.0,10100010001001010110,1.0,10101000111001110101
44,1.0,10101000111001110101,1.0,00101000111101110110
44,1.0,00101000111101110110,1.0,00101100111011110110
44,1.0,00101100111011110110,1.0,01101000111001110100
44,1.0,01101000111001110100,1.0,01101100111001010111
44,1.0,01101100111001010111,1.0,01101100111001010111
44,1.0,01101100111001010111,1.0,01111100110001010101
44,1.0,01111100110001010101,1.0,00010001101001010100
44,1.0,00010001101001010100,1.0,01010001111001000011
44,1.0,01010001111001000011,1.0,00010011110101100000
44,1.0,00010011110101100000,1.0,00011111110101000010
44,1.0,00011111110101000010,1.0,00111110110111000000
44,1.0,00111110110111000000,1.0,00111110110111000000
44,1.0,00111110110111000000,1.0,00111010010101001001
44,1.0,00111010010101001001,1.0,00111010010101001001
44,1.0,00111010010101001001,1.0,00101011100101001010
44,1.0,00101011100101001010,1.0,00100011100110111000
44,1.0,00100011100110111000,1.0,01101111100010011000
44,1.0,01101111100010011000,1.0,00100111100010011100
44,1.0,00100111100010011100,1.0,01101111100010011000
44,1.0,01101111100010011000,1.0,01001011110010011101
44,1.0,01001011110010011101,1.0,00000011111000011100
44,1.0,00000011111000011100,1.0,10001011111000011001
44,1.0,10001011111000011001,1.0,10001011111000011001
44,1.0,10001011111000011001,1.0,10100111110000011001
44,1.0,10100111110000011001,1.0,10001010110101011101
44,1.0,10001010110101011101,1.0,10001010110101011101
44,1.0,10001010110101011101,1.0,01100110100101011000
44,1.0,01100110100101011000,1.0,11100100100101111010
44,1.0,11100100100101111010,1.0,10100100110111111000
44,1.0,10100100110111111000,1.0,10110000110011101001
44,1.0,10110000110011101001,1.0,10110000110011101001
44,1.0,10110000110011101001,1.0,10111100110011001011
44,1.0,10111100110011001011,1.0,10111100110011001011
44,1.0,10111100110011001011,1.0,10111100110011001011
44,1.0,10111100110011001011,1.0,10111100110011001011
44,1.0,10111100110011001011,1.0,10111000100011001101
44,1.0,10111000100011001101,1.0,10110100000101001101
44,1.0,10110100000101001101,1.0,11111100000101001001
44,1.0,11111100000101001001,1.0,11111100000101000111
44,1.0,11111100000101000111,1.0,01110010000001100111
44,1.0,01110010000001100111,1.0,01110010100001000111
44,1.0,01110010100001000111,1.0,01110010000101010010
44,1.0,01110010000101010010,1.0,00111110000001110101
44,1.0,00111110000001110101,1.0,10110010000001010100
44,1.0,10110010000001010100,1.0,11111000000011010100
44,1.0,11111000000011010100,1.0,11110100010000011101
44,1.0,11110100010000011101,1.0,11100100011000011111
44,1.0,11100100011000011111,1.0,11101100110110011100
44,1.0,11101100110110011100,1.0,11101110010000011111
44,1.0,11101110010000011111,1.0,11101110010000011111
44,1.0,11101110010000011111,1.0,11111100110000111001
44,1.0,11111100110000111001,1.0,10100101111010001011
44,1.0,10100101111010001011,1.0,10110101101010000011
44,1.0,10110101101010000011,1.0,10111101101010000010
44,1.0,10111101101010000010,1.0,10111101101010000010
44,1.0,10111101101010000010,1.0,10111001101100000010
44,1.0,10111001101100000010,1.0,10010011011100000000
44,1.0,10010011011100000000,1.0,10011001111100010011
44,1.0,10011001111100010011,1.0,10011100111101010010
44,1.0,10011100111101010010,1.0,10101000011101010111
44,1.0,10101000011101010111,1.0,00100000011101011100
44,1.0,00100000011101011100,1.0,00100110011101000110
44,1.0,00100110011101000110,1.0,00101110101101000111
44,1.0,00101110101101000111,1.0,00101111101100000100
44,1.0,00101111101100000100,1.0,00100111011010000111
44,1.0,00100111011010000111,1.0,00110111000010100110
44,1.0,00110111000010100110,1.0,10111111000010100011
44,1.0,10111111000010100011,1.0,00111111001010000000
44,1.0,00111111001010000000,1.0,00110111001010000001
44,1.0,00110111001010000001,1.0,10010111011010000000
44,1.0,10010111011010000000,1.0,11010111001000000010
44,1.0,11010111001000000010,1.0,11010111001000000010
44,1.0,11010111001000000010,1.0,11010111001000000010
44,1.0,11010111001000000010,1.0,11010111001000000010
44,1.0,11010111001000000010,1.0,11010111001000000010
44,1.0,11010111001000000010,1.0,11001111011000110000
44,1.0,11001111011000110000,1.0,01000111011100110010
44,1.0,01000111011100110010,1.0,01000011011001010010
44,1.0,01000011011001010010,1.0,10000111011011000011
44,1.0,10000111011011000011,1.0,10010011011100000000
44,1.0,10010011011100000000,1.0,10011010111110100011
44,1.0,10011010111110100011,1.0,10000111011100110011
44,1.0,10000111011100110011,1.0,10100101111010110010
44,1.0,10100101111010110010,1.0,10100001101010110100
44,1.0,10100001101010110100,1.0,00100100111011111001
44,1.0,00100100111011111001,1.0,00100101111011010000
44,1.0,00100101111011010000,1.0,10000101111001010100
44,1.0,10000101111001010100,1.0,10000001001101110101
44,1.0,10000001001101110101,1.0,10000101011101110011
44,1.0,10000101011101110011,1.0,10001101011101001011
44,1.0,10001101011101001011,1.0,10001111011100001011
44,1.0,10001111011100001011,1.0,00000111111100101011
44,1.0,00000111111100101011,1.0,00001111111100101010
44,1.0,00001111111100101010,1.0,00101110111110101000
44,1.0,00101110111110101000,1.0,01101110101100101010
44,1.0,01101110101100101010,1.0,01101110111110100011
44,1.0,01101110111110100011,1.0,01100110111100110001
44,1.0,01100110111100110001,1.0,01100110111100110001
44,1.0,01100110111100110001,1.0,01101101011100110011
44,1.0,01101101011100110011,1.0,01101011011100000011
44,1.0,01101011011100000011,1.0,01100011011000000101
44,1.0,01100011011000000101,1.0,01101011011000000100
44,1.0,01101011011000000100,1.0,01100011011000000101
44,1.0,01100011011000000101,1.0,01000011011110000110
44,1.0,01000011011110000110,1.0,11001101011110110011
44,1.0,11001101011110110011,1.0,11001101011110110011
44,1.0,11001101011110110011,1.0,11001101011110110011
44,1.0,11001101011110110011,1.0,11001110111110110000
44,1.0,11001110111110110000,1.0,10000110111110110100
44,1.0,10000110111110110100,1.0,10000110111110110100
44,1.0,10000110111110110100,1.0,10000110111110110100
44,1.0,10000110111110110100,1.0,11001110011010110111
44,1.0,11001110011010110111,1.0,11001110011010110111
44,1.0,11001110011010110111,1.0,10000110011001110111
44,1.0,10000110011001110111,1.0,10000110111011100100
44,1.0,10000110111011100100,1.0,11000110011011000100
44,1.0,11000110011011000100,1.0,11011010011010000100
44,1.0,11011010011010000100,1.0,11010011000100000111
44,1.0,11010011000100000111,1.0,11010011000000010111
44,1.0,11010011000000010111,1.0,01110111000000000111
44,1.0,01110111000000000111,1.0,01011011001000000111
44,1.0,01011011001000000111,1.0,01011011001000000111
44,1.0,01011011001000000111,1.0,01011011001000000111
44,1.0,01011011001000000111,1.0,00010011001000001101
44,1.0,00010011001000001101,1.0,10011001101000001110
44,1.0,10011001101000001110,1.0,10011001101010101010
44,1.0,10011001101010101010,1.0,00011001001011100110
44,1.0,00011001001011100110,1.0,00010001001011100111
44,1.0,00010001001011100111,1.0,00010001011010101100
44,1.0,00010001011010101100,1.0,00011101001010101111
44,1.0,00011101001010101111,1.0,00011111001010001011
44,1.0,00011111001010001011,1.0,10010111000001001000
44,1.0,10010111000001001000,1.0,11010111000010001001
44,1.0,11010111000010001001,1.0,11011110000001101011
44,1.0,11011110000001101011,1.0,11011110000001101011
44,1.0,11011110000001101011,1.0,11010110000101001000
44,1.0,11010110000101001000,1.0,11011011000100001000
44,1.0,11011011000100001000,1.0,10011011100100101000
44,1.0,10011011100100101000,1.0,10010011000101100010
44,1.0,10010011000101100010,1.0,10010101000101101011
44,1.0,10010101000101101011,1.0,10011101000101101010
44,1.0,10011101000101101010,1.0,10000011010101101010
44,1.0,10000011010101101010,1.0,00100011000101101011
44,1.0,00100011000101101011,1.0,01100101000101011011
44,1.0,01100101000101011011,1.0,01100101000111101000
44,1.0,01100101000111101000,1.0,01100100001111101010
44,1.0,01100100001111101010,1.0,01100110101100101011
44,1.0,01100110101100101011,1.0,01100110101100101011
44,1.0,01100110101100101011,1.0,11101010001100101000
44,1.0,11101010001100101000,1.0,11101000001101101000
44,1.0,11101000001101101000,1.0,10100000001101101100
44,1.0,10100000001101101100,1.0,10100000001101101100
44,1.0,10100000001101101100,1.0,10100000010101111111
44,1.0,10100000010101111111,1.0,10100010000101101101
44,1.0,10100010000101101101,1.0,11100000100101101110
44,1.0,11100000100101101110,1.0,01101110100101101011
44,1.0,01101110100101101011,1.0,01100110101100101011
44,1.0,01100110101100101011,1.0,00100110101100101110
44,1.0,00100110101100101110,1.0,00100110101100101110
44,1.0,00100110101100101110,1.0,00001110101011101111
44,1.0,00001110101011101111,1.0,00001110101011101111
44,1.0,00001110101011101111,1.0,00000001111011001111
44,1.0,00000001111011001111,1.0,01100001110001001100
44,1.0,01100001110001001100,1.0,01100001110001001100
44,1.0,01100001110001001100,1.0,10100001110001001101
44,1.0,10100001110001001101,1.0,10100001010011001100
44,1.0,10100001010011001100,1.0,10000001110111001110
44,1.0,10000001110111001110,1.0,11100001110111000000
44,1.0,11100001110111000000,1.0,11110000110111000000
44,1.0,11110000110111000000,1.0,00110000111111000011
44,1.0,00110000111111000011,1.0,00111000101111010000
44,1.0,00111000101111010000,1.0,00011010101111100010
45,9.0,10010000011001111010,3.0,00010000011101111010
45,3.0,00010000011101111010,1.0,01010100011101110010
45,1.0,01010100011101110010,1.0,01010100011101110010
45,1.0,01010100011101110010,1.0,11011100011110110011
45,1.0,11011100011110110011,1.0,11011100111110010011
45,1.0,11011100111110010011,1.0,11010100111101000001
45,1.0,11010100111101000001,1.0,11001100111101101001
45,1.0,11001100111101101001,1.0,01000010011101101011
45,1.0,01000010011101101011,1.0,00010110001001001100
45,1.0,00010110001001001100,1.0,10010110011000001101
45,1.0,10010110011000001101,1.0,10010100011001001101
45,1.0,10010100011001001101,1.0,11011100011001000111
45,1.0,11011100011001000111,1.0,11011100111001010000
45,1.0,11011100111001010000,1.0,10011000111011110011
45,1.0,10011000111011110011,1.0,11011000011011010011
45,1.0,11011000011011010011,1.0,10011000111011110011
45,1.0,10011000111011110011,1.0,10101100001011111010
45,1.0,10101100001011111010,1.0,11100000001001111001
45,1.0,11100000001001111001,1.0,11100000011100111011
45,1.0,11100000011100111011,1.0,11000010101100111011
45,1.0,11000010101100111011,1.0,11000110101110101011
45,1.0,11000110101110101011,1.0,11010011000100001001
45,1.0,11010011000100001001,1.0,11010111000010001001
45,1.0,11010111000010001001,1.0,01010111000110001010
45,1.0,01010111000110001010,1.0,00110111000100001011
45,1.0,00110111000100001011,1.0,00111111000100001010
45,1.0,00111111000100001010,1.0,10111110000100001100
45,1.0,10111110000100001100,1.0,10101110100110011100
45,1.0,10101110100110011100,1.0,11101110100110010111
45,1.0,11101110100110010111,1.0,11100110110100010111
45,1.0,11100110110100010111,1.0,11101110010100110110
45,1.0,11101110010100110110,1.0,11101110101100010010
45,1.0,11101110101100010010,1.0,11100110001100110011
45,1.0,11100110001100110011,1.0,11100110001100110011
45,1.0,11100110001100110011,1.0,11101110000101110011
45,1.0,11101110000101110011,1.0,11101110000001110100
45,1.0,11101110000001110100,1.0,10110010000001010100
45,1.0,10110010000001010100,1.0,10110010000001010100
45,1.0,10110010000001010100,1.0,10111010000001100111
45,1.0,10111010000001100111,1.0,10110010010000101101
45,1.0,10110010010000101101,1.0,10100010000101101101
45,1.0,10100010000101101101,1.0,10101010000101101100
45,1.0,10101010000101101100,1.0,10100010001100101100
45,1.0,10100010001100101100,1.0,10100110000110111101
45,1.0,10100110000110111101,1.0,10101101100110101101
45,1.0,10101101100110101101,1.0,11100101100100001110
45,1.0,11100101100100001110,1.0,11100101000100101110
45,1.0,11100101000100101110,1.0,01100111000100001100
45,1.0,01100111000100001100,1.0,11101111000100001001
45,1.0,11101111000100001001,1.0,10101111000100001100
45,1.0,10101111000100001100,1.0,10100111000100001101
45,1.0,10100111000100001101,1.0,01100111000100001100
45,1.0,01100111000100001100,1.0,01100011100010001101
45,1.0,01100011100010001101,1.0,01100111100010011001
45,1.0,01100111100010011001,1.0,01000011010011011001
45,1.0,01000011010011011001,1.0,11000001010011111011
45,1.0,11000001010011111011,1.0,11100001010011001001
45,1.0,11100001010011001001,1.0,11110000010011001001
45,1.0,11110000010011001001,1.0,11110000010011001001
45,1.0,11110000010011001001,1.0,11111000010011001000
45,1.0,11111000010011001000,1.0,11100001010011001001
45,1.0,11100001010011001001,1.0,11100100010011101101
45,1.0,11100100010011101101,1.0,11101100010011111011
45,1.0,11101100010011111011,1.0,11101000010101111011
45,1.0,11101000010101111011,1.0,11111100000001011001
45,1.0,11111100000001011001,1.0,11111000110001001001
45,1.0,11111000110001001001,1.0,11010010110001001000
45,1.0,11010010110001001000,1.0,11001110110101101010
45,1.0,11001110110101101010,1.0,11000110010111101010
45,1.0,11000110010111101010,1.0,10101110010111110001
45,1.0,10101110010111110001,1.0,10101100011111110000
45,1.0,10101100011111110000,1.0,10101110011110110000
45,1.0,10101110011110110000,1.0,10000011011110110000
45,1.0,10000011011110110000,1.0,10000111011100110011
45,1.0,10000111011100110011,1.0,10000011011110110000
45,1.0,10000011011110110000,1.0,00010111110110110000
45,1.0,00010111110110110000,1.0,00010111110110110000
45,1.0,00010111110110110000,1.0,00010111110110110000
45,1.0,00010111110110110000,1.0,01111010010110110001
45,1.0,01111010010110110001,1.0,01110010000110010110
45,1.0,01110010000110010110,1.0,00110010100110110110
45,1.0,00110010100110110110,1.0,00110010110110010101
45,1.0,00110010110110010101,1.0,10110000110110110111
45,1.0,10110000110110110111,1.0,10111000100100111101
45,1.0,10111000100100111101,1.0,10111100100101101001
45,1.0,10111100100101101001,1.0,00111100100101111010
45,1.0,00111100100101111010,1.0,00110001000101101000
45,1.0,00110001000101101000,1.0,00111001011000101001
45,1.0,00111001011000101001,1.0,00010011011000101000
45,1.0,00010011011000101000,1.0,00001111111100101010
45,1.0,00001111111100101010,1.0,00001111101001101000
45,1.0,00001111101001101000,1.0,00011110101001101000
45,1.0,00011110101001101000,1.0,00010010101001011001
45,1.0,00010010101001011001,1.0,00010010101001011001
45,1.0,00010010101001011001,1.0,01011010101001010011
45,1.0,01011010101001010011,1.0,01011010101001010011
45,1.0,01011010101001010011,1.0,01001011101001010011
45,1.0,01001011101001010011,1.0,01001011101001010011
45,1.0,01001011101001010011,1.0,01011010101001010011
45,1.0,01011010101001010011,1.0,01111010001001000001
45,1.0,01111010001001000001,1.0,11110100001001100000
45,1.0,11110100001001100000,1.0,11111100100001100101
45,1.0,11111100100001100101,1.0,10111000101011100010
45,1.0,10111000101011100010,1.0,10011010111001100000
45,1.0,10011010111001100000,1.0,10010010111001100001
45,1.0,10010010111001100001,1.0,00010110101001101001
45,1.0,00010110101001101001,1.0,10100110001001101000
45,1.0,10100110001001101000,1.0,10100110001001101000
45,1.0,10100110001001101000,1.0,11100100001011101001
45,1.0,11100100001011101001,1.0,11100100001011101001
45,1.0,11100100001011101001,1.0,10100100001111101011
45,1.0,10100100001111101011,1.0,10101100001111101010
45,1.0,10101100001111101010,1.0,00100000111101111001
45,1.0,00100000111101111001,1.0,00101000101111111001
45,1.0,00101000101111111001,1.0,00101110101111100011
45,1.0,00101110101111100011,1.0,00100010101101100101
45,1.0,00100010101101100101,1.0,00111010001101000011
45,1.0,00111010001101000011,1.0,00111011000101000001
45,1.0,00111011000101000001,1.0,00101011001101000011
45,1.0,00101011001101000011,1.0,01100111000111000010
45,1.0,01100111000111000010,1.0,01100101001111000001
45,1.0,01100101001111000001,1.0,01100101011101000000
45,1.0,01100101011101000000,1.0,11100001011100010010
45,1.0,11100001011100010010,1.0,10100011010100010110
45,1.0,10100011010100010110,1.0,10100001010101010110
45,1.0,10100001010101010110,1.0,00101011110101010000
45,1.0,00101011110101010000,1.0,01101110110101110001
45,1.0,01101110110101110001,1.0,01101110110101110001
45,1.0,01101110110101110001,1.0,11100100110101010111
45,1.0,11100100110101010111,1.0,11100100111110110010
45,1.0,11100100111110110010,1.0,11101101101000110011
45,1.0,11101101101000110011,1.0,11100100101011110000
45,1.0,11100100101011110000,1.0,11111000101001000011
45,1.0,11111000101001000011,1.0,11010010101001000010
45,1.0,11010010101001000010,1.0,10001011101011100001
45,1.0,10001011101011100001,1.0,11000011101001000010
45,1.0,11000011101001000010,1.0,11000011101001000010
45,1.0,11000011101001000010,1.0,11000011101001000010
45,1.0,11000011101001000010,1.0,11000011001001100010
45,1.0,11000011001001100010,1.0,11000010011101000100
45,1.0,11000010011101000100,1.0,11000010011101000100
45,1.0,11000010011101000100,1.0,01000110111101000110
45,1.0,01000110111101000110,1.0,11001010101101000101
45,1.0,11001010101101000101,1.0,01100110011001000100
45,1.0,01100110011001000100,1.0,01111010010001000101
45,1.0,01111010010001000101,1.0,01001110011001001110
45,1.0,01001110011001001110,1.0,00101100111001011100
45,1.0,00101100111001011100,1.0,01101100111001010111
45,1.0,01101100111001010111,1.0,01101100111001010111
45,1.0,01101100111001010111,1.0,11001000111011110100
45,1.0,11001000111011110100,1.0,11001100111101100111
45,1.0,11001100111101100111,1.0,11100100110101010111
45,1.0,11100100110101010111,1.0,11100100111001000110
45,1.0,11100100111001000110,1.0,10101100111011100101
45,1.0,10101100111011100101,1.0,10101000111101100101
45,1.0,10101000111101100101,1.0,10101000111101100101
45,1.0,10101000111101100101,1.0,00100010101101100101
45,1.0,00100010101101100101,1.0,01100110011001000100
45,1.0,01100110011001000100,1.0,10101110001011000101
45,1.0,10101110001011000101,1.0,10101110001011000101
45,1.0,10101110001011000101,1.0,00100110101011100101
45,1.0,00100110101011100101,1.0,00000111101001100111
45,1.0,00000111101001100111,1.0,00000111001101001011
45,1.0,00000111001101001011,1.0,10001111101101000000
45,1.0,10001111101101000000,1.0,10000110111101110000
45,1.0,10000110111101110000,1.0,11000010111011010001
45,1.0,11000010111011010001,1.0,11000010111011010001
45,1.0,11000010111011010001,1.0,11100000111011010010
45,1.0,11100000111011010010,1.0,11100000111011010010
45,1.0,11100000111011010010,1.0,10101010011011010000
45,1.0,10101010011011010000,1.0,10101111000011010010
45,1.0,10101111000011010010,1.0,10101111000011010010
45,1.0,10101111000011010010,1.0,10101111000011010010
45,1.0,10101111000011010010,1.0,10101111000011010010
45,1.0,10101111000011010010,1.0,01100111000011010010
45,1.0,01100111000011010010,1.0,01100011000101010010
45,1.0,01100011000101010010,1.0,10000011100101011000
45,1.0,10000011100101011000,1.0,10000011100101011000
45,1.0,10000011100101011000,1.0,10000011100101011000
45,1.0,10000011100101011000,1.0,00000111001101001011
45,1.0,00000111001101001011,1.0,10001101011101001011
45,1.0,10001101011101001011,1.0,10001101011101001011
45,1.0,10001101011101001011,1.0,10011101001101000011
45,1.0,10011101001101000011,1.0,10011101000111110001
45,1.0,10011101000111110001,1.0,00011111000011110011
45,1.0,00011111000011110011,1.0,00011001010011111011
45,1.0,00011001010011111011,1.0,00111010000001111010
45,1.0,00111010000001111010,1.0,00110110010001101010
45,1.0,00110110010001101010,1.0,00010010011001101011
45,1.0,00010010011001101011,1.0,00011010011001101010
45,1.0,00011010011001101010,1.0,00010010110111101001
45,1.0,00010010110111101001,1.0,00010010110111101001
45,1.0,00010010110111101001,1.0,00011010110101011011
45,1.0,00011010110101011011,1.0,10010010110101001010
45,1.0,10010010110101001010,1.0,11000010111001001010
46,1.0,00010010010011011100,1.0,00010010001011011000
46,1.0,00010010001011011000,1.0,00011010011011110001
46,1.0,00011010011011110001,1.0,00010010001011011000
46,1.0,00010010001011011000,1.0,00010010001011010110
46,1.0,00010010001011010110,1.0,10010010001011000101
46,1.0,10010010001011000101,1.0,10010010001011000101
46,1.0,10010010001011000101,1.0,10011010001111000011
46,1.0,10011010001111000011,1.0,10001111011011000010
46,1.0,10001111011011000010,1.0,00101111001011000011
46,1.0,00101111001011000011,1.0,00101011001011100000
46,1.0,00101011001011100000,1.0,10100010001011110010
46,1.0,10100010001011110010,1.0,00110110100011110010
46,1.0,00110110100011110010,1.0,00010111110110110000
46,1.0,00010111110110110000,1.0,00010111110110110000
46,1.0,00010111110110110000,1.0,00010111110110110000
46,1.0,00010111110110110000,1.0,11010101110110010010
46,1.0,11010101110110010010,1.0,11010101110110010010
46,1.0,11010101110110010010,1.0,11010011010010010010
46,1.0,11010011010010010010,1.0,11101111010010010010
46,1.0,11101111010010010010,1.0,11101111110000010011
46,1.0,11101111110000010011,1.0,11101111110000010011
46,1.0,11101111110000010011,1.0,11111001110100000011
46,1.0,11111001110100000011,1.0,10111101110001000010
46,1.0,10111101110001000010,1.0,10111101110001000010
46,1.0,10111101110001000010,1.0,10110101100001010001
46,1.0,10110101100001010001,1.0,10110101000011010000
46,1.0,10110101000011010000,1.0,00111101000001011010
46,1.0,00111101000001011010,1.0,01101101100001111000
46,1.0,01101101100001111000,1.0,11001001100101111000
46,1.0,11001001100101111000,1.0,10000011100101011000
46,1.0,10000011100101011000,1.0,11000001100101111001
46,1.0,11000001100101111001,1.0,01100101100101101001
46,1.0,01100101100101101001,1.0,01101101000001101111
46,1.0,01101101000001101111,1.0,01100101000001011100
46,1.0,01100101000001011100,1.0,01100101100001111001
46,1.0,01100101100001111001,1.0,01100101100101101001
46,1.0,01100101100101101001,1.0,01101101101101000001
46,1.0,01101101101101000001,1.0,01100001101001001000
46,1.0,01100001101001001000,1.0,01000111001001001001
46,1.0,01000111001001001001,1.0,01000010001011101101
46,1.0,01000010001011101101,1.0,01000010001011101101
46,1.0,01000010001011101101,1.0,01001010001011101100
46,1.0,01001010001011101100,1.0,00000111001001001100
46,1.0,00000111001001001100,1.0,00101101001001001101
46,1.0,00101101001001001101,1.0,00101100111011001111
46,1.0,00101100111011001111,1.0,00100110001111000111
46,1.0,00100110001111000111,1.0,00101110101110001101
46,1.0,00101110101110001101,1.0,00101110001111001000
46,1.0,00101110001111001000,1.0,00010010001111001000
46,1.0,00010010001111001000,1.0,10011010000111101010
46,1.0,10011010000111101010,1.0,10110010000111100000
46,1.0,10110010000111100000,1.0,11010010100111100000
46,1.0,11010010100111100000,1.0,11111010100110100001
46,1.0,11111010100110100001,1.0,11111010100110100001
46,1.0,11111010100110100001,1.0,10111001100110000111
46,1.0,10111001100110000111,1.0,11010001110110000110
46,1.0,11010001110110000110,1.0,10110101110010000111
46,1.0,10110101110010000111,1.0,10111101110010000110
46,1.0,10111101110010000110,1.0,10110101110010000111
46,1.0,10110101110010000111,1.0,11100101010110100111
46,1.0,11100101010110100111,1.0,10101001100111110011
46,1.0,10101001100111110011,1.0,10100100110111110110
46,1.0,10100100110111110110,1.0,00101001101111010000
46,1.0,00101001101111010000,1.0,00100001100111110110
46,1.0,00100001100111110110,1.0,00000101101111010110
46,1.0,00000101101111010110,1.0,00010100101111010110
46,1.0,00010100101111010110,1.0,00010101111010010110
46,1.0,00010101111010010110,1.0,00010101101011010011
46,1.0,00010101101011010011,1.0,10011001101001010001
46,1.0,10011001101001010001,1.0,10011001101001010001
46,1.0,10011001101001010001,1.0,11011101001001000001
46,1.0,11011101001001000001,1.0,11011111000001000010
46,1.0,11011111000001000010,1.0,01010111010011000000
46,1.0,01010111010011000000,1.0,01010111010011000000
46,1.0,01010111010011000000,1.0,00010111110001010011
46,1.0,00010111110001010011,1.0,00010011110101100000
46,1.0,00010011110101100000,1.0,00010011110110100100
46,1.0,00010011110110100100,1.0,00011011010010101100
46,1.0,00011011010010101100,1.0,01011011010010100111
46,1.0,01011011010010100111,1.0,01010011010000110101
46,1.0,01010011010000110101,1.0,01011110000101010111
46,1.0,01011110000101010111,1.0,00010110001101110010
46,1.0,00010110001101110010,1.0,10010000001101110101
46,1.0,10010000001101110101,1.0,10010100011001110100
46,1.0,10010100011001110100,1.0,10010000001101110101
46,1.0,10010000001101110101,1.0,00010011001100110011
46,1.0,00010011001100110011,1.0,00100011011100110000
46,1.0,00100011011100110000,1.0,01000111011100110010
46,1.0,01000111011100110010,1.0,01010010001100110100
46,1.0,01010010001100110100,1.0,01010010001100110100
46,1.0,01010010001100110100,1.0,01010010001100110100
46,1.0,01010010001100110100,1.0,01010110011100110010
46,1.0,01010110011100110010,1.0,01101110111100110000
46,1.0,01101110111100110000,1.0,01101110111100110000
46,1.0,01101110111100110000,1.0,11100110001100110011
46,1.0,11100110001100110011,1.0,11100110101110100000
46,1.0,11100110101110100000,1.0,11101110101000100111
46,1.0,11101110101000100111,1.0,11101110101000101001
46,1.0,11101110101000101001,1.0,10101110101100101011
46,1.0,10101110101100101011,1.0,10101110101100101011
46,1.0,10101110101100101011,1.0,10101110101000101100
46,1.0,10101110101000101100,1.0,10101110100001101101
46,1.0,10101110100001101101,1.0,10000110100011111111
46,1.0,10000110100011111111,1.0,10000100101011111110
46,1.0,10000100101011111110,1.0,10000100101011111110
46,1.0,10000100101011111110,1.0,11001100101011111010
46,1.0,11001100101011111010,1.0,11100100101011110000
46,1.0,11100100101011110000,1.0,11101001100011110001
46,1.0,11101001100011110001,1.0,11101101100101010000
46,1.0,11101101100101010000,1.0,11001111100011010010
46,1.0,11001111100011010010,1.0,11001101100011111000
46,1.0,11001101100011111000,1.0,11001110100011111011
46,1.0,11001110100011111011,1.0,11001110100001011111
46,1.0,11001110100001011111,1.0,01001111000011001101
46,1.0,01001111000011001101,1.0,01000111100111000101
46,1.0,01000111100111000101,1.0,11000011100110010111
46,1.0,11000011100110010111,1.0,11001011100110010110
46,1.0,11001011100110010110,1.0,11000101010110011110
46,1.0,11000101010110011110,1.0,01000011011010010110
46,1.0,01000011011010010110,1.0,01000001011011010110
46,1.0,01000001011011010110,1.0,01000101110111010111
46,1.0,01000101110111010111,1.0,01001101010011011111
46,1.0,01001101010011011111,1.0,01000101101111010011
46,1.0,01000101101111010011,1.0,01001101101111010010
46,1.0,01001101101111010010,1.0,01001100111111011010
46,1.0,01001100111111011010,1.0,01000100111111011011
46,1.0,01000100111111011011,1.0,01001100111111011010
46,1.0,01001100111111011010,1.0,01000100111111011011
46,1.0,01000100111111011011,1.0,01000110101111001001
46,1.0,01000110101111001001,1.0,01100100011111001001
46,1.0,01100100011111001001,1.0,10101100001111101010
46,1.0,10101100001111101010,1.0,11101000001101101000
46,1.0,11101000001101101000,1.0,11100000001101101001
46,1.0,11100000001101101001,1.0,11100100001011101001
46,1.0,11100100001011101001,1.0,10100100001111101011
46,1.0,10100100001111101011,1.0,11100100001011101001
46,1.0,11100100001011101001,1.0,11101000001001111000
46,1.0,11101000001001111000,1.0,11101010001001010010
46,1.0,11101010001001010010,1.0,11101010001001010010
46,1.0,11101010001001010010,1.0,11100010001001010011
46,1.0,11100010001001010011,1.0,10101110001101010001
46,1.0,10101110001101010001,1.0,10101110001101010001
46,1.0,10101110001101010001,1.0,11000010001111000101
46,1.0,11000010001111000101,1.0,11001000111101010111
46,1.0,11001000111101010111,1.0,11001001111100010100
46,1.0,11001001111100010100,1.0,10001011111000010111
46,1.0,10001011111000010111,1.0,10001011111000010111
46,1.0,10001011111000010111,1.0,10001011111000010111
46,1.0,10001011111000010111,1.0,10001011111000010111
46,1.0,10001011111000010111,1.0,10000111011000110100
46,1.0,10000111011000110100,1.0,10000111001000101110
46,1.0,10000111001000101110,1.0,00001111101010101100
46,1.0,00001111101010101100,1.0,00001111001110001110
46,1.0,00001111001110001110,1.0,00001111001110001110
46,1.0,00001111001110001110,1.0,00000111011100001110
46,1.0,00000111011100001110,1.0,00001111001110001110
46,1.0,00001111001110001110,1.0,00001011101110011011
46,1.0,00001011101110011011,1.0,00001011101110011011
46,1.0,00001011101110011011,1.0,00011010101110011011
46,1.0,00011010101110011011,1.0,00010010111100011011
46,1.0,00010010111100011011,1.0,00011010101110011011
46,1.0,00011010101110011011,1.0,00011010101010011100
46,1.0,00011010101010011100,1.0,01001010101110011100
46,1.0,01001010101110011100,1.0,01000010101110011101
46,1.0,01000010101110011101,1.0,01001010101110011100
46,1.0,01001010101110011100,1.0,00000110111110011110
46,1.0,00000110111110011110,1.0,00000110110111011111
46,1.0,00000110110111011111,1.0,01000110110111001101
46,1.0,01000110110111001101,1.0,01101110110011100101
46,1.0,01101110110011100101,1.0,01101110101011100001
46,1.0,01101110101011100001,1.0,11100110101110100000
46,1.0,11100110101110100000,1.0,11100110101110100000
46,1.0,11100110101110100000,1.0,11101110101000100111
46,1.0,11101110101000100111,1.0,11101011010000100111
46,1.0,11101011010000100111,1.0,01110111010000100010
46,1.0,01110111010000100010,1.0,01110111000000001001
46,1.0,01110111000000001001,1.0,00111111000000011010
46,1.0,00111111000000011010,1.0,00010111100010111010
46,1.0,00010111100010111010,1.0,10000011101000111011
46,1.0,10000011101000111011,1.0,11001101101100011010
46,1.0,11001101101100011010,1.0,11101101101000110011
46,1.0,11101101101000110011,1.0,11011001101000110010
46,1.0,11011001101000110010,1.0,11011000001000111110
46,1.0,11011000001000111110,1.0,11001110101000011110
46,1.0,11001110101000011110,1.0,11010110101010010010
46,1.0,11010110101010010010,1.0,11111010101000000011
46,1.0,11111010101000000011,1.0,11111000101010000111
46,1.0,11111000101010000111,1.0,11111010101000000011
46,1.0,11111010101000000011,1.0,11111010101000000011
46,1.0,11111010101000000011,1.0,11101110101000100111
46,1.0,11101110101000100111,1.0,11101110001001100010
46,1.0,11101110001001100010,1.0,11100101001001100000
46,1.0,11100101001001100000,1.0,10100001001011001000
46,1.0,10100001001011001000,1.0,10100001010011001100
47,13.0,01000001000111111100,3.0,01001001100011111110
47,3.0,01001001100011111110,1.0,01101001100011001100
47,1.0,01101001100011001100,1.0,01100001100011001101
47,1.0,01100001100011001101,1.0,11100001100010101111
47,1.0,11100001100010101111,1.0,11110100000000111110
47,1.0,11110100000000111110,1.0,11111100000010011101
47,1.0,11111100000010011101,1.0,10111100000110011111
47,1.0,10111100000110011111,1.0,10100100101110011100
47,1.0,10100100101110011100,1.0,10100100100111011101
47,1.0,10100100100111011101,1.0,10100100100111011101
47,1.0,10100100100111011101,1.0,01100100100111011100
47,1.0,01100100100111011100,1.0,01100100100111011100
47,1.0,01100100100111011100,1.0,10101100100111011100
47,1.0,10101100100111011100,1.0,10101100100111011100
47,1.0,10101100100111011100,1.0,10101001100100111101
47,1.0,10101001100100111101,1.0,10111000100100111101
47,1.0,10111000100100111101,1.0,10111100100101101001
47,1.0,10111100100101101001,1.0,00110100100101101100
47,1.0,00110100100101101100,1.0,00111000010101101101
47,1.0,00111000010101101101,1.0,00110001000110101100
47,1.0,00110001000110101100,1.0,00110001000010111100
47,1.0,00110001000010111100,1.0,00010101001000111101
47,1.0,00010101001000111101,1.0,00010101011000101111
47,1.0,00010101011000101111,1.0,11000101011000101110
47,1.0,11000101011000101110,1.0,11000101011010110101
47,1.0,11000101011010110101,1.0,11011000001110110101
47,1.0,11011000001110110101,1.0,01111100001010110101
47,1.0,01111100001010110101,1.0,01111001010010010101
47,1.0,01111001010010010101,1.0,01111001010110000101
47,1.0,01111001010110000101,1.0,01110000110110110110
47,1.0,01110000110110110110,1.0,11110100010110100111
47,1.0,11110100010110100111,1.0,11110100001100000111
47,1.0,11110100001100000111,1.0,11111110000100000111
47,1.0,11111110000100000111,1.0,11111010000101000000
47,1.0,11111010000101000000,1.0,11101110100101000100
47,1.0,11101110100101000100,1.0,11000111000101000110
47,1.0,11000111000101000110,1.0,11100011000101000001
47,1.0,11100011000101000001,1.0,10100011000101010011
47,1.0,10100011000101010011,1.0,10100011000111100000
47,1.0,10100011000111100000,1.0,10100011000111100000
47,1.0,10100011000111100000,1.0,10100011000111100000
47,1.0,10100011000111100000,1.0,10101101000111100110
47,1.0,10101101000111100110,1.0,10001101010111110111
47,1.0,10001101010111110111,1.0,10001101010111110111
47,1.0,10001101010111110111,1.0,00101101010101110111
47,1.0,00101101010101110111,1.0,00100101000101011110
47,1.0,00100101000101011110,1.0,00100101000101011110
47,1.0,00100101000101011110,1.0,00101011100000111111
47,1.0,00101011100000111111,1.0,00100011010000111110
47,1.0,00100011010000111110,1.0,11101011010000100111
47,1.0,11101011010000100111,1.0,11101011010000100111
47,1.0,11101011010000100111,1.0,11101011010000100111
47,1.0,11101011010000100111,1.0,11101111100000100101
47,1.0,11101111100000100101,1.0,11100101101000100101
47,1.0,11100101101000100101,1.0,11111001101000000000
47,1.0,11111001101000000000,1.0,11100001111000001001
47,1.0,11100001111000001001,1.0,01100101111010001010
47,1.0,01100101111010001010,1.0,01100101111010001010
47,1.0,01100101111010001010,1.0,01110101110010001000
47,1.0,01110101110010001000,1.0,01100101110011001011
47,1.0,01100101110011001011,1.0,01101101110011001010
47,1.0,01101101110011001010,1.0,11101100110011001100
47,1.0,11101100110011001100,1.0,11010000110011001100
47,1.0,11010000110011001100,1.0,11111000110010001101
47,1.0,11111000110010001101,1.0,11111000101010001001
47,1.0,11111000101010001001,1.0,11110000011010001000
47,1.0,11110000011010001000,1.0,11110000111000001001
47,1.0,11110000111000001001,1.0,11110001001000100001
47,1.0,11110001001000100001,1.0,11111001000001100001
47,1.0,11111001000001100001,1.0,11011001000001011000
47,1.0,11011001000001011000,1.0,11011011000000011000
47,1.0,11011011000000011000,1.0,11010001000001011001
47,1.0,11010001000001011001,1.0,11010001001000011000
47,1.0,11010001001000011000,1.0,11011010001000011010
47,1.0,11011010001000011010,1.0,01011000101001111001
47,1.0,01011000101001111001,1.0,01011000101001111001
47,1.0,01011000101001111001,1.0,00010110101001101001
47,1.0,00010110101001101001,1.0,01011110101000001101
47,1.0,01011110101000001101,1.0,01011110101000001101
47,1.0,01011110101000001101,1.0,01011110101000001101
47,1.0,01011110101000001101,1.0,00011011001000001100
47,1.0,00011011001000001100,1.0,01011011001000001001
47,1.0,01011011001000001001,1.0,01011011010000001101
47,1.0,01011011010000001101,1.0,01011011010000001101
47,1.0,01011011010000001101,1.0,01011111110010000100
47,1.0,01011111110010000100,1.0,00001111111001000101
47,1.0,00001111111001000101,1.0,10000111011000001101
47,1.0,10000111011000001101,1.0,10100110011001000101
47,1.0,10100110011001000101,1.0,10101010001101000101
47,1.0,10101010001101000101,1.0,10101100001101110101
47,1.0,10101100001101110101,1.0,10101110010101010101
47,1.0,10101110010101010101,1.0,10101110010101010101
47,1.0,10101110010101010101,1.0,10101110010111110001
47,1.0,10101110010111110001,1.0,00100110001111110000
47,1.0,00100110001111110000,1.0,01100100001011111010
47,1.0,01100100001011111010,1.0,11100100001011101001
47,1.0,11100100001011101001,1.0,11101100001011100110
47,1.0,11101100001011100110,1.0,10101000001110111110
47,1.0,10101000001110111110,1.0,10101000001110111110
47,1.0,10101000001110111110,1.0,11101000001110101100
47,1.0,11101000001110101100,1.0,11100000001010111101
47,1.0,11100000001010111101,1.0,10100000001001111100
47,1.0,10100000001001111100,1.0,10100000001001111100
47,1.0,10100000001001111100,1.0,11101000010001111100
47,1.0,11101000010001111100,1.0,10100010000101101101
47,1.0,10100010000101101101,1.0,11101010000110101101
47,1.0,11101010000110101101,1.0,11000010111110100101
47,1.0,11000010111110100101,1.0,11001010111110100100
47,1.0,11001010111110100100,1.0,11000000111111100101
47,1.0,11000000111111100101,1.0,11000000111011110101
47,1.0,11000000111011110101,1.0,11001100111011010111
47,1.0,11001100111011010111,1.0,10001110101011010111
47,1.0,10001110101011010111,1.0,10001110101011010111
47,1.0,10001110101011010111,1.0,10001110001011110111
47,1.0,10001110001011110111,1.0,10001110011001110110
47,1.0,10001110011001110110,1.0,00001110111001101110
47,1.0,00001110111001101110,1.0,00001110111001101110
47,1.0,00001110111001101110,1.0,10000110011001110111
47,1.0,10000110011001110111,1.0,10001110011001110110
47,1.0,10001110011001110110,1.0,10000111010001110101
47,1.0,10000111010001110101,1.0,10101011000001100111
47,1.0,10101011000001100111,1.0,10100010001001010110
47,1.0,10100010001001010110,1.0,10100010001001010110
47,1.0,10100010001001010110,1.0,11001111001000010101
47,1.0,11001111001000010101,1.0,11010011000000010111
47,1.0,11010011000000010111,1.0,11011011000000010110
47,1.0,11011011000000010110,1.0,01011011010000110100
47,1.0,01011011010000110100,1.0,01011011010000110100
47,1.0,01011011010000110100,1.0,01011011000010110101
47,1.0,01011011000010110101,1.0,01000011100010111111
47,1.0,01000011100010111111,1.0,01000011100010111111
47,1.0,01000011100010111111,1.0,11001011000010011111
47,1.0,11001011000010011111,1.0,11001011000010011111
47,1.0,11001011000010011111,1.0,11100011000000001110
47,1.0,11100011000000001110,1.0,01101111000000101111
47,1.0,01101111000000101111,1.0,01101111100100101000
47,1.0,01101111100100101000,1.0,00100011100100011100
47,1.0,00100011100100011100,1.0,00101011100000111111
47,1.0,00101011100000111111,1.0,01000011110000111110
47,1.0,01000011110000111110,1.0,01000011111010100100
47,1.0,01000011111010100100,1.0,01000011111010100100
47,1.0,01000011111010100100,1.0,01000011111010100100
47,1.0,01000011111010100100,1.0,01000101111110010110
47,1.0,01000101111110010110,1.0,11001101111010010100
47,1.0,11001101111010010100,1.0,11001101111110010011
47,1.0,11001101111110010011,1.0,11001101111110010011
47,1.0,11001101111110010011,1.0,11001001011011010011
47,1.0,11001001011011010011,1.0,11001001110011011010
47,1.0,11001001110011011010,1.0,11000001110011001100
47,1.0,11000001110011001100,1.0,10100001110001001101
47,1.0,10100001110001001101,1.0,10100100010111101111
47,1.0,10100100010111101111,1.0,10100110010110101111
47,1.0,10100110010110101111,1.0,01100110010110101110
47,1.0,01100110010110101110,1.0,01100010000101101100
47,1.0,01100010000101101100,1.0,01100110000101110110
47,1.0,01100110000101110110,1.0,00100110000111101110
47,1.0,00100110000111101110,1.0,00101011000101101010
47,1.0,00101011000101101010,1.0,00101011010101110000
47,1.0,00101011010101110000,1.0,00101011010101110000
47,1.0,00101011010101110000,1.0,10001011010111110000
47,1.0,10001011010111110000,1.0,10011001110011110001
47,1.0,10011001110011110001,1.0,10010111010011000001
47,1.0,10010111010011000001,1.0,10010011001110000001
47,1.0,10010011001110000001,1.0,00011011001100001011
47,1.0,00011011001100001011,1.0,00000111011100001110
47,1.0,00000111011100001110,1.0,00011101101100001100
47,1.0,00011101101100001100,1.0,00011101101100001100
47,1.0,00011101101100001100,1.0,11100000111100001100
47,1.0,11100000111100001100,1.0,10111000111100001010
47,1.0,10111000111100001010,1.0,10011010011101000010
47,1.0,10011010011101000010,1.0,10011010011001010010
47,1.0,10011010011001010010,1.0,10011110011011000010
47,1.0,10011110011011000010,1.0,10010110011011000011
47,1.0,10010110011011000011,1.0,10010110011011000011
47,1.0,10010110011011000011,1.0,10001110011011101011
47,1.0,10001110011011101011,1.0,00101110011010101111
47,1.0,00101110011010101111,1.0,00101111011010000110
47,1.0,00101111011010000110,1.0,00100111101100000101
47,1.0,00100111101100000101,1.0,00101111101100000100
47,1.0,00101111101100000100,1.0,00110011001100000001
47,1.0,00110011001100000001,1.0,00100011011100001001
47,1.0,00100011011100001001,1.0,00100011101100001010
47,1.0,00100011101100001010,1.0,00100001101001011010
47,1.0,00100001101001011010,1.0,00100001101001011010
47,1.0,00100001101001011010,1.0,00100001101001011010
47,1.0,00100001101001011010,1.0,00100001101001011010
47,1.0,00100001101001011010,1.0,01101000100101111111
47,1.0,01101000100101111111,1.0,11000000110101111111
47,1.0,11000000110101111111,1.0,11000000110101111111
47,1.0,11000000110101111111,1.0,11001100111101100111
47,1.0,11001100111101100111,1.0,11000000111111100101
47,1.0,11000000111111100101,1.0,11001010101111100001
47,1.0,11001010101111100001,1.0,01101010101101100001
47,1.0,01101010101101100001,1.0,00101011101001100001
47,1.0,00101011101001100001,1.0,00111010101001100001
47,1.0,00111010101001100001,1.0,00111010101001100001
47,1.0,00111010101001100001,1.0,01111010001001000001
48,9.0,11000110011100001110,7.0,11001010011100001111
48,7.0,11001010011100001111,3.0,11001000011110111101
48,3.0,11001000011110111101,3.0,01000100111110111111
48,3.0,01000100111110111111,1.0,11000000111001101110
48,1.0,11000000111001101110,1.0,11000001011001100101
48,1.0,11000001011001100101,1.0,11100001010011000111
48,1.0,11100001010011000111,1.0,01111101010011000001
48,1.0,01111101010011000001,1.0,01110101100011000011
48,1.0,01110101100011000011,1.0,01110101100011000011
48,1.0,01110101100011000011,1.0,01110001100001000100
48,1.0,01110001100001000100,1.0,01011001100001001110
48,1.0,01011001100001001110,1.0,01110001110100001000
48,1.0,01110001110100001000,1.0,10111001110100001000
48,1.0,10111001110100001000,1.0,00111001111000001001
48,1.0,00111001111000001001,1.0,01110101110010001000
48,1.0,01110101110010001000,1.0,00110011010010001010
48,1.0,00110011010010001010,1.0,00111011110000001010
48,1.0,00111011110000001010,1.0,00110011000100101000
48,1.0,00110011000100101000,1.0,01110010001000101000
48,1.0,01110010001000101000,1.0,01111110001000110001
48,1.0,01111110001000110001,1.0,01111010011000010011
48,1.0,01111010011000010011,1.0,00010010111001110010
48,1.0,00010010111001110010,1.0,00010110001101110010
48,1.0,00010110001101110010,1.0,01010110001110110011
48,1.0,01010110001110110011,1.0,01011110001110110010
48,1.0,01011110001110110010,1.0,01010110001110110011
48,1.0,01010110001110110011,1.0,01010110011100110010
48,1.0,01010110011100110010,1.0,01010010001100110100
48,1.0,01010010001100110100,1.0,01011110101100110011
48,1.0,01011110101100110011,1.0,01011110101100110011
48,1.0,01011110101100110011,1.0,01110000101110110010
48,1.0,01110000101110110010,1.0,10110000101110110011
48,1.0,10110000101110110011,1.0,00111001101010110001
48,1.0,00111001101010110001,1.0,00111101101000100101
48,1.0,00111101101000100101,1.0,01111101001000000101
48,1.0,01111101001000000101,1.0,01111101001000000101
48,1.0,01111101001000000101,1.0,01111101001000000101
48,1.0,01111101001000000101,1.0,01111101011010000000
48,1.0,01111101011010000000,1.0,00111101011110000010
48,1.0,00111101011110000010,1.0,10111001011100000001
48,1.0,10111001011100000001,1.0,10110101111000000010
48,1.0,10110101111000000010,1.0,10110101111000000010
48,1.0,10110101111000000010,1.0,10110001101100000011
48,1.0,10110001101100000011,1.0,10101101110100111011
48,1.0,10101101110100111011,1.0,10100101110100101101
48,1.0,10100101110100101101,1.0,10100101110100101101
48,1.0,10100101110100101101,1.0,10100011100110100101
48,1.0,10100011100110100101,1.0,10111010000010101101
48,1.0,10111010000010101101,1.0,11010100000011011100
48,1.0,11010100000011011100,1.0,11011100011010001101
48,1.0,11011100011010001101,1.0,11011100011010001101
48,1.0,11011100011010001101,1.0,01010100011010011111
48,1.0,01010100011010011111,1.0,11000100111010111110
48,1.0,11000100111010111110,1.0,01011101110000011101
48,1.0,01011101110000011101,1.0,01100101110000111100
48,1.0,01100101110000111100,1.0,00101101010110111101
48,1.0,00101101010110111101,1.0,01101001010010111110
48,1.0,01101001010010111110,1.0,10101001010010111111
48,1.0,10101001010010111111,1.0,10101101101000110110
48,1.0,10101101101000110110,1.0,10101111110000010110
48,1.0,10101111110000010110,1.0,10100111010010010110
48,1.0,10100111010010010110,1.0,10100111010010010110
48,1.0,10100111010010010110,1.0,10100111010010010110
48,1.0,10100111010010010110,1.0,10101110000001011111
48,1.0,10101110000001011111,1.0,10101110000001011111
48,1.0,10101110000001011111,1.0,10010010000001011111
48,1.0,10010010000001011111,1.0,11011010010000011110
48,1.0,11011010010000011110,1.0,01011110010100011100
48,1.0,01011110010100011100,1.0,11010110000101000110
48,1.0,11010110000101000110,1.0,11010110000101000110
48,1.0,11010110000101000110,1.0,11011000000101101111
48,1.0,11011000000101101111,1.0,11111100000101110000
48,1.0,11111100000101110000,1.0,10011101000101010101
48,1.0,10011101000101010101,1.0,10011101001001000100
48,1.0,10011101001001000100,1.0,10101101101000001111
48,1.0,10101101101000001111,1.0,10101101101000001111
48,1.0,10101101101000001111,1.0,10100101101000110111
48,1.0,10100101101000110111,1.0,10101101011000110101
48,1.0,10101101011000110101,1.0,01101101011000110100
48,1.0,01101101011000110100,1.0,01111100011000110100
48,1.0,01111100011000110100,1.0,10111100011000110101
48,1.0,10111100011000110101,1.0,10101101011000110101
48,1.0,10101101011000110101,1.0,10111101010001100010
48,1.0,10111101010001100010,1.0,10010111010011000001
48,1.0,10010111010011000001,1.0,10010111011010000000
48,1.0,10010111011010000000,1.0,10010111011010000000
48,1.0,10010111011010000000,1.0,10010111011010000000
48,1.0,10010111011010000000,1.0,10011011000111000001
48,1.0,10011011000111000001,1.0,10011011000111000001
48,1.0,10011011000111000001,1.0,10011111000110001010
48,1.0,10011111000110001010,1.0,01010111000110001010
48,1.0,01010111000110001010,1.0,00010111100110101010
48,1.0,00010111100110101010,1.0,00010111100110101010
48,1.0,00010111100110101010,1.0,00001111110110101111
48,1.0,00001111110110101111,1.0,00001111111100101010
48,1.0,00001111111100101010,1.0,00010111100110101010
48,1.0,00010111100110101010,1.0,00010011110110100100
48,1.0,00010011110110100100,1.0,11000111110100100110
48,1.0,11000111110100100110,1.0,10001111010110110111
48,1.0,10001111010110110111,1.0,00000111011110010101
48,1.0,00000111011110010101,1.0,00010110011110010101
48,1.0,00010110011110010101,1.0,11000110011110010100
48,1.0,11000110011110010100,1.0,11000110011101010000
48,1.0,11000110011101010000,1.0,11001010111100011001
48,1.0,11001010111100011001,1.0,11001110111010011001
48,1.0,11001110111010011001,1.0,01000110111010011100
48,1.0,01000110111010011100,1.0,01001110101011010110
48,1.0,01001110101011010110,1.0,01001110101011010110
48,1.0,01001110101011010110,1.0,01000010101101010111
48,1.0,01000010101101010111,1.0,01001010001101001111
48,1.0,01001010001101001111,1.0,01001011001100001100
48,1.0,01001011001100001100,1.0,01001011001100001100
48,1.0,01001011001100001100,1.0,01000011001100001101
48,1.0,01000011001100001101,1.0,01001011000101001101
48,1.0,01001011000101001101,1.0,01100010000111011011
48,1.0,01100010000111011011,1.0,01000110100111101110
48,1.0,01000110100111101110,1.0,01000110100111101110
48,1.0,01000110100111101110,1.0,01100110100001101101
48,1.0,01100110100001101101,1.0,01101110100001101100
48,1.0,01101110100001101100,1.0,01100110100001101101
48,1.0,01100110100001101101,1.0,01100101110000111100
48,1.0,01100101110000111100,1.0,01101110110000111110
48,1.0,01101110110000111110,1.0,01101110101000111010
48,1.0,01101110101000111010,1.0,00100110101000111110
48,1.0,00100110101000111110,1.0,00100110101000111110
48,1.0,00100110101000111110,1.0,11101110001000011011
48,1.0,11101110001000011011,1.0,11101110001000011011
48,1.0,11101110001000011011,1.0,11100110100100111010
48,1.0,11100110100100111010,1.0,11001010101100111010
48,1.0,11001010101100111010,1.0,11101101101100100011
48,1.0,11101101101100100011,1.0,11101101101100100011
48,1.0,11101101101100100011,1.0,11111100101100100011
48,1.0,11111100101100100011,1.0,11100110101110100000
48,1.0,11100110101110100000,1.0,11100110110110100100
48,1.0,11100110110110100100,1.0,01101110110011100101
48,1.0,01101110110011100101,1.0,00101110110111100111
48,1.0,00101110110111100111,1.0,00010111110110000111
48,1.0,00010111110110000111,1.0,00010101111100100110
48,1.0,00010101111100100110,1.0,00000001101101101101
48,1.0,00000001101101101101,1.0,10000101001001101110
48,1.0,10000101001001101110,1.0,11000101001001101011
48,1.0,11000101001001101011,1.0,11000101001001101011
48,1.0,11000101001001101011,1.0,11000101001001101011
48,1.0,11000101001001101011,1.0,11001101011001001001
48,1.0,11001101011001001001,1.0,11001011011001000000
48,1.0,11001011011001000000,1.0,10001011011001010010
48,1.0,10001011011001010010,1.0,11001010111011010000
48,1.0,11001010111011010000,1.0,11001010101001010101
48,1.0,11001010101001010101,1.0,01011010101001010011
48,1.0,01011010101001010011,1.0,01111110100001010010
48,1.0,01111110100001010010,1.0,01110111100000010000
48,1.0,01110111100000010000,1.0,01110011010000010010
48,1.0,01110011010000010010,1.0,01110111010000100010
48,1.0,01110111010000100010,1.0,00110111010010000101
48,1.0,00110111010010000101,1.0,00111011110010010001
48,1.0,00111011110010010001,1.0,00110110110011010001
48,1.0,00110110110011010001,1.0,10111110100001010011
48,1.0,10111110100001010011,1.0,11101010110001110011
48,1.0,11101010110001110011,1.0,11101001110001110000
48,1.0,11101001110001110000,1.0,11100001110001110001
48,1.0,11100001110001110001,1.0,11100000111011010010
48,1.0,11100000111011010010,1.0,11100100111001001000
48,1.0,11100100111001001000,1.0,11001000111101011001
48,1.0,11001000111101011001,1.0,11001010111100011001
48,1.0,11001010111100011001,1.0,11001010111100011001
48,1.0,11001010111100011001,1.0,11001110111010011001
48,1.0,11001110111010011001,1.0,11001110111010011001
48,1.0,11001110111010011001,1.0,11001110111010011001
48,1.0,11001110111010011001,1.0,10001110011110111011
48,1.0,10001110011110111011,1.0,11100100011110101011
48,1.0,11100100011110101011,1.0,11101100011110101010
48,1.0,11101100011110101010,1.0,11101100001100101111
48,1.0,11101100001100101111,1.0,11101100001100101111
48,1.0,11101100001100101111,1.0,11000001001100101111
48,1.0,11000001001100101111,1.0,11001001001100101110
48,1.0,11001001001100101110,1.0,11000101011000101110
48,1.0,11000101011000101110,1.0,10011101111000100100
48,1.0,10011101111000100100,1.0,11010000011001100101
48,1.0,11010000011001100101,1.0,11010010010001100110
48,1.0,11010010010001100110,1.0,00011110010101001110
48,1.0,00011110010101001110,1.0,00010010010111001100
48,1.0,00010010010111001100,1.0,00011010010011101111
48,1.0,00011010010011101111,1.0,10011010010111000111
48,1.0,10011010010111000111,1.0,10011010010111001001
48,1.0,10011010010111001001,1.0,01011010010111001000
48,1.0,01011010010111001000,1.0,00010010010111001100
48,1.0,00010010010111001100,1.0,00001010011111001101
48,1.0,00001010011111001101,1.0,00101010111011001000
48,1.0,00101010111011001000,1.0,00100110111011010011
48,1.0,00100110111011010011,1.0,00101111110011010000
48,1.0,00101111110011010000,1.0,01100101110011001011
48,1.0,01100101110011001011,1.0,01100001110001001100
48,1.0,01100001110001001100,1.0,01100001110001001100
48,1.0,01100001110001001100,1.0,01101001110001011010
48,1.0,01101001110001011010,1.0,01101001011001010011
48,1.0,01101001011001010011,1.0,01000011011001010010
49,3.0,00110000010101101110,1.0,00110010010100101110
49,1.0,00110010010100101110,1.0,00110010110100001110
49,1.0,00110010110100001110,1.0,01110010110100001011
49,1.0,01110010110100001011,1.0,01110010100100011001
49,1.0,01110010100100011001,1.0,01111010100100011000
49,1.0,01111010100100011000,1.0,01111110101100000001
49,1.0,01111110101100000001,1.0,00110110111110000000
49,1.0,00110110111110000000,1.0,01111110011010000011
49,1.0,01111110011010000011,1.0,01010010011110000110
49,1.0,01010010011110000110,1.0,01010110001110100100
49,1.0,01010110001110100100,1.0,01101110011110000110
49,1.0,01101110011110000110,1.0,01100110010110101110
49,1.0,01100110010110101110,1.0,01101111010100100101
49,1.0,01101111010100100101,1.0,01000111010110110111
49,1.0,01000111010110110111,1.0,00001111111110110001
49,1.0,00001111111110110001,1.0,00000111001110111000
49,1.0,00000111001110111000,1.0,00001111101100111000
49,1.0,00001111101100111000,1.0,00100011001100101010
49,1.0,00100011001100101010,1.0,01100011001000101000
49,1.0,01100011001000101000,1.0,01101111001000110001
49,1.0,01101111001000110001,1.0,01101111001000110001
49,1.0,01101111001000110001,1.0,01100110001000011110
49,1.0,01100110001000011110,1.0,01100100001001011110
49,1.0,01100100001001011110,1.0,11101100010001011111
49,1.0,11101100010001011111,1.0,11101100010001011111
49,1.0,11101100010001011111,1.0,11101100010001011111
49,1.0,11101100010001011111,1.0,11101101000001011001
49,1.0,11101101000001011001,1.0,11101101000001011001
49,1.0,11101101000001011001,1.0,11101001000100011101
49,1.0,11101001000100011101,1.0,11101001000100011101
49,1.0,11101001000100011101,1.0,11001001100110111100
49,1.0,11001001100110111100,1.0,11000011100110010111
49,1.0,11000011100110010111,1.0,11000011100110010111
49,1.0,11000011100110010111,1.0,10001111101110000100
49,1.0,10001111101110000100,1.0,10001111001100010111
49,1.0,10001111001100010111,1.0,10001111001100010111
49,1.0,10001111001100010111,1.0,00001111101100001111
49,1.0,00001111101100001111,1.0,00000111001100011100
49,1.0,00000111001100011100,1.0,01000111001100010111
49,1.0,01000111001100010111,1.0,01001111001100010110
49,1.0,01001111001100010110,1.0,10001001011100011111
49,1.0,10001001011100011111,1.0,10000011011110001001
49,1.0,10000011011110001001,1.0,01000011011110001000
49,1.0,01000011011110001000,1.0,01000011011110001000
49,1.0,01000011011110001000,1.0,01011001110110011001
49,1.0,01011001110110011001,1.0,01011101110110101001
49,1.0,01011101110110101001,1.0,00011100110111101111
49,1.0,00011100110111101111,1.0,00011100111110101110
49,1.0,00011100111110101110,1.0,00011100111110101110
49,1.0,00011100111110101110,1.0,00101110010111001100
49,1.0,00101110010111001100,1.0,00101111010011000111
49,1.0,00101111010011000111,1.0,00101111010011000111
49,1.0,00101111010011000111,1.0,00101011001001000100
49,1.0,00101011001001000100,1.0,00100011001001000101
49,1.0,00100011001001000101,1.0,00101011001001000100
49,1.0,00101011001001000100,1.0,00101011001101000011
49,1.0,00101011001101000011,1.0,00000111001101001011
49,1.0,00000111001101001011,1.0,00001011001011101011
49,1.0,00001011001011101011,1.0,00000111001110001111
49,1.0,00000111001110001111,1.0,00000111011100001110
49,1.0,00000111011100001110,1.0,00000111010110111100
49,1.0,00000111010110111100,1.0,10001111010110110111
49,1.0,10001111010110110111,1.0,10100111000100110100
49,1.0,10100111000100110100,1.0,10100110000101110111
49,1.0,10100110000101110111,1.0,00100110110101110101
49,1.0,00100110110101110101,1.0,00000101110111011100
49,1.0,00000101110111011100,1.0,01000101110111011001
49,1.0,01000101110111011001,1.0,01001101110111011000
49,1.0,01001101110111011000,1.0,01001100111111011010
49,1.0,01001100111111011010,1.0,01001000111111001110
49,1.0,01001000111111001110,1.0,01001110011001001110
49,1.0,01001110011001001110,1.0,01001110110111001100
49,1.0,01001110110111001100,1.0,01011110000011001101
49,1.0,01011110000011001101,1.0,01010110001010001101
49,1.0,01010110001010001101,1.0,01010110001010001101
49,1.0,01010110001010001101,1.0,01000111001010001101
49,1.0,01000111001010001101,1.0,01000111001110100100
49,1.0,01000111001110100100,1.0,01000111101110000100
49,1.0,01000111101110000100,1.0,01001110101111000110
49,1.0,01001110101111000110,1.0,01101110001011000100
49,1.0,01101110001011000100,1.0,01101110001111000011
49,1.0,01101110001111000011,1.0,11000110010111101010
49,1.0,11000110010111101010,1.0,11101010010111100010
49,1.0,11101010010111100010,1.0,11100110110110100100
49,1.0,11100110110110100100,1.0,01100011100110100100
49,1.0,01100011100110100100,1.0,11000010000111101100
49,1.0,11000010000111101100,1.0,11010010000011101001
49,1.0,11010010000011101001,1.0,01011110010101001011
49,1.0,01011110010101001011,1.0,11010110000101001000
49,1.0,11010110000101001000,1.0,11111010000101000000
49,1.0,11111010000101000000,1.0,10110010000101000100
49,1.0,10110010000101000100,1.0,10110010000101000100
49,1.0,10110010000101000100,1.0,10110010000101000100
49,1.0,10110010000101000100,1.0,11111100000101000111
49,1.0,11111100000101000111,1.0,11101010000101100111
49,1.0,11101010000101100111,1.0,10101010001101000101
49,1.0,10101010001101000101,1.0,10101010001101000101
49,1.0,10101010001101000101,1.0,11001010101101000101
49,1.0,11001010101101000101,1.0,11000111100100001101
49,1.0,11000111100100001101,1.0,11001111000100111011
49,1.0,11001111000100111011,1.0,11001101100110011111
49,1.0,11001101100110011111,1.0,11000111100110101001
49,1.0,11000111100110101001,1.0,11000110101110101011
49,1.0,11000110101110101011,1.0,11000110110110101111
49,1.0,11000110110110101111,1.0,11001110111110000111
49,1.0,11001110111110000111,1.0,11001110101100110101
49,1.0,11001110101100110101,1.0,11101110100001010100
49,1.0,11101110100001010100,1.0,11100110100001010101
49,1.0,11100110100001010101,1.0,11001010101001010101
49,1.0,11001010101001010101,1.0,11001010101001010101
49,1.0,11001010101001010101,1.0,11010010100001010100
49,1.0,11010010100001010100,1.0,11000011100001010100
49,1.0,11000011100001010100,1.0,11101011100000010101
49,1.0,11101011100000010101,1.0,11100011010000010100
49,1.0,11100011010000010100,1.0,10100011110000110100
49,1.0,10100011110000110100,1.0,10100001110001110100
49,1.0,10100001110001110100,1.0,10100001111001100010
49,1.0,10100001111001100010,1.0,10100001101001110000
49,1.0,10100001101001110000,1.0,10101001101001001000
49,1.0,10101001101001001000,1.0,10101001101001001000
49,1.0,10101001101001001000,1.0,10001101111001101001
49,1.0,10001101111001101001,1.0,00001011011001101010
49,1.0,00001011011001101010,1.0,01000111011011000010
49,1.0,01000111011011000010,1.0,01000111011011000010
49,1.0,01000111011011000010,1.0,01000011010011011001
49,1.0,01000011010011011001,1.0,00000011010111011011
49,1.0,00000011010111011011,1.0,00000011110011111001
49,1.0,00000011110011111001,1.0,11000011010001101000
49,1.0,11000011010001101000,1.0,11000101100011111001
49,1.0,11000101100011111001,1.0,11000101100011111001
49,1.0,11000101100011111001,1.0,11000101101010111000
49,1.0,11000101101010111000,1.0,11000100101011111011
49,1.0,11000100101011111011,1.0,01000101011110111000
49,1.0,01000101011110111000,1.0,10000101011110111001
49,1.0,10000101011110111001,1.0,10011001011010101001
49,1.0,10011001011010101001,1.0,10011001011010101001
49,1.0,10011001011010101001,1.0,10011001011010101001
49,1.0,10011001011010101001,1.0,11001001011110101001
49,1.0,11001001011110101001,1.0,11001001011110101001
49,1.0,11001001011110101001,1.0,11011000011110101001
49,1.0,11011000011110101001,1.0,10011000011110101100
49,1.0,10011000011110101100,1.0,10111100011110000100
49,1.0,10111100011110000100,1.0,10110000011110001010
49,1.0,10110000011110001010,1.0,10110000011110001010
49,1.0,10110000011110001010,1.0,11111000010110011000
49,1.0,11111000010110011000,1.0,11111000010110011000
49,1.0,11111000010110011000,1.0,11111000010101010010
49,1.0,11111000010101010010,1.0,11111100010101100010
49,1.0,11111100010101100010,1.0,11110100000101110001
49,1.0,11110100000101110001,1.0,00111100001101110011
49,1.0,00111100001101110011,1.0,00111100011001100110
49,1.0,00111100011001100110,1.0,00101110101011100100
49,1.0,00101110101011100100,1.0,00101110101011100100
49,1.0,00101110101011100100,1.0,00111010001001000100
49,1.0,00111010001001000100,1.0,00111010001001000100
49,1.0,00111010001001000100,1.0,00111010001001000100
49,1.0,00111010001001000100,1.0,00111110011001000010
49,1.0,00111110011001000010,1.0,00111110011001000010
49,1.0,00111110011001000010,1.0,00111110010011000111
49,1.0,00111110010011000111,1.0,00111010010011100100
49,1.0,00111010010011100100,1.0,00010010110011110111
49,1.0,00010010110011110111,1.0,00011010110011110110
49,1.0,00011010110011110110,1.0,00010001110011110100
49,1.0,00010001110011110100,1.0,00010001110011110100
49,1.0,00010001110011110100,1.0,00010001110011110100
49,1.0,00010001110011110100,1.0,00011001110101010110
49,1.0,00011001110101010110,1.0,00011001100111010111
49,1.0,00011001100111010111,1.0,00010001010111010110
49,1.0,00010001010111010110,1.0,10010001010011010101
49,1.0,10010001010011010101,1.0,00110001010001010101
49,1.0,00110001010001010101,1.0,00101011010001010111
49,1.0,00101011010001010111,1.0,00101011010001010111
49,1.0,00101011010001010111,1.0,00101011010001010111
49,1.0,00101011010001010111,1.0,00101011010001010111
49,1.0,00101011010001010111,1.0,00101011010110110100
49,1.0,00101011010110110100,1.0,00101011110110010100
49,1.0,00101011110110010100,1.0,00101011001110110000
49,1.0,00101011001110110000,1.0,01101011010110110001
49,1.0,01101011010110110001,1.0,00101011010110110100
49,1.0,00101011010110110100,1.0,10100011010100010110
49,1.0,10100011010100010110,1.0,10110011010000010011
49,1.0,10110011010000010011,1.0,10100111010001010010
49,1.0,10100111010001010010,1.0,00100111011001000011
49,1.0,00100111011001000011,1.0,00001111011001100101
49,1.0,00001111011001100101,1.0,00011011001001100010
49,1.0,00011011001001100010,1.0,00001011111001001010
49,1.0,00001011111001001010,1.0,00100111110001001010
49,1.0,00100111110001001010,1.0,00100011011001100000
50,3.0,11010010000001001101,1.0,11010100000011011100
50,1.0,11010100000011011100,1.0,11011100100011001111
50,1.0,11011100100011001111,1.0,11011100100011001111
50,1.0,11011100100011001111,1.0,11101000100111001101
50,1.0,11101000100111001101,1.0,11101000101110001100
50,1.0,11101000101110001100,1.0,11101000101110001100
50,1.0,11101000101110001100,1.0,10101000001110111110
50,1.0,10101000001110111110,1.0,10001010001110111101
50,1.0,10001010001110111101,1.0,10001110111110011011
50,1.0,10001110111110011011,1.0,10001110111110011011
50,1.0,10001110111110011011,1.0,10001100111111011011
50,1.0,10001100111111011011,1.0,10000000111111111001
50,1.0,10000000111111111001,1.0,00100100111111101001
50,1.0,00100100111111101001,1.0,00100010111111100000
50,1.0,00100010111111100000,1.0,00100010111011110000
50,1.0,00100010111011110000,1.0,00100010101011010101
50,1.0,00100010101011010101,1.0,00100010101001001110
50,1.0,00100010101001001110,1.0,00100011101100001010
50,1.0,00100011101100001010,1.0,00111011001100000000
50,1.0,00111011001100000000,1.0,00111011001100000000
50,1.0,00111011001100000000,1.0,00100011011100000111
50,1.0,00100011011100000111,1.0,00001111111100010101
50,1.0,00001111111100010101,1.0,00100011111100010000
50,1.0,00100011111100010000,1.0,00100001111101010000
50,1.0,00100001111101010000,1.0,10100011110100100100
50,1.0,10100011110100100100,1.0,10100011110100100100
50,1.0,10100011110100100100,1.0,11101110110100010110
50,1.0,11101110110100010110,1.0,11100101110100010100
50,1.0,11100101110100010100,1.0,11100011010000010100
50,1.0,11100011010000010100,1.0,11101011110000110000
50,1.0,11101011110000110000,1.0,11101010110001110011
50,1.0,11101010110001110011,1.0,10101010110001111000
50,1.0,10101010110001111000,1.0,00100110110011111010
50,1.0,00100110110011111010,1.0,01100110010011011010
50,1.0,01100110010011011010,1.0,01100100111111010000
50,1.0,01100100111111010000,1.0,01110010000101010010
50,1.0,01110010000101010010,1.0,00111010001001010011
50,1.0,00111010001001010011,1.0,00111110001011000011
50,1.0,00111110001011000011,1.0,00111110001011000011
50,1.0,00111110001011000011,1.0,00110110011001000011
50,1.0,00110110011001000011,1.0,10101110011101000011
50,1.0,10101110011101000011,1.0,10100100111101001010
50,1.0,10100100111101001010,1.0,10111000110101001011
50,1.0,10111000110101001011,1.0,10111000110001011011
50,1.0,10111000110001011011,1.0,00110000010001111110
50,1.0,00110000010001111110,1.0,00111100010101110111
50,1.0,00111100010101110111,1.0,10010000011101100111
50,1.0,10010000011101100111,1.0,10010000001101110101
50,1.0,10010000001101110101,1.0,10010010001100110101
50,1.0,10010010001100110101,1.0,10010110011100100100
50,1.0,10010110011100100100,1.0,10010110011100100100
50,1.0,10010110011100100100,1.0,00011011011100010001
50,1.0,00011011011100010001,1.0,10001111001100011001
50,1.0,10001111001100011001,1.0,11001101101100011010
50,1.0,11001101101100011010,1.0,11001101100110011111
50,1.0,11001101100110011111,1.0,11001101110100011110
50,1.0,11001101110100011110,1.0,01101101100100011111
50,1.0,01101101100100011111,1.0,01101101000101011010
50,1.0,01101101000101011010,1.0,01101101000101011010
50,1.0,01101101000101011010,1.0,11001101100101011011
50,1.0,11001101100101011011,1.0,11011100100101011011
50,1.0,11011100100101011011,1.0,11011110100100011011
50,1.0,11011110100100011011,1.0,01011011110100010011
50,1.0,01011011110100010011,1.0,01011011010100110011
50,1.0,01011011010100110011,1.0,01011011010100110011
50,1.0,01011011010100110011,1.0,01011011001000110000
50,1.0,01011011001000110000,1.0,01010110001010110100
50,1.0,01010110001010110100,1.0,01000110111010011100
50,1.0,01000110111010011100,1.0,10000010111011010100
50,1.0,10000010111011010100,1.0,11000010111011010001
50,1.0,11000010111011010001,1.0,11001100111011010111
50,1.0,11001100111011010111,1.0,11000100001011011110
50,1.0,11000100001011011110,1.0,11000010001100011110
50,1.0,11000010001100011110,1.0,10100110001000011111
50,1.0,10100110001000011111,1.0,10101110101000111011
50,1.0,10101110101000111011,1.0,10100110011010011010
50,1.0,10100110011010011010,1.0,00101110101001011001
50,1.0,00101110101001011001,1.0,00101110110001011101
50,1.0,00101110110001011101,1.0,00100110110011111010
50,1.0,00100110110011111010,1.0,01100110010011011010
50,1.0,01100110010011011010,1.0,01000100111111011011
50,1.0,01000100111111011011,1.0,01001001111011001011
50,1.0,01001001111011001011,1.0,01000101011010011111
50,1.0,01000101011010011111,1.0,11000101110010111100
50,1.0,11000101110010111100,1.0,11000101010110011110
50,1.0,11000101010110011110,1.0,11000101110010111100
50,1.0,11000101110010111100,1.0,11000101110010111100
50,1.0,11000101110010111100,1.0,11000100110011111111
50,1.0,11000100110011111111,1.0,11001100111011011001
50,1.0,11001100111011011001,1.0,11001101011001001001
50,1.0,11001101011001001001,1.0,11011101001001000001
50,1.0,11011101001001000001,1.0,11011111000001000010
50,1.0,11011111000001000010,1.0,11010011000001100000
50,1.0,11010011000001100000,1.0,11010011000001100000
50,1.0,11010011000001100000,1.0,11010001000011110011
50,1.0,11010001000011110011,1.0,10011001110011110001
50,1.0,10011001110011110001,1.0,10011001110011110001
50,1.0,10011001110011110001,1.0,11011001010011010001
50,1.0,11011001010011010001,1.0,11011001010001001010
50,1.0,11011001010001001010,1.0,11011101010100101010
50,1.0,11011101010100101010,1.0,11110100000100101110
50,1.0,11110100000100101110,1.0,11111100000110001101
50,1.0,11111100000110001101,1.0,11110100001100000111
50,1.0,11110100001100000111,1.0,11010100101110100110
50,1.0,11010100101110100110,1.0,01110100101100100110
50,1.0,01110100101100100110,1.0,00111110001100100100
50,1.0,00111110001100100100,1.0,01111100101110000101
50,1.0,01111100101110000101,1.0,01101111101100000001
50,1.0,01101111101100000001,1.0,00100011101100001010
50,1.0,00100011101100001010,1.0,00110000101110001110
50,1.0,00110000101110001110,1.0,00110000101010011110
50,1.0,00110000101010011110,1.0,00111000011110011011
50,1.0,00111000011110011011,1.0,10011100111110011000
50,1.0,10011100111110011000,1.0,10010100111110011001
50,1.0,10010100111110011001,1.0,10011100011110001111
50,1.0,10011100011110001111,1.0,10011100011110001111
50,1.0,10011100011110001111,1.0,10111100011110000100
50,1.0,10111100011110000100,1.0,10110100001110100110
50,1.0,10110100001110100110,1.0,11110100001010100100
50,1.0,11110100001010100100,1.0,11111100001110100010
50,1.0,11111100001110100010,1.0,11110110000100110001
50,1.0,11110110000100110001,1.0,11100100110111110011
50,1.0,11100100110111110011,1.0,11100000100111110101
50,1.0,11100000100111110101,1.0,10100100110111110110
50,1.0,10100100110111110110,1.0,10100100110111110110
50,1.0,10100100110111110110,1.0,10100100110111110110
50,1.0,10100100110111110110,1.0,10100100110111110110
50,1.0,10100100110111110110,1.0,10011100110111010111
50,1.0,10011100110111010111,1.0,10011100110111010111
50,1.0,10011100110111010111,1.0,10011100010111110111
50,1.0,10011100010111110111,1.0,10010100011110110111
50,1.0,10010100011110110111,1.0,00011101011110100101
50,1.0,00011101011110100101,1.0,00111001010111100000
50,1.0,00111001010111100000,1.0,01111001010101000001
50,1.0,01111001010101000001,1.0,01010011010101000000
50,1.0,01010011010101000000,1.0,01010011010101000000
50,1.0,01010011010101000000,1.0,01010011010101000000
50,1.0,01010011010101000000,1.0,01011011010001100011
50,1.0,01011011010001100011,1.0,11010111000001000011
50,1.0,11010111000001000011,1.0,11011011100100100011
50,1.0,11011011100100100011,1.0,11011111100010100011
50,1.0,11011111100010100011,1.0,11011111100010100011
50,1.0,11011111100010100011,1.0,10011111100010100110
50,1.0,10011111100010100110,1.0,10010111110000100110
50,1.0,10010111110000100110,1.0,01010011100100100110
50,1.0,01010011100100100110,1.0,01010011100000110110
50,1.0,01010011100000110110,1.0,01011011000010110101
50,1.0,01011011000010110101,1.0,01011011000010110101
50,1.0,01011011000010110101,1.0,01111001000010110110
50,1.0,01111001000010110110,1.0,01111001000010110110
50,1.0,01111001000010110110,1.0,01110101001010100010
50,1.0,01110101001010100010,1.0,01111100001010110101
50,1.0,01111100001010110101,1.0,01010110001010110100
50,1.0,01010110001010110100,1.0,01110100101000110110
50,1.0,01110100101000110110,1.0,01111100101010010101
50,1.0,01111100101010010101,1.0,01111100101010010101
50,1.0,01111100101010010101,1.0,01111100101010010101
50,1.0,01111100101010010101,1.0,01001111001100010110
50,1.0,01001111001100010110,1.0,01001011101100100111
50,1.0,01001011101100100111,1.0,01001111111000100110
50,1.0,01001111111000100110,1.0,10010001111000101010
50,1.0,10010001111000101010,1.0,11011001101000001011
50,1.0,11011001101000001011,1.0,01010001101000001110
50,1.0,01010001101000001110,1.0,11010100111000001110
50,1.0,11010100111000001110,1.0,11010100111000001110
50,1.0,11010100111000001110,1.0,01011110111000101000
50,1.0,01011110111000101000,1.0,11011110011000001001
50,1.0,11011110011000001001,1.0,11011110011000001001
50,1.0,11011110011000001001,1.0,01010110011000001100
50,1.0,01010110011000001100,1.0,01011110101000001101
50,1.0,01011110101000001101,1.0,01011110101000001101
50,1.0,01011110101000001101,1.0,01010110001010001101
50,1.0,01010110001010001101,1.0,00110110011010001001
50,1.0,00110110011010001001,1.0,01010110011100001011
50,1.0,01010110011100001011,1.0,01010100011101001011
50,1.0,01010100011101001011,1.0,01010100011101001011
50,1.0,01010100011101001011,1.0,11011100111101000000
50,1.0,11011100111101000000,1.0,11011000110101010101
50,1.0,11011000110101010101,1.0,01011001110110010111
50,1.0,01011001110110010111,1.0,00100001111110010100
50,1.0,00100001111110010100,1.0,01101000111110110111
50,1.0,01101000111110110111,1.0,01101000111110110111
50,1.0,01101000111110110111,1.0,01101000111110110111
50,1.0,01101000111110110111,1.0,00110100111110100100
50,1.0,00110100111110100100,1.0,10100100111110001110
50,1.0,10100100111110001110,1.0,00100000111110111101
51,5.0,10000010011111100100,1.0,10000010111101100100
51,1.0,10000010111101100100,1.0,10000110111101110000
51,1.0,10000110111101110000,1.0,10001111110101000100
51,1.0,10001111110101000100,1.0,10000111111100000100
51,1.0,10000111111100000100,1.0,00001111111100010101
51,1.0,00001111111100010101,1.0,00010011101100000100
51,1.0,00010011101100000100,1.0,00010111101001000000
51,1.0,00010111101001000000,1.0,01011111100011000001
51,1.0,01011111100011000001,1.0,01010101001101000011
51,1.0,01010101001101000011,1.0,01111100101101000001
51,1.0,01111100101101000001,1.0,01111100101001010001
51,1.0,01111100101001010001,1.0,01111100101101000001
51,1.0,01111100101101000001,1.0,01010101001101000011
51,1.0,01010101001101000011,1.0,01010110001101100000
51,1.0,01010110001101100000,1.0,01010010001100110100
51,1.0,01010010001100110100,1.0,11001010011100110111
51,1.0,11001010011100110111,1.0,11001010011100111001
51,1.0,11001010011100111001,1.0,01000110011110111011
51,1.0,01000110011110111011,1.0,01001110011110111010
51,1.0,01001110011110111010,1.0,01000110011110111011
51,1.0,01000110011110111011,1.0,01000111010110111001
51,1.0,01000111010110111001,1.0,01101011010110110001
51,1.0,01101011010110110001,1.0,01101011100110110010
51,1.0,01101011100110110010,1.0,01101011100110110010
51,1.0,01101011100110110010,1.0,01110001100110110000
51,1.0,01110001100110110000,1.0,01111101100110010010
51,1.0,01111101100110010010,1.0,01111100100110111011
51,1.0,01111100100110111011,1.0,01111100100110111011
51,1.0,01111100100110111011,1.0,01110100110100111011
51,1.0,01110100110100111011,1.0,11111000110110110011
51,1.0,11111000110110110011,1.0,11101001110110110011
51,1.0,11101001110110110011,1.0,01110001100110110000
51,1.0,01110001100110110000,1.0,00111001001110010011
51,1.0,00111001001110010011,1.0,10010101001110110001
51,1.0,10010101001110110001,1.0,10011101101100110001
51,1.0,10011101101100110001,1.0,10011101101100110001
51,1.0,10011101101100110001,1.0,11010001101000110011
51,1.0,11010001101000110011,1.0,11011001101000001011
51,1.0,11011001101000001011,1.0,11001101101001001010
51,1.0,11001101101001001010,1.0,11000101101001001011
51,1.0,11000101101001001011,1.0,11000101101001001011
51,1.0,11000101101001001011,1.0,11000101101001001011
51,1.0,11000101101001001011,1.0,10001101111001101001
51,1.0,10001101111001101001,1.0,10001101111001100111
51,1.0,10001101111001100111,1.0,10000101011001110100
51,1.0,10000101011001110100,1.0,10000101011011100111
51,1.0,10000101011011100111,1.0,10000111011011000011
51,1.0,10000111011011000011,1.0,10100111001110000010
51,1.0,10100111001110000010,1.0,10101110011110000111
51,1.0,10101110011110000111,1.0,00100111011010000111
51,1.0,00100111011010000111,1.0,00110111010010000101
51,1.0,00110111010010000101,1.0,00111110010011000111
51,1.0,00111110010011000111,1.0,00111110010011000111
51,1.0,00111110010011000111,1.0,00111110010011000111
51,1.0,00111110010011000111,1.0,00110100110011001110
51,1.0,00110100110011001110,1.0,00110100110011001110
51,1.0,00110100110011001110,1.0,00111000010011011101
51,1.0,00111000010011011101,1.0,00111010010010011101
51,1.0,00111010010010011101,1.0,01110100010100011110
51,1.0,01110100010100011110,1.0,01111010010000111010
51,1.0,01111010010000111010,1.0,00111010011000011000
51,1.0,00111010011000011000,1.0,00111010011000011000
51,1.0,00111010011000011000,1.0,00101010011010011111
51,1.0,00101010011010011111,1.0,00110000001010111110
51,1.0,00110000001010111110,1.0,00110000001010111110
51,1.0,00110000001010111110,1.0,01111100001010110101
51,1.0,01111100001010110101,1.0,01111100001010110101
51,1.0,01111100001010110101,1.0,11101010001010010110
51,1.0,11101010001010010110,1.0,10000110101010111110
51,1.0,10000110101010111110,1.0,10001011100010111111
51,1.0,10001011100010111111,1.0,10001011100010111111
51,1.0,10001011100010111111,1.0,10001011100010111111
51,1.0,10001011100010111111,1.0,10011010100010111111
51,1.0,10011010100010111111,1.0,10010010001010111010
51,1.0,10010010001010111010,1.0,10100010101010111001
51,1.0,10100010101010111001,1.0,10100010111010101011
51,1.0,10100010111010101011,1.0,10100110011100101010
51,1.0,10100110011100101010,1.0,10100110011110110001
51,1.0,10100110011110110001,1.0,10101010011011010000
51,1.0,10101010011011010000,1.0,10101010111001010001
51,1.0,10101010111001010001,1.0,10101010111001010001
51,1.0,10101010111001010001,1.0,00101010111101010010
51,1.0,00101010111101010010,1.0,00101011110101010000
51,1.0,00101011110101010000,1.0,00101101110101011001
51,1.0,00101101110101011001,1.0,00101100111101011011
51,1.0,00101100111101011011,1.0,00101100011111011010
51,1.0,00101100011111011010,1.0,00101100011111011010
51,1.0,00101100011111011010,1.0,10101100011111110000
51,1.0,10101100011111110000,1.0,10100100011111110001
51,1.0,10100100011111110001,1.0,10110010000111100000
51,1.0,10110010000111100000,1.0,10110010000111100000
51,1.0,10110010000111100000,1.0,10110011010010100000
51,1.0,10110011010010100000,1.0,10010010011011100000
51,1.0,10010010011011100000,1.0,10000011011011100000
51,1.0,10000011011011100000,1.0,10001111011011000010
51,1.0,10001111011011000010,1.0,10000111011011000011
51,1.0,10000111011011000011,1.0,10001011011101000010
51,1.0,10001011011101000010,1.0,10000011011101000011
51,1.0,10000011011101000011,1.0,10010010011101000011
51,1.0,10010010011101000011,1.0,00110110011001000011
51,1.0,00110110011001000011,1.0,00110101011001000000
51,1.0,00110101011001000000,1.0,00110001001001010001
51,1.0,00110001001001010001,1.0,00010011001001100011
51,1.0,00010011001001100011,1.0,00011011001001100010
51,1.0,00011011001001100010,1.0,00100011011001100000
51,1.0,00100011011001100000,1.0,00101011001001000100
51,1.0,00101011001001000100,1.0,00101011001001000100
51,1.0,00101011001001000100,1.0,00100011001001000101
51,1.0,00100011001001000101,1.0,10001111001001000111
51,1.0,10001111001001000111,1.0,10011110001001000111
51,1.0,10011110001001000111,1.0,01010110011011000010
51,1.0,01010110011011000010,1.0,11010010100011000111
51,1.0,11010010100011000111,1.0,11010010100001010100
51,1.0,11010010100001010100,1.0,01011110100001110101
51,1.0,01011110100001110101,1.0,10001110001011110111
51,1.0,10001110001011110111,1.0,10001000011011111111
51,1.0,10001000011011111111,1.0,10001000011011111111
51,1.0,10001000011011111111,1.0,10101100001011111010
51,1.0,10101100001011111010,1.0,10100100011001111010
51,1.0,10100100011001111010,1.0,10001110011001111000
51,1.0,10001110011001111000,1.0,11000110111110110001
51,1.0,11000110111110110001,1.0,10010010111110010000
51,1.0,10010010111110010000,1.0,01011110011110010001
51,1.0,01011110011110010001,1.0,10010111010110010001
51,1.0,10010111010110010001,1.0,10110101010110010010
51,1.0,10110101010110010010,1.0,10110101010110010010
51,1.0,10110101010110010010,1.0,11110001000110010001
51,1.0,11110001000110010001,1.0,11110101000010001010
51,1.0,11110101000010001010,1.0,11110101000010001010
51,1.0,11110101000010001010,1.0,11011101000010101100
51,1.0,11011101000010101100,1.0,11011100001010101110
51,1.0,11011100001010101110,1.0,11010100011000101110
51,1.0,11010100011000101110,1.0,11011100011010110100
51,1.0,11011100011010110100,1.0,01010100101111010011
51,1.0,01010100101111010011,1.0,01010100111101010010
51,1.0,01010100111101010010,1.0,11011100111110010011
51,1.0,11011100111110010011,1.0,11010100111001010001
51,1.0,11010100111001010001,1.0,11010100110001110110
51,1.0,11010100110001110110,1.0,01111100100001110110
51,1.0,01111100100001110110,1.0,01111100100001110110
51,1.0,01111100100001110110,1.0,00110100100001111100
51,1.0,00110100100001111100,1.0,00110100000101011110
51,1.0,00110100000101011110,1.0,00011000001101011110
51,1.0,00011000001101011110,1.0,10001000101111011101
51,1.0,10001000101111011101,1.0,11000010000111101100
51,1.0,11000010000111101100,1.0,10100010010111101000
51,1.0,10100010010111101000,1.0,10100010110111001000
51,1.0,10100010110111001000,1.0,10101010011111000000
51,1.0,10101010011111000000,1.0,10100010011111000001
51,1.0,10100010011111000001,1.0,00100010011111010010
51,1.0,00100010011111010010,1.0,01100010011011010000
51,1.0,01100010011011010000,1.0,01111010011000000100
51,1.0,01111010011000000100,1.0,01111010011000000100
51,1.0,01111010011000000100,1.0,01111010001010000101
51,1.0,01111010001010000101,1.0,01111010001010000101
51,1.0,01111010001010000101,1.0,00111110101100000100
51,1.0,00111110101100000100,1.0,00101110111100001100
51,1.0,00101110111100001100,1.0,00101110111100001100
51,1.0,00101110111100001100,1.0,00111100011100001111
51,1.0,00111100011100001111,1.0,00111100001001001101
51,1.0,00111100001001001101,1.0,10000101001001101110
51,1.0,10000101001001101110,1.0,10011100111001100111
51,1.0,10011100111001100111,1.0,10011100111001101001
51,1.0,10011100111001101001,1.0,10010100011001001101
51,1.0,10010100011001001101,1.0,10010101010010011110
51,1.0,10010101010010011110,1.0,00011101001010101111
51,1.0,00011101001010101111,1.0,00111101000100101110
51,1.0,00111101000100101110,1.0,01010101100100101111
51,1.0,01010101100100101111,1.0,10011101100100101111
51,1.0,10011101100100101111,1.0,10110001100100101010
51,1.0,10110001100100101010,1.0,10110101110110100000
51,1.0,10110101110110100000,1.0,00111001110110100101
51,1.0,00111001110110100101,1.0,00110010010110110101
51,1.0,00110010010110110101,1.0,10110110010010010110
51,1.0,10110110010010010110,1.0,11110010010000010100
51,1.0,11110010010000010100,1.0,11111010110000110000
51,1.0,11111010110000110000,1.0,01110110110010110010
51,1.0,01110110110010110010,1.0,01110110110010110010
51,1.0,01110110110010110010,1.0,01110110100010010111
51,1.0,01110110100010010111,1.0,01110110100010010111
51,1.0,01110110100010010111,1.0,01110110100010011001
51,1.0,01110110100010011001,1.0,00110110100011001011
51,1.0,00110110100011001011,1.0,00110110110001001010
51,1.0,00110110110001001010,1.0,00110110010001101010
51,1.0,00110110010001101010,1.0,00111110000011101010
51,1.0,00111110000011101010,1.0,10110110000011000100
51,1.0,10110110000011000100,1.0,10110110000011000100
51,1.0,10110110000011000100,1.0,11110000000011010101
51,1.0,11110000000011010101,1.0,11111010000001010000
51,1.0,11111010000001010000,1.0,11010010100011110000
51,1.0,11010010100011110000,1.0,11001110110111110001
51,1.0,11001110110111110001,1.0,11001110110111110001
52,7.0,01110001000110010100,1.0,01111001010110000101
52,1.0,01111001010110000101,1.0,01111101010011000001
52,1.0,01111101010011000001,1.0,01111001010001010001
52,1.0,01111001010001010001,1.0,01111001010001010001
52,1.0,01111001010001010001,1.0,01110101010000011011
52,1.0,01110101010000011011,1.0,01110101010000011011
52,1.0,01110101010000011011,1.0,11111100010100011011
52,1.0,11111100010100011011,1.0,10111100110100111011
52,1.0,10111100110100111011,1.0,00110101001100110001
52,1.0,00110101001100110001,1.0,01111100011100110011
52,1.0,01111100011100110011,1.0,01110000011000111010
52,1.0,01110000011000111010,1.0,01111010011010100000
52,1.0,01111010011010100000,1.0,01111110011010000011
52,1.0,01111110011010000011,1.0,01101110101011100001
52,1.0,01101110101011100001,1.0,01101110101011100001
52,1.0,01101110101011100001,1.0,01101110101011100001
52,1.0,01101110101011100001,1.0,01100010110011101011
52,1.0,01100010110011101011,1.0,01100001110110111000
52,1.0,01100001110110111000,1.0,01100001110110111000
52,1.0,01100001110110111000,1.0,01101101100110111011
52,1.0,01101101100110111011,1.0,00111001100100111011
52,1.0,00111001100100111011,1.0,00110001000001111000
52,1.0,00110001000001111000,1.0,00111101000101110001
52,1.0,00111101000101110001,1.0,00111101000101110001
52,1.0,00111101000101110001,1.0,10110001000101010000
52,1.0,10110001000101010000,1.0,10100001010101011000
52,1.0,10100001010101011000,1.0,10101001010001111011
52,1.0,10101001010001111011,1.0,10101001110011101000
52,1.0,10101001110011101000,1.0,10111000110011101000
52,1.0,10111000110011101000,1.0,10110000110011101001
52,1.0,10110000110011101001,1.0,10011001110001101010
52,1.0,10011001110001101010,1.0,10010011110010110010
52,1.0,10010011110010110010,1.0,10110110110010110011
52,1.0,10110110110010110011,1.0,11101010110010111001
52,1.0,11101010110010111001,1.0,11100010011010110010
52,1.0,11100010011010110010,1.0,11101100111000111011
52,1.0,11101100111000111011,1.0,11101100111000111011
52,1.0,11101100111000111011,1.0,10110110100000111010
52,1.0,10110110100000111010,1.0,10111100101000111000
52,1.0,10111100101000111000,1.0,10111100101000111000
52,1.0,10111100101000111000,1.0,10111100101100100110
52,1.0,10111100101100100110,1.0,11110100011100100010
52,1.0,11110100011100100010,1.0,11110100011100100010
52,1.0,11110100011100100010,1.0,11001101011110110011
52,1.0,11001101011110110011,1.0,10000101011110110111
52,1.0,10000101011110110111,1.0,10000101011110110111
52,1.0,10000101011110110111,1.0,10000101011110110111
52,1.0,10000101011110110111,1.0,11001001101110010101
52,1.0,11001001101110010101,1.0,11001001101110010101
52,1.0,11001001101110010101,1.0,11101101100110010100
52,1.0,11101101100110010100,1.0,11100100110111100100
52,1.0,11100100110111100100,1.0,11100000100111110101
52,1.0,11100000100111110101,1.0,11101000100111110100
52,1.0,11101000100111110100,1.0,11101000100111110100
52,1.0,11101000100111110100,1.0,11101100100111010111
52,1.0,11101100100111010111,1.0,11100100111100010110
52,1.0,11100100111100010110,1.0,11100110110100010111
52,1.0,11100110110100010111,1.0,11010010110100010110
52,1.0,11010010110100010110,1.0,01011110110100110111
52,1.0,01011110110100110111,1.0,01011010110100101101
52,1.0,01011010110100101101,1.0,01011010110100101101
52,1.0,01011010110100101101,1.0,01011010110100101101
52,1.0,01011010110100101101,1.0,01011010101100100111
52,1.0,01011010101100100111,1.0,00010010101100101101
52,1.0,00010010101100101101,1.0,01011000111100111011
52,1.0,01011000111100111011,1.0,01110000011000111010
52,1.0,01110000011000111010,1.0,00011100111010111110
52,1.0,00011100111010111110,1.0,00011100111010111110
52,1.0,00011100111010111110,1.0,00010000111100111111
52,1.0,00010000111100111111,1.0,00010000111100111111
52,1.0,00010000111100111111,1.0,00010100111001111011
52,1.0,00010100111001111011,1.0,00011100111111110001
52,1.0,00011100111111110001,1.0,01000000111111111000
52,1.0,01000000111111111000,1.0,01101000011101011000
52,1.0,01101000011101011000,1.0,01100000011101011001
52,1.0,01100000011101011001,1.0,01100000011110011101
52,1.0,01100000011110011101,1.0,01111000011010010111
52,1.0,01111000011010010111,1.0,00110000011010011101
52,1.0,00110000011010011101,1.0,00110000101010011110
52,1.0,00110000101010011110,1.0,00111000111010110111
52,1.0,00111000111010110111,1.0,00111000111010110111
52,1.0,00111000111010110111,1.0,01110000110110110110
52,1.0,01110000110110110110,1.0,01110000110110110110
52,1.0,01110000110110110110,1.0,11111100110000110111
52,1.0,11111100110000110111,1.0,11110100010100110100
52,1.0,11110100010100110100,1.0,11111100110000110111
52,1.0,11111100110000110111,1.0,10110010101000110000
52,1.0,10110010101000110000,1.0,00010011101000010100
52,1.0,00010011101000010100,1.0,00000011111010001111
52,1.0,00000011111010001111,1.0,00100011110110010101
52,1.0,00100011110110010101,1.0,11100101110100010100
52,1.0,11100101110100010100,1.0,11101101000001010111
52,1.0,11101101000001010111,1.0,11100011000001010001
52,1.0,11100011000001010001,1.0,11101011100010110001
52,1.0,11101011100010110001,1.0,00100111110011010001
52,1.0,00100111110011010001,1.0,10100111000011010011
52,1.0,10100111000011010011,1.0,10101111000011010010
52,1.0,10101111000011010010,1.0,10100101010011011000
52,1.0,10100101010011011000,1.0,10110100010011011000
52,1.0,10110100010011011000,1.0,10100101010011011000
52,1.0,10100101010011011000,1.0,10100010010011111000
52,1.0,10100010010011111000,1.0,10000011010001111010
52,1.0,10000011010001111010,1.0,00000011011001101011
52,1.0,00000011011001101011,1.0,00011101001001101011
52,1.0,00011101001001101011,1.0,00000101011111101010
52,1.0,00000101011111101010,1.0,01000101011011101000
52,1.0,01000101011011101000,1.0,01000101011011101000
52,1.0,01000101011011101000,1.0,01000001011011011000
52,1.0,01000001011011011000,1.0,01000101111110011000
52,1.0,01000101111110011000,1.0,00010001111110110010
52,1.0,00010001111110110010,1.0,00010001101111100000
52,1.0,00010001101111100000,1.0,00010001011110101011
52,1.0,00010001011110101011,1.0,00011001001011101000
52,1.0,00011001001011101000,1.0,00010001101011001001
52,1.0,00010001101011001001,1.0,00011001101011001000
52,1.0,00011001101011001000,1.0,10010001001001001010
52,1.0,10010001001001001010,1.0,10010001000011111000
52,1.0,10010001000011111000,1.0,10010001100001111001
52,1.0,10010001100001111001,1.0,10010001000011111000
52,1.0,10010001000011111000,1.0,11010001001010110010
52,1.0,11010001001010110010,1.0,11000001011010111010
52,1.0,11000001011010111010,1.0,11000001011010111010
52,1.0,11000001011010111010,1.0,11000001011010111010
52,1.0,11000001011010111010,1.0,11100001010110011001
52,1.0,11100001010110011001,1.0,01100011000110011000
52,1.0,01100011000110011000,1.0,01100010000111011011
52,1.0,01100010000111011011,1.0,01100010010101011010
52,1.0,01100010010101011010,1.0,01100010010101011010
52,1.0,01100010010101011010,1.0,01101000011101011000
52,1.0,01101000011101011000,1.0,00101101010101111001
52,1.0,00101101010101111001,1.0,00100001011111100011
52,1.0,00100001011111100011,1.0,10100101001101100010
52,1.0,10100101001101100010,1.0,10100100011101101010
52,1.0,10100100011101101010,1.0,10100100001111101011
52,1.0,10100100001111101011,1.0,10011000001111101001
52,1.0,10011000001111101001,1.0,00010100001111001111
52,1.0,00010100001111001111,1.0,01011100001011001100
52,1.0,01011100001011001100,1.0,01001110001011001111
52,1.0,01001110001011001111,1.0,01000010001011101101
52,1.0,01000010001011101101,1.0,01001010101001101101
52,1.0,01001010101001101101,1.0,11001110101011000101
52,1.0,11001110101011000101,1.0,11000110100011101101
52,1.0,11000110100011101101,1.0,10000110100011111111
52,1.0,10000110100011111111,1.0,10101110000001011111
52,1.0,10101110000001011111,1.0,01100110000001011111
52,1.0,01100110000001011111,1.0,01100110000001011111
52,1.0,01100110000001011111,1.0,01111010000000011111
52,1.0,01111010000000011111,1.0,01101110000001011110
52,1.0,01101110000001011110,1.0,01100111000011010010
52,1.0,01100111000011010010,1.0,01100110001101010001
52,1.0,01100110001101010001,1.0,01101010111001010000
52,1.0,01101010111001010000,1.0,01101010111001010000
52,1.0,01101010111001010000,1.0,01100110100101011000
52,1.0,01100110100101011000,1.0,00101010110111011001
52,1.0,00101010110111011001,1.0,00101010110111010111
52,1.0,00101010110111010111,1.0,10100010010111100110
52,1.0,10100010010111100110,1.0,10100110010110101111
52,1.0,10100110010110101111,1.0,10101011010100101011
52,1.0,10101011010100101011,1.0,10110010010000101101
52,1.0,10110010010000101101,1.0,01110010010000101100
52,1.0,01110010010000101100,1.0,01000010011100111100
52,1.0,01000010011100111100,1.0,00000110011110111110
52,1.0,00000110011110111110,1.0,10001010001110111101
52,1.0,10001010001110111101,1.0,11000110001010011110
52,1.0,11000110001010011110,1.0,11100010001010010111
52,1.0,11100010001010010111,1.0,01100010101010110110
52,1.0,01100010101010110110,1.0,01110010101000000110
52,1.0,01110010101000000110,1.0,00111010001001000100
52,1.0,00111010001001000100,1.0,00111010001001000100
53,3.0,11010101110100001011,3.0,11011101110100001010
53,3.0,11011101110100001010,3.0,11011101010110001010
53,3.0,11011101010110001010,1.0,11011011010110000001
53,1.0,11011011010110000001,1.0,01010011010110000100
53,1.0,01010011010110000100,1.0,01010011010101000000
53,1.0,01010011010101000000,1.0,01010011010101000000
53,1.0,01010011010101000000,1.0,00011111010001001011
53,1.0,00011111010001001011,1.0,00011111010001001011
53,1.0,00011111010001001011,1.0,00011111010001001011
53,1.0,00011111010001001011,1.0,01000111011000001100
53,1.0,01000111011000001100,1.0,01000111011000001100
53,1.0,01000111011000001100,1.0,01000111011000001100
53,1.0,01000111011000001100,1.0,01010110011000001100
53,1.0,01010110011000001100,1.0,01000010011100111100
53,1.0,01000010011100111100,1.0,11100000011100101100
53,1.0,11100000011100101100,1.0,11100010010100101101
53,1.0,11100010010100101101,1.0,11101110110000101101
53,1.0,11101110110000101101,1.0,11101110110100010110
53,1.0,11101110110100010110,1.0,10111110110000010110
53,1.0,10111110110000010110,1.0,10111110100001010011
53,1.0,10111110100001010011,1.0,00110110100001011000
53,1.0,00110110100001011000,1.0,00111101000001011010
53,1.0,00111101000001011010,1.0,10010101010001011010
53,1.0,10010101010001011010,1.0,00010100011001011110
53,1.0,00010100011001011110,1.0,00011101011001110001
53,1.0,00011101011001110001,1.0,00011101011001110001
53,1.0,00011101011001110001,1.0,00011101011001110001
53,1.0,00011101011001110001,1.0,00111001001001010000
53,1.0,00111001001001010000,1.0,00101001001011011001
53,1.0,00101001001011011001,1.0,00100001011010011101
53,1.0,00100001011010011101,1.0,00100001110001011110
53,1.0,00100001110001011110,1.0,00100101100001111100
53,1.0,00100101100001111100,1.0,01101101100001110110
53,1.0,01101101100001110110,1.0,01110001000001100100
53,1.0,01110001000001100100,1.0,11111001000010100101
53,1.0,11111001000010100101,1.0,11010001000011110011
53,1.0,11010001000011110011,1.0,11011001100001110011
53,1.0,11011001100001110011,1.0,11011100100011110110
53,1.0,11011100100011110110,1.0,11011100100011110110
53,1.0,11011100100011110110,1.0,11011100100011110110
53,1.0,11011100100011110110,1.0,11011100100011111000
53,1.0,11011100100011111000,1.0,11011100100011111000
53,1.0,11011100100011111000,1.0,01011000110001111101
53,1.0,01011000110001111101,1.0,01011000110101101101
53,1.0,01011000110101101101,1.0,11011000000101101111
53,1.0,11011000000101101111,1.0,11010001000100101101
53,1.0,11010001000100101101,1.0,11010001000100101101
53,1.0,11010001000100101101,1.0,10010101000110101111
53,1.0,10010101000110101111,1.0,10010001000110011111
53,1.0,10010001000110011111,1.0,11011001000110011011
53,1.0,11011001000110011011,1.0,11100001100110011010
53,1.0,11100001100110011010,1.0,10101011000110011000
53,1.0,10101011000110011000,1.0,10011111000110001010
53,1.0,10011111000110001010,1.0,10011111000010011010
53,1.0,10011111000010011010,1.0,11011011000000011000
53,1.0,11011011000000011000,1.0,11001011000010011111
53,1.0,11001011000010011111,1.0,11011110100000011100
53,1.0,11011110100000011100,1.0,11010110100000011101
53,1.0,11010110100000011101,1.0,11010110000000111101
53,1.0,11010110000000111101,1.0,10010111000001001000
53,1.0,10010111000001001000,1.0,10010111000001001000
53,1.0,10010111000001001000,1.0,11011001000001011000
53,1.0,11011001000001011000,1.0,10010101010001011010
53,1.0,10010101010001011010,1.0,10100001010101011000
53,1.0,10100001010101011000,1.0,10101010010101011010
53,1.0,10101010010101011010,1.0,10110000010101011000
53,1.0,10110000010101011000,1.0,10100100010111101111
53,1.0,10100100010111101111,1.0,10100000011111100101
53,1.0,10100000011111100101,1.0,11001000111111100100
53,1.0,11001000111111100100,1.0,01101000101111100101
53,1.0,01101000101111100101,1.0,01100000011111100100
53,1.0,01100000011111100100,1.0,01100000011111100100
53,1.0,01100000011111100100,1.0,01001110011101100101
53,1.0,01001110011101100101,1.0,01000010011001101100
53,1.0,01000010011001101100,1.0,01011110010001001100
53,1.0,01011110010001001100,1.0,00011110010101001110
53,1.0,00011110010101001110,1.0,01010001100001001111
53,1.0,01010001100001001111,1.0,01010001100001001111
53,1.0,01010001100001001111,1.0,01110001100110001001
53,1.0,01110001100110001001,1.0,01111001100110001000
53,1.0,01111001100110001000,1.0,01111001100110001000
53,1.0,01111001100110001000,1.0,01111001100110001000
53,1.0,01111001100110001000,1.0,01011101001110001000
53,1.0,01011101001110001000,1.0,01010101011100001000
53,1.0,01010101011100001000,1.0,01010101001110001001
53,1.0,01010101001110001001,1.0,00010101101110101001
53,1.0,00010101101110101001,1.0,00011100101111101011
53,1.0,00011100101111101011,1.0,00011100110111101111
53,1.0,00011100110111101111,1.0,00011101100111100111
53,1.0,00011101100111100111,1.0,00111100110111100100
53,1.0,00111100110111100100,1.0,00111100110101010111
53,1.0,00111100110101010111,1.0,11111100110000110111
53,1.0,11111100110000110111,1.0,11111100110100100111
53,1.0,11111100110100100111,1.0,11111100110100100111
53,1.0,11111100110100100111,1.0,10111100100101100111
53,1.0,10111100100101100111,1.0,10010110100101100110
53,1.0,10010110100101100110,1.0,10010110100101100110
53,1.0,10010110100101100110,1.0,10011100111001100111
53,1.0,10011100111001100111,1.0,10011000011101100110
53,1.0,10011000011101100110,1.0,11010000011100110101
53,1.0,11010000011100110101,1.0,11011000001000111110
53,1.0,11011000001000111110,1.0,11011100001010101110
53,1.0,11011100001010101110,1.0,00010001011010101100
53,1.0,00010001011010101100,1.0,10110001010000110111
53,1.0,10110001010000110111,1.0,10101001010010111111
53,1.0,10101001010010111111,1.0,10101001110010011111
53,1.0,10101001110010011111,1.0,11101001110010001101
53,1.0,11101001110010001101,1.0,11101001110010001101
53,1.0,11101001110010001101,1.0,10110101110010000111
53,1.0,10110101110010000111,1.0,10111001000110100111
53,1.0,10111001000110100111,1.0,10111001000110100111
53,1.0,10111001000110100111,1.0,10111001000110100111
53,1.0,10111001000110100111,1.0,11111101000100000100
53,1.0,11111101000100000100,1.0,01110001100100010100
53,1.0,01110001100100010100,1.0,01110001110100000110
53,1.0,01110001110100000110,1.0,00110001100101000110
53,1.0,00110001100101000110,1.0,00011101100101110100
53,1.0,00011101100101110100,1.0,10011101000101010101
53,1.0,10011101000101010101,1.0,10010101000101101011
53,1.0,10010101000101101011,1.0,00011101001001101011
53,1.0,00011101001001101011,1.0,00100001001001111010
53,1.0,00100001001001111010,1.0,01101001001010111010
53,1.0,01101001001010111010,1.0,01100101101000111000
53,1.0,01100101101000111000,1.0,00111001011000101001
53,1.0,00111001011000101001,1.0,00111001011000101001
53,1.0,00111001011000101001,1.0,10011001101010101010
53,1.0,10011001101010101010,1.0,10010001001001001010
53,1.0,10010001001001001010,1.0,11011001010001001010
53,1.0,11011001010001001010,1.0,11011100011001001001
53,1.0,11011100011001001001,1.0,11011100011001001001
53,1.0,11011100011001001001,1.0,11011110011000001001
53,1.0,11011110011000001001,1.0,01010110011000001100
53,1.0,01010110011000001100,1.0,01010110011000001100
53,1.0,01010110011000001100,1.0,01011010110010011101
53,1.0,01011010110010011101,1.0,01011110010110001111
53,1.0,01011110010110001111,1.0,01011110010110001111
53,1.0,01011110010110001111,1.0,00010110011100001110
53,1.0,00010110011100001110,1.0,00100110111000011101
53,1.0,00100110111000011101,1.0,11101100011000011110
53,1.0,11101100011000011110,1.0,11101100001010011111
53,1.0,11101100001010011111,1.0,11001100101011111010
53,1.0,11001100101011111010,1.0,11000101110001111000
53,1.0,11000101110001111000,1.0,11001011110000111011
53,1.0,11001011110000111011,1.0,11001011110000111011
53,1.0,11001011110000111011,1.0,11001011110000111011
53,1.0,11001011110000111011,1.0,11000110110001111011
53,1.0,11000110110001111011,1.0,11001110110001111010
53,1.0,11001110110001111010,1.0,11001110111001010011
53,1.0,11001110111001010011,1.0,00010010111001110010
53,1.0,00010010111001110010,1.0,00111010101001100001
53,1.0,00111010101001100001,1.0,01101110100001111011
53,1.0,01101110100001111011,1.0,01101110100001111011
53,1.0,01101110100001111011,1.0,01100110000101111000
53,1.0,01100110000101111000,1.0,01100110000101111000
53,1.0,01100110000101111000,1.0,11100010100101001010
53,1.0,11100010100101001010,1.0,01101010000111011010
53,1.0,01101010000111011010,1.0,01101010000111011010
53,1.0,01101010000111011010,1.0,01100010000111011011
53,1.0,01100010000111011011,1.0,01100010010101011010
53,1.0,01100010010101011010,1.0,01100000010101111110
53,1.0,01100000010101111110,1.0,11101000010101111011
53,1.0,11101000010101111011,1.0,11101001110110110011
53,1.0,11101001110110110011,1.0,01100001110110110110
53,1.0,01100001110110110110,1.0,11101001110010110100
53,1.0,11101001110010110100,1.0,11100001010110010111
53,1.0,11100001010110010111,1.0,11101001000111010011
53,1.0,11101001000111010011,1.0,11101100110111110010
53,1.0,11101100110111110010,1.0,11101110000110110111
53,1.0,11101110000110110111,1.0,11101110000110110111
53,1.0,11101110000110110111,1.0,10111010000110010110
53,1.0,10111010000110010110,1.0,10111010000110010110
53,1.0,10111010000110010110,1.0,10111110000011010010
53,1.0,10111110000011010010,1.0,11111110010010010010
53,1.0,11111110010010010010,1.0,11111010010100010010
53,1.0,11111010010100010010,1.0,11110010001100000000
53,1.0,11110010001100000000,1.0,11110110001010000000
53,1.0,11110110001010000000,1.0,11100010001010011001
53,1.0,11100010001010011001,1.0,11100010001010010111
53,1.0,11100010001010010111,1.0,11100010001010010111
53,1.0,11100010001010010111,1.0,11101010000011010111
53,1.0,11101010000011010111,1.0,10100010000011011101
53,1.0,10100010000011011101,1.0,10100010000011011101
53,1.0,10100010000011011101,1.0,00100010100011111100
53,1.0,00100010100011111100,1.0,00101110100111110101
53,1.0,00101110100111110101,1.0,10100110100101010111
53,1.0,10100110100101010111,1.0,10110010010100010110
53,1.0,10110010010100010110,1.0,10011110010110110111
53,1.0,10011110010110110111,1.0,11011010010110101010
53,1.0,11011010010110101010,1.0,11011010000100101111
53,1.0,11011010000100101111,1.0,11010001000100101101
53,1.0,11010001000100101101,1.0,10010011000110101000
53,1.0,10010011000110101000,1.0,00010011010100111001
53,1.0,00010011010100111001,1.0,00010011010100110111
53,1.0,00010011010100110111,1.0,00011011010100110110
53,1.0,00011011010100110110,1.0,00010011110101100000
53,1.0,00010011110101100000,1.0,00000011111101100010
53,1.0,00000011111101100010,1.0,00010010111001110010
53,1.0,00010010111001110010,1.0,00010110101001100111
53,1.0,00010110101001100111,1.0,10011110001001000111
54,5.0,11000000101011011100,3.0,10001100101011111101
54,3.0,10001100101011111101,3.0,10100000101001011100
54,3.0,10100000101001011100,1.0,10111000101001001000
54,1.0,10111000101001001000,1.0,10111000110101001011
54,1.0,10111000110101001011,1.0,11010000110111001011
54,1.0,11010000110111001011,1.0,10010000110111001110
54,1.0,10010000110111001110,1.0,10010000110111001110
54,1.0,10010000110111001110,1.0,10011001000011001110
54,1.0,10011001000011001110,1.0,10100001010011001100
54,1.0,10100001010011001100,1.0,10111000100011001101
54,1.0,10111000100011001101,1.0,11111000100010101110
54,1.0,11111000100010101110,1.0,10111101000000101101
54,1.0,10111101000000101101,1.0,10111000010010111111
54,1.0,10111000010010111111,1.0,00111000000011111110
54,1.0,00111000000011111110,1.0,10010000010011111110
54,1.0,10010000010011111110,1.0,10010000010011111110
54,1.0,10010000010011111110,1.0,10011010010011010111
54,1.0,10011010010011010111,1.0,10010010011010010111
54,1.0,10010010011010010111,1.0,10010110011011000011
54,1.0,10010110011011000011,1.0,10011010010111001001
54,1.0,10011010010111001001,1.0,10111010110100001011
54,1.0,10111010110100001011,1.0,01111010110100001010
54,1.0,01111010110100001010,1.0,00110010110100001110
54,1.0,00110010110100001110,1.0,11011110100100001100
54,1.0,11011110100100001100,1.0,11001111100100001100
54,1.0,11001111100100001100,1.0,10000011110110001110
54,1.0,10000011110110001110,1.0,10000011110110001110
54,1.0,10000011110110001110,1.0,10010010110110001110
54,1.0,10010010110110001110,1.0,11001110110110101110
54,1.0,11001110110110101110,1.0,11001110110110101110
54,1.0,11001110110110101110,1.0,01000110111110001100
54,1.0,01000110111110001100,1.0,00000110011110111110
54,1.0,00000110011110111110,1.0,00101110001010111101
54,1.0,00101110001010111101,1.0,00101110011010101111
54,1.0,00101110011010101111,1.0,00100111010010101110
54,1.0,00100111010010101110,1.0,00100111000011101011
54,1.0,00100111000011101011,1.0,11101110000011101001
54,1.0,11101110000011101001,1.0,01111110010010101010
54,1.0,01111110010010101010,1.0,01101111010010101010
54,1.0,01101111010010101010,1.0,11001011010110101010
54,1.0,11001011010110101010,1.0,11001011010110101010
54,1.0,11001011010110101010,1.0,11010111010010100010
54,1.0,11010111010010100010,1.0,11010111010010100010
54,1.0,11010111010010100010,1.0,11010111001000000010
54,1.0,11010111001000000010,1.0,11010110011000110001
54,1.0,11010110011000110001,1.0,11010110011000110001
54,1.0,11010110011000110001,1.0,11011110001010110001
54,1.0,11011110001010110001,1.0,01010110001110110011
54,1.0,01010110001110110011,1.0,01010110001110110011
54,1.0,01010110001110110011,1.0,10011110001110110011
54,1.0,10011110001110110011,1.0,10011010111110100011
54,1.0,10011010111110100011,1.0,10011010110111010000
54,1.0,10011010110111010000,1.0,10010010110111010001
54,1.0,10010010110111010001,1.0,10011010111010110011
54,1.0,10011010111010110011,1.0,10111000111110010001
54,1.0,10111000111110010001,1.0,10111001011100000001
54,1.0,10111001011100000001,1.0,10100101011101000001
54,1.0,10100101011101000001,1.0,10101101011101000000
54,1.0,10101101011101000000,1.0,10111100011101000000
54,1.0,10111100011101000000,1.0,10111000011011100001
54,1.0,10111000011011100001,1.0,10110000110011101001
54,1.0,10110000110011101001,1.0,00010011010001101001
54,1.0,00010011010001101001,1.0,00100111010001101010
54,1.0,00100111010001101010,1.0,10100011010000101101
54,1.0,10100011010000101101,1.0,10100110010100111100
54,1.0,10100110010100111100,1.0,10100010001100101100
54,1.0,10100010001100101100,1.0,10100010001100101100
54,1.0,10100010001100101100,1.0,10101000101100111111
54,1.0,10101000101100111111,1.0,10100000001101111011
54,1.0,10100000001101111011,1.0,10100000001101101100
54,1.0,10100000001101101100,1.0,11000000001101011110
54,1.0,11000000001101011110,1.0,11001000011111010110
54,1.0,11001000011111010110,1.0,11001000111101010111
54,1.0,11001000111101010111,1.0,10100101010100011111
54,1.0,10100101010100011111,1.0,10101101000101011011
54,1.0,10101101000101011011,1.0,10001101100111111010
54,1.0,10001101100111111010,1.0,00000101001111111000
54,1.0,00000101001111111000,1.0,00000110001111111011
54,1.0,00000110001111111011,1.0,00000111001101001011
54,1.0,00000111001101001011,1.0,00011011100101010011
54,1.0,00011011100101010011,1.0,00011111100011010011
54,1.0,00011111100011010011,1.0,01011011100001010001
54,1.0,01011011100001010001,1.0,00011011100101010011
54,1.0,00011011100101010011,1.0,10010011110010110010
54,1.0,10010011110010110010,1.0,10100111110010110011
54,1.0,10100111110010110011,1.0,10100111110010110011
54,1.0,10100111110010110011,1.0,10100111010010010110
54,1.0,10100111010010010110,1.0,11000111110010010110
54,1.0,11000111110010010110,1.0,11001111100011010010
54,1.0,11001111100011010010,1.0,11000100101011111011
54,1.0,11000100101011111011,1.0,11011100100011111000
54,1.0,11011100100011111000,1.0,11011100000111011010
54,1.0,11011100000111011010,1.0,11010100000111011011
54,1.0,11010100000111011011,1.0,11010100001110011010
54,1.0,11010100001110011010,1.0,11010100001110011010
54,1.0,11010100001110011010,1.0,11010100101100011011
54,1.0,11010100101100011011,1.0,11010100101100011011
54,1.0,11010100101100011011,1.0,10010100111110011001
54,1.0,10010100111110011001,1.0,10010000101111001010
54,1.0,10010000101111001010,1.0,00011010101110011011
54,1.0,00011010101110011011,1.0,00011110101110101011
54,1.0,00011110101110101011,1.0,01011010101100101001
54,1.0,01011010101100101001,1.0,11001011000100101111
54,1.0,11001011000100101111,1.0,11100101000100101110
54,1.0,11100101000100101110,1.0,11000001001100101111
54,1.0,11000001001100101111,1.0,11000101111000001110
54,1.0,11000101111000001110,1.0,11000101101010001111
54,1.0,11000101101010001111,1.0,11000101101010001111
54,1.0,11000101101010001111,1.0,11000101001010101111
54,1.0,11000101001010101111,1.0,11001111000010101111
54,1.0,11001111000010101111,1.0,01010101000110101110
54,1.0,01010101000110101110,1.0,00010101000111001101
54,1.0,00010101000111001101,1.0,00010101110110101101
54,1.0,00010101110110101101,1.0,10011101010110001101
54,1.0,10011101010110001101,1.0,01010101010110001101
54,1.0,01010101010110001101,1.0,01011110010110001111
54,1.0,01011110010110001111,1.0,11011110110110000101
54,1.0,11011110110110000101,1.0,01011011100110000101
54,1.0,01011011100110000101,1.0,01010011001110000000
54,1.0,01010011001110000000,1.0,01011010001100001100
54,1.0,01011010001100001100,1.0,11011000011100001101
54,1.0,11011000011100001101,1.0,11001001011100001101
54,1.0,11001001011100001101,1.0,11011000011100001101
54,1.0,11011000011100001101,1.0,10011000111100101101
54,1.0,10011000111100101101,1.0,10011100001100111101
54,1.0,10011100001100111101,1.0,00011000001101011110
54,1.0,00011000001101011110,1.0,00100000011101011100
54,1.0,00100000011101011100,1.0,00101100101011011101
54,1.0,00101100101011011101,1.0,00100110101011100101
54,1.0,00100110101011100101,1.0,00101110110111100111
54,1.0,00101110110111100111,1.0,00100110111101100011
54,1.0,00100110111101100011,1.0,00100010111101010011
54,1.0,00100010111101010011,1.0,00100010111110010111
54,1.0,00100010111110010111,1.0,00100110111110100111
54,1.0,00100110111110100111,1.0,00100110111110100111
54,1.0,00100110111110100111,1.0,00111110101100000100
54,1.0,00111110101100000100,1.0,10100110001100001111
54,1.0,10100110001100001111,1.0,11101110001000001100
54,1.0,11101110001000001100,1.0,11101110000001001101
54,1.0,11101110000001001101,1.0,11101010000011011001
54,1.0,11101010000011011001,1.0,11000110000011011111
54,1.0,11000110000011011111,1.0,11011010000001011011
54,1.0,11011010000001011011,1.0,11110110000000011010
54,1.0,11110110000000011010,1.0,11011011000000011000
54,1.0,11011011000000011000,1.0,11100111000000011010
54,1.0,11100111000000011010,1.0,11100111000000011010
54,1.0,11100111000000011010,1.0,11000111100000011101
54,1.0,11000111100000011101,1.0,11100111000000011010
54,1.0,11100111000000011010,1.0,11001011110000111011
54,1.0,11001011110000111011,1.0,11000011110100011000
54,1.0,11000011110100011000,1.0,11000011110100011000
54,1.0,11000011110100011000,1.0,11001011110000111011
54,1.0,11001011110000111011,1.0,11011010110000111011
54,1.0,11011010110000111011,1.0,01110110110010110010
54,1.0,01110110110010110010,1.0,01110110110010110010
54,1.0,01110110110010110010,1.0,01110110110110100010
54,1.0,01110110110110100010,1.0,11010010110110110010
54,1.0,11010010110110110010,1.0,01010010010111110000
54,1.0,01010010010111110000,1.0,01111001000101100010
54,1.0,01111001000101100010,1.0,01100001110101110010
54,1.0,01100001110101110010,1.0,00101011110101010000
54,1.0,00101011110101010000,1.0,10001011110111010000
54,1.0,10001011110111010000,1.0,10011010110111010000
54,1.0,10011010110111010000,1.0,11010010110110110010
54,1.0,11010010110110110010,1.0,11010010110110110010
54,1.0,11010010110110110010,1.0,10010010011110110000
54,1.0,10010010011110110000,1.0,10001111011100110010
54,1.0,10001111011100110010,1.0,00100110111100110100
54,1.0,00100110111100110100,1.0,01101010111100100100
54,1.0,01101010111100100100,1.0,01101010111100100100
54,1.0,01101010111100100100,1.0,01101010111100100100
54,1.0,01101010111100100100,1.0,01101010101110100101
54,1.0,01101010101110100101,1.0,01100010111100100101
54,1.0,01100010111100100101,1.0,01101010111100100100
54,1.0,01101010111100100100,1.0,00010011110110100100
54,1.0,00010011110110100100,1.0,00010111110110000111
54,1.0,00010111110110000111,1.0,10011011010110000100
54,1.0,10011011010110000100,1.0,00111111010010000100
54,1.0,00111111010010000100,1.0,00111101010011000100
54,1.0,00111101010011000100,1.0,00111000010011011101
54,1.0,00111000010011011101,1.0,00010110010110111100
54,1.0,00010110010110111100,1.0,00011010110011111000
54,1.0,00011010110011111000,1.0,10011010000011111010
54,1.0,10011010000011111010,1.0,10011010000011111010
54,1.0,10011010000011111010,1.0,10011010000011111010
54,1.0,10011010000011111010,1.0,11010000010011111011
54,1.0,11010000010011111011,1.0,11010010010010111011
54,1.0,11010010010010111011,1.0,11010000011010111010
54,1.0,11010000011010111010,1.0,11010000011010111010
54,1.0,11010000011010111010,1.0,11011001100010111001
54,1.0,11011001100010111001,1.0,11010001010010111000
54,1.0,11010001010010111000,1.0,11111000010110011000
54,1.0,11111000010110011000,1.0,11111000010110010110
54,1.0,11111000010110010110,1.0,11111100000110110100
54,1.0,11111100000110110100,1.0,11110110000100110001
54,1.0,11110110000100110001,1.0,11111010100110100001
54,1.0,11111010100110100001,1.0,11111010100110100001
54,1.0,11111010100110100001,1.0,01110010100110100100
54,1.0,01110010100110100100,1.0,01010010111010100100
54,1.0,01010010111010100100,1.0,01111010011000000100
54,1.0,01111010011000000100,1.0,00111010111000100100
54,1.0,00111010111000100100,1.0,00010010111010110110
54,1.0,00010010111010110110,1.0,00011100111010111110
54,1.0,00011100111010111110,1.0,00011000101110111111
54,1.0,00011000101110111111,1.0,00110100101100111010
54,1.0,00110100101100111010,1.0,00111100011100111000
54,1.0,00111100011100111000,1.0,00111100011110101011
54,1.0,00111100011110101011,1.0,00110100011010101101
55,1.0,01001101111001100110,1.0,01000011111001100000
55,1.0,01000011111001100000,1.0,01000011101011100001
55,1.0,01000011101011100001,1.0,01100111100011100000
55,1.0,01100111100011100000,1.0,01101011000001101000
55,1.0,01101011000001101000,1.0,00110111100000101001
55,1.0,00110111100000101001,1.0,10111010001000101000
55,1.0,10111010001000101000,1.0,10110010001000101001
55,1.0,10110010001000101001,1.0,10110010101000001001
55,1.0,10110010101000001001,1.0,10011010001100001101
55,1.0,10011010001100001101,1.0,11010000001100101111
55,1.0,11010000001100101111,1.0,10010000011101101001
55,1.0,10010000011101101001,1.0,10010010110101001010
55,1.0,10010010110101001010,1.0,10010010100101011000
55,1.0,10010010100101011000,1.0,10010110100011011000
55,1.0,10010110100011011000,1.0,10010010100011001100
55,1.0,10010010100011001100,1.0,10010010100011001100
55,1.0,10010010100011001100,1.0,10111010100010001101
55,1.0,10111010100010001101,1.0,10111001100110001001
55,1.0,10111001100110001001,1.0,00110001000110111011
55,1.0,00110001000110111011,1.0,00111001010110011001
55,1.0,00111001010110011001,1.0,01110000110110111000
55,1.0,01110000110110111000,1.0,11100100111100011000
55,1.0,11100100111100011000,1.0,11100100111100011000
55,1.0,11100100111100011000,1.0,11100101001000011001
55,1.0,11100101001000011001,1.0,11100101101100010000
55,1.0,11100101101100010000,1.0,11100100111100010110
55,1.0,11100100111100010110,1.0,11100100111100010110
55,1.0,11100100111100010110,1.0,11101100110101010110
55,1.0,11101100110101010110,1.0,11101100100111010111
55,1.0,11101100100111010111,1.0,01001000101111011100
55,1.0,01001000101111011100,1.0,00000110101011011100
55,1.0,00000110101011011100,1.0,10010000101011011010
55,1.0,10010000101011011010,1.0,00010101101011010011
55,1.0,00010101101011010011,1.0,00011101101011010010
55,1.0,00011101101011010010,1.0,00011111101010010010
55,1.0,00011111101010010010,1.0,00010111101110000011
55,1.0,00010111101110000011,1.0,00111011001100000000
55,1.0,00111011001100000000,1.0,00110011001100000001
55,1.0,00110011001100000001,1.0,00110011001100000001
55,1.0,00110011001100000001,1.0,11110010001100000000
55,1.0,11110010001100000000,1.0,11110010001100000000
55,1.0,11110010001100000000,1.0,11110010001100000000
55,1.0,11110010001100000000,1.0,11110010001100000000
55,1.0,11110010001100000000,1.0,11110010001000010000
55,1.0,11110010001000010000,1.0,11111010100010110001
55,1.0,11111010100010110001,1.0,10110110100011100001
55,1.0,10110110100011100001,1.0,10110110100011100001
55,1.0,10110110100011100001,1.0,10010110000001101111
55,1.0,10010110000001101111,1.0,11011110000001101011
55,1.0,11011110000001101011,1.0,11011010000001011011
55,1.0,11011010000001011011,1.0,11111010000001010000
55,1.0,11111010000001010000,1.0,11111000000011010100
55,1.0,11111000000011010100,1.0,11010100100011110111
55,1.0,11010100100011110111,1.0,01011001100011010101
55,1.0,01011001100011010101,1.0,01011001110011000111
55,1.0,01011001110011000111,1.0,01010001000011001110
55,1.0,01010001000011001110,1.0,01010001000011001110
55,1.0,01010001000011001110,1.0,00111001000001001110
55,1.0,00111001000001001110,1.0,10100001100001101110
55,1.0,10100001100001101110,1.0,10101000101001101111
55,1.0,10101000101001101111,1.0,10100000001101101100
55,1.0,10100000001101101100,1.0,10100000001101101100
55,1.0,10100000001101101100,1.0,10101010001101000101
55,1.0,10101010001101000101,1.0,11101110001000001100
55,1.0,11101110001000001100,1.0,11001010011001100111
55,1.0,11001010011001100111,1.0,11001010011001100111
55,1.0,11001010011001100111,1.0,11001000011011101101
55,1.0,11001000011011101101,1.0,10001000011111101111
55,1.0,10001000011111101111,1.0,10011000010111101101
55,1.0,10011000010111101101,1.0,10011000010111101101
55,1.0,10011000010111101101,1.0,10011100010111111001
55,1.0,10011100010111111001,1.0,10010000011011011001
55,1.0,10010000011011011001,1.0,10010001011001010000
55,1.0,10010001011001010000,1.0,10111001011000010001
55,1.0,10111001011000010001,1.0,11111001010000110011
55,1.0,11111001010000110011,1.0,11100101011100100010
55,1.0,11100101011100100010,1.0,11110100011100100010
55,1.0,11110100011100100010,1.0,11111100101100100011
55,1.0,11111100101100100011,1.0,11111100101100100011
55,1.0,11111100101100100011,1.0,11110100001100110000
55,1.0,11110100001100110000,1.0,11110000001100100100
55,1.0,11110000001100100100,1.0,11111000000101100100
55,1.0,11111000000101100100,1.0,10100010000101101101
55,1.0,10100010000101101101,1.0,10101011000001101001
55,1.0,10101011000001101001,1.0,00101011000101101010
55,1.0,00101011000101101010,1.0,00101011000101101010
55,1.0,00101011000101101010,1.0,00101001010101101101
55,1.0,00101001010101101101,1.0,00100011010100101110
55,1.0,00100011010100101110,1.0,00100111010001101010
55,1.0,00100111010001101010,1.0,00101110011001101011
55,1.0,00101110011001101011,1.0,00011011011001000001
55,1.0,00011011011001000001,1.0,00011011011001000001
55,1.0,00011011011001000001,1.0,11011010011001000000
55,1.0,11011010011001000000,1.0,01111010001001000001
55,1.0,01111010001001000001,1.0,01111010000001100110
55,1.0,01111010000001100110,1.0,00111010110001100101
55,1.0,00111010110001100101,1.0,00111010110001100101
55,1.0,00111010110001100101,1.0,00111010001001000100
55,1.0,00111010001001000100,1.0,00111000011001010110
55,1.0,00111000011001010110,1.0,01111000011001010011
55,1.0,01111000011001010011,1.0,01111100011001100011
55,1.0,01111100011001100011,1.0,01011100111001101000
55,1.0,01011100111001101000,1.0,01001110111001101011
55,1.0,01001110111001101011,1.0,00001111101001101000
55,1.0,00001111101001101000,1.0,00001111110011011011
55,1.0,00001111110011011011,1.0,01000011010011011001
55,1.0,01000011010011011001,1.0,01000111001001001001
55,1.0,01000111001001001001,1.0,00000111001101001011
55,1.0,00000111001101001011,1.0,10000111101101000001
55,1.0,10000111101101000001,1.0,10000011100101011000
55,1.0,10000011100101011000,1.0,10000011100101010110
55,1.0,10000011100101010110,1.0,10000011100101011000
55,1.0,10000011100101011000,1.0,10000011100101011000
55,1.0,10000011100101011000,1.0,01001011110001011001
55,1.0,01001011110001011001,1.0,00001011110101011011
55,1.0,00001011110101011011,1.0,00001011110101011011
55,1.0,00001011110101011011,1.0,00001011110101011011
55,1.0,00001011110101011011,1.0,10001010110101011101
55,1.0,10001010110101011101,1.0,10000010100101111111
55,1.0,10000010100101111111,1.0,10000010100101111111
55,1.0,10000010100101111111,1.0,10000110110101101110
55,1.0,10000110110101101110,1.0,00011110110001101100
55,1.0,00011110110001101100,1.0,00011101010001101111
55,1.0,00011101010001101111,1.0,00011001010011101100
55,1.0,00011001010011101100,1.0,00010001011010101100
55,1.0,00010001011010101100,1.0,01011100111010101100
55,1.0,01011100111010101100,1.0,01011010101010011001
55,1.0,01011010101010011001,1.0,11011010011010010011
55,1.0,11011010011010010011,1.0,11011010011010010011
55,1.0,11011010011010010011,1.0,11011000011011010011
55,1.0,11011000011011010011,1.0,01010000111011110011
55,1.0,01010000111011110011,1.0,01000001111011110011
55,1.0,01000001111011110011,1.0,00010001101011110000
55,1.0,00010001101011110000,1.0,00010001101011000111
55,1.0,00010001101011000111,1.0,11010000101011000110
55,1.0,11010000101011000110,1.0,11010000101011000110
55,1.0,11010000101011000110,1.0,11010001100011000100
55,1.0,11010001100011000100,1.0,11011010100011000110
55,1.0,11011010100011000110,1.0,10010110100011010110
55,1.0,10010110100011010110,1.0,10010110100101101000
55,1.0,10010110100101101000,1.0,10011011100100101000
55,1.0,10011011100100101000,1.0,01010011100100101000
55,1.0,01010011100100101000,1.0,10000111100110101100
55,1.0,10000111100110101100,1.0,11001111100100001100
55,1.0,11001111100100001100,1.0,11000111100100001101
55,1.0,11000111100100001101,1.0,11000111110100101000
55,1.0,11000111110100101000,1.0,00001111111100101010
55,1.0,00001111111100101010,1.0,00000101111110101111
55,1.0,00000101111110101111,1.0,00001111110110101111
55,1.0,00001111110110101111,1.0,00001111110110101111
55,1.0,00001111110110101111,1.0,00001111110110101111
55,1.0,00001111110110101111,1.0,00101101110111100100
55,1.0,00101101110111100100,1.0,00101101010101110111
55,1.0,00101101010101110111,1.0,00101111010100110111
55,1.0,00101111010100110111,1.0,00101111010100110111
55,1.0,00101111010100110111,1.0,00111110010100110111
55,1.0,00111110010100110111,1.0,00111110010100110111
55,1.0,00111110010100110111,1.0,00111110010100110111
55,1.0,00111110010100110111,1.0,11101110010100110110
55,1.0,11101110010100110110,1.0,10100110011110110001
55,1.0,10100110011110110001,1.0,10100110011010011010
55,1.0,10100110011010011010,1.0,10100010011010001110
55,1.0,10100010011010001110,1.0,10101010101010001111
55,1.0,10101010101010001111,1.0,10100010110010111101
55,1.0,10100010110010111101,1.0,11100010010010011101
55,1.0,11100010010010011101,1.0,11100010010001011001
55,1.0,11100010010001011001,1.0,11100010010001011001
55,1.0,11100010010001011001,1.0,11101010010001011000
55,1.0,11101010010001011000,1.0,11101110011001000001
55,1.0,11101110011001000001,1.0,01100110011101000011
55,1.0,01100110011101000011,1.0,01101110111001100000
55,1.0,01101110111001100000,1.0,01110110100011100000
55,1.0,01110110100011100000,1.0,00110110100011110010
55,1.0,00110110100011110010,1.0,00101111100011001010
55,1.0,00101111100011001010,1.0,01101110100010111111
55,1.0,01101110100010111111,1.0,01101110100010111111
55,1.0,01101110100010111111,1.0,00100110101000111110
55,1.0,00100110101000111110,1.0,01100110101000111011
55,1.0,01100110101000111011,1.0,10101110101000111011
55,1.0,10101110101000111011,1.0,10101010101010111000
55,1.0,10101010101010111000,1.0,10101100111000111110
55,1.0,10101100111000111110,1.0,10101100111000111110
55,1.0,10101100111000111110,1.0,10100100111000111111
55,1.0,10100100111000111111,1.0,10110010010000101101
55,1.0,10110010010000101101,1.0,10110010010000101101
55,1.0,10110010010000101101,1.0,10010010010101101010
55,1.0,10010010010101101010,1.0,10010100110101111010
55,1.0,10010100110101111010,1.0,00010100111101101011
55,1.0,00010100111101101011,1.0,00010100011101001110
55,1.0,00010100011101001110,1.0,10011000011101100110
55,1.0,10011000011101100110,1.0,10010000011101100111
55,1.0,10010000011101100111,1.0,10010000011101100111
55,1.0,10010000011101100111,1.0,01010001011001100011
55,1.0,01010001011001100011,1.0,10011101101001100001
55,1.0,10011101101001100001,1.0,00010101101001100100
55,1.0,00010101101001100100,1.0,00010000101001111101
55,1.0,00010000101001111101,1.0,00011000101001111100
55,1.0,00011000101001111100,1.0,00011100101001011111
55,1.0,00011100101001011111,1.0,10001110011001001111
55,1.0,10001110011001001111,1.0,10001110011001001111
55,1.0,10001110011001001111,1.0,10010010011001000100
55,1.0,10010010011001000100,1.0,10011000011011010110
55,1.0,10011000011011010110,1.0,00010010111001110010
55,1.0,00010010111001110010,1.0,10011010111001100000
55,1.0,10011010111001100000,1.0,10011010111001100000
56,31.0,11101101110010100111,11.0,10100101111010100100
56,11.0,10100101111010100100,11.0,10001001111010101111
56,11.0,10001001111010101111,1.0,10001011111000010111
56,1.0,10001011111000010111,1.0,10100111110000010111
56,1.0,10100111110000010111,1.0,10101111110000010110
56,1.0,10101111110000010110,1.0,10100111010010010110
56,1.0,10100111010010010110,1.0,00010101111010010110
56,1.0,00010101111010010110,1.0,00011111010010110110
56,1.0,00011111010010110110,1.0,00011110110110101111
56,1.0,00011110110110101111,1.0,00011110110110101111
56,1.0,00011110110110101111,1.0,00110110110010001110
56,1.0,00110110110010001110,1.0,00010010111010001111
56,1.0,00010010111010001111,1.0,00011110110110101111
56,1.0,00011110110110101111,1.0,00011110110110101111
56,1.0,00011110110110101111,1.0,01011110110010101101
56,1.0,01011110110010101101,1.0,01011010011010101011
56,1.0,01011010011010101011,1.0,11010010010010111011
56,1.0,11010010010010111011,1.0,11010010000011101001
56,1.0,11010010000011101001,1.0,11110010000001010001
56,1.0,11110010000001010001,1.0,11100010000001111010
56,1.0,11100010000001111010,1.0,11000000001101011110
56,1.0,11000000001101011110,1.0,10000101001001101110
56,1.0,10000101001001101110,1.0,11001000101011101110
56,1.0,11001000101011101110,1.0,11001100111110101101
56,1.0,11001100111110101101,1.0,11010100101010001111
56,1.0,11010100101010001111,1.0,01011101101010100100
56,1.0,01011101101010100100,1.0,11000101101010110110
56,1.0,11000101101010110110,1.0,11000101101010001111
56,1.0,11000101101010001111,1.0,11100101101000100101
56,1.0,11100101101000100101,1.0,11101101101100100011
56,1.0,11101101101100100011,1.0,10100101101100100111
56,1.0,10100101101100100111,1.0,00100111001100100101
56,1.0,00100111001100100101,1.0,00101010101101100100
56,1.0,00101010101101100100,1.0,00100110011101000110
56,1.0,00100110011101000110,1.0,00100110001111000111
56,1.0,00100110001111000111,1.0,01101110001111000011
56,1.0,01101110001111000011,1.0,00100110001111001001
56,1.0,00100110001111001001,1.0,00101011101110010000
56,1.0,00101011101110010000,1.0,00101111011010000110
56,1.0,00101111011010000110,1.0,00101011011000010110
56,1.0,00101011011000010110,1.0,01111010011000010011
56,1.0,01111010011000010011,1.0,11110010001000010000
56,1.0,11110010001000010000,1.0,10110010001100010010
56,1.0,10110010001100010010,1.0,11110010001000010000
56,1.0,11110010001000010000,1.0,10110110010001010010
56,1.0,10110110010001010010,1.0,10110110000011010011
56,1.0,10110110000011010011,1.0,10100110010011011011
56,1.0,10100110010011011011,1.0,10100101010011011000
56,1.0,10100101010011011000,1.0,11100001010011001001
56,1.0,11100001010011001001,1.0,11100001010011001001
56,1.0,11100001010011001001,1.0,11101001010011001000
56,1.0,11101001010011001000,1.0,11100100101011001001
56,1.0,11100100101011001001,1.0,11100000101101001001
56,1.0,11100000101101001001,1.0,11100000100101101110
56,1.0,11100000100101101110,1.0,11101000110101001100
56,1.0,11101000110101001100,1.0,11100100110110011101
56,1.0,11100100110110011101,1.0,11101100110110011100
56,1.0,11101100110110011100,1.0,11101100110011001100
56,1.0,11101100110011001100,1.0,11010000110011001100
56,1.0,11010000110011001100,1.0,01111100110011001010
56,1.0,01111100110011001010,1.0,01111110110010001010
56,1.0,01111110110010001010,1.0,00110110110001001010
56,1.0,00110110110001001010,1.0,00110110100011001011
56,1.0,00110110100011001011,1.0,00011010101011001011
56,1.0,00011010101011001011,1.0,00111110100011001010
56,1.0,00111110100011001010,1.0,10101011100001001001
56,1.0,10101011100001001001,1.0,10100011110011000011
56,1.0,10100011110011000011,1.0,10100011110011000011
56,1.0,10100011110011000011,1.0,01100011110011000010
56,1.0,01100011110011000010,1.0,11101011101000000011
56,1.0,11101011101000000011,1.0,11110011100000000010
56,1.0,11110011100000000010,1.0,11101111110000010011
56,1.0,11101111110000010011,1.0,11101111110000010011
56,1.0,11101111110000010011,1.0,10100011110000110100
56,1.0,10100011110000110100,1.0,11101011100000010101
56,1.0,11101011100000010101,1.0,10101111110000010110
56,1.0,10101111110000010110,1.0,10100011010100010110
56,1.0,10100011010100010110,1.0,10100111000100110100
56,1.0,10100111000100110100,1.0,10100101000101110100
56,1.0,10100101000101110100,1.0,10100001100011110101
56,1.0,10100001100011110101,1.0,10100001110011100111
56,1.0,10100001110011100111,1.0,10101101110011110010
56,1.0,10101101110011110010,1.0,10101101110011110010
56,1.0,10101101110011110010,1.0,11001101110011010101
56,1.0,11001101110011010101,1.0,11000101110010111100
56,1.0,11000101110010111100,1.0,11010100110010111100
56,1.0,11010100110010111100,1.0,11010100110010111100
56,1.0,11010100110010111100,1.0,11010100110010111100
56,1.0,11010100110010111100,1.0,11010100110010111100
56,1.0,11010100110010111100,1.0,10010100100011111100
56,1.0,10010100100011111100,1.0,10010000110011011110
56,1.0,10010000110011011110,1.0,10111000110010011111
56,1.0,10111000110010011111,1.0,11110000110010110101
56,1.0,11110000110010110101,1.0,11111000010110010110
56,1.0,11111000010110010110,1.0,11110010000110000101
56,1.0,11110010000110000101,1.0,11100110000111000100
56,1.0,11100110000111000100,1.0,11101011000110000100
56,1.0,11101011000110000100,1.0,11101011000010010100
56,1.0,11101011000010010100,1.0,11101010000011010111
56,1.0,11101010000011010111,1.0,11110000000001001110
56,1.0,11110000000001001110,1.0,11100001000001001110
56,1.0,11100001000001001110,1.0,11000001000101011100
56,1.0,11000001000101011100,1.0,11000001000101011100
56,1.0,11000001000101011100,1.0,11000101000111011011
56,1.0,11000101000111011011,1.0,11001111000001101011
56,1.0,11001111000001101011,1.0,01101011000001101000
56,1.0,01101011000001101000,1.0,01101011010011100001
56,1.0,01101011010011100001,1.0,01101011010001000101
56,1.0,01101011010001000101,1.0,01100011000001100111
56,1.0,01100011000001100111,1.0,00100011000001101100
56,1.0,00100011000001101100,1.0,00100110100101101111
56,1.0,00100110100101101111,1.0,00100100111111100111
56,1.0,00100100111111100111,1.0,10100010110111000110
56,1.0,10100010110111000110,1.0,10001111100111000101
56,1.0,10001111100111000101,1.0,10000101100111101100
56,1.0,10000101100111101100,1.0,10000101100011111100
56,1.0,10000101100011111100,1.0,10000111100011010110
56,1.0,10000111100011010110,1.0,11000111110010010110
56,1.0,11000111110010010110,1.0,11000011100011110000
56,1.0,11000011100011110000,1.0,01000011000011111010
56,1.0,01000011000011111010,1.0,01000011000011111010
56,1.0,01000011000011111010,1.0,00001011001011101011
56,1.0,00001011001011101011,1.0,00001011001011101011
56,1.0,00001011001011101011,1.0,10010011000110101000
56,1.0,10010011000110101000,1.0,10011011110110100001
56,1.0,10011011110110100001,1.0,10000011001110101010
56,1.0,10000011001110101010,1.0,00010101101110101001
56,1.0,00010101101110101001,1.0,00010011001010101001
56,1.0,00010011001010101001,1.0,00010110001110111000
56,1.0,00010110001110111000,1.0,00011110100110111101
56,1.0,00011110100110111101,1.0,00011110001000111111
56,1.0,00011110001000111111,1.0,01111100100010111100
56,1.0,01111100100010111100,1.0,01101101100010111100
56,1.0,01101101100010111100,1.0,00100001001010111110
56,1.0,00100001001010111110,1.0,00110000001010111110
56,1.0,00110000001010111110,1.0,10101100101010111111
56,1.0,10101100101010111111,1.0,10101001101010011011
56,1.0,10101001101010011011,1.0,00101111100011001010
56,1.0,00101111100011001010,1.0,01101010110011101010
56,1.0,01101010110011101010,1.0,00110100110011001110
56,1.0,00110100110011001110,1.0,00110000100111001111
56,1.0,00110000100111001111,1.0,00110000101101001010
56,1.0,00110000101101001010,1.0,00100101100101111011
56,1.0,00100101100101111011,1.0,00100101100001111100
56,1.0,00100101100001111100,1.0,00110101100101010010
56,1.0,00110101100101010010,1.0,01110101100001010000
56,1.0,01110101100001010000,1.0,10010001100001111001
56,1.0,10010001100001111001,1.0,10001011100001111011
56,1.0,10001011100001111011,1.0,10011010100001111011
56,1.0,10011010100001111011,1.0,11010100100001011101
56,1.0,11010100100001011101,1.0,11000101100001011101
56,1.0,11000101100001011101,1.0,11001101100011001111
56,1.0,11001101100011001111,1.0,11001101100011001111
56,1.0,11001101100011001111,1.0,11000001110011001100
56,1.0,11000001110011001100,1.0,11010000110011001100
56,1.0,11010000110011001100,1.0,11010000110011001100
56,1.0,11010000110011001100,1.0,11010010110001001000
56,1.0,11010010110001001000,1.0,10011111110001000001
56,1.0,10011111110001000001,1.0,10011111100001100010
56,1.0,10011111100001100010,1.0,10010111100001100011
56,1.0,10010111100001100011,1.0,00011011000001001101
56,1.0,00011011000001001101,1.0,00011011000001001101
56,1.0,00011011000001001101,1.0,00011101010001101111
56,1.0,00011101010001101111,1.0,10010101000001101100
56,1.0,10010101000001101100,1.0,10011101000110101110
56,1.0,10011101000110101110,1.0,10010101000110101111
56,1.0,10010101000110101111,1.0,11000101000111001100
56,1.0,11000101000111001100,1.0,11000111000101001000
56,1.0,11000111000101001000,1.0,11000111000101001000
56,1.0,11000111000101001000,1.0,11001110100111101011
56,1.0,11001110100111101011,1.0,10011010000111101010
56,1.0,10011010000111101010,1.0,10011010000111101010
56,1.0,10011010000111101010,1.0,10010010010101101010
56,1.0,10010010010101101010,1.0,10001010011101101011
56,1.0,10001010011101101011,1.0,10001110111101000110
56,1.0,10001110111101000110,1.0,11001110111101000011
56,1.0,11001110111101000011,1.0,11001010111100011001
56,1.0,11001010111100011001,1.0,11001010111100011001
56,1.0,11001010111100011001,1.0,11000010110100111111
56,1.0,11000010110100111111,1.0,10000010100101111111
56,1.0,10000010100101111111,1.0,00100110100101101111
56,1.0,00100110100101101111,1.0,00101110100101101110
56,1.0,00101110100101101110,1.0,00100100111111100111
56,1.0,00100100111111100111,1.0,00101101110111100100
56,1.0,00101101110111100100,1.0,00101011000111110001
56,1.0,00101011000111110001,1.0,01100110010111110001
56,1.0,01100110010111110001,1.0,00100110001111110000
56,1.0,00100110001111110000,1.0,00111101001011000000
56,1.0,00111101001011000000,1.0,00111111000011000001
56,1.0,00111111000011000001,1.0,11110110000011000001
56,1.0,11110110000011000001,1.0,10110101000111000000
56,1.0,10110101000111000000,1.0,00111001000111000101
56,1.0,00111001000111000101,1.0,00110001001110000101
56,1.0,00110001001110000101,1.0,00110001001110000101
56,1.0,00110001001110000101,1.0,00110101011110000011
56,1.0,00110101011110000011,1.0,01111001001110000001
56,1.0,01111001001110000001,1.0,01111001011100000000
56,1.0,01111001011100000000,1.0,00111011001100000000
57,1.0,00010011011000100110,1.0,00011011001000001100
57,1.0,00011011001000001100,1.0,10110000111000001100
57,1.0,10110000111000001100,1.0,11111100010000011100
57,1.0,11111100010000011100,1.0,11110100010000011101
57,1.0,11110100010000011101,1.0,11110100010100001101
57,1.0,11110100010100001101,1.0,11110100110100010100
57,1.0,11110100110100010100,1.0,11110001110000000101
57,1.0,11110001110000000101,1.0,11110001110000000101
57,1.0,11110001110000000101,1.0,10110001110100000111
57,1.0,10110001110100000111,1.0,10111001110100000110
57,1.0,10111001110100000110,1.0,01110001110100000110
57,1.0,01110001110100000110,1.0,01010011100100100110
57,1.0,01010011100100100110,1.0,01000111000100111110
57,1.0,01000111000100111110,1.0,01100111100100100111
57,1.0,01100111100100100111,1.0,01110010100110100100
57,1.0,01110010100110100100,1.0,11010110110100100110
57,1.0,11010110110100100110,1.0,11010110110100101000
57,1.0,11010110110100101000,1.0,10010111110000101000
57,1.0,10010111110000101000,1.0,10010111110000101000
57,1.0,10010111110000101000,1.0,11010110110100101000
57,1.0,11010110110100101000,1.0,11011110000100111011
57,1.0,11011110000100111011,1.0,10010111000110110010
57,1.0,10010111000110110010,1.0,10010111100110010010
57,1.0,10010111100110010010,1.0,11010010000111010010
57,1.0,11010010000111010010,1.0,11011011000110100010
57,1.0,11011011000110100010,1.0,01010110001110110011
57,1.0,01010110001110110011,1.0,10011110001110110011
57,1.0,10011110001110110011,1.0,10011110001110110011
57,1.0,10011110001110110011,1.0,10011011001110000000
57,1.0,10011011001110000000,1.0,00010011101110100000
57,1.0,00010011101110100000,1.0,10000011101110001010
57,1.0,10000011101110001010,1.0,00100011101100001010
57,1.0,00100011101100001010,1.0,00101011100101001010
57,1.0,00101011100101001010,1.0,00001111001101001010
57,1.0,00001111001101001010,1.0,00101011001110001001
57,1.0,00101011001110001001,1.0,00101011010101001001
57,1.0,00101011010101001001,1.0,00101011011100001000
57,1.0,00101011011100001000,1.0,00101011011100001000
57,1.0,00101011011100001000,1.0,00111010011100001000
57,1.0,00111010011100001000,1.0,00111010001110001001
57,1.0,00111010001110001001,1.0,00110111001010000001
57,1.0,00110111001010000001,1.0,00110111001010000001
57,1.0,00110111001010000001,1.0,00111111000011000001
57,1.0,00111111000011000001,1.0,00111111010001000000
57,1.0,00111111010001000000,1.0,00110110010001101010
57,1.0,00110110010001101010,1.0,00111010010101110000
57,1.0,00111010010101110000,1.0,00111010010001011001
57,1.0,00111010010001011001,1.0,00111010000001111010
57,1.0,00111010000001111010,1.0,00101110001001111001
57,1.0,00101110001001111001,1.0,10100000001101111011
57,1.0,10100000001101111011,1.0,11100000001101101001
57,1.0,11100000001101101001,1.0,10100000001101101100
57,1.0,10100000001101101100,1.0,10100000101101001100
57,1.0,10100000101101001100,1.0,10100001111100001011
57,1.0,10100001111100001011,1.0,10100101101100101001
57,1.0,10100101101100101001,1.0,10101111100100101001
57,1.0,10101111100100101001,1.0,00100111100100101100
57,1.0,00100111100100101100,1.0,00100111100100101100
57,1.0,00100111100100101100,1.0,00000011101100101101
57,1.0,00000011101100101101,1.0,10001001111100101101
57,1.0,10001001111100101101,1.0,01001010111100101111
57,1.0,01001010111100101111,1.0,00101011111100100011
57,1.0,00101011111100100011,1.0,00101011111100100011
57,1.0,00101011111100100011,1.0,01101110111110100011
57,1.0,01101110111110100011,1.0,01101110111100110000
57,1.0,01101110111100110000,1.0,11100100111110110010
57,1.0,11100100111110110010,1.0,11100000101110110100
57,1.0,11100000101110110100,1.0,11101000101000111101
57,1.0,11101000101000111101,1.0,11101000111000101111
57,1.0,11101000111000101111,1.0,10110000111010101000
57,1.0,10110000111010101000,1.0,10011000111000111101
57,1.0,10011000111000111101,1.0,10100100111000111111
57,1.0,10100100111000111111,1.0,10101101101000111000
57,1.0,10101101101000111000,1.0,11000101101000011100
57,1.0,11000101101000011100,1.0,11001101101001001010
57,1.0,11001101101001001010,1.0,11000101101001001011
57,1.0,11000101101001001011,1.0,11000101001001101011
57,1.0,11000101001001101011,1.0,01011101101001100000
57,1.0,01011101101001100000,1.0,00011101111101000001
57,1.0,00011101111101000001,1.0,00010111101001000000
57,1.0,00010111101001000000,1.0,00111010101001100001
57,1.0,00111010101001100001,1.0,00110010001011100001
57,1.0,00110010001011100001,1.0,00110010011001100000
57,1.0,00110010011001100000,1.0,00110010011001100000
57,1.0,00110010011001100000,1.0,00111000011001010110
57,1.0,00111000011001010110,1.0,01111000011001010011
57,1.0,01111000011001010011,1.0,01111000011001010011
57,1.0,01111000011001010011,1.0,11110000010101010011
57,1.0,11110000010101010011,1.0,01111000110111010001
57,1.0,01111000110111010001,1.0,00111000110111010100
57,1.0,00111000110111010100,1.0,00101001110111010100
57,1.0,00101001110111010100,1.0,10100001010101010110
57,1.0,10100001010101010110,1.0,10100001010111110010
57,1.0,10100001010111110010,1.0,10100001110101110011
57,1.0,10100001110101110011,1.0,10100001110011101001
57,1.0,10100001110011101001,1.0,10100001001011001000
57,1.0,10100001001011001000,1.0,00101001001011011001
57,1.0,00101001001011011001,1.0,01101100011011011000
57,1.0,01101100011011011000,1.0,01100110011001000100
57,1.0,01100110011001000100,1.0,01111100011001100011
57,1.0,01111100011001100011,1.0,11111100100001100101
57,1.0,11111100100001100101,1.0,01110100100101100111
57,1.0,01110100100101100111,1.0,01011000101101100111
57,1.0,01011000101101100111,1.0,01011001100101100101
57,1.0,01011001100101100101,1.0,01011001100101100101
57,1.0,01011001100101100101,1.0,01011001100101100101
57,1.0,01011001100101100101,1.0,11001001000101101111
57,1.0,11001001000101101111,1.0,11001001010101110101
57,1.0,11001001010101110101,1.0,11000001100101110111
57,1.0,11000001100101110111,1.0,11101101000101110000
57,1.0,11101101000101110000,1.0,11101001000101100100
57,1.0,11101001000101100100,1.0,01100011000001100111
57,1.0,01100011000001100111,1.0,00100011010011100101
57,1.0,00100011010011100101,1.0,00100011001001000101
57,1.0,00100011001001000101,1.0,10000011011001000100
57,1.0,10000011011001000100,1.0,11000011011001000001
57,1.0,11000011011001000001,1.0,10000011111001100001
57,1.0,10000011111001100001,1.0,10001101111001100111
57,1.0,10001101111001100111,1.0,10001101111001100111
57,1.0,10001101111001100111,1.0,00001001111111100101
57,1.0,00001001111111100101,1.0,10000001011101100111
57,1.0,10000001011101100111,1.0,10010000011101100111
57,1.0,10010000011101100111,1.0,10011000011101100110
57,1.0,10011000011101100110,1.0,11011000011100110100
57,1.0,11011000011100110100,1.0,10010110011100110011
57,1.0,10010110011100110011,1.0,10010110011100110011
57,1.0,10010110011100110011,1.0,10011110001110110011
57,1.0,10011110001110110011,1.0,00011110111110110001
57,1.0,00011110111110110001,1.0,10010001011110010011
57,1.0,10010001011110010011,1.0,10011001001111000000
57,1.0,10011001001111000000,1.0,10010001100111001000
57,1.0,10010001100111001000,1.0,10011001100011101011
57,1.0,10011001100011101011,1.0,10010100110101111010
57,1.0,10010100110101111010,1.0,10010100110101111010
57,1.0,10010100110101111010,1.0,00010110010101111000
57,1.0,00010110010101111000,1.0,10011100010111111001
57,1.0,10011100010111111001,1.0,00010100010111111100
57,1.0,00010100010111111100,1.0,00001110010111111110
57,1.0,00001110010111111110,1.0,00001110011111010111
57,1.0,00001110011111010111,1.0,00001110011111010111
57,1.0,00001110011111010111,1.0,01001110011011010101
57,1.0,01001110011011010101,1.0,01001110011011010101
57,1.0,01001110011011010101,1.0,01001110001011110110
57,1.0,01001110001011110110,1.0,01000101001011110100
57,1.0,01000101001011110100,1.0,01000101001011110100
57,1.0,01000101001011110100,1.0,01010001001011010000
57,1.0,01010001001011010000,1.0,11011001000011001011
57,1.0,11011001000011001011,1.0,11011010100011001000
57,1.0,11011010100011001000,1.0,11010000110011011011
57,1.0,11010000110011011011,1.0,00010010110011111001
57,1.0,00010010110011111001,1.0,00011110110011011011
57,1.0,00011110110011011011,1.0,00011110110011011011
57,1.0,00011110110011011011,1.0,10010110110110011010
57,1.0,10010110110110011010,1.0,10010100110110111110
57,1.0,10010100110110111110,1.0,10010100100011111100
57,1.0,10010100100011111100,1.0,10010100100011111100
57,1.0,10010100100011111100,1.0,10011010100010111111
57,1.0,10011010100010111111,1.0,10011010100010111111
57,1.0,10011010100010111111,1.0,10111110100010010111
57,1.0,10111110100010010111,1.0,10111110100010011001
57,1.0,10111110100010011001,1.0,10111100100010111101
57,1.0,10111100100010111101,1.0,10111010100010110100
57,1.0,10111010100010110100,1.0,10111010100010110100
57,1.0,10111010100010110100,1.0,10110010100010110101
57,1.0,10110010100010110101,1.0,10110000100011110101
57,1.0,10110000100011110101,1.0,11100100110011110100
57,1.0,11100100110011110100,1.0,10101101110011110010
57,1.0,10101101110011110010,1.0,10111100110011110010
57,1.0,10111100110011110010,1.0,10110100110011110011
57,1.0,10110100110011110011,1.0,10110100110011110011
57,1.0,10110100110011110011,1.0,10101010110010111100
57,1.0,10101010110010111100,1.0,00100010100011111100
57,1.0,00100010100011111100,1.0,00100010100011111100
57,1.0,00100010100011111100,1.0,00100010100011111100
57,1.0,00100010100011111100,1.0,01101010100011111000
57,1.0,01101010100011111000,1.0,01101010100011111000
57,1.0,01101010100011111000,1.0,01100010000011011100
57,1.0,01100010000011011100,1.0,01100101000001011100
57,1.0,01100101000001011100,1.0,01101101100010111100
57,1.0,01101101100010111100,1.0,01100101100010111101
57,1.0,01100101100010111101,1.0,01110100100010111101
57,1.0,01110100100010111101,1.0,10110100110000111101
57,1.0,10110100110000111101,1.0,00110000001001111010
57,1.0,00110000001001111010,1.0,00110000001001111010
57,1.0,00110000001001111010,1.0,01110000010001111011
57,1.0,01110000010001111011,1.0,00111110000001110101
57,1.0,00111110000001110101,1.0,00110010000001101100
57,1.0,00110010000001101100,1.0,10111010000001101001
57,1.0,10111010000001101001,1.0,10101011000001101001
57,1.0,10101011000001101001,1.0,10001011001011010011
57,1.0,10001011001011010011,1.0,00000011001011010110
57,1.0,00000011001011010110,1.0,00000011001011010110
57,1.0,00000011001011010110,1.0,10000011001011000101
57,1.0,10000011001011000101,1.0,00101010101011010100
57,1.0,00101010101011010100,1.0,00101110101001010111
58,3.0,01001101011000111111,3.0,01001101011000111111
58,3.0,01001101011000111111,3.0,11000101000001111101
58,3.0,11000101000001111101,1.0,11001001000001111111
58,1.0,11001001000001111111,1.0,11000101100011110111
58,1.0,11000101100011110111,1.0,11011101100000101101
58,1.0,11011101100000101101,1.0,11011101000001100110
58,1.0,11011101000001100110,1.0,11100101000011100101
58,1.0,11100101000011100101,1.0,11001101000011101111
58,1.0,11001101000011101111,1.0,11001101001010101110
58,1.0,11001101001010101110,1.0,11001101001010101110
58,1.0,11001101001010101110,1.0,11001101001010101110
58,1.0,11001101001010101110,1.0,11001101001010101110
58,1.0,11001101001010101110,1.0,11000001001100101111
58,1.0,11000001001100101111,1.0,01000001011110101100
58,1.0,01000001011110101100,1.0,01001001101010111101
58,1.0,01001001101010111101,1.0,01000101111010101101
58,1.0,01000101111010101101,1.0,00101101111000101101
58,1.0,00101101111000101101,1.0,10101101001000101111
58,1.0,10101101001000101111,1.0,10101101101000001111
58,1.0,10101101101000001111,1.0,11000101111000001110
58,1.0,11000101111000001110,1.0,11000101111000001110
58,1.0,11000101111000001110,1.0,11000101101010001111
58,1.0,11000101101010001111,1.0,11000101101010001111
58,1.0,11000101101010001111,1.0,11000101101010001111
58,1.0,11000101101010001111,1.0,11010100101010001111
58,1.0,11010100101010001111,1.0,11011100101010001110
58,1.0,11011100101010001110,1.0,11010000111010011010
58,1.0,11010000111010011010,1.0,11010000011010111010
58,1.0,11010000011010111010,1.0,10011000111011110011
58,1.0,10011000111011110011,1.0,10010000011011010111
58,1.0,10010000011011010111,1.0,10011000111011110011
58,1.0,10011000111011110011,1.0,01011000111011110010
58,1.0,01011000111011110010,1.0,01011000111011110010
58,1.0,01011000111011110010,1.0,01011010111010110010
58,1.0,01011010111010110010,1.0,01011010111010110010
58,1.0,01011010111010110010,1.0,01011100111010111011
58,1.0,01011100111010111011,1.0,00101001111010111001
58,1.0,00101001111010111001,1.0,10100001111010101000
58,1.0,10100001111010101000,1.0,10011001111010001001
58,1.0,10011001111010001001,1.0,10011100111010101101
58,1.0,10011100111010101101,1.0,10010010111010100101
58,1.0,10010010111010100101,1.0,10010010111010100101
58,1.0,10010010111010100101,1.0,00010010101011100100
58,1.0,00010010101011100100,1.0,00010010101001010111
58,1.0,00010010101001010111,1.0,00010111110001010011
58,1.0,00010111110001010011,1.0,00010111110001010011
58,1.0,00010111110001010011,1.0,01110101110001000010
58,1.0,01110101110001000010,1.0,01110101110001000010
58,1.0,01110101110001000010,1.0,01110101110001000010
58,1.0,01110101110001000010,1.0,11010101110011000010
58,1.0,11010101110011000010,1.0,11010101110011000010
58,1.0,11010101110011000010,1.0,01110101110001000010
58,1.0,01110101110001000010,1.0,00110101100011001000
58,1.0,00110101100011001000,1.0,00110101100011000110
58,1.0,00110101100011000110,1.0,01011101100011100101
58,1.0,01011101100011100101,1.0,11100100110011110100
58,1.0,11100100110011110100,1.0,11000000111011110101
58,1.0,11000000111011110101,1.0,11100000111011010010
58,1.0,11100000111011010010,1.0,11001010111011010000
58,1.0,11001010111011010000,1.0,11000010111011010001
58,1.0,11000010111011010001,1.0,00011010111011010001
58,1.0,00011010111011010001,1.0,00011011011001000001
58,1.0,00011011011001000001,1.0,00010011011000101000
58,1.0,00010011011000101000,1.0,00001011111001001010
58,1.0,00001011111001001010,1.0,00001011111001001010
58,1.0,00001011111001001010,1.0,00011111010001001011
58,1.0,00011111010001001011,1.0,01011101010101001000
58,1.0,01011101010101001000,1.0,01010101011100001000
58,1.0,01010101011100001000,1.0,01010101001101000011
58,1.0,01010101001101000011,1.0,01010101001101000011
58,1.0,01010101001101000011,1.0,01010101010101000111
58,1.0,01010101010101000111,1.0,01011101110110100111
58,1.0,01011101110110100111,1.0,01001101110111010110
58,1.0,01001101110111010110,1.0,00000101110111011100
58,1.0,00000101110111011100,1.0,00011001100111011001
58,1.0,00011001100111011001,1.0,00011001110101011000
58,1.0,00011001110101011000,1.0,01011000001101011011
58,1.0,01011000001101011011,1.0,01011000001101011011
58,1.0,01011000001101011011,1.0,01011100011001011010
58,1.0,01011100011001011010,1.0,01010100011001001100
58,1.0,01010100011001001100,1.0,01010000001001011101
58,1.0,01010000001001011101,1.0,01010100011001011011
58,1.0,01010100011001011011,1.0,01010100011001011011
58,1.0,01010100011001011011,1.0,01111000011001010011
58,1.0,01111000011001010011,1.0,01111000100011011011
58,1.0,01111000100011011011,1.0,00110000101001011010
58,1.0,00110000101001011010,1.0,00111000001011011001
58,1.0,00111000001011011001,1.0,00111000001011011001
58,1.0,00111000001011011001,1.0,00101001001011011001
58,1.0,00101001001011011001,1.0,00101001001011011001
58,1.0,00101001001011011001,1.0,00101001001011011001
58,1.0,00101001001011011001,1.0,10000001011011011001
58,1.0,10000001011011011001,1.0,00100001011001011001
58,1.0,00100001011001011001,1.0,01100100001001011110
58,1.0,01100100001001011110,1.0,01001101011001011010
58,1.0,01001101011001011010,1.0,00000001011111011010
58,1.0,00000001011111011010,1.0,00000001011111011010
58,1.0,00000001011111011010,1.0,01001001001101011011
58,1.0,01001001001101011011,1.0,01001001001101011011
58,1.0,01001001001101011011,1.0,01001001001101001100
58,1.0,01001001001101001100,1.0,01000001001101001101
58,1.0,01000001001101001101,1.0,01000001011101101000
58,1.0,01000001011101101000,1.0,00000101111101101011
58,1.0,00000101111101101011,1.0,00011101101101100010
58,1.0,00011101101101100010,1.0,01010101001101000011
58,1.0,01010101001101000011,1.0,01010100101111000100
58,1.0,01010100101111000100,1.0,01010100101111000100
58,1.0,01010100101111000100,1.0,01010100101111010011
58,1.0,01010100101111010011,1.0,01111100101101000001
58,1.0,01111100101101000001,1.0,01010110101101000000
58,1.0,01010110101101000000,1.0,01010010001100001101
58,1.0,01010010001100001101,1.0,01100010000101101100
58,1.0,01100010000101101100,1.0,01100010000101101100
58,1.0,01100010000101101100,1.0,11101010010100101100
58,1.0,11101010010100101100,1.0,11101010000110101101
58,1.0,11101010000110101101,1.0,11110010000000001110
58,1.0,11110010000000001110,1.0,11110010000000001110
58,1.0,11110010000000001110,1.0,01111010100010001100
58,1.0,01111010100010001100,1.0,01110010100010110100
58,1.0,01110010100010110100,1.0,01110000110110110110
58,1.0,01110000110110110110,1.0,01110000110110111000
58,1.0,01110000110110111000,1.0,01111000110111010001
58,1.0,01111000110111010001,1.0,01110010000101010010
58,1.0,01110010000101010010,1.0,01110110000111000010
58,1.0,01110110000111000010,1.0,11110010000101000001
58,1.0,11110010000101000001,1.0,11111110000100110000
58,1.0,11111110000100110000,1.0,01110011000100100011
58,1.0,01110011000100100011,1.0,01111011000100100010
58,1.0,01111011000100100010,1.0,01010011100100100110
58,1.0,01010011100100100110,1.0,01011010101100100111
58,1.0,01011010101100100111,1.0,01011000101110101101
58,1.0,01011000101110101101,1.0,00111000001110101101
58,1.0,00111000001110101101,1.0,00110001000110101100
58,1.0,00110001000110101100,1.0,00111000001110101101
58,1.0,00111000001110101101,1.0,00110001001000001110
58,1.0,00110001001000001110,1.0,00010001011010101100
58,1.0,00010001011010101100,1.0,00111001011000101001
58,1.0,00111001011000101001,1.0,01110001001000001011
58,1.0,01110001001000001011,1.0,01110001001000001011
58,1.0,01110001001000001011,1.0,01110001001000001011
58,1.0,01110001001000001011,1.0,01111001010001010001
58,1.0,01111001010001010001,1.0,11011001010011010001
58,1.0,11011001010011010001,1.0,01011001110011110000
58,1.0,01011001110011110000,1.0,01110100110011110010
58,1.0,01110100110011110010,1.0,01110100110011110010
58,1.0,01110100110011110010,1.0,11111000110001110000
58,1.0,11111000110001110000,1.0,01110010100001110000
58,1.0,01110010100001110000,1.0,11010010100011110000
58,1.0,11010010100011110000,1.0,11010010100011110000
58,1.0,11010010100011110000,1.0,11011110100011010010
58,1.0,11011110100011010010,1.0,11011100101011010001
58,1.0,11011100101011010001,1.0,11010100011111000000
58,1.0,11010100011111000000,1.0,11111100011110000001
58,1.0,11111100011110000001,1.0,11111100011110000001
58,1.0,11111100011110000001,1.0,11111100011110000001
58,1.0,11111100011110000001,1.0,11100100101011110000
58,1.0,11100100101011110000,1.0,11100000101110110100
58,1.0,11100000101110110100,1.0,11111100101000100100
58,1.0,11111100101000100100,1.0,11101000101000111101
58,1.0,11101000101000111101,1.0,11100000001001110111
58,1.0,11100000001001110111,1.0,11100100010111010110
58,1.0,11100100010111010110,1.0,11100100010111010110
58,1.0,11100100010111010110,1.0,10110001000110010100
58,1.0,10110001000110010100,1.0,10110001000110010100
58,1.0,10110001000110010100,1.0,10110001000110010100
58,1.0,10110001000110010100,1.0,11011001001100000101
58,1.0,11011001001100000101,1.0,11011001001100000101
58,1.0,11011001001100000101,1.0,11010101011000000101
58,1.0,11010101011000000101,1.0,11011101011100000011
58,1.0,11011101011100000011,1.0,11011101011100000011
58,1.0,11011101011100000011,1.0,11011101111000100001
58,1.0,11011101111000100001,1.0,01010101111000100100
58,1.0,01010101111000100100,1.0,01011101101010100100
58,1.0,01011101101010100100,1.0,01010101101010100101
58,1.0,01010101101010100101,1.0,01010111100010100110
58,1.0,01010111100010100110,1.0,11001101100011001111
58,1.0,11001101100011001111,1.0,11000101100111100111
58,1.0,11000101100111100111,1.0,10101101100101100111
58,1.0,10101101100101100111,1.0,10100001101001000111
58,1.0,10100001101001000111,1.0,00101101001001001101
59,3.0,11101001010001101001,3.0,11100000011001101011
59,3.0,11100000011001101011,1.0,11100000010101101101
59,1.0,11100000010101101101,1.0,01101100110001111110
59,1.0,01101100110001111110,1.0,01101101100001110110
59,1.0,01101101100001110110,1.0,11001100101101110101
59,1.0,11001100101101110101,1.0,11001100101101110101
59,1.0,11001100101101110101,1.0,11101000001101100110
59,1.0,11101000001101100110,1.0,11101001000101100100
59,1.0,11101001000101100100,1.0,01110001000101100011
59,1.0,01110001000101100011,1.0,01100101000101011011
59,1.0,01100101000101011011,1.0,01100001000111011000
59,1.0,01100001000111011000,1.0,11000101000111011011
59,1.0,11000101000111011011,1.0,11101001000111010011
59,1.0,11101001000111010011,1.0,00101001101111010000
59,1.0,00101001101111010000,1.0,00101101101111100000
59,1.0,00101101101111100000,1.0,00101101101111100000
59,1.0,00101101101111100000,1.0,01101100111111100011
59,1.0,01101100111111100011,1.0,01101100111111100011
59,1.0,01101100111111100011,1.0,01111100110011001010
59,1.0,01111100110011001010,1.0,01111100110011001010
59,1.0,01111100110011001010,1.0,11111000010011001000
59,1.0,11111000010011001000,1.0,11111000010011001000
59,1.0,11111000010011001000,1.0,11101000011011001010
59,1.0,11101000011011001010,1.0,11101000011011001010
59,1.0,11101000011011001010,1.0,11101000011011001010
59,1.0,11101000011011001010,1.0,11100000011011001011
59,1.0,11100000011011001011,1.0,11100000111111000010
59,1.0,11100000111111000010,1.0,11100000111111000010
59,1.0,11100000111111000010,1.0,11100000111111000010
59,1.0,11100000111111000010,1.0,11100010110111000011
59,1.0,11100010110111000011,1.0,11100010110101010000
59,1.0,11100010110101010000,1.0,11101010110001110011
59,1.0,11101010110001110011,1.0,10100010001001011000
59,1.0,10100010001001011000,1.0,10101110001101010001
59,1.0,10101110001101010001,1.0,00100110001101010100
59,1.0,00100110001101010100,1.0,01100110000101110110
59,1.0,01100110000101110110,1.0,00101110001001110111
59,1.0,00101110001001110111,1.0,00101111000001110101
59,1.0,00101111000001110101,1.0,00100111001000110101
59,1.0,00100111001000110101,1.0,00101111001100110011
59,1.0,00101111001100110011,1.0,00101111101100000100
59,1.0,00101111101100000100,1.0,10001111101110000100
59,1.0,10001111101110000100,1.0,10000011101110001010
59,1.0,10000011101110001010,1.0,11001110101110101010
59,1.0,11001110101110101010,1.0,11001110111110001001
59,1.0,11001110111110001001,1.0,01000110111110011011
59,1.0,01000110111110011011,1.0,01000110111110011011
59,1.0,01000110111110011011,1.0,11000110111110110001
59,1.0,11000110111110110001,1.0,11100100111110110010
59,1.0,11100100111110110010,1.0,11111000110110110011
59,1.0,11111000110110110011,1.0,11110000110010110101
59,1.0,11110000110010110101,1.0,11111000110001000111
59,1.0,11111000110001000111,1.0,11111000110001000111
59,1.0,11111000110001000111,1.0,11011100110011010101
59,1.0,11011100110011010101,1.0,01011100110111010110
59,1.0,01011100110111010110,1.0,01010001010111000100
59,1.0,01010001010111000100,1.0,01001011010111000110
59,1.0,01001011010111000110,1.0,01000011011101000010
59,1.0,01000011011101000010,1.0,01010001001111000000
59,1.0,01010001001111000000,1.0,00110001001101000001
59,1.0,00110001001101000001,1.0,00101001001101101001
59,1.0,00101001001101101001,1.0,00110001100101001000
59,1.0,00110001100101001000,1.0,01110001100101000011
59,1.0,01110001100101000011,1.0,01110001100001000100
59,1.0,01110001100001000100,1.0,01110001100001000100
59,1.0,01110001100001000100,1.0,01010101000101010101
59,1.0,01010101000101010101,1.0,01011101001101000010
59,1.0,01011101001101000010,1.0,01011101001101000010
59,1.0,01011101001101000010,1.0,01001001101101101001
59,1.0,01001001101101101001,1.0,01001001101101101001
59,1.0,01001001101101101001,1.0,01001001101101101001
59,1.0,01001001101101101001,1.0,01001001101101100111
59,1.0,01001001101101100111,1.0,00010101101101100011
59,1.0,00010101101101100011,1.0,00010101101001100100
59,1.0,00010101101001100100,1.0,00010101101101100011
59,1.0,00010101101101100011,1.0,01110001101100000010
59,1.0,01110001101100000010,1.0,11110001101000000001
59,1.0,11110001101000000001,1.0,10110101111000000010
59,1.0,10110101111000000010,1.0,10110101101010000011
59,1.0,10110101101010000011,1.0,10110001100010011010
59,1.0,10110001100010011010,1.0,11111100110000111001
59,1.0,11111100110000111001,1.0,11011100010001101110
59,1.0,11011100010001101110,1.0,11011100000011101111
59,1.0,11011100000011101111,1.0,11010101000010101101
59,1.0,11010101000010101101,1.0,01011001001000101101
59,1.0,01011001001000101101,1.0,11011101100000101101
59,1.0,11011101100000101101,1.0,11011101100000101101
59,1.0,11011101100000101101,1.0,10111101000000101101
59,1.0,10111101000000101101,1.0,10010101000001101100
59,1.0,10010101000001101100,1.0,11010101010000101100
59,1.0,11010101010000101100,1.0,11010100010001101111
59,1.0,11010100010001101111,1.0,11011001010001001010
59,1.0,11011001010001001010,1.0,00011011010001101000
59,1.0,00011011010001101000,1.0,00010001011001101000
59,1.0,00010001011001101000,1.0,00001011011001101010
59,1.0,00001011011001101010,1.0,10001111111000101001
59,1.0,10001111111000101001,1.0,10101011001000101000
59,1.0,10101011001000101000,1.0,10101011001000101000
59,1.0,10101011001000101000,1.0,10101011101000001000
59,1.0,10101011101000001000,1.0,10111010101000001000
59,1.0,10111010101000001000,1.0,10110010101100100000
59,1.0,10110010101100100000,1.0,10110010110100110011
59,1.0,10110010110100110011,1.0,10111010100110110011
59,1.0,10111010100110110011,1.0,10011010111010110011
59,1.0,10011010111010110011,1.0,10011000111011110011
59,1.0,10011000111011110011,1.0,10011010111001100000
59,1.0,10011010111001100000,1.0,10001110001011110111
59,1.0,10001110001011110111,1.0,10001110001011111001
59,1.0,10001110001011111001,1.0,11001110100011111011
59,1.0,11001110100011111011,1.0,11001110100111101011
59,1.0,11001110100111101011,1.0,10000111100101101000
59,1.0,10000111100101101000,1.0,00000111101001101001
59,1.0,00000111101001101001,1.0,00001111100011101101
59,1.0,00001111100011101101,1.0,00001111100011101101
59,1.0,00001111100011101101,1.0,00001110101011101111
59,1.0,00001110101011101111,1.0,00001110101011101111
59,1.0,00001110101011101111,1.0,00001110101011101111
59,1.0,00001110101011101111,1.0,00001110111001101110
59,1.0,00001110111001101110,1.0,01001010101001101101
59,1.0,01001010101001101101,1.0,11000110100011101101
59,1.0,11000110100011101101,1.0,10010010000011101100
59,1.0,10010010000011101100,1.0,10101110000011101100
59,1.0,10101110000011101100,1.0,10101110001011000101
59,1.0,10101110001011000101,1.0,10101010011111000000
59,1.0,10101010011111000000,1.0,10101110011101000011
59,1.0,10101110011101000011,1.0,10101110010101010101
59,1.0,10101110010101010101,1.0,11101110010100110110
59,1.0,11101110010100110110,1.0,11101110010100110110
59,1.0,11101110010100110110,1.0,11101110010100110110
59,1.0,11101110010100110110,1.0,01100110000101110110
59,1.0,01100110000101110110,1.0,01100010001101000101
59,1.0,01100010001101000101,1.0,01101010001101000100
59,1.0,01101010001101000100,1.0,01101010001101000100
59,1.0,01101010001101000100,1.0,01100010001101000101
59,1.0,01100010001101000101,1.0,01100010001101000101
59,1.0,01100010001101000101,1.0,01010000001101110100
59,1.0,01010000001101110100,1.0,01010010000101110101
59,1.0,01010010000101110101,1.0,01010110010001110100
59,1.0,01010110010001110100,1.0,01010010000101110101
59,1.0,01010010000101110101,1.0,01111010100110110010
59,1.0,01111010100110110010,1.0,01101011100110110010
59,1.0,01101011100110110010,1.0,01100011100110110011
59,1.0,01100011100110110011,1.0,00100111100011110010
59,1.0,00100111100011110010,1.0,00101011000111110001
59,1.0,00101011000111110001,1.0,00100001100111111000
59,1.0,00100001100111111000,1.0,00010100101111011000
59,1.0,00010100101111011000,1.0,00010001110101011001
59,1.0,00010001110101011001,1.0,01010001000101011010
59,1.0,01010001000101011010,1.0,01011001100110111010
59,1.0,01011001100110111010,1.0,01111001000110101000
59,1.0,01111001000110101000,1.0,00110001000101101000
59,1.0,00110001000101101000,1.0,10110000010111110010
59,1.0,10110000010111110010,1.0,11110000010011110000
59,1.0,11110000010011110000,1.0,11100000011011110010
59,1.0,11100000011011110010,1.0,00100001011011110011
59,1.0,00100001011011110011,1.0,00111001001001010000
59,1.0,00111001001001010000,1.0,00101001001011011001
59,1.0,00101001001011011001,1.0,10100001001011001000
59,1.0,10100001001011001000,1.0,10111000101001001000
59,1.0,10111000101001001000,1.0,10010000101011011010
59,1.0,10010000101011011010,1.0,10010000001011111010
59,1.0,10010000001011111010,1.0,00011110000111111000
59,1.0,00011110000111111000,1.0,00011110000111110110
59,1.0,00011110000111110110,1.0,00011110000101011100
59,1.0,00011110000101011100,1.0,00011110000101011100
59,1.0,00011110000101011100,1.0,00001111000111001111
59,1.0,00001111000111001111,1.0,00000111001001001100
59,1.0,00000111001001001100,1.0,01100101101000001111
59,1.0,01100101101000001111,1.0,01100001111000011010
59,1.0,01100001111000011010,1.0,01100001111000011010
59,1.0,01100001111000011010,1.0,01100001111100001010
59,1.0,01100001111100001010,1.0,01101011011100000011
59,1.0,01101011011100000011,1.0,01101011011100000011
59,1.0,01101011011100000011,1.0,01100011011010100001
59,1.0,01100011011010100001,1.0,01100111010010101011
59,1.0,01100111010010101011,1.0,01110011000100100011
59,1.0,01110011000100100011,1.0,00111011001100000000
59,1.0,00111011001100000000,1.0,10111001001000001011
59,1.0,10111001001000001011,1.0,10110101001010100011
59,1.0,10110101001010100011,1.0,11110100001110100011
60,5.0,00010000011001111100,5.0,00011100011001011101
60,5.0,00011100011001011101,1.0,00111100011000011111
60,1.0,00111100011000011111,1.0,01101100111010011101
60,1.0,01101100111010011101,1.0,11100100011010111011
60,1.0,11100100011010111011,1.0,10101001001010111011
60,1.0,10101001001010111011,1.0,10110001001000110011
60,1.0,10110001001000110011,1.0,01110001001000110010
60,1.0,01110001001000110010,1.0,01110001001000110010
60,1.0,01110001001000110010,1.0,01101001001010111010
60,1.0,01101001001010111010,1.0,01100001101110110010
60,1.0,01100001101110110010,1.0,01101000111110110111
60,1.0,01101000111110110111,1.0,01100000001110111110
60,1.0,01100000001110111110,1.0,00100000111110111101
60,1.0,00100000111110111101,1.0,00100000111101110111
60,1.0,00100000111101110111,1.0,10101000111101100101
60,1.0,10101000111101100101,1.0,10101000111001110101
60,1.0,10101000111001110101,1.0,10100001100011110101
60,1.0,10100001100011110101,1.0,00101001100011011110
60,1.0,00101001100011011110,1.0,11100000100011011110
60,1.0,11100000100011011110,1.0,11100010100010011110
60,1.0,11100010100010011110,1.0,11011110100000011100
60,1.0,11011110100000011100,1.0,01011101110000011101
60,1.0,01011101110000011101,1.0,01000111011000001100
60,1.0,01000111011000001100,1.0,01000111011000001100
60,1.0,01000111011000001100,1.0,01000101011001001100
60,1.0,01000101011001001100,1.0,01001001001001011100
60,1.0,01001001001001011100,1.0,11001001011000011101
60,1.0,11001001011000011101,1.0,11001001011000011101
60,1.0,11001001011000011101,1.0,10100101001000011100
60,1.0,10100101001000011100,1.0,10100101001000011100
60,1.0,10100101001000011100,1.0,10100101001000011100
60,1.0,10100101001000011100,1.0,10101101001000101111
60,1.0,10101101001000101111,1.0,10101011001000101000
60,1.0,10101011001000101000,1.0,10101011001000101000
60,1.0,10101011001000101000,1.0,10100110001001101000
60,1.0,10100110001001101000,1.0,10100110001001101000
60,1.0,10100110001001101000,1.0,10001110011001001111
60,1.0,10001110011001001111,1.0,00000101011001011110
60,1.0,00000101011001011110,1.0,00011001001001011011
60,1.0,00011001001001011011,1.0,00011001001001011011
60,1.0,00011001001001011011,1.0,01111000011001010011
60,1.0,01111000011001010011,1.0,01111100011100110011
60,1.0,01111100011100110011,1.0,01110100111110100001
60,1.0,01110100111110100001,1.0,10111100111110100001
60,1.0,10111100111110100001,1.0,10111100101100101000
60,1.0,10111100101100101000,1.0,10111100101100101000
60,1.0,10111100101100101000,1.0,01110000111100001010
60,1.0,01110000111100001010,1.0,01110000111100001010
60,1.0,01110000111100001010,1.0,10111000111100001010
60,1.0,10111000111100001010,1.0,10110001110100001001
60,1.0,10110001110100001001,1.0,10110001100100101010
60,1.0,10110001100100101010,1.0,10110001110100001001
60,1.0,10110001110100001001,1.0,10110001010100101001
60,1.0,10110001010100101001,1.0,10110100010101101000
60,1.0,10110100010101101000,1.0,11011101010100101010
60,1.0,11011101010100101010,1.0,11010001011000001010
60,1.0,11010001011000001010,1.0,10010001011001010000
60,1.0,10010001011001010000,1.0,10010001011001010000
60,1.0,10010001011001010000,1.0,10010001000101011011
60,1.0,10010001000101011011,1.0,11010100010101011010
60,1.0,11010100010101011010,1.0,11011001010100011010
60,1.0,11011001010100011010,1.0,11010100110100011111
60,1.0,11010100110100011111,1.0,11011110100100011011
60,1.0,11011110100100011011,1.0,11011100101100011010
60,1.0,11011100101100011010,1.0,11010100101100011011
60,1.0,11010100101100011011,1.0,11011100111110010011
60,1.0,11011100111110010011,1.0,11001101111110010011
60,1.0,11001101111110010011,1.0,11001101111110010011
60,1.0,11001101111110010011,1.0,01000101111110010110
60,1.0,01000101111110010110,1.0,01010001111010110000
60,1.0,01010001111010110000,1.0,01000001111011110011
60,1.0,01000001111011110011,1.0,01000001111011110011
60,1.0,01000001111011110011,1.0,01000001111011110011
60,1.0,01000001111011110011,1.0,01001000111001111111
60,1.0,01001000111001111111,1.0,01000000011011111111
60,1.0,01000000011011111111,1.0,01100100010011111110
60,1.0,01100100010011111110,1.0,01101001010010111110
60,1.0,01101001010010111110,1.0,01100001010010111111
60,1.0,01100001010010111111,1.0,01100101010100011110
60,1.0,01100101010100011110,1.0,00011101110100011111
60,1.0,00011101110100011111,1.0,00011101110100011111
60,1.0,00011101110100011111,1.0,01011101110100001101
60,1.0,01011101110100001101,1.0,01011101110110100111
60,1.0,01011101110110100111,1.0,01011101110110100111
60,1.0,01011101110110100111,1.0,01011101110110100111
60,1.0,01011101110110100111,1.0,01011101110110100111
60,1.0,01011101110110100111,1.0,01010101110100110101
60,1.0,01010101110100110101,1.0,01011101110100110100
60,1.0,01011101110100110100,1.0,00010101100101110101
60,1.0,00010101100101110101,1.0,00011101100101110100
60,1.0,00011101100101110100,1.0,00111100100110111110
60,1.0,00111100100110111110,1.0,00011000101110111111
60,1.0,00011000101110111111,1.0,00011000101101111011
60,1.0,00011000101101111011,1.0,10000000101101111110
60,1.0,10000000101101111110,1.0,10100000101101001100
60,1.0,10100000101101001100,1.0,11100000100101101110
60,1.0,11100000100101101110,1.0,01100110110100101111
60,1.0,01100110110100101111,1.0,01101110100110101111
60,1.0,01101110100110101111,1.0,01101110100110101111
60,1.0,01101110100110101111,1.0,01101110100110101111
60,1.0,01101110100110101111,1.0,01101110100010111111
60,1.0,01101110100010111111,1.0,01100010100011111001
60,1.0,01100010100011111001,1.0,11100010100010011110
60,1.0,11100010100010011110,1.0,01110000110010011111
60,1.0,01110000110010011111,1.0,01111000110010011110
60,1.0,01111000110010011110,1.0,01110100100010111101
60,1.0,01110100100010111101,1.0,11110000100110011010
60,1.0,11110000100110011010,1.0,00111100101110011001
60,1.0,00111100101110011001,1.0,00111010001010011001
60,1.0,00111010001010011001,1.0,00111010001010011001
60,1.0,00111010001010011001,1.0,01110111000010100011
60,1.0,01110111000010100011,1.0,01110101000011100011
60,1.0,01110101000011100011,1.0,01110101010001100010
60,1.0,01110101010001100010,1.0,01110101010001100010
60,1.0,01110101010001100010,1.0,11100101010101100011
60,1.0,11100101010101100011,1.0,11101101010101100010
60,1.0,11101101010101100010,1.0,11101101110100100111
60,1.0,11101101110100100111,1.0,11101101110100100111
60,1.0,11101101110100100111,1.0,11111100110100100111
60,1.0,11111100110100100111,1.0,10110010110100100100
60,1.0,10110010110100100100,1.0,10100011110100100100
60,1.0,10100011110100100100,1.0,00101011110001100101
60,1.0,00101011110001100101,1.0,00101011010111100011
60,1.0,00101011010111100011,1.0,00101001011111100010
60,1.0,00101001011111100010,1.0,00100001011011100100
60,1.0,00100001011011100100,1.0,00100001011011100100
60,1.0,00100001011011100100,1.0,01101001011011100000
60,1.0,01101001011011100000,1.0,01100001110011100110
60,1.0,01100001110011100110,1.0,01110000110011100110
60,1.0,01110000110011100110,1.0,01110000110011100110
60,1.0,01110000110011100110,1.0,11111000110010110100
60,1.0,11111000110010110100,1.0,11110000110010110101
60,1.0,11110000110010110101,1.0,11111000110010110100
60,1.0,11111000110010110100,1.0,11101001110110110011
60,1.0,11101001110110110011,1.0,10101011100110110011
60,1.0,10101011100110110011,1.0,11101011100010110001
60,1.0,11101011100010110001,1.0,10101011100110110011
60,1.0,10101011100110110011,1.0,10111010100110110011
60,1.0,10111010100110110011,1.0,01110010100110110011
60,1.0,01110010100110110011,1.0,01111010100110110010
60,1.0,01111010100110110010,1.0,01110010110100110010
60,1.0,01110010110100110010,1.0,10110010110100110011
60,1.0,10110010110100110011,1.0,11111010100110100001
60,1.0,11111010100110100001,1.0,11111010100110100001
60,1.0,11111010100110100001,1.0,11111010100110100001
60,1.0,11111010100110100001,1.0,11011111100010100011
60,1.0,11011111100010100011,1.0,11011111100010100011
60,1.0,11011111100010100011,1.0,11011111100010100011
60,1.0,11011111100010100011,1.0,11010111000010110000
60,1.0,11010111000010110000,1.0,11110001000110010001
60,1.0,11110001000110010001,1.0,11100101001110100011
60,1.0,11100101001110100011,1.0,11001001001110110101
60,1.0,11001001001110110101,1.0,01000011001100110100
60,1.0,01000011001100110100,1.0,01000011001100110100
60,1.0,01000011001100110100,1.0,01000011001100110100
60,1.0,01000011001100110100,1.0,01000011000101110101
60,1.0,01000011000101110101,1.0,01100010000101101100
60,1.0,01100010000101101100,1.0,11110010000110000101
60,1.0,11110010000110000101,1.0,11110010000010010101
60,1.0,11110010000010010101,1.0,11110010000010010101
60,1.0,11110010000010010101,1.0,11111010000010010100
60,1.0,11111010000010010100,1.0,11110010001000010000
60,1.0,11110010001000010000,1.0,11110010001000010000
60,1.0,11110010001000010000,1.0,11100011001000010000
60,1.0,11100011001000010000,1.0,10100111101000010011
60,1.0,10100111101000010011,1.0,10100011101000110000
60,1.0,10100011101000110000,1.0,10000011001100110101
60,1.0,10000011001100110101,1.0,10000011001100110101
60,1.0,10000011001100110101,1.0,10000011001100110101
60,1.0,10000011001100110101,1.0,00000111101100110111
60,1.0,00000111101100110111,1.0,00000111001110110110
60,1.0,00000111001110110110,1.0,00000111001110110110
60,1.0,00000111001110110110,1.0,00000111001110110110
60,1.0,00000111001110110110,1.0,00000011111110100110
60,1.0,00000011111110100110,1.0,00001101111110101110
60,1.0,00001101111110101110,1.0,00001101111110101110
60,1.0,00001101111110101110,1.0,01001001101110101101
60,1.0,01001001101110101101,1.0,01001001101110101101
60,1.0,01001001101110101101,1.0,01001011101010010111
60,1.0,01001011101010010111,1.0,11000011101010000110
60,1.0,11000011101010000110,1.0,11011111000010000110
60,1.0,11011111000010000110,1.0,11011001100010110111
60,1.0,11011001100010110111,1.0,11000111100011010011
60,1.0,11000111100011010011,1.0,10001011001011010011
60,1.0,10001011001011010011,1.0,10001110001011110111
60,1.0,10001110001011110111,1.0,00100010011011100111
60,1.0,00100010011011100111,1.0,10100110001001100110
60,1.0,10100110001001100110,1.0,10100110001001100110
61,3.0,11000001000111110110,3.0,11000001000111110110
61,3.0,11000001000111110110,3.0,11000001000111110110
61,3.0,11000001000111110110,1.0,11001101010011110101
61,1.0,11001101010011110101,1.0,01010001010011010100
61,1.0,01010001010011010100,1.0,01011001110110010111
61,1.0,01011001110110010111,1.0,01011001110110011001
61,1.0,01011001110110011001,1.0,11011001100010111001
61,1.0,11011001100010111001,1.0,01110100100010111101
61,1.0,01110100100010111101,1.0,01111101000010011011
61,1.0,01111101000010011011,1.0,01110101110010001000
61,1.0,01110101110010001000,1.0,01110101110010001000
61,1.0,01110101110010001000,1.0,01100111110000011000
61,1.0,01100111110000011000,1.0,01101111100010011000
61,1.0,01101111100010011000,1.0,01100011000110011000
61,1.0,01100011000110011000,1.0,01010011001110000000
61,1.0,01010011001110000000,1.0,11001011011110000011
61,1.0,11001011011110000011,1.0,11011011010110000001
61,1.0,11011011010110000001,1.0,11010111000010000111
61,1.0,11010111000010000111,1.0,01011011100110000101
61,1.0,01011011100110000101,1.0,11000111100110100111
61,1.0,11000111100110100111,1.0,11100011000110000101
61,1.0,11100011000110000101,1.0,11101011100110100001
61,1.0,11101011100110100001,1.0,11100011110100100001
61,1.0,11100011110100100001,1.0,00111011110100100001
61,1.0,00111011110100100001,1.0,00100111101100000101
61,1.0,00100111101100000101,1.0,00100011011100000111
61,1.0,00100011011100000111,1.0,00101011011100000110
61,1.0,00101011011100000110,1.0,00101011011100001000
61,1.0,00101011011100001000,1.0,00101111011010001000
61,1.0,00101111011010001000,1.0,00100110011110001100
61,1.0,00100110011110001100,1.0,10101110011110001001
61,1.0,10101110011110001001,1.0,10101100011111001001
61,1.0,10101100011111001001,1.0,00100110001111001001
61,1.0,00100110001111001001,1.0,10101010001110011010
61,1.0,10101010001110011010,1.0,10101110011110001001
61,1.0,10101110011110001001,1.0,10101110011110000111
61,1.0,10101110011110000111,1.0,10100110001010101100
61,1.0,10100110001010101100,1.0,10100110101000101101
61,1.0,10100110101000101101,1.0,10100110001001101000
61,1.0,10100110001001101000,1.0,10101100101001111011
61,1.0,10101100101001111011,1.0,10101100101001111011
61,1.0,10101100101001111011,1.0,11000000101101111011
61,1.0,11000000101101111011,1.0,11000000101101111011
61,1.0,11000000101101111011,1.0,11111000101010110000
61,1.0,11111000101010110000,1.0,11111100101000110011
61,1.0,11111100101000110011,1.0,11111100101000110011
61,1.0,11111100101000110011,1.0,10111100101000111000
61,1.0,10111100101000111000,1.0,10101110101000111011
61,1.0,10101110101000111011,1.0,11100100011010111011
61,1.0,11100100011010111011,1.0,11100100011010101100
61,1.0,11100100011010101100,1.0,11100100011010101100
61,1.0,11100100011010101100,1.0,10100100011010111110
61,1.0,10100100011010111110,1.0,10101100101010111111
61,1.0,10101100101010111111,1.0,10101100101001111011
61,1.0,10101100101001111011,1.0,01101100101001111010
61,1.0,01101100101001111010,1.0,01011000101101101001
61,1.0,01011000101101101001,1.0,11010000101100111000
61,1.0,11010000101100111000,1.0,11010100101010111000
61,1.0,11010100101010111000,1.0,11010100101100011011
61,1.0,11010100101100011011,1.0,10010100100111111011
61,1.0,10010100100111111011,1.0,10011100100111111010
61,1.0,10011100100111111010,1.0,10010100101110111010
61,1.0,10010100101110111010,1.0,10010100101110111010
61,1.0,10010100101110111010,1.0,10010100101110111010
61,1.0,10010100101110111010,1.0,10010100100111111011
61,1.0,10010100100111111011,1.0,10011100100111111010
61,1.0,10011100100111111010,1.0,10011001110111100001
61,1.0,10011001110111100001,1.0,10000101111111100000
61,1.0,10000101111111100000,1.0,00001101111111110001
61,1.0,00001101111111110001,1.0,00101101101110011001
61,1.0,00101101101110011001,1.0,00101101101110011001
61,1.0,00101101101110011001,1.0,00101101101110011001
61,1.0,00101101101110011001,1.0,00010101111010011000
61,1.0,00010101111010011000,1.0,00010001111100011000
61,1.0,00010001111100011000,1.0,00011101101100011011
61,1.0,00011101101100011011,1.0,00011101001100111011
61,1.0,00011101001100111011,1.0,00011101101100011011
61,1.0,00011101101100011011,1.0,00010001111100011000
61,1.0,00010001111100011000,1.0,00011000111100111110
61,1.0,00011000111100111110,1.0,00011110110100111100
61,1.0,00011110110100111100,1.0,10010100110110111110
61,1.0,10010100110110111110,1.0,10011010110000111110
61,1.0,10011010110000111110,1.0,11010100110100011111
61,1.0,11010100110100011111,1.0,11011100110100011110
61,1.0,11011100110100011110,1.0,11010110110100101000
61,1.0,11010110110100101000,1.0,11010110110100101000
61,1.0,11010110110100101000,1.0,11110010010100000100
61,1.0,11110010010100000100,1.0,11111010010000100111
61,1.0,11111010010000100111,1.0,01110010010000101100
61,1.0,01110010010000101100,1.0,01011011100000001110
61,1.0,01011011100000001110,1.0,01000111100100011110
61,1.0,01000111100100011110,1.0,01000111100100011110
61,1.0,01000111100100011110,1.0,00000111110100111101
61,1.0,00000111110100111101,1.0,00000111110100111101
61,1.0,00000111110100111101,1.0,00001111100110111101
61,1.0,00001111100110111101,1.0,00000111001110111000
61,1.0,00000111001110111000,1.0,00000111101100111001
61,1.0,00000111101100111001,1.0,01001111001110110010
61,1.0,01001111001110110010,1.0,01000111001100010111
61,1.0,01000111001100010111,1.0,01001001001110011111
61,1.0,01001001001110011111,1.0,01100101001100011010
61,1.0,01100101001100011010,1.0,01100001101010011011
61,1.0,01100001101010011011,1.0,01100001101110001011
61,1.0,01100001101110001011,1.0,00100001100111001111
61,1.0,00100001100111001111,1.0,01000101100101011110
61,1.0,01000101100101011110,1.0,01000101110111010111
61,1.0,01000101110111010111,1.0,01001111100111000100
61,1.0,01001111100111000100,1.0,01100110100110011100
61,1.0,01100110100110011100,1.0,11101110100110011001
61,1.0,11101110100110011001,1.0,11101110000110111001
61,1.0,11101110000110111001,1.0,11000110010111101010
61,1.0,11000110010111101010,1.0,11010010010001101000
61,1.0,11010010010001101000,1.0,11000011010001101000
61,1.0,11000011010001101000,1.0,11000011010001101000
61,1.0,11000011010001101000,1.0,11000011010001101000
61,1.0,11000011010001101000,1.0,11000011010001101000
61,1.0,11000011010001101000,1.0,11001101001001101010
61,1.0,11001101001001101010,1.0,10001101011101001011
61,1.0,10001101011101001011,1.0,10001101011101001011
61,1.0,10001101011101001011,1.0,10010001001001001010
61,1.0,10010001001001001010,1.0,10101011001000101000
61,1.0,10101011001000101000,1.0,11000111001000101011
61,1.0,11000111001000101011,1.0,01001111101010101001
61,1.0,01001111101010101001,1.0,01001111101000001101
61,1.0,01001111101000001101,1.0,01011110101010101001
61,1.0,01011110101010101001,1.0,01011110101010101001
61,1.0,01011110101010101001,1.0,00011110101010101100
61,1.0,00011110101010101100,1.0,00011000101001111100
61,1.0,00011000101001111100,1.0,00010000111011111000
61,1.0,00010000111011111000,1.0,00011010011011110001
61,1.0,00011010011011110001,1.0,10010010011010011001
61,1.0,10010010011010011001,1.0,11100010011010110010
61,1.0,11100010011010110010,1.0,11100010001010010111
61,1.0,11100010001010010111,1.0,11101010101010110011
61,1.0,11101010101010110011,1.0,11100011001000010000
61,1.0,11100011001000010000,1.0,11100011001000010000
61,1.0,11100011001000010000,1.0,10111011010000010010
61,1.0,10111011010000010010,1.0,10010111010000011010
61,1.0,10010111010000011010,1.0,10010111010000011010
61,1.0,10010111010000011010,1.0,10010111010000011010
61,1.0,10010111010000011010,1.0,10010111010000011010
61,1.0,10010111010000011010,1.0,10010111010100001010
61,1.0,10010111010100001010,1.0,10010011000100001100
61,1.0,10010011000100001100,1.0,10011010001100001101
61,1.0,10011010001100001101,1.0,00011110101100001111
61,1.0,00011110101100001111,1.0,01000110111110001100
61,1.0,01000110111110001100,1.0,01001011001100001100
61,1.0,01001011001100001100,1.0,01000011001100001101
61,1.0,01000011001100001101,1.0,01000001001101001101
61,1.0,01000001001101001101,1.0,01000011001100001101
61,1.0,01000011001100001101,1.0,01001011001100001100
61,1.0,01001011001100001100,1.0,01010011010101000000
61,1.0,01010011010101000000,1.0,01010101010101001001
61,1.0,01010101010101001001,1.0,10010011010101000001
61,1.0,10010011010101000001,1.0,11010001010101100010
61,1.0,11010001010101100010,1.0,11010001010101100010
61,1.0,11010001010101100010,1.0,11110100010101100011
61,1.0,11110100010101100011,1.0,01111000110101001010
61,1.0,01111000110101001010,1.0,01111000110101001010
61,1.0,01111000110101001010,1.0,11100000101101001001
61,1.0,11100000101101001001,1.0,11100000101101001001
61,1.0,11100000101101001001,1.0,11100100101101010011
61,1.0,11100100101101010011,1.0,11100100101101010011
61,1.0,11100100101101010011,1.0,11110100001000010111
61,1.0,11110100001000010111,1.0,11110000111000000111
61,1.0,11110000111000000111,1.0,11110000111000000111
61,1.0,11110000111000000111,1.0,11010101011000000101
61,1.0,11010101011000000101,1.0,01111101001000000101
61,1.0,01111101001000000101,1.0,01111101001000000101
61,1.0,01111101001000000101,1.0,01100101001000101111
61,1.0,01100101001000101111,1.0,01100101011000110101
61,1.0,01100101011000110101,1.0,00100111001000110101
61,1.0,00100111001000110101,1.0,01101110011000110111
61,1.0,01101110011000110111,1.0,00101110001010111101
62,19.0,01001101001111000111,5.0,01001101011011100101
62,5.0,01001101011011100101,1.0,01000101011011100110
62,1.0,01000101011011100110,1.0,01000101011011100110
62,1.0,01000101011011100110,1.0,01000101011011100110
62,1.0,01000101011011100110,1.0,01000101011011100110
62,1.0,01000101011011100110,1.0,01011001011010100110
62,1.0,01011001011010100110,1.0,11010100011000101110
62,1.0,11010100011000101110,1.0,11011000011110101001
62,1.0,11011000011110101001,1.0,01111000011100101001
62,1.0,01111000011100101001,1.0,01111000011100101001
62,1.0,01111000011100101001,1.0,01111000011100101001
62,1.0,01111000011100101001,1.0,01110000110110111000
62,1.0,01110000110110111000,1.0,01110000110110111000
62,1.0,01110000110110111000,1.0,00100001100111111000
62,1.0,00100001100111111000,1.0,00100101100001111100
62,1.0,00100101100001111100,1.0,01100001100011001101
62,1.0,01100001100011001101,1.0,00001011110011001111
62,1.0,00001011110011001111,1.0,01001011010011010110
62,1.0,01001011010011010110,1.0,10001011010111000111
62,1.0,10001011010111000111,1.0,10000011011001000100
62,1.0,10000011011001000100,1.0,10001011001011000100
62,1.0,10001011001011000100,1.0,10011010001011000100
62,1.0,10011010001011000100,1.0,10010000011011010111
62,1.0,10010000011011010111,1.0,10011010111000010111
62,1.0,10011010111000010111,1.0,00011111110010010110
62,1.0,00011111110010010110,1.0,00010111110010010111
62,1.0,00010111110010010111,1.0,00010111111000010010
62,1.0,00010111111000010010,1.0,00111101111000010011
62,1.0,00111101111000010011,1.0,00011111110001010010
62,1.0,00011111110001010010,1.0,00001011110001011100
62,1.0,00001011110001011100,1.0,00001011110001011100
62,1.0,00001011110001011100,1.0,00000011100001111110
62,1.0,00000011100001111110,1.0,00001011101001010110
62,1.0,00001011101001010110,1.0,00001011110011110110
62,1.0,00001011110011110110,1.0,00001111000111110110
62,1.0,00001111000111110110,1.0,00001111000111001111
62,1.0,00001111000111001111,1.0,00001111000111001111
62,1.0,00001111000111001111,1.0,00001111100011101101
62,1.0,00001111100011101101,1.0,01001111110001100111
62,1.0,01001111110001100111,1.0,01001111110001100111
62,1.0,01001111110001100111,1.0,01001111110001100111
62,1.0,01001111110001100111,1.0,01011011010001100011
62,1.0,01011011010001100011,1.0,01011011010100110011
62,1.0,01011011010100110011,1.0,00011011001001100010
62,1.0,00011011001001100010,1.0,00011011001001100010
62,1.0,00011011001001100010,1.0,00011111001010110010
62,1.0,00011111001010110010,1.0,01011011001000110000
62,1.0,01011011001000110000,1.0,00011011001001100010
62,1.0,00011011001001100010,1.0,01010111100001100010
62,1.0,01010111100001100010,1.0,01010111101010000001
62,1.0,01010111101010000001,1.0,01110110101000010010
62,1.0,01110110101000010010,1.0,01110110101000010010
62,1.0,01110110101000010010,1.0,00110011110000110010
62,1.0,00110011110000110010,1.0,00101001111001110011
62,1.0,00101001111001110011,1.0,00101001101111010000
62,1.0,00101001101111010000,1.0,00100001101111010001
62,1.0,00100001101111010001,1.0,10100100111111010001
62,1.0,10100100111111010001,1.0,00101101101101010011
62,1.0,00101101101101010011,1.0,00101101001101110011
62,1.0,00101101001101110011,1.0,00001101111111110001
62,1.0,00001101111111110001,1.0,00001101111111110001
62,1.0,00001101111111110001,1.0,10001101101111010011
62,1.0,10001101101111010011,1.0,10000101111001010100
62,1.0,10000101111001010100,1.0,10000101011001110100
62,1.0,10000101011001110100,1.0,00001011011011110001
62,1.0,00001011011011110001,1.0,00100111011010110000
62,1.0,00100111011010110000,1.0,01001111011110010001
62,1.0,01001111011110010001,1.0,11000111110010011000
62,1.0,11000111110010011000,1.0,11000011101010001000
62,1.0,11000011101010001000,1.0,01001011110010011101
62,1.0,01001011110010011101,1.0,01001011110010011101
62,1.0,01001011110010011101,1.0,01001011101010011001
62,1.0,01001011101010011001,1.0,11001011001000011010
62,1.0,11001011001000011010,1.0,11001011001000011010
62,1.0,11001011001000011010,1.0,11101010001010011000
62,1.0,11101010001010011000,1.0,11100010011000010110
62,1.0,11100010011000010110,1.0,11100010011000010110
62,1.0,11100010011000010110,1.0,11100010110110010100
62,1.0,11100010110110010100,1.0,11100010110110010100
62,1.0,11100010110110010100,1.0,11100010110110010100
62,1.0,11100010110110010100,1.0,11100100110110011101
62,1.0,11100100110110011101,1.0,11100101010100001101
62,1.0,11100101010100001101,1.0,11101101110100100111
62,1.0,11101101110100100111,1.0,10110001010100100111
62,1.0,10110001010100100111,1.0,10111001010100100110
62,1.0,10111001010100100110,1.0,10111001010100100110
62,1.0,10111001010100100110,1.0,10110101011000100010
62,1.0,10110101011000100010,1.0,00111001011000100111
62,1.0,00111001011000100111,1.0,00010011011000100110
62,1.0,00010011011000100110,1.0,00011011101000100111
62,1.0,00011011101000100111,1.0,00011011101000100111
62,1.0,00011011101000100111,1.0,00111111100000100110
62,1.0,00111111100000100110,1.0,00110111100000100111
62,1.0,00110111100000100111,1.0,10011011000000101111
62,1.0,10011011000000101111,1.0,11010011100000100101
62,1.0,11010011100000100101,1.0,11010011000010100100
62,1.0,11010011000010100100,1.0,10011111100010100110
62,1.0,10011111100010100110,1.0,10011111100010100110
62,1.0,10011111100010100110,1.0,10010111100010100111
62,1.0,10010111100010100111,1.0,11010101100110100100
62,1.0,11010101100110100100,1.0,11011001100010110111
62,1.0,11011001100010110111,1.0,11010001110000110111
62,1.0,11010001110000110111,1.0,11110100010100110100
62,1.0,11110100010100110100,1.0,10111100110100101100
62,1.0,10111100110100101100,1.0,10110100110100101101
62,1.0,10110100110100101101,1.0,10100101010110101100
62,1.0,10100101010110101100,1.0,10100101010110101100
62,1.0,10100101010110101100,1.0,10100001111010100110
62,1.0,10100001111010100110,1.0,10100001111010100110
62,1.0,10100001111010100110,1.0,00100001001001111010
62,1.0,00100001001001111010,1.0,01101001000011111011
62,1.0,01101001000011111011,1.0,01101101100001111000
62,1.0,01101101100001111000,1.0,01101101100001111000
62,1.0,01101101100001111000,1.0,01101101100001111000
62,1.0,01101101100001111000,1.0,01101101100110111011
62,1.0,01101101100110111011,1.0,01101101100110111011
62,1.0,01101101100110111011,1.0,01101101100110111011
62,1.0,01101101100110111011,1.0,01010001100110111011
62,1.0,01010001100110111011,1.0,10011001100110111011
62,1.0,10011001100110111011,1.0,10011001000101011010
62,1.0,10011001000101011010,1.0,10110001000101010000
62,1.0,10110001000101010000,1.0,10110001110100110000
62,1.0,10110001110100110000,1.0,10011001110100111010
62,1.0,10011001110100111010,1.0,11000001110100111100
62,1.0,11000001110100111100,1.0,10000101110110111110
62,1.0,10000101110110111110,1.0,10000101110110111110
62,1.0,10000101110110111110,1.0,00001001111100111110
62,1.0,00001001111100111110,1.0,00011101001100111011
62,1.0,00011101001100111011,1.0,00110101001100110001
62,1.0,00110101001100110001,1.0,00111100001101110011
62,1.0,00111100001101110011,1.0,00101101001101110011
62,1.0,00101101001101110011,1.0,00101001111001110011
62,1.0,00101001111001110011,1.0,00101001111010111001
62,1.0,00101001111010111001,1.0,01111001110000101011
62,1.0,01111001110000101011,1.0,01110001110100001000
62,1.0,01110001110100001000,1.0,01011101101100001001
62,1.0,01011101101100001001,1.0,01011101101100001001
62,1.0,01011101101100001001,1.0,00011001101110011000
62,1.0,00011001101110011000,1.0,00011001101110011000
62,1.0,00011001101110011000,1.0,00011010101110011011
62,1.0,00011010101110011011,1.0,00011010101110011011
62,1.0,00011010101110011011,1.0,00000110111110011110
62,1.0,00000110111110011110,1.0,00000110111110011110
62,1.0,00000110111110011110,1.0,01101000111100011101
62,1.0,01101000111100011101,1.0,01101000011110011100
62,1.0,01101000011110011100,1.0,01011100011010011110
62,1.0,01011100011010011110,1.0,01011100010011011111
62,1.0,01011100010011011111,1.0,00011101000001111101
62,1.0,00011101000001111101,1.0,00011101100001011101
62,1.0,00011101100001011101,1.0,00010101100101110101
62,1.0,00010101100101110101,1.0,00010101100101110101
62,1.0,00010101100101110101,1.0,00110101100101010010
62,1.0,00110101100101010010,1.0,00110001001101000001
62,1.0,00110001001101000001,1.0,00110001001101000001
62,1.0,00110001001101000001,1.0,00111101001100001001
62,1.0,00111101001100001001,1.0,00110001001000001110
62,1.0,00110001001000001110,1.0,00110001001000001110
62,1.0,00110001001000001110,1.0,00111001011000101001
62,1.0,00111001011000101001,1.0,01101001011100101001
62,1.0,01101001011100101001,1.0,01101001011100101001
62,1.0,01101001011100101001,1.0,01101001011100100111
62,1.0,01101001011100100111,1.0,11101101110100100111
62,1.0,11101101110100100111,1.0,10101101110100101100
62,1.0,10101101110100101100,1.0,10101101110100111011
62,1.0,10101101110100111011,1.0,10110001110100110000
62,1.0,10110001110100110000,1.0,10111000101110110010
62,1.0,10111000101110110010,1.0,10111000111110010001
62,1.0,10111000111110010001,1.0,10110100111010001011
62,1.0,10110100111010001011,1.0,01110100111010001010
62,1.0,01110100111010001010,1.0,01110100111010001010
62,1.0,01110100111010001010,1.0,01010100011110001111
62,1.0,01010100011110001111,1.0,00010100111110101111
62,1.0,00010100111110101111,1.0,00010100111110101111
62,1.0,00010100111110101111,1.0,00011000101101101100
62,1.0,00011000101101101100,1.0,10011000001101001101
62,1.0,10011000001101001101,1.0,10011000001101001101
62,1.0,10011000001101001101,1.0,10010010001011000101
62,1.0,10010010001011000101,1.0,10000011001011000101
62,1.0,10000011001011000101,1.0,10001111001001000111
62,1.0,10001111001001000111,1.0,10001111001001000111
62,1.0,10001111001001000111,1.0,00000111001001001100
62,1.0,00000111001001001100,1.0,00000111001001001100
62,1.0,00000111001001001100,1.0,00000110101111001100
62,1.0,00000110101111001100,1.0,10001110111101001000
62,1.0,10001110111101001000,1.0,11001110111110001001
62,1.0,11001110111110001001,1.0,11001110111110001001
62,1.0,11001110111110001001,1.0,10111110110010001011
62,1.0,10111110110010001011,1.0,10110110110000011001
62,1.0,10110110110000011001,1.0,10110110110000011001
62,1.0,10110110110000011001,1.0,01110110110000011000
62,1.0,01110110110000011000,1.0,00111011110000001010
62,1.0,00111011110000001010,1.0,00011011010000011111
62,1.0,00011011010000011111,1.0,10010011000000011100
62,1.0,10010011000000011100,1.0,10011011000100011010
62,1.0,10011011000100011010,1.0,10010001010100011110
62,1.0,10010001010100011110,1.0,10010001010110111010
62,1.0,10010001010110111010,1.0,11011101010110110001
63,1.0,11010110110010011000,1.0,01110110110000011000
63,1.0,01110110110000011000,1.0,01110011010000010010
63,1.0,01110011010000010010,1.0,10111011010000010010
63,1.0,10111011010000010010,1.0,10110110010001010010
63,1.0,10110110010001010010,1.0,10111110100001010011
63,1.0,10111110100001010011,1.0,10111110100001010011
63,1.0,10111110100001010011,1.0,10111110110000011000
63,1.0,10111110110000011000,1.0,00110110110100011010
63,1.0,00110110110100011010,1.0,00010010111100011011
63,1.0,00010010111100011011,1.0,00000011111100011011
63,1.0,00000011111100011011,1.0,00001111101000011111
63,1.0,00001111101000011111,1.0,00011110101000011111
63,1.0,00011110101000011111,1.0,00011001001010011111
63,1.0,00011001001010011111,1.0,00010001101110010111
63,1.0,00010001101110010111,1.0,01011001101110010011
63,1.0,01011001101110010011,1.0,10010001111110100001
63,1.0,10010001111110100001,1.0,10011001111110100000
63,1.0,10011001111110100000,1.0,11010001010110100110
63,1.0,11010001010110100110,1.0,11111001000010100101
63,1.0,11111001000010100101,1.0,01111111000010100010
63,1.0,01111111000010100010,1.0,01110111000010100011
63,1.0,01110111000010100011,1.0,01011011001010100011
63,1.0,01011011001010100011,1.0,01011011001010100011
63,1.0,01011011001010100011,1.0,01011010101011100000
63,1.0,01011010101011100000,1.0,01011100101011100111
63,1.0,01011100101011100111,1.0,11011010001011000001
63,1.0,11011010001011000001,1.0,11100010001011100000
63,1.0,11100010001011100000,1.0,11100010001011100000
63,1.0,11100010001011100000,1.0,11100010001011100000
63,1.0,11100010001011100000,1.0,11100010101011000000
63,1.0,11100010101011000000,1.0,11100011000001010001
63,1.0,11100011000001010001,1.0,11100001001001010000
63,1.0,11100001001001010000,1.0,11100101001100110000
63,1.0,11100101001100110000,1.0,11101001101010110000
63,1.0,11101001101010110000,1.0,10101001001010111011
63,1.0,10101001001010111011,1.0,10000011001010111010
63,1.0,10000011001010111010,1.0,00011111001010001011
63,1.0,00011111001010001011,1.0,00001011001011101011
63,1.0,00001011001011101011,1.0,00000011101111100011
63,1.0,00000011101111100011,1.0,10101001101011100010
63,1.0,10101001101011100010,1.0,10101001101001001000
63,1.0,10101001101001001000,1.0,10101001001010111011
63,1.0,10101001001010111011,1.0,10101001011000111010
63,1.0,10101001011000111010,1.0,10100001011000111011
63,1.0,10100001011000111011,1.0,10100001110110111001
63,1.0,10100001110110111001,1.0,10101001110110111000
63,1.0,10101001110110111000,1.0,10101000010101111110
63,1.0,10101000010101111110,1.0,10101100010111101110
63,1.0,10101100010111101110,1.0,10100100110111110110
63,1.0,10100100110111110110,1.0,10100100110111110110
63,1.0,10100100110111110110,1.0,11101000100111110100
63,1.0,11101000100111110100,1.0,11101000100111110100
63,1.0,11101000100111110100,1.0,11000101100011110111
63,1.0,11000101100011110111,1.0,01101101100001110110
63,1.0,01101101100001110110,1.0,11101101000001010111
63,1.0,11101101000001010111,1.0,11100001010001010100
63,1.0,11100001010001010100,1.0,11100001010001010100
63,1.0,11100001010001010100,1.0,11100100010111010110
63,1.0,11100100010111010110,1.0,11101100110110011100
63,1.0,11101100110110011100,1.0,01101001110010011110
63,1.0,01101001110010011110,1.0,01101001010010111110
63,1.0,01101001010010111110,1.0,01101001010010111110
63,1.0,01101001010010111110,1.0,01100001011000111010
63,1.0,01100001011000111010,1.0,00100011011000011001
63,1.0,00100011011000011001,1.0,01100011010000111011
63,1.0,01100011010000111011,1.0,10101011010000111011
63,1.0,10101011010000111011,1.0,10100011110100110011
63,1.0,10100011110100110011,1.0,10101011100110110011
63,1.0,10101011100110110011,1.0,10100011100010110101
63,1.0,10100011100010110101,1.0,10100010110010111101
63,1.0,10100010110010111101,1.0,10100011100000101110
63,1.0,10100011100000101110,1.0,10000011110000111111
63,1.0,10000011110000111111,1.0,10000011110000111111
63,1.0,10000011110000111111,1.0,10000011110000111111
63,1.0,10000011110000111111,1.0,10000011010010111110
63,1.0,10000011010010111110,1.0,10101011010000101100
63,1.0,10101011010000101100,1.0,01100011010000101100
63,1.0,01100011010000101100,1.0,11100111010010000100
63,1.0,11100111010010000100,1.0,11101010110010110111
63,1.0,11101010110010110111,1.0,11101110010100110110
63,1.0,11101110010100110110,1.0,11100110010100110111
63,1.0,11100110010100110111,1.0,11100110010100110111
63,1.0,11100110010100110111,1.0,01100110011100010100
63,1.0,01100110011100010100,1.0,11101110010100110110
63,1.0,11101110010100110110,1.0,11101010110010110111
63,1.0,11101010110010110111,1.0,10100010101010110111
63,1.0,10100010101010110111,1.0,01100010101010110110
63,1.0,01100010101010110110,1.0,01100000111001110101
63,1.0,01100000111001110101,1.0,01101000111100011101
63,1.0,01101000111100011101,1.0,01101000111100011101
63,1.0,01101000111100011101,1.0,01110000111000011010
63,1.0,01110000111000011010,1.0,01110100111010001010
63,1.0,01110100111010001010,1.0,00110110101010001010
63,1.0,00110110101010001010,1.0,10111010101000001000
63,1.0,10111010101000001000,1.0,00011010111001001010
63,1.0,00011010111001001010,1.0,00011010011001101010
63,1.0,00011010011001101010,1.0,01011100111010111011
63,1.0,01011100111010111011,1.0,01010100111110011000
63,1.0,01010100111110011000,1.0,00111100111100011000
63,1.0,00111100111100011000,1.0,10111010100100011001
63,1.0,10111010100100011001,1.0,10111110100100101001
63,1.0,10111110100100101001,1.0,11111010100000101010
63,1.0,11111010100000101010,1.0,01110010110000001100
63,1.0,01110010110000001100,1.0,01100111110000011000
63,1.0,01100111110000011000,1.0,11101111110000010011
63,1.0,11101111110000010011,1.0,11110011100000000010
63,1.0,11110011100000000010,1.0,11110011100000000010
63,1.0,11110011100000000010,1.0,11111001101000000000
63,1.0,11111001101000000000,1.0,01111001001110000001
63,1.0,01111001001110000001,1.0,00111001001110000100
63,1.0,00111001001110000100,1.0,10011101001110000111
63,1.0,10011101001110000111,1.0,10010001011110010011
63,1.0,10010001011110010011,1.0,10110101010110010010
63,1.0,10110101010110010010,1.0,10110101110110100000
63,1.0,10110101110110100000,1.0,10110101110110100000
63,1.0,10110101110110100000,1.0,10111111010000100010
63,1.0,10111111010000100010,1.0,10111011010000010010
63,1.0,10111011010000010010,1.0,10110101010110010010
63,1.0,10110101010110010010,1.0,10011101010110110100
63,1.0,10011101010110110100,1.0,10011001110011110001
63,1.0,10011001110011110001,1.0,11011001000011110010
63,1.0,11011001000011110010,1.0,11011001100010110111
63,1.0,11011001100010110111,1.0,11011001100010110111
63,1.0,11011001100010110111,1.0,00111001110010110101
63,1.0,00111001110010110101,1.0,00111011110010010001
63,1.0,00111011110010010001,1.0,10110101110010110000
63,1.0,10110101110010110000,1.0,10110101110010110000
63,1.0,10110101110010110000,1.0,10110100111010110010
63,1.0,10110100111010110010,1.0,10111101011010000001
63,1.0,10111101011010000001,1.0,10111001011100000001
63,1.0,10111001011100000001,1.0,01111001011100000000
63,1.0,01111001011100000000,1.0,01111001001110000001
63,1.0,01111001001110000001,1.0,01111001001110000001
63,1.0,01111001001110000001,1.0,01110101101010000010
63,1.0,01110101101010000010,1.0,01110101001010100010
63,1.0,01110101001010100010,1.0,01011001011010101000
63,1.0,01011001011010101000,1.0,10011001011010101001
63,1.0,10011001011010101001,1.0,00010001011010111011
63,1.0,00010001011010111011,1.0,10111000011000111010
63,1.0,10111000011000111010,1.0,10111001010000111000
63,1.0,10111001010000111000,1.0,10101001010001111011
63,1.0,10101001010001111011,1.0,00101001011001011000
63,1.0,00101001011001011000,1.0,00110101000001011011
63,1.0,00110101000001011011,1.0,00111001100001101011
63,1.0,00111001100001101011,1.0,00110001000101101000
63,1.0,00110001000101101000,1.0,00110001000101101000
63,1.0,00110001000101101000,1.0,00110001000001111000
63,1.0,00110001000001111000,1.0,00111010000101101010
63,1.0,00111010000101101010,1.0,00110001100101001000
63,1.0,00110001100101001000,1.0,00110000101101001010
63,1.0,00110000101101001010,1.0,00110000111101010000
63,1.0,00110000111101010000,1.0,00011101011001110001
63,1.0,00011101011001110001,1.0,00011011011001000001
63,1.0,00011011011001000001,1.0,00001011111111000001
63,1.0,00001011111111000001,1.0,01000011001111000011
63,1.0,01000011001111000011,1.0,00000011001111000110
63,1.0,00000011001111000110,1.0,01001011000101001101
63,1.0,01001011000101001101,1.0,01001011000101001101
63,1.0,01001011000101001101,1.0,01000011001100001101
63,1.0,01000011001100001101,1.0,01000011001100001101
63,1.0,01000011001100001101,1.0,10001011001100001101
63,1.0,10001011001100001101,1.0,00010101001110001100
63,1.0,00010101001110001100,1.0,00010101001110001100
63,1.0,00010101001110001100,1.0,00011101011110100101
63,1.0,00011101011110100101,1.0,00110001011110100000
63,1.0,00110001011110100000,1.0,00110001011100000100
63,1.0,00110001011100000100,1.0,00111001111000110000
63,1.0,00111001111000110000,1.0,00111001111000110000
63,1.0,00111001111000110000,1.0,00111001111000000111
63,1.0,00111001111000000111,1.0,01010001111000010100
63,1.0,01010001111000010100,1.0,01011001111010000110
63,1.0,01011001111010000110,1.0,01010101111000100100
63,1.0,01010101111000100100,1.0,11110001100000100110
63,1.0,11110001100000100110,1.0,01101101100101100110
63,1.0,01101101100101100110,1.0,00101101101101000100
63,1.0,00101101101101000100,1.0,01101101111100000100
63,1.0,01101101111100000100,1.0,10101101111100000101
64,11.0,00110011000001000100,1.0,00111011000101000001
64,1.0,00111011000101000001,1.0,00110001001101000001
64,1.0,00110001001101000001,1.0,10111000101001000110
64,1.0,10111000101001000110,1.0,10110000001011000110
64,1.0,10110000001011000110,1.0,10110000001011000110
64,1.0,10110000001011000110,1.0,10010100011011100111
64,1.0,10010100011011100111,1.0,00110000011011100100
64,1.0,00110000011011100100,1.0,01110000011011100001
64,1.0,01110000011011100001,1.0,01110000011011100001
64,1.0,01110000011011100001,1.0,00110000011011110011
64,1.0,00110000011011110011,1.0,01111000011001010011
64,1.0,01111000011001010011,1.0,01010010011001010010
64,1.0,01010010011001010010,1.0,00011010111011010001
64,1.0,00011010111011010001,1.0,00010010001011011000
64,1.0,00010010001011011000,1.0,00000011001011011000
64,1.0,00000011001011011000,1.0,00001011101001011000
64,1.0,00001011101001011000,1.0,00011001001001011011
64,1.0,00011001001001011011,1.0,00110000001001111010
64,1.0,00110000001001111010,1.0,00110010000001111011
64,1.0,00110010000001111011,1.0,00110010001000111010
64,1.0,00110010001000111010,1.0,00110010011100110000
64,1.0,00110010011100110000,1.0,00110010111100010000
64,1.0,00110010111100010000,1.0,11001110111110110000
64,1.0,11001110111110110000,1.0,11011100011110110011
64,1.0,11011100011110110011,1.0,11011000011110100111
64,1.0,11011000011110100111,1.0,11011000011110100111
64,1.0,11011000011110100111,1.0,10010000011110101101
64,1.0,10010000011110101101,1.0,11100000011100111011
64,1.0,11100000011100111011,1.0,11100000011100111011
64,1.0,11100000011100111011,1.0,10100000011100111110
64,1.0,10100000011100111110,1.0,10100001111100110010
64,1.0,10100001111100110010,1.0,10100101101000110111
64,1.0,10100101101000110111,1.0,10100001101010110100
64,1.0,10100001101010110100,1.0,10100001101010110100
64,1.0,10100001101010110100,1.0,11100001110010110101
64,1.0,11100001110010110101,1.0,11101001110011100011
64,1.0,11101001110011100011,1.0,11101001110011100011
64,1.0,11101001110011100011,1.0,10100001110011101001
64,1.0,10100001110011101001,1.0,10001001010111101101
64,1.0,10001001010111101101,1.0,10001001010111101101
64,1.0,10001001010111101101,1.0,11000101000111011011
64,1.0,11000101000111011011,1.0,11010001010001001011
64,1.0,11010001010001001011,1.0,11110000010011001001
64,1.0,11110000010011001001,1.0,11110000010011001001
64,1.0,11110000010011001001,1.0,11010000110111001011
64,1.0,11010000110111001011,1.0,01111000100111001011
64,1.0,01111000100111001011,1.0,11110000010011001001
64,1.0,11110000010011001001,1.0,11111000010011001000
64,1.0,11111000010011001000,1.0,10111100110011001011
64,1.0,10111100110011001011,1.0,10110010110000001101
64,1.0,10110010110000001101,1.0,10110010010100010110
64,1.0,10110010010100010110,1.0,10011110100100011110
64,1.0,10011110100100011110,1.0,10011100100101011110
64,1.0,10011100100101011110,1.0,10010010100101011000
64,1.0,10010010100101011000,1.0,11011010100101010010
64,1.0,11011010100101010010,1.0,00110010101110010001
64,1.0,00110010101110010001,1.0,01111110101100000001
64,1.0,01111110101100000001,1.0,01011110001110001011
64,1.0,01011110001110001011,1.0,01011110011100001010
64,1.0,01011110011100001010,1.0,01001010111100101111
64,1.0,01001010111100101111,1.0,01001010111100101111
64,1.0,01001010111100101111,1.0,01001001111100101100
64,1.0,01001001111100101100,1.0,11000001001100101111
64,1.0,11000001001100101111,1.0,10000010011100111101
64,1.0,10000010011100111101,1.0,10001110011110111011
64,1.0,10001110011110111011,1.0,00000110001111111011
64,1.0,00000110001111111011,1.0,01000010001101111001
64,1.0,01000010001101111001,1.0,01001010011111110001
64,1.0,01001010011111110001,1.0,01010010010111110000
64,1.0,01010010010111110000,1.0,01011111010010110011
64,1.0,01011111010010110011,1.0,00010111110110110000
64,1.0,00010111110110110000,1.0,00110010110110010101
64,1.0,00110010110110010101,1.0,01110010100110100100
64,1.0,01110010100110100100,1.0,01101111100100100110
64,1.0,01101111100100100110,1.0,10101111100100100111
64,1.0,10101111100100100111,1.0,01100111110110100010
64,1.0,01100111110110100010,1.0,01101011110110010001
64,1.0,01101011110110010001,1.0,01101011110110010001
64,1.0,01101011110110010001,1.0,11100010110110010100
64,1.0,11100010110110010100,1.0,11101110100110010111
64,1.0,11101110100110010111,1.0,11101110000110110111
64,1.0,11101110000110110111,1.0,11101110000110110111
64,1.0,11101110000110110111,1.0,11101110000110110111
64,1.0,11101110000110110111,1.0,11101010110010110111
64,1.0,11101010110010110111,1.0,11101010010010011100
64,1.0,11101010010010011100,1.0,11101010010010011100
64,1.0,11101010010010011100,1.0,11100010010010011101
64,1.0,11100010010010011101,1.0,11101010010010011100
64,1.0,11101010010010011100,1.0,10110000010110011100
64,1.0,10110000010110011100,1.0,10100010110010111101
64,1.0,10100010110010111101,1.0,11100010110011000100
64,1.0,11100010110011000100,1.0,11000010110011110110
64,1.0,11000010110011110110,1.0,11001110100011111011
64,1.0,11001110100011111011,1.0,11000101100011111001
64,1.0,11000101100011111001,1.0,11000101100011111001
64,1.0,11000101100011111001,1.0,11000010100001111101
64,1.0,11000010100001111101,1.0,01000011000001011110
64,1.0,01000011000001011110,1.0,01000011010011010111
64,1.0,01000011010011010111,1.0,01000111010110110111
64,1.0,01000111010110110111,1.0,01000111001110110011
64,1.0,01000111001110110011,1.0,01000111010110110111
64,1.0,01000111010110110111,1.0,01001111010110110110
64,1.0,01001111010110110110,1.0,10000110110111110101
64,1.0,10000110110111110101,1.0,11001110110111110001
64,1.0,11001110110111110001,1.0,11001110110111110001
64,1.0,11001110110111110001,1.0,10001110110111110100
64,1.0,10001110110111110100,1.0,10001110110111110100
64,1.0,10001110110111110100,1.0,10001110110111110100
64,1.0,10001110110111110100,1.0,10000110110111110101
64,1.0,10000110110111110101,1.0,10000110111110110100
64,1.0,10000110111110110100,1.0,10000110111110110100
64,1.0,10000110111110110100,1.0,10001010001110111101
64,1.0,10001010001110111101,1.0,10000011001100110101
64,1.0,10000011001100110101,1.0,10000011001100110101
64,1.0,10000011001100110101,1.0,10000111011000110100
64,1.0,10000111011000110100,1.0,10011110101000110101
64,1.0,10011110101000110101,1.0,10110011000000100101
64,1.0,10110011000000100101,1.0,10110111010000100011
64,1.0,10110111010000100011,1.0,11011011100000110011
64,1.0,11011011100000110011,1.0,11011010110000111011
64,1.0,11011010110000111011,1.0,10010010110000111111
64,1.0,10010010110000111111,1.0,10010010110000111111
64,1.0,10010010110000111111,1.0,11011010110000111011
64,1.0,11011010110000111011,1.0,11011010110000111011
64,1.0,11011010110000111011,1.0,11010000011010111010
64,1.0,11010000011010111010,1.0,11101100011010111010
64,1.0,11101100011010111010,1.0,00101110011100111011
64,1.0,00101110011100111011,1.0,00101110011100111011
64,1.0,00101110011100111011,1.0,00101110011100111011
64,1.0,00101110011100111011,1.0,00010110010110111100
64,1.0,00010110010110111100,1.0,00010110010110111100
64,1.0,00010110010110111100,1.0,01011110010110111000
64,1.0,01011110010110111000,1.0,01010100010111111001
64,1.0,01010100010111111001,1.0,10011000010111101101
64,1.0,10011000010111101101,1.0,10011000010111101101
64,1.0,10011000010111101101,1.0,11010100000111001100
64,1.0,11010100000111001100,1.0,11011100100011001111
64,1.0,11011100100011001111,1.0,11100100100011101110
64,1.0,11100100100011101110,1.0,01101100100011111111
64,1.0,01101100100011111111,1.0,00100100101001111110
64,1.0,00100100101001111110,1.0,10100100001001011111
64,1.0,10100100001001011111,1.0,10101100001001011110
64,1.0,10101100001001011110,1.0,10101100011011010111
64,1.0,10101100011011010111,1.0,10101100011011010111
64,1.0,10101100011011010111,1.0,10101000011101010111
64,1.0,10101000011101010111,1.0,10110000010101010110
64,1.0,10110000010101010110,1.0,10101000011101010111
64,1.0,10101000011101010111,1.0,10101000011101010111
64,1.0,10101000011101010111,1.0,11101001000101100100
64,1.0,11101001000101100100,1.0,11101101000101001001
64,1.0,11101101000101001001,1.0,01100101000111101000
64,1.0,01100101000111101000,1.0,01100101000101001100
64,1.0,01100101000101001100,1.0,11000101000111001100
64,1.0,11000101000111001100,1.0,11000101100111100111
64,1.0,11000101100111100111,1.0,11001101100111100110
64,1.0,11001101100111100110,1.0,11001101100111101000
64,1.0,11001101100111101000,1.0,10001101001111110011
64,1.0,10001101001111110011,1.0,10001101001011110100
64,1.0,10001101001011110100,1.0,10001101011110110110
64,1.0,10001101011110110110,1.0,10001110110111110100
64,1.0,10001110110111110100,1.0,10001110110111110100
64,1.0,10001110110111110100,1.0,10000110110111110101
64,1.0,10000110110111110101,1.0,10001010101101010111
64,1.0,10001010101101010111,1.0,10001110111001010110
64,1.0,10001110111001010110,1.0,10000110111001010111
64,1.0,10000110111001010111,1.0,10000110011001110111
64,1.0,10000110011001110111,1.0,10000111010001110101
64,1.0,10000111010001110101,1.0,10000011010001111010
64,1.0,10000011010001111010,1.0,10010010010001111010
64,1.0,10010010010001111010,1.0,11011010000001011011
64,1.0,11011010000001011011,1.0,01010110001001001001
64,1.0,01010110001001001001,1.0,01011010101010011001
64,1.0,01011010101010011001,1.0,11011110100000011100
64,1.0,11011110100000011100,1.0,11011110100100001100
64,1.0,11011110100100001100,1.0,01101110100110101111
64,1.0,01101110100110101111,1.0,01100110010110101110
64,1.0,01100110010110101110,1.0,01100110010110101110
64,1.0,01100110010110101110,1.0,01100110001110101010
64,1.0,01100110001110101010,1.0,01111010000110101011
64,1.0,01111010000110101011,1.0,11111100010110101000
64,1.0,11111100010110101000,1.0,11110101010110000000
64,1.0,11110101010110000000,1.0,01111001010101000001
64,1.0,01111001010101000001,1.0,00111111010001000000
64,1.0,00111111010001000000,1.0,01111001010101000001
64,1.0,01111001010101000001,1.0,00110001010111100001
64,1.0,00110001010111100001,1.0,00111001000111000101
64,1.0,00111001000111000101,1.0,00111100100110111110
64,1.0,00111100100110111110,1.0,00110001000110101100
64,1.0,00110001000110101100,1.0,10010100110110111110
64,1.0,10010100110110111110,1.0,10010100110110111110
64,1.0,10010100110110111110,1.0,11010100110010111100
64,1.0,11010100110010111100,1.0,11011110010010110101
64,1.0,11011110010010110101,1.0,11011110010010110101
64,1.0,11011110010010110101,1.0,01111110010000110101
64,1.0,01111110010000110101,1.0,01111010000001100110
64,1.0,01111010000001100110,1.0,01010010000001011110
64,1.0,01010010000001011110,1.0,10011110000011110101
64,1.0,10011110000011110101,1.0,10011110000111100101
64,1.0,10011110000111100101,1.0,01011110000111100100
64,1.0,01011110000111100100,1.0,01000110111111100010
64,1.0,01000110111111100010,1.0,01000110111101000110
64,1.0,01000110111101000110,1.0,01000110111101000110
64,1.0,01000110111101000110,1.0,10000010111101100100
64,1.0,10000010111101100100,1.0,11000010111101100001
64,1.0,11000010111101100001,1.0,11001010111101100000
64,1.0,11001010111101100000,1.0,11001110110111110001
64,1.0,11001110110111110001,1.0,10000110111101110000
64,1.0,10000110111101110000,1.0,10000110111101110000
64,1.0,10000110111101110000,1.0,10001000111101011100
64,1.0,10001000111101011100,1.0,10000000101101111110
64,1.0,10000000101101111110,1.0,00000010101101011100
64,1.0,00000010101101011100,1.0,00000110101111001100
65,1.0,11010001010101100010,1.0,11010001000111100011
65,1.0,11010001000111100011,1.0,11010001000111100011
65,1.0,11010001000111100011,1.0,11011101000110101011
65,1.0,11011101000110101011,1.0,11010101010100101011
65,1.0,11010101010100101011,1.0,11011101010110110001
65,1.0,11011101010110110001,1.0,11010101110110010010
65,1.0,11010101110110010010,1.0,01011001110110010111
65,1.0,01011001110110010111,1.0,01011001110110011001
65,1.0,01011001110110011001,1.0,01011001110110011001
65,1.0,01011001110110011001,1.0,01011001110110011001
65,1.0,01011001110110011001,1.0,01101001110110001110
65,1.0,01101001110110001110,1.0,01100001110110001111
65,1.0,01100001110110001111,1.0,01100001110110001111
65,1.0,01100001110110001111,1.0,11000011110010001100
65,1.0,11000011110010001100,1.0,11000111000110001100
65,1.0,11000111000110001100,1.0,11100011000110000101
65,1.0,11100011000110000101,1.0,11101011000110000100
65,1.0,11101011000110000100,1.0,00111011000110000101
65,1.0,00111011000110000101,1.0,00110001001110000101
65,1.0,00110001001110000101,1.0,00110001001110000101
65,1.0,00110001001110000101,1.0,00111001001110000100
65,1.0,00111001001110000100,1.0,00100101001111000100
65,1.0,00100101001111000100,1.0,00101110001111000110
65,1.0,00101110001111000110,1.0,00101111001011000011
65,1.0,00101111001011000011,1.0,00101111001011000011
65,1.0,00101111001011000011,1.0,01100110001011000101
65,1.0,01100110001011000101,1.0,00110010001001000101
65,1.0,00110010001001000101,1.0,00101010001001101101
65,1.0,00101010001001101101,1.0,00101010001001101101
65,1.0,00101010001001101101,1.0,10100110001010101100
65,1.0,10100110001010101100,1.0,10001010001110111101
65,1.0,10001010001110111101,1.0,10001010001110111101
65,1.0,10001010001110111101,1.0,10000110101010111110
65,1.0,10000110101010111110,1.0,10000010101100111110
65,1.0,10000010101100111110,1.0,11001010100101101100
65,1.0,11001010100101101100,1.0,11010010100111100000
65,1.0,11010010100111100000,1.0,00010011100111100001
65,1.0,00010011100111100001,1.0,00010001110111100100
65,1.0,00010001110111100100,1.0,00101101110111100100
65,1.0,00101101110111100100,1.0,00101101010011101101
65,1.0,00101101010011101101,1.0,00101101001011100111
65,1.0,00101101001011100111,1.0,00100001011011110011
65,1.0,00100001011011110011,1.0,10101001111011000001
65,1.0,10101001111011000001,1.0,10100001001011000110
65,1.0,10100001001011000110,1.0,10101001101001000110
65,1.0,10101001101001000110,1.0,10100001001011000110
65,1.0,10100001001011000110,1.0,00101001001011010111
65,1.0,00101001001011010111,1.0,00100001111011000100
65,1.0,00100001111011000100,1.0,00100101111110100100
65,1.0,00100101111110100100,1.0,10101101111100000101
65,1.0,10101101111100000101,1.0,10101011101000000110
65,1.0,10101011101000000110,1.0,10100001101010001101
65,1.0,10100001101010001101,1.0,10100001101010001101
65,1.0,10100001101010001101,1.0,10100100101011001100
65,1.0,10100100101011001100,1.0,10101100001001011110
65,1.0,10101100001001011110,1.0,10100100001001011111
65,1.0,10100100001001011111,1.0,10100100001001011111
65,1.0,10100100001001011111,1.0,00010100001011011111
65,1.0,00010100001011011111,1.0,00100100011011011100
65,1.0,00100100011011011100,1.0,01100100011011011001
65,1.0,01100100011011011001,1.0,01100010011011010000
65,1.0,01100010011011010000,1.0,01100010001011001010
65,1.0,01100010001011001010,1.0,01100010001011001010
65,1.0,01100010001011001010,1.0,01001010001111101011
65,1.0,01001010001111101011,1.0,11000000001111111010
65,1.0,11000000001111111010,1.0,01010000001111101001
65,1.0,01010000001111101001,1.0,01010000001111100111
65,1.0,01010000001111100111,1.0,01011001001011100011
65,1.0,01011001001011100011,1.0,01010101001110110000
65,1.0,01010101001110110000,1.0,01000101011101110010
65,1.0,01000101011101110010,1.0,01001101001111110010
65,1.0,01001101001111110010,1.0,00101101001110111001
65,1.0,00101101001110111001,1.0,00100101101100111010
65,1.0,00100101101100111010,1.0,00100100101001111110
65,1.0,00100100101001111110,1.0,00100100101001111110
65,1.0,00100100101001111110,1.0,00100000111101111001
65,1.0,00100000111101111001,1.0,00101000101101011101
65,1.0,00101000101101011101,1.0,00101000101101011101
65,1.0,00101000101101011101,1.0,00110000101111010001
65,1.0,00110000101111010001,1.0,00111100101110010111
65,1.0,00111100101110010111,1.0,00111100111100010110
65,1.0,00111100111100010110,1.0,01111100111100010011
65,1.0,01111100111100010011,1.0,10111000111110010001
65,1.0,10111000111110010001,1.0,01111000111110010000
65,1.0,01111000111110010000,1.0,01111000111110010000
65,1.0,01111000111110010000,1.0,00110000111101010000
65,1.0,00110000111101010000,1.0,01110000111110010001
65,1.0,01110000111110010001,1.0,01010100111110010110
65,1.0,01010100111110010110,1.0,01010100111110010110
65,1.0,01010100111110010110,1.0,11011100111110010011
65,1.0,11011100111110010011,1.0,11010000111010011010
65,1.0,11010000111010011010,1.0,11010000110011011011
65,1.0,11010000110011011011,1.0,01111000100111001011
65,1.0,01111000100111001011,1.0,10010100100101011111
65,1.0,10010100100101011111,1.0,10111000110001011011
65,1.0,10111000110001011011,1.0,10111000110011101000
65,1.0,10111000110011101000,1.0,10110000111001100010
65,1.0,10110000111001100010,1.0,10011001011001100011
65,1.0,10011001011001100011,1.0,10011001111001000011
65,1.0,10011001111001000011,1.0,10011001011001100011
65,1.0,10011001011001100011,1.0,10000011111001100001
65,1.0,10000011111001100001,1.0,10001101111001100111
65,1.0,10001101111001100111,1.0,10011001111001000011
65,1.0,10011001111001000011,1.0,10111000111011000001
65,1.0,10111000111011000001,1.0,10111100111100000101
65,1.0,10111100111100000101,1.0,10100000101101001100
65,1.0,10100000101101001100,1.0,11000000101001111100
65,1.0,11000000101001111100,1.0,11000000101011101111
65,1.0,11000000101011101111,1.0,11100100100011101110
65,1.0,11100100100011101110,1.0,11001000101011101110
65,1.0,11001000101011101110,1.0,01101000101001101110
65,1.0,01101000101001101110,1.0,01100001101001001000
65,1.0,01100001101001001000,1.0,01110000101001001000
65,1.0,01110000101001001000,1.0,01110010101000001000
65,1.0,01110010101000001000,1.0,01110010100001001001
65,1.0,01110010100001001001,1.0,00111011100010001011
65,1.0,00111011100010001011,1.0,00110011110000001011
65,1.0,00110011110000001011,1.0,00111011110010010001
65,1.0,00111011110010010001,1.0,00111011110010010001
65,1.0,00111011110010010001,1.0,10110011110010000000
65,1.0,10110011110010000000,1.0,10111110110010001011
65,1.0,10111110110010001011,1.0,11110110110010100001
65,1.0,11110110110010100001,1.0,10110110110010100100
65,1.0,10110110110010100100,1.0,10111010100010110100
65,1.0,10111010100010110100,1.0,10110010100010110101
65,1.0,10110010100010110101,1.0,11010010100110010111
65,1.0,11010010100110010111,1.0,11010010100110011001
65,1.0,11010010100110011001,1.0,11001110100011111011
65,1.0,11001110100011111011,1.0,11001110100111101011
65,1.0,11001110100111101011,1.0,11010100100111101001
65,1.0,11010100100111101001,1.0,11010100100111101001
65,1.0,11010100100111101001,1.0,00011101100111101001
65,1.0,00011101100111101001,1.0,00011101100111101001
65,1.0,00011101100111101001,1.0,00010010110111101001
65,1.0,00010010110111101001,1.0,01011010010111001000
65,1.0,01011010010111001000,1.0,01010010010111001001
65,1.0,01010010010111001001,1.0,01011110010101001011
65,1.0,01011110010101001011,1.0,00111010010101001001
65,1.0,00111010010101001001,1.0,00010010111001001011
65,1.0,00010010111001001011,1.0,00010010111001001011
65,1.0,00010010111001001011,1.0,00011010101011001011
65,1.0,00011010101011001011,1.0,00011010101011001011
65,1.0,00011010101011001011,1.0,00011110111010011010
65,1.0,00011110111010011010,1.0,10011010011010011000
65,1.0,10011010011010011000,1.0,10011010100010111111
65,1.0,10011010100010111111,1.0,10010111000010011011
65,1.0,10010111000010011011,1.0,11001011001000011010
65,1.0,11001011001000011010,1.0,11010001001000011000
65,1.0,11010001001000011000,1.0,10010001101000111000
65,1.0,10010001101000111000,1.0,10011011100000001111
65,1.0,10011011100000001111,1.0,10011010110000111110
65,1.0,10011010110000111110,1.0,00010010100001111110
65,1.0,00010010100001111110,1.0,00010010100001111110
65,1.0,00010010100001111110,1.0,00011110110001101100
65,1.0,00011110110001101100,1.0,00010110111000101100
65,1.0,00010110111000101100,1.0,00010110111000101100
65,1.0,00010110111000101100,1.0,00010110111000101100
65,1.0,00010110111000101100,1.0,01010100111010101101
65,1.0,01010100111010101101,1.0,01010001011010101001
65,1.0,01010001011010101001,1.0,01011011010010101001
65,1.0,01011011010010101001,1.0,01001111110010101101
65,1.0,01001111110010101101,1.0,01001011110010011101
65,1.0,01001011110010011101,1.0,01001011110010011101
65,1.0,01001011110010011101,1.0,01001011100010111110
65,1.0,01001011100010111110,1.0,11000110111000111010
65,1.0,11000110111000111010,1.0,11000110101000011111
65,1.0,11000110101000011111,1.0,11001110101000011110
65,1.0,11001110101000011110,1.0,11001111100000011100
65,1.0,11001111100000011100,1.0,11000111100100001101
65,1.0,11000111100100001101,1.0,11000111000110001100
65,1.0,11000111000110001100,1.0,01010111000110001010
65,1.0,01010111000110001010,1.0,01011110001110001011
65,1.0,01011110001110001011,1.0,01100110001100001110
65,1.0,01100110001100001110,1.0,01100110010110101110
65,1.0,01100110010110101110,1.0,01100110100001101101
65,1.0,01100110100001101101,1.0,01101010110011101010
65,1.0,01101010110011101010,1.0,01100010111010101010
65,1.0,01100010111010101010,1.0,11100001011010001000
65,1.0,11100001011010001000,1.0,11101001101010001001
65,1.0,11101001101010001001,1.0,11000011101010001000
65,1.0,11000011101010001000,1.0,01000111001001001001
65,1.0,01000111001001001001,1.0,00001111001101001010
65,1.0,00001111001101001010,1.0,00000111001101001011
65,1.0,00000111001101001011,1.0,00100011100101001011
65,1.0,00100011100101001011,1.0,00100111110001001010
65,1.0,00100111110001001010,1.0,00100011100001001100
65,1.0,00100011100001001100,1.0,00000011100001111110
65,1.0,00000011100001111110,1.0,00010011001000001101
65,1.0,00010011001000001101,1.0,00010011001010101001
65,1.0,00010011001010101001,1.0,00011011001010101000
65,1.0,00011011001010101000,1.0,01011011000000101110
65,1.0,01011011000000101110,1.0,01101011000001100110
65,1.0,01101011000001100110,1.0,01101011000001100110
66,3.0,10101111010110000101,1.0,10101011011000000101
66,1.0,10101011011000000101,1.0,10000111011011000011
66,1.0,10000111011011000011,1.0,10011111010011000000
66,1.0,10011111010011000000,1.0,10010011000011010010
66,1.0,10010011000011010010,1.0,11010011010010010010
66,1.0,11010011010010010010,1.0,10111011000010010011
66,1.0,10111011000010010011,1.0,10110101010110010010
66,1.0,10110101010110010010,1.0,11110001000110010001
66,1.0,11110001000110010001,1.0,10111101100010010100
66,1.0,10111101100010010100,1.0,11111100001000010110
66,1.0,11111100001000010110,1.0,11100100111100010110
66,1.0,11100100111100010110,1.0,11100100111100011000
66,1.0,11100100111100011000,1.0,11001010111100011001
66,1.0,11001010111100011001,1.0,11000011110100011000
66,1.0,11000011110100011000,1.0,01010011000100011010
66,1.0,01010011000100011010,1.0,01010011000100011010
66,1.0,01010011000100011010,1.0,10011011000100011010
66,1.0,10011011000100011010,1.0,10111101110100010010
66,1.0,10111101110100010010,1.0,00110001011100000100
66,1.0,00110001011100000100,1.0,00111011001100000000
66,1.0,00111011001100000000,1.0,10110111100100000001
66,1.0,10110111100100000001,1.0,10111111100000010000
66,1.0,10111111100000010000,1.0,10010011110010110010
66,1.0,10010011110010110010,1.0,10110110110010110011
66,1.0,10110110110010110011,1.0,10110110110010100100
66,1.0,10110110110010100100,1.0,10110110110010100100
66,1.0,10110110110010100100,1.0,10111110100100100111
66,1.0,10111110100100100111,1.0,11110110000100110001
66,1.0,11110110000100110001,1.0,11110100001100110000
66,1.0,11110100001100110000,1.0,11110100011100100010
66,1.0,11110100011100100010,1.0,01010010011101000010
66,1.0,01010010011101000010,1.0,01010010011101000010
66,1.0,01010010011101000010,1.0,01010100011101110010
66,1.0,01010100011101110010,1.0,01010101010101110000
66,1.0,01010101010101110000,1.0,01011101000101010100
66,1.0,01011101000101010100,1.0,10011101000101010101
66,1.0,10011101000101010101,1.0,11010001100101010000
66,1.0,11010001100101010000,1.0,11001001101101010001
66,1.0,11001001101101010001,1.0,01000101111101010010
66,1.0,01000101111101010010,1.0,01000101111101010010
66,1.0,01000101111101010010,1.0,01000011011001010010
66,1.0,01000011011001010010,1.0,01101011011000010011
66,1.0,01101011011000010011,1.0,01101011011100000011
66,1.0,01101011011100000011,1.0,11101111010110000010
66,1.0,11101111010110000010,1.0,11110110010110000011
66,1.0,11110110010110000011,1.0,11110010010110100000
66,1.0,11110010010110100000,1.0,11111110000100110000
66,1.0,11111110000100110000,1.0,11101110010100110110
66,1.0,11101110010100110110,1.0,11101110010100110110
66,1.0,11101110010100110110,1.0,11101110010100001111
66,1.0,11101110010100001111,1.0,10010011000100001100
66,1.0,10010011000100001100,1.0,10011011100100101000
66,1.0,10011011100100101000,1.0,11010110110100101000
66,1.0,11010110110100101000,1.0,11010111010010100010
66,1.0,11010111010010100010,1.0,11011111000010000110
66,1.0,11011111000010000110,1.0,11010011000010100100
66,1.0,11010011000010100100,1.0,10011011100100100110
66,1.0,10011011100100100110,1.0,10010011000110100110
66,1.0,10010011000110100110,1.0,10101110000101110110
66,1.0,10101110000101110110,1.0,10100110000101110111
66,1.0,10100110000101110111,1.0,10101010000101101100
66,1.0,10101010000101101100,1.0,10100110010001101100
66,1.0,10100110010001101100,1.0,10100110010001101100
66,1.0,10100110010001101100,1.0,11100100010011101101
66,1.0,11100100010011101101,1.0,11101000000111101101
66,1.0,11101000000111101101,1.0,10101000000111111111
66,1.0,10101000000111111111,1.0,10101100010111101110
66,1.0,10101100010111101110,1.0,10101100001011111010
66,1.0,10101100001011111010,1.0,01110000000111011000
66,1.0,01110000000111011000,1.0,10111000000111011000
66,1.0,10111000000111011000,1.0,10100100110111111000
66,1.0,10100100110111111000,1.0,10100100110111111000
66,1.0,10100100110111111000,1.0,10010100110101111010
66,1.0,10010100110101111010,1.0,10000101110101111010
66,1.0,10000101110101111010,1.0,10001101111110011000
66,1.0,10001101111110011000,1.0,11000101010110011110
66,1.0,11000101010110011110,1.0,11000111100100001101
66,1.0,11000111100100001101,1.0,11000111100000011101
66,1.0,11000111100000011101,1.0,11000011100001010100
66,1.0,11000011100001010100,1.0,11001111110110000101
66,1.0,11001111110110000101,1.0,11011011000100000110
66,1.0,11011011000100000110,1.0,01111111000000000110
66,1.0,01111111000000000110,1.0,01111111010010000001
66,1.0,01111111010010000001,1.0,01100111100010010111
66,1.0,01100111100010010111,1.0,01100011100010110100
66,1.0,01100011100010110100,1.0,01100011100010110100
66,1.0,01100011100010110100,1.0,01100111100010010111
66,1.0,01100111100010010111,1.0,01110110100010010111
66,1.0,01110110100010010111,1.0,11111110100000100101
66,1.0,11111110100000100101,1.0,01110110100100100111
66,1.0,01110110100100100111,1.0,11011110100110100110
66,1.0,11011110100110100110,1.0,11010110100110100111
66,1.0,11010110100110100111,1.0,01010110000111100101
66,1.0,01010110000111100101,1.0,01010110000011110101
66,1.0,01010110000011110101,1.0,01011011000010110101
66,1.0,01011011000010110101,1.0,11010011000000010111
66,1.0,11010011000000010111,1.0,11011011000000010110
66,1.0,11011011000000010110,1.0,11000111100000011101
66,1.0,11000111100000011101,1.0,10000111100100011111
66,1.0,10000111100100011111,1.0,10011111000100010101
66,1.0,10011111000100010101,1.0,10010011000100001100
66,1.0,10010011000100001100,1.0,10010010010110101110
66,1.0,10010010010110101110,1.0,11010010010010101100
66,1.0,11010010010010101100,1.0,11011110010000101110
66,1.0,11011110010000101110,1.0,01010010110000111110
66,1.0,01010010110000111110,1.0,11010010110010001100
66,1.0,11010010110010001100,1.0,11010010110010001100
66,1.0,11010010110010001100,1.0,00011010110011001111
66,1.0,00011010110011001111,1.0,00010010010111001100
66,1.0,00010010010111001100,1.0,00010010111010001111
66,1.0,00010010111010001111,1.0,00000011111010001111
66,1.0,00000011111010001111,1.0,00000111111010011011
66,1.0,00000111111010011011,1.0,00010110111010011011
66,1.0,00010110111010011011,1.0,00011110111010011010
66,1.0,00011110111010011010,1.0,00010110111010011011
66,1.0,00010110111010011011,1.0,00010010111010111000
66,1.0,00010010111010111000,1.0,00011100111001111010
66,1.0,00011100111001111010,1.0,00011000101101111011
66,1.0,00011000101101111011,1.0,01011000101001111001
66,1.0,01011000101001111001,1.0,01111100100001111000
66,1.0,01111100100001111000,1.0,01111110100010011000
66,1.0,01111110100010011000,1.0,01111110100010011000
66,1.0,01111110100010011000,1.0,11101110100110011001
66,1.0,11101110100110011001,1.0,01100110100110011100
66,1.0,01100110100110011100,1.0,01110010000110011000
66,1.0,01110010000110011000,1.0,01110010000110011000
66,1.0,01110010000110011000,1.0,01100010001110011010
66,1.0,01100010001110011010,1.0,01100010001110011010
66,1.0,01100010001110011010,1.0,01101000001111011001
66,1.0,01101000001111011001,1.0,01001100111111011010
66,1.0,01001100111111011010,1.0,01000101011101001011
66,1.0,01000101011101001011,1.0,01000101111101010010
66,1.0,01000101111101010010,1.0,01000101111101010010
66,1.0,01000101111101010010,1.0,01000010111111010010
66,1.0,01000010111111010010,1.0,01000110111111100010
66,1.0,01000110111111100010,1.0,01000110011011101011
66,1.0,01000110011011101011,1.0,01000110011011101011
66,1.0,01000110011011101011,1.0,01000110011011101011
66,1.0,01000110011011101011,1.0,00001011001011101011
66,1.0,00001011001011101011,1.0,00001011101011001011
66,1.0,00001011101011001011,1.0,00001011101011001011
66,1.0,00001011101011001011,1.0,00010011100011001010
66,1.0,00010011100011001010,1.0,00010111110011100000
66,1.0,00010111110011100000,1.0,00010111110110000111
66,1.0,00010111110110000111,1.0,00111011010100000100
66,1.0,00111011010100000100,1.0,00110111010100010001
66,1.0,00110111010100010001,1.0,10011111000100010101
66,1.0,10011111000100010101,1.0,10000011001100110101
66,1.0,10000011001100110101,1.0,10001011001100110100
66,1.0,10001011001100110100,1.0,10001111101000110101
66,1.0,10001111101000110101,1.0,11000010101000111100
66,1.0,11000010101000111100,1.0,01010110101000110101
66,1.0,01010110101000110101,1.0,01000011001100110100
66,1.0,01000011001100110100,1.0,01011111000100010100
66,1.0,01011111000100010100,1.0,01011111110010010011
66,1.0,01011111110010010011,1.0,11010111100010010000
66,1.0,11010111100010010000,1.0,11010111100010010000
66,1.0,11010111100010010000,1.0,11010111100110000000
66,1.0,11010111100110000000,1.0,11010011100000100101
66,1.0,11010011100000100101,1.0,11110001100000100110
66,1.0,11110001100000100110,1.0,11111001110000000100
66,1.0,11111001110000000100,1.0,11111001100010000101
66,1.0,11111001100010000101,1.0,11100101100110010101
66,1.0,11100101100110010101,1.0,11100101100110010101
66,1.0,11100101100110010101,1.0,01101101101010010101
66,1.0,01101101101010010101,1.0,00111001001010010100
66,1.0,00111001001010010100,1.0,00111001001010010100
66,1.0,00111001001010010100,1.0,10010010001000011110
66,1.0,10010010001000011110,1.0,10101110001000011110
66,1.0,10101110001000011110,1.0,10100110001000011111
66,1.0,10100110001000011111,1.0,11101100001010011111
66,1.0,11101100001010011111,1.0,11101010001010011000
66,1.0,11101010001010011000,1.0,11101010001010011000
66,1.0,11101010001010011000,1.0,11101010110010111001
66,1.0,11101010110010111001,1.0,11000110110010111111
66,1.0,11000110110010111111,1.0,11000110110010111111
66,1.0,11000110110010111111,1.0,10001110110111110100
66,1.0,10001110110111110100,1.0,01000111010110110111
66,1.0,01000111010110110111,1.0,01001111010110110110
66,1.0,01001111010110110110,1.0,01010111010110010000
66,1.0,01010111010110010000,1.0,01010111000010011010
67,1.0,11000100110011111111,1.0,11000110110010111111
67,1.0,11000110110010111111,1.0,11000110110010111111
67,1.0,11000110110010111111,1.0,11001110110010111110
67,1.0,11001110110010111110,1.0,11001110100011111011
67,1.0,11001110100011111011,1.0,11001110100111101011
67,1.0,11001110100111101011,1.0,11001110100111101011
67,1.0,11001110100111101011,1.0,11000110110101101011
67,1.0,11000110110101101011,1.0,11011110110101000001
67,1.0,11011110110101000001,1.0,11001110110111110001
67,1.0,11001110110111110001,1.0,11001110111110110000
67,1.0,11001110111110110000,1.0,01001110111110011010
67,1.0,01001110111110011010,1.0,01001110110111011011
67,1.0,01001110110111011011,1.0,00011101110011011000
67,1.0,00011101110011011000,1.0,00011101110011011000
67,1.0,00011101110011011000,1.0,10111100110011001011
67,1.0,10111100110011001011,1.0,10111100110011001011
67,1.0,10111100110011001011,1.0,11100100110011001101
67,1.0,11100100110011001101,1.0,11100100110110011101
67,1.0,11100100110110011101,1.0,11100010100110001110
67,1.0,11100010100110001110,1.0,11101110100110010111
67,1.0,11101110100110010111,1.0,11100110101100010011
67,1.0,11100110101100010011,1.0,11100011001100000000
67,1.0,11100011001100000000,1.0,01101011001001000001
67,1.0,01101011001001000001,1.0,01101011001001000001
67,1.0,01101011001001000001,1.0,00101011001001010011
67,1.0,00101011001001010011,1.0,00101011001101000011
67,1.0,00101011001101000011,1.0,00101011001101000011
67,1.0,00101011001101000011,1.0,10100011001100010010
67,1.0,10100011001100010010,1.0,10100011010100011000
67,1.0,10100011010100011000,1.0,11101101010100011011
67,1.0,11101101010100011011,1.0,11101101000001011001
67,1.0,11101101000001011001,1.0,01100101000001011100
67,1.0,01100101000001011100,1.0,01100001000111011000
67,1.0,01100001000111011000,1.0,01101001100111001011
67,1.0,01101001100111001011,1.0,01101001100111001011
67,1.0,01101001100111001011,1.0,11000001111110001010
67,1.0,11000001111110001010,1.0,11001101110110111010
67,1.0,11001101110110111010,1.0,11000101101010111000
67,1.0,11000101101010111000,1.0,01000101111110011000
67,1.0,01000101111110011000,1.0,01000101111110011000
67,1.0,01000101111110011000,1.0,01000101011110001111
67,1.0,01000101011110001111,1.0,01000101011110001111
67,1.0,01000101011110001111,1.0,01000001011110101100
67,1.0,01000001011110101100,1.0,01000111001010001101
67,1.0,01000111001010001101,1.0,01000111011000001100
67,1.0,01000111011000001100,1.0,01001110011001001110
67,1.0,01001110011001001110,1.0,11000010111001001010
67,1.0,11000010111001001010,1.0,11100010011000011000
67,1.0,11100010011000011000,1.0,11101101001000011000
67,1.0,11101101001000011000,1.0,01100101101000111000
67,1.0,01100101101000111000,1.0,01110100101000111000
67,1.0,01110100101000111000,1.0,01011101101000011001
67,1.0,01011101101000011001,1.0,11011001111000010001
67,1.0,11011001111000010001,1.0,10011011101000010001
67,1.0,10011011101000010001,1.0,00010011001000110100
67,1.0,00010011001000110100,1.0,01011011001000110000
67,1.0,01011011001000110000,1.0,01010011101000010001
67,1.0,01010011101000010001,1.0,00010111111000010010
67,1.0,00010111111000010010,1.0,00010111011000110010
67,1.0,00010111011000110010,1.0,00011001011100110101
67,1.0,00011001011100110101,1.0,10010001011110000100
67,1.0,10010001011110000100,1.0,11010001001110100010
67,1.0,11010001001110100010,1.0,11010001001010001011
67,1.0,11010001001010001011,1.0,11011001101000001011
67,1.0,11011001101000001011,1.0,11110101000010001010
67,1.0,11110101000010001010,1.0,10111001100110001001
67,1.0,10111001100110001001,1.0,10111001100110001001
67,1.0,10111001100110001001,1.0,01101011100110001011
67,1.0,01101011100110001011,1.0,01000011100111001010
67,1.0,01000011100111001010,1.0,01001011110111100011
67,1.0,01001011110111100011,1.0,00000011110111100111
67,1.0,00000011110111100111,1.0,00000011110011110111
67,1.0,00000011110011110111,1.0,00001011100011011101
67,1.0,00001011100011011101,1.0,10001011000001011110
67,1.0,10001011000001011110,1.0,10000011001000011110
67,1.0,10000011001000011110,1.0,10010010001000011110
67,1.0,10010010001000011110,1.0,10010110001000101110
67,1.0,10010110001000101110,1.0,10010110001000101110
67,1.0,10010110001000101110,1.0,10010110001000101110
67,1.0,10010110001000101110,1.0,01011110001010001100
67,1.0,01011110001010001100,1.0,01011110000011001101
67,1.0,01011110000011001101,1.0,01011110010001001100
67,1.0,01011110010001001100,1.0,01110111000000001001
67,1.0,01110111000000001001,1.0,01110111000000001001
67,1.0,01110111000000001001,1.0,01110111000000001001
67,1.0,01110111000000001001,1.0,01110111000000001001
67,1.0,01110111000000001001,1.0,11101111000100001001
67,1.0,11101111000100001001,1.0,11000111000101001000
67,1.0,11000111000101001000,1.0,01100111000111000010
67,1.0,01100111000111000010,1.0,00100111110111000001
67,1.0,00100111110111000001,1.0,10100011100101100001
67,1.0,10100011100101100001,1.0,10100011100101100001
67,1.0,10100011100101100001,1.0,00100011000101101011
67,1.0,00100011000101101011,1.0,10100011000111100000
67,1.0,10100011000111100000,1.0,10100111000111000011
67,1.0,10100111000111000011,1.0,10100111000111000011
67,1.0,10100111000111000011,1.0,10100111100011100001
67,1.0,10100111100011100001,1.0,10001011010111110000
67,1.0,10001011010111110000,1.0,10001111010110111001
67,1.0,10001111010110111001,1.0,10011110010110111001
67,1.0,10011110010110111001,1.0,10011110010110111001
67,1.0,10011110010110111001,1.0,10011111000010011010
67,1.0,10011111000010011010,1.0,00010111100000011110
67,1.0,00010111100000011110,1.0,00010111100000011110
67,1.0,00010111100000011110,1.0,00010111100000011110
67,1.0,00010111100000011110,1.0,00101011100000111111
67,1.0,00101011100000111111,1.0,00110100100110111111
67,1.0,00110100100110111111,1.0,00111100100110111110
67,1.0,00111100100110111110,1.0,00111100100110111110
67,1.0,00111100100110111110,1.0,01111100100110101100
67,1.0,01111100100110101100,1.0,01110100100110101101
67,1.0,01110100100110101101,1.0,01111100100110101100
67,1.0,01111100100110101100,1.0,00101111100110011010
67,1.0,00101111100110011010,1.0,00100011100110111000
67,1.0,00100011100110111000,1.0,00010011100100111010
67,1.0,00010011100100111010,1.0,00010011010100111001
67,1.0,00010011010100111001,1.0,10010011000100011011
67,1.0,10010011000100011011,1.0,10011011000100011010
67,1.0,10011011000100011010,1.0,11011011000100001000
67,1.0,11011011000100001000,1.0,11010011010100100010
67,1.0,11010011010100100010,1.0,11010001010110100110
67,1.0,11010001010110100110,1.0,11110100010110100111
67,1.0,11110100010110100111,1.0,11111000010110010110
67,1.0,11111000010110010110,1.0,11110000010110010111
67,1.0,11110000010110010111,1.0,11111001000110010000
67,1.0,11111001000110010000,1.0,10110101000111000000
67,1.0,10110101000111000000,1.0,11101101000111100011
67,1.0,11101101000111100011,1.0,11100101001110100011
67,1.0,11100101001110100011,1.0,11001101011110110011
67,1.0,11001101011110110011,1.0,11001001011110101001
67,1.0,11001001011110101001,1.0,01000101011110111000
67,1.0,01000101011110111000,1.0,01001101111010111011
67,1.0,01001101111010111011,1.0,01011101111010010010
67,1.0,01011101111010010010,1.0,01011011110100010011
67,1.0,01011011110100010011,1.0,01011011110100010011
67,1.0,01011011110100010011,1.0,01010011110110100001
67,1.0,01010011110110100001,1.0,01011101110110101001
67,1.0,01011101110110101001,1.0,11010001110110001000
67,1.0,11010001110110001000,1.0,11110001000100001010
67,1.0,11110001000100001010,1.0,01011011010000001101
67,1.0,01011011010000001101,1.0,00011011000001001101
67,1.0,00011011000001001101,1.0,00011011000011101001
67,1.0,00011011000011101001,1.0,00011011000011101001
67,1.0,00011011000011101001,1.0,00011011000011100111
67,1.0,00011011000011100111,1.0,00010011000001110101
67,1.0,00010011000001110101,1.0,00011011000001110100
67,1.0,00011011000001110100,1.0,00011011000001110100
67,1.0,00011011000001110100,1.0,00010011100101000101
67,1.0,00010011100101000101,1.0,00010011110101100000
67,1.0,00010011110101100000,1.0,01011011100101000001
67,1.0,01011011100101000001,1.0,01010011101100000001
67,1.0,01010011101100000001,1.0,01011011101100000000
67,1.0,01011011101100000000,1.0,01011011101100000000
67,1.0,01011011101100000000,1.0,00011011101100010010
67,1.0,00011011101100010010,1.0,00110111001010000001
67,1.0,00110111001010000001,1.0,00101111001011000011
67,1.0,00101111001011000011,1.0,00101110101111100011
67,1.0,00101110101111100011,1.0,00110110100111100010
67,1.0,00110110100111100010,1.0,10100110100111100100
67,1.0,10100110100111100100,1.0,10001111000111100101
67,1.0,10001111000111100101,1.0,10100101000111100111
67,1.0,10100101000111100111,1.0,10100101001110100110
67,1.0,10100101001110100110,1.0,11100101000110110101
67,1.0,11100101000110110101,1.0,10011101010110110100
67,1.0,10011101010110110100,1.0,11011100011110110011
67,1.0,11011100011110110011,1.0,11011100011010110100
67,1.0,11011100011010110100,1.0,01010100011010011111
67,1.0,01010100011010011111,1.0,11110100011010010010
67,1.0,11110100011010010010,1.0,11111110010010010010
67,1.0,11111110010010010010,1.0,11011110110110000101
67,1.0,11011110110110000101,1.0,10011110100111000101
67,1.0,10011110100111000101,1.0,11010110100001100100
67,1.0,11010110100001100100,1.0,01101111100100100110
67,1.0,01101111100100100110,1.0,01100011100110100100
67,1.0,01100011100110100100,1.0,01101111100100100110
67,1.0,01101111100100100110,1.0,00100111100100101100
67,1.0,00100111100100101100,1.0,10101101110100101100
67,1.0,10101101110100101100,1.0,10111101000000101101
67,1.0,10111101000000101101,1.0,00111001000001001110
67,1.0,00111001000001001110,1.0,00011011000001001101
67,1.0,00011011000001001101,1.0,00011011000001001101
67,1.0,00011011000001001101,1.0,00011011000001001101
67,1.0,00011011000001001101,1.0,00011011000001001101
67,1.0,00011011000001001101,1.0,01011010000101001101
67,1.0,01011010000101001101,1.0,01101110000101001110
67,1.0,01101110000101001110,1.0,01100110000101001111
67,1.0,01100110000101001111,1.0,01101110000101001110
67,1.0,01101110000101001110,1.0,01101110100101101011
68,1.0,01010010111000011001,1.0,01010010011010011000
68,1.0,01010010011010011000,1.0,01111110011010000011
68,1.0,01111110011010000011,1.0,01111010001001000001
68,1.0,01111010001001000001,1.0,01101011001001000001
68,1.0,01101011001001000001,1.0,01101011011000000100
68,1.0,01101011011000000100,1.0,01111010011000000100
68,1.0,01111010011000000100,1.0,01110010110000001100
68,1.0,01110010110000001100,1.0,01110010110000001100
68,1.0,01110010110000001100,1.0,01110010110000001100
68,1.0,01110010110000001100,1.0,01100010111000001110
68,1.0,01100010111000001110,1.0,01101010101010001110
68,1.0,01101010101010001110,1.0,01111010100010001100
68,1.0,01111010100010001100,1.0,01101110100110101111
68,1.0,01101110100110101111,1.0,01101110100010111111
68,1.0,01101110100010111111,1.0,01101010100100111111
68,1.0,01101010100100111111,1.0,01000010100101111110
68,1.0,01000010100101111110,1.0,01001010101101011000
68,1.0,01001010101101011000,1.0,01001010101101011000
68,1.0,01001010101101011000,1.0,01000100111111011011
68,1.0,01000100111111011011,1.0,10001100111111011011
68,1.0,10001100111111011011,1.0,10001101111110011000
68,1.0,10001101111110011000,1.0,10101001111110010001
68,1.0,10101001111110010001,1.0,01101001111110010000
68,1.0,01101001111110010000,1.0,01101001111110010000
68,1.0,01101001111110010000,1.0,01101011110110010001
68,1.0,01101011110110010001,1.0,01111010110110010001
68,1.0,01111010110110010001,1.0,01111010110110010001
68,1.0,01111010110110010001,1.0,11111010010100010010
68,1.0,11111010010100010010,1.0,11110010010100010011
68,1.0,11110010010100010011,1.0,11111110110000010011
68,1.0,11111110110000010011,1.0,11110110010001000000
68,1.0,11110110010001000000,1.0,01111010000001101000
68,1.0,01111010000001101000,1.0,01110010000001101001
68,1.0,01110010000001101001,1.0,01110010100001110000
68,1.0,01110010100001110000,1.0,11111110110000010011
68,1.0,11111110110000010011,1.0,11010110110001010010
68,1.0,11010110110001010010,1.0,10110110010001010010
68,1.0,10110110010001010010,1.0,10110110010001010010
68,1.0,10110110010001010010,1.0,11111010000001010000
68,1.0,11111010000001010000,1.0,11111010000001010000
68,1.0,11111010000001010000,1.0,11111010000001010000
68,1.0,11111010000001010000,1.0,11110000010001010100
68,1.0,11110000010001010100,1.0,11111100010011010010
68,1.0,11111100010011010010,1.0,11111000000111010011
68,1.0,11111000000111010011,1.0,11011000010011111010
68,1.0,11011000010011111010,1.0,11011100000111011010
68,1.0,11011100000111011010,1.0,01111000000011111011
68,1.0,01111000000011111011,1.0,11111000100011110001
68,1.0,11111000100011110001,1.0,11111000100011110001
68,1.0,11111000100011110001,1.0,01111000100011011011
68,1.0,01111000100011011011,1.0,00110011000001010010
68,1.0,00110011000001010010,1.0,00110001001001010001
68,1.0,00110001001001010001,1.0,00111001001001010000
68,1.0,00111001001001010000,1.0,01111100001001110001
68,1.0,01111100001001110001,1.0,01111100010001110101
68,1.0,01111100010001110101,1.0,01111100010001110101
68,1.0,01111100010001110101,1.0,11010100110001110110
68,1.0,11010100110001110110,1.0,11011100010011110101
68,1.0,11011100010011110101,1.0,10011100010111110111
68,1.0,10011100010111110111,1.0,10001101110111010111
68,1.0,10001101110111010111,1.0,10011100110111010111
68,1.0,10011100110111010111,1.0,10011100110111010111
68,1.0,10011100110111010111,1.0,10010100100011111100
68,1.0,10010100100011111100,1.0,11011100100011110110
68,1.0,11011100100011110110,1.0,01111100100001110110
68,1.0,01111100100001110110,1.0,11111100100001100101
68,1.0,11111100100001100101,1.0,11101101000101000111
68,1.0,11101101000101000111,1.0,11111100000101000111
68,1.0,11111100000101000111,1.0,10110100000111100111
68,1.0,10110100000111100111,1.0,10110100000111100111
68,1.0,10110100000111100111,1.0,10110100010101100110
68,1.0,10110100010101100110,1.0,10111000011011100001
68,1.0,10111000011011100001,1.0,11111000110011100011
68,1.0,11111000110011100011,1.0,10111000011011100001
68,1.0,10111000011011100001,1.0,10111000011011100001
68,1.0,10111000011011100001,1.0,10110000001011001000
68,1.0,10110000001011001000,1.0,00111000011011001011
68,1.0,00111000011011001011,1.0,00010000011111011010
68,1.0,00010000011111011010,1.0,10011000011011011000
68,1.0,10011000011011011000,1.0,10011010011010011000
68,1.0,10011010011010011000,1.0,10001011011010011000
68,1.0,10001011011010011000,1.0,10001110011110111011
68,1.0,10001110011110111011,1.0,10010010001010111010
68,1.0,10010010001010111010,1.0,00010010101010011101
68,1.0,00010010101010011101,1.0,00010010100001111110
68,1.0,00010010100001111110,1.0,00111010100000111111
68,1.0,00111010100000111111,1.0,00111010010010011101
68,1.0,00111010010010011101,1.0,00110110010010101110
68,1.0,00110110010010101110,1.0,00110110010010101110
68,1.0,00110110010010101110,1.0,00110110010010101110
68,1.0,00110110010010101110,1.0,01111010000010101100
68,1.0,01111010000010101100,1.0,01110010000010101101
68,1.0,01110010000010101101,1.0,01110010001000101000
68,1.0,01110010001000101000,1.0,01110010001000101000
68,1.0,01110010001000101000,1.0,01100011001000101000
68,1.0,01100011001000101000,1.0,01000011101000111010
68,1.0,01000011101000111010,1.0,00000011111010111000
68,1.0,00000011111010111000,1.0,00011001011010111010
68,1.0,00011001011010111010,1.0,10111001010000111000
68,1.0,10111001010000111000,1.0,10111100110000111100
68,1.0,10111100110000111100,1.0,10101100110001111111
68,1.0,10101100110001111111,1.0,10111100100010111101
68,1.0,10111100100010111101,1.0,10110110100000111010
68,1.0,10110110100000111010,1.0,10110110100000111010
68,1.0,10110110100000111010,1.0,00111010100000111111
68,1.0,00111010100000111111,1.0,10110010100000101110
68,1.0,10110010100000101110,1.0,10110010100000101110
68,1.0,10110010100000101110,1.0,10011011000000101111
68,1.0,10011011000000101111,1.0,10011110000001101110
68,1.0,10011110000001101110,1.0,10011110000100111110
68,1.0,10011110000100111110,1.0,11001010100110111111
68,1.0,11001010100110111111,1.0,11001010110100111110
68,1.0,11001010110100111110,1.0,11001110110110101110
68,1.0,11001110110110101110,1.0,11001110110110101110
68,1.0,11001110110110101110,1.0,11001110110010111110
68,1.0,11001110110010111110,1.0,01001110010011111100
68,1.0,01001110010011111100,1.0,00101000110111111101
68,1.0,00101000110111111101,1.0,00100101100101101100
68,1.0,00100101100101101100,1.0,00100101100101101100
68,1.0,00100101100101101100,1.0,01100101110100101100
68,1.0,01100101110100101100,1.0,10100101110100101101
68,1.0,10100101110100101101,1.0,11101101110100100111
68,1.0,11101101110100100111,1.0,11100101110100010100
68,1.0,11100101110100010100,1.0,11110100110100010100
68,1.0,11110100110100010100,1.0,11110100010100110100
68,1.0,11110100010100110100,1.0,11110100010101100011
68,1.0,11110100010101100011,1.0,11110110010001000000
68,1.0,11110110010001000000,1.0,11111010000101000000
68,1.0,11111010000101000000,1.0,11111110000011000000
68,1.0,11111110000011000000,1.0,00111110001011000011
68,1.0,00111110001011000011,1.0,00111110001011000011
68,1.0,00111110001011000011,1.0,01010110011011000010
68,1.0,01010110011011000010,1.0,01010010001011000100
68,1.0,01010010001011000100,1.0,01010110001010001101
68,1.0,01010110001010001101,1.0,00010110001110001111
68,1.0,00010110001110001111,1.0,10001011001100001101
68,1.0,10001011001100001101,1.0,10001011001100001101
68,1.0,10001011001100001101,1.0,10001011001100001101
68,1.0,10001011001100001101,1.0,11001001101100001110
68,1.0,11001001101100001110,1.0,11010000111100010101
68,1.0,11010000111100010101,1.0,11011000111100010100
68,1.0,11011000111100010100,1.0,10010100111101010011
68,1.0,10010100111101010011,1.0,10000101111101010011
68,1.0,10000101111101010011,1.0,10011101111100100011
68,1.0,10011101111100100011,1.0,01010101111100100011
68,1.0,01010101111100100011,1.0,01010001111110100000
68,1.0,01010001111110100000,1.0,10010001111110100001
68,1.0,10010001111110100001,1.0,01010001111110100000
68,1.0,01010001111110100000,1.0,01011011011000100010
68,1.0,01011011011000100010,1.0,01001111111000100110
68,1.0,01001111111000100110,1.0,01100011001000100110
68,1.0,01100011001000100110,1.0,01101111100100100110
68,1.0,01101111100100100110,1.0,01100111100100100111
68,1.0,01100111100100100111,1.0,01100111100100100111
68,1.0,01100111100100100111,1.0,01101111101100000001
68,1.0,01101111101100000001,1.0,01101101101101000001
68,1.0,01101101101101000001,1.0,01101001101100010101
68,1.0,01101001101100010101,1.0,00100001101111010001
68,1.0,00100001101111010001,1.0,00100001101111010001
68,1.0,00100001101111010001,1.0,00101011100111010001
68,1.0,00101011100111010001,1.0,01101011100110110010
68,1.0,01101011100110110010,1.0,01100011100110110011
68,1.0,01100011100110110011,1.0,00110010100110111000
68,1.0,00110010100110111000,1.0,01111010100100011000
68,1.0,01111010100100011000,1.0,01111010100100010110
68,1.0,01111010100100010110,1.0,01111010100100010110
68,1.0,01111010100100010110,1.0,01110010000110010110
68,1.0,01110010000110010110,1.0,01010011010110000100
68,1.0,01010011010110000100,1.0,01011111110110000011
68,1.0,01011111110110000011,1.0,11011011010110000001
68,1.0,11011011010110000001,1.0,11011011010110000001
68,1.0,11011011010110000001,1.0,01000011011110001000
68,1.0,01000011011110001000,1.0,00101011001110001001
68,1.0,00101011001110001001,1.0,01100011000110011000
68,1.0,01100011000110011000,1.0,01010111000110001010
68,1.0,01010111000110001010,1.0,01110111000000001001
68,1.0,01110111000000001001,1.0,00111011100010001011
68,1.0,00111011100010001011,1.0,00110001100110001100
68,1.0,00110001100110001100,1.0,00110101100110011000
68,1.0,00110101100110011000,1.0,01100101001100011010
68,1.0,01100101001100011010,1.0,00101101011100001111
69,1.0,11011001000011110010,1.0,10011101000111110001
69,1.0,10011101000111110001,1.0,10111000000111010110
69,1.0,10111000000111010110,1.0,00111000110111010100
69,1.0,00111000110111010100,1.0,00111010110101010000
69,1.0,00111010110101010000,1.0,11100010110101010000
69,1.0,11100010110101010000,1.0,11100001010101010011
69,1.0,11100001010101010011,1.0,11010100000111011011
69,1.0,11010100000111011011,1.0,11011100000111011010
69,1.0,11011100000111011010,1.0,11011100100101011011
69,1.0,11011100100101011011,1.0,11011100100101011011
69,1.0,11011100100101011011,1.0,11011100100101011011
69,1.0,11011100100101011011,1.0,11011100100111101000
69,1.0,11011100100111101000,1.0,11011100101111000001
69,1.0,11011100101111000001,1.0,01011100001111001011
69,1.0,01011100001111001011,1.0,01011100001111001011
69,1.0,01011100001111001011,1.0,01010110001001001001
69,1.0,01010110001001001001,1.0,01010110001001001001
69,1.0,01010110001001001001,1.0,01000110011001111000
69,1.0,01000110011001111000,1.0,01000110011001111000
69,1.0,01000110011001111000,1.0,01100110011001000100
69,1.0,01100110011001000100,1.0,01100110011001000100
69,1.0,01100110011001000100,1.0,01111010011000000100
69,1.0,01111010011000000100,1.0,01111100111100000100
69,1.0,01111100111100000100,1.0,01101000111101100100
69,1.0,01101000111101100100,1.0,11010000011001100101
69,1.0,11010000011001100101,1.0,11101000011101000101
69,1.0,11101000011101000101,1.0,11101010011100000101
69,1.0,11101010011100000101,1.0,11100010001100100111
69,1.0,11100010001100100111,1.0,11100000001110101101
69,1.0,11100000001110101101,1.0,11100100011010101100
69,1.0,11100100011010101100,1.0,11100100011010101100
69,1.0,11100100011010101100,1.0,11101110010010101100
69,1.0,11101110010010101100,1.0,11101110010010101100
69,1.0,11101110010010101100,1.0,11101110010010101100
69,1.0,11101110010010101100,1.0,10100110010001101100
69,1.0,10100110010001101100,1.0,10100110010001101100
69,1.0,10100110010001101100,1.0,10101110110000111111
69,1.0,10101110110000111111,1.0,10101110110100101111
69,1.0,10101110110100101111,1.0,10101110010110101110
69,1.0,10101110010110101110,1.0,00110110010010101110
69,1.0,00110110010010101110,1.0,00110110010001101010
69,1.0,00110110010001101010,1.0,10110110010110001000
69,1.0,10110110010110001000,1.0,10111111000000001001
69,1.0,10111111000000001001,1.0,10111111000000001001
69,1.0,10111111000000001001,1.0,10111110100100101001
69,1.0,10111110100100101001,1.0,10011011100100101000
69,1.0,10011011100100101000,1.0,10011011100100101000
69,1.0,10011011100100101000,1.0,10011011100100101000
69,1.0,10011011100100101000,1.0,11011011000110100010
69,1.0,11011011000110100010,1.0,11011101000110101011
69,1.0,11011101000110101011,1.0,11011101000100001111
69,1.0,11011101000100001111,1.0,11011101000000011111
69,1.0,11011101000000011111,1.0,01011101010000111101
69,1.0,01011101010000111101,1.0,01011101010000111101
69,1.0,01011101010000111101,1.0,00110001110000101111
69,1.0,00110001110000101111,1.0,00110100110100111110
69,1.0,00110100110100111110,1.0,00110100110100111110
69,1.0,00110100110100111110,1.0,11011100110100011110
69,1.0,11011100110100011110,1.0,11011101010100101010
69,1.0,11011101010100101010,1.0,11010101010100101011
69,1.0,11010101010100101011,1.0,11010011010100100010
69,1.0,11010011010100100010,1.0,11010011000100110000
69,1.0,11010011000100110000,1.0,11010011000100110000
69,1.0,11010011000100110000,1.0,11111001000001100001
69,1.0,11111001000001100001,1.0,11111001000001100001
69,1.0,11111001000001100001,1.0,11011001000001010110
69,1.0,11011001000001010110,1.0,11010011000000010111
69,1.0,11010011000000010111,1.0,11011011000000010110
69,1.0,11011011000000010110,1.0,11010011000000010111
69,1.0,11010011000000010111,1.0,11010011000000011001
69,1.0,11010011000000011001,1.0,11011011100000110011
69,1.0,11011011100000110011,1.0,11011111100010100011
69,1.0,11011111100010100011,1.0,11011111100010100011
69,1.0,11011111100010100011,1.0,11010111110000100011
69,1.0,11010111110000100011,1.0,01010011110110100001
69,1.0,01010011110110100001,1.0,00010011110110100100
69,1.0,00010011110110100100,1.0,00010011110101100000
69,1.0,00010011110101100000,1.0,00010111110101000011
69,1.0,00010111110101000011,1.0,00011111110110001000
69,1.0,00011111110110001000,1.0,00111110011010001000
69,1.0,00111110011010001000,1.0,00111010001010011001
69,1.0,00111010001010011001,1.0,10100111001010010010
69,1.0,10100111001010010010,1.0,10100111010010010110
69,1.0,10100111010010010110,1.0,10100111010010010110
69,1.0,10100111010010010110,1.0,10100111010110000110
69,1.0,10100111010110000110,1.0,10100111010110000110
69,1.0,10100111010110000110,1.0,10100111110110100011
69,1.0,10100111110110100011,1.0,10100111110010110011
69,1.0,10100111110010110011,1.0,10100111110010110011
69,1.0,10100111110010110011,1.0,10101011100110110011
69,1.0,10101011100110110011,1.0,11101011100110100001
69,1.0,11101011100110100001,1.0,11101011110100100000
69,1.0,11101011110100100000,1.0,11101011100110100001
69,1.0,11101011100110100001,1.0,11100011010110100000
69,1.0,11100011010110100000,1.0,11101011000110000100
69,1.0,11101011000110000100,1.0,11100101010110100111
69,1.0,11100101010110100111,1.0,11111001010100100011
69,1.0,11111001010100100011,1.0,10111111010000100010
69,1.0,10111111010000100010,1.0,10111111010000100010
69,1.0,10111111010000100010,1.0,10101111110000010110
69,1.0,10101111110000010110,1.0,10000111110101000101
69,1.0,10000111110101000101,1.0,10001111110101000100
69,1.0,10001111110101000100,1.0,10000111111100000100
69,1.0,10000111111100000100,1.0,10000111110101000101
69,1.0,10000111110101000101,1.0,10001111100111000101
69,1.0,10001111100111000101,1.0,10000011001011000101
69,1.0,10000011001011000101,1.0,10000011001011000101
69,1.0,10000011001011000101,1.0,10001011101011100001
69,1.0,10001011101011100001,1.0,00101011001011100000
69,1.0,00101011001011100000,1.0,00101011001011100000
69,1.0,00101011001011100000,1.0,00111010001011100000
69,1.0,00111010001011100000,1.0,00000011001111001000
69,1.0,00000011001111001000,1.0,00000011111110101000
69,1.0,00000011111110101000,1.0,00001011110111101000
69,1.0,00001011110111101000,1.0,00011011010110101011
69,1.0,00011011010110101011,1.0,10001101010111111001
69,1.0,10001101010111111001,1.0,10001101010111110111
69,1.0,10001101010111110111,1.0,10001101010111110111
69,1.0,10001101010111110111,1.0,10011100010111110111
69,1.0,10011100010111110111,1.0,10010100011110110111
69,1.0,10010100011110110111,1.0,10011101010110110100
69,1.0,10011101010110110100,1.0,10011101110100110101
69,1.0,10011101110100110101,1.0,10011101110100110101
69,1.0,10011101110100110101,1.0,11011101010100010101
69,1.0,11011101010100010101,1.0,11011101010100010101
69,1.0,11011101010100010101,1.0,11011101100100010110
69,1.0,11011101100100010110,1.0,11111001100100010001
69,1.0,11111001100100010001,1.0,10110001100100010101
69,1.0,10110001100100010101,1.0,10111001100100010100
69,1.0,10111001100100010100,1.0,11011000111100010100
69,1.0,11011000111100010100,1.0,11010000111100010101
69,1.0,11010000111100010101,1.0,11011100111110010011
69,1.0,11011100111110010011,1.0,11011100111110010011
69,1.0,11011100111110010011,1.0,00110101011010010011
69,1.0,00110101011010010011,1.0,00110101011110000011
69,1.0,00110101011110000011,1.0,10110101010110010010
69,1.0,10110101010110010010,1.0,10110101010110010010
69,1.0,10110101010110010010,1.0,11111000110110110011
69,1.0,11111000110110110011,1.0,11110000101010110001
69,1.0,11110000101010110001,1.0,11111000101010110000
69,1.0,11111000101010110000,1.0,11110000111010100011
69,1.0,11110000111010100011,1.0,11100001111010100011
69,1.0,11100001111010100011,1.0,10101001111011000001
69,1.0,10101001111011000001,1.0,11100000111111000010
69,1.0,11100000111111000010,1.0,11001000111111110011
69,1.0,11001000111111110011,1.0,11001000111111110011
69,1.0,11001000111111110011,1.0,11001000111111110011
69,1.0,11001000111111110011,1.0,11001000111111110011
69,1.0,11001000111111110011,1.0,01101100111111100011
69,1.0,01101100111111100011,1.0,11100100110111110011
69,1.0,11100100110111110011,1.0,11101100110111110010
69,1.0,11101100110111110010,1.0,11100100110111110011
69,1.0,11100100110111110011,1.0,10100100111111010001
69,1.0,10100100111111010001,1.0,00100100011111011011
69,1.0,00100100011111011011,1.0,00100100011111011011
69,1.0,00100100011111011011,1.0,00100100011111011011
69,1.0,00100100011111011011,1.0,00101100011111011010
69,1.0,00101100011111011010,1.0,10101100011111001001
69,1.0,10101100011111001001,1.0,10101100011111001001
69,1.0,10101100011111001001,1.0,00111110001011000011
69,1.0,00111110001011000011,1.0,00111101001011000000
69,1.0,00111101001011000000,1.0,00110101000011101000
69,1.0,00110101000011101000,1.0,00110001000001111000
69,1.0,00110001000001111000,1.0,00110001000001001111
69,1.0,00110001000001001111,1.0,11011101000000011111
69,1.0,11011101000000011111,1.0,11011101000100001111
69,1.0,11011101000100001111,1.0,11011101000100001111
69,1.0,11011101000100001111,1.0,01000101100101011110
69,1.0,01000101100101011110,1.0,01000101100101011110
69,1.0,01000101100101011110,1.0,01000111100100011110
69,1.0,01000111100100011110,1.0,10000101101100011110
69,1.0,10000101101100011110,1.0,11000101101000011100
69,1.0,11000101101000011100,1.0,11100110101000010100
69,1.0,11100110101000010100,1.0,11110110000000011010
69,1.0,11110110000000011010,1.0,00111111000000011010
69,1.0,00111111000000011010,1.0,01110111000000001001
69,1.0,01110111000000001001,1.0,01110111000000001001
69,1.0,01110111000000001001,1.0,01111111000000000110
69,1.0,01111111000000000110,1.0,01111111000000000110
69,1.0,01111111000000000110,1.0,01111111000000000110
69,1.0,01111111000000000110,1.0,01110111000000000111
69,1.0,01110111000000000111,1.0,01110011000000100100
69,1.0,01110011000000100100,1.0,01110011000000100100
69,1.0,01110011000000100100,1.0,00110011000100100110
69,1.0,00110011000100100110,1.0,00111111100000100110
69,1.0,00111111100000100110,1.0,00101011110001100101
69,1.0,00101011110001100101,1.0,10100001110001001101
69,1.0,10100001110001001101,1.0,10101001110101001011
69,1.0,10101001110101001011,1.0,10101001110101001011
69,1.0,10101001110101001011,1.0,10101001110001011011
69,1.0,10101001110001011011,1.0,10001001111011110011
69,1.0,10001001111011110011,1.0,10001001111011110011
69,1.0,10001001111011110011,1.0,11001001011011010011
69,1.0,11001001011011010011,1.0,10001101111101010010
69,1.0,10001101111101010010,1.0,10001101011110110110
69,1.0,10001101011110110110,1.0,10011101001110000111
69,1.0,10011101001110000111,1.0,00011101011110100101
69,1.0,00011101011110100101,1.0,10001001011110101100
69,1.0,10001001011110101100,1.0,11011001000100101100
70,7.0,00000111001001110100,3.0,00001011001001111000
70,3.0,00001011001001111000,1.0,00001011011001101010
70,1.0,00001011011001101010,1.0,00001011011001101010
70,1.0,00001011011001101010,1.0,00100011011001100000
70,1.0,00100011011001100000,1.0,00101011001011100000
70,1.0,00101011001011100000,1.0,01101011001001000001
70,1.0,01101011001001000001,1.0,01111010001001000001
70,1.0,01111010001001000001,1.0,01111010001001000001
70,1.0,01111010001001000001,1.0,01111010001001000001
70,1.0,01111010001001000001,1.0,01111010001001000001
70,1.0,01111010001001000001,1.0,01101011001001000001
70,1.0,01101011001001000001,1.0,11100001001110010011
70,1.0,11100001001110010011,1.0,11100001001110010011
70,1.0,11100001001110010011,1.0,11100001001110010011
70,1.0,11100001001110010011,1.0,11100011001000010000
70,1.0,11100011001000010000,1.0,01100011001000101000
70,1.0,01100011001000101000,1.0,01100011101000001000
70,1.0,01100011101000001000,1.0,00100111101010001010
70,1.0,00100111101010001010,1.0,00001111101110101011
70,1.0,00001111101110101011,1.0,00001111101110101011
70,1.0,00001111101110101011,1.0,00010111100110101010
70,1.0,00010111100110101010,1.0,00111111000100001010
70,1.0,00111111000100001010,1.0,00111111001010000000
70,1.0,00111111001010000000,1.0,00111101001011000000
70,1.0,00111101001011000000,1.0,00111101001011000000
70,1.0,00111101001011000000,1.0,00111110001011000011
70,1.0,00111110001011000011,1.0,00111110110011010000
70,1.0,00111110110011010000,1.0,11110100010011010011
70,1.0,11110100010011010011,1.0,01111110100001010010
70,1.0,01111110100001010010,1.0,01110110000011010010
70,1.0,01110110000011010010,1.0,01010110000011110101
70,1.0,01010110000011110101,1.0,01010110000111100101
70,1.0,01010110000111100101,1.0,01010011100100100110
70,1.0,01010011100100100110,1.0,01011101110110100111
70,1.0,01011101110110100111,1.0,01011101110110100111
70,1.0,01011101110110100111,1.0,01011101110110100111
70,1.0,01011101110110100111,1.0,01011101101010100100
70,1.0,01011101101010100100,1.0,01010101101010100101
70,1.0,01010101101010100101,1.0,01011000101010111101
70,1.0,01011000101010111101,1.0,00011010101010011100
70,1.0,00011010101010011100,1.0,00011010111010001110
70,1.0,00011010111010001110,1.0,00010010111010001111
70,1.0,00010010111010001111,1.0,00010110111100101011
70,1.0,00010110111100101011,1.0,00010110111010011011
70,1.0,00010110111010011011,1.0,11011110100100011011
70,1.0,11011110100100011011,1.0,11011110100100011011
70,1.0,11011110100100011011,1.0,11011110100100011011
70,1.0,11011110100100011011,1.0,11010100001110011010
70,1.0,11010100001110011010,1.0,10010100111110011001
70,1.0,10010100111110011001,1.0,10010110110110011010
70,1.0,10010110110110011010,1.0,10010100111110011001
70,1.0,10010100111110011001,1.0,10001101111110011000
70,1.0,10001101111110011000,1.0,10000011011010011001
70,1.0,10000011011010011001,1.0,11000001111010011010
70,1.0,11000001111010011010,1.0,11000101110010111100
70,1.0,11000101110010111100,1.0,11000101110010111100
70,1.0,11000101110010111100,1.0,11000101110010111100
70,1.0,11000101110010111100,1.0,10000101110110111110
70,1.0,10000101110110111110,1.0,11000101110010111100
70,1.0,11000101110010111100,1.0,11000101110001111000
70,1.0,11000101110001111000,1.0,11000101110001111000
70,1.0,11000101110001111000,1.0,10100001010101011000
70,1.0,10100001010101011000,1.0,10100001010101011000
70,1.0,10100001010101011000,1.0,10101101110100111011
70,1.0,10101101110100111011,1.0,11101101110000111001
70,1.0,11101101110000111001,1.0,01110101010000011011
70,1.0,01110101010000011011,1.0,01110001011000010001
70,1.0,01110001011000010001,1.0,01110001011000010001
70,1.0,01110001011000010001,1.0,00111001011100010010
70,1.0,00111001011100010010,1.0,00111101111000010011
70,1.0,00111101111000010011,1.0,00111101111000010011
70,1.0,00111101111000010011,1.0,00110100111100010111
70,1.0,00110100111100010111,1.0,00110100011100110111
70,1.0,00110100011100110111,1.0,01010100011110110110
70,1.0,01010100011110110110,1.0,01010100011110110110
70,1.0,01010100011110110110,1.0,00011110111110110001
70,1.0,00011110111110110001,1.0,00011111011100100001
70,1.0,00011111011100100001,1.0,00011001011100110101
70,1.0,00011001011100110101,1.0,00011001011100110101
70,1.0,00011001011100110101,1.0,00110001011000010100
70,1.0,00110001011000010100,1.0,00011011011010000101
70,1.0,00011011011010000101,1.0,11010010011010000101
70,1.0,11010010011010000101,1.0,11010100011010110101
70,1.0,11010100011010110101,1.0,11010100011010110101
70,1.0,11010100011010110101,1.0,11011100011010110100
70,1.0,11011100011010110100,1.0,11011100011010110100
70,1.0,11011100011010110100,1.0,10010100011110110111
70,1.0,10010100011110110111,1.0,10011100011110110110
70,1.0,10011100011110110110,1.0,11011100011010110100
70,1.0,11011100011010110100,1.0,11010100011010110101
70,1.0,11010100011010110101,1.0,11000101011010110101
70,1.0,11000101011010110101,1.0,11001110011010110111
70,1.0,11001110011010110111,1.0,11001110011010110111
70,1.0,11001110011010110111,1.0,11001110011001110011
70,1.0,11001110011001110011,1.0,11001110011001110011
70,1.0,11001110011001110011,1.0,11001010001001110101
70,1.0,11001010001001110101,1.0,10001110111001010110
70,1.0,10001110111001010110,1.0,10001110111101000110
70,1.0,10001110111101000110,1.0,10000110111101000111
70,1.0,10000110111101000111,1.0,11000010011101000100
70,1.0,11000010011101000100,1.0,01000101011001001100
70,1.0,01000101011001001100,1.0,11001101011010001101
70,1.0,11001101011010001101,1.0,11000101011000101110
70,1.0,11000101011000101110,1.0,11101000111000101111
70,1.0,11101000111000101111,1.0,11111100110000110111
70,1.0,11111100110000110111,1.0,11111000110010110100
70,1.0,11111000110010110100,1.0,11110000111000110000
70,1.0,11110000111000110000,1.0,11110000111000110000
70,1.0,11110000111000110000,1.0,11110000101000101010
70,1.0,11110000101000101010,1.0,01110100101000111000
70,1.0,01110100101000111000,1.0,01111100100110111011
70,1.0,01111100100110111011,1.0,01111100100110111011
70,1.0,01111100100110111011,1.0,01111100100110111011
70,1.0,01111100100110111011,1.0,01100010110110111011
70,1.0,01100010110110111011,1.0,11100110100100111010
70,1.0,11100110100100111010,1.0,10101010110110111011
70,1.0,10101010110110111011,1.0,01101011010110110001
70,1.0,01101011010110110001,1.0,11111010000110010011
70,1.0,11111010000110010011,1.0,01111010110110010001
70,1.0,01111010110110010001,1.0,01110010100110110011
70,1.0,01110010100110110011,1.0,01110110110010110010
70,1.0,01110110110010110010,1.0,01110110110010110010
70,1.0,01110110110010110010,1.0,01110110110010110010
70,1.0,01110110110010110010,1.0,11111110010010010010
70,1.0,11111110010010010010,1.0,11011110010010110101
70,1.0,11011110010010110101,1.0,11001110110010111110
70,1.0,11001110110010111110,1.0,11001110110010111110
70,1.0,11001110110010111110,1.0,11000110110110101111
70,1.0,11000110110110101111,1.0,11000110110110101111
70,1.0,11000110110110101111,1.0,11100100110110011101
70,1.0,11100100110110011101,1.0,11101100110110011100
70,1.0,11101100110110011100,1.0,11101100110110011100
70,1.0,11101100110110011100,1.0,11000101110100011111
70,1.0,11000101110100011111,1.0,01101101100100011111
70,1.0,01101101100100011111,1.0,01101101100110111011
70,1.0,01101101100110111011,1.0,00101101100101111010
70,1.0,00101101100101111010,1.0,10101101110100111011
70,1.0,10101101110100111011,1.0,10100011110100110011
70,1.0,10100011110100110011,1.0,11100011110100100001
70,1.0,11100011110100100001,1.0,11100101010101100011
70,1.0,11100101010101100011,1.0,11100111010110000011
70,1.0,11100111010110000011,1.0,11100011010110100000
70,1.0,11100011010110100000,1.0,11100011000101000001
70,1.0,11100011000101000001,1.0,01100011000101010010
70,1.0,01100011000101010010,1.0,01110101110100010010
70,1.0,01110101110100010010,1.0,01110101110100010010
70,1.0,01110101110100010010,1.0,00110111010100010001
70,1.0,00110111010100010001,1.0,00111111000110010001
70,1.0,00111111000110010001,1.0,00111011110010010001
70,1.0,00111011110010010001,1.0,00101111110011010000
70,1.0,00101111110011010000,1.0,00101010110111011001
70,1.0,00101010110111011001,1.0,10100010110111001000
70,1.0,10100010110111001000,1.0,10100010110111001000
70,1.0,10100010110111001000,1.0,00101110110111101001
70,1.0,00101110110111101001,1.0,00101100111111101000
70,1.0,00101100111111101000,1.0,00100001011011100100
70,1.0,00100001011011100100,1.0,01101001011011100000
70,1.0,01101001011011100000,1.0,00100011011001100000
70,1.0,00100011011001100000,1.0,00101011101001100001
70,1.0,00101011101001100001,1.0,00101011101001100001
70,1.0,00101011101001100001,1.0,10101011000001101001
70,1.0,10101011000001101001,1.0,10100011000101010011
70,1.0,10100011000101010011,1.0,10100001001101010010
70,1.0,10100001001101010010,1.0,10100001111000011011
70,1.0,10100001111000011011,1.0,10101001011000111010
70,1.0,10101001011000111010,1.0,10100001011000111011
70,1.0,10100001011000111011,1.0,01100001011000111010
70,1.0,01100001011000111010,1.0,00101001011001011000
70,1.0,00101001011001011000,1.0,00100001001001111010
70,1.0,00100001001001111010,1.0,00100001001001111010
70,1.0,00100001001001111010,1.0,00101101011001101000
70,1.0,00101101011001101000,1.0,00101101010011101101
71,1.0,11001101100111101000,1.0,00011101100111101001
71,1.0,00011101100111101001,1.0,00010101100011111010
71,1.0,00010101100011111010,1.0,10011101000011011010
71,1.0,10011101000011011010,1.0,10011101000011011010
71,1.0,10011101000011011010,1.0,10010101000001101100
71,1.0,10010101000001101100,1.0,11010100110010111100
71,1.0,11010100110010111100,1.0,11011100110110111010
71,1.0,11011100110110111010,1.0,11011100110110111010
71,1.0,11011100110110111010,1.0,11011110100100011011
71,1.0,11011110100100011011,1.0,11010110100100001101
71,1.0,11010110100100001101,1.0,01010011110100000101
71,1.0,01010011110100000101,1.0,01010011110100000101
71,1.0,01010011110100000101,1.0,00010111110110000111
71,1.0,00010111110110000111,1.0,00010111110110000111
71,1.0,00010111110110000111,1.0,00011011100110010111
71,1.0,00011011100110010111,1.0,00010011101100010011
71,1.0,00010011101100010011,1.0,00010111111100000010
71,1.0,00010111111100000010,1.0,01010111111000000000
71,1.0,01010111111000000000,1.0,01011011001000000111
71,1.0,01011011001000000111,1.0,01011011110000010100
71,1.0,01011011110000010100,1.0,01011011100010010101
71,1.0,01011011100010010101,1.0,01010111110010000101
71,1.0,01010111110010000101,1.0,01011011100110000101
71,1.0,01011011100110000101,1.0,11011011000100000110
71,1.0,11011011000100000110,1.0,11000111000101000110
71,1.0,11000111000101000110,1.0,11000111000101000110
71,1.0,11000111000101000110,1.0,10000111100101100110
71,1.0,10000111100101100110,1.0,11000101110101100110
71,1.0,11000101110101100110,1.0,11100100011001100110
71,1.0,11100100011001100110,1.0,11101000001101100110
71,1.0,11101000001101100110,1.0,11100100011001100110
71,1.0,11100100011001100110,1.0,11100101001001100000
71,1.0,11100101001001100000,1.0,11100001101000101010
71,1.0,11100001101000101010,1.0,01001001111100101100
71,1.0,01001001111100101100,1.0,01001001110101101101
71,1.0,01001001110101101101,1.0,01100011010100101011
71,1.0,01100011010100101011,1.0,11100101010110101001
71,1.0,11100101010110101001,1.0,11101101110100101001
71,1.0,11101101110100101001,1.0,11101101110100100111
71,1.0,11101101110100100111,1.0,11101101110100100111
71,1.0,11101101110100100111,1.0,01101111010100100101
71,1.0,01101111010100100101,1.0,01101110110110110101
71,1.0,01101110110110110101,1.0,01101110100010111111
71,1.0,01101110100010111111,1.0,01101110100010111111
71,1.0,01101110100010111111,1.0,01100111100010011001
71,1.0,01100111100010011001,1.0,11101010110010111001
71,1.0,11101010110010111001,1.0,11101010110010111001
71,1.0,11101010110010111001,1.0,11101010110010111001
71,1.0,11101010110010111001,1.0,11101010110010111001
71,1.0,11101010110010111001,1.0,11101010110010111001
71,1.0,11101010110010111001,1.0,11001011010010111010
71,1.0,11001011010010111010,1.0,11000011010010111011
71,1.0,11000011010010111011,1.0,11000001011010111010
71,1.0,11000001011010111010,1.0,11011001001010001010
71,1.0,11011001001010001010,1.0,11011001001010001010
71,1.0,11011001001010001010,1.0,01010001001011010000
71,1.0,01010001001011010000,1.0,01010001001011010000
71,1.0,01010001001011010000,1.0,01010001001011010000
71,1.0,01010001001011010000,1.0,01010001101001010001
71,1.0,01010001101001010001,1.0,01110001001000001011
71,1.0,01110001001000001011,1.0,11101100011010111010
71,1.0,11101100011010111010,1.0,11100000011000111100
71,1.0,11100000011000111100,1.0,11100100011001100110
71,1.0,11100100011001100110,1.0,11101000011101000101
71,1.0,11101000011101000101,1.0,11100000111100001100
71,1.0,11100000111100001100,1.0,01010010001100001101
71,1.0,01010010001100001101,1.0,01010010001111000011
71,1.0,01010010001111000011,1.0,01111000100111001011
71,1.0,01111000100111001011,1.0,01010001100011101011
71,1.0,01010001100011101011,1.0,00010001001011101001
71,1.0,00010001001011101001,1.0,00010001011001101000
71,1.0,00010001011001101000,1.0,00101101011001101000
71,1.0,00101101011001101000,1.0,00101001111001110011
71,1.0,00101001111001110011,1.0,00111000111001110011
71,1.0,00111000111001110011,1.0,11110000110001110001
71,1.0,11110000110001110001,1.0,11110000110001110001
71,1.0,11110000110001110001,1.0,11100100110111110011
71,1.0,11100100110111110011,1.0,11101100100111011001
71,1.0,11101100100111011001,1.0,01111100100100011111
71,1.0,01111100100100011111,1.0,00110100110100111110
71,1.0,00110100110100111110,1.0,00111001110000101110
71,1.0,00111001110000101110,1.0,00111000011100101100
71,1.0,00111000011100101100,1.0,00111000001110101101
71,1.0,00111000001110101101,1.0,00111000001110101101
71,1.0,00111000001110101101,1.0,00010000001111101100
71,1.0,00010000001111101100,1.0,00111000001101101001
71,1.0,00111000001101101001,1.0,00110001000101101000
71,1.0,00110001000101101000,1.0,00111000001101101001
71,1.0,00111000001101101001,1.0,00111000001101101001
71,1.0,00111000001101101001,1.0,00111000011100101100
71,1.0,00111000011100101100,1.0,00111000001110101101
71,1.0,00111000001110101101,1.0,00111000001110101101
71,1.0,00111000001110101101,1.0,00011000101110111111
71,1.0,00011000101110111111,1.0,01011000101110101101
71,1.0,01011000101110101101,1.0,01010000111100101101
71,1.0,01010000111100101101,1.0,01011000110101101101
71,1.0,01011000110101101101,1.0,00011100110111101111
71,1.0,00011100110111101111,1.0,01010100111010101101
71,1.0,01010100111010101101,1.0,01010100111010101101
71,1.0,01010100111010101101,1.0,01010001101000001110
71,1.0,01010001101000001110,1.0,01011101100000111110
71,1.0,01011101100000111110,1.0,01010001100010111100
71,1.0,01010001100010111100,1.0,01011011000010110101
71,1.0,01011011000010110101,1.0,01010110001110110011
71,1.0,01010110001110110011,1.0,11010111100010010000
71,1.0,11010111100010010000,1.0,01010111100000011011
71,1.0,01010111100000011011,1.0,00010111100000011110
71,1.0,00010111100000011110,1.0,00010111100000011110
71,1.0,00010111100000011110,1.0,00110111000000011011
71,1.0,00110111000000011011,1.0,00110111010100010001
71,1.0,00110111010100010001,1.0,00101111010100110111
71,1.0,00101111010100110111,1.0,00101101010110111101
71,1.0,00101101010110111101,1.0,00000101010111111100
71,1.0,00000101010111111100,1.0,00001001111100111110
71,1.0,00001001111100111110,1.0,01001001111100111011
71,1.0,01001001111100111011,1.0,01100001111000011010
71,1.0,01100001111000011010,1.0,11100001011010001000
71,1.0,11100001011010001000,1.0,01100001011011100001
71,1.0,01100001011011100001,1.0,01101001111011000000
71,1.0,01101001111011000000,1.0,01001001111011110010
71,1.0,01001001111011110010,1.0,01000001111011110011
71,1.0,01000001111011110011,1.0,01011101110011010011
71,1.0,01011101110011010011,1.0,00010101110011010111
71,1.0,00010101110011010111,1.0,00010101110011010111
71,1.0,00010101110011010111,1.0,00010001110101010111
71,1.0,00010001110101010111,1.0,00111001010110010111
71,1.0,00111001010110010111,1.0,00111001010101010011
71,1.0,00111001010101010011,1.0,00111001001001010000
71,1.0,00111001001001010000,1.0,10111001011000010001
71,1.0,10111001011000010001,1.0,00110001011000010100
71,1.0,00110001011000010100,1.0,00100001011001010111
71,1.0,00100001011001010111,1.0,00110000011001010111
71,1.0,00110000011001010111,1.0,00111000011001010110
71,1.0,00111000011001010110,1.0,00111010001001000100
71,1.0,00111010001001000100,1.0,00111010010101000111
71,1.0,00111010010101000111,1.0,00010010110111100111
71,1.0,00010010110111100111,1.0,00010110001110110110
71,1.0,00010110001110110110,1.0,00011110001000111111
71,1.0,00011110001000111111,1.0,01011011001000000111
71,1.0,01011011001000000111,1.0,01011011001000000111
71,1.0,01011011001000000111,1.0,01011011001000000111
71,1.0,01011011001000000111,1.0,01011011001000000111
71,1.0,01011011001000000111,1.0,01011011001000000111
71,1.0,01011011001000000111,1.0,00011011001000001100
71,1.0,00011011001000001100,1.0,00011011001000001100
71,1.0,00011011001000001100,1.0,00011011001100001011
71,1.0,00011011001100001011,1.0,00011011001100001011
71,1.0,00011011001100001011,1.0,00011011001100001011
71,1.0,00011011001100001011,1.0,00011011001100001011
71,1.0,00011011001100001011,1.0,00111011001100000000
71,1.0,00111011001100000000,1.0,00111011001100000000
71,1.0,00111011001100000000,1.0,00110111011000000000
71,1.0,00110111011000000000,1.0,00101011011100001000
71,1.0,00101011011100001000,1.0,00000011011110011010
71,1.0,00000011011110011010,1.0,00101001011110011011
71,1.0,00101001011110011011,1.0,00101001011110011011
71,1.0,00101001011110011011,1.0,10001101111110010110
71,1.0,10001101111110010110,1.0,11001001111100010100
71,1.0,11001001111100010100,1.0,11000000111100111110
71,1.0,11000000111100111110,1.0,10000000111101011101
71,1.0,10000000111101011101,1.0,11001000111101010111
71,1.0,11001000111101010111,1.0,10101000011101010111
71,1.0,10101000011101010111,1.0,00110000111101010000
71,1.0,00110000111101010000,1.0,00100001111101010000
71,1.0,00100001111101010000,1.0,00100011111100010000
71,1.0,00100011111100010000,1.0,00101001111010111001
71,1.0,00101001111010111001,1.0,01001101111010111011
71,1.0,01001101111010111011,1.0,01001101111010101100
71,1.0,01001101111010101100,1.0,01011000101010111101
71,1.0,01011000101010111101,1.0,01001001101010111101
71,1.0,01001001101010111101,1.0,00001101111010111110
71,1.0,00001101111010111110,1.0,00001101111010111110
71,1.0,00001101111010111110,1.0,00010101111010011000
71,1.0,00010101111010011000,1.0,00010100111010111111
71,1.0,00010100111010111111,1.0,00011001001010011111
71,1.0,00011001001010011111,1.0,00001101001011011110
71,1.0,00001101001011011110,1.0,00011001100111010111
71,1.0,00011001100111010111,1.0,00011001100111010111
71,1.0,00011001100111010111,1.0,00011001100111010111
71,1.0,00011001100111010111,1.0,00010001101101010011
71,1.0,00010001101101010011,1.0,00110101100101010010
71,1.0,00110101100101010010,1.0,00110001100101000110
71,1.0,00110001100101000110,1.0,10111001100001000100
71,1.0,10111001100001000100,1.0,10110001100001000101
71,1.0,10110001100001000101,1.0,01110001100001000100
71,1.0,01110001100001000100,1.0,01111001000001001011
71,1.0,01111001000001001011,1.0,01111001000100011011
71,1.0,01111001000100011011,1.0,11111000000100011101
71,1.0,11111000000100011101,1.0,11111100100110010100
71,1.0,11111100100110010100,1.0,11110100110100010100
71,1.0,11110100110100010100,1.0,11110100010011010011
71,1.0,11110100010011010011,1.0,11011001010011010001
71,1.0,11011001010011010001,1.0,11101101010011010010
71,1.0,11101101010011010010,1.0,11101101010011010010
71,1.0,11101101010011010010,1.0,11100001011001000010
72,1.0,00010001111100010110,1.0,10000101111110010111
72,1.0,10000101111110010111,1.0,10000101111110010111
72,1.0,10000101111110010111,1.0,00011101111110000101
72,1.0,00011101111110000101,1.0,00011111101110000010
72,1.0,00011111101110000010,1.0,00010111111100000010
72,1.0,00010111111100000010,1.0,00011011001100001011
72,1.0,00011011001100001011,1.0,00111111000100001010
72,1.0,00111111000100001010,1.0,00110111000100110010
72,1.0,00110111000100110010,1.0,11010101000100111001
72,1.0,11010101000100111001,1.0,10011011100100101000
72,1.0,10011011100100101000,1.0,10011011100100101000
72,1.0,10011011100100101000,1.0,10011011100100101000
72,1.0,10011011100100101000,1.0,01010011100100101000
72,1.0,01010011100100101000,1.0,01111011000100100010
72,1.0,01111011000100100010,1.0,00110010100110111000
72,1.0,00110010100110111000,1.0,00110010100100011100
72,1.0,00110010100100011100,1.0,10100110110100011100
72,1.0,10100110110100011100,1.0,10101110110100101111
72,1.0,10101110110100101111,1.0,00100011110100001110
72,1.0,00100011110100001110,1.0,10100011010100010110
72,1.0,10100011010100010110,1.0,00101111010100110111
72,1.0,00101111010100110111,1.0,01101110110110110101
72,1.0,01101110110110110101,1.0,01101110110110110101
72,1.0,01101110110110110101,1.0,01101110110110110101
72,1.0,01101110110110110101,1.0,10101010110110111011
72,1.0,10101010110110111011,1.0,10101010110110111011
72,1.0,10101010110110111011,1.0,10100110001000011111
72,1.0,10100110001000011111,1.0,10100011101000001001
72,1.0,10100011101000001001,1.0,10100011101000001001
72,1.0,10100011101000001001,1.0,10100011101000001001
72,1.0,10100011101000001001,1.0,10100011101000001001
72,1.0,10100011101000001001,1.0,10100011101000000111
72,1.0,10100011101000000111,1.0,10101011100010001101
72,1.0,10101011100010001101,1.0,10101011110000001100
72,1.0,10101011110000001100,1.0,11101000110101001100
72,1.0,11101000110101001100,1.0,11011110110101000001
72,1.0,11011110110101000001,1.0,11011110111100000000
72,1.0,11011110111100000000,1.0,11011100111101000000
72,1.0,11011100111101000000,1.0,10011110101101000000
72,1.0,10011110101101000000,1.0,10011110001100010111
72,1.0,10011110001100010111,1.0,10011110001100010111
72,1.0,10011110001100010111,1.0,11011110101110000001
72,1.0,11011110101110000001,1.0,01010110101110000100
72,1.0,01010110101110000100,1.0,00010010101011100100
72,1.0,00010010101011100100,1.0,00010010101011100100
72,1.0,00010010101011100100,1.0,10010010001011000101
72,1.0,10010010001011000101,1.0,10110000001011000110
72,1.0,10110000001011000110,1.0,00111000001011010111
72,1.0,00111000001011010111,1.0,00110000111011000100
72,1.0,00110000111011000100,1.0,11101100101011000110
72,1.0,11101100101011000110,1.0,10100001001011000110
72,1.0,10100001001011000110,1.0,10100101001011010010
72,1.0,10100101001011010010,1.0,11100101001001100000
72,1.0,11100101001001100000,1.0,11101101000001011001
72,1.0,11101101000001011001,1.0,11100001001001010000
72,1.0,11100001001001010000,1.0,11100001001001010000
72,1.0,11100001001001010000,1.0,11100101001001100000
72,1.0,11100101001001100000,1.0,11001101011001000111
72,1.0,11001101011001000111,1.0,11011100011001000111
72,1.0,11011100011001000111,1.0,11011100011001000111
72,1.0,11011100011001000111,1.0,01010100011001001100
72,1.0,01010100011001001100,1.0,01010100011001001100
72,1.0,01010100011001001100,1.0,11100100011001101000
72,1.0,11100100011001101000,1.0,11100110011000101000
72,1.0,11100110011000101000,1.0,10100010111010101011
72,1.0,10100010111010101011,1.0,10101110111010100101
72,1.0,10101110111010100101,1.0,00100011111000100101
72,1.0,00100011111000100101,1.0,00101011011100000110
72,1.0,00101011011100000110,1.0,00100011010100101110
72,1.0,00100011010100101110,1.0,00100011110100001110
72,1.0,00100011110100001110,1.0,00100011110100001110
72,1.0,00100011110100001110,1.0,00111111000100001010
72,1.0,00111111000100001010,1.0,00110111000100001011
72,1.0,00110111000100001011,1.0,00110111000100001011
72,1.0,00110111000100001011,1.0,00110011000100101000
72,1.0,00110011000100101000,1.0,00111011000101000001
72,1.0,00111011000101000001,1.0,10100101000111100111
72,1.0,10100101000111100111,1.0,10100101000111100111
72,1.0,10100101000111100111,1.0,11100101010110100111
72,1.0,11100101010110100111,1.0,11100101000011100101
72,1.0,11100101000011100101,1.0,11100100100011101110
72,1.0,11100100100011101110,1.0,01101101000001101111
72,1.0,01101101000001101111,1.0,00101001000011111110
72,1.0,00101001000011111110,1.0,00111001000011010101
72,1.0,00111001000011010101,1.0,00010001110011110100
72,1.0,00010001110011110100,1.0,00010001110111100100
72,1.0,00010001110111100100,1.0,00010001110111100100
72,1.0,00010001110111100100,1.0,00011101101110100110
72,1.0,00011101101110100110,1.0,00010101111100100110
72,1.0,00010101111100100110,1.0,01011000101101100111
72,1.0,01011000101101100111,1.0,01011000001111100110
72,1.0,01011000001111100110,1.0,01010010001011000100
72,1.0,01010010001011000100,1.0,00011010101011001011
72,1.0,00011010101011001011,1.0,00001011101011001011
72,1.0,00001011101011001011,1.0,00001011001011101011
72,1.0,00001011001011101011,1.0,00001110001111111010
72,1.0,00001110001111111010,1.0,00001110001111111010
72,1.0,00001110001111111010,1.0,00010010001111001000
72,1.0,00010010001111001000,1.0,00011110001101001010
72,1.0,00011110001101001010,1.0,00011110100101111001
72,1.0,00011110100101111001,1.0,00011110100110111101
72,1.0,00011110100110111101,1.0,00011110100101111001
72,1.0,00011110100101111001,1.0,00011110110100111100
72,1.0,00011110110100111100,1.0,00111100110110011101
72,1.0,00111100110110011101,1.0,00010100110111011100
72,1.0,00010100110111011100,1.0,00011100110011111111
72,1.0,00011100110011111111,1.0,01011100110011101101
72,1.0,01011100110011101101,1.0,01011000110101101101
72,1.0,01011000110101101101,1.0,11100000110101001101
72,1.0,11100000110101001101,1.0,10101100110001111111
72,1.0,10101100110001111111,1.0,10101010110001110110
72,1.0,10101010110001110110,1.0,11100110100001010101
72,1.0,11100110100001010101,1.0,11101110100110010111
72,1.0,11101110100110010111,1.0,11101100100111010111
72,1.0,11101100100111010111,1.0,11101101100101010000
72,1.0,11101101100101010000,1.0,11100101000101110001
72,1.0,11100101000101110001,1.0,11100101000110110101
72,1.0,11100101000110110101,1.0,11100101000110110101
72,1.0,11100101000110110101,1.0,11101101000101000111
72,1.0,11101101000101000111,1.0,00110001010101000101
72,1.0,00110001010101000101,1.0,00110001010101000101
72,1.0,00110001010101000101,1.0,01100101010100011110
72,1.0,01100101010100011110,1.0,01100101111100000101
72,1.0,01100101111100000101,1.0,01100101011110000100
72,1.0,01100101011110000100,1.0,01111001010110000101
72,1.0,01111001010110000101,1.0,01111001100110001000
72,1.0,01111001100110001000,1.0,01010001100110111011
72,1.0,01010001100110111011,1.0,01000101100111111010
72,1.0,01000101100111111010,1.0,01001101010111111000
72,1.0,01001101010111111000,1.0,01000101100111111010
72,1.0,01000101100111111010,1.0,01000101100111111010
72,1.0,01000101100111111010,1.0,01000101100111111010
72,1.0,01000101100111111010,1.0,01000101110111011001
72,1.0,01000101110111011001,1.0,01001101011111010001
72,1.0,01001101011111010001,1.0,01001101011111010001
72,1.0,01001101011111010001,1.0,01000101011110111000
72,1.0,01000101011110111000,1.0,01000111011100110010
72,1.0,01000111011100110010,1.0,11001111011100100000
72,1.0,11001111011100100000,1.0,10011011101100000001
72,1.0,10011011101100000001,1.0,10011001101100100101
72,1.0,10011001101100100101,1.0,10011101101010100101
72,1.0,10011101101010100101,1.0,10010001100010111101
72,1.0,10010001100010111101,1.0,10001110100011111110
72,1.0,10001110100011111110,1.0,11000110100011101101
72,1.0,11000110100011101101,1.0,01011110000011001101
72,1.0,01011110000011001101,1.0,00010110001001001100
72,1.0,00010110001001001100,1.0,10011110001001001001
72,1.0,10011110001001001001,1.0,00011110001101001010
72,1.0,00011110001101001010,1.0,00011011001100001011
72,1.0,00011011001100001011,1.0,00011011001100001011
72,1.0,00011011001100001011,1.0,10011010001100001101
72,1.0,10011010001100001101,1.0,00111110101100000100
72,1.0,00111110101100000100,1.0,01110010101000000110
72,1.0,01110010101000000110,1.0,01111010001010000101
72,1.0,01111010001010000101,1.0,01010010001100001101
72,1.0,01010010001100001101,1.0,01011010101100100111
72,1.0,01011010101100100111,1.0,11011000011110100111
72,1.0,11011000011110100111,1.0,10110000111010100110
72,1.0,10110000111010100110,1.0,10010000011110101101
72,1.0,10010000011110101101,1.0,10010100011110110111
72,1.0,10010100011110110111,1.0,10010100011110111001
72,1.0,10010100011110111001,1.0,10011100011110111000
72,1.0,10011100011110111000,1.0,11001010011100111001
72,1.0,11001010011100111001,1.0,11001010110100111110
72,1.0,11001010110100111110,1.0,11000101110110111011
72,1.0,11000101110110111011,1.0,11000101110100011111
72,1.0,11000101110100011111,1.0,11000001110100111100
72,1.0,11000001110100111100,1.0,11000001101100111000
72,1.0,11000001101100111000,1.0,11000001101100111000
72,1.0,11000001101100111000,1.0,01001001111100111011
72,1.0,01001001111100111011,1.0,00000111101100111001
72,1.0,00000111101100111001,1.0,00100011100110111000
72,1.0,00100011100110111000,1.0,00110011100010110011
72,1.0,00110011100010110011,1.0,00110111000010100110
72,1.0,00110111000010100110,1.0,10010011000110100110
72,1.0,10010011000110100110,1.0,10011110010110110111
72,1.0,10011110010110110111,1.0,01011110010110110110
72,1.0,01011110010110110110,1.0,01010100011110110110
72,1.0,01010100011110110110,1.0,11011000011100110100
72,1.0,11011000011100110100,1.0,11011000001101110001
72,1.0,11011000001101110001,1.0,01010000011101100110
72,1.0,01010000011101100110,1.0,01011100010111110110
72,1.0,01011100010111110110,1.0,01110100000111100110
72,1.0,01110100000111100110,1.0,01110100000111100110
72,1.0,01110100000111100110,1.0,01110100010111000101
72,1.0,01110100010111000101,1.0,01110100000111100110
73,9.0,10011101101000011001,1.0,11010001001000011000
73,1.0,11010001001000011000,1.0,11010001001000011000
73,1.0,11010001001000011000,1.0,11011001000010011100
73,1.0,11011001000010011100,1.0,11010001010000011100
73,1.0,11010001010000011100,1.0,11110100000000111110
73,1.0,11110100000000111110,1.0,01101000100101111111
73,1.0,01101000100101111111,1.0,01100001100100111101
73,1.0,01100001100100111101,1.0,01100101110100101100
73,1.0,01100101110100101100,1.0,10101110110100101111
73,1.0,10101110110100101111,1.0,10100110010110101111
73,1.0,10100110010110101111,1.0,00100111010010101110
73,1.0,00100111010010101110,1.0,00001011010011101111
73,1.0,00001011010011101111,1.0,00001011010011101111
73,1.0,00001011010011101111,1.0,10000011000011101100
73,1.0,10000011000011101100,1.0,10000011000001011111
73,1.0,10000011000001011111,1.0,10001111010001001101
73,1.0,10001111010001001101,1.0,00011111010001001011
73,1.0,00011111010001001011,1.0,00110111010010000101
73,1.0,00110111010010000101,1.0,00110001011100000100
73,1.0,00110001011100000100,1.0,00110010011100000111
73,1.0,00110010011100000111,1.0,00111010011100000110
73,1.0,00111010011100000110,1.0,00111010011100000110
73,1.0,00111010011100000110,1.0,01111110001100100001
73,1.0,01111110001100100001,1.0,11110010001100000000
73,1.0,11110010001100000000,1.0,11110010001100000000
73,1.0,11110010001100000000,1.0,10110010000101000100
73,1.0,10110010000101000100,1.0,11110010000110000101
73,1.0,11110010000110000101,1.0,11110010000110000101
73,1.0,11110010000110000101,1.0,11100110000111000100
73,1.0,11100110000111000100,1.0,01101010001101000100
73,1.0,01101010001101000100,1.0,01101010001101000100
73,1.0,01101010001101000100,1.0,01101010001101000100
73,1.0,01101010001101000100,1.0,01101110001111000011
73,1.0,01101110001111000011,1.0,01101010001101000100
73,1.0,01101010001101000100,1.0,10101010001101000101
73,1.0,10101010001101000101,1.0,10101010001101000101
73,1.0,10101010001101000101,1.0,11001010001111000100
73,1.0,11001010001111000100,1.0,11000010001111000101
73,1.0,11000010001111000101,1.0,01000011001011000100
73,1.0,01000011001011000100,1.0,00000011001011010110
73,1.0,00000011001011010110,1.0,01001011101010010111
73,1.0,01001011101010010111,1.0,01001011101010010111
73,1.0,01001011101010010111,1.0,01000011111010100100
73,1.0,01000011111010100100,1.0,01001011111000010110
73,1.0,01001011111000010110,1.0,01011010111000010110
73,1.0,01011010111000010110,1.0,01010110111000100111
73,1.0,01010110111000100111,1.0,01000111111000100111
73,1.0,01000111111000100111,1.0,01001111101010100111
73,1.0,01001111101010100111,1.0,01101011001010000101
73,1.0,01101011001010000101,1.0,01001011101010010111
73,1.0,01001011101010010111,1.0,01000011001011000100
73,1.0,01000011001011000100,1.0,01101011001001000001
73,1.0,01101011001001000001,1.0,01101011001001000001
73,1.0,01101011001001000001,1.0,01111010001001000001
73,1.0,01111010001001000001,1.0,01010010011101000010
73,1.0,01010010011101000010,1.0,01011011100101000001
73,1.0,01011011100101000001,1.0,00111011000101000001
73,1.0,00111011000101000001,1.0,00101111011001000010
73,1.0,00101111011001000010,1.0,01101001011001010011
73,1.0,01101001011001010011,1.0,01101001011001010011
73,1.0,01101001011001010011,1.0,11000101111001010001
73,1.0,11000101111001010001,1.0,11000101101001110010
73,1.0,11000101101001110010,1.0,11101101101000110011
73,1.0,11101101101000110011,1.0,11101101101100100011
73,1.0,11101101101100100011,1.0,11101101101100100011
73,1.0,11101101101100100011,1.0,11100101001110100011
73,1.0,11100101001110100011,1.0,11100101000110110101
73,1.0,11100101000110110101,1.0,11100101000110110101
73,1.0,11100101000110110101,1.0,11100101000110110101
73,1.0,11100101000110110101,1.0,11101110100110010111
73,1.0,11101110100110010111,1.0,11101100101110010110
73,1.0,11101100101110010110,1.0,11101100101110010110
73,1.0,11101100101110010110,1.0,11010100101000011100
73,1.0,11010100101000011100,1.0,10010100101100011110
73,1.0,10010100101100011110,1.0,11011100101100011010
73,1.0,11011100101100011010,1.0,10010001001100011010
73,1.0,10010001001100011010,1.0,10010001011110010011
73,1.0,10010001011110010011,1.0,10111001011000010001
73,1.0,10111001011000010001,1.0,00110111011000000000
73,1.0,00110111011000000000,1.0,00110011001100000001
73,1.0,00110011001100000001,1.0,00110011001100000001
73,1.0,00110011001100000001,1.0,00110001001101000001
73,1.0,00110001001101000001,1.0,00010001101101010011
73,1.0,00010001101101010011,1.0,00011001101101010010
73,1.0,00011001101101010010,1.0,00111001001001010000
73,1.0,00111001001001010000,1.0,00110101001011000001
73,1.0,00110101001011000001,1.0,00110101001011000001
73,1.0,00110101001011000001,1.0,10110101000111000000
73,1.0,10110101000111000000,1.0,10011101000111110001
73,1.0,10011101000111110001,1.0,10110001000101010000
73,1.0,10110001000101010000,1.0,10110001000101010000
73,1.0,10110001000101010000,1.0,00111011000101000001
73,1.0,00111011000101000001,1.0,00110111000001100010
73,1.0,00110111000001100010,1.0,01110101000011100011
73,1.0,01110101000011100011,1.0,01111101100011000010
73,1.0,01111101100011000010,1.0,01110100010111000101
73,1.0,01110100010111000101,1.0,00111001010101000100
73,1.0,00111001010101000100,1.0,00011001110101010110
73,1.0,00011001110101010110,1.0,10011001010111010011
73,1.0,10011001010111010011,1.0,10011011010101000000
73,1.0,10011011010101000000,1.0,10110110010101000010
73,1.0,10110110010101000010,1.0,10010111000001001000
73,1.0,10010111000001001000,1.0,10010111000001001000
73,1.0,10010111000001001000,1.0,00010011000001110101
73,1.0,00010011000001110101,1.0,01000011000001011110
73,1.0,01000011000001011110,1.0,01000011000001011110
73,1.0,01000011000001011110,1.0,01000011000001011110
73,1.0,01000011000001011110,1.0,01000011000001011110
73,1.0,01000011000001011110,1.0,01100110000001011111
73,1.0,01100110000001011111,1.0,01000110100011111110
73,1.0,01000110100011111110,1.0,00001110101011101111
73,1.0,00001110101011101111,1.0,10000110101010111110
73,1.0,10000110101010111110,1.0,10000110101010111110
73,1.0,10000110101010111110,1.0,11000010101000111100
73,1.0,11000010101000111100,1.0,11101000101000111101
73,1.0,11101000101000111101,1.0,10101100101010111111
73,1.0,10101100101010111111,1.0,10101100101010111111
73,1.0,10101100101010111111,1.0,10100110101000101101
73,1.0,10100110101000101101,1.0,10100110001010101100
73,1.0,10100110001010101100,1.0,10000110011010111101
73,1.0,10000110011010111101,1.0,10000110011010111101
73,1.0,10000110011010111101,1.0,10000110011001110111
73,1.0,10000110011001110111,1.0,00001110111011110101
73,1.0,00001110111011110101,1.0,10000110111110110100
73,1.0,10000110111110110100,1.0,11001001011100110100
73,1.0,11001001011100110100,1.0,11100101110100010100
73,1.0,11100101110100010100,1.0,11101100110101011000
73,1.0,11101100110101011000,1.0,10101100111111010000
73,1.0,10101100111111010000,1.0,10101100111111010000
73,1.0,10101100111111010000,1.0,10100100111111010001
73,1.0,10100100111111010001,1.0,10111000111110010001
73,1.0,10111000111110010001,1.0,10011100111110011000
73,1.0,10011100111110011000,1.0,10010110110110011010
73,1.0,10010110110110011010,1.0,10011110010110111001
73,1.0,10011110010110111001,1.0,10011110010100011101
73,1.0,10011110010100011101,1.0,10111100010100011110
73,1.0,10111100010100011110,1.0,11110100010100001101
73,1.0,11110100010100001101,1.0,11010100011000101110
73,1.0,11010100011000101110,1.0,11010000001000111111
73,1.0,11010000001000111111,1.0,11001110101000011110
73,1.0,11001110101000011110,1.0,10000011001000011110
73,1.0,10000011001000011110,1.0,11010001001000010110
73,1.0,11010001001000010110,1.0,11110100001000010111
73,1.0,11110100001000010111,1.0,11110100011010010010
73,1.0,11110100011010010010,1.0,11011100111010010100
73,1.0,11011100111010010100,1.0,11011000101110010101
73,1.0,11011000101110010101,1.0,11011000101101010001
73,1.0,11011000101101010001,1.0,11011100101011010001
73,1.0,11011100101011010001,1.0,01011100001011011011
73,1.0,01011100001011011011,1.0,11010100001110011010
73,1.0,11010100001110011010,1.0,01010100111110011000
73,1.0,01010100111110011000,1.0,01001110111110011010
73,1.0,01001110111110011010,1.0,01010010011010011000
73,1.0,01010010011010011000,1.0,01011010011010101011
73,1.0,01011010011010101011,1.0,01001110011011101010
73,1.0,01001110011011101010,1.0,11000100001011011110
73,1.0,11000100001011011110,1.0,11000100001011011110
73,1.0,11000100001011011110,1.0,11001100001111001101
73,1.0,11001100001111001101,1.0,00001010011111001101
73,1.0,00001010011111001101,1.0,00101110111100001100
73,1.0,00101110111100001100,1.0,00110010110100001110
73,1.0,00110010110100001110,1.0,01110110000100001100
73,1.0,01110110000100001100,1.0,01010010001100001101
73,1.0,01010010001100001101,1.0,01011010001100001100
73,1.0,01011010001100001100,1.0,01011110101000001101
73,1.0,01011110101000001101,1.0,00110110100010011100
73,1.0,00110110100010011100,1.0,01011010110010011101
73,1.0,01011010110010011101,1.0,11010100000011011100
73,1.0,11010100000011011100,1.0,11011100100110011111
73,1.0,11011100100110011111,1.0,11011100100110011111
73,1.0,11011100100110011111,1.0,11010100000111011011
73,1.0,11010100000111011011,1.0,10010100000111011110
73,1.0,10010100000111011110,1.0,10011100101011010100
73,1.0,10011100101011010100,1.0,10011101000101010101
73,1.0,10011101000101010101,1.0,10001001001001011101
73,1.0,10001001001001011101,1.0,10001001001001011101
73,1.0,10001001001001011101,1.0,11001001011000011101
73,1.0,11001001011000011101,1.0,11001001011000011101
73,1.0,11001001011000011101,1.0,11001001011100001101
73,1.0,11001001011100001101,1.0,01001101011110001110
73,1.0,01001101011110001110,1.0,01000001011110101100
73,1.0,01000001011110101100,1.0,01000011001100001101
73,1.0,01000011001100001101,1.0,01001011001100001100
73,1.0,01001011001100001100,1.0,01001011001100001100
73,1.0,01001011001100001100,1.0,01001011001100001100
73,1.0,01001011001100001100,1.0,01000011001100110100
73,1.0,01000011001100110100,1.0,01000111000100111110
73,1.0,01000111000100111110,1.0,01100010000101101100
73,1.0,01100010000101101100,1.0,00110010000001101100
73,1.0,00110010000001101100,1.0,10111010000001100111
73,1.0,10111010000001100111,1.0,11010110100001100100
73,1.0,11010110100001100100,1.0,11010010100001010100
73,1.0,11010010100001010100,1.0,11010010100001010100
74,1.0,10101001110101001011,1.0,10101101110011001011
74,1.0,10101101110011001011,1.0,10111100110011110010
74,1.0,10111100110011110010,1.0,10110100110011110011
74,1.0,10110100110011110011,1.0,10110100110011110011
74,1.0,10110100110011110011,1.0,10110101110010110000
74,1.0,10110101110010110000,1.0,11010101110110010010
74,1.0,11010101110110010010,1.0,11001101111110010011
74,1.0,11001101111110010011,1.0,11100101001110100011
74,1.0,11100101001110100011,1.0,11100101001110100011
74,1.0,11100101001110100011,1.0,11011000001110110101
74,1.0,11011000001110110101,1.0,11110000001110010011
74,1.0,11110000001110010011,1.0,11110000001110010011
74,1.0,11110000001110010011,1.0,11110100011010010010
74,1.0,11110100011010010010,1.0,01111000011010010111
74,1.0,01111000011010010111,1.0,01111010011010100000
74,1.0,01111010011010100000,1.0,00110010011010100100
74,1.0,00110010011010100100,1.0,00110010010011100101
74,1.0,00110010010011100101,1.0,00110100110111100101
74,1.0,00110100110111100101,1.0,00111100110111100100
74,1.0,00111100110111100100,1.0,00011100110111101111
74,1.0,00011100110111101111,1.0,01011100110011101101
74,1.0,01011100110011101101,1.0,01111100100010111100
74,1.0,01111100100010111100,1.0,01110100110000111100
74,1.0,01110100110000111100,1.0,00110100100001111100
74,1.0,00110100100001111100,1.0,01110100000001011100
74,1.0,01110100000001011100,1.0,01111000100011001100
74,1.0,01111000100011001100,1.0,01110000100011001101
74,1.0,01110000100011001101,1.0,10111000100011001101
74,1.0,10111000100011001101,1.0,10110000100001101110
74,1.0,10110000100001101110,1.0,10100001100001101110
74,1.0,10100001100001101110,1.0,00100011000001101100
74,1.0,00100011000001101100,1.0,10101011000001101001
74,1.0,10101011000001101001,1.0,00100011000101101011
74,1.0,00100011000101101011,1.0,00110010000101101011
74,1.0,00110010000101101011,1.0,00110010100101001011
74,1.0,00110010100101001011,1.0,00100110100101101111
74,1.0,00100110100101101111,1.0,10100010000101101101
74,1.0,10100010000101101101,1.0,10101011000001101001
74,1.0,10101011000001101001,1.0,10000011000011111011
74,1.0,10000011000011111011,1.0,10000001001011111010
74,1.0,10000001001011111010,1.0,10010000001011111010
74,1.0,10010000001011111010,1.0,10010000001011111010
74,1.0,10010000001011111010,1.0,10111000001010111011
74,1.0,10111000001010111011,1.0,10111110010010101011
74,1.0,10111110010010101011,1.0,10111010010100101011
74,1.0,10111010010100101011,1.0,10110010010100011000
74,1.0,10110010010100011000,1.0,10110010010100010110
74,1.0,10110010010100010110,1.0,10011110010101100100
74,1.0,10011110010101100100,1.0,10010110010101100101
74,1.0,10010110010101100101,1.0,10101110010101101010
74,1.0,10101110010101101010,1.0,10100110010100111100
74,1.0,10100110010100111100,1.0,10010110000100111111
74,1.0,10010110000100111111,1.0,11010110110100101000
74,1.0,11010110110100101000,1.0,11010110110100101000
74,1.0,11010110110100101000,1.0,11000111110100101000
74,1.0,11000111110100101000,1.0,11000111111100000001
74,1.0,11000111111100000001,1.0,01010011101100000001
74,1.0,01010011101100000001,1.0,00010111111100000010
74,1.0,00010111111100000010,1.0,00011111110101000010
74,1.0,00011111110101000010,1.0,00010111010111000010
74,1.0,00010111010111000010,1.0,00110111010100010001
74,1.0,00110111010100010001,1.0,00111111010100010000
74,1.0,00111111010100010000,1.0,00110111011000000000
74,1.0,00110111011000000000,1.0,00110111011000000000
74,1.0,00110111011000000000,1.0,00110011001100000001
74,1.0,00110011001100000001,1.0,00110011001100000001
74,1.0,00110011001100000001,1.0,00110011001100000001
74,1.0,00110011001100000001,1.0,00100011111100010000
74,1.0,00100011111100010000,1.0,00101011110110010100
74,1.0,00101011110110010100,1.0,01100001110110110110
74,1.0,01100001110110110110,1.0,01100111110000010110
74,1.0,01100111110000010110,1.0,01110110110000010110
74,1.0,01110110110000010110,1.0,01110100110000111100
74,1.0,01110100110000111100,1.0,01110100110000111100
74,1.0,01110100110000111100,1.0,01110100101000111000
74,1.0,01110100101000111000,1.0,01110100101100101000
74,1.0,01110100101100101000,1.0,01111100100110101100
74,1.0,01111100100110101100,1.0,01010101000110101110
74,1.0,01010101000110101110,1.0,10010101000110101111
74,1.0,10010101000110101111,1.0,10011001000011001110
74,1.0,10011001000011001110,1.0,10010001000001011100
74,1.0,10010001000001011100,1.0,10010001000001011100
74,1.0,10010001000001011100,1.0,10010001000001011100
74,1.0,10010001000001011100,1.0,10010010000001011111
74,1.0,10010010000001011111,1.0,10011000111000111101
74,1.0,10011000111000111101,1.0,10111100110000111100
74,1.0,10111100110000111100,1.0,10111100110000111100
74,1.0,10111100110000111100,1.0,10101101110000111100
74,1.0,10101101110000111100,1.0,10111100011000110101
74,1.0,10111100011000110101,1.0,10111001001000110010
74,1.0,10111001001000110010,1.0,10101101101000111000
74,1.0,10101101101000111000,1.0,10100011101000110000
74,1.0,10100011101000110000,1.0,00111111100000101000
74,1.0,00111111100000101000,1.0,00011101100111101001
74,1.0,00011101100111101001,1.0,00011101100111101001
74,1.0,00011101100111101001,1.0,00010011100111100001
74,1.0,00010011100111100001,1.0,00010001110111100100
74,1.0,00010001110111100100,1.0,10011001110111100001
74,1.0,10011001110111100001,1.0,00010001110111100100
74,1.0,00010001110111100100,1.0,01010001110111100001
74,1.0,01010001110111100001,1.0,01011001110111100000
74,1.0,01011001110111100000,1.0,01011001100101100101
74,1.0,01011001100101100101,1.0,01011001100101100101
74,1.0,01011001100101100101,1.0,01011001100101100101
74,1.0,01011001100101100101,1.0,01011001100101100101
74,1.0,01011001100101100101,1.0,00010101110101100111
74,1.0,00010101110101100111,1.0,00110001000101100110
74,1.0,00110001000101100110,1.0,00110011000100100110
74,1.0,00110011000100100110,1.0,01100011100110100100
74,1.0,01100011100110100100,1.0,11001111100110100110
74,1.0,11001111100110100110,1.0,11100101100110010101
74,1.0,11100101100110010101,1.0,11101101000110110100
74,1.0,11101101000110110100,1.0,11011101000100110110
74,1.0,11011101000100110110,1.0,01011001101110010011
74,1.0,01011001101110010011,1.0,01110101100110010011
74,1.0,01110101100110010011,1.0,01111101100110010010
74,1.0,01111101100110010010,1.0,01110001100110001001
74,1.0,01110001100110001001,1.0,01110001110100001000
74,1.0,01110001110100001000,1.0,01011011001000001001
74,1.0,01011011001000001001,1.0,00010011001000001101
74,1.0,00010011001000001101,1.0,10011011000000101111
74,1.0,10011011000000101111,1.0,10011011100000001111
74,1.0,10011011100000001111,1.0,10010011000000011100
74,1.0,10010011000000011100,1.0,10010010001000011110
74,1.0,10010010001000011110,1.0,10010011000000011100
74,1.0,10010011000000011100,1.0,10010111010000011010
74,1.0,10010111010000011010,1.0,10010111010000011010
74,1.0,10010111010000011010,1.0,10010111010100001010
74,1.0,10010111010100001010,1.0,10010101010100101110
74,1.0,10010101010100101110,1.0,10111101010010101000
74,1.0,10111101010010101000,1.0,00110101010110101010
74,1.0,00110101010110101010,1.0,10110101010010101001
74,1.0,10110101010010101001,1.0,10111101010010101000
74,1.0,10111101010010101000,1.0,10111101110010001000
74,1.0,10111101110010001000,1.0,10111101101010000010
74,1.0,10111101101010000010,1.0,10110101110110100000
74,1.0,10110101110110100000,1.0,10111111100100000000
74,1.0,10111111100100000000,1.0,11111010100110100001
74,1.0,11111010100110100001,1.0,11100110101110100000
74,1.0,11100110101110100000,1.0,01101110101110110001
74,1.0,01101110101110110001,1.0,01100110011110110000
74,1.0,01100110011110110000,1.0,00010010111110100110
74,1.0,00010010111110100110,1.0,01111000011100100111
74,1.0,01111000011100100111,1.0,01111000011100100111
74,1.0,01111000011100100111,1.0,01111001010110000101
74,1.0,01111001010110000101,1.0,00110101011110000011
74,1.0,00110101011110000011,1.0,00110001011100000100
74,1.0,00110001011100000100,1.0,00110001001101000001
74,1.0,00110001001101000001,1.0,00101011001101000011
74,1.0,00101011001101000011,1.0,00111010001101000011
74,1.0,00111010001101000011,1.0,00111010001101000011
74,1.0,00111010001101000011,1.0,10110010000101000100
74,1.0,10110010000101000100,1.0,10110010000101000100
74,1.0,10110010000101000100,1.0,10111010000001100111
74,1.0,10111010000001100111,1.0,10111010000001100111
74,1.0,10111010000001100111,1.0,10110010000001010100
74,1.0,10110010000001010100,1.0,11111000000011010100
74,1.0,11111000000011010100,1.0,11111001100010000101
74,1.0,11111001100010000101,1.0,01111001100000110111
74,1.0,01111001100000110111,1.0,01010001100001110110
74,1.0,01010001100001110110,1.0,01011101100000111110
74,1.0,01011101100000111110,1.0,01011001001000101101
74,1.0,01011001001000101101,1.0,01011001001000101101
74,1.0,01011001001000101101,1.0,00010011010001101001
74,1.0,00010011010001101001,1.0,00011011000011101001
74,1.0,00011011000011101001,1.0,00011011000001001101
74,1.0,00011011000001001101,1.0,01011011010000001101
74,1.0,01011011010000001101,1.0,01111001010000001110
74,1.0,01111001010000001110,1.0,01111101001000000101
74,1.0,01111101001000000101,1.0,01111101001000000101
74,1.0,01111101001000000101,1.0,00110001001000001110
74,1.0,00110001001000001110,1.0,00011001001011101000
74,1.0,00011001001011101000,1.0,10010001000111101000
75,7.0,10000011110110111000,3.0,11000011100100111001
75,3.0,11000011100100111001,3.0,10010111000100011000
75,3.0,10010111000100011000,1.0,10110111000110000000
75,1.0,10110111000110000000,1.0,10110001000110010100
75,1.0,10110001000110010100,1.0,10111101100110010011
75,1.0,10111101100110010011,1.0,10110101010110010010
75,1.0,10110101010110010010,1.0,11010101110110010010
75,1.0,11010101110110010010,1.0,01110101110100010010
75,1.0,01110101110100010010,1.0,00011101110011011000
75,1.0,00011101110011011000,1.0,00001111110011011011
75,1.0,00001111110011011011,1.0,00001011010111011010
75,1.0,00001011010111011010,1.0,00001011010111011010
75,1.0,00001011010111011010,1.0,11000010000111101100
75,1.0,11000010000111101100,1.0,11000011000011100111
75,1.0,11000011000011100111,1.0,11000111100001100100
75,1.0,11000111100001100100,1.0,00001111101001100110
75,1.0,00001111101001100110,1.0,00000111101001100111
75,1.0,00000111101001100111,1.0,00000011101011100100
75,1.0,00000011101011100100,1.0,00101011101010100101
75,1.0,00101011101010100101,1.0,00110010011010100100
75,1.0,00110010011010100100,1.0,00111010000010111110
75,1.0,00111010000010111110,1.0,00110000001010111110
75,1.0,00110000001010111110,1.0,00100001001010111110
75,1.0,00100001001010111110,1.0,00101011000010111110
75,1.0,00101011000010111110,1.0,00101011000010111110
75,1.0,00101011000010111110,1.0,00010101001000111101
75,1.0,00010101001000111101,1.0,00011101001010101111
75,1.0,00011101001010101111,1.0,00010001010011101101
75,1.0,00010001010011101101,1.0,00010001110111100100
75,1.0,00010001110111100100,1.0,00010001110111100100
75,1.0,00010001110111100100,1.0,00010001010111010110
75,1.0,00010001010111010110,1.0,01010001010111000100
75,1.0,01010001010111000100,1.0,01010001010111000100
75,1.0,01010001010111000100,1.0,01011001010011100111
75,1.0,01011001010011100111,1.0,11000101010001101111
75,1.0,11000101010001101111,1.0,11000101010001101111
75,1.0,11000101010001101111,1.0,10000011000011101100
75,1.0,10000011000011101100,1.0,10000110100111101111
75,1.0,10000110100111101111,1.0,10000110100111101111
75,1.0,10000110100111101111,1.0,10001110100111101110
75,1.0,10001110100111101110,1.0,10010110100110101100
75,1.0,10010110100110101100,1.0,10011111100010100110
75,1.0,10011111100010100110,1.0,10011011100000001111
75,1.0,10011011100000001111,1.0,10001011001100001101
75,1.0,10001011001100001101,1.0,11001001011100001101
75,1.0,11001001011100001101,1.0,11001011010110101010
75,1.0,11001011010110101010,1.0,11010111010010100010
75,1.0,11010111010010100010,1.0,01011101010000111101
75,1.0,01011101010000111101,1.0,01011101010000111101
75,1.0,01011101010000111101,1.0,00011001010001011111
75,1.0,00011001010001011111,1.0,00011001010001011111
75,1.0,00011001010001011111,1.0,00011001010001011111
75,1.0,00011001010001011111,1.0,11011000010101110101
75,1.0,11011000010101110101,1.0,11010100110001110110
75,1.0,11010100110001110110,1.0,11011001110000110110
75,1.0,11011001110000110110,1.0,10010001100001110111
75,1.0,10010001100001110111,1.0,10010001000011110110
75,1.0,10010001000011110110,1.0,10010001000011110110
75,1.0,10010001000011110110,1.0,10111001000010110111
75,1.0,10111001000010110111,1.0,10111011000000100100
75,1.0,10111011000000100100,1.0,10111010100001110000
75,1.0,10111010100001110000,1.0,01100011100001110000
75,1.0,01100011100001110000,1.0,01110010100001110000
75,1.0,01110010100001110000,1.0,01100010110001111000
75,1.0,01100010110001111000,1.0,01101011100001001000
75,1.0,01101011100001001000,1.0,01100001101001001000
75,1.0,01100001101001001000,1.0,00100001101001011010
75,1.0,00100001101001011010,1.0,01101001100011011011
75,1.0,01101001100011011011,1.0,01100101000001011100
75,1.0,01100101000001011100,1.0,01100101100001110111
75,1.0,01100101100001110111,1.0,01101101100001110110
75,1.0,01101101100001110110,1.0,01001101111001100110
75,1.0,01001101111001100110,1.0,01001101111001100110
75,1.0,01001101111001100110,1.0,00010101101001100100
75,1.0,00010101101001100100,1.0,10011101101001100001
75,1.0,10011101101001100001,1.0,10100001101001110000
75,1.0,10100001101001110000,1.0,10100011100001110001
75,1.0,10100011100001110001,1.0,10100111100011100001
75,1.0,10100111100011100001,1.0,00100111000011101011
75,1.0,00100111000011101011,1.0,00100111010001101010
75,1.0,00100111010001101010,1.0,10101001110011101000
75,1.0,10101001110011101000,1.0,11101001010011001000
75,1.0,11101001010011001000,1.0,11101000011011001010
75,1.0,11101000011011001010,1.0,01101001011011100000
75,1.0,01101001011011100000,1.0,01101001011011100000
75,1.0,01101001011011100000,1.0,01101011001001000001
75,1.0,01101011001001000001,1.0,01101101001001110001
75,1.0,01101101001001110001,1.0,00101101010011101101
75,1.0,00101101010011101101,1.0,10001001010111101101
75,1.0,10001001010111101101,1.0,10000101011011101001
75,1.0,10000101011011101001,1.0,00010001011001101000
75,1.0,00010001011001101000,1.0,00001011011001101010
75,1.0,00001011011001101010,1.0,00010011010010101101
75,1.0,00010011010010101101,1.0,00011011010010101100
75,1.0,00011011010010101100,1.0,01011011010000001101
75,1.0,01011011010000001101,1.0,00111011110000001010
75,1.0,00111011110000001010,1.0,00111011100010001011
75,1.0,00111011100010001011,1.0,00110011000010011000
75,1.0,00110011000010011000,1.0,00111011100010001011
75,1.0,00111011100010001011,1.0,00111011110000001010
75,1.0,00111011110000001010,1.0,00111001111000001001
75,1.0,00111001111000001001,1.0,00100101011001101001
75,1.0,00100101011001101001,1.0,00101101011001101000
75,1.0,00101101011001101000,1.0,00001011011001101010
75,1.0,00001011011001101010,1.0,00000011111001110010
75,1.0,00000011111001110010,1.0,00000001111011111000
75,1.0,00000001111011111000,1.0,00000001111011111000
75,1.0,00000001111011111000,1.0,00001101101011111011
75,1.0,00001101101011111011,1.0,10001001111011110011
75,1.0,10001001111011110011,1.0,10010010111001100001
75,1.0,10010010111001100001,1.0,00000011011001101011
75,1.0,00000011011001101011,1.0,01000011111001100000
75,1.0,01000011111001100000,1.0,01010011011000100011
75,1.0,01010011011000100011,1.0,01011011001010100011
75,1.0,01011011001010100011,1.0,01011011001010100011
75,1.0,01011011001010100011,1.0,00011011001001100010
75,1.0,00011011001001100010,1.0,10010111100001100011
75,1.0,10010111100001100011,1.0,10011111100001100010
75,1.0,10011111100001100010,1.0,10011111100010100110
75,1.0,10011111100010100110,1.0,10010011100000110111
75,1.0,10010011100000110111,1.0,10010001100001110111
75,1.0,10010001100001110111,1.0,00110001000001110110
75,1.0,00110001000001110110,1.0,00110001000101100110
75,1.0,00110001000101100110,1.0,00110011000100100110
75,1.0,00110011000100100110,1.0,01111011000100100010
75,1.0,01111011000100100010,1.0,01101011010100101010
75,1.0,01101011010100101010,1.0,11100011010110100000
75,1.0,11100011010110100000,1.0,11000011010110101011
75,1.0,11000011010110101011,1.0,01001010010111101111
75,1.0,01001010010111101111,1.0,01100110010101101010
75,1.0,01100110010101101010,1.0,01100100001111101010
75,1.0,01100100001111101010,1.0,00101110001111001000
75,1.0,00101110001111001000,1.0,01100100101111001010
75,1.0,01100100101111001010,1.0,01101000011110011100
75,1.0,01101000011110011100,1.0,01101000001111011001
75,1.0,01101000001111011001,1.0,01100100101111001010
75,1.0,01100100101111001010,1.0,11101100101110011000
75,1.0,11101100101110011000,1.0,10010100101110111010
75,1.0,10010100101110111010,1.0,11011100110110111010
75,1.0,11011100110110111010,1.0,11011100110110111010
75,1.0,11011100110110111010,1.0,11011100011110110011
75,1.0,11011100011110110011,1.0,01011100111010111011
75,1.0,01011100111010111011,1.0,01011000101010111101
75,1.0,01011000101010111101,1.0,01011000101010111101
75,1.0,01011000101010111101,1.0,01011010101010011001
75,1.0,01011010101010011001,1.0,01011010111010110010
75,1.0,01011010111010110010,1.0,01010110001110110011
75,1.0,01010110001110110011,1.0,10011110001110110011
75,1.0,10011110001110110011,1.0,10011010111110100011
75,1.0,10011010111110100011,1.0,10011010111110100011
75,1.0,10011010111110100011,1.0,10011010111110100011
75,1.0,10011010111110100011,1.0,01010110001110110011
75,1.0,01010110001110110011,1.0,01000110011110111011
75,1.0,01000110011110111011,1.0,01000110011110111011
75,1.0,01000110011110111011,1.0,01001010011111110001
75,1.0,01001010011111110001,1.0,01001111011110010001
75,1.0,01001111011110010001,1.0,01001110011110111010
75,1.0,01001110011110111010,1.0,01000111011100001011
75,1.0,01000111011100001011,1.0,01000011111000011001
75,1.0,01000011111000011001,1.0,01000011101000111010
75,1.0,01000011101000111010,1.0,00001011101001011000
75,1.0,00001011101001011000,1.0,00001101101011111011
75,1.0,00001101101011111011,1.0,00001001101101111011
75,1.0,00001001101101111011,1.0,00001101101111101011
75,1.0,00001101101111101011,1.0,00001101101111101011
75,1.0,00001101101111101011,1.0,00010101101110101001
75,1.0,00010101101110101001,1.0,00010101110110101101
75,1.0,00010101110110101101,1.0,00011101110101101000
75,1.0,00011101110101101000,1.0,00010101110101101001
75,1.0,00010101110101101001,1.0,10010101000101101011
75,1.0,10010101000101101011,1.0,01010101000101101010
75,1.0,01010101000101101010,1.0,01111100100101101000
75,1.0,01111100100101101000,1.0,01110100100101101001
75,1.0,01110100100101101001,1.0,01110100100110101101
75,1.0,01110100100110101101,1.0,01110100100110101101
75,1.0,01110100100110101101,1.0,01110100000110011111
75,1.0,01110100000110011111,1.0,11011100110111000101
75,1.0,11011100110111000101,1.0,11110000110111000000
75,1.0,11110000110111000000,1.0,11111000000111010011
75,1.0,11111000000111010011,1.0,11110100010011010011
75,1.0,11110100010011010011,1.0,10110100010011011000
75,1.0,10110100010011011000,1.0,10010100011011101001
75,1.0,10010100011011101001,1.0,10011100001111110011
75,1.0,10011100001111110011,1.0,10011100011101110010
75,1.0,10011100011101110010,1.0,10010000001101110101
75,1.0,10010000001101110101,1.0,11110000001100100100
76,3.0,11000010111100011010,1.0,11001010111100011001
76,1.0,11001010111100011001,1.0,10000010111100011101
76,1.0,10000010111100011101,1.0,00000111001100011100
76,1.0,00000111001100011100,1.0,00000111001100011100
76,1.0,00000111001100011100,1.0,10000101111110010111
76,1.0,10000101111110010111,1.0,10001101111110010110
76,1.0,10001101111110010110,1.0,10001101011110110110
76,1.0,10001101011110110110,1.0,10000101111110010111
76,1.0,10000101111110010111,1.0,10001101110111010111
76,1.0,10001101110111010111,1.0,10001101110111010111
76,1.0,10001101110111010111,1.0,10001101110111010111
76,1.0,10001101110111010111,1.0,10001111100111000101
76,1.0,10001111100111000101,1.0,10001011110011100101
76,1.0,10001011110011100101,1.0,10000011000011101100
76,1.0,10000011000011101100,1.0,00001111100011101101
76,1.0,00001111100011101101,1.0,01001111000011001101
76,1.0,01001111000011001101,1.0,01001111100111000100
76,1.0,01001111100111000100,1.0,01001111100111000100
76,1.0,01001111100111000100,1.0,01000101101111000100
76,1.0,01000101101111000100,1.0,01101101101110000101
76,1.0,01101101101110000101,1.0,01101101101110000101
76,1.0,01101101101110000101,1.0,01101101101110000101
76,1.0,01101101101110000101,1.0,10001101101111000100
76,1.0,10001101101111000100,1.0,10000101111101010011
76,1.0,10000101111101010011,1.0,10000101111101000100
76,1.0,10000101111101000100,1.0,10000101111001010100
76,1.0,10000101111001010100,1.0,10000011011001010011
76,1.0,10000011011001010011,1.0,01000011011001010010
76,1.0,01000011011001010010,1.0,00010111010001110011
76,1.0,00010111010001110011,1.0,00011111010001110010
76,1.0,00011111010001110010,1.0,00011111001010110010
76,1.0,00011111001010110010,1.0,00011011001100110010
76,1.0,00011011001100110010,1.0,00001111111110110001
76,1.0,00001111111110110001,1.0,10001111001110110011
76,1.0,10001111001110110011,1.0,00000111001101110010
76,1.0,00000111001101110010,1.0,01001011000101110100
76,1.0,01001011000101110100,1.0,01000011000101110101
76,1.0,01000011000101110101,1.0,01001111000111110011
76,1.0,01001111000111110011,1.0,00001111000111111000
76,1.0,00001111000111111000,1.0,01100011000110011000
76,1.0,01100011000110011000,1.0,11100001100110011010
76,1.0,11100001100110011010,1.0,11100001000110111010
76,1.0,11100001000110111010,1.0,11100100100101111010
76,1.0,11100100100101111010,1.0,11101100110101011000
76,1.0,11101100110101011000,1.0,11100100110011110100
76,1.0,11100100110011110100,1.0,11100100110011110100
76,1.0,11100100110011110100,1.0,01101101010001110101
76,1.0,01101101010001110101,1.0,01100100110001111111
76,1.0,01100100110001111111,1.0,01100100110001111111
76,1.0,01100100110001111111,1.0,01100100110001111111
76,1.0,01100100110001111111,1.0,00110100110100111110
76,1.0,00110100110100111110,1.0,00010110110100111101
76,1.0,00010110110100111101,1.0,00010011110100011001
76,1.0,00010011110100011001,1.0,00011011101000101001
76,1.0,00011011101000101001,1.0,00000111101001101001
76,1.0,00000111101001101001,1.0,00000111101001101001
76,1.0,00000111101001101001,1.0,00000111001101110010
76,1.0,00000111001101110010,1.0,00100110001111110000
76,1.0,00100110001111110000,1.0,00100110001111110000
76,1.0,00100110001111110000,1.0,10101110001101010001
76,1.0,10101110001101010001,1.0,10001110101111110000
76,1.0,10001110101111110000,1.0,00011100111111110001
76,1.0,00011100111111110001,1.0,00011000111111100101
76,1.0,00011000111111100101,1.0,00001001111111100101
76,1.0,00001001111111100101,1.0,00101100111111100110
76,1.0,00101100111111100110,1.0,00101001001101100111
76,1.0,00101001001101100111,1.0,11100001000101100101
76,1.0,11100001000101100101,1.0,11110100010101100011
76,1.0,11110100010101100011,1.0,11111100010101100010
76,1.0,11111100010101100010,1.0,11110100010101100011
76,1.0,11110100010101100011,1.0,11010100110110101100
76,1.0,11010100110110101100,1.0,11010100100111100111
76,1.0,11010100100111100111,1.0,11001100111101100111
76,1.0,11001100111101100111,1.0,10001101111001100111
76,1.0,10001101111001100111,1.0,00000001111011110110
76,1.0,00000001111011110110,1.0,00000011101011100100
76,1.0,00000011101011100100,1.0,00000011101011100100
76,1.0,00000011101011100100,1.0,00000011101011100100
76,1.0,00000011101011100100,1.0,00011001001011100110
76,1.0,00011001001011100110,1.0,10011001011010100111
76,1.0,10011001011010100111,1.0,10011001011010100111
76,1.0,10011001011010100111,1.0,10011100011110110110
76,1.0,10011100011110110110,1.0,10111000010010111111
76,1.0,10111000010010111111,1.0,00101001111010110111
76,1.0,00101001111010110111,1.0,01100101101000110110
76,1.0,01100101101000110110,1.0,01101101100110101100
76,1.0,01101101100110101100,1.0,01101101100110101100
76,1.0,01101101100110101100,1.0,01100101110100101100
76,1.0,01100101110100101100,1.0,01101100111100101101
76,1.0,01101100111100101101,1.0,01010100111010101101
76,1.0,01010100111010101101,1.0,11010100110110101100
76,1.0,11010100110110101100,1.0,11001110110110101110
76,1.0,11001110110110101110,1.0,11010100110110101100
76,1.0,11010100110110101100,1.0,11010100110101100110
76,1.0,11010100110101100110,1.0,01011000110101101101
76,1.0,01011000110101101101,1.0,01010101100100101111
76,1.0,01010101100100101111,1.0,01011101100100101110
76,1.0,01011101100100101110,1.0,01010101101010100101
76,1.0,01010101101010100101,1.0,01010101000110101110
76,1.0,01010101000110101110,1.0,11011101000110101011
76,1.0,11011101000110101011,1.0,11011101000100111000
76,1.0,11011101000100111000,1.0,11011101001100010001
76,1.0,11011101001100010001,1.0,11010101110110010010
76,1.0,11010101110110010010,1.0,10011111010110010000
76,1.0,10011111010110010000,1.0,10011110010110110111
76,1.0,10011110010110110111,1.0,10010010011010010111
76,1.0,10010010011010010111,1.0,10000011011010010111
76,1.0,10000011011010010111,1.0,11011010011010010011
76,1.0,11011010011010010011,1.0,11110100011010010010
76,1.0,11110100011010010010,1.0,11110100011010010010
76,1.0,11110100011010010010,1.0,11100100111110110010
76,1.0,11100100111110110010,1.0,11100000101101110000
76,1.0,11100000101101110000,1.0,11100001101010110001
76,1.0,11100001101010110001,1.0,11000101101010111000
76,1.0,11000101101010111000,1.0,11001001100110111100
76,1.0,11001001100110111100,1.0,11000101110010111100
76,1.0,11000101110010111100,1.0,11010001110000111001
76,1.0,11010001110000111001,1.0,11010001110000111001
76,1.0,11010001110000111001,1.0,11100001110001110001
76,1.0,11100001110001110001,1.0,11101101110000110111
76,1.0,11101101110000110111,1.0,11111100110000110111
76,1.0,11111100110000110111,1.0,11111000110110110011
76,1.0,11111000110110110011,1.0,11100010110110010100
76,1.0,11100010110110010100,1.0,11100010110110010100
76,1.0,11100010110110010100,1.0,11100010110110010100
76,1.0,11100010110110010100,1.0,11100010100110001110
76,1.0,11100010100110001110,1.0,11010110100100001101
76,1.0,11010110100100001101,1.0,11101010000110101101
76,1.0,11101010000110101101,1.0,10100100001111101011
76,1.0,10100100001111101011,1.0,11101000001101101000
76,1.0,11101000001101101000,1.0,11001000101101111010
76,1.0,11001000101101111010,1.0,11001010100101111011
76,1.0,11001010100101111011,1.0,11001110100111101011
76,1.0,11001110100111101011,1.0,11000110010111101010
76,1.0,11000110010111101010,1.0,10100010010111101000
76,1.0,10100010010111101000,1.0,10001011000111101010
76,1.0,10001011000111101010,1.0,10000011000111101011
76,1.0,10000011000111101011,1.0,10000011100111001011
76,1.0,10000011100111001011,1.0,10000011110101001010
76,1.0,10000011110101001010,1.0,11011011100100100011
76,1.0,11011011100100100011,1.0,11011011100100100011
76,1.0,11011011100100100011,1.0,10010011000101100010
76,1.0,10010011000101100010,1.0,00011011000101110011
76,1.0,00011011000101110011,1.0,00010011010100110111
76,1.0,00010011010100110111,1.0,00010011010100110111
76,1.0,00010011010100110111,1.0,01001111110100110111
76,1.0,01001111110100110111,1.0,01001111110100110111
76,1.0,01001111110100110111,1.0,01001111110100110111
76,1.0,01001111110100110111,1.0,01001111110100110111
76,1.0,01001111110100110111,1.0,01001111110100110111
76,1.0,01001111110100110111,1.0,01011110110100110111
76,1.0,01011110110100110111,1.0,11111100110100100111
76,1.0,11111100110100100111,1.0,11111100010110100110
76,1.0,11111100010110100110,1.0,11101101010110100110
76,1.0,11101101010110100110,1.0,11101101010110100110
76,1.0,11101101010110100110,1.0,11100101000100101110
76,1.0,11100101000100101110,1.0,01101101000001101111
76,1.0,01101101000001101111,1.0,01101101100001001111
76,1.0,01101101100001001111,1.0,01101011100001001000
76,1.0,01101011100001001000,1.0,01100010010101011010
76,1.0,01100010010101011010,1.0,11101010010110011011
76,1.0,11101010010110011011,1.0,11011010010010111010
76,1.0,11011010010010111010,1.0,10010010010010111110
76,1.0,10010010010010111110,1.0,11011010000010011111
76,1.0,11011010000010011111,1.0,11010011000000010111
76,1.0,11010011000000010111,1.0,01011011001000000111
76,1.0,01011011001000000111,1.0,01000011001011000100
76,1.0,01000011001011000100,1.0,01000011001111000011
76,1.0,01000011001111000011,1.0,01010010001111000011
76,1.0,01010010001111000011,1.0,00010010001111001000
76,1.0,00010010001111001000,1.0,00101110001111001000
76,1.0,00101110001111001000,1.0,01101110000111101010
76,1.0,01101110000111101010,1.0,11101010000101101001
76,1.0,11101010000101101001,1.0,11101010000101101001
76,1.0,11101010000101101001,1.0,11101110000101110011
76,1.0,11101110000101110011,1.0,11101110100101010011
76,1.0,11101110100101010011,1.0,11001110100001011111
76,1.0,11001110100001011111,1.0,01000011000001011110
76,1.0,01000011000001011110,1.0,01000011000001011110
76,1.0,01000011000001011110,1.0,01101011000001101000
76,1.0,01101011000001101000,1.0,01101011000001101000
76,1.0,01101011000001101000,1.0,01101011000001101000
76,1.0,01101011000001101000,1.0,01100011000001101001
76,1.0,01100011000001101001,1.0,01100011100001001001
76,1.0,01100011100001001001,1.0,01001011110001011001
76,1.0,01001011110001011001,1.0,01001011110001011001
76,1.0,01001011110001011001,1.0,01001011110001011001
76,1.0,01001011110001011001,1.0,01100011100001001001
76,1.0,01100011100001001001,1.0,01100011000001101001
76,1.0,01100011000001101001,1.0,01100011000001101001
76,1.0,01100011000001101001,1.0,01100011000001101001
76,1.0,01100011000001101001,1.0,01101011000001101000
76,1.0,01101011000001101000,1.0,01100011001000101000
76,1.0,01100011001000101000,1.0,01101011001001000001
76,1.0,01101011001001000001,1.0,11010011000001100000
76,1.0,11010011000001100000,1.0,11010111000010110000
77,3.0,10000001001001011110,1.0,10010101000011011011
77,1.0,10010101000011011011,1.0,10011101000011011010
77,1.0,10011101000011011010,1.0,10010101100100011100
77,1.0,10010101100100011100,1.0,10010110100100011111
77,1.0,10010110100100011111,1.0,00010110110100111101
77,1.0,00010110110100111101,1.0,10010100100101011111
77,1.0,10010100100101011111,1.0,11011100100101011011
77,1.0,11011100100101011011,1.0,10011101010101001001
77,1.0,10011101010101001001,1.0,00001111010101001110
77,1.0,00001111010101001110,1.0,00101011010101000111
77,1.0,00101011010101000111,1.0,10100011000101000100
77,1.0,10100011000101000100,1.0,11100111000011000001
77,1.0,11100111000011000001,1.0,11100111000011000001
77,1.0,11100111000011000001,1.0,11000011000011101001
77,1.0,11000011000011101001,1.0,11000011000011101001
77,1.0,11000011000011101001,1.0,01001111000011001101
77,1.0,01001111000011001101,1.0,01001111000011001101
77,1.0,01001111000011001101,1.0,11001011100011000110
77,1.0,11001011100011000110,1.0,10101011100010001101
77,1.0,10101011100010001101,1.0,10101001110110001111
77,1.0,10101001110110001111,1.0,10101001110101001011
77,1.0,10101001110101001011,1.0,10101001110101001011
77,1.0,10101001110101001011,1.0,11101000110101001100
77,1.0,11101000110101001100,1.0,11100000110101001101
77,1.0,11100000110101001101,1.0,11101000110101001100
77,1.0,11101000110101001100,1.0,11100100111001001000
77,1.0,11100100111001001000,1.0,11001000111101011001
77,1.0,11001000111101011001,1.0,00000110111101011010
77,1.0,00000110111101011010,1.0,01000110111001011000
77,1.0,01000110111001011000,1.0,01000010101101011001
77,1.0,01000010101101011001,1.0,00000110101111011011
77,1.0,00000110101111011011,1.0,00101110101001011001
77,1.0,00101110101001011001,1.0,00101110101001011001
77,1.0,00101110101001011001,1.0,00101110001001110111
77,1.0,00101110001001110111,1.0,00111110000001110101
77,1.0,00111110000001110101,1.0,00101111000001110101
77,1.0,00101111000001110101,1.0,00101111000101100101
77,1.0,00101111000101100101,1.0,00101111000101100101
77,1.0,00101111000101100101,1.0,00100011010101110001
77,1.0,00100011010101110001,1.0,00100011011100110000
77,1.0,00100011011100110000,1.0,01110001001000001011
77,1.0,01110001001000001011,1.0,11101010001010011000
77,1.0,11101010001010011000,1.0,10100010011100011010
77,1.0,10100010011100011010,1.0,10110000010101011000
77,1.0,10110000010101011000,1.0,10100001010101011000
77,1.0,10100001010101011000,1.0,10100001010101011000
77,1.0,10100001010101011000,1.0,11101001010101010010
77,1.0,11101001010101010010,1.0,10100001010101010110
77,1.0,10100001010101010110,1.0,11110001010100010000
77,1.0,11110001010100010000,1.0,10110101010110010010
77,1.0,10110101010110010010,1.0,10110101110100010011
77,1.0,10110101110100010011,1.0,10110111100100000001
77,1.0,10110111100100000001,1.0,10111111000000001001
77,1.0,10111111000000001001,1.0,10111001000000011101
77,1.0,10111001000000011101,1.0,10111001010000110110
77,1.0,10111001010000110110,1.0,10111001010000110110
77,1.0,10111001010000110110,1.0,11010101000100110111
77,1.0,11010101000100110111,1.0,11011101000100001111
77,1.0,11011101000100001111,1.0,10111001000000011101
77,1.0,10111001000000011101,1.0,10111001000000011101
77,1.0,10111001000000011101,1.0,10010001111000010101
77,1.0,10010001111000010101,1.0,11011001111000010001
77,1.0,11011001111000010001,1.0,01011001111001000010
77,1.0,01011001111001000010,1.0,10011001111001000011
77,1.0,10011001111001000011,1.0,10011001011001100011
77,1.0,10011001011001100011,1.0,10011001011001100011
77,1.0,10011001011001100011,1.0,00101101011001100110
77,1.0,00101101011001100110,1.0,10000001011101100111
77,1.0,10000001011101100111,1.0,10001101111001100111
77,1.0,10001101111001100111,1.0,10000101001001101110
77,1.0,10000101001001101110,1.0,10000111000001101111
77,1.0,10000111000001101111,1.0,10010101000001101100
77,1.0,10010101000001101100,1.0,10010101000100111100
77,1.0,10010101000100111100,1.0,11010101100100011001
77,1.0,11010101100100011001,1.0,11011110100100011011
77,1.0,11011110100100011011,1.0,11010010100110011001
77,1.0,11010010100110011001,1.0,11011010100101010010
77,1.0,11011010100101010010,1.0,11000110110001111011
77,1.0,11000110110001111011,1.0,11000110110001111011
77,1.0,11000110110001111011,1.0,11000100110011111111
77,1.0,11000100110011111111,1.0,10000101100011111100
77,1.0,10000101100011111100,1.0,11001101100011110110
77,1.0,11001101100011110110,1.0,11001101100011110110
77,1.0,11001101100011110110,1.0,11001101000011101111
77,1.0,11001101000011101111,1.0,11001101001010101110
77,1.0,11001101001010101110,1.0,11001100111110101101
77,1.0,11001100111110101101,1.0,01110100110100101100
77,1.0,01110100110100101100,1.0,01101110110100101110
77,1.0,01101110110100101110,1.0,00100011110100001110
77,1.0,00100011110100001110,1.0,00100010110110111110
77,1.0,00100010110110111110,1.0,00101100111110011111
77,1.0,00101100111110011111,1.0,00101101011000011111
77,1.0,00101101011000011111,1.0,00101101011000011111
77,1.0,00101101011000011111,1.0,00100111011010001001
77,1.0,00100111011010001001,1.0,00101111011010001000
77,1.0,00101111011010001000,1.0,10100111010010011000
77,1.0,10100111010010011000,1.0,10100111010010011000
77,1.0,10100111010010011000,1.0,10100111010010011000
77,1.0,10100111010010011000,1.0,11100111001010000000
77,1.0,11100111001010000000,1.0,01110111000000001001
77,1.0,01110111000000001001,1.0,01101111101100000001
77,1.0,01101111101100000001,1.0,01101101101101000001
77,1.0,01101101101101000001,1.0,01100101100101100111
77,1.0,01100101100101100111,1.0,11100101010101100011
77,1.0,11100101010101100011,1.0,11100001011100010010
77,1.0,11100001011100010010,1.0,11001001111100010100
77,1.0,11001001111100010100,1.0,11001001110101010101
77,1.0,11001001110101010101,1.0,01100101100101100111
77,1.0,01100101100101100111,1.0,01100111100100100111
77,1.0,01100111100100100111,1.0,00100111001100100101
77,1.0,00100111001100100101,1.0,01100011001000100110
77,1.0,01100011001000100110,1.0,01100011001000100110
77,1.0,01100011001000100110,1.0,11101011010000100111
77,1.0,11101011010000100111,1.0,11001111010010110101
77,1.0,11001111010010110101,1.0,01101110011000110111
77,1.0,01101110011000110111,1.0,01101110111000010111
77,1.0,01101110111000010111,1.0,00101110001001110111
77,1.0,00101110001001110111,1.0,00100110101011100101
77,1.0,00100110101011100101,1.0,00111010101001100001
77,1.0,00111010101001100001,1.0,00010010101011100100
77,1.0,00010010101011100100,1.0,00010010101011100100
77,1.0,00010010101011100100,1.0,00010111100011000101
77,1.0,00010111100011000101,1.0,10010010100011001100
77,1.0,10010010100011001100,1.0,10000011000011101100
77,1.0,10000011000011101100,1.0,10000011000011101100
77,1.0,10000011000011101100,1.0,10000011000011101100
77,1.0,10000011000011101100,1.0,10000111010011101010
77,1.0,10000111010011101010,1.0,10000011010111110001
77,1.0,10000011010111110001,1.0,00000111000111111001
77,1.0,00000111000111111001,1.0,00000111001110111000
77,1.0,00000111001110111000,1.0,10100110001100111000
77,1.0,10100110001100111000,1.0,10100110101100011000
77,1.0,10100110101100011000,1.0,11100100111100011000
77,1.0,11100100111100011000,1.0,11100100110110011101
77,1.0,11100100110110011101,1.0,11001100111110101101
77,1.0,11001100111110101101,1.0,11000110101110101011
77,1.0,11000110101110101011,1.0,10101110101100101011
77,1.0,10101110101100101011,1.0,10101110101100101011
77,1.0,10101110101100101011,1.0,01101110101100101010
77,1.0,01101110101100101010,1.0,01101110101000111010
77,1.0,01101110101000111010,1.0,01100110101000111011
77,1.0,01100110101000111011,1.0,10101110101000111011
77,1.0,10101110101000111011,1.0,10101110101000111011
77,1.0,10101110101000111011,1.0,10101110101000111011
77,1.0,10101110101000111011,1.0,10100111101000010011
77,1.0,10100111101000010011,1.0,10101111101000010010
77,1.0,10101111101000010010,1.0,10100111101000010011
77,1.0,10100111101000010011,1.0,11100011001000010000
77,1.0,11100011001000010000,1.0,11100111001010000000
77,1.0,11100111001010000000,1.0,01111101011010000000
77,1.0,01111101011010000000,1.0,00111101011010010010
77,1.0,00111101011010010010,1.0,00110101010010111010
77,1.0,00110101010010111010,1.0,00110101010000011110
77,1.0,00110101010000011110,1.0,00110001001000001110
77,1.0,00110001001000001110,1.0,01111001001000001010
77,1.0,01111001001000001010,1.0,01011011001000001001
77,1.0,01011011001000001001,1.0,00011011001010101000
77,1.0,00011011001010101000,1.0,00111111100000101000
77,1.0,00111111100000101000,1.0,00111111000000011010
77,1.0,00111111000000011010,1.0,00111010010001011001
77,1.0,00111010010001011001,1.0,01111000010001111010
77,1.0,01111000010001111010,1.0,01110000011000111010
77,1.0,01110000011000111010,1.0,01110001010000111000
77,1.0,01110001010000111000,1.0,01111001100000111001
77,1.0,01111001100000111001,1.0,01010011100000111000
77,1.0,01010011100000111000,1.0,01010011100000111000
77,1.0,01010011100000111000,1.0,01011111100000011010
77,1.0,01011111100000011010,1.0,10011111100000011011
77,1.0,10011111100000011011,1.0,00011011010000011111
77,1.0,00011011010000011111,1.0,00010011110100010111
77,1.0,00010011110100010111,1.0,00011011110100010110
77,1.0,00011011110100010110,1.0,00011011010100001111
77,1.0,00011011010100001111,1.0,00001111010101001110
77,1.0,00001111010101001110,1.0,10000110110101101110
77,1.0,10000110110101101110,1.0,10101110011101000011
77,1.0,10101110011101000011,1.0,10101110011101000011
77,1.0,10101110011101000011,1.0,10101110011101000011
77,1.0,10101110011101000011,1.0,00101111011001000010
77,1.0,00101111011001000010,1.0,00101111011001000010
77,1.0,00101111011001000010,1.0,00101111011001000010
77,1.0,00101111011001000010,1.0,00111110011001000010
77,1.0,00111110011001000010,1.0,00011111010001001011
77,1.0,00011111010001001011,1.0,01011111110001000000
77,1.0,01011111110001000000,1.0,01011111100011000001
77,1.0,01011111100011000001,1.0,01010111100010101000
77,1.0,01010111100010101000,1.0,11001111000010101111
77,1.0,11001111000010101111,1.0,01001111110010101101
77,1.0,01001111110010101101,1.0,01001111110010101101
77,1.0,01001111110010101101,1.0,11000111010000101111
77,1.0,11000111010000101111,1.0,11000101011000101110
77,1.0,11000101011000101110,1.0,11001101010001101110
77,1.0,11001101010001101110,1.0,10000111000001101111
77,1.0,10000111000001101111,1.0,10001111000001101110
77,1.0,10001111000001101110,1.0,10000101000111011110
77,1.0,10000101000111011110,1.0,00000101001111001111
77,1.0,00000101001111001111,1.0,00000001001111101100
77,1.0,00000001001111101100,1.0,00101001001110101101
77,1.0,00101001001110101101,1.0,10001101011110111000
77,1.0,10001101011110111000,1.0,00000101001111111000
77,1.0,00000101001111111000,1.0,01001101000101111101
77,1.0,01001101000101111101,1.0,01001101000101111101
77,1.0,01001101000101111101,1.0,01000101011110111000
77,1.0,01000101011110111000,1.0,01000101111110011000
77,1.0,01000101111110011000,1.0,01010100111110011000
77,1.0,01010100111110011000,1.0,00111100111100011000
77,1.0,00111100111100011000,1.0,00110110110100011010
77,1.0,00110110110100011010,1.0,10010100110110111110
77,1.0,10010100110110111110,1.0,10010100110110111110
77,1.0,10010100110110111110,1.0,11010100110010111100
78,29.0,11101101110100110011,1.0,11100101001100110000
78,1.0,11100101001100110000,1.0,11101101001000011000
78,1.0,11101101001000011000,1.0,11101001101010001001
78,1.0,11101001101010001001,1.0,10010001101010101011
78,1.0,10010001101010101011,1.0,11000001101011001000
78,1.0,11000001101011001000,1.0,11011001000011001011
78,1.0,11011001000011001011,1.0,11011001000011001011
78,1.0,11011001000011001011,1.0,00010011100011001010
78,1.0,00010011100011001010,1.0,00010001110011001101
78,1.0,00010001110011001101,1.0,00010001110011001101
78,1.0,00010001110011001101,1.0,11010000110011001100
78,1.0,11010000110011001100,1.0,11010010110001000110
78,1.0,11010010110001000110,1.0,11001011100011000110
78,1.0,11001011100011000110,1.0,11000011101010000110
78,1.0,11000011101010000110,1.0,11000001101011000110
78,1.0,11000001101011000110,1.0,11010001100011000100
78,1.0,11010001100011000100,1.0,10010001100111000110
78,1.0,10010001100111000110,1.0,11010001101110000010
78,1.0,11010001101110000010,1.0,11010001001110100010
78,1.0,11010001001110100010,1.0,11010001001110100010
78,1.0,11010001001110100010,1.0,10010001111110100001
78,1.0,10010001111110100001,1.0,10000001011110101101
78,1.0,10000001011110101101,1.0,10000011010110101110
78,1.0,10000011010110101110,1.0,10000011010110101110
78,1.0,10000011010110101110,1.0,10001001011110101100
78,1.0,10001001011110101100,1.0,10001101011110001111
78,1.0,10001101011110001111,1.0,10001101011101001011
78,1.0,10001101011101001011,1.0,10000011010101101010
78,1.0,10000011010101101010,1.0,10000011110101001010
78,1.0,10000011110101001010,1.0,11100010100101001010
78,1.0,11100010100101001010,1.0,11100010100101001010
78,1.0,11100010100101001010,1.0,11100000100101101110
78,1.0,11100000100101101110,1.0,10110000100001101110
78,1.0,10110000100001101110,1.0,10110000110011101001
78,1.0,10110000110011101001,1.0,10111000011011100001
78,1.0,10111000011011100001,1.0,00111001011000101001
78,1.0,00111001011000101001,1.0,10110101010010101001
78,1.0,10110101010010101001,1.0,10110101010010101001
78,1.0,10110101010010101001,1.0,10100101010101101000
78,1.0,10100101010101101000,1.0,10100100011101101010
78,1.0,10100100011101101010,1.0,10100101011101000001
78,1.0,10100101011101000001,1.0,00011101011101100001
78,1.0,00011101011101100001,1.0,01011101110101100011
78,1.0,01011101110101100011,1.0,01011101110101100011
78,1.0,01011101110101100011,1.0,01010101111100100011
78,1.0,01010101111100100011,1.0,01010001111110100000
78,1.0,01010001111110100000,1.0,01011101111100100010
78,1.0,01011101111100100010,1.0,01011101111100100010
78,1.0,01011101111100100010,1.0,00010111111100000010
78,1.0,00010111111100000010,1.0,00010111111100000010
78,1.0,00010111111100000010,1.0,01011011101100000000
78,1.0,01011011101100000000,1.0,00011010111111000001
78,1.0,00011010111111000001,1.0,00011110111110110001
78,1.0,00011110111110110001,1.0,01011110101100110011
78,1.0,01011110101100110011,1.0,01011110001100010110
78,1.0,01011110001100010110,1.0,01011110101100110011
78,1.0,01011110101100110011,1.0,01010110001110110011
78,1.0,01010110001110110011,1.0,01010100001111110011
78,1.0,01010100001111110011,1.0,01011000001111100110
78,1.0,01011000001111100110,1.0,00011000111111100101
78,1.0,00011000111111100101,1.0,01010000001111100111
78,1.0,01010000001111100111,1.0,01010000011101101000
78,1.0,01010000011101101000,1.0,11010001011110000001
78,1.0,11010001011110000001,1.0,11010001011110000001
78,1.0,11010001011110000001,1.0,11010001011110000001
78,1.0,11010001011110000001,1.0,01010011001110000000
78,1.0,01010011001110000000,1.0,01111001001110000001
78,1.0,01111001001110000001,1.0,01101001011100101001
78,1.0,01101001011100101001,1.0,00101001011110011011
78,1.0,00101001011110011011,1.0,00101001011110011011
78,1.0,00101001011110011011,1.0,00101101101110010111
78,1.0,00101101101110010111,1.0,00110001001010010101
78,1.0,00110001001010010101,1.0,00110001001010010101
78,1.0,00110001001010010101,1.0,00010001101011110000
78,1.0,00010001101011110000,1.0,01010001011010100111
78,1.0,01010001011010100111,1.0,00011011001010100110
78,1.0,00011011001010100110,1.0,00011101011110100101
78,1.0,00011101011110100101,1.0,00000101001111001111
78,1.0,00000101001111001111,1.0,00000101001111001111
78,1.0,00000101001111001111,1.0,00000101011101001110
78,1.0,00000101011101001110,1.0,00001101101001011111
78,1.0,00001101101001011111,1.0,00001101101001011111
78,1.0,00001101101001011111,1.0,00101100111001011100
78,1.0,00101100111001011100,1.0,00101110110001011101
78,1.0,00101110110001011101,1.0,00111110100011001010
78,1.0,00111110100011001010,1.0,00111110100011001010
78,1.0,00111110100011001010,1.0,01111100110011001010
78,1.0,01111100110011001010,1.0,00110100110011001110
78,1.0,00110100110011001110,1.0,00111100011100001111
78,1.0,00111100011100001111,1.0,01111000011100101001
78,1.0,01111000011100101001,1.0,01110010010000101100
78,1.0,01110010010000101100,1.0,00110110010001101010
78,1.0,00110110010001101010,1.0,00110111010001000001
78,1.0,00110111010001000001,1.0,00110110011001000011
78,1.0,00110110011001000011,1.0,00110101011001000000
78,1.0,00110101011001000000,1.0,00111001001101000000
78,1.0,00111001001101000000,1.0,00111001000011010101
78,1.0,00111001000011010101,1.0,00110001000001001111
78,1.0,00110001000001001111,1.0,10111001010000001111
78,1.0,10111001010000001111,1.0,10111001010000001111
78,1.0,10111001010000001111,1.0,10111001010000001111
78,1.0,10111001010000001111,1.0,10100011110000001101
78,1.0,10100011110000001101,1.0,00110011110000001011
78,1.0,00110011110000001011,1.0,00100111110001001010
78,1.0,00100111110001001010,1.0,01101010110001001110
78,1.0,01101010110001001110,1.0,00100010101001001110
78,1.0,00100010101001001110,1.0,11101000001001001111
78,1.0,11101000001001001111,1.0,11101000001001001111
78,1.0,11101000001001001111,1.0,11011000001000111110
78,1.0,11011000001000111110,1.0,10011000111000111101
78,1.0,10011000111000111101,1.0,10011001100010111100
78,1.0,10011001100010111100,1.0,10011101100000111111
78,1.0,10011101100000111111,1.0,10011101100000111111
78,1.0,10011101100000111111,1.0,10010101000100111100
78,1.0,10010101000100111100,1.0,10010001010100011110
78,1.0,10010001010100011110,1.0,10010011000000011100
78,1.0,10010011000000011100,1.0,10010011000000011100
78,1.0,10010011000000011100,1.0,10000011100110011100
78,1.0,10000011100110011100,1.0,10000001110111001110
78,1.0,10000001110111001110,1.0,10000011110101001010
78,1.0,10000011110101001010,1.0,10000001100101111100
78,1.0,10000001100101111100,1.0,11001001000101101111
78,1.0,11001001000101101111,1.0,01111001000001001011
78,1.0,01111001000001001011,1.0,01110101010001100010
78,1.0,01110101010001100010,1.0,01010111100001100010
78,1.0,01010111100001100010,1.0,01011001100101100101
78,1.0,01011001100101100101,1.0,00011101110101100110
78,1.0,00011101110101100110,1.0,00011101010001101111
78,1.0,00011101010001101111,1.0,00011101010001101111
78,1.0,00011101010001101111,1.0,00011101010001101111
78,1.0,00011101010001101111,1.0,00110110010001101010
78,1.0,00110110010001101010,1.0,00110111000001100010
78,1.0,00110111000001100010,1.0,00010011001001100011
78,1.0,00010011001001100011,1.0,00010011010001100111
78,1.0,00010011010001100111,1.0,00010110110001101101
78,1.0,00010110110001101101,1.0,01011110110010101101
78,1.0,01011110110010101101,1.0,01011110110010101101
78,1.0,01011110110010101101,1.0,00011011110000101101
78,1.0,00011011110000101101,1.0,01011010110100101101
78,1.0,01011010110100101101,1.0,01110010010000101100
78,1.0,01110010010000101100,1.0,11110010000000001110
78,1.0,11110010000000001110,1.0,11110000110000101110
78,1.0,11110000110000101110,1.0,11110000110000101110
78,1.0,11110000110000101110,1.0,10010001110010101111
78,1.0,10010001110010101111,1.0,10000101110110111110
78,1.0,10000101110110111110,1.0,10000101110110111110
78,1.0,10000101110110111110,1.0,11000101110100011111
78,1.0,11000101110100011111,1.0,00000101110111011100
78,1.0,00000101110111011100,1.0,00000101110111011100
78,1.0,00000101110111011100,1.0,00000101110111011100
78,1.0,00000101110111011100,1.0,00010101110110101101
78,1.0,00010101110110101101,1.0,00010001011110101011
78,1.0,00010001011110101011,1.0,01011101010110001100
78,1.0,01011101010110001100,1.0,01111001010110000101
78,1.0,01111001010110000101,1.0,01010101010110001101
78,1.0,01010101010110001101,1.0,01001101010111001111
78,1.0,01001101010111001111,1.0,01001111000011001101
78,1.0,01001111000011001101,1.0,01011110000011001101
78,1.0,01011110000011001101,1.0,01010110001001001001
78,1.0,01010110001001001001,1.0,01010110001001000111
78,1.0,01010110001001000111,1.0,01010101001001000100
78,1.0,01010101001001000100,1.0,01010101001001000100
78,1.0,01010101001001000100,1.0,01010101001001000100
78,1.0,01010101001001000100,1.0,01010101001001000100
78,1.0,01010101001001000100,1.0,10011101001001000100
78,1.0,10011101001001000100,1.0,10000101111001010100
78,1.0,10000101111001010100,1.0,10000101111001010100
78,1.0,10000101111001010100,1.0,11000101110001110110
78,1.0,11000101110001110110,1.0,11100001110001110001
78,1.0,11100001110001110001,1.0,11100001101010110001
78,1.0,11100001101010110001,1.0,11001101001011110001
79,21.0,01000001010101111100,1.0,01001001010101011111
79,1.0,01001001010101011111,1.0,01101101000101011010
79,1.0,01101101000101011010,1.0,01101101110100111010
79,1.0,01101101110100111010,1.0,01101101111100010011
79,1.0,01101101111100010011,1.0,11100100111100011000
79,1.0,11100100111100011000,1.0,11100100111110110010
79,1.0,11100100111110110010,1.0,01100100111111010000
79,1.0,01100100111111010000,1.0,01100100111111010000
79,1.0,01100100111111010000,1.0,01101100111111100011
79,1.0,01101100111111100011,1.0,01100100111111010000
79,1.0,01100100111111010000,1.0,01101001110111010001
79,1.0,01101001110111010001,1.0,01111000110111010001
79,1.0,01111000110111010001,1.0,01111010110110010001
79,1.0,01111010110110010001,1.0,01110010100110110011
79,1.0,01110010100110110011,1.0,01011010110011110011
79,1.0,01011010110011110011,1.0,01111010010011100001
79,1.0,01111010010011100001,1.0,01110110010010101011
79,1.0,01110110010010101011,1.0,01110110010010101011
79,1.0,01110110010010101011,1.0,01110110010010101011
79,1.0,01110110010010101011,1.0,01111100110011001010
79,1.0,01111100110011001010,1.0,01101101110011001010
79,1.0,01101101110011001010,1.0,01100101110011001011
79,1.0,01100101110011001011,1.0,11101100110011001100
79,1.0,11101100110011001100,1.0,01100100110111001110
79,1.0,01100100110111001110,1.0,11100100110101010111
79,1.0,11100100110101010111,1.0,11100110100001010101
79,1.0,11100110100001010101,1.0,11100110100001010101
79,1.0,11100110100001010101,1.0,01100110100101010110
79,1.0,01100110100101010110,1.0,11100110100001010101
79,1.0,11100110100001010101,1.0,11100110101000010100
79,1.0,11100110101000010100,1.0,10100111101000010011
79,1.0,10100111101000010011,1.0,10101010111010010101
79,1.0,10101010111010010101,1.0,10101011011000000101
79,1.0,10101011011000000101,1.0,10000111011100100100
79,1.0,10000111011100100100,1.0,10001111001100010111
79,1.0,10001111001100010111,1.0,11011110001000010101
79,1.0,11011110001000010101,1.0,11011110001000010101
79,1.0,11011110001000010101,1.0,11011110001000010101
79,1.0,11011110001000010101,1.0,10010010001000011110
79,1.0,10010010001000011110,1.0,10010110011000001101
79,1.0,10010110011000001101,1.0,10010011000000011100
79,1.0,10010011000000011100,1.0,10010001000001011100
79,1.0,10010001000001011100,1.0,10011001100001001111
79,1.0,10011001100001001111,1.0,10000101101001001110
79,1.0,10000101101001001110,1.0,10000101001001101110
79,1.0,10000101001001101110,1.0,10000101001001101110
79,1.0,10000101001001101110,1.0,11001001001011100101
79,1.0,11001001001011100101,1.0,11011101001010000101
79,1.0,11011101001010000101,1.0,11011101001001000001
79,1.0,11011101001001000001,1.0,01010101001101000011
79,1.0,01010101001101000011,1.0,00011101110101101000
79,1.0,00011101110101101000,1.0,00010101110101101001
79,1.0,00010101110101101001,1.0,00010101110101101001
79,1.0,00010101110101101001,1.0,10011111110001000001
79,1.0,10011111110001000001,1.0,10010111110000101000
79,1.0,10010111110000101000,1.0,11010101010100101011
79,1.0,11010101010100101011,1.0,01010101010110110100
79,1.0,01010101010110110100,1.0,00011101011001110001
79,1.0,00011101011001110001,1.0,00110001001001010001
79,1.0,00110001001001010001,1.0,00110001001001010001
79,1.0,00110001001001010001,1.0,00110011000001010010
79,1.0,00110011000001010010,1.0,00110011000001010010
79,1.0,00110011000001010010,1.0,10101111000011010010
79,1.0,10101111000011010010,1.0,10101111000011010010
79,1.0,10101111000011010010,1.0,10101111000011010010
79,1.0,10101111000011010010,1.0,10100111000011010011
79,1.0,10100111000011010011,1.0,01100111000011010010
79,1.0,01100111000011010010,1.0,01101111100001010010
79,1.0,01101111100001010010,1.0,01100111100001010011
79,1.0,01100111100001010011,1.0,01000011011001010010
79,1.0,01000011011001010010,1.0,01000111011011000010
79,1.0,01000111011011000010,1.0,01000111011011000010
79,1.0,01000111011011000010,1.0,00101111001011000011
79,1.0,00101111001011000011,1.0,00101111001011000011
79,1.0,00101111001011000011,1.0,00111111000011000001
79,1.0,00111111000011000001,1.0,00110111010001000001
79,1.0,00110111010001000001,1.0,00100011010011100101
79,1.0,00100011010011100101,1.0,00101011110001100101
79,1.0,00101011110001100101,1.0,00011011010001100110
79,1.0,00011011010001100110,1.0,00011011000011100111
79,1.0,00011011000011100111,1.0,00011111001010110010
79,1.0,00011111001010110010,1.0,00011111001010110010
79,1.0,00011111001010110010,1.0,00010111001010110011
79,1.0,00010111001010110011,1.0,01110010011010100001
79,1.0,01110010011010100001,1.0,01111010111000100001
79,1.0,01111010111000100001,1.0,01100110011110110000
79,1.0,01100110011110110000,1.0,01100101001100011010
79,1.0,01100101001100011010,1.0,00100101101100111010
79,1.0,00100101101100111010,1.0,01100101001100011010
79,1.0,01100101001100011010,1.0,01110100001100011010
79,1.0,01110100001100011010,1.0,01110100101100101000
79,1.0,01110100101100101000,1.0,11100100011110101011
79,1.0,11100100011110101011,1.0,11101100001100101111
79,1.0,11101100001100101111,1.0,10110100001100001100
79,1.0,10110100001100001100,1.0,00010101101100001101
79,1.0,00010101101100001101,1.0,11011001001100000101
79,1.0,11011001001100000101,1.0,11011101000100001111
79,1.0,11011101000100001111,1.0,11011101000100001111
79,1.0,11011101000100001111,1.0,11011101000100001111
79,1.0,11011101000100001111,1.0,10010100101100011110
79,1.0,10010100101100011110,1.0,00010110001100011100
79,1.0,00010110001100011100,1.0,00010110001110111000
79,1.0,00010110001110111000,1.0,01010100011110111000
79,1.0,01010100011110111000,1.0,00010110001110111000
79,1.0,00010110001110111000,1.0,10011111000110001010
79,1.0,10011111000110001010,1.0,11101111010110000010
79,1.0,11101111010110000010,1.0,11010111000001000011
79,1.0,11010111000001000011,1.0,11010011000001100000
79,1.0,11010011000001100000,1.0,11010011000001100000
79,1.0,11010011000001100000,1.0,11001011000011101000
79,1.0,11001011000011101000,1.0,11000011000011101001
79,1.0,11000011000011101001,1.0,11000011000011101001
79,1.0,11000011000011101001,1.0,11000110010111101010
79,1.0,11000110010111101010,1.0,11000110000111111000
79,1.0,11000110000111111000,1.0,11000011000011101001
79,1.0,11000011000011101001,1.0,11000011100011001001
79,1.0,11000011100011001001,1.0,11000011110001001000
79,1.0,11000011110001001000,1.0,11001011100011001000
79,1.0,11001011100011001000,1.0,11000011000011101001
79,1.0,11000011000011101001,1.0,11000111010000101111
79,1.0,11000111010000101111,1.0,01000111010001110100
79,1.0,01000111010001110100,1.0,10001111010001110100
79,1.0,10001111010001110100,1.0,10001111000011110101
79,1.0,10001111000011110101,1.0,10001111001001110000
79,1.0,10001111001001110000,1.0,10011011001000110001
79,1.0,10011011001000110001,1.0,00011011001001100010
79,1.0,00011011001001100010,1.0,00010011000001110101
79,1.0,00010011000001110101,1.0,00010011000001110101
79,1.0,00010011000001110101,1.0,00010011000001110101
79,1.0,00010011000001110101,1.0,00011011010001100110
79,1.0,00011011010001100110,1.0,00010011010001100111
79,1.0,00010011010001100111,1.0,00010011011000100110
79,1.0,00010011011000100110,1.0,00110010111000100101
79,1.0,00110010111000100101,1.0,00111010111100100011
79,1.0,00111010111100100011,1.0,00110010011100110000
79,1.0,00110010011100110000,1.0,00110010111100010000
79,1.0,00110010111100010000,1.0,11110000011100010010
79,1.0,11110000011100010010,1.0,11100100111100010110
79,1.0,11100100111100010110,1.0,11100101110100010100
79,1.0,11100101110100010100,1.0,00101101111100010110
79,1.0,00101101111100010110,1.0,00101000111101001111
79,1.0,00101000111101001111,1.0,00100100111111100111
79,1.0,00100100111111100111,1.0,10100000011111100101
79,1.0,10100000011111100101,1.0,10101000111101100101
79,1.0,10101000111101100101,1.0,00101110111101100010
79,1.0,00101110111101100010,1.0,00101110101101110000
79,1.0,00101110101101110000,1.0,00100110101101110001
79,1.0,00100110101101110001,1.0,00100110001111110000
79,1.0,00100110001111110000,1.0,00100110111100110100
79,1.0,00100110111100110100,1.0,00011110111100010101
79,1.0,00011110111100010101,1.0,00011110111100010101
79,1.0,00011110111100010101,1.0,00011110111100010101
79,1.0,00011110111100010101,1.0,00011110111100010101
79,1.0,00011110111100010101,1.0,01010010111000010111
79,1.0,01010010111000010111,1.0,01010010111000011001
79,1.0,01010010111000011001,1.0,00010110111010011011
79,1.0,00010110111010011011,1.0,00010010111010110110
79,1.0,00010010111010110110,1.0,00000010111011111011
79,1.0,00000010111011111011,1.0,00100010111011110000
79,1.0,00100010111011110000,1.0,00100010111011110000
79,1.0,00100010111011110000,1.0,00100010111011110000
79,1.0,00100010111011110000,1.0,00100100111011111001
79,1.0,00100100111011111001,1.0,10100100001011111011
79,1.0,10100100001011111011,1.0,01100100001011111010
79,1.0,01100100001011111010,1.0,01100100010011111110
79,1.0,01100100010011111110,1.0,01100100010011111110
79,1.0,01100100010011111110,1.0,01100100010011111110
79,1.0,01100100010011111110,1.0,01100000010101111110
79,1.0,01100000010101111110,1.0,11101100010001011111
79,1.0,11101100010001011111,1.0,11101100010001011111
79,1.0,11101100010001011111,1.0,10100110010001101100
79,1.0,10100110010001101100,1.0,10101100010111101110
79,1.0,10101100010111101110,1.0,10101100010011111110
79,1.0,10101100010011111110,1.0,10101100010111101110
79,1.0,10101100010111101110,1.0,00100100011111001100
79,1.0,00100100011111001100,1.0,10101100010111101110
79,1.0,10101100010111101110,1.0,10100100110111110110
79,1.0,10100100110111110110,1.0,10100100110111110110
79,1.0,10100100110111110110,1.0,11100100110011110100
79,1.0,11100100110011110100,1.0,11100000100111110101
79,1.0,11100000100111110101,1.0,11100110000111000100
79,1.0,11100110000111000100,1.0,11000010001111000101
80,3.0,01100100011101100111,1.0,11000100011101110100
80,1.0,11000100011101110100,1.0,11101000011101000101
80,1.0,11101000011101000101,1.0,11000010011101000100
80,1.0,11000010011101000100,1.0,10001011010111000111
80,1.0,10001011010111000111,1.0,10011010010111000111
80,1.0,10011010010111000111,1.0,11011100110111000101
80,1.0,11011100110111000101,1.0,11011100110111000101
80,1.0,11011100110111000101,1.0,11011100110111000101
80,1.0,11011100110111000101,1.0,11010100100111100111
80,1.0,11010100100111100111,1.0,11010001000111100011
80,1.0,11010001000111100011,1.0,10010001000111101000
80,1.0,10010001000111101000,1.0,10010001000101011011
80,1.0,10010001000101011011,1.0,10010001010110111010
80,1.0,10010001010110111010,1.0,10010001010110111010
80,1.0,10010001010110111010,1.0,10110000110110111001
80,1.0,10110000110110111001,1.0,11111100110100101001
80,1.0,11111100110100101001,1.0,01111100110100111010
80,1.0,01111100110100111010,1.0,01111100110100111010
80,1.0,01111100110100111010,1.0,01100100111000111110
80,1.0,01100100111000111110,1.0,11101100011100110101
80,1.0,11101100011100110101,1.0,11011000011100110100
80,1.0,11011000011100110100,1.0,11011100011010110100
80,1.0,11011100011010110100,1.0,11011110010010110101
80,1.0,11011110010010110101,1.0,11000110110010111111
80,1.0,11000110110010111111,1.0,01100010110010111100
80,1.0,01100010110010111100,1.0,01101110100010111111
80,1.0,01101110100010111111,1.0,01101110100010111111
80,1.0,01101110100010111111,1.0,01100101110000111100
80,1.0,01100101110000111100,1.0,11100001110000101110
80,1.0,11100001110000101110,1.0,10100001100001101110
80,1.0,10100001100001101110,1.0,00100011000001101100
80,1.0,00100011000001101100,1.0,01001111000011001101
80,1.0,01001111000011001101,1.0,00101111010011000111
80,1.0,00101111010011000111,1.0,00100111011010000111
80,1.0,00100111011010000111,1.0,00100111010010101110
80,1.0,00100111010010101110,1.0,00110111000010100110
80,1.0,00110111000010100110,1.0,10010011000110100110
80,1.0,10010011000110100110,1.0,10010011000110100110
80,1.0,10010011000110100110,1.0,10010111100010100111
80,1.0,10010111100010100111,1.0,10010011100100100111
80,1.0,10010011100100100111,1.0,00010011100101000101
80,1.0,00010011100101000101,1.0,10010010100101010110
80,1.0,10010010100101010110,1.0,01011100110111010110
80,1.0,01011100110111010110,1.0,00011100110111101111
80,1.0,00011100110111101111,1.0,10001100101111101101
80,1.0,10001100101111101101,1.0,00000110101111001100
80,1.0,00000110101111001100,1.0,01001110101111000110
80,1.0,01001110101111000110,1.0,01000110101111000111
80,1.0,01000110101111000111,1.0,01000110111111100010
80,1.0,01000110111111100010,1.0,01100101111110100001
80,1.0,01100101111110100001,1.0,11101011100110100001
80,1.0,11101011100110100001,1.0,11101101101100100011
80,1.0,11101101101100100011,1.0,11101101101100100011
80,1.0,11101101101100100011,1.0,11100001001100100100
80,1.0,11100001001100100100,1.0,11000001101100110110
80,1.0,11000001101100110110,1.0,11011001001100000101
80,1.0,11011001001100000101,1.0,01011001101100100100
80,1.0,01011001101100100100,1.0,01011101101100000111
80,1.0,01011101101100000111,1.0,01011101101010100100
80,1.0,01011101101010100100,1.0,11010100110001110110
80,1.0,11010100110001110110,1.0,11010100110001110110
80,1.0,11010100110001110110,1.0,11011100110001001110
80,1.0,11011100110001001110,1.0,11001101110001001110
80,1.0,11001101110001001110,1.0,11101100010001011111
80,1.0,11101100010001011111,1.0,11101110010001101000
80,1.0,11101110010001101000,1.0,11100010010100101101
80,1.0,11100010010100101101,1.0,11101100010111101011
80,1.0,11101100010111101011,1.0,11101110010110101011
80,1.0,11101110010110101011,1.0,11100101010110101001
80,1.0,11100101010110101001,1.0,11101001010110011000
80,1.0,11101001010110011000,1.0,01101001011010011001
80,1.0,01101001011010011001,1.0,11100101011010010010
80,1.0,11100101011010010010,1.0,11101101010011010010
80,1.0,11101101010011010010,1.0,11101101010011010010
80,1.0,11101101010011010010,1.0,01110100110011110010
80,1.0,01110100110011110010,1.0,01110100100001111001
80,1.0,01110100100001111001,1.0,01110100000001011100
80,1.0,01110100000001011100,1.0,01111100000001101111
80,1.0,01111100000001101111,1.0,01111110000000101111
80,1.0,01111110000000101111,1.0,01111110000000101111
80,1.0,01111110000000101111,1.0,01111010000000011111
80,1.0,01111010000000011111,1.0,01110111000000000111
80,1.0,01110111000000000111,1.0,10111111000000000111
80,1.0,10111111000000000111,1.0,10111011000000100100
80,1.0,10111011000000100100,1.0,10110111000000110001
80,1.0,10110111000000110001,1.0,10111010000001100111
80,1.0,10111010000001100111,1.0,10110010000001010100
80,1.0,10110010000001010100,1.0,10111010000001100111
80,1.0,10111010000001100111,1.0,10111111000000000111
80,1.0,10111111000000000111,1.0,01011011001000000111
80,1.0,01011011001000000111,1.0,11011001001100000101
80,1.0,11011001001100000101,1.0,11000101101110100110
80,1.0,11000101101110100110,1.0,01001001101101100111
80,1.0,01001001101101100111,1.0,01000101111001100111
80,1.0,01000101111001100111,1.0,01000101001011110100
80,1.0,01000101001011110100,1.0,01000011001011000100
80,1.0,01000011001011000100,1.0,01000101101011010100
80,1.0,01000101101011010100,1.0,01101101101000001110
80,1.0,01101101101000001110,1.0,01100101001000101111
80,1.0,01100101001000101111,1.0,01100101001000101111
80,1.0,01100101001000101111,1.0,01100101101100100110
80,1.0,01100101101100100110,1.0,01100111100100100111
80,1.0,01100111100100100111,1.0,01100111100100100111
80,1.0,01100111100100100111,1.0,01100101100101100111
80,1.0,01100101100101100111,1.0,01101101100101100110
80,1.0,01101101100101100110,1.0,10101111100100100111
80,1.0,10101111100100100111,1.0,10011011000000101111
80,1.0,10011011000000101111,1.0,10011011000000101111
80,1.0,10011011000000101111,1.0,11011011000100001000
80,1.0,11011011000100001000,1.0,11010110000101001000
80,1.0,11010110000101001000,1.0,11011010000001011011
80,1.0,11011010000001011011,1.0,10011010010011011001
80,1.0,10011010010011011001,1.0,10011110010001001101
80,1.0,10011110010001001101,1.0,10011001000011001110
80,1.0,10011001000011001110,1.0,01010101000101101010
80,1.0,01010101000101101010,1.0,01010101000101101010
80,1.0,01010101000101101010,1.0,00011001010111101011
80,1.0,00011001010111101011,1.0,00011001010111101011
80,1.0,00011001010111101011,1.0,01010001110010101110
80,1.0,01010001110010101110,1.0,11000101110110101100
80,1.0,11000101110110101100,1.0,10101001110110111000
80,1.0,10101001110110111000,1.0,11001001100110111100
80,1.0,11001001100110111100,1.0,11000101101110100110
80,1.0,11000101101110100110,1.0,10000101111111100000
80,1.0,10000101111111100000,1.0,10000101011101110011
80,1.0,10000101011101110011,1.0,10000011111001100001
80,1.0,10000011111001100001,1.0,10001011111001100000
80,1.0,10001011111001100000,1.0,10000111010001110101
80,1.0,10000111010001110101,1.0,10000110111011100100
80,1.0,10000110111011100100,1.0,10000110111111100011
80,1.0,10000110111111100011,1.0,01000110111111100010
80,1.0,01000110111111100010,1.0,01000110111101001000
80,1.0,01000110111101001000,1.0,01001110101111001000
80,1.0,01001110101111001000,1.0,01000100101111101101
80,1.0,01000100101111101101,1.0,11001100001111001101
80,1.0,11001100001111001101,1.0,11000110001110001110
80,1.0,11000110001110001110,1.0,11001110101110101010
80,1.0,11001110101110101010,1.0,11010100101110101000
80,1.0,11010100101110101000,1.0,11010110100110101001
80,1.0,11010110100110101001,1.0,11111110000100001001
80,1.0,11111110000100001001,1.0,10110010000110011001
80,1.0,10110010000110011001,1.0,10101010000111011011
80,1.0,10101010000111011011,1.0,10101110000111101011
80,1.0,10101110000111101011,1.0,10111110000111000010
80,1.0,10111110000111000010,1.0,00101110001111000110
80,1.0,00101110001111000110,1.0,00100110011101000110
80,1.0,00100110011101000110,1.0,01000010011101101011
80,1.0,01000010011101101011,1.0,01000010011100111100
80,1.0,01000010011100111100,1.0,01000010011100111100
80,1.0,01000010011100111100,1.0,00101010001100111101
80,1.0,00101010001100111101,1.0,00101010101100011101
80,1.0,00101010101100011101,1.0,00100110111100110100
80,1.0,00100110111100110100,1.0,10100110011100010101
80,1.0,10100110011100010101,1.0,10100110110100011100
80,1.0,10100110110100011100,1.0,10100100101110011100
80,1.0,10100100101110011100,1.0,10100100100111011101
80,1.0,10100100100111011101,1.0,11100100100110111110
80,1.0,11100100100110111110,1.0,11000000101110111111
80,1.0,11000000101110111111,1.0,11010100101010110110
80,1.0,11010100101010110110,1.0,11010100001010101111
80,1.0,11010100001010101111,1.0,11010000001100101111
80,1.0,11010000001100101111,1.0,11010000001100101111
80,1.0,11010000001100101111,1.0,11010101001000100110
80,1.0,11010101001000100110,1.0,10010011000110100110
80,1.0,10010011000110100110,1.0,10011011000000101111
80,1.0,10011011000000101111,1.0,11001011000100101111
80,1.0,11001011000100101111,1.0,11000011010010101100
80,1.0,11000011010010101100,1.0,11000011011010000101
80,1.0,11000011011010000101,1.0,01000011111010100100
80,1.0,01000011111010100100,1.0,11001001011110100111
80,1.0,11001001011110100111,1.0,10001001011110101100
80,1.0,10001001011110101100,1.0,10010001011110000100
80,1.0,10010001011110000100,1.0,11011100111010010100
80,1.0,11011100111010010100,1.0,01011100011010011110
80,1.0,01011100011010011110,1.0,01011100010011011111
80,1.0,01011100010011011111,1.0,01011100110011101101
80,1.0,01011100110011101101,1.0,00011100110011111111
80,1.0,00011100110011111111,1.0,00011100110011111111
80,1.0,00011100110011111111,1.0,00011100110011111111
80,1.0,00011100110011111111,1.0,00011100110011111111
80,1.0,00011100110011111111,1.0,00010000111011111000
80,1.0,00010000111011111000,1.0,00011100111001111010
80,1.0,00011100111001111010,1.0,00111100011001101000
80,1.0,00111100011001101000,1.0,00111100011001101000
80,1.0,00111100011001101000,1.0,00110100111101100000
80,1.0,00110100111101100000,1.0,00111100111100010110
80,1.0,00111100111100010110,1.0,01111100111100010011
80,1.0,01111100111100010011,1.0,01110101110100010010
80,1.0,01110101110100010010,1.0,01110101100110010011
80,1.0,01110101100110010011,1.0,11110101100000110010
80,1.0,11110101100000110010,1.0,11111001000010100101
80,1.0,11111001000010100101,1.0,11011101000001100110
80,1.0,11011101000001100110,1.0,11011100010001101110
80,1.0,11011100010001101110,1.0,11110000000011101010
81,3.0,10110001101000010011,1.0,11110001101000000001
81,1.0,11110001101000000001,1.0,11110011100000000010
81,1.0,11110011100000000010,1.0,11011111000010000110
81,1.0,11011111000010000110,1.0,10011011000111000001
81,1.0,10011011000111000001,1.0,00000011001111001000
81,1.0,00000011001111001000,1.0,01001011000101001101
81,1.0,01001011000101001101,1.0,01001011000101001101
81,1.0,01001011000101001101,1.0,01001001010101011111
81,1.0,01001001010101011111,1.0,11000101010101011010
81,1.0,11000101010101011010,1.0,11000101010101011010
81,1.0,11000101010101011010,1.0,11001101000111011010
81,1.0,11001101000111011010,1.0,01100101000101011011
81,1.0,01100101000101011011,1.0,01101101100001111000
81,1.0,01101101100001111000,1.0,01000101100111111010
81,1.0,01000101100111111010,1.0,11001111000100111011
81,1.0,11001111000100111011,1.0,11011101000100111000
81,1.0,11011101000100111000,1.0,11011011000000011000
81,1.0,11011011000000011000,1.0,11011011000100001000
81,1.0,11011011000100001000,1.0,11010111010000001000
81,1.0,11010111010000001000,1.0,11011111000010001000
81,1.0,11011111000010001000,1.0,01010111000010011010
81,1.0,01010111000010011010,1.0,11011011000000011000
81,1.0,11011011000000011000,1.0,11010001001000011000
81,1.0,11010001001000011000,1.0,11010001001000011000
81,1.0,11010001001000011000,1.0,11011001111000010001
81,1.0,11011001111000010001,1.0,10011001101001010001
81,1.0,10011001101001010001,1.0,10011011101000010001
81,1.0,10011011101000010001,1.0,10011101111010010011
81,1.0,10011101111010010011,1.0,00010101111010010110
81,1.0,00010101111010010110,1.0,00011101101000011100
81,1.0,00011101101000011100,1.0,01011101101000010111
81,1.0,01011101101000010111,1.0,01011101101000010111
81,1.0,01011101101000010111,1.0,00111100101110010111
81,1.0,00111100101110010111,1.0,00111100101110010111
81,1.0,00111100101110010111,1.0,00110000111110010100
81,1.0,00110000111110010100,1.0,00110000111110010100
81,1.0,00110000111110010100,1.0,10110000001110010110
81,1.0,10110000001110010110,1.0,10111000111110010001
81,1.0,10111000111110010001,1.0,10111000111110010001
81,1.0,10111000111110010001,1.0,00110101111010100001
81,1.0,00110101111010100001,1.0,00110001111000110001
81,1.0,00110001111000110001,1.0,10110000111100110010
81,1.0,10110000111100110010,1.0,11110000111000110000
81,1.0,11110000111000110000,1.0,11100000011100111011
81,1.0,11100000011100111011,1.0,11100000011000111100
81,1.0,11100000011000111100,1.0,11100100011000011111
81,1.0,11100100011000011111,1.0,11101100001010011111
81,1.0,11101100001010011111,1.0,11100000001010111101
81,1.0,11100000001010111101,1.0,11000000101110111111
81,1.0,11000000101110111111,1.0,10001010001110111101
81,1.0,10001010001110111101,1.0,10001010001110111101
81,1.0,10001010001110111101,1.0,00000010001101111100
81,1.0,00000010001101111100,1.0,01000010001101111001
81,1.0,01000010001101111001,1.0,01000010001101111001
81,1.0,01000010001101111001,1.0,01000010011001101100
81,1.0,01000010011001101100,1.0,01001010010101111100
81,1.0,01001010010101111100,1.0,11000000010111111110
81,1.0,11000000010111111110,1.0,01000000011111101111
81,1.0,01000000011111101111,1.0,01100000011111100100
81,1.0,01100000011111100100,1.0,01101100011111000110
81,1.0,01101100011111000110,1.0,01101000001111010111
81,1.0,01101000001111010111,1.0,01101100011111000110
81,1.0,01101100011111000110,1.0,11101000011101000101
81,1.0,11101000011101000101,1.0,11101000011101000101
81,1.0,11101000011101000101,1.0,11101000001100011111
81,1.0,11101000001100011111,1.0,11101000001100011111
81,1.0,11101000001100011111,1.0,11100000010101101101
81,1.0,11100000010101101101,1.0,11101000011101000101
81,1.0,11101000011101000101,1.0,11100000001101100111
81,1.0,11100000001101100111,1.0,11100000001001110111
81,1.0,11100000001001110111,1.0,11101000001001110110
81,1.0,11101000001001110110,1.0,11001010001001110101
81,1.0,11001010001001110101,1.0,11001010001001110101
81,1.0,11001010001001110101,1.0,01000010001101110111
81,1.0,01000010001101110111,1.0,01000011001100110100
81,1.0,01000011001100110100,1.0,01000011001100110100
81,1.0,01000011001100110100,1.0,01000011001100110100
81,1.0,01000011001100110100,1.0,01000011001100110100
81,1.0,01000011001100110100,1.0,01010010001100110100
81,1.0,01010010001100110100,1.0,01111000001100110101
81,1.0,01111000001100110101,1.0,01111000001100110101
81,1.0,01111000001100110101,1.0,01111100010001110101
81,1.0,01111100010001110101,1.0,11111100110000110111
81,1.0,11111100110000110111,1.0,11111000110010110100
81,1.0,11111000110010110100,1.0,11110000110010110101
81,1.0,11110000110010110101,1.0,11111000110010110100
81,1.0,11111000110010110100,1.0,10111101010010100110
81,1.0,10111101010010100110,1.0,10111011000010010011
81,1.0,10111011000010010011,1.0,10110001000110010100
81,1.0,10110001000110010100,1.0,00110101100110010110
81,1.0,00110101100110010110,1.0,00111001110110100101
81,1.0,00111001110110100101,1.0,00111001110110100101
81,1.0,00111001110110100101,1.0,00100101111110100100
81,1.0,00100101111110100100,1.0,00100101111110100100
81,1.0,00100101111110100100,1.0,10100001111010100110
81,1.0,10100001111010100110,1.0,10100001101010110100
81,1.0,10100001101010110100,1.0,11100001110010110101
81,1.0,11100001110010110101,1.0,11100001010110010111
81,1.0,11100001010110010111,1.0,10000101110110111110
81,1.0,10000101110110111110,1.0,10000001110111001110
81,1.0,10000001110111001110,1.0,10001101110111010111
81,1.0,10001101110111010111,1.0,00000101110111011100
81,1.0,00000101110111011100,1.0,00000110110111011111
81,1.0,00000110110111011111,1.0,10000010111111010011
81,1.0,10000010111111010011,1.0,11100100110111110011
81,1.0,11100100110111110011,1.0,10100100110111111000
81,1.0,10100100110111111000,1.0,10001110110111110100
81,1.0,10001110110111110100,1.0,10000110110111110101
81,1.0,10000110110111110101,1.0,00100110010111110100
81,1.0,00100110010111110100,1.0,00101011010110110100
81,1.0,00101011010110110100,1.0,00100011011100110000
81,1.0,00100011011100110000,1.0,00101011011000011000
81,1.0,00101011011000011000,1.0,00101011001010011001
81,1.0,00101011001010011001,1.0,00101011010001011001
81,1.0,00101011010001011001,1.0,00100011011000011001
81,1.0,00100011011000011001,1.0,00101011010001011001
81,1.0,00101011010001011001,1.0,10101001010001111011
81,1.0,10101001010001111011,1.0,10101000010101111110
81,1.0,10101000010101111110,1.0,10101001010001111011
81,1.0,10101001010001111011,1.0,10101111110000011000
81,1.0,10101111110000011000,1.0,00100111100001011000
81,1.0,00100111100001011000,1.0,00100111110001001010
81,1.0,00100111110001001010,1.0,00100111100011001011
81,1.0,00100111100011001011,1.0,00100111110001001010
81,1.0,00100111110001001010,1.0,01101011100001001000
81,1.0,01101011100001001000,1.0,01101111100001010010
81,1.0,01101111100001010010,1.0,00101101101101010011
81,1.0,00101101101101010011,1.0,00011101101101100010
81,1.0,00011101101101100010,1.0,00011101111101000001
81,1.0,00011101111101000001,1.0,00010011110101100000
81,1.0,00010011110101100000,1.0,00001011111111000001
81,1.0,00001011111111000001,1.0,01000101111101010010
81,1.0,01000101111101010010,1.0,00001101111111110001
81,1.0,00001101111111110001,1.0,00101101101101010011
81,1.0,00101101101101010011,1.0,00100101101100111010
81,1.0,00100101101100111010,1.0,00101101011100111000
81,1.0,00101101011100111000,1.0,00101110011100111011
81,1.0,00101110011100111011,1.0,00101010011100101111
81,1.0,00101010011100101111,1.0,10100010001100101100
81,1.0,10100010001100101100,1.0,11101010001100100110
81,1.0,11101010001100100110,1.0,11101010001100101000
81,1.0,11101010001100101000,1.0,11100101001100110000
81,1.0,11100101001100110000,1.0,11110100001100110000
81,1.0,11110100001100110000,1.0,11111100000101110000
81,1.0,11111100000101110000,1.0,10110100000101110100
81,1.0,10110100000101110100,1.0,10110010000001010100
81,1.0,10110010000001010100,1.0,10100110001000011111
81,1.0,10100110001000011111,1.0,10100010001011001011
81,1.0,10100010001011001011,1.0,10110000001011001000
81,1.0,10110000001011001000,1.0,10110000001011001000
81,1.0,10110000001011001000,1.0,10011000001111101001
81,1.0,10011000001111101001,1.0,10010101001100101010
81,1.0,10010101001100101010,1.0,11111100101100100011
81,1.0,11111100101100100011,1.0,11111100001100000110
81,1.0,11111100001100000110,1.0,11011110001000010101
81,1.0,11011110001000010101,1.0,11111100001000010110
81,1.0,11111100001000010110,1.0,01110100111000010101
81,1.0,01110100111000010101,1.0,01110100111000010101
81,1.0,01110100111000010101,1.0,01011100111000011111
81,1.0,01011100111000011111,1.0,01011100111000011111
81,1.0,01011100111000011111,1.0,10011000111000111101
81,1.0,10011000111000111101,1.0,10011000111100101101
81,1.0,10011000111100101101,1.0,10011000111100101101
81,1.0,10011000111100101101,1.0,10011000111100101101
81,1.0,10011000111100101101,1.0,10110000111000001100
81,1.0,10110000111000001100,1.0,10111010011000000101
81,1.0,10111010011000000101,1.0,10110010001000100111
81,1.0,10110010001000100111,1.0,10110010001000100111
81,1.0,10110010001000100111,1.0,00110010001001000101
81,1.0,00110010001001000101,1.0,00110010001001000101
81,1.0,00110010001001000101,1.0,00110010011001100000
81,1.0,00110010011001100000,1.0,00111010101001100001
81,1.0,00111010101001100001,1.0,00110010001001000101
81,1.0,00110010001001000101,1.0,10110010000101000100
81,1.0,10110010000101000100,1.0,10110010000101000100
81,1.0,10110010000101000100,1.0,11111010000101000000
81,1.0,11111010000101000000,1.0,11110110000011000001
81,1.0,11110110000011000001,1.0,10110110000011010011
81,1.0,10110110000011010011,1.0,10111011000010010011
81,1.0,10111011000010010011,1.0,00111111000110010001
82,3.0,10101101010110111010,3.0,11011101100110110010
82,3.0,11011101100110110010,3.0,11010101100110110011
82,3.0,11010101100110110011,3.0,11011101100110001011
82,3.0,11011101100110001011,3.0,11011101000011001000
82,3.0,11011101000011001000,3.0,10010001100011011000
82,3.0,10010001100011011000,3.0,10010101100011101001
82,3.0,10010101100011101001,1.0,10011001111010001001
82,1.0,10011001111010001001,1.0,10101101111010001010
82,1.0,10101101111010001010,1.0,10111100111010001010
82,1.0,10111100111010001010,1.0,10111100110011110010
82,1.0,10111100110011110010,1.0,10111100110011110010
82,1.0,10111100110011110010,1.0,10110101110010110000
82,1.0,10110101110010110000,1.0,10110101100010101010
82,1.0,10110101100010101010,1.0,11100001101000101010
82,1.0,11100001101000101010,1.0,11101001100001101010
82,1.0,11101001100001101010,1.0,10101010110001111000
82,1.0,10101010110001111000,1.0,10101010110110111011
82,1.0,10101010110110111011,1.0,10101011100110110011
82,1.0,10101011100110110011,1.0,10100111110010110011
82,1.0,10100111110010110011,1.0,10101110011110110000
82,1.0,10101110011110110000,1.0,10100110001100111000
82,1.0,10100110001100111000,1.0,11100100100110111110
82,1.0,11100100100110111110,1.0,01110100100110101101
82,1.0,01110100100110101101,1.0,00110010000110101111
82,1.0,00110010000110101111,1.0,00110001000110101100
82,1.0,00110001000110101100,1.0,00111001000111000101
82,1.0,00111001000111000101,1.0,01111100010111000100
82,1.0,01111100010111000100,1.0,01100000011111100100
82,1.0,01100000011111100100,1.0,11101000011101000101
82,1.0,11101000011101000101,1.0,01100000011101010111
82,1.0,01100000011101010111,1.0,00101011001001010011
82,1.0,00101011001001010011,1.0,00101011001001010011
82,1.0,00101011001001010011,1.0,00100111011001000011
82,1.0,00100111011001000011,1.0,01101001011001010011
82,1.0,01101001011001010011,1.0,00101111011001000010
82,1.0,00101111011001000010,1.0,10001111011011000010
82,1.0,10001111011011000010,1.0,10001011011101000010
82,1.0,10001011011101000010,1.0,10001011011101000010
82,1.0,10001011011101000010,1.0,11001011011001000000
82,1.0,11001011011001000000,1.0,01010011010101000000
82,1.0,01010011010101000000,1.0,11010110000101001000
82,1.0,11010110000101001000,1.0,11010100000111001100
82,1.0,11010100000111001100,1.0,01011110000011001101
82,1.0,01011110000011001101,1.0,01011110010001001100
82,1.0,01011110010001001100,1.0,11011100010001101110
82,1.0,11011100010001101110,1.0,11011100110001001110
82,1.0,11011100110001001110,1.0,01011000110101101101
82,1.0,01011000110101101101,1.0,01011000110101101101
82,1.0,01011000110101101101,1.0,01110100100101101001
82,1.0,01110100100101101001,1.0,01111100110111100001
82,1.0,01111100110111100001,1.0,01110100110011110010
82,1.0,01110100110011110010,1.0,01111100110111100001
82,1.0,01111100110111100001,1.0,01110000111011000001
82,1.0,01110000111011000001,1.0,01100000111011101010
82,1.0,01100000111011101010,1.0,01101100111011100100
82,1.0,01101100111011100100,1.0,01100100111011100101
82,1.0,01100100111011100101,1.0,11101100001011100110
82,1.0,11101100001011100110,1.0,11100100001011100111
82,1.0,11100100001011100111,1.0,01101100111011100100
82,1.0,01101100111011100100,1.0,11100100101011110000
82,1.0,11100100101011110000,1.0,11100100101111100000
82,1.0,11100100101111100000,1.0,11100100110111100100
82,1.0,11100100110111100100,1.0,11111100010101100010
82,1.0,11111100010101100010,1.0,11111010000101000000
82,1.0,11111010000101000000,1.0,11011010011001000000
82,1.0,11011010011001000000,1.0,10011010011101000010
82,1.0,10011010011101000010,1.0,10000110011111000110
82,1.0,10000110011111000110,1.0,10101110011110000111
82,1.0,10101110011110000111,1.0,01101110011110000110
82,1.0,01101110011110000110,1.0,01100110011110000111
82,1.0,01100110011110000111,1.0,00100110011101000110
82,1.0,00100110011101000110,1.0,00100010111011000111
82,1.0,00100010111011000111,1.0,10000110111011100100
82,1.0,10000110111011100100,1.0,10001011110011100101
82,1.0,10001011110011100101,1.0,10000011100011001100
82,1.0,10000011100011001100,1.0,11001110100011101100
82,1.0,11001110100011101100,1.0,11001100110011111110
82,1.0,11001100110011111110,1.0,00011100110011111111
82,1.0,00011100110011111111,1.0,00010100110111011100
82,1.0,00010100110111011100,1.0,00011110000101011100
82,1.0,00011110000101011100,1.0,10010010100101010110
82,1.0,10010010100101010110,1.0,00111110100101000101
82,1.0,00111110100101000101,1.0,00111010001001000100
82,1.0,00111010001001000100,1.0,00111010001001000100
82,1.0,00111010001001000100,1.0,00110010001001000101
82,1.0,00110010001001000101,1.0,00111110001000001101
82,1.0,00111110001000001101,1.0,00111110011010001000
82,1.0,00111110011010001000,1.0,00010111011000001011
82,1.0,00010111011000001011,1.0,00011111011000001010
82,1.0,00011111011000001010,1.0,00011111011000001010
82,1.0,00011111011000001010,1.0,00000111011100001110
82,1.0,00000111011100001110,1.0,00011011001000001100
82,1.0,00011011001000001100,1.0,00011011001000001100
82,1.0,00011011001000001100,1.0,00010011001000001101
82,1.0,00010011001000001101,1.0,00011011010100001111
82,1.0,00011011010100001111,1.0,00011011110100011000
82,1.0,00011011110100011000,1.0,00011010110101011011
82,1.0,00011010110101011011,1.0,00011111110101000010
82,1.0,00011111110101000010,1.0,00111010110101010000
82,1.0,00111010110101010000,1.0,11010010100101010011
82,1.0,11010010100101010011,1.0,11010010101001000010
82,1.0,11010010101001000010,1.0,11110000001001010000
82,1.0,11110000001001010000,1.0,11110000001001010000
82,1.0,11110000001001010000,1.0,11110010001000010000
82,1.0,11110010001000010000,1.0,10110100001011010010
82,1.0,10110100001011010010,1.0,10100010001011110010
82,1.0,10100010001011110010,1.0,10101010101001110010
82,1.0,10101010101001110010,1.0,10101111100001010011
82,1.0,10101111100001010011,1.0,10101111100001010011
82,1.0,10101111100001010011,1.0,00100111100011110010
82,1.0,00100111100011110010,1.0,01100001100011110100
82,1.0,01100001100011110100,1.0,01110000100011110100
82,1.0,01110000100011110100,1.0,01110010100010110100
82,1.0,01110010100010110100,1.0,01110010100010001101
82,1.0,01110010100010001101,1.0,01111010100001001000
82,1.0,01111010100001001000,1.0,01011011100101000001
82,1.0,01011011100101000001,1.0,01011011100101000001
82,1.0,01011011100101000001,1.0,01011111110110000011
82,1.0,01011111110110000011,1.0,01011111110010000100
82,1.0,01011111110010000100,1.0,01011011110000010100
82,1.0,01011011110000010100,1.0,01011010110010011101
82,1.0,01011010110010011101,1.0,11010110110010010110
82,1.0,11010110110010010110,1.0,10010110110110011010
82,1.0,10010110110110011010,1.0,10010100110110111110
82,1.0,10010100110110111110,1.0,00011110100110111101
82,1.0,00011110100110111101,1.0,10010110100100011111
82,1.0,10010110100100011111,1.0,01010110100100011110
82,1.0,01010110100100011110,1.0,01111100100100011111
82,1.0,01111100100100011111,1.0,01111100100100011111
82,1.0,01111100100100011111,1.0,00110100110100111110
82,1.0,00110100110100111110,1.0,01100100111000111110
82,1.0,01100100111000111110,1.0,01101100101010111110
82,1.0,01101100101010111110,1.0,11100000001010111101
82,1.0,11100000001010111101,1.0,11101100001010011111
82,1.0,11101100001010011111,1.0,11101101001000010110
82,1.0,11101101001000010110,1.0,11101101001000010110
82,1.0,11101101001000010110,1.0,11000101101010110110
82,1.0,11000101101010110110,1.0,11000101101010110110
82,1.0,11000101101010110110,1.0,10011001011010100111
82,1.0,10011001011010100111,1.0,11000001011100110101
82,1.0,11000001011100110101,1.0,11100101010100110100
82,1.0,11100101010100110100,1.0,11100101010110100111
82,1.0,11100101010110100111,1.0,11100110010001100111
82,1.0,11100110010001100111,1.0,11100110010001100111
82,1.0,11100110010001100111,1.0,11100010010011100100
82,1.0,11100010010011100100,1.0,11100010010011100100
82,1.0,11100010010011100100,1.0,11000011000011100111
82,1.0,11000011000011100111,1.0,11001011010011000101
82,1.0,11001011010011000101,1.0,01000011010111000111
82,1.0,01000011010111000111,1.0,01001011110011100100
82,1.0,01001011110011100100,1.0,11001011010011000101
82,1.0,11001011010011000101,1.0,10001011110011100101
82,1.0,10001011110011100101,1.0,01000111110101000100
82,1.0,01000111110101000100,1.0,01000111110101000100
82,1.0,01000111110101000100,1.0,00000111010101001111
82,1.0,00000111010101001111,1.0,00000111010101001111
82,1.0,00000111010101001111,1.0,00011111100100001101
82,1.0,00011111100100001101,1.0,00001111101100001111
82,1.0,00001111101100001111,1.0,01001011001100001100
82,1.0,01001011001100001100,1.0,01001001001101001100
82,1.0,01001001001101001100,1.0,01000001101101010100
82,1.0,01000001101101010100,1.0,01010000101101010100
82,1.0,01010000101101010100,1.0,01011000001101011011
82,1.0,01011000001101011011,1.0,01010100011101001011
82,1.0,01010100011101001011,1.0,01011101011000101011
82,1.0,01011101011000101011,1.0,01011101011000101011
82,1.0,01011101011000101011,1.0,00111001011000101001
82,1.0,00111001011000101001,1.0,00111001111000001001
82,1.0,00111001111000001001,1.0,01010101011100001000
82,1.0,01010101011100001000,1.0,00010111011000001011
82,1.0,00010111011000001011,1.0,00011111010001001011
82,1.0,00011111010001001011,1.0,00111110010011001001
82,1.0,00111110010011001001,1.0,00110100110011001110
82,1.0,00110100110011001110,1.0,00111110010011001001
82,1.0,00111110010011001001,1.0,01111010010011100001
82,1.0,01111010010011100001,1.0,01101011010011100001
82,1.0,01101011010011100001,1.0,01100111100011100000
82,1.0,01100111100011100000,1.0,01100111000011010010
82,1.0,01100111000011010010,1.0,01101111011010000011
82,1.0,01101111011010000011,1.0,00100111011010000111
82,1.0,00100111011010000111,1.0,00100111011010000111
82,1.0,00100111011010000111,1.0,00100111011010000111
82,1.0,00100111011010000111,1.0,00100111011010001001
82,1.0,00100111011010001001,1.0,00101001011010011100
82,1.0,00101001011010011100,1.0,10001101011010011111
82,1.0,10001101011010011111,1.0,11001001011100001101
82,1.0,11001001011100001101,1.0,01100101001100011010
82,1.0,01100101001100011010,1.0,01100101001100011010
82,1.0,01100101001100011010,1.0,01101101100100011111
82,1.0,01101101100100011111,1.0,01000101100101011110
82,1.0,01000101100101011110,1.0,00001101101001011111
82,1.0,00001101101001011111,1.0,10000101101100011110
82,1.0,10000101101100011110,1.0,11000101110100011111
82,1.0,11000101110100011111,1.0,11000011110100010110
82,1.0,11000011110100010110,1.0,01011011110100010011
82,1.0,01011011110100010011,1.0,11000011110100010110
83,3.0,11100010001101000011,3.0,11100010001101000011
83,3.0,11100010001101000011,1.0,11100010001100100111
83,1.0,11100010001100100111,1.0,11100010001100100111
83,1.0,11100010001100100111,1.0,11001010011100110111
83,1.0,11001010011100110111,1.0,10010010011110110000
83,1.0,10010010011110110000,1.0,10000011011110110000
83,1.0,10000011011110110000,1.0,00100011011100110000
83,1.0,00100011011100110000,1.0,00100111011010110000
83,1.0,00100111011010110000,1.0,00100011001110110001
83,1.0,00100011001110110001,1.0,00100011101110010001
83,1.0,00100011101110010001,1.0,00101010111101010010
83,1.0,00101010111101010010,1.0,01000010111111010010
83,1.0,01000010111111010010,1.0,01100011110100110010
83,1.0,01100011110100110010,1.0,01100101110100111011
83,1.0,01100101110100111011,1.0,01101101100110111011
83,1.0,01101101100110111011,1.0,00101001111010111001
83,1.0,00101001111010111001,1.0,00101100111011111000
83,1.0,00101100111011111000,1.0,01101100111011110011
83,1.0,01101100111011110011,1.0,01101100111011110011
83,1.0,01101100111011110011,1.0,00100100111011111001
83,1.0,00100100111011111001,1.0,00101100111011001111
83,1.0,00101100111011001111,1.0,00001001111011001110
83,1.0,00001001111011001110,1.0,00101100111011001111
83,1.0,00101100111011001111,1.0,01101000111001001101
83,1.0,01101000111001001101,1.0,01101000111101100100
83,1.0,01101000111101100100,1.0,01101000111101100100
83,1.0,01101000111101100100,1.0,11101000001101100110
83,1.0,11101000001101100110,1.0,11101000001101101000
83,1.0,11101000001101101000,1.0,11101000011101000101
83,1.0,11101000011101000101,1.0,11101000011101000101
83,1.0,11101000011101000101,1.0,11101000001001001111
83,1.0,11101000001001001111,1.0,11101000001001001111
83,1.0,11101000001001001111,1.0,11101000001101100110
83,1.0,11101000001101100110,1.0,11100001001100100100
83,1.0,11100001001100100100,1.0,10100011000101000100
83,1.0,10100011000101000100,1.0,10100001000111010111
83,1.0,10100001000111010111,1.0,10000101000111011110
83,1.0,10000101000111011110,1.0,10000011000001011111
83,1.0,10000011000001011111,1.0,00000111001001001100
83,1.0,00000111001001001100,1.0,01000101001011110100
83,1.0,01000101001011110100,1.0,01001110001011110110
83,1.0,01001110001011110110,1.0,01001110001011110110
83,1.0,01001110001011110110,1.0,01000101001011110100
83,1.0,01000101001011110100,1.0,01000101101011010100
83,1.0,01000101101011010100,1.0,01000101111110010110
83,1.0,01000101111110010110,1.0,00000101101111010110
83,1.0,00000101101111010110,1.0,00101001001011010111
83,1.0,00101001001011010111,1.0,00110001010001010101
83,1.0,00110001010001010101,1.0,00110001010001010101
83,1.0,00110001010001010101,1.0,00110001010001010101
83,1.0,00110001010001010101,1.0,00011101011001110001
83,1.0,00011101011001110001,1.0,00010001011001101000
83,1.0,00010001011001101000,1.0,00111000011011001011
83,1.0,00111000011011001011,1.0,00101001011011001011
83,1.0,00101001011011001011,1.0,10110000001011001000
83,1.0,10110000001011001000,1.0,10110000111010101000
83,1.0,10110000111010101000,1.0,10110100111010001011
83,1.0,10110100111010001011,1.0,10110100111010110010
83,1.0,10110100111010110010,1.0,00111110111010100011
83,1.0,00111110111010100011,1.0,00111000111001110011
83,1.0,00111000111001110011,1.0,00111000111001110011
83,1.0,00111000111001110011,1.0,00111000111001110011
83,1.0,00111000111001110011,1.0,00111000111010111001
83,1.0,00111000111010111001,1.0,00111000111010111001
83,1.0,00111000111010111001,1.0,00111000111001110011
83,1.0,00111000111001110011,1.0,01011000101001110111
83,1.0,01011000101001110111,1.0,00010000101001111101
83,1.0,00010000101001111101,1.0,00011010100011011101
83,1.0,00011010100011011101,1.0,10011010000001011110
83,1.0,10011010000001011110,1.0,01010010000001011110
83,1.0,01010010000001011110,1.0,01010010000001011110
83,1.0,01010010000001011110,1.0,10010010000001011111
83,1.0,10010010000001011111,1.0,10000011000001011111
83,1.0,10000011000001011111,1.0,10000011000001011111
83,1.0,10000011000001011111,1.0,10010100000111011110
83,1.0,10010100000111011110,1.0,10111100000101001100
83,1.0,10111100000101001100,1.0,00011001100111010111
83,1.0,00011001100111010111,1.0,00110000100111110110
83,1.0,00110000100111110110,1.0,01111000100111110010
83,1.0,01111000100111110010,1.0,00110010100101110010
83,1.0,00110010100101110010,1.0,00011011000101110011
83,1.0,00011011000101110011,1.0,00010011100100111010
83,1.0,00010011100100111010,1.0,00010011100100111010
83,1.0,00010011100100111010,1.0,10011001100110111011
83,1.0,10011001100110111011,1.0,00010001100110111110
83,1.0,00010001100110111110,1.0,00100001100111110110
83,1.0,00100001100111110110,1.0,00101101100110111110
83,1.0,00101101100110111110,1.0,10101101000110011111
83,1.0,10101101000110011111,1.0,10101101000110011111
83,1.0,10101101000110011111,1.0,10101001110010011111
83,1.0,10101001110010011111,1.0,10100001010011001100
83,1.0,10100001010011001100,1.0,10100001010011001100
83,1.0,10100001010011001100,1.0,11101001010011001000
83,1.0,11101001010011001000,1.0,10101101110011001011
83,1.0,10101101110011001011,1.0,10100111110000011001
83,1.0,10100111110000011001,1.0,10101111100010011001
83,1.0,10101111100010011001,1.0,11001111100100011011
83,1.0,11001111100100011011,1.0,11001111100100011011
83,1.0,11001111100100011011,1.0,11000101110110111011
83,1.0,11000101110110111011,1.0,10100001110110111001
83,1.0,10100001110110111001,1.0,10101001110110111000
83,1.0,10101001110110111000,1.0,10100100110111111000
83,1.0,10100100110111111000,1.0,10100100110111111000
83,1.0,10100100110111111000,1.0,10101001110110111000
83,1.0,10101001110110111000,1.0,10011001100110111011
83,1.0,10011001100110111011,1.0,10010011000110101000
83,1.0,10010011000110101000,1.0,10011011000111000001
83,1.0,10011011000111000001,1.0,10100111000111000011
83,1.0,10100111000111000011,1.0,10001111000111100101
83,1.0,10001111000111100101,1.0,00101011010101000111
83,1.0,00101011010101000111,1.0,00101111000101100101
83,1.0,00101111000101100101,1.0,00100111100100101100
83,1.0,00100111100100101100,1.0,01100101100110101101
83,1.0,01100101100110101101,1.0,01101110100110101111
83,1.0,01101110100110101111,1.0,01101110100110101111
83,1.0,01101110100110101111,1.0,01100110010110101110
83,1.0,01100110010110101110,1.0,01100100010111101110
83,1.0,01100100010111101110,1.0,00100110000111101110
83,1.0,00100110000111101110,1.0,00101110110111100111
83,1.0,00101110110111100111,1.0,10111100000111100110
83,1.0,10111100000111100110,1.0,10111100000111101000
83,1.0,10111100000111101000,1.0,11101000010101101100
83,1.0,11101000010101101100,1.0,11101100110101011000
83,1.0,11101100110101011000,1.0,11101110100101010011
83,1.0,11101110100101010011,1.0,11101110100101010011
83,1.0,11101110100101010011,1.0,11110010000001010001
83,1.0,11110010000001010001,1.0,11110010000001010001
83,1.0,11110010000001010001,1.0,11110110000011000001
83,1.0,11110110000011000001,1.0,11011010010011000101
83,1.0,11011010010011000101,1.0,11010010011001000001
83,1.0,11010010011001000001,1.0,01010010011001010010
83,1.0,01010010011001010010,1.0,01010010010111110000
83,1.0,01010010010111110000,1.0,11010000110111110010
83,1.0,11010000110111110010,1.0,11010010110110110010
83,1.0,11010010110110110010,1.0,11010000110111110010
83,1.0,11010000110111110010,1.0,01011010110011110011
83,1.0,01011010110011110011,1.0,01010110010001110100
83,1.0,01010110010001110100,1.0,11010000011001100101
83,1.0,11010000011001100101,1.0,11000001011001100101
83,1.0,11000001011001100101,1.0,11000000111111100101
83,1.0,11000000111111100101,1.0,11000000111111100101
83,1.0,11000000111111100101,1.0,11000000011111010111
83,1.0,11000000011111010111,1.0,11001001011011010011
83,1.0,11001001011011010011,1.0,11100001001011000011
83,1.0,11100001001011000011,1.0,11100001001011000011
83,1.0,11100001001011000011,1.0,11100001001011000011
83,1.0,11100001001011000011,1.0,01101000001111011001
83,1.0,01101000001111011001,1.0,01100001000111011000
83,1.0,01100001000111011000,1.0,01010101000111110001
83,1.0,01010101000111110001,1.0,00101011010111100011
83,1.0,00101011010111100011,1.0,11100011010110100000
83,1.0,11100011010110100000,1.0,11100011010110100000
83,1.0,11100011010110100000,1.0,11101011110100100000
83,1.0,11101011110100100000,1.0,01101011111000100001
83,1.0,01101011111000100001,1.0,10100011101100100000
83,1.0,10100011101100100000,1.0,10100011001100010010
83,1.0,10100011001100010010,1.0,10001111001100011001
83,1.0,10001111001100011001,1.0,10001111001110110011
83,1.0,10001111001110110011,1.0,10001111001110110011
83,1.0,10001111001110110011,1.0,10001101001111110011
83,1.0,10001101001111110011,1.0,10100100011111110001
83,1.0,10100100011111110001,1.0,10101100011111110000
83,1.0,10101100011111110000,1.0,10100000011111100101
83,1.0,10100000011111100101,1.0,10100000011100111110
83,1.0,10100000011100111110,1.0,10001010011100111100
83,1.0,10001010011100111100,1.0,10000101011110111001
83,1.0,10000101011110111001,1.0,10001001001111101001
83,1.0,10001001001111101001,1.0,10001101001011001101
83,1.0,10001101001011001101,1.0,10001001001101001101
83,1.0,10001001001101001101,1.0,10011000001101001101
83,1.0,10011000001101001101,1.0,10011000001101001101
83,1.0,10011000001101001101,1.0,10011000001101001101
83,1.0,10011000001101001101,1.0,00111100001001001101
83,1.0,00111100001001001101,1.0,00111100001001001101
83,1.0,00111100001001001101,1.0,00111100001001001101
83,1.0,00111100001001001101,1.0,00110010000001101100
83,1.0,00110010000001101100,1.0,00110010001001000101
83,1.0,00110010001001000101,1.0,01111010011000000100
83,1.0,01111010011000000100,1.0,01111010011000000100
83,1.0,01111010011000000100,1.0,01111110011010000011
84,19.0,11100011000011100000,5.0,11000011010011001000
84,5.0,11000011010011001000,1.0,11100001000011101010
84,1.0,11100001000011101010,1.0,11001001011001100100
84,1.0,11001001011001100100,1.0,11000111100001100100
84,1.0,11000111100001100100,1.0,11001011100011000110
84,1.0,11001011100011000110,1.0,11001011100011000110
84,1.0,11001011100011000110,1.0,11010010100011000111
84,1.0,11010010100011000111,1.0,11010010100011110000
84,1.0,11010010100011110000,1.0,11000110100111010110
84,1.0,11000110100111010110,1.0,11000101110101100110
84,1.0,11000101110101100110,1.0,11000000110101111111
84,1.0,11000000110101111111,1.0,11110000110001110001
84,1.0,11110000110001110001,1.0,11100001110001110001
84,1.0,11100001110001110001,1.0,11101100110101010110
84,1.0,11101100110101010110,1.0,11101100110101010110
84,1.0,11101100110101010110,1.0,11101110010100110110
84,1.0,11101110010100110110,1.0,11001011010100110101
84,1.0,11001011010100110101,1.0,11001011010100110101
84,1.0,11001011010100110101,1.0,01001011000101001101
84,1.0,01001011000101001101,1.0,01100110000101001111
84,1.0,01100110000101001111,1.0,01101010001101000100
84,1.0,01101010001101000100,1.0,01100110011101000011
84,1.0,01100110011101000011,1.0,10101110011101000011
84,1.0,10101110011101000011,1.0,10101110010101010101
84,1.0,10101110010101010101,1.0,10110010000001010100
84,1.0,10110010000001010100,1.0,10110110000011000100
84,1.0,10110110000011000100,1.0,10111010100010001101
84,1.0,10111010100010001101,1.0,10110010100010110101
84,1.0,10110010100010110101,1.0,10110010100110100101
84,1.0,10110010100110100101,1.0,10100011100110100101
84,1.0,10100011100110100101,1.0,10101011000010101101
84,1.0,10101011000010101101,1.0,10101011000010101101
84,1.0,10101011000010101101,1.0,10101011100010001101
84,1.0,10101011100010001101,1.0,10101011101000001000
84,1.0,10101011101000001000,1.0,10111010101000001000
84,1.0,10111010101000001000,1.0,10111110110000011000
84,1.0,10111110110000011000,1.0,10110110110000011001
84,1.0,10110110110000011001,1.0,00110111000000011011
84,1.0,00110111000000011011,1.0,10100111100000111010
84,1.0,10100111100000111010,1.0,10101011100010110100
84,1.0,10101011100010110100,1.0,10001011100010111111
84,1.0,10001011100010111111,1.0,10001011110000111110
84,1.0,10001011110000111110,1.0,10010011100000110111
84,1.0,10010011100000110111,1.0,10011011100000111000
84,1.0,10011011100000111000,1.0,10001011101000111010
84,1.0,10001011101000111010,1.0,10011010101000111010
84,1.0,10011010101000111010,1.0,00110010001000111010
84,1.0,00110010001000111010,1.0,00110000001001111010
84,1.0,00110000001001111010,1.0,00100100101001111110
84,1.0,00100100101001111110,1.0,00100100111011111001
84,1.0,00100100111011111001,1.0,00101001111010111001
84,1.0,00101001111010111001,1.0,00110001111000110001
84,1.0,00110001111000110001,1.0,10011001111010110000
84,1.0,10011001111010110000,1.0,10010011110010110010
84,1.0,10010011110010110010,1.0,11000011110110110010
84,1.0,11000011110110110010,1.0,11000011110110110010
84,1.0,11000011110110110010,1.0,11000011110110110010
84,1.0,11000011110110110010,1.0,11101001110110110011
84,1.0,11101001110110110011,1.0,10101001100111110011
84,1.0,10101001100111110011,1.0,10101011100010110100
84,1.0,10101011100010110100,1.0,10101111110000010110
84,1.0,10101111110000010110,1.0,10101111101000010010
84,1.0,10101111101000010010,1.0,10100111101000010011
84,1.0,10100111101000010011,1.0,10100111101000010011
84,1.0,10100111101000010011,1.0,10100111001010010010
84,1.0,10100111001010010010,1.0,11100011001000010000
84,1.0,11100011001000010000,1.0,11100001001001010000
84,1.0,11100001001001010000,1.0,11100001001001010000
84,1.0,11100001001001010000,1.0,11101001101010110000
84,1.0,11101001101010110000,1.0,10100001101010110100
84,1.0,10100001101010110100,1.0,10100001101010110100
84,1.0,10100001101010110100,1.0,11101001101010110000
84,1.0,11101001101010110000,1.0,11101001111010100010
84,1.0,11101001111010100010,1.0,00101001111001110011
84,1.0,00101001111001110011,1.0,10100001101001110000
84,1.0,10100001101001110000,1.0,10100011101000110000
84,1.0,10100011101000110000,1.0,10100011100001110001
84,1.0,10100011100001110001,1.0,10100011110100100100
84,1.0,10100011110100100100,1.0,10100101110100101101
84,1.0,10100101110100101101,1.0,10100101101100101001
84,1.0,10100101101100101001,1.0,01101001101110001010
84,1.0,01101001101110001010,1.0,00100001101110001110
84,1.0,00100001101110001110,1.0,00100111101010001010
84,1.0,00100111101010001010,1.0,00110110101010001010
84,1.0,00110110101010001010,1.0,00111011100010001011
84,1.0,00111011100010001011,1.0,00110011010010001010
84,1.0,00110011010010001010,1.0,01010011110010001010
84,1.0,01010011110010001010,1.0,11010111000010001001
84,1.0,11010111000010001001,1.0,11010111100010010000
84,1.0,11010111100010010000,1.0,11010111100010010000
84,1.0,11010111100010010000,1.0,11000011100011110000
84,1.0,11000011100011110000,1.0,11000011100011110000
84,1.0,11000011100011110000,1.0,11000011100011110000
84,1.0,11000011100011110000,1.0,11000011100111100000
84,1.0,11000011100111100000,1.0,10100011000111100000
84,1.0,10100011000111100000,1.0,10100011000101010011
84,1.0,10100011000101010011,1.0,10100011100001110001
84,1.0,10100011100001110001,1.0,10101011000001101001
84,1.0,10101011000001101001,1.0,10111010000001101001
84,1.0,10111010000001101001,1.0,10111010000001101001
84,1.0,10111010000001101001,1.0,10111010000001101001
84,1.0,10111010000001101001,1.0,10111100100101101001
84,1.0,10111100100101101001,1.0,00111000001101101001
84,1.0,00111000001101101001,1.0,00111001001101000000
84,1.0,00111001001101000000,1.0,00111101001100001001
84,1.0,00111101001100001001,1.0,00111101001100001001
84,1.0,00111101001100001001,1.0,00010101001101001000
84,1.0,00010101001101001000,1.0,00010101001101001000
84,1.0,00010101001101001000,1.0,01010101001110001001
84,1.0,01010101001110001001,1.0,01111001001110000001
84,1.0,01111001001110000001,1.0,01010011001110000000
84,1.0,01010011001110000000,1.0,01010011001110000000
84,1.0,01010011001110000000,1.0,01010011001110000000
84,1.0,01010011001110000000,1.0,01010110101110000100
84,1.0,01010110101110000100,1.0,11111100101100100011
84,1.0,11111100101100100011,1.0,10011101111100100011
84,1.0,10011101111100100011,1.0,10010101011100000111
84,1.0,10010101011100000111,1.0,10010110111100000100
84,1.0,10010110111100000100,1.0,10010010111010100101
84,1.0,10010010111010100101,1.0,10011001111010001001
84,1.0,10011001111010001001,1.0,00010001011110101011
84,1.0,00010001011110101011,1.0,00011001111110001010
84,1.0,00011001111110001010,1.0,01011100111110101011
84,1.0,01011100111110101011,1.0,00010100111110101111
84,1.0,00010100111110101111,1.0,00011100111110101110
84,1.0,00011100111110101110,1.0,01010000111100101101
84,1.0,01010000111100101101,1.0,00110000011100101101
84,1.0,00110000011100101101,1.0,00111000011100101100
84,1.0,00111000011100101100,1.0,01111000011100101001
84,1.0,01111000011100101001,1.0,01111000011100101001
84,1.0,01111000011100101001,1.0,01110000011000111010
84,1.0,01110000011000111010,1.0,01110000011000111010
84,1.0,01110000011000111010,1.0,01110000111000011010
84,1.0,01110000111000011010,1.0,01101000111001001101
84,1.0,01101000111001001101,1.0,01101100111010011101
84,1.0,01101100111010011101,1.0,00101100111110011111
84,1.0,00101100111110011111,1.0,00111100110110011101
84,1.0,00111100110110011101,1.0,01111100100100011111
84,1.0,01111100100100011111,1.0,01111100100100011111
84,1.0,01111100100100011111,1.0,01111100100100011111
84,1.0,01111100100100011111,1.0,01111100110100111010
84,1.0,01111100110100111010,1.0,01110000110110111000
84,1.0,01110000110110111000,1.0,01110001000110101001
84,1.0,01110001000110101001,1.0,01111101000100101011
84,1.0,01111101000100101011,1.0,01111101000100101011
84,1.0,01111101000100101011,1.0,01111100110100111010
84,1.0,01111100110100111010,1.0,01110100110100111011
84,1.0,01110100110100111011,1.0,00011101110100011111
84,1.0,00011101110100011111,1.0,00010000111100111111
84,1.0,00010000111100111111,1.0,00011001001100101111
84,1.0,00011001001100101111,1.0,00011001001100101111
84,1.0,00011001001100101111,1.0,00001011101100101100
84,1.0,00001011101100101100,1.0,00000111111000101100
84,1.0,00000111111000101100,1.0,00000101111001101100
84,1.0,00000101111001101100,1.0,00000101011001011110
84,1.0,00000101011001011110,1.0,10010101001001000101
84,1.0,10010101001001000101,1.0,10011110001001000111
84,1.0,10011110001001000111,1.0,10010010011001000100
84,1.0,10010010011001000100,1.0,10010010011001010011
84,1.0,10010010011001010011,1.0,10010001011010010100
84,1.0,10010001011010010100,1.0,00011001011011000101
84,1.0,00011001011011000101,1.0,00110000011011100100
84,1.0,00110000011011100100,1.0,00010100001111001111
84,1.0,00010100001111001111,1.0,00010000001111101100
84,1.0,00010000001111101100,1.0,01100000000111111111
84,1.0,01100000000111111111,1.0,01100000000111111111
84,1.0,01100000000111111111,1.0,00101000110111111101
84,1.0,00101000110111111101,1.0,00101000101111111001
84,1.0,00101000101111111001,1.0,01000000111111111000
84,1.0,01000000111111111000,1.0,11001000101101111010
84,1.0,11001000101101111010,1.0,11100000101101110000
84,1.0,11100000101101110000,1.0,01100000001101111010
84,1.0,01100000001101111010,1.0,01100000011101011001
84,1.0,01100000011101011001,1.0,01000010110101011101
84,1.0,01000010110101011101,1.0,00000011110001011101
84,1.0,00000011110001011101,1.0,00100001110001011110
84,1.0,00100001110001011110,1.0,10100001110001001101
84,1.0,10100001110001001101,1.0,10100011110000001101
84,1.0,10100011110000001101,1.0,10001011111000011001
84,1.0,10001011111000011001,1.0,10001011111000011001
84,1.0,10001011111000011001,1.0,10000110011001111001
84,1.0,10000110011001111001,1.0,11010010010001101000
84,1.0,11010010010001101000,1.0,11011110001000101010
84,1.0,11011110001000101010,1.0,11010110001000101011
84,1.0,11010110001000101011,1.0,11010010001010101000
84,1.0,11010010001010101000,1.0,11010010001010101000
84,1.0,11010010001010101000,1.0,00011010001011101011
84,1.0,00011010001011101011,1.0,00011100101011111011
84,1.0,00011100101011111011,1.0,01011100101011101001
84,1.0,01011100101011101001,1.0,01010100011011101000
84,1.0,01010100011011101000,1.0,01011000001111101000
84,1.0,01011000001111101000,1.0,01001001001111101000
84,1.0,01001001001111101000,1.0,01000001001111101001
85,7.0,11000101010001011100,1.0,11101000010001111100
85,1.0,11101000010001111100,1.0,11000000101001111100
85,1.0,11000000101001111100,1.0,01101000101100111110
85,1.0,01101000101100111110,1.0,01100000101100111111
85,1.0,01100000101100111111,1.0,11010000101100110110
85,1.0,11010000101100110110,1.0,11111000110110110011
85,1.0,11111000110110110011,1.0,11110000101010110001
85,1.0,11110000101010110001,1.0,11110000111010100011
85,1.0,11110000111010100011,1.0,01110000111011000001
85,1.0,01110000111011000001,1.0,01010000111011110011
85,1.0,01010000111011110011,1.0,01011000111011110010
85,1.0,01011000111011110010,1.0,00010010110011111001
85,1.0,00010010110011111001,1.0,00010010110011111001
85,1.0,00010010110011111001,1.0,00011010110011111000
85,1.0,00011010110011111000,1.0,00010010110011111001
85,1.0,00010010110011111001,1.0,00011100110011111111
85,1.0,00011100110011111111,1.0,00011100110111101111
85,1.0,00011100110111101111,1.0,00001101110111101111
85,1.0,00001101110111101111,1.0,00001101110111101111
85,1.0,00001101110111101111,1.0,00001101110111101111
85,1.0,00001101110111101111,1.0,00010001100110111110
85,1.0,00010001100110111110,1.0,00011001110110011100
85,1.0,00011001110110011100,1.0,00011001110011001100
85,1.0,00011001110011001100,1.0,01010001000011001110
85,1.0,01010001000011001110,1.0,01010001000011001110
85,1.0,01010001000011001110,1.0,01010001000011001110
85,1.0,01010001000011001110,1.0,01111001000010001111
85,1.0,01111001000010001111,1.0,01111001001000001010
85,1.0,01111001001000001010,1.0,01111001000100011011
85,1.0,01111001000100011011,1.0,01111001000110101000
85,1.0,01111001000110101000,1.0,01100101101100101000
85,1.0,01100101101100101000,1.0,01110001001100100010
85,1.0,01110001001100100010,1.0,01111001011100000000
85,1.0,01111001011100000000,1.0,01010101011100001000
85,1.0,01010101011100001000,1.0,01010101011100001000
85,1.0,01010101011100001000,1.0,01010101011100001000
85,1.0,01010101011100001000,1.0,01011101101100001001
85,1.0,01011101101100001001,1.0,01111100101110000101
85,1.0,01111100101110000101,1.0,01111100111110100000
85,1.0,01111100111110100000,1.0,01011101101110100011
85,1.0,01011101101110100011,1.0,01011101101110100011
85,1.0,01011101101110100011,1.0,01101111101100000001
85,1.0,01101111101100000001,1.0,00100111111110000000
85,1.0,00100111111110000000,1.0,10101111110110100010
85,1.0,10101111110110100010,1.0,10101111110010110010
85,1.0,10101111110010110010,1.0,10010011100000111001
85,1.0,10010011100000111001,1.0,10010001100001111001
85,1.0,10010001100001111001,1.0,10011001100001111000
85,1.0,10011001100001111000,1.0,10101101100001111001
85,1.0,10101101100001111001,1.0,10000101100011111100
85,1.0,10000101100011111100,1.0,10000101100011111100
85,1.0,10000101100011111100,1.0,10011001110011110001
85,1.0,10011001110011110001,1.0,10001110110111110100
85,1.0,10001110110111110100,1.0,10001110110111001101
85,1.0,10001110110111001101,1.0,00010110010101001111
85,1.0,00010110010101001111,1.0,10001110110111001101
85,1.0,10001110110111001101,1.0,10001110110111001101
85,1.0,10001110110111001101,1.0,10011110110101000100
85,1.0,10011110110101000100,1.0,10100110010001101100
85,1.0,10100110010001101100,1.0,11101010010100101100
85,1.0,11101010010100101100,1.0,11101010000101100111
85,1.0,11101010000101100111,1.0,11101001000101100100
85,1.0,11101001000101100100,1.0,11101001000101100100
85,1.0,11101001000101100100,1.0,11101101000101000111
85,1.0,11101101000101000111,1.0,11100001000001001110
85,1.0,11100001000001001110,1.0,11101101000101000111
85,1.0,11101101000101000111,1.0,11101101000001010111
85,1.0,11101101000001010111,1.0,11101101010011010010
85,1.0,11101101010011010010,1.0,11101001010101010010
85,1.0,11101001010101010010,1.0,11100001011100010010
85,1.0,11100001011100010010,1.0,01101001111110010000
85,1.0,01101001111110010000,1.0,01101101111110100000
85,1.0,01101101111110100000,1.0,10101101111110100001
85,1.0,10101101111110100001,1.0,00101111111010100011
85,1.0,00101111111010100011,1.0,00101111111010100011
85,1.0,00101111111010100011,1.0,01100101111010001010
85,1.0,01100101111010001010,1.0,00100111101010001010
85,1.0,00100111101010001010,1.0,10101001101110001011
85,1.0,10101001101110001011,1.0,10000101101110111010
85,1.0,10000101101110111010,1.0,11001101100101011011
85,1.0,11001101100101011011,1.0,11001101000111011010
85,1.0,11001101000111011010,1.0,11000011000111010010
85,1.0,11000011000111010010,1.0,11000011000111010010
85,1.0,11000011000111010010,1.0,11001011011010010011
85,1.0,11001011011010010011,1.0,10001001111011110011
85,1.0,10001001111011110011,1.0,10000101110101111010
85,1.0,10000101110101111010,1.0,11011100100101011011
85,1.0,11011100100101011011,1.0,11011110100110101000
85,1.0,11011110100110101000,1.0,11011010100110011000
85,1.0,11011010100110011000,1.0,11011010100110011000
85,1.0,11011010100110011000,1.0,11010100110110111011
85,1.0,11010100110110111011,1.0,10010100110101111010
85,1.0,10010100110101111010,1.0,10100100110111111000
85,1.0,10100100110111111000,1.0,11101100010111101011
85,1.0,11101100010111101011,1.0,11101100010111101011
85,1.0,11101100010111101011,1.0,11101100110111110010
85,1.0,11101100110111110010,1.0,11101010110001110011
85,1.0,11101010110001110011,1.0,11110010110000110001
85,1.0,11110010110000110001,1.0,11100011110000110001
85,1.0,11100011110000110001,1.0,11110010110000110001
85,1.0,11110010110000110001,1.0,11111010110000110000
85,1.0,11111010110000110000,1.0,11100010111000110011
85,1.0,11100010111000110011,1.0,11101010111000110010
85,1.0,11101010111000110010,1.0,10110010101000110000
85,1.0,10110010101000110000,1.0,10011010101000111010
85,1.0,10011010101000111010,1.0,10011001101000001110
85,1.0,10011001101000001110,1.0,01010001101000001110
85,1.0,01010001101000001110,1.0,01010001101000001110
85,1.0,01010001101000001110,1.0,01010001101010101010
85,1.0,01010001101010101010,1.0,01110101101010000010
85,1.0,01110101101010000010,1.0,01010101101010100101
85,1.0,01010101101010100101,1.0,01011101101010100100
85,1.0,01011101101010100100,1.0,01011101101010100100
85,1.0,01011101101010100100,1.0,00011101101110100110
85,1.0,00011101101110100110,1.0,00011101101110100110
85,1.0,00011101101110100110,1.0,00010111100100110101
85,1.0,00010111100100110101,1.0,00100011100110110110
85,1.0,00100011100110110110,1.0,01100011100110100100
85,1.0,01100011100110100100,1.0,01110001100110000111
85,1.0,01110001100110000111,1.0,01110101100010010100
85,1.0,01110101100010010100,1.0,01110101100100100100
85,1.0,01110101100100100100,1.0,01110101100100100100
85,1.0,01110101100100100100,1.0,01110010100110100100
85,1.0,01110010100110100100,1.0,11111010100110100001
85,1.0,11111010100110100001,1.0,01111001000110100110
85,1.0,01111001000110100110,1.0,11111100010110101000
85,1.0,11111100010110101000,1.0,11110101010110000000
85,1.0,11110101010110000000,1.0,11110101010110000000
85,1.0,11110101010110000000,1.0,11110101010110000000
85,1.0,11110101010110000000,1.0,11110101010110000000
85,1.0,11110101010110000000,1.0,11111110010110000010
85,1.0,11111110010110000010,1.0,10010111100110010010
85,1.0,10010111100110010010,1.0,10011111000100010101
85,1.0,10011111000100010101,1.0,10011111000100010101
85,1.0,10011111000100010101,1.0,10011111000100010101
85,1.0,10011111000100010101,1.0,01110111000000000111
85,1.0,01110111000000000111,1.0,01110111000000000111
85,1.0,01110111000000000111,1.0,11111001000010100101
85,1.0,11111001000010100101,1.0,01110101010010100110
85,1.0,01110101010010100110,1.0,01110101010010100110
85,1.0,01110101010010100110,1.0,01110101010010100110
85,1.0,01110101010010100110,1.0,01110101110010000110
85,1.0,01110101110010000110,1.0,11111101110010000011
85,1.0,11111101110010000011,1.0,11111100110100101001
85,1.0,11111100110100101001,1.0,11110101100000001011
85,1.0,11110101100000001011,1.0,11110001000100001010
85,1.0,11110001000100001010,1.0,11010001010110101000
85,1.0,11010001010110101000,1.0,11111100010110100110
85,1.0,11111100010110100110,1.0,11110010010110100000
85,1.0,11110010010110100000,1.0,11110000010111100000
85,1.0,11110000010111100000,1.0,11111100010101100010
85,1.0,11111100010101100010,1.0,01110101010001100010
85,1.0,01110101010001100010,1.0,11111100010110101000
85,1.0,11111100010110101000,1.0,11101101010110101000
85,1.0,11101101010110101000,1.0,11100000011100111011
85,1.0,11100000011100111011,1.0,11100000101110110100
85,1.0,11100000101110110100,1.0,11100000101110110100
85,1.0,11100000101110110100,1.0,11001000101110111110
85,1.0,11001000101110111110,1.0,10000101101100011110
85,1.0,10000101101100011110,1.0,10010001101000111000
85,1.0,10010001101000111000,1.0,10010001111000101010
85,1.0,10010001111000101010,1.0,10011101111010010011
85,1.0,10011101111010010011,1.0,10011101111010010011
85,1.0,10011101111010010011,1.0,10010101001010011010
85,1.0,10010101001010011010,1.0,11011001001010001010
85,1.0,11011001001010001010,1.0,11011001101000001011
85,1.0,11011001101000001011,1.0,11010100101000011100
85,1.0,11010100101000011100,1.0,11010100101000011100
85,1.0,11010100101000011100,1.0,11011000101110010101
85,1.0,11011000101110010101,1.0,10011010001111000011
85,1.0,10011010001111000011,1.0,10011110000111100101
85,1.0,10011110000111100101,1.0,10011010000101110101
85,1.0,10011010000101110101,1.0,11000100001111110101
85,1.0,11000100001111110101,1.0,11001000111111100100
85,1.0,11001000111111100100,1.0,11000000101011101111
85,1.0,11000000101011101111,1.0,11001000111011001101
85,1.0,11001000111011001101,1.0,11000001101011001000
85,1.0,11000001101011001000,1.0,11001101100011001111
85,1.0,11001101100011001111,1.0,11000101000011011100
85,1.0,11000101000011011100,1.0,11000100110011111111
85,1.0,11000100110011111111,1.0,11000100110011111111
85,1.0,11000100110011111111,1.0,11001100110011111110
85,1.0,11001100110011111110,1.0,11000100110011111111
85,1.0,11000100110011111111,1.0,11001100110011111110
85,1.0,11001100110011111110,1.0,11001000111011110100
85,1.0,11001000111011110100,1.0,11000100111001111010
85,1.0,11000100111001111010,1.0,11000100111001111010
85,1.0,11000100111001111010,1.0,11101100111000111011
85,1.0,11101100111000111011,1.0,11101100111110001010
85,1.0,11101100111110001010,1.0,11100100111010001100
85,1.0,11100100111010001100,1.0,10101000011110011101
85,1.0,10101000011110011101,1.0,10100010011100011010
85,1.0,10100010011100011010,1.0,10100010011100011010
86,1.0,00111011001100000000,1.0,00110011001100000001
86,1.0,00110011001100000001,1.0,00110001001101000001
86,1.0,00110001001101000001,1.0,00110001001101000001
86,1.0,00110001001101000001,1.0,10100101100101010100
86,1.0,10100101100101010100,1.0,10001001001101110100
86,1.0,10001001001101110100,1.0,10001111001101100000
86,1.0,10001111001101100000,1.0,10001011011101000010
86,1.0,10001011011101000010,1.0,10010010011101000011
86,1.0,10010010011101000011,1.0,01010010011101000010
86,1.0,01010010011101000010,1.0,01000110111101000110
86,1.0,01000110111101000110,1.0,11000110111001000101
86,1.0,11000110111001000101,1.0,11100100101011000111
86,1.0,11100100101011000111,1.0,00100110101011100101
86,1.0,00100110101011100101,1.0,00100110101011100101
86,1.0,00100110101011100101,1.0,00101010101101100100
86,1.0,00101010101101100100,1.0,01100010111100100101
86,1.0,01100010111100100101,1.0,10101010111100100101
86,1.0,10101010111100100101,1.0,10101010111100100101
86,1.0,10101010111100100101,1.0,11101010011100000101
86,1.0,11101010011100000101,1.0,00101011011100000110
86,1.0,00101011011100000110,1.0,00111011010100000100
86,1.0,00111011010100000100,1.0,00011011010100001111
86,1.0,00011011010100001111,1.0,00011011001100001011
86,1.0,00011011001100001011,1.0,00010111011000001011
86,1.0,00010111011000001011,1.0,10010110011011000011
86,1.0,10010110011011000011,1.0,10011110011011000010
86,1.0,10011110011011000010,1.0,11011100011011100011
86,1.0,11011100011011100011,1.0,11011100011011100011
86,1.0,11011100011011100011,1.0,11011100011011100011
86,1.0,11011100011011100011,1.0,11011100011010110100
86,1.0,11011100011010110100,1.0,11011100011011100011
86,1.0,11011100011011100011,1.0,11011100000011101111
86,1.0,11011100000011101111,1.0,01011100110011101101
86,1.0,01011100110011101101,1.0,00011100101011101100
86,1.0,00011100101011101100,1.0,00010000101101101101
86,1.0,00010000101101101101,1.0,00001101101111101011
86,1.0,00001101101111101011,1.0,00011100101111101011
86,1.0,00011100101111101011,1.0,00110000101101001010
86,1.0,00110000101101001010,1.0,00110001100101001000
86,1.0,00110001100101001000,1.0,00111011000101000001
86,1.0,00111011000101000001,1.0,01101011011100000011
86,1.0,01101011011100000011,1.0,01101111011010000011
86,1.0,01101111011010000011,1.0,01011001101110010011
86,1.0,01011001101110010011,1.0,01010100111110010110
86,1.0,01010100111110010110,1.0,01010100111110010110
86,1.0,01010100111110010110,1.0,01010100111110010110
86,1.0,01010100111110010110,1.0,01010010011110000110
86,1.0,01010010011110000110,1.0,01010010111110100011
86,1.0,01010010111110100011,1.0,01010010111110100011
86,1.0,01010010111110100011,1.0,01011010111110100010
86,1.0,01011010111110100010,1.0,00111010111100100011
86,1.0,00111010111100100011,1.0,00010010111101100010
86,1.0,00010010111101100010,1.0,00011110101001101000
86,1.0,00011110101001101000,1.0,01011110001001001000
86,1.0,01011110001001001000,1.0,01001110101111001000
86,1.0,01001110101111001000,1.0,00000110001111111011
86,1.0,00000110001111111011,1.0,00001110101111011010
86,1.0,00001110101111011010,1.0,00011010110101011011
86,1.0,00011010110101011011,1.0,00011111110001010010
86,1.0,00011111110001010010,1.0,00011111110001010010
86,1.0,00011111110001010010,1.0,00010011110011010000
86,1.0,00010011110011010000,1.0,00010011110011010000
86,1.0,00010011110011010000,1.0,10010011110010110010
86,1.0,10010011110010110010,1.0,10001011111010110011
86,1.0,10001011111010110011,1.0,10010011110010110010
86,1.0,10010011110010110010,1.0,10011010111010110011
86,1.0,10011010111010110011,1.0,10010110001000101110
86,1.0,10010110001000101110,1.0,10010110001000101110
86,1.0,10010110001000101110,1.0,11011110010000101110
86,1.0,11011110010000101110,1.0,11010110010000101111
86,1.0,11010110010000101111,1.0,11111010010000101001
86,1.0,11111010010000101001,1.0,01110010010000111011
86,1.0,01110010010000111011,1.0,01111010010000111010
86,1.0,01111010010000111010,1.0,00111010010010011101
86,1.0,00111010010010011101,1.0,01011010110010011101
86,1.0,01011010110010011101,1.0,00111010010010011101
86,1.0,00111010010010011101,1.0,00111100011010101100
86,1.0,00111100011010101100,1.0,00111100001110110111
86,1.0,00111100001110110111,1.0,01111100001010110101
86,1.0,01111100001010110101,1.0,01111101001000000101
86,1.0,01111101001000000101,1.0,01111101001000000101
86,1.0,01111101001000000101,1.0,01101101111100000100
86,1.0,01101101111100000100,1.0,10101101111100000101
86,1.0,10101101111100000101,1.0,10101101101000001111
86,1.0,10101101101000001111,1.0,10100001111000001100
86,1.0,10100001111000001100,1.0,10001001111000111101
86,1.0,10001001111000111101,1.0,10100100111000111111
86,1.0,10100100111000111111,1.0,01100100111000111110
86,1.0,01100100111000111110,1.0,01100100111000111110
86,1.0,01100100111000111110,1.0,01100100101010111111
86,1.0,01100100101010111111,1.0,01100110001000011110
86,1.0,01100110001000011110,1.0,01100110001000011110
86,1.0,01100110001000011110,1.0,11100110001000001101
86,1.0,11100110001000001101,1.0,11100010011000010110
86,1.0,11100010011000010110,1.0,10001010111100011100
86,1.0,10001010111100011100,1.0,10001010111100011100
86,1.0,10001010111100011100,1.0,00000110111110011110
86,1.0,00000110111110011110,1.0,10000110111110110100
86,1.0,10000110111110110100,1.0,10000110110111110101
86,1.0,10000110110111110101,1.0,11001010110111100101
86,1.0,11001010110111100101,1.0,01010010110111010000
86,1.0,01010010110111010000,1.0,11011010100101010010
86,1.0,11011010100101010010,1.0,11010010100101010011
86,1.0,11010010100101010011,1.0,10111010000101010010
86,1.0,10111010000101010010,1.0,10110110010001010010
86,1.0,10110110010001010010,1.0,10111011010000010010
86,1.0,10111011010000010010,1.0,10110110110000011001
86,1.0,10110110110000011001,1.0,10110000111000011011
86,1.0,10110000111000011011,1.0,01110000111000011010
86,1.0,01110000111000011010,1.0,01011010111000011000
86,1.0,01011010111000011000,1.0,01001011111000011000
86,1.0,01001011111000011000,1.0,01000011111010110011
86,1.0,01000011111010110011,1.0,01000011111010100100
86,1.0,01000011111010100100,1.0,01100011011000000101
86,1.0,01100011011000000101,1.0,01101011011000000100
86,1.0,01101011011000000100,1.0,01100011101000000110
86,1.0,01100011101000000110,1.0,10100011101000000111
86,1.0,10100011101000000111,1.0,00101011101010100101
86,1.0,00101011101010100101,1.0,00100011111000100101
86,1.0,00100011111000100101,1.0,10100001111010100110
86,1.0,10100001111010100110,1.0,10110000111010101000
86,1.0,10110000111010101000,1.0,01111000011011100000
86,1.0,01111000011011100000,1.0,01010100011011100110
86,1.0,01010100011011100110,1.0,01111010010001000101
86,1.0,01111010010001000101,1.0,01110010011000000101
86,1.0,01110010011000000101,1.0,01110010011000000101
86,1.0,01110010011000000101,1.0,01111010001001000001
86,1.0,01111010001001000001,1.0,11111010000001010000
86,1.0,11111010000001010000,1.0,10111110100001010011
86,1.0,10111110100001010011,1.0,10001010101101011001
86,1.0,10001010101101011001,1.0,10000000111101011101
86,1.0,10000000111101011101,1.0,10100000101101001100
86,1.0,10100000101101001100,1.0,10100100101101010110
86,1.0,10100100101101010110,1.0,11100100111100010110
86,1.0,11100100111100010110,1.0,01101110111100000111
86,1.0,01101110111100000111,1.0,01100011101000000110
86,1.0,01100011101000000110,1.0,01011011001000000111
86,1.0,01011011001000000111,1.0,01011011001000000111
86,1.0,01011011001000000111,1.0,01010011101000010001
86,1.0,01010011101000010001,1.0,01010011001000110001
86,1.0,01010011001000110001,1.0,11010111000010110000
86,1.0,11010111000010110000,1.0,11010011000100110000
86,1.0,11010011000100110000,1.0,00010011001100110011
86,1.0,00010011001100110011,1.0,00110001011100010011
86,1.0,00110001011100010011,1.0,01111100111100010011
86,1.0,01111100111100010011,1.0,01111100111100010011
86,1.0,01111100111100010011,1.0,01111100101110000101
86,1.0,01111100101110000101,1.0,00110100100110111111
86,1.0,00110100100110111111,1.0,00110010100110111000
86,1.0,00110010100110111000,1.0,00010111100010111010
86,1.0,00010111100010111010,1.0,00010111001010110011
86,1.0,00010111001010110011,1.0,00010011001100110011
86,1.0,00010011001100110011,1.0,00010111011000110010
86,1.0,00010111011000110010,1.0,00010111011000110010
86,1.0,00010111011000110010,1.0,00010111011000110010
86,1.0,00010111011000110010,1.0,00010111010001110011
86,1.0,00010111010001110011,1.0,10011110010101110011
86,1.0,10011110010101110011,1.0,10011110010101110011
86,1.0,10011110010101110011,1.0,10010010010001111010
86,1.0,10010010010001111010,1.0,11011010000001011011
86,1.0,11011010000001011011,1.0,11011011000000011000
86,1.0,11011011000000011000,1.0,11010111010000001000
86,1.0,11010111010000001000,1.0,10010111010100001010
86,1.0,10010111010100001010,1.0,10010111000110001011
86,1.0,10010111000110001011,1.0,10011111000110001010
86,1.0,10011111000110001010,1.0,00011111110110001000
86,1.0,00011111110110001000,1.0,00011111011010010001
86,1.0,00011111011010010001,1.0,00011111011010010001
86,1.0,00011111011010010001,1.0,01010101111010010011
86,1.0,01010101111010010011,1.0,01010101111010010011
86,1.0,01010101111010010011,1.0,01010101111010010011
86,1.0,01010101111010010011,1.0,00100111111010010000
87,7.0,00011010011011000111,1.0,00011010111011010001
87,1.0,00011010111011010001,1.0,00011111100011010011
87,1.0,00011111100011010011,1.0,00011111110001010010
87,1.0,00011111110001010010,1.0,00010111010001110011
87,1.0,00010111010001110011,1.0,00010111010001110011
87,1.0,00010111010001110011,1.0,00011111100011010011
87,1.0,00011111100011010011,1.0,00011111000011110011
87,1.0,00011111000011110011,1.0,00100111110011010001
87,1.0,00100111110011010001,1.0,00101001110111010100
87,1.0,00101001110111010100,1.0,01100101110011110010
87,1.0,01100101110011110010,1.0,01100001110101110010
87,1.0,01100001110101110010,1.0,01101101110100111010
87,1.0,01101101110100111010,1.0,01111101000100101011
87,1.0,01111101000100101011,1.0,01010101100100101111
87,1.0,01010101100100101111,1.0,01011101100100101110
87,1.0,01011101100100101110,1.0,01011101100100101110
87,1.0,01011101100100101110,1.0,01011101100100101110
87,1.0,01011101100100101110,1.0,01011101110100001101
87,1.0,01011101110100001101,1.0,01011101110100001101
87,1.0,01011101110100001101,1.0,01010101100100101111
87,1.0,01010101100100101111,1.0,01011000101101101001
87,1.0,01011000101101101001,1.0,01011000001101011011
87,1.0,01011000001101011011,1.0,01101000011101011000
87,1.0,01101000011101011000,1.0,01110100001100011010
87,1.0,01110100001100011010,1.0,01110100001100011010
87,1.0,01110100001100011010,1.0,01110100101000111000
87,1.0,01110100101000111000,1.0,01110100110100111011
87,1.0,01110100110100111011,1.0,00111101110000111010
87,1.0,00111101110000111010,1.0,00111101100010111011
87,1.0,00111101100010111011,1.0,00111101100010111011
87,1.0,00111101100010111011,1.0,00111101100010111011
87,1.0,00111101100010111011,1.0,00011111010010111000
87,1.0,00011111010010111000,1.0,00011011000011101001
87,1.0,00011011000011101001,1.0,00011011000011101001
87,1.0,00011011000011101001,1.0,00011011000011101001
87,1.0,00011011000011101001,1.0,00011011000011101001
87,1.0,00011011000011101001,1.0,00101111000011101010
87,1.0,00101111000011101010,1.0,00100111010001101010
87,1.0,00100111010001101010,1.0,00110111100000101001
87,1.0,00110111100000101001,1.0,00100011100001001100
87,1.0,00100011100001001100,1.0,00100011000001101100
87,1.0,00100011000001101100,1.0,00101011001001000100
87,1.0,00101011001001000100,1.0,00100011001001000101
87,1.0,00100011001001000101,1.0,00101011001001000100
87,1.0,00101011001001000100,1.0,00101111011001000010
87,1.0,00101111011001000010,1.0,10100101011101000001
87,1.0,10100101011101000001,1.0,10101100011111000111
87,1.0,10101100011111000111,1.0,01101100011111000110
87,1.0,01101100011111000110,1.0,01101100011111000110
87,1.0,01101100011111000110,1.0,01101101010111000100
87,1.0,01101101010111000100,1.0,01101101110101000101
87,1.0,01101101110101000101,1.0,00011101110101101000
87,1.0,00011101110101101000,1.0,01011101110101100011
87,1.0,01011101110101100011,1.0,00010011110101100000
87,1.0,00010011110101100000,1.0,01010001110111100001
87,1.0,01010001110111100001,1.0,01010001001111000000
87,1.0,01010001001111000000,1.0,01010011001110000000
87,1.0,01010011001110000000,1.0,01010011001110000000
87,1.0,01010011001110000000,1.0,10011011001110000000
87,1.0,10011011001110000000,1.0,10011011001110000000
87,1.0,10011011001110000000,1.0,10010011011100000000
87,1.0,10010011011100000000,1.0,10011110011100110010
87,1.0,10011110011100110010,1.0,11010011000100110000
87,1.0,11010011000100110000,1.0,11010011000100110000
87,1.0,11010011000100110000,1.0,01011111100100110001
87,1.0,01011111100100110001,1.0,01110111100000010000
87,1.0,01110111100000010000,1.0,10111111100000010000
87,1.0,10111111100000010000,1.0,01010011101000010001
87,1.0,01010011101000010001,1.0,01011011101000010000
87,1.0,01011011101000010000,1.0,01010001111000010100
87,1.0,01010001111000010100,1.0,01010001101001010001
87,1.0,01010001101001010001,1.0,01011001101001010000
87,1.0,01011001101001010000,1.0,01010100111101010010
87,1.0,01010100111101010010,1.0,01010100111101010010
87,1.0,01010100111101010010,1.0,01011100110111010110
87,1.0,01011100110111010110,1.0,01010100110111011001
87,1.0,01010100110111011001,1.0,01001110110111011011
87,1.0,01001110110111011011,1.0,01000011110111010000
87,1.0,01000011110111010000,1.0,01000111101101000000
87,1.0,01000111101101000000,1.0,01000111001101100000
87,1.0,01000111001101100000,1.0,01000011010111110000
87,1.0,01000011010111110000,1.0,01110010000101010010
87,1.0,01110010000101010010,1.0,01110010000101010010
87,1.0,01110010000101010010,1.0,01110010000101010010
87,1.0,01110010000101010010,1.0,11111010000110010011
87,1.0,11111010000110010011,1.0,11010011100100010000
87,1.0,11010011100100010000,1.0,01010011101100000001
87,1.0,01010011101100000001,1.0,01010001001111000000
87,1.0,01010001001111000000,1.0,01010011001110000000
87,1.0,01010011001110000000,1.0,00010011101110100000
87,1.0,00010011101110100000,1.0,10010010001110101010
87,1.0,10010010001110101010,1.0,10010110100110101100
87,1.0,10010110100110101100,1.0,11010110100110101001
87,1.0,11010110100110101001,1.0,11010100101110101000
87,1.0,11010100101110101000,1.0,11000000101110111111
87,1.0,11000000101110111111,1.0,11000000101110111111
87,1.0,11000000101110111111,1.0,11001100111110101101
87,1.0,11001100111110101101,1.0,11001100111110101101
87,1.0,11001100111110101101,1.0,00010100111110101111
87,1.0,00010100111110101111,1.0,00011010110110011111
87,1.0,00011010110110011111,1.0,10010110110110011010
87,1.0,10010110110110011010,1.0,11011110100100011011
87,1.0,11011110100100011011,1.0,11011010100101010010
87,1.0,11011010100101010010,1.0,10010010100111110010
87,1.0,10010010100111110010,1.0,00110110100111100010
87,1.0,00110110100111100010,1.0,00111110101100000100
87,1.0,00111110101100000100,1.0,10110110001110000010
87,1.0,10110110001110000010,1.0,10110110001010010010
87,1.0,10110110001010010010,1.0,11111100101000110011
87,1.0,11111100101000110011,1.0,11111100101000110011
87,1.0,11111100101000110011,1.0,01111100001001110001
87,1.0,01111100001001110001,1.0,01111100011001100011
87,1.0,01111100011001100011,1.0,01110100011101000000
87,1.0,01110100011101000000,1.0,01111001010101000001
87,1.0,01111001010101000001,1.0,00111001010101000100
87,1.0,00111001010101000100,1.0,00111101010100001101
87,1.0,00111101010100001101,1.0,01111011010100000001
87,1.0,01111011010100000001,1.0,01110011000100100011
87,1.0,01110011000100100011,1.0,01110001001100100010
87,1.0,01110001001100100010,1.0,11110100001100110000
87,1.0,11110100001100110000,1.0,11111100101000110011
87,1.0,11111100101000110011,1.0,11110101100000110010
87,1.0,11110101100000110010,1.0,11101001110001110000
87,1.0,11101001110001110000,1.0,10101001010001111011
87,1.0,10101001010001111011,1.0,10111001000001110011
87,1.0,10111001000001110011,1.0,10111001000001110011
87,1.0,10111001000001110011,1.0,10111001000001110011
87,1.0,10111001000001110011,1.0,00110001000001110110
87,1.0,00110001000001110110,1.0,00110001000001111000
87,1.0,00110001000001111000,1.0,00110001000001111000
87,1.0,00110001000001111000,1.0,00110011000001010010
87,1.0,00110011000001010010,1.0,00110011000001010010
87,1.0,00110011000001010010,1.0,01111110100001010010
87,1.0,01111110100001010010,1.0,01111110100001010010
87,1.0,01111110100001010010,1.0,01110010100001110000
87,1.0,01110010100001110000,1.0,01110010100001110000
87,1.0,01110010100001110000,1.0,01111100100001110110
87,1.0,01111100100001110110,1.0,01111100100001110110
87,1.0,01111100100001110110,1.0,01111100110001010101
87,1.0,01111100110001010101,1.0,01101100111001010111
87,1.0,01101100111001010111,1.0,11100100101001010100
87,1.0,11100100101001010100,1.0,11001100101101110101
87,1.0,11001100101101110101,1.0,11001100101101110101
87,1.0,11001100101101110101,1.0,11001110101100110101
87,1.0,11001110101100110101,1.0,11001011001100110001
87,1.0,11001011001100110001,1.0,11010011000100110000
87,1.0,11010011000100110000,1.0,11011011000000011000
87,1.0,11011011000000011000,1.0,11011010001000011010
87,1.0,11011010001000011010,1.0,11011010001000011010
87,1.0,11011010001000011010,1.0,11011110100000011100
87,1.0,11011110100000011100,1.0,11001110100001011111
87,1.0,11001110100001011111,1.0,11001110100001011111
87,1.0,11001110100001011111,1.0,11000011110001001000
87,1.0,11000011110001001000,1.0,11101010010110011011
87,1.0,11101010010110011011,1.0,11100110110100011001
87,1.0,11100110110100011001,1.0,11100110010100110111
87,1.0,11100110010100110111,1.0,11100110010100110111
87,1.0,11100110010100110111,1.0,11100110110110100100
87,1.0,11100110110110100100,1.0,11001110110110101110
87,1.0,11001110110110101110,1.0,11001110110110101110
87,1.0,11001110110110101110,1.0,11001111010110100101
87,1.0,11001111010110100101,1.0,11001111010110100101
87,1.0,11001111010110100101,1.0,11001110110110101110
87,1.0,11001110110110101110,1.0,11000110110110101111
87,1.0,11000110110110101111,1.0,11001010110100111110
87,1.0,11001010110100111110,1.0,11010000110100111100
87,1.0,11010000110100111100,1.0,01011000111100101100
87,1.0,01011000111100101100,1.0,01010100111010101101
87,1.0,01010100111010101101,1.0,11010100110010111100
87,1.0,11010100110010111100,1.0,11111000110010110100
87,1.0,11111000110010110100,1.0,10110100110011110011
87,1.0,10110100110011110011,1.0,10111000100011110100
88,23.0,00001101111011101011,5.0,00101100111001101111
88,5.0,00101100111001101111,1.0,00100100111011110111
88,1.0,00100100111011110111,1.0,01100000111011101010
88,1.0,01100000111011101010,1.0,00110010011001100000
88,1.0,00110010011001100000,1.0,00110010001001000101
88,1.0,00110010001001000101,1.0,00110010001001000101
88,1.0,00110010001001000101,1.0,01111010010001000101
88,1.0,01111010010001000101,1.0,01111010010001000101
88,1.0,01111010010001000101,1.0,01111010010001000101
88,1.0,01111010010001000101,1.0,11110110010001000000
88,1.0,11110110010001000000,1.0,11110010000001010001
88,1.0,11110010000001010001,1.0,11110000110001110001
88,1.0,11110000110001110001,1.0,11010100011001110001
88,1.0,11010100011001110001,1.0,11010100011001110001
88,1.0,11010100011001110001,1.0,11001000111011110100
88,1.0,11001000111011110100,1.0,01000101001011110100
88,1.0,01000101001011110100,1.0,00101101001011100111
88,1.0,00101101001011100111,1.0,00000101001111110110
88,1.0,00000101001111110110,1.0,10000101001011110101
88,1.0,10000101001011110101,1.0,10011101101010100101
88,1.0,10011101101010100101,1.0,00010111101010000100
88,1.0,00010111101010000100,1.0,00010111101010000100
88,1.0,00010111101010000100,1.0,01001111101010100111
88,1.0,01001111101010100111,1.0,01001111001010001100
88,1.0,01001111001010001100,1.0,01001001101110101101
88,1.0,01001001101110101101,1.0,11000101001010101111
88,1.0,11000101001010101111,1.0,11011001001010001010
88,1.0,11011001001010001010,1.0,11011101000010101100
88,1.0,11011101000010101100,1.0,11010101000010101101
88,1.0,11010101000010101101,1.0,01010001100010111100
88,1.0,01010001100010111100,1.0,01010101010110110100
88,1.0,01010101010110110100,1.0,01011110010110110110
88,1.0,01011110010110110110,1.0,01011110010110111000
88,1.0,01011110010110111000,1.0,11011100110110111010
88,1.0,11011100110110111010,1.0,11011101010100101010
88,1.0,11011101010100101010,1.0,11010101010100101011
88,1.0,11010101010100101011,1.0,11010001010110101000
88,1.0,11010001010110101000,1.0,11011001010111000001
88,1.0,11011001010111000001,1.0,11011001010111000001
88,1.0,11011001010111000001,1.0,11010001000111100011
88,1.0,11010001000111100011,1.0,11010001000111100011
88,1.0,11010001000111100011,1.0,11011001000111100010
88,1.0,11011001000111100010,1.0,11010001001110100010
88,1.0,11010001001110100010,1.0,01010011001110000000
88,1.0,01010011001110000000,1.0,01010011001110000000
88,1.0,01010011001110000000,1.0,01011010001100001100
88,1.0,01011010001100001100,1.0,01010011101100000001
88,1.0,01010011101100000001,1.0,11010010101100010010
88,1.0,11010010101100010010,1.0,11010000101100110110
88,1.0,11010000101100110110,1.0,11010000111100010101
88,1.0,11010000111100010101,1.0,11011100111001010000
88,1.0,11011100111001010000,1.0,11010100111001010001
88,1.0,11010100111001010001,1.0,01111100101001010001
88,1.0,01111100101001010001,1.0,01001101101111010010
88,1.0,01001101101111010010,1.0,10001101101111010011
88,1.0,10001101101111010011,1.0,10000101101110111010
88,1.0,10000101101110111010,1.0,10000101101110111010
88,1.0,10000101101110111010,1.0,00001001101110111111
88,1.0,00001001101110111111,1.0,00000110011110111110
88,1.0,00000110011110111110,1.0,01000110011010111100
88,1.0,01000110011010111100,1.0,00000110011101111010
88,1.0,00000110011101111010,1.0,00101110001001111001
88,1.0,00101110001001111001,1.0,10100000001101111011
88,1.0,10100000001101111011,1.0,10100100001011111011
88,1.0,10100100001011111011,1.0,10100000001110111111
88,1.0,10100000001110111111,1.0,10100000001110111111
88,1.0,10100000001110111111,1.0,11100000001010111101
88,1.0,11100000001010111101,1.0,01100100001011111010
88,1.0,01100100001011111010,1.0,01101100101001111010
88,1.0,01101100101001111010,1.0,01100100101001111011
88,1.0,01100100101001111011,1.0,11100000101101110000
88,1.0,11100000101101110000,1.0,11100100101111100000
88,1.0,11100100101111100000,1.0,11100100101111100000
88,1.0,11100100101111100000,1.0,11100100101111100000
88,1.0,11100100101111100000,1.0,01101110101110110001
88,1.0,01101110101110110001,1.0,01000110001011110111
88,1.0,01000110001011110111,1.0,01011010101011100000
88,1.0,01011010101011100000,1.0,10011010001111000011
88,1.0,10011010001111000011,1.0,10010001001111000001
88,1.0,10010001001111000001,1.0,10000101111101000100
88,1.0,10000101111101000100,1.0,00100101101101000101
88,1.0,00100101101101000101,1.0,00100101101101000101
88,1.0,00100101101101000101,1.0,00100101001111000100
88,1.0,00100101001111000100,1.0,00110100001111000100
88,1.0,00110100001111000100,1.0,00111101001100000111
88,1.0,00111101001100000111,1.0,00111001000111000101
88,1.0,00111001000111000101,1.0,01110101000011100011
88,1.0,01110101000011100011,1.0,01111111000010100010
88,1.0,01111111000010100010,1.0,01011011000010110101
88,1.0,01011011000010110101,1.0,01011011000010110101
88,1.0,01011011000010110101,1.0,10111010000110010110
88,1.0,10111010000110010110,1.0,10110000000111010111
88,1.0,10110000000111010111,1.0,11110000010001010100
88,1.0,11110000010001010100,1.0,11110000110010110101
88,1.0,11110000110010110101,1.0,11110100000011100101
88,1.0,11110100000011100101,1.0,11111001000010100101
88,1.0,11111001000010100101,1.0,10110001001000100100
88,1.0,10110001001000100100,1.0,10110100001110100110
88,1.0,10110100001110100110,1.0,11110100001110100011
88,1.0,11110100001110100011,1.0,11100110101110100000
88,1.0,11100110101110100000,1.0,11101011100110100001
88,1.0,11101011100110100001,1.0,11101011100010110001
88,1.0,11101011100010110001,1.0,11101110000110110111
88,1.0,11101110000110110111,1.0,11101110000110110111
88,1.0,11101110000110110111,1.0,11111100000110110100
88,1.0,11111100000110110100,1.0,11111000000101100100
88,1.0,11111000000101100100,1.0,11111000000101100100
88,1.0,11111000000101100100,1.0,11111000000101100100
88,1.0,11111000000101100100,1.0,11110100010001100100
88,1.0,11110100010001100100,1.0,11111000000101100100
88,1.0,11111000000101100100,1.0,11110100010001100100
88,1.0,11110100010001100100,1.0,11011100011011100011
88,1.0,11011100011011100011,1.0,11011100011011100011
88,1.0,11011100011011100011,1.0,11011000011011010011
88,1.0,11011000011011010011,1.0,11011000110011011010
88,1.0,11011000110011011010,1.0,10110000110011101001
88,1.0,10110000110011101001,1.0,10110100110011110011
88,1.0,10110100110011110011,1.0,11111000110011100011
88,1.0,11111000110011100011,1.0,01110000110011101000
88,1.0,01110000110011101000,1.0,11001110110101101010
88,1.0,11001110110101101010,1.0,11000110110101101011
88,1.0,11000110110101101011,1.0,11000110110001111011
88,1.0,11000110110001111011,1.0,11100010100001011010
88,1.0,11100010100001011010,1.0,11011010000001011011
88,1.0,11011010000001011011,1.0,10010010010001111010
88,1.0,10010010010001111010,1.0,00011010110011111000
88,1.0,00011010110011111000,1.0,00010010110011111001
88,1.0,00010010110011111001,1.0,00010111010010111001
88,1.0,00010111010010111001,1.0,00010101100011111010
88,1.0,00010101100011111010,1.0,01011001110011110000
88,1.0,01011001110011110000,1.0,01100001110101110010
88,1.0,01100001110101110010,1.0,01100001110101110010
88,1.0,01100001110101110010,1.0,10100001110101110011
88,1.0,10100001110101110011,1.0,00100011110101010001
88,1.0,00100011110101010001,1.0,00101011100111010001
88,1.0,00101011100111010001,1.0,00100001101111010001
88,1.0,00100001101111010001,1.0,00101101101110010111
88,1.0,00101101101110010111,1.0,00101101001110110111
88,1.0,00101101001110110111,1.0,00110001001110000101
88,1.0,00110001001110000101,1.0,00110001001010010101
88,1.0,00110001001010010101,1.0,00110001001110000101
88,1.0,00110001001110000101,1.0,00110001001110000101
88,1.0,00110001001110000101,1.0,00100101001111000100
88,1.0,00100101001111000100,1.0,00100101001111000100
88,1.0,00100101001111000100,1.0,01101110001111000011
88,1.0,01101110001111000011,1.0,00111110001011000011
88,1.0,00111110001011000011,1.0,00111010001001000100
88,1.0,00111010001001000100,1.0,00110010001001000101
88,1.0,00110010001001000101,1.0,00110010001001000101
88,1.0,00110010001001000101,1.0,00101110101001010111
88,1.0,00101110101001010111,1.0,00110010001001000101
88,1.0,00110010001001000101,1.0,00111111000011000001
88,1.0,00111111000011000001,1.0,10111101000011100011
88,1.0,10111101000011100011,1.0,10010111010011000001
88,1.0,10010111010011000001,1.0,10011011010110000100
88,1.0,10011011010110000100,1.0,10011011000111000001
88,1.0,10011011000111000001,1.0,10011011000111000001
88,1.0,10011011000111000001,1.0,10011011000111000001
88,1.0,10011011000111000001,1.0,10010001001111000001
88,1.0,10010001001111000001,1.0,10011101001101000011
88,1.0,10011101001101000011,1.0,10010001011101000000
88,1.0,10010001011101000000,1.0,10001011011101000010
88,1.0,10001011011101000010,1.0,11011101001001000001
88,1.0,11011101001001000001,1.0,11001111110101000001
88,1.0,11001111110101000001,1.0,11000101111101000001
88,1.0,11000101111101000001,1.0,11001111011100100000
88,1.0,11001111011100100000,1.0,11001111001000101010
88,1.0,11001111001000101010,1.0,11000011001010101000
88,1.0,11000011001010101000,1.0,11001111100110101000
88,1.0,11001111100110101000,1.0,11001111100110101000
88,1.0,11001111100110101000,1.0,11000111101100100010
88,1.0,11000111101100100010,1.0,11010011000100000111
88,1.0,11010011000100000111,1.0,01010110101110000100
88,1.0,01010110101110000100,1.0,01010110001100010111
88,1.0,01010110001100010111,1.0,01010110101110000100
88,1.0,01010110101110000100,1.0,01010110101101000000
88,1.0,01010110101101000000,1.0,01010110101101000000
88,1.0,01010110101101000000,1.0,00011010111111000001
88,1.0,00011010111111000001,1.0,00011010111111000001
88,1.0,00011010111111000001,1.0,01011010001111000010
88,1.0,01011010001111000010,1.0,01010001001111000000
88,1.0,01010001001111000000,1.0,11010001001110100010
88,1.0,11010001001110100010,1.0,11010001011110000001
88,1.0,11010001011110000001,1.0,11010001010110100110
88,1.0,11010001010110100110,1.0,11010101100110100100
88,1.0,11010101100110100100,1.0,11011111100010100011
88,1.0,11011111100010100011,1.0,11110011100000000010
88,1.0,11110011100000000010,1.0,10110111100000010001
88,1.0,10110111100000010001,1.0,10111110100010010111
89,1.0,11100100001111010010,1.0,11100100001111010010
89,1.0,11100100001111010010,1.0,11001000011111010110
89,1.0,11001000011111010110,1.0,11000000011111010111
89,1.0,11000000011111010111,1.0,11101000011001010101
89,1.0,11101000011001010101,1.0,11001100111011010111
89,1.0,11001100111011010111,1.0,11010100111001010001
89,1.0,11010100111001010001,1.0,11010100111101000001
89,1.0,11010100111101000001,1.0,11000101111101000001
89,1.0,11000101111101000001,1.0,10000101111101010011
89,1.0,10000101111101010011,1.0,11001001101101010001
89,1.0,11001001101101010001,1.0,11001101100101011011
89,1.0,11001101100101011011,1.0,01001101110111011000
89,1.0,01001101110111011000,1.0,01001011110001011001
89,1.0,01001011110001011001,1.0,01001011010011011000
89,1.0,01001011010011011000,1.0,00001111110011011011
89,1.0,00001111110011011011,1.0,01001101101011101001
89,1.0,01001101101011101001,1.0,11000100101011111011
89,1.0,11000100101011111011,1.0,00000011101001011001
89,1.0,00000011101001011001,1.0,00010010101001011001
89,1.0,00010010101001011001,1.0,11011010000001011011
89,1.0,11011010000001011011,1.0,11001110000011011110
89,1.0,11001110000011011110,1.0,11001110100011111011
89,1.0,11001110100011111011,1.0,11001110110111110001
89,1.0,11001110110111110001,1.0,10001111010101110011
89,1.0,10001111010101110011,1.0,10100111010001010010
89,1.0,10100111010001010010,1.0,10111101010000011011
89,1.0,10111101010000011011,1.0,10111001010000111000
89,1.0,10111001010000111000,1.0,10110101010010101001
89,1.0,10110101010010101001,1.0,11110000010011001001
89,1.0,11110000010011001001,1.0,10111000010111001010
89,1.0,10111000010111001010,1.0,10110000110110111001
89,1.0,10110000110110111001,1.0,00111000011110011011
89,1.0,00111000011110011011,1.0,00110110101010001010
89,1.0,00110110101010001010,1.0,00110110101010001010
89,1.0,00110110101010001010,1.0,00100111101010001010
89,1.0,00100111101010001010,1.0,00100111001010101010
89,1.0,00100111001010101010,1.0,00100111001010101010
89,1.0,00100111001010101010,1.0,00100111011010001001
89,1.0,00100111011010001001,1.0,00101111111010100011
89,1.0,00101111111010100011,1.0,00000111111011100010
89,1.0,00000111111011100010,1.0,00010110111011100010
89,1.0,00010110111011100010,1.0,01010010111010110011
89,1.0,01010010111010110011,1.0,01011010110011110011
89,1.0,01011010110011110011,1.0,00010010101011110011
89,1.0,00010010101011110011,1.0,00110010001011100001
89,1.0,00110010001011100001,1.0,01111010001001000001
89,1.0,01111010001001000001,1.0,01110010001000101000
89,1.0,01110010001000101000,1.0,11110010001100000000
89,1.0,11110010001100000000,1.0,10110001001100100011
89,1.0,10110001001100100011,1.0,01110001001100100010
89,1.0,01110001001100100010,1.0,01111001001000001010
89,1.0,01111001001000001010,1.0,01111001001000001010
89,1.0,01111001001000001010,1.0,01010001011010101001
89,1.0,01010001011010101001,1.0,11000001011010111010
89,1.0,11000001011010111010,1.0,11001101001011110001
89,1.0,11001101001011110001,1.0,11001111001010110001
89,1.0,11001111001010110001,1.0,11001111001010110001
89,1.0,11001111001010110001,1.0,11000011001010101000
89,1.0,11000011001010101000,1.0,11000011001010101000
89,1.0,11000011001010101000,1.0,10101011000010101101
89,1.0,10101011000010101101,1.0,11000011010010101100
89,1.0,11000011010010101100,1.0,11101110010010101100
89,1.0,11101110010010101100,1.0,11101010000110101101
89,1.0,11101010000110101101,1.0,11100110110110100100
89,1.0,11100110110110100100,1.0,01101110110110110101
89,1.0,01101110110110110101,1.0,00100110111100110100
89,1.0,00100110111100110100,1.0,01101110111100001001
89,1.0,01101110111100001001,1.0,11101110110100011000
89,1.0,11101110110100011000,1.0,10101111110000011000
89,1.0,10101111110000011000,1.0,10101111110000011000
89,1.0,10101111110000011000,1.0,10100111110000010111
89,1.0,10100111110000010111,1.0,10110110110000010111
89,1.0,10110110110000010111,1.0,10010011000000011100
89,1.0,10010011000000011100,1.0,10010011000000011100
89,1.0,10010011000000011100,1.0,10011011000000101111
89,1.0,10011011000000101111,1.0,10010001101000001111
89,1.0,10010001101000001111,1.0,10111001001000001011
89,1.0,10111001001000001011,1.0,00110111000100001011
89,1.0,00110111000100001011,1.0,00110111000000001100
89,1.0,00110111000000001100,1.0,00111011100010001011
89,1.0,00111011100010001011,1.0,00011011100110011001
89,1.0,00011011100110011001,1.0,00011011001100001011
89,1.0,00011011001100001011,1.0,00011111001010001011
89,1.0,00011111001010001011,1.0,00011111001010001011
89,1.0,00011111001010001011,1.0,00111111001010000000
89,1.0,00111111001010000000,1.0,00101111001011000011
89,1.0,00101111001011000011,1.0,00101011001101000011
89,1.0,00101011001101000011,1.0,00111010001101000011
89,1.0,00111010001101000011,1.0,00111010001101000011
89,1.0,00111010001101000011,1.0,00111010001101000011
89,1.0,00111010001101000011,1.0,00111010001001000100
89,1.0,00111010001001000100,1.0,00111010001001000100
89,1.0,00111010001001000100,1.0,00110010011001100000
89,1.0,00110010011001100000,1.0,01111010001001000001
89,1.0,01111010001001000001,1.0,00110010001001000101
89,1.0,00110010001001000101,1.0,00010011101000010100
89,1.0,00010011101000010100,1.0,01011011001000000111
89,1.0,01011011001000000111,1.0,01010001011010100111
89,1.0,01010001011010100111,1.0,01011001011001100010
89,1.0,01011001011001100010,1.0,01011001011001100010
89,1.0,01011001011001100010,1.0,01010100011101110010
89,1.0,01010100011101110010,1.0,10011100011101110010
89,1.0,10011100011101110010,1.0,10010100011101110011
89,1.0,10010100011101110011,1.0,11011000011100110100
89,1.0,11011000011100110100,1.0,11001001011100110100
89,1.0,11001001011100110100,1.0,11011000011100110100
89,1.0,11011000011100110100,1.0,11110000001100100100
89,1.0,11110000001100100100,1.0,11110100001010100100
89,1.0,11110100001010100100,1.0,11110000001100100100
89,1.0,11110000001100100100,1.0,11100010001100101001
89,1.0,11100010001100101001,1.0,11100010001010011001
89,1.0,11100010001010011001,1.0,10001010001110111101
89,1.0,10001010001110111101,1.0,10101110001110101010
89,1.0,10101110001110101010,1.0,10111000001010111011
89,1.0,10111000001010111011,1.0,10111000011000111010
89,1.0,10111000011000111010,1.0,10111000001010111011
89,1.0,10111000001010111011,1.0,10010100011110111001
89,1.0,10010100011110111001,1.0,10011100001100111101
89,1.0,10011100001100111101,1.0,10010100001001101110
89,1.0,10010100001001101110,1.0,10100100001011101100
89,1.0,10100100001011101100,1.0,10111100001000101111
89,1.0,10111100001000101111,1.0,00101000011101101111
89,1.0,00101000011101101111,1.0,00101000111101111000
89,1.0,00101000111101111000,1.0,00100100111111101001
89,1.0,00100100111111101001,1.0,10101100001111101010
89,1.0,10101100001111101010,1.0,10100100001111101011
89,1.0,10100100001111101011,1.0,11100100001011101001
89,1.0,11100100001011101001,1.0,11101100101011001000
89,1.0,11101100101011001000,1.0,11100100101011001001
89,1.0,11100100101011001001,1.0,11000100101011111011
89,1.0,11000100101011111011,1.0,11001010101011001010
89,1.0,11001010101011001010,1.0,11100010101011000000
89,1.0,11100010101011000000,1.0,11111110000011000000
89,1.0,11111110000011000000,1.0,11111110000011000000
89,1.0,11111110000011000000,1.0,10110110000011000100
89,1.0,10110110000011000100,1.0,00111111000011000001
89,1.0,00111111000011000001,1.0,00111111000011000001
89,1.0,00111111000011000001,1.0,00111110001011000011
89,1.0,00111110001011000011,1.0,00111110001011000011
89,1.0,00111110001011000011,1.0,10010110011011000011
89,1.0,10010110011011000011,1.0,10011110011011000010
89,1.0,10011110011011000010,1.0,01010110011011000010
89,1.0,01010110011011000010,1.0,01010010001111000011
89,1.0,01010010001111000011,1.0,01000011001111000011
89,1.0,01000011001111000011,1.0,01000011111110100011
89,1.0,01000011111110100011,1.0,01001011111010001011
89,1.0,01001011111010001011,1.0,01001001111011001011
89,1.0,01001001111011001011,1.0,01001101101011101001
89,1.0,01001101101011101001,1.0,01000101011011101000
89,1.0,01000101011011101000,1.0,01000101011011101000
89,1.0,01000101011011101000,1.0,11100100011001101000
89,1.0,11100100011001101000,1.0,11100100111001001000
89,1.0,11100100111001001000,1.0,11100100111110001011
89,1.0,11100100111110001011,1.0,10100010011100011010
89,1.0,10100010011100011010,1.0,10100110001000011111
89,1.0,10100110001000011111,1.0,10110100001000011100
89,1.0,10110100001000011100,1.0,10111101100010010100
89,1.0,10111101100010010100,1.0,10110001100010011010
89,1.0,10110001100010011010,1.0,10011101111010010011
89,1.0,10011101111010010011,1.0,10010101000011011011
89,1.0,10010101000011011011,1.0,10011101000011011010
89,1.0,10011101000011011010,1.0,10101011000110011000
89,1.0,10101011000110011000,1.0,00101011010101001001
89,1.0,00101011010101001001,1.0,00101011000101101010
89,1.0,00101011000101101010,1.0,00101011010101001001
89,1.0,00101011010101001001,1.0,00100011000101101011
89,1.0,00100011000101101011,1.0,01101011000110101011
89,1.0,01101011000110101011,1.0,01101010110110111010
89,1.0,01101010110110111010,1.0,01101010100100111111
89,1.0,01101010100100111111,1.0,11001010100110111111
89,1.0,11001010100110111111,1.0,11000010111110100101
89,1.0,11000010111110100101,1.0,11100000111100001100
89,1.0,11100000111100001100,1.0,00101110111100001100
89,1.0,00101110111100001100,1.0,00110110111110000000
89,1.0,00110110111110000000,1.0,00110010101110010001
89,1.0,00110010101110010001,1.0,00111001001110010011
89,1.0,00111001001110010011,1.0,00101001011110011011
89,1.0,00101001011110011011,1.0,00111001010110011001
89,1.0,00111001010110011001,1.0,10111001000010111001
89,1.0,10111001000010111001,1.0,10111001000110101001
89,1.0,10111001000110101001,1.0,10110101000111000000
89,1.0,10110101000111000000,1.0,10110001000101010000
89,1.0,10110001000101010000,1.0,10010001000101011011
89,1.0,10010001000101011011,1.0,10000101110101111010
89,1.0,10000101110101111010,1.0,10001001011101101000
89,1.0,10001001011101101000,1.0,10000001011110101101
89,1.0,10000001011110101101,1.0,11001001011100001101
89,1.0,11001001011100001101,1.0,11001001011100001101
90,3.0,01011110010001011011,1.0,11000110001001011010
90,1.0,11000110001001011010,1.0,11000110001001011010
90,1.0,11000110001001011010,1.0,10011010011001010010
90,1.0,10011010011001010010,1.0,10011010110111010000
90,1.0,10011010110111010000,1.0,10000010110111111010
90,1.0,10000010110111111010,1.0,00101010100111111010
90,1.0,00101010100111111010,1.0,00000011001011011000
90,1.0,00000011001011011000,1.0,10010111000010001100
90,1.0,10010111000010001100,1.0,11010111000010001001
90,1.0,11010111000010001001,1.0,11000111000101001000
90,1.0,11000111000101001000,1.0,11001110000111001110
90,1.0,11001110000111001110,1.0,11000010000111101100
90,1.0,11000010000111101100,1.0,11000010100101101101
90,1.0,11000010100101101101,1.0,01000110100111101110
90,1.0,01000110100111101110,1.0,01001110101111001000
90,1.0,01001110101111001000,1.0,01000111101101000000
90,1.0,01000111101101000000,1.0,11101000101101001000
90,1.0,11101000101101001000,1.0,11100000101101001001
90,1.0,11100000101101001001,1.0,10100100101101011000
90,1.0,10100100101101011000,1.0,10100100111101001010
90,1.0,10100100111101001010,1.0,11101100111110001010
90,1.0,11101100111110001010,1.0,11101100111110001010
90,1.0,11101100111110001010,1.0,11101100110111001011
90,1.0,11101100110111001011,1.0,11101000100111001101
90,1.0,11101000100111001101,1.0,11100001000001001110
90,1.0,11100001000001001110,1.0,11100001000001001110
90,1.0,11100001000001001110,1.0,11001101000011101111
90,1.0,11001101000011101111,1.0,11001001000101101111
90,1.0,11001001000101101111,1.0,11000001000101011100
90,1.0,11000001000101011100,1.0,11001001000001111111
90,1.0,11001001000001111111,1.0,11011000000001111111
90,1.0,11011000000001111111,1.0,11110100000000111110
90,1.0,11110100000000111110,1.0,11100101000000111110
90,1.0,11100101000000111110,1.0,11011101000000011111
90,1.0,11011101000000011111,1.0,11011101000000011111
90,1.0,11011101000000011111,1.0,10010001001010001110
90,1.0,10010001001010001110,1.0,00010001111010001100
90,1.0,00010001111010001100,1.0,00010001110011001101
90,1.0,00010001110011001101,1.0,00011100110111101111
90,1.0,00011100110111101111,1.0,00110100100101101100
90,1.0,00110100100101101100,1.0,10111100100101101001
90,1.0,10111100100101101001,1.0,10111100100101101001
90,1.0,10111100100101101001,1.0,01111100100101101000
90,1.0,01111100100101101000,1.0,01111100100101101000
90,1.0,01111100100101101000,1.0,11101001100001101010
90,1.0,11101001100001101010,1.0,01100011100001110000
90,1.0,01100011100001110000,1.0,01100011100101100000
90,1.0,01100011100101100000,1.0,01100011100001110000
90,1.0,01100011100001110000,1.0,01100011010000101100
90,1.0,01100011010000101100,1.0,01101011011000000100
90,1.0,01101011011000000100,1.0,01111111010010000001
90,1.0,01111111010010000001,1.0,11111101110010000011
90,1.0,11111101110010000011,1.0,11111001100010000101
90,1.0,11111001100010000101,1.0,01011001100001001110
90,1.0,01011001100001001110,1.0,00010011100011001010
90,1.0,00010011100011001010,1.0,00111011100010001011
90,1.0,00111011100010001011,1.0,10111010101000001000
90,1.0,10111010101000001000,1.0,10110010001000100111
90,1.0,10110010001000100111,1.0,10111011000000100100
90,1.0,10111011000000100100,1.0,11111001010000100100
90,1.0,11111001010000100100,1.0,11111100000011100100
90,1.0,11111100000011100100,1.0,11010100100011110111
90,1.0,11010100100011110111,1.0,11111000100011110001
90,1.0,11111000100011110001,1.0,01111000100111110010
90,1.0,01111000100111110010,1.0,00110000100111110110
90,1.0,00110000100111110110,1.0,10101000000111111111
90,1.0,10101000000111111111,1.0,11001000100111111111
90,1.0,11001000100111111111,1.0,10000010110111111010
90,1.0,10000010110111111010,1.0,00011010110111101000
90,1.0,00011010110111101000,1.0,10011010010111001001
90,1.0,10011010010111001001,1.0,10010010000111101011
90,1.0,10010010000111101011,1.0,10010010000011111011
90,1.0,10010010000011111011,1.0,11001110100011111011
90,1.0,11001110100011111011,1.0,00001111000111111000
90,1.0,00001111000111111000,1.0,00001111000111111000
90,1.0,00001111000111111000,1.0,01001111010101001011
90,1.0,01001111010101001011,1.0,01011110010101001011
90,1.0,01011110010101001011,1.0,01011110010101001011
90,1.0,01011110010101001011,1.0,01011110010101001011
90,1.0,01011110010101001011,1.0,01011110010101001011
90,1.0,01011110010101001011,1.0,01011010010111001000
90,1.0,01011010010111001000,1.0,10011010010111001001
90,1.0,10011010010111001001,1.0,00011010110101011011
90,1.0,00011010110101011011,1.0,00010001110101011001
90,1.0,00010001110101011001,1.0,00011001100111011001
90,1.0,00011001100111011001,1.0,10010001000101011011
90,1.0,10010001000101011011,1.0,10101101000101011011
90,1.0,10101101000101011011,1.0,10100011001100010010
90,1.0,10100011001100010010,1.0,10000011011110110000
90,1.0,10000011011110110000,1.0,10000011011110110000
90,1.0,10000011011110110000,1.0,10000011011011100000
90,1.0,10000011011011100000,1.0,10000011011011100000
90,1.0,10000011011011100000,1.0,10101011011010100001
90,1.0,10101011011010100001,1.0,00100011011110100011
90,1.0,00100011011110100011,1.0,01000011111010110011
90,1.0,01000011111010110011,1.0,01000011011001010010
90,1.0,01000011011001010010,1.0,10001011011001010010
90,1.0,10001011011001010010,1.0,10001101011001011011
90,1.0,10001101011001011011,1.0,10000101001001101110
90,1.0,10000101001001101110,1.0,10000101001001101110
90,1.0,10000101001001101110,1.0,10000101001001101110
90,1.0,10000101001001101110,1.0,10011101001001000100
90,1.0,10011101001001000100,1.0,10000101111101000100
90,1.0,10000101111101000100,1.0,10000111110101000101
90,1.0,10000111110101000101,1.0,10001111101101000000
90,1.0,10001111101101000000,1.0,10001111001001001001
90,1.0,10001111001001001001,1.0,10001111001001001001
90,1.0,10001111001001001001,1.0,10001111001001001001
90,1.0,10001111001001001001,1.0,10001101011001011011
90,1.0,10001101011001011011,1.0,00111001111000001001
90,1.0,00111001111000001001,1.0,01110001001000001011
90,1.0,01110001001000001011,1.0,01100001101001001000
90,1.0,01100001101001001000,1.0,01100001101001001000
90,1.0,01100001101001001000,1.0,00110001100101001000
90,1.0,00110001100101001000,1.0,00110001100101001000
90,1.0,00110001100101001000,1.0,10110001110100001001
90,1.0,10110001110100001001,1.0,10111001011100000001
90,1.0,10111001011100000001,1.0,10111001011100000001
90,1.0,10111001011100000001,1.0,10110100001100001100
90,1.0,10110100001100001100,1.0,10110100101100100111
90,1.0,10110100101100100111,1.0,10111100100110101101
90,1.0,10111100100110101101,1.0,00111010100110001110
90,1.0,00111010100110001110,1.0,00110001100110001100
90,1.0,00110001100110001100,1.0,00110001100110001100
90,1.0,00110001100110001100,1.0,10010101100100011100
90,1.0,10010101100100011100,1.0,10111001000000011101
90,1.0,10111001000000011101,1.0,11110010000000001110
90,1.0,11110010000000001110,1.0,11110010000000001110
90,1.0,11110010000000001110,1.0,01111010000000011111
90,1.0,01111010000000011111,1.0,00110010000010111111
90,1.0,00110010000010111111,1.0,00111010001010011001
90,1.0,00111010001010011001,1.0,11110100001000011001
90,1.0,11110100001000011001,1.0,11101100001001011011
90,1.0,11101100001001011011,1.0,11000011001000011011
90,1.0,11000011001000011011,1.0,11000110001001011010
90,1.0,11000110001001011010,1.0,11000110001001011010
90,1.0,11000110001001011010,1.0,11001001011011010011
90,1.0,11001001011011010011,1.0,01101001011001010011
90,1.0,01101001011001010011,1.0,01101101111000010100
90,1.0,01101101111000010100,1.0,00101101011001100110
90,1.0,00101101011001100110,1.0,00100011011001100000
90,1.0,00100011011001100000,1.0,00100011011100110000
90,1.0,00100011011100110000,1.0,00111010011000011000
90,1.0,00111010011000011000,1.0,00111010011000011000
90,1.0,00111010011000011000,1.0,00010010111000011100
90,1.0,00010010111000011100,1.0,00010010111000011100
90,1.0,00010010111000011100,1.0,00010110101100110111
90,1.0,00010110101100110111,1.0,00010110101100111001
90,1.0,00010110101100111001,1.0,01010110000100111110
90,1.0,01010110000100111110,1.0,01000111000100111110
90,1.0,01000111000100111110,1.0,01000111100100011110
90,1.0,01000111100100011110,1.0,11000101110100011111
90,1.0,11000101110100011111,1.0,11001101100110011111
90,1.0,11001101100110011111,1.0,11011000100110111100
90,1.0,11011000100110111100,1.0,00011000101110111111
90,1.0,00011000101110111111,1.0,00010100001111111000
90,1.0,00010100001111111000,1.0,01110100000101011011
90,1.0,01110100000101011011,1.0,01110100000101001100
90,1.0,01110100000101001100,1.0,01110100000001011100
90,1.0,01110100000001011100,1.0,00110100110011001110
90,1.0,00110100110011001110,1.0,01100100110111001110
90,1.0,01100100110111001110,1.0,00100110010111001101
90,1.0,00100110010111001101,1.0,00100110000111101110
90,1.0,00100110000111101110,1.0,10101010000101101100
90,1.0,10101010000101101100,1.0,10100000001101101100
90,1.0,10100000001101101100,1.0,10101010001101000101
90,1.0,10101010001101000101,1.0,00101011001001000100
90,1.0,00101011001001000100,1.0,00110001011100000100
90,1.0,00110001011100000100,1.0,00110001011100000100
90,1.0,00110001011100000100,1.0,00111011001100000000
90,1.0,00111011001100000000,1.0,00110011001100000001
90,1.0,00110011001100000001,1.0,00100111111110000000
90,1.0,00100111111110000000,1.0,00101111110111000000
90,1.0,00101111110111000000,1.0,00100111110011010001
90,1.0,00100111110011010001,1.0,00111111000011000001
90,1.0,00111111000011000001,1.0,00111110010011001001
90,1.0,00111110010011001001,1.0,00110110010001101010
90,1.0,00110110010001101010,1.0,00111100011001101000
91,1.0,01010000001111100111,1.0,00010010001111000110
91,1.0,00010010001111000110,1.0,00010110001110001111
91,1.0,00010110001110001111,1.0,00010110001110111000
91,1.0,00010110001110111000,1.0,01001010001110111100
91,1.0,01001010001110111100,1.0,01001110001100111111
91,1.0,01001110001100111111,1.0,01000010001110111101
91,1.0,01000010001110111101,1.0,01001110011110111010
91,1.0,01001110011110111010,1.0,01000010001110111101
91,1.0,01000010001110111101,1.0,01000010001110111101
91,1.0,01000010001110111101,1.0,01000010101110011101
91,1.0,01000010101110011101,1.0,01000010001110111101
91,1.0,01000010001110111101,1.0,00101110001010111101
91,1.0,00101110001010111101,1.0,00111010001010011001
91,1.0,00111010001010011001,1.0,01010110001100011001
91,1.0,01010110001100011001,1.0,01011110000110011101
91,1.0,01011110000110011101,1.0,11011100100110011111
91,1.0,11011100100110011111,1.0,11011101000000011111
91,1.0,11011101000000011111,1.0,01111001000000011100
91,1.0,01111001000000011100,1.0,01111001000010111000
91,1.0,01111001000010111000,1.0,01111101000000101100
91,1.0,01111101000000101100,1.0,00111101010100001101
91,1.0,00111101010100001101,1.0,01110110000100001100
91,1.0,01110110000100001100,1.0,00110110100100101100
91,1.0,00110110100100101100,1.0,00110110100100101100
91,1.0,00110110100100101100,1.0,00011110110100111100
91,1.0,00011110110100111100,1.0,00011110110110101111
91,1.0,00011110110110101111,1.0,10010100110110111110
91,1.0,10010100110110111110,1.0,11010100110110111011
91,1.0,11010100110110111011,1.0,11010100110110111011
91,1.0,11010100110110111011,1.0,11011100110110111010
91,1.0,11011100110110111010,1.0,11010100010110011110
91,1.0,11010100010110011110,1.0,11011100110110111010
91,1.0,11011100110110111010,1.0,11011110100110101000
91,1.0,11011110100110101000,1.0,11111010100110100001
91,1.0,11111010100110100001,1.0,01110010100110100100
91,1.0,01110010100110100100,1.0,00010011110110100100
91,1.0,00010011110110100100,1.0,00111111110000000101
91,1.0,00111111110000000101,1.0,00111110100101000101
91,1.0,00111110100101000101,1.0,00110100101101000101
91,1.0,00110100101101000101,1.0,00110100101101000101
91,1.0,00110100101101000101,1.0,01111100101101000001
91,1.0,01111100101101000001,1.0,01111100101101000001
91,1.0,01111100101101000001,1.0,01111100101101000001
91,1.0,01111100101101000001,1.0,00110100101101000101
91,1.0,00110100101101000101,1.0,00110100100001111100
91,1.0,00110100100001111100,1.0,00110100100110111111
91,1.0,00110100100110111111,1.0,00011100110011111111
91,1.0,00011100110011111111,1.0,10110100110000111101
91,1.0,10110100110000111101,1.0,10110100110100101101
91,1.0,10110100110100101101,1.0,00010100111110101111
91,1.0,00010100111110101111,1.0,10010000011110101101
91,1.0,10010000011110101101,1.0,11010000001100101111
91,1.0,11010000001100101111,1.0,10111100001000101111
91,1.0,10111100001000101111,1.0,01110100001000101111
91,1.0,01110100001000101111,1.0,11101000111000101111
91,1.0,11101000111000101111,1.0,10101100111000111110
91,1.0,10101100111000111110,1.0,10111100100010111101
91,1.0,10111100100010111101,1.0,10111100100010111101
91,1.0,10111100100010111101,1.0,11101000101000111101
91,1.0,11101000101000111101,1.0,11101000101000111101
91,1.0,11101000101000111101,1.0,10101100101010111111
91,1.0,10101100101010111111,1.0,10101001101010011011
91,1.0,10101001101010011011,1.0,10101001101010011011
91,1.0,10101001101010011011,1.0,01101001011010011001
91,1.0,01101001011010011001,1.0,01100001011011100001
91,1.0,01100001011011100001,1.0,00100011011001100000
91,1.0,00100011011001100000,1.0,00100011011001100000
91,1.0,00100011011001100000,1.0,10011011011000100011
91,1.0,10011011011000100011,1.0,10011011011000100011
91,1.0,10011011011000100011,1.0,10001111011100110010
91,1.0,10001111011100110010,1.0,00100011011100110000
91,1.0,00100011011100110000,1.0,00100101011100110111
91,1.0,00100101011100110111,1.0,00001111001000111111
91,1.0,00001111001000111111,1.0,10000011001000011110
91,1.0,10000011001000011110,1.0,10000111011000001101
91,1.0,10000111011000001101,1.0,00000111001001001100
91,1.0,00000111001001001100,1.0,00100111100100101100
91,1.0,00100111100100101100,1.0,10101101100110101101
91,1.0,10101101100110101101,1.0,10101001100100111101
91,1.0,10101001100100111101,1.0,10101001100100111101
91,1.0,10101001100100111101,1.0,00110001100000111101
91,1.0,00110001100000111101,1.0,00110111000010100110
91,1.0,00110111000010100110,1.0,00110111000010100110
91,1.0,00110111000010100110,1.0,10111111000000000111
91,1.0,10111111000000000111,1.0,11101011010000100111
91,1.0,11101011010000100111,1.0,11100001111000110000
91,1.0,11100001111000110000,1.0,11000001111100010101
91,1.0,11000001111100010101,1.0,11100100111100010110
91,1.0,11100100111100010110,1.0,11100100111100010110
91,1.0,11100100111100010110,1.0,11100101110100010100
91,1.0,11100101110100010100,1.0,10101101111100000101
91,1.0,10101101111100000101,1.0,10100101010101100110
91,1.0,10100101010101100110,1.0,10100101010101100110
91,1.0,10100101010101100110,1.0,10001101011101001011
91,1.0,10001101011101001011,1.0,10001101111101010010
91,1.0,10001101111101010010,1.0,10000101111101010011
91,1.0,10000101111101010011,1.0,01010101001101000011
91,1.0,01010101001101000011,1.0,01010001001111000000
91,1.0,01010001001111000000,1.0,00010001001111010010
91,1.0,00010001001111010010,1.0,00111001010101010011
91,1.0,00111001010101010011,1.0,00010001110111110011
91,1.0,00010001110111110011,1.0,10010010100111110010
91,1.0,10010010100111110010,1.0,10010010100111110010
91,1.0,10010010100111110010,1.0,10010010100101010110
91,1.0,10010010100101010110,1.0,11001010000101011110
91,1.0,11001010000101011110,1.0,11001010000101011110
91,1.0,11001010000101011110,1.0,11000010000101011111
91,1.0,11000010000101011111,1.0,01000010101101011001
91,1.0,01000010101101011001,1.0,01001010101101011000
91,1.0,01001010101101011000,1.0,01000010101101011001
91,1.0,01000010101101011001,1.0,01100010111001010001
91,1.0,01100010111001010001,1.0,11001110111001010011
91,1.0,11001110111001010011,1.0,11000111110001010010
91,1.0,11000111110001010010,1.0,10111110100001010011
91,1.0,10111110100001010011,1.0,10111110000011010010
91,1.0,10111110000011010010,1.0,10111111000000110000
91,1.0,10111111000000110000,1.0,10110111000000110001
91,1.0,10110111000000110001,1.0,10111111000000110000
91,1.0,10111111000000110000,1.0,10100111010001010010
91,1.0,10100111010001010010,1.0,11001101111001010000
91,1.0,11001101111001010000,1.0,11001101011001110000
91,1.0,11001101011001110000,1.0,01101101001001110001
91,1.0,01101101001001110001,1.0,11100001001001010000
91,1.0,11100001001001010000,1.0,11100101001000010111
91,1.0,11100101001000010111,1.0,11010001001000010110
91,1.0,11010001001000010110,1.0,11111100001000010110
91,1.0,11111100001000010110,1.0,11110000001010010100
91,1.0,11110000001010010100,1.0,11110000001010010100
91,1.0,11110000001010010100,1.0,11111000101010000111
91,1.0,11111000101010000111,1.0,11111000101010000111
91,1.0,11111000101010000111,1.0,11110100001000010111
91,1.0,11110100001000010111,1.0,11111100001000010110
91,1.0,11111100001000010110,1.0,11011110011000000111
91,1.0,11011110011000000111,1.0,11111000111000000110
91,1.0,11111000111000000110,1.0,01111100111100000100
91,1.0,01111100111100000100,1.0,00110100111110100100
91,1.0,00110100111110100100,1.0,00100010111110010111
91,1.0,00100010111110010111,1.0,00000110111110011110
91,1.0,00000110111110011110,1.0,00011010101110011011
91,1.0,00011010101110011011,1.0,01110000101010011011
91,1.0,01110000101010011011,1.0,10111000101010011011
91,1.0,10111000101010011011,1.0,10111000101010011011
91,1.0,10111000101010011011,1.0,10111100111010001010
91,1.0,10111100111010001010,1.0,10110100111010001011
91,1.0,10110100111010001011,1.0,11110000011010001000
91,1.0,11110000011010001000,1.0,11110000011010001000
91,1.0,11110000011010001000,1.0,11110000010110011001
91,1.0,11110000010110011001,1.0,11111000010110011000
91,1.0,11111000010110011000,1.0,11111100010100011011
91,1.0,11111100010100011011,1.0,01111101010100110001
91,1.0,01111101010100110001,1.0,01100011110100110010
91,1.0,01100011110100110010,1.0,01010011100100101000
91,1.0,01010011100100101000,1.0,01010111100010101000
91,1.0,01010111100010101000,1.0,01010011100000111000
91,1.0,01010011100000111000,1.0,01010001110100111010
91,1.0,01010001110100111010,1.0,11010101100100011001
91,1.0,11010101100100011001,1.0,11010101100100011001
91,1.0,11010101100100011001,1.0,11011001010100011010
91,1.0,11011001010100011010,1.0,10011011000100011010
91,1.0,10011011000100011010,1.0,11111010000110010011
91,1.0,11111010000110010011,1.0,11110010000101000001
91,1.0,11110010000101000001,1.0,01111010001001000001
91,1.0,01111010001001000001,1.0,01111010001001000001
91,1.0,01111010001001000001,1.0,01010110101101000000
91,1.0,01010110101101000000,1.0,01011110101001100011
91,1.0,01011110101001100011,1.0,01110000101011100010
91,1.0,01110000101011100010,1.0,01011001001011100011
91,1.0,01011001001011100011,1.0,01011001001011100011
91,1.0,01011001001011100011,1.0,01000001001111101001
91,1.0,01000001001111101001,1.0,01000011000111101010
91,1.0,01000011000111101010,1.0,01000011010111110000
91,1.0,01000011010111110000,1.0,11000011100111100000
91,1.0,11000011100111100000,1.0,11000011100111100000
91,1.0,11000011100111100000,1.0,01000011110111010000
91,1.0,01000011110111010000,1.0,01000011110111010000
91,1.0,01000011110111010000,1.0,11010001100111000011
91,1.0,11010001100111000011,1.0,11001001101101010001
91,1.0,11001001101101010001,1.0,11001011001100110001
91,1.0,11001011001100110001,1.0,11001111001010110001
91,1.0,11001111001010110001,1.0,11001111001010110001
91,1.0,11001111001010110001,1.0,11001101011010110100
91,1.0,11001101011010110100,1.0,11001101001010101110
91,1.0,11001101001010101110,1.0,01001101111010101100
91,1.0,01001101111010101100,1.0,01001101111010101100
91,1.0,01001101111010101100,1.0,01001001101110101101
91,1.0,01001001101110101101,1.0,11000001101100001111
91,1.0,11000001101100001111,1.0,11000001101100001111
91,1.0,11000001101100001111,1.0,11001001011100001101
91,1.0,11001001011100001101,1.0,10001101011110001111
91,1.0,10001101011110001111,1.0,10001101011110001111
91,1.0,10001101011110001111,1.0,10001101011110001111
91,1.0,10001101011110001111,1.0,10000101011110110111
91,1.0,10000101011110110111,1.0,10001111010110110111
92,5.0,10110001010001000100,1.0,10111001010000001111
92,1.0,10111001010000001111,1.0,10111001010000111000
92,1.0,10111001010000111000,1.0,10111101010001100010
92,1.0,10111101010001100010,1.0,00111101010011010011
92,1.0,00111101010011010011,1.0,10110101000011010000
92,1.0,10110101000011010000,1.0,10010101100111010010
92,1.0,10010101100111010010,1.0,11010101110110010010
92,1.0,11010101110110010010,1.0,11011000110011011010
92,1.0,11011000110011011010,1.0,01011100110111011000
92,1.0,01011100110111011000,1.0,01011100010111001111
92,1.0,01011100010111001111,1.0,01011000010111101100
92,1.0,01011000010111101100,1.0,11011100100111101000
92,1.0,11011100100111101000,1.0,11011100110110111010
92,1.0,11011100110110111010,1.0,11011000100110111100
92,1.0,11011000100110111100,1.0,11011000100110111100
92,1.0,11011000100110111100,1.0,11110000000110111010
92,1.0,11110000000110111010,1.0,11011100110110111010
92,1.0,11011100110110111010,1.0,11010100110110111011
92,1.0,11010100110110111011,1.0,11110100010110101001
92,1.0,11110100010110101001,1.0,11111100010110101000
92,1.0,11111100010110101000,1.0,11111100010110101000
92,1.0,11111100010110101000,1.0,11110100000100101110
92,1.0,11110100000100101110,1.0,11110100000000111110
92,1.0,11110100000000111110,1.0,10111100110000111100
92,1.0,10111100110000111100,1.0,10110000100001101110
92,1.0,10110000100001101110,1.0,10110000110011100111
92,1.0,10110000110011100111,1.0,10110100110011110011
92,1.0,10110100110011110011,1.0,10110100001011010010
92,1.0,10110100001011010010,1.0,10011001101001010001
92,1.0,10011001101001010001,1.0,00011001001001011011
92,1.0,00011001001001011011,1.0,10010001001001001010
92,1.0,10010001001001001010,1.0,10010001000011111000
92,1.0,10010001000011111000,1.0,11011010000011101000
92,1.0,11011010000011101000,1.0,01010010000011111010
92,1.0,01010010000011111010,1.0,01000110001011111001
92,1.0,01000110001011111001,1.0,11000110111011100001
92,1.0,11000110111011100001,1.0,11011010111010100001
92,1.0,11011010111010100001,1.0,10111010011010100001
92,1.0,10111010011010100001,1.0,10111010011010100001
92,1.0,10111010011010100001,1.0,10111010011010100001
92,1.0,10111010011010100001,1.0,10011011011000100011
92,1.0,10011011011000100011,1.0,10011011011000100011
92,1.0,10011011011000100011,1.0,10011001011001100011
92,1.0,10011001011001100011,1.0,11011000010101110101
92,1.0,11011000010101110101,1.0,11011100010011110101
92,1.0,11011100010011110101,1.0,11011001010011010001
92,1.0,11011001010011010001,1.0,01011101110011010011
92,1.0,01011101110011010011,1.0,01010101111010010011
92,1.0,01010101111010010011,1.0,01000101111110010110
92,1.0,01000101111110010110,1.0,11001101111110000100
92,1.0,11001101111110000100,1.0,11000101111110000101
92,1.0,11000101111110000101,1.0,11000101111110000101
92,1.0,11000101111110000101,1.0,11001101111110000100
92,1.0,11001101111110000100,1.0,11010001110110000110
92,1.0,11010001110110000110,1.0,01010011010110000100
92,1.0,01010011010110000100,1.0,01010011010110000100
92,1.0,01010011010110000100,1.0,10010011010110000101
92,1.0,10010011010110000101,1.0,10010001011110000100
92,1.0,10010001011110000100,1.0,10010001001111000001
92,1.0,10010001001111000001,1.0,10011101001101000011
92,1.0,10011101001101000011,1.0,00011011011001000001
92,1.0,00011011011001000001,1.0,00111110011001000010
92,1.0,00111110011001000010,1.0,00101111011001000010
92,1.0,00101111011001000010,1.0,00100001011111100011
92,1.0,00100001011111100011,1.0,01101100111111100011
92,1.0,01101100111111100011,1.0,01101000111101100100
92,1.0,01101000111101100100,1.0,01100001110110110110
92,1.0,01100001110110110110,1.0,10100001101110110011
92,1.0,10100001101110110011,1.0,00010011001100110011
92,1.0,00010011001100110011,1.0,00110010011100110000
92,1.0,00110010011100110000,1.0,00110010011100000111
92,1.0,00110010011100000111,1.0,00110010101100001010
92,1.0,00110010101100001010,1.0,00110110101010001010
92,1.0,00110110101010001010,1.0,00110110101010001010
92,1.0,00110110101010001010,1.0,01101100111010011101
92,1.0,01101100111010011101,1.0,01100100111000111110
92,1.0,01100100111000111110,1.0,01101000111110110111
92,1.0,01101000111110110111,1.0,01110100111000010101
92,1.0,01110100111000010101,1.0,01110100111100000101
92,1.0,01110100111100000101,1.0,00111100011100001111
92,1.0,00111100011100001111,1.0,00100100011111011011
92,1.0,00100100011111011011,1.0,00100110001111110000
92,1.0,00100110001111110000,1.0,00111010001011100000
92,1.0,00111010001011100000,1.0,00111110011001000010
92,1.0,00111110011001000010,1.0,00111010001101000011
92,1.0,00111010001101000011,1.0,00111010001101000011
92,1.0,00111010001101000011,1.0,00111010001101000011
92,1.0,00111010001101000011,1.0,10111100011101000000
92,1.0,10111100011101000000,1.0,10010100111101000100
92,1.0,10010100111101000100,1.0,10010110110101000101
92,1.0,10010110110101000101,1.0,10010010011001000100
92,1.0,10010010011001000100,1.0,10011100011011100110
92,1.0,10011100011011100110,1.0,10011110010101100100
92,1.0,10011110010101100100,1.0,11010010010001100110
92,1.0,11010010010001100110,1.0,10011010110011100101
92,1.0,10011010110011100101,1.0,10111100110011110010
92,1.0,10111100110011110010,1.0,10111100110011110010
92,1.0,10111100110011110010,1.0,10111101010001100010
92,1.0,10111101010001100010,1.0,10111111010000100010
92,1.0,10111111010000100010,1.0,10111011010000010010
92,1.0,10111011010000010010,1.0,11100011010100010011
92,1.0,11100011010100010011,1.0,10101011100100011001
92,1.0,10101011100100011001,1.0,00100011100100011100
92,1.0,00100011100100011100,1.0,00110111100100010010
92,1.0,00110111100100010010,1.0,00110011001100000001
92,1.0,00110011001100000001,1.0,10110001101100000011
92,1.0,10110001101100000011,1.0,11111001110100000011
92,1.0,11111001110100000011,1.0,11111001110100000011
92,1.0,11111001110100000011,1.0,11111001110100000011
92,1.0,11111001110100000011,1.0,01111001100101000010
92,1.0,01111001100101000010,1.0,01101101101101000001
92,1.0,01101101101101000001,1.0,01101101101101000001
92,1.0,01101101101101000001,1.0,01100101011101000000
92,1.0,01100101011101000000,1.0,01100101011101000000
92,1.0,01100101011101000000,1.0,01000111001101100000
92,1.0,01000111001101100000,1.0,01101011001001000001
92,1.0,01101011001001000001,1.0,01101011001001000001
92,1.0,01101011001001000001,1.0,00100011001001000101
92,1.0,00100011001001000101,1.0,00111010001001000100
92,1.0,00111010001001000100,1.0,00110010001001000101
92,1.0,00110010001001000101,1.0,00110010001011100001
92,1.0,00110010001011100001,1.0,00100010101011101010
92,1.0,00100010101011101010,1.0,00001110101011101111
92,1.0,00001110101011101111,1.0,00001110101011101111
92,1.0,00001110101011101111,1.0,00001111100011101101
92,1.0,00001111100011101101,1.0,11000111100001100100
92,1.0,11000111100001100100,1.0,01001111101001100011
92,1.0,01001111101001100011,1.0,01010101101001100001
92,1.0,01010101101001100001,1.0,10011101101001100001
92,1.0,10011101101001100001,1.0,01011101101001100000
92,1.0,01011101101001100000,1.0,01011110101001100011
92,1.0,01011110101001100011,1.0,01011110101001100011
92,1.0,01011110101001100011,1.0,01010110001001000111
92,1.0,01010110001001000111,1.0,01000111001001000111
92,1.0,01000111001001000111,1.0,01000111001001000111
92,1.0,01000111001001000111,1.0,01000111001001000111
92,1.0,01000111001001000111,1.0,01000111001001000111
92,1.0,01000111001001000111,1.0,01000111001001000111
92,1.0,01000111001001000111,1.0,00000111001001001100
92,1.0,00000111001001001100,1.0,00001011101011001011
92,1.0,00001011101011001011,1.0,00010110101001101001
92,1.0,00010110101001101001,1.0,00010110001001001100
92,1.0,00010110001001001100,1.0,00010110001001001100
92,1.0,00010110001001001100,1.0,00101101001001001101
92,1.0,00101101001001001101,1.0,00101101001001001101
92,1.0,00101101001001001101,1.0,01100101000001011100
92,1.0,01100101000001011100,1.0,01001101000101111101
92,1.0,01001101000101111101,1.0,01001101000101111101
92,1.0,01001101000101111101,1.0,01100100010111101110
92,1.0,01100100010111101110,1.0,01100100010011111110
92,1.0,01100100010011111110,1.0,01001110010011111100
92,1.0,01001110010011111100,1.0,01001110010011111100
92,1.0,01001110010011111100,1.0,01000110110111110100
92,1.0,01000110110111110100,1.0,01000110110111110100
92,1.0,01000110110111110100,1.0,00010110010101110110
92,1.0,00010110010101110110,1.0,00010100010111111100
92,1.0,00010100010111111100,1.0,00110000100111110110
92,1.0,00110000100111110110,1.0,00101000101111110111
92,1.0,00101000101111110111,1.0,00101000101111110111
92,1.0,00101000101111110111,1.0,00101010101101100100
92,1.0,00101010101101100100,1.0,00101100101101101101
92,1.0,00101100101101101101,1.0,00101101101101000100
92,1.0,00101101101101000100,1.0,00101101101101000100
92,1.0,00101101101101000100,1.0,10100101101100100111
92,1.0,10100101101100100111,1.0,10100101101100100111
92,1.0,10100101101100100111,1.0,10110100001110100110
92,1.0,10110100001110100110,1.0,10110100101100100111
92,1.0,10110100101100100111,1.0,10110100101000110111
92,1.0,10110100101000110111,1.0,10110000101010110100
92,1.0,10110000101010110100,1.0,10111100101000110110
92,1.0,10111100101000110110,1.0,00111000000011111110
92,1.0,00111000000011111110,1.0,00110000001001111010
92,1.0,00110000001001111010,1.0,00111100101001010100
92,1.0,00111100101001010100,1.0,00110100101001010101
92,1.0,00110100101001010101,1.0,00110100101001010101
92,1.0,00110100101001010101,1.0,00111001101000010101
92,1.0,00111001101000010101,1.0,00111001101000010101
92,1.0,00111001101000010101,1.0,00110001111000110001
92,1.0,00110001111000110001,1.0,11110000111000110000
92,1.0,11110000111000110000,1.0,11100010111000110011
92,1.0,11100010111000110011,1.0,11111010101000000011
92,1.0,11111010101000000011,1.0,11101011001000100011
92,1.0,11101011001000100011,1.0,11101011001000100011
92,1.0,11101011001000100011,1.0,11101011001000100011
92,1.0,11101011001000100011,1.0,11101111110010100000
92,1.0,11101111110010100000,1.0,01100111100011100000
92,1.0,01100111100011100000,1.0,01001011110111100011
92,1.0,01001011110111100011,1.0,11101001110011100011
92,1.0,11101001110011100011,1.0,11101001110011100011
92,1.0,11101001110011100011,1.0,01011001110011110000
92,1.0,01011001110011110000,1.0,01111000100011011011
92,1.0,01111000100011011011,1.0,01011100001011011011
92,1.0,01011100001011011011,1.0,01111000100011011011
92,1.0,01111000100011011011,1.0,01011000111011001011
92,1.0,01011000111011001011,1.0,01111000111011000000
92,1.0,01111000111011000000,1.0,01110000111011000001
92,1.0,01110000111011000001,1.0,11010000101011001000
92,1.0,11010000101011001000,1.0,11100000011011001011
92,1.0,11100000011011001011,1.0,10100000011011001110
92,1.0,10100000011011001110,1.0,10001000011111101111
92,1.0,10001000011111101111,1.0,10001000111111110110
92,1.0,10001000111111110110,1.0,01000010101111100100
92,1.0,01000010101111100100,1.0,01000010101111100100
92,1.0,01000010101111100100,1.0,01001010001101111000
92,1.0,01001010001101111000,1.0,01000010001101111001
92,1.0,01000010001101111001,1.0,01101110001101010000
92,1.0,01101110001101010000,1.0,01101011001001000001
92,1.0,01101011001001000001,1.0,01101011001001000001
92,1.0,01101011001001000001,1.0,01101011001001000001
93,3.0,10001110101101100111,1.0,10000110111011100100
93,1.0,10000110111011100100,1.0,10001010101111100100
93,1.0,10001010101111100100,1.0,10001010001011101101
93,1.0,10001010001011101101,1.0,11000110100011101101
93,1.0,11000110100011101101,1.0,11000110000011011111
93,1.0,11000110000011011111,1.0,10010110100011010110
93,1.0,10010110100011010110,1.0,10101011100001000111
93,1.0,10101011100001000111,1.0,10100011101000000111
93,1.0,10100011101000000111,1.0,10101011011000000101
93,1.0,10101011011000000101,1.0,10100001111010100110
93,1.0,10100001111010100110,1.0,10100001111010100110
93,1.0,10100001111010100110,1.0,10100011100110100101
93,1.0,10100011100110100101,1.0,00101011100110001110
93,1.0,00101011100110001110,1.0,00100011100001001100
93,1.0,00100011100001001100,1.0,10100011110000001101
93,1.0,10100011110000001101,1.0,10101011000010101101
93,1.0,10101011000010101101,1.0,10101101100010111101
93,1.0,10101101100010111101,1.0,10101101100010111101
93,1.0,10101101100010111101,1.0,10100111100000111010
93,1.0,10100111100000111010,1.0,10100111100000111010
93,1.0,10100111100000111010,1.0,11101011110000110000
93,1.0,11101011110000110000,1.0,11101101101000100100
93,1.0,11101101101000100100,1.0,11000011101001000010
93,1.0,11000011101001000010,1.0,11000011011001000001
93,1.0,11000011011001000001,1.0,11001111011000001001
93,1.0,11001111011000001001,1.0,11001101011010001101
93,1.0,11001101011010001101,1.0,01001101111010101100
93,1.0,01001101111010101100,1.0,11000101110010111100
93,1.0,11000101110010111100,1.0,11000101000011011100
93,1.0,11000101000011011100,1.0,11000101000111001100
93,1.0,11000101000111001100,1.0,11000011000011101001
93,1.0,11000011000011101001,1.0,11001011000011101000
93,1.0,11001011000011101000,1.0,11100011000000001110
93,1.0,11100011000000001110,1.0,01101111000000101111
93,1.0,01101111000000101111,1.0,01101111000000101111
93,1.0,01101111000000101111,1.0,01111110000000101111
93,1.0,01111110000000101111,1.0,01111110000000101111
93,1.0,01111110000000101111,1.0,00110110010010101110
93,1.0,00110110010010101110,1.0,01110010010000101100
93,1.0,01110010010000101100,1.0,01011011010000001101
93,1.0,01011011010000001101,1.0,01011011110000010100
93,1.0,01011011110000010100,1.0,00010011101000010100
93,1.0,00010011101000010100,1.0,00010111101010000100
93,1.0,00010111101010000100,1.0,00011011011010000101
93,1.0,00011011011010000101,1.0,00011011011010000101
93,1.0,00011011011010000101,1.0,00111010011100000110
93,1.0,00111010011100000110,1.0,00111010010110110100
93,1.0,00111010010110110100,1.0,01111010010110110001
93,1.0,01111010010110110001,1.0,01010110010110111001
93,1.0,01010110010110111001,1.0,00010110010110111100
93,1.0,00010110010110111100,1.0,00010110011110010101
93,1.0,00010110011110010101,1.0,00011110111110110001
93,1.0,00011110111110110001,1.0,10010100111110010111
93,1.0,10010100111110010111,1.0,11010100111010010101
93,1.0,11010100111010010101,1.0,11001100111011010111
93,1.0,11001100111011010111,1.0,11001000111111110011
93,1.0,11001000111111110011,1.0,11001000111111110011
93,1.0,11001000111111110011,1.0,10001110111111100010
93,1.0,10001110111111100010,1.0,10000110111110110100
93,1.0,10000110111110110100,1.0,10010010111010100101
93,1.0,10010010111010100101,1.0,10010010011001000100
93,1.0,10010010011001000100,1.0,00011011011010000101
93,1.0,00011011011010000101,1.0,00011011011001000001
93,1.0,00011011011001000001,1.0,00011011011001000001
93,1.0,00011011011001000001,1.0,01110010011010100001
93,1.0,01110010011010100001,1.0,01100011011010100001
93,1.0,01100011011010100001,1.0,00100010011011101001
93,1.0,00100010011011101001,1.0,00100010111011001001
93,1.0,00100010111011001001,1.0,00100110111011010011
93,1.0,00100110111011010011,1.0,00100010111101010011
93,1.0,00100010111101010011,1.0,00111010110101010000
93,1.0,00111010110101010000,1.0,00110011000001010010
93,1.0,00110011000001010010,1.0,11111010000001010000
93,1.0,11111010000001010000,1.0,11101010001001010010
93,1.0,11101010001001010010,1.0,11101010001001010010
93,1.0,11101010001001010010,1.0,11101010001001010010
93,1.0,11101010001001010010,1.0,01101010101011010001
93,1.0,01101010101011010001,1.0,01101011001001000001
93,1.0,01101011001001000001,1.0,11101011000001010000
93,1.0,11101011000001010000,1.0,11111010000001010000
93,1.0,11111010000001010000,1.0,11111010000001010000
93,1.0,11111010000001010000,1.0,11111010000001010000
93,1.0,11111010000001010000,1.0,01011010001011010010
93,1.0,01011010001011010010,1.0,00010010001011011000
93,1.0,00010010001011011000,1.0,00000011001011011000
93,1.0,00000011001011011000,1.0,00000011101001011001
93,1.0,00000011101001011001,1.0,11000011001000011011
93,1.0,11000011001000011011,1.0,11001111100100011011
93,1.0,11001111100100011011,1.0,11000111000101001000
93,1.0,11000111000101001000,1.0,01000111001001001001
93,1.0,01000111001001001001,1.0,01001101001111001011
93,1.0,01001101001111001011,1.0,01000101011101001011
93,1.0,01000101011101001011,1.0,11001001011101100011
93,1.0,11001001011101100011,1.0,11100001011001000010
93,1.0,11100001011001000010,1.0,11000011011001000001
93,1.0,11000011011001000001,1.0,10000011011001010011
93,1.0,10000011011001010011,1.0,10000011011001000100
93,1.0,10000011011001000100,1.0,10001111001001000111
93,1.0,10001111001001000111,1.0,10001111001001000111
93,1.0,10001111001001000111,1.0,01000111001001000111
93,1.0,01000111001001000111,1.0,01000111001001000111
93,1.0,01000111001001000111,1.0,11000111000101000110
93,1.0,11000111000101000110,1.0,11111100000101000111
93,1.0,11111100000101000111,1.0,11111100001100000110
93,1.0,11111100001100000110,1.0,00110100001111000100
93,1.0,00110100001111000100,1.0,00110001001101000001
93,1.0,00110001001101000001,1.0,00110001001101000001
93,1.0,00110001001101000001,1.0,00110001001101000001
93,1.0,00110001001101000001,1.0,00110001001101000001
93,1.0,00110001001101000001,1.0,00111001001101000000
93,1.0,00111001001101000000,1.0,00111101011110000010
93,1.0,00111101011110000010,1.0,00110101111010100001
93,1.0,00110101111010100001,1.0,00100001011011110011
93,1.0,00100001011011110011,1.0,00111000011011110010
93,1.0,00111000011011110010,1.0,10110000100011110101
93,1.0,10110000100011110101,1.0,10111100101000110110
93,1.0,10111100101000110110,1.0,11111000110110110011
93,1.0,11111000110110110011,1.0,10111000110110110110
93,1.0,10111000110110110110,1.0,11111100100110010100
93,1.0,11111100100110010100,1.0,11101100100111010111
93,1.0,11101100100111010111,1.0,00101000101111110111
93,1.0,00101000101111110111,1.0,00100000001111011101
93,1.0,00100000001111011101,1.0,00100000001111011101
93,1.0,00100000001111011101,1.0,00110100001111000100
93,1.0,00110100001111000100,1.0,00110001001101000001
93,1.0,00110001001101000001,1.0,00110001001101000001
93,1.0,00110001001101000001,1.0,10110001000101010000
93,1.0,10110001000101010000,1.0,10100001001101010010
93,1.0,10100001001101010010,1.0,10100001001101010010
93,1.0,10100001001101010010,1.0,10001101001111110011
93,1.0,10001101001111110011,1.0,10001101001111110011
93,1.0,10001101001111110011,1.0,10001101101111010011
93,1.0,10001101101111010011,1.0,10001101101111010011
93,1.0,10001101101111010011,1.0,10000001101111001010
93,1.0,10000001101111001010,1.0,10000011001110101010
93,1.0,10000011001110101010,1.0,10100110001110101011
93,1.0,10100110001110101011,1.0,10010010001110101010
93,1.0,10010010001110101010,1.0,00010110001110111000
93,1.0,00010110001110111000,1.0,01011100001100111100
93,1.0,01011100001100111100,1.0,01011100001100111100
93,1.0,01011100001100111100,1.0,11011100101100011010
93,1.0,11011100101100011010,1.0,11011100100101011011
93,1.0,11011100100101011011,1.0,01010100100111111010
93,1.0,01010100100111111010,1.0,11010100100111101001
93,1.0,11010100100111101001,1.0,10010100100111111011
93,1.0,10010100100111111011,1.0,10100100110111111000
93,1.0,10100100110111111000,1.0,11101100010111101011
93,1.0,11101100010111101011,1.0,11101100010111101011
93,1.0,11101100010111101011,1.0,11101110010110101011
93,1.0,11101110010110101011,1.0,11011110000100111011
93,1.0,11011110000100111011,1.0,11011110000100111011
93,1.0,11011110000100111011,1.0,11011110000100111011
93,1.0,11011110000100111011,1.0,11010010100101010011
93,1.0,11010010100101010011,1.0,11011010000001011011
93,1.0,11011010000001011011,1.0,01010010000001011110
93,1.0,01010010000001011110,1.0,01011110001001000110
93,1.0,01011110001001000110,1.0,01010110001001000111
93,1.0,01010110001001000111,1.0,01001010001101001111
93,1.0,01001010001101001111,1.0,00001010101101101111
93,1.0,00001010101101101111,1.0,00101110100101101110
93,1.0,00101110100101101110,1.0,01101010110001001110
93,1.0,01101010110001001110,1.0,01110000110001001100
93,1.0,01110000110001001100,1.0,11111000110001110000
93,1.0,11111000110001110000,1.0,10111000110101110010
93,1.0,10111000110101110010,1.0,10111001000101100011
93,1.0,10111001000101100011,1.0,10110001001000110011
93,1.0,10110001001000110011,1.0,10111001001000001011
93,1.0,10111001001000001011,1.0,10111001001000001011
93,1.0,10111001001000001011,1.0,00011001001001011011
93,1.0,00011001001001011011,1.0,10000001101011011010
93,1.0,10000001101011011010,1.0,10001011001011010011
93,1.0,10001011001011010011,1.0,10001011001011010011
93,1.0,10001011001011010011,1.0,00100001011011110011
93,1.0,00100001011011110011,1.0,01101100111011110011
93,1.0,01101100111011110011,1.0,10110100111010110010
93,1.0,10110100111010110010,1.0,10111000111110010001
93,1.0,10111000111110010001,1.0,10111000111011000001
93,1.0,10111000111011000001,1.0,10110000111010101000
93,1.0,10110000111010101000,1.0,10101010111010101010
93,1.0,10101010111010101010,1.0,01101111011010000011
93,1.0,01101111011010000011,1.0,01101111011010000011
93,1.0,01101111011010000011,1.0,00101111111010100011
93,1.0,00101111111010100011,1.0,00100111111010010000
93,1.0,00100111111010010000,1.0,00100111011010110000
93,1.0,00100111011010110000,1.0,00100111011010001001
93,1.0,00100111011010001001,1.0,00100110011110001100
93,1.0,00100110011110001100,1.0,00110110011010001001
93,1.0,00110110011010001001,1.0,00111110011010000110
93,1.0,00111110011010000110,1.0,00111010011100000110
93,1.0,00111010011100000110,1.0,00110010011010100100
93,1.0,00110010011010100100,1.0,00110110010010101110
93,1.0,00110110010010101110,1.0,00110110010010101110
93,1.0,00110110010010101110,1.0,00101110011010101111
93,1.0,00101110011010101111,1.0,00110110011010000111
94,1.0,11111000110010001101,1.0,11010000110011001100
94,1.0,11010000110011001100,1.0,01110000110001001100
94,1.0,01110000110001001100,1.0,00110000110101001110
94,1.0,00110000110101001110,1.0,00110010100101001011
94,1.0,00110010100101001011,1.0,00110010100001001100
94,1.0,00110010100001001100,1.0,11110010000000001110
94,1.0,11110010000000001110,1.0,11110010000000001110
94,1.0,11110010000000001110,1.0,11110010000000001110
94,1.0,11110010000000001110,1.0,11110010000000001110
94,1.0,11110010000000001110,1.0,11110010000000001110
94,1.0,11110010000000001110,1.0,10111100000101001100
94,1.0,10111100000101001100,1.0,10111110000100001100
94,1.0,10111110000100001100,1.0,10111110000100001100
94,1.0,10111110000100001100,1.0,10011110010101100100
94,1.0,10011110010101100100,1.0,10011110010001110100
94,1.0,10011110010001110100,1.0,10010110010001110101
94,1.0,10010110010001110101,1.0,11011000010101110101
94,1.0,11011000010101110101,1.0,01010100011101110010
94,1.0,01010100011101110010,1.0,01110100011101000000
94,1.0,01110100011101000000,1.0,01111100101101000001
94,1.0,01111100101101000001,1.0,01111100101101000001
94,1.0,01111100101101000001,1.0,01110100011101000000
94,1.0,01110100011101000000,1.0,01110100011101000000
94,1.0,01110100011101000000,1.0,01100101011101000000
94,1.0,01100101011101000000,1.0,01100111000111000010
94,1.0,01100111000111000010,1.0,11101111010110000010
94,1.0,11101111010110000010,1.0,01101011110110010001
94,1.0,01101011110110010001,1.0,01101011100110110010
94,1.0,01101011100110110010,1.0,01101011100110110010
94,1.0,01101011100110110010,1.0,00100011100110110110
94,1.0,00100011100110110110,1.0,00100011100110111000
94,1.0,00100011100110111000,1.0,00100011100110111000
94,1.0,00100011100110111000,1.0,00010111100010111010
94,1.0,00010111100010111010,1.0,00010111100010111010
94,1.0,00010111100010111010,1.0,00011111001010001011
94,1.0,00011111001010001011,1.0,01001111001110001011
94,1.0,01001111001110001011,1.0,01000011001111000011
94,1.0,01000011001111000011,1.0,01000011010111000111
94,1.0,01000011010111000111,1.0,01101100011111000110
94,1.0,01101100011111000110,1.0,01111100010111000100
94,1.0,01111100010111000100,1.0,10011000010111101101
94,1.0,10011000010111101101,1.0,10011000010111101101
94,1.0,10011000010111101101,1.0,01010000010111101101
94,1.0,01010000010111101101,1.0,01010100010111110111
94,1.0,01010100010111110111,1.0,11011000010101110101
94,1.0,11011000010101110101,1.0,11011000100101110110
94,1.0,11011000100101110110,1.0,01011000101001110111
94,1.0,01011000101001110111,1.0,01110000101011100010
94,1.0,01110000101011100010,1.0,00111100001011100111
94,1.0,00111100001011100111,1.0,01111000001001100101
94,1.0,01111000001001100101,1.0,01101101001000101110
94,1.0,01101101001000101110,1.0,11001001001100101110
94,1.0,11001001001100101110,1.0,11001001001110110101
94,1.0,11001001001110110101,1.0,11001001001110110101
94,1.0,11001001001110110101,1.0,01011101100110110101
94,1.0,01011101100110110101,1.0,01010100101011010100
94,1.0,01010100101011010100,1.0,01011100101011100111
94,1.0,01011100101011100111,1.0,01011110001001000110
94,1.0,01011110001001000110,1.0,01011110001001001000
94,1.0,01011110001001001000,1.0,01000110011001001111
94,1.0,01000110011001001111,1.0,11001010011001100111
94,1.0,11001010011001100111,1.0,01000110011001110110
94,1.0,01000110011001110110,1.0,01000010001101110111
94,1.0,01000010001101110111,1.0,01001110001011110110
94,1.0,01001110001011110110,1.0,01101110011000110111
94,1.0,01101110011000110111,1.0,01101110011000110111
94,1.0,01101110011000110111,1.0,00111010011000010110
94,1.0,00111010011000010110,1.0,00111000011001010110
94,1.0,00111000011001010110,1.0,00110000011001010111
94,1.0,00110000011001010111,1.0,00111010001001010011
94,1.0,00111010001001010011,1.0,00111111010001000000
94,1.0,00111111010001000000,1.0,00011111010001001011
94,1.0,00011111010001001011,1.0,00011111010001001011
94,1.0,00011111010001001011,1.0,00110110010001101010
94,1.0,00110110010001101010,1.0,00110110010001101010
94,1.0,00110110010001101010,1.0,00011110110101101011
94,1.0,00011110110101101011,1.0,00010010111100011011
94,1.0,00010010111100011011,1.0,00010110111100101011
94,1.0,00010110111100101011,1.0,00011110111100101010
94,1.0,00011110111100101010,1.0,00010110111100101011
94,1.0,00010110111100101011,1.0,00011110111100101010
94,1.0,00011110111100101010,1.0,00010101111100101000
94,1.0,00010101111100101000,1.0,00011101011101100001
94,1.0,00011101011101100001,1.0,00011101101101100010
94,1.0,00011101101101100010,1.0,01011101111100100010
94,1.0,01011101111100100010,1.0,01011101111100100010
94,1.0,01011101111100100010,1.0,01011101111100100010
94,1.0,01011101111100100010,1.0,01011011110110100000
94,1.0,01011011110110100000,1.0,01011001110111100000
94,1.0,01011001110111100000,1.0,01101101110111100001
94,1.0,01101101110111100001,1.0,01101100111111100011
94,1.0,01101100111111100011,1.0,01100100111011100101
94,1.0,01100100111011100101,1.0,01101110110011100101
94,1.0,01101110110011100101,1.0,01101010100011001111
94,1.0,01101010100011001111,1.0,11100010110011000100
94,1.0,11100010110011000100,1.0,11000011100011000111
94,1.0,11000011100011000111,1.0,10000111110011001010
94,1.0,10000111110011001010,1.0,00001111110011011011
94,1.0,00001111110011011011,1.0,00010111110001010011
94,1.0,00010111110001010011,1.0,00011111110001010010
94,1.0,00011111110001010010,1.0,00011111010001001011
94,1.0,00011111010001001011,1.0,00010111011000001011
94,1.0,00010111011000001011,1.0,00100111011010001001
94,1.0,00100111011010001001,1.0,11100111001010000000
94,1.0,11100111001010000000,1.0,11100001011010000110
94,1.0,11100001011010000110,1.0,10101011011000000101
94,1.0,10101011011000000101,1.0,10101011011000000101
94,1.0,10101011011000000101,1.0,10100011101000000111
94,1.0,10100011101000000111,1.0,10100011101000000111
94,1.0,10100011101000000111,1.0,10101101101000001111
94,1.0,10101101101000001111,1.0,00100011101100001010
94,1.0,00100011101100001010,1.0,10101001111100001010
94,1.0,10101001111100001010,1.0,10101011101000001000
94,1.0,10101011101000001000,1.0,10101011101000001000
94,1.0,10101011101000001000,1.0,10111010101000001000
94,1.0,10111010101000001000,1.0,10110010101000110000
94,1.0,10110010101000110000,1.0,00110010001000111010
94,1.0,00110010001000111010,1.0,10101010101010111000
94,1.0,10101010101010111000,1.0,10111010001000101000
94,1.0,10111010001000101000,1.0,10111100001000101111
94,1.0,10111100001000101111,1.0,10110100001000011100
94,1.0,10110100001000011100,1.0,11110100001000010111
94,1.0,11110100001000010111,1.0,01111100101001010001
94,1.0,01111100101001010001,1.0,01111100101101000001
94,1.0,01111100101101000001,1.0,01010101101001100001
94,1.0,01010101101001100001,1.0,01010101101001100001
94,1.0,01010101101001100001,1.0,00010101101001100100
94,1.0,00010101101001100100,1.0,10011101101010100101
94,1.0,10011101101010100101,1.0,10011001101100100101
94,1.0,10011001101100100101,1.0,10011001100001001111
94,1.0,10011001100001001111,1.0,10111001100001000100
94,1.0,10111001100001000100,1.0,10111000101001000110
94,1.0,10111000101001000110,1.0,10101000101001101111
94,1.0,10101000101001101111,1.0,00111100001001001101
94,1.0,00111100001001001101,1.0,10111100001000101111
94,1.0,10111100001000101111,1.0,10111100001000101111
94,1.0,10111100001000101111,1.0,00111100111000101101
94,1.0,00111100111000101101,1.0,00111100011001100110
94,1.0,00111100011001100110,1.0,00111100011001100110
94,1.0,00111100011001100110,1.0,10010100011001110100
94,1.0,10010100011001110100,1.0,00010100001111110110
94,1.0,00010100001111110110,1.0,10011100010111110111
94,1.0,10011100010111110111,1.0,00011110010111010101
94,1.0,00011110010111010101,1.0,00011110010111010101
94,1.0,00011110010111010101,1.0,10011100010111110111
94,1.0,10011100010111110111,1.0,00010100001111110110
94,1.0,00010100001111110110,1.0,00010100001111110110
94,1.0,00010100001111110110,1.0,00010100001111110110
94,1.0,00010100001111110110,1.0,00011110001111010001
94,1.0,00011110001111010001,1.0,00010010001011011000
94,1.0,00010010001011011000,1.0,10010000010011111110
94,1.0,10010000010011111110,1.0,10001000111111110110
94,1.0,10001000111111110110,1.0,10100100110111110110
94,1.0,10100100110111110110,1.0,10100100110111110110
94,1.0,10100100110111110110,1.0,10000110110111110101
94,1.0,10000110110111110101,1.0,01000110110111110100
94,1.0,01000110110111110100,1.0,01101010110011010101
94,1.0,01101010110011010101,1.0,01100011110011000010
94,1.0,01100011110011000010,1.0,10100011110011000011
94,1.0,10100011110011000011,1.0,11100010101011000000
94,1.0,11100010101011000000,1.0,10100010101111000010
94,1.0,10100010101111000010,1.0,00000011101111100011
94,1.0,00000011101111100011,1.0,00111001101110100001
94,1.0,00111001101110100001,1.0,00011001101110011000
94,1.0,00011001101110011000,1.0,00011101101100011011
94,1.0,00011101101100011011,1.0,00011101101100011011
94,1.0,00011101101100011011,1.0,00110000101101001010
94,1.0,00110000101101001010,1.0,00110100101011001010
94,1.0,00110100101011001010,1.0,00110110001010101010
94,1.0,00110110001010101010,1.0,00100010011011101001
94,1.0,00100010011011101001,1.0,00110010010100101110
94,1.0,00110010010100101110,1.0,00011111000100101101
94,1.0,00011111000100101101,1.0,00011110100110111101
94,1.0,00011110100110111101,1.0,00011110100110111101
94,1.0,00011110100110111101,1.0,00001111110110101111
94,1.0,00001111110110101111,1.0,00001111110110101111
94,1.0,00001111110110101111,1.0,00000111010110111100
94,1.0,00000111010110111100,1.0,00010011110110100100
95,1.0,11101001110011100011,1.0,11010101110011000010
95,1.0,11010101110011000010,1.0,11011001101000110010
95,1.0,11011001101000110010,1.0,11011011100000110011
95,1.0,11011011100000110011,1.0,11011111100010100011
95,1.0,11011111100010100011,1.0,01010111100010100110
95,1.0,01010111100010100110,1.0,01010111110010000101
95,1.0,01010111110010000101,1.0,11010010110001000110
95,1.0,11010010110001000110,1.0,11101010010001010110
95,1.0,11101010010001010110,1.0,11111010000001010000
95,1.0,11111010000001010000,1.0,10110010000001010100
95,1.0,10110010000001010100,1.0,10110010000101000100
95,1.0,10110010000101000100,1.0,10110010000111100000
95,1.0,10110010000111100000,1.0,10100011000111100000
95,1.0,10100011000111100000,1.0,10100011000111100000
95,1.0,10100011000111100000,1.0,10101101000111100110
95,1.0,10101101000111100110,1.0,10100101000111100111
95,1.0,10100101000111100111,1.0,00111001000111000101
95,1.0,00111001000111000101,1.0,00111001000011010101
95,1.0,00111001000011010101,1.0,00111101010011010011
95,1.0,00111101010011010011,1.0,10110100010011011000
95,1.0,10110100010011011000,1.0,10110100010011011000
95,1.0,10110100010011011000,1.0,10101100011011011001
95,1.0,10101100011011011001,1.0,10101100011111110000
95,1.0,10101100011111110000,1.0,10100100011111110001
95,1.0,10100100011111110001,1.0,01100100011111110000
95,1.0,01100100011111110000,1.0,01100010011011010000
95,1.0,01100010011011010000,1.0,01101010011011100011
95,1.0,01101010011011100011,1.0,01101010111011000011
95,1.0,01101010111011000011,1.0,01101011001001000001
95,1.0,01101011001001000001,1.0,00100101101101000101
95,1.0,00100101101101000101,1.0,00101111101100000100
95,1.0,00101111101100000100,1.0,00101111001100100100
95,1.0,00101111001100100100,1.0,00100011001100101010
95,1.0,00100011001100101010,1.0,00100011001100101010
95,1.0,00100011001100101010,1.0,00100011011100001001
95,1.0,00100011011100001001,1.0,00100011111100010000
95,1.0,00100011111100010000,1.0,00100011111100010000
95,1.0,00100011111100010000,1.0,00100011111100010000
95,1.0,00100011111100010000,1.0,00110010111100010000
95,1.0,00110010111100010000,1.0,00110010111100010000
95,1.0,00110010111100010000,1.0,00110010111100010000
95,1.0,00110010111100010000,1.0,00110010111100010000
95,1.0,00110010111100010000,1.0,00111010101110010000
95,1.0,00111010101110010000,1.0,00111010100111010001
95,1.0,00111010100111010001,1.0,11100010100111010001
95,1.0,11100010100111010001,1.0,11101010100111010000
95,1.0,11101010100111010000,1.0,01101010101011010001
95,1.0,01101010101011010001,1.0,01000011001011010011
95,1.0,01000011001011010011,1.0,11001000111111110011
95,1.0,11001000111111110011,1.0,01010000111011110011
95,1.0,01010000111011110011,1.0,00111000111001110011
95,1.0,00111000111001110011,1.0,00101001011011110010
95,1.0,00101001011011110010,1.0,00101001011111100010
95,1.0,00101001011111100010,1.0,00101011011110100010
95,1.0,00101011011110100010,1.0,00111010011110100010
95,1.0,00111010011110100010,1.0,00010010111110100110
95,1.0,00010010111110100110,1.0,00010010111110100110
95,1.0,00010010111110100110,1.0,11000010111110100101
95,1.0,11000010111110100101,1.0,11001110111110000111
95,1.0,11001110111110000111,1.0,10010110111100000100
95,1.0,10010110111100000100,1.0,10000111101110000101
95,1.0,10000111101110000101,1.0,10001111101110000100
95,1.0,10001111101110000100,1.0,10000110001111010100
95,1.0,10000110001111010100,1.0,10000110001111010100
95,1.0,10000110001111010100,1.0,10001110001011110111
95,1.0,10001110001011110111,1.0,01001110001011110110
95,1.0,01001110001011110110,1.0,01101110011000110111
95,1.0,01101110011000110111,1.0,01001110001100111111
95,1.0,01001110001100111111,1.0,01001110001100111111
95,1.0,01001110001100111111,1.0,01010110000100111110
95,1.0,01010110000100111110,1.0,01010110000100111110
95,1.0,01010110000100111110,1.0,00110010000010111111
95,1.0,00110010000010111111,1.0,00110010010110110101
95,1.0,00110010010110110101,1.0,00110010010110110101
95,1.0,00110010010110110101,1.0,10110000000111010111
95,1.0,10110000000111010111,1.0,10110000010111110010
95,1.0,10110000010111110010,1.0,10111000100111110011
95,1.0,10111000100111110011,1.0,10111000100111110011
95,1.0,10111000100111110011,1.0,10111100100101100111
95,1.0,10111100100101100111,1.0,10100110100101010111
95,1.0,10100110100101010111,1.0,10001010110101011101
95,1.0,10001010110101011101,1.0,10100010010001011100
95,1.0,10100010010001011100,1.0,10100010010110011111
95,1.0,10100010010110011111,1.0,10100010010110011111
95,1.0,10100010010110011111,1.0,10101010010110011110
95,1.0,10101010010110011110,1.0,10100010010110011111
95,1.0,10100010010110011111,1.0,11101100110110011100
95,1.0,11101100110110011100,1.0,11101100110110011100
95,1.0,11101100110110011100,1.0,11101100110110011100
95,1.0,11101100110110011100,1.0,11101100110110011100
95,1.0,11101100110110011100,1.0,11001110101100110101
95,1.0,11001110101100110101,1.0,11001010110100111110
95,1.0,11001010110100111110,1.0,11000111100100110100
95,1.0,11000111100100110100,1.0,11010110100100110100
95,1.0,11010110100100110100,1.0,11010110100100110100
95,1.0,11010110100100110100,1.0,10111110100100100111
95,1.0,10111110100100100111,1.0,10111110100011100000
95,1.0,10111110100011100000,1.0,10111110010010101011
95,1.0,10111110010010101011,1.0,10101111010010101011
95,1.0,10101111010010101011,1.0,01101111010010101010
95,1.0,01101111010010101010,1.0,01111001110000101011
95,1.0,01111001110000101011,1.0,01010001110001101010
95,1.0,01010001110001101010,1.0,01010001011001100011
95,1.0,01010001011001100011,1.0,01011001011001100010
95,1.0,01011001011001100010,1.0,01010000011101100110
95,1.0,01010000011101100110,1.0,11010000011001100101
95,1.0,11010000011001100101,1.0,01010010111001100000
95,1.0,01010010111001100000,1.0,01011010110011100100
95,1.0,01011010110011100100,1.0,01001011110011100100
95,1.0,01001011110011100100,1.0,00001011110011110110
95,1.0,00001011110011110110,1.0,00010011110011010000
95,1.0,00010011110011010000,1.0,00010011110011010000
95,1.0,00010011110011010000,1.0,00000011001011010110
95,1.0,00000011001011010110,1.0,00101011001001010011
95,1.0,00101011001001010011,1.0,00101011101110010000
95,1.0,00101011101110010000,1.0,00100011101110010001
95,1.0,00100011101110010001,1.0,00001111111110110001
95,1.0,00001111111110110001,1.0,00011110111110110001
95,1.0,00011110111110110001,1.0,10011010111010110011
95,1.0,10011010111010110011,1.0,11000110101010111011
95,1.0,11000110101010111011,1.0,10001110011110111011
95,1.0,10001110011110111011,1.0,10001110011110111011
95,1.0,10001110011110111011,1.0,00000110001111111011
95,1.0,00000110001111111011,1.0,00101110001111001000
95,1.0,00101110001111001000,1.0,01100100001111101010
95,1.0,01100100001111101010,1.0,01011000001111101000
95,1.0,01011000001111101000,1.0,00010000001111101100
95,1.0,00010000001111101100,1.0,00011100101011101100
95,1.0,00011100101011101100,1.0,00011100101011101100
95,1.0,00011100101011101100,1.0,00011100101011101100
95,1.0,00011100101011101100,1.0,00010000001111101100
95,1.0,00010000001111101100,1.0,01011100001011001100
95,1.0,01011100001011001100,1.0,01010100011010011111
95,1.0,01010100011010011111,1.0,01010100111110010110
95,1.0,01010100111110010110,1.0,11011100111110000100
95,1.0,11011100111110000100,1.0,10011100111110010110
95,1.0,10011100111110010110,1.0,10011100110111010111
95,1.0,10011100110111010111,1.0,11101100100111010111
95,1.0,11101100100111010111,1.0,11101100100111010111
95,1.0,11101100100111010111,1.0,10100100100111011101
95,1.0,10100100100111011101,1.0,10101100100111011100
95,1.0,10101100100111011100,1.0,01100100100111011100
95,1.0,01100100100111011100,1.0,00100010100011111100
95,1.0,00100010100011111100,1.0,00101110100111110101
95,1.0,00101110100111110101,1.0,00100110110101110101
95,1.0,00100110110101110101,1.0,00100010110101111010
95,1.0,00100010110101111010,1.0,00101110101001011001
95,1.0,00101110101001011001,1.0,00101110101101001001
95,1.0,00101110101101001001,1.0,00100110101100101110
95,1.0,00100110101100101110,1.0,01100110101100101011
95,1.0,01100110101100101011,1.0,11000110111100101010
95,1.0,11000110111100101010,1.0,11000110111100101010
95,1.0,11000110111100101010,1.0,11000110101110101011
95,1.0,11000110101110101011,1.0,11010110101100100010
95,1.0,11010110101100100010,1.0,11010111001000000010
95,1.0,11010111001000000010,1.0,10011111111000000000
95,1.0,10011111111000000000,1.0,00010111111000010010
95,1.0,00010111111000010010,1.0,00010111011000110010
95,1.0,00010111011000110010,1.0,00010111011000110010
95,1.0,00010111011000110010,1.0,00010111111000010010
95,1.0,00010111111000010010,1.0,00010111111100000010
95,1.0,00010111111100000010,1.0,00000111011110010101
95,1.0,00000111011110010101,1.0,10000111011100110011
95,1.0,10000111011100110011,1.0,10011011101100000001
95,1.0,10011011101100000001,1.0,10011011110110100001
95,1.0,10011011110110100001,1.0,10011011110110100001
95,1.0,10011011110110100001,1.0,11011010111010100001
95,1.0,11011010111010100001,1.0,01010010001111000011
95,1.0,01010010001111000011,1.0,10011001001111000000
95,1.0,10011001001111000000,1.0,10011001111001000011
95,1.0,10011001111001000011,1.0,10011001011001100011
95,1.0,10011001011001100011,1.0,00010011001001100011
95,1.0,00010011001001100011,1.0,00100111011001000011
95,1.0,00100111011001000011,1.0,10000111011011000011
95,1.0,10000111011011000011,1.0,10001011001111000011
95,1.0,10001011001111000011,1.0,10001011001111000011
95,1.0,10001011001111000011,1.0,10011010001111000011
95,1.0,10011010001111000011,1.0,10011010001111000011
95,1.0,10011010001111000011,1.0,10011010001011000100
95,1.0,10011010001011000100,1.0,10011100001011001101
95,1.0,10011100001011001101,1.0,00010100001011011111
95,1.0,00010100001011011111,1.0,00010010001011010110
95,1.0,00010010001011010110,1.0,10010010001011000101
95,1.0,10010010001011000101,1.0,10010000011101100111
95,1.0,10010000011101100111,1.0,10110100010101100110
95,1.0,10110100010101100110,1.0,10110100010110101100
95,1.0,10110100010110101100,1.0,10100100010111101111
96,3.0,00011000011111011001,3.0,00111000011101001000
96,3.0,00111000011101001000,1.0,00100110011101001000
96,1.0,00100110011101001000,1.0,00001110011111011001
96,1.0,00001110011111011001,1.0,00001110011111010111
96,1.0,00001110011111010111,1.0,00001100011111111101
96,1.0,00001100011111111101,1.0,00001100011111111101
96,1.0,00001100011111111101,1.0,11000000010111111110
96,1.0,11000000010111111110,1.0,11000010000101011111
96,1.0,11000010000101011111,1.0,01000010110101011101
96,1.0,01000010110101011101,1.0,01000010100101111110
96,1.0,01000010100101111110,1.0,11000010110100111111
96,1.0,11000010110100111111,1.0,11001011010000011110
96,1.0,11001011010000011110,1.0,01011011010000110100
96,1.0,01011011010000110100,1.0,01010101010110110100
96,1.0,01010101010110110100,1.0,01000111010110110111
96,1.0,01000111010110110111,1.0,10000101011110110111
96,1.0,10000101011110110111,1.0,10001111001100010111
96,1.0,10001111001100010111,1.0,10001001001101001101
96,1.0,10001001001101001101,1.0,10001001001101001101
96,1.0,10001001001101001101,1.0,00001001001101011110
96,1.0,00001001001101011110,1.0,00010000001111101100
96,1.0,00010000001111101100,1.0,00010000001111101100
96,1.0,00010000001111101100,1.0,00010000001111101100
96,1.0,00010000001111101100,1.0,00000010001111101111
96,1.0,00000010001111101111,1.0,00000001001101011111
96,1.0,00000001001101011111,1.0,10100000001101101100
96,1.0,10100000001101101100,1.0,10100100001111101011
96,1.0,10100100001111101011,1.0,11100100001011101001
96,1.0,11100100001011101001,1.0,11101000011111100001
96,1.0,11101000011111100001,1.0,11100000001110101101
96,1.0,11100000001110101101,1.0,01100101100110101101
96,1.0,01100101100110101101,1.0,01100101000111100110
96,1.0,01100101000111100110,1.0,11100100110111100100
96,1.0,11100100110111100100,1.0,01100000011111100100
96,1.0,01100000011111100100,1.0,01010000011101100110
96,1.0,01010000011101100110,1.0,11000100011101001101
96,1.0,11000100011101001101,1.0,11000100001101101110
96,1.0,11000100001101101110,1.0,11001100001111001101
96,1.0,11001100001111001101,1.0,11010100000111001100
96,1.0,11010100000111001100,1.0,01011110000111100100
96,1.0,01011110000111100100,1.0,01010110000111100101
96,1.0,01010110000111100101,1.0,01010110101110000100
96,1.0,01010110101110000100,1.0,01011011001000000111
96,1.0,01011011001000000111,1.0,01011011001000000111
96,1.0,01011011001000000111,1.0,01101011001010000101
96,1.0,01101011001010000101,1.0,01101011001010000101
96,1.0,01101011001010000101,1.0,01100001101010001100
96,1.0,01100001101010001100,1.0,01100011101000001000
96,1.0,01100011101000001000,1.0,01101011100001001000
96,1.0,01101011100001001000,1.0,01111010100001001000
96,1.0,01111010100001001000,1.0,00111010100101001010
96,1.0,00111010100101001010,1.0,00110010100110111000
96,1.0,00110010100110111000,1.0,00111010000110101110
96,1.0,00111010000110101110,1.0,00110011000100100110
96,1.0,00110011000100100110,1.0,00110011000100101000
96,1.0,00110011000100101000,1.0,00110001000110101100
96,1.0,00110001000110101100,1.0,00110011000100100110
96,1.0,00110011000100100110,1.0,00110111000100110010
96,1.0,00110111000100110010,1.0,10010111000110110010
96,1.0,10010111000110110010,1.0,10010101010110110101
96,1.0,10010101010110110101,1.0,10010101010100101110
96,1.0,10010101010100101110,1.0,11011101010100101010
96,1.0,11011101010100101010,1.0,10010010010101101010
96,1.0,10010010010101101010,1.0,10010010010001111010
96,1.0,10010010010001111010,1.0,10000011010001111010
96,1.0,10000011010001111010,1.0,10001101011001011011
96,1.0,10001101011001011011,1.0,10010100011011101001
96,1.0,10010100011011101001,1.0,01010100011011101000
96,1.0,01010100011011101000,1.0,00101100111111101000
96,1.0,00101100111111101000,1.0,00100100111111101001
96,1.0,00100100111111101001,1.0,01101100111111100011
96,1.0,01101100111111100011,1.0,01101100111111100011
96,1.0,01101100111111100011,1.0,01101100111111100011
96,1.0,01101100111111100011,1.0,01101100111111100011
96,1.0,01101100111111100011,1.0,01101001011011100000
96,1.0,01101001011011100000,1.0,01101101111110100000
96,1.0,01101101111110100000,1.0,11101101101100100011
96,1.0,11101101101100100011,1.0,11101101101100100011
96,1.0,11101101101100100011,1.0,11000101101101100010
96,1.0,11000101101101100010,1.0,11000101101101100010
96,1.0,11000101101101100010,1.0,10010011000101100010
96,1.0,10010011000101100010,1.0,10010011000101100010
96,1.0,10010011000101100010,1.0,11000011000011101001
96,1.0,11000011000011101001,1.0,11000011000011101001
96,1.0,11000011000011101001,1.0,11101110000011101001
96,1.0,11101110000011101001,1.0,11101110000011101001
96,1.0,11101110000011101001,1.0,00100111000011101011
96,1.0,00100111000011101011,1.0,01000011000111101010
96,1.0,01000011000111101010,1.0,11001011010110101010
96,1.0,11001011010110101010,1.0,11000011010110101011
96,1.0,11000011010110101011,1.0,11000111110100101000
96,1.0,11000111110100101000,1.0,11000101100111101001
96,1.0,11000101100111101001,1.0,01010101000101101010
96,1.0,01010101000101101010,1.0,01100101000111101000
96,1.0,01100101000111101000,1.0,00101101100101111010
96,1.0,00101101100101111010,1.0,10101101000101011011
96,1.0,10101101000101011011,1.0,00100101000101011110
96,1.0,00100101000101011110,1.0,00000011010011011100
96,1.0,00000011010011011100,1.0,00000011010011011100
96,1.0,00000011010011011100,1.0,00011111010010001111
96,1.0,00011111010010001111,1.0,10010101010010011110
96,1.0,10010101010010011110,1.0,10101001010010111111
96,1.0,10101001010010111111,1.0,00101011010110001101
96,1.0,00101011010110001101,1.0,00101011010110001101
96,1.0,00101011010110001101,1.0,00101011010110001101
96,1.0,00101011010110001101,1.0,00101001010101101101
96,1.0,00101001010101101101,1.0,00010101010101001100
96,1.0,00010101010101001100,1.0,00111001010101000100
96,1.0,00111001010101000100,1.0,00111001010101000100
96,1.0,00111001010101000100,1.0,00110001011100000100
96,1.0,00110001011100000100,1.0,00110001010101000101
96,1.0,00110001010101000101,1.0,00110001010001010101
96,1.0,00110001010001010101,1.0,00111001000011010101
96,1.0,00111001000011010101,1.0,00111001000011010101
96,1.0,00111001000011010101,1.0,00010101000111110100
96,1.0,00010101000111110100,1.0,00010101000111110100
96,1.0,00010101000111110100,1.0,01011101000111000111
96,1.0,01011101000111000111,1.0,00010011000111000100
96,1.0,00010011000111000100,1.0,00010111100011000101
96,1.0,00010111100011000101,1.0,00011101100111100111
96,1.0,00011101100111100111,1.0,01011101000111000111
96,1.0,01011101000111000111,1.0,00010101001101000110
96,1.0,00010101001101000110,1.0,00110011001100000001
96,1.0,00110011001100000001,1.0,00011011011100010001
96,1.0,00011011011100010001,1.0,00111001010110011001
96,1.0,00111001010110011001,1.0,00111001000110111010
96,1.0,00111001000110111010,1.0,00110001000010111100
96,1.0,00110001000010111100,1.0,01110100100010111101
96,1.0,01110100100010111101,1.0,01101110100010111111
96,1.0,01101110100010111111,1.0,01100010110010111100
96,1.0,01100010110010111100,1.0,01110010010000111011
96,1.0,01110010010000111011,1.0,01100011010000111011
96,1.0,01100011010000111011,1.0,01100011010100101011
96,1.0,01100011010100101011,1.0,00111010010101001001
96,1.0,00111010010101001001,1.0,10111010010000101100
96,1.0,10111010010000101100,1.0,10110010010000101101
96,1.0,10110010010000101101,1.0,10100011010000101101
96,1.0,10100011010000101101,1.0,10100011010000101101
96,1.0,10100011010000101101,1.0,11100011000000001110
96,1.0,11100011000000001110,1.0,11100101000000111110
96,1.0,11100101000000111110,1.0,11101100001100101111
96,1.0,11101100001100101111,1.0,10100110000110111101
96,1.0,10100110000110111101,1.0,11101010000110101101
96,1.0,11101010000110101101,1.0,01100110000110111100
96,1.0,01100110000110111100,1.0,10100110000110111101
96,1.0,10100110000110111101,1.0,10100110000110111101
96,1.0,10100110000110111101,1.0,10010110000100111111
96,1.0,10010110000100111111,1.0,00010110110100111101
96,1.0,00010110110100111101,1.0,00011110100101111001
96,1.0,00011110100101111001,1.0,00011110100101111001
96,1.0,00011110100101111001,1.0,00010110010101111000
96,1.0,00010110010101111000,1.0,00011110110001101100
96,1.0,00011110110001101100,1.0,00011110110001101100
96,1.0,00011110110001101100,1.0,00110110001010101010
96,1.0,00110110001010101010,1.0,00110110001010101010
96,1.0,00110110001010101010,1.0,00110110101010001010
96,1.0,00110110101010001010,1.0,01111100101000001110
96,1.0,01111100101000001110,1.0,11010100101000011100
96,1.0,11010100101000011100,1.0,11010000001000111111
96,1.0,11010000001000111111,1.0,01110100001000101111
96,1.0,01110100001000101111,1.0,10111100001000101111
96,1.0,10111100001000101111,1.0,10111100100110101101
96,1.0,10111100100110101101,1.0,10010100110110111110
96,1.0,10010100110110111110,1.0,10111100100110101101
96,1.0,10111100100110101101,1.0,10111100100010111101
96,1.0,10111100100010111101,1.0,10111100100010111101
96,1.0,10111100100010111101,1.0,10010100100011111100
96,1.0,10010100100011111100,1.0,10001110100011111110
96,1.0,10001110100011111110,1.0,01000110100011111110
97,19.0,11010010100100101100,3.0,11001110101100001110
97,3.0,11001110101100001110,3.0,01001110101100011111
97,3.0,01001110101100011111,3.0,00000111101110011000
97,3.0,00000111101110011000,1.0,01001011101010011001
97,1.0,01001011101010011001,1.0,00001011110011111000
97,1.0,00001011110011111000,1.0,00000011110011111001
97,1.0,00000011110011111001,1.0,00001011110011111000
97,1.0,00001011110011111000,1.0,00000111010101111000
97,1.0,00000111010101111000,1.0,00000111010101111000
97,1.0,00000111010101111000,1.0,00101111010100111001
97,1.0,00101111010100111001,1.0,10100011010100011000
97,1.0,10100011010100011000,1.0,10100011010100011000
97,1.0,10100011010100011000,1.0,11101010010110011011
97,1.0,11101010010110011011,1.0,11100111010110000011
97,1.0,11100111010110000011,1.0,00100111110111000001
97,1.0,00100111110111000001,1.0,00001011111111000001
97,1.0,00001011111111000001,1.0,01000111101110000100
97,1.0,01000111101110000100,1.0,01000110111110001100
97,1.0,01000110111110001100,1.0,10000110111110001101
97,1.0,10000110111110001101,1.0,10001110111110001100
97,1.0,10001110111110001100,1.0,10001110011110111011
97,1.0,10001110011110111011,1.0,10000110011010111101
97,1.0,10000110011010111101,1.0,00101110001010111101
97,1.0,00101110001010111101,1.0,10001010001110111101
97,1.0,10001010001110111101,1.0,10001011001100001101
97,1.0,10001011001100001101,1.0,00001111101100001111
97,1.0,00001111101100001111,1.0,00001011111100011010
97,1.0,00001011111100011010,1.0,00000110111110011110
97,1.0,00000110111110011110,1.0,01001010101110011100
97,1.0,01001010101110011100,1.0,01001010100111011101
97,1.0,01001010100111011101,1.0,01001010100111011101
97,1.0,01001010100111011101,1.0,01001010100111011101
97,1.0,01001010100111011101,1.0,01000110110011011101
97,1.0,01000110110011011101,1.0,00011010110011001111
97,1.0,00011010110011001111,1.0,00001110110111011110
97,1.0,00001110110111011110,1.0,00011110110100111100
97,1.0,00011110110100111100,1.0,01100110110100101111
97,1.0,01100110110100101111,1.0,11000110110110101111
97,1.0,11000110110110101111,1.0,11000011110110001011
97,1.0,11000011110110001011,1.0,11000101110100011111
97,1.0,11000101110100011111,1.0,11011100110100011110
97,1.0,11011100110100011110,1.0,11111100110000111001
97,1.0,11111100110000111001,1.0,11111100110000111001
97,1.0,11111100110000111001,1.0,11111100110000111001
97,1.0,11111100110000111001,1.0,11111100110100101001
97,1.0,11111100110100101001,1.0,11111100110100100111
97,1.0,11111100110100100111,1.0,10110100110100101101
97,1.0,10110100110100101101,1.0,01110100110100101100
97,1.0,01110100110100101100,1.0,01110100100110101101
97,1.0,01110100100110101101,1.0,01111100100001001111
97,1.0,01111100100001001111,1.0,01110010100001000111
97,1.0,01110010100001000111,1.0,01111010010001000101
97,1.0,01111010010001000101,1.0,11111010110000001001
97,1.0,11111010110000001001,1.0,01110010010100101011
97,1.0,01110010010100101011,1.0,01110010110100110010
97,1.0,01110010110100110010,1.0,11110010110000110001
97,1.0,11110010110000110001,1.0,11111010110000110000
97,1.0,11111010110000110000,1.0,11111010110000110000
97,1.0,11111010110000110000,1.0,00111010111000110011
97,1.0,00111010111000110011,1.0,00101011111000110011
97,1.0,00101011111000110011,1.0,10101011011010100001
97,1.0,10101011011010100001,1.0,10101111010010101011
97,1.0,10101111010010101011,1.0,00101111010011001001
97,1.0,00101111010011001001,1.0,00100010111011001001
97,1.0,00100010111011001001,1.0,00001011101011001011
97,1.0,00001011101011001011,1.0,01001111101010101001
97,1.0,01001111101010101001,1.0,01010111100010101000
97,1.0,01010111100010101000,1.0,01010011100000111000
97,1.0,01010011100000111000,1.0,01011011001000001001
97,1.0,01011011001000001001,1.0,01011011001000000111
97,1.0,01011011001000000111,1.0,01011011001000000111
97,1.0,01011011001000000111,1.0,01010110001001000111
97,1.0,01010110001001000111,1.0,01000110111101000110
97,1.0,01000110111101000110,1.0,01000110111111100010
97,1.0,01000110111111100010,1.0,01101100111111100011
97,1.0,01101100111111100011,1.0,01101100111111100011
97,1.0,01101100111111100011,1.0,01100000111011101010
97,1.0,01100000111011101010,1.0,01101001011100101001
97,1.0,01101001011100101001,1.0,00100011011100001001
97,1.0,00100011011100001001,1.0,00101011011000011000
97,1.0,00101011011000011000,1.0,01000011111000011001
97,1.0,01000011111000011001,1.0,00101001011110011011
97,1.0,00101001011110011011,1.0,11000101001110011010
97,1.0,11000101001110011010,1.0,10001101011110111000
97,1.0,10001101011110111000,1.0,01000101011110111000
97,1.0,01000101011110111000,1.0,01000101011110111000
97,1.0,01000101011110111000,1.0,11001101011110110011
97,1.0,11001101011110110011,1.0,11001101111110010011
97,1.0,11001101111110010011,1.0,11100100111110110010
97,1.0,11100100111110110010,1.0,10100110011110110001
97,1.0,10100110011110110001,1.0,10101110010111110001
97,1.0,10101110010111110001,1.0,10101110010111110001
97,1.0,10101110010111110001,1.0,10100100011111110001
97,1.0,10100100011111110001,1.0,11100100110111110011
97,1.0,11100100110111110011,1.0,11100100110111110011
97,1.0,11100100110111110011,1.0,11100100110111110011
97,1.0,11100100110111110011,1.0,11100100111110110010
97,1.0,11100100111110110010,1.0,11100100111110110010
97,1.0,11100100111110110010,1.0,01101100111011110011
97,1.0,01101100111011110011,1.0,01101100111011110011
97,1.0,01101100111011110011,1.0,00100000111101110111
97,1.0,00100000111101110111,1.0,00101000101111110111
97,1.0,00101000101111110111,1.0,10101000000111111111
97,1.0,10101000000111111111,1.0,01101000100101111111
97,1.0,01101000100101111111,1.0,01100000000111111111
97,1.0,01100000000111111111,1.0,01101000000111111110
97,1.0,01101000000111111110,1.0,01110100000111100110
97,1.0,01110100000111100110,1.0,01111001000101100010
97,1.0,01111001000101100010,1.0,01110101010001100010
97,1.0,01110101010001100010,1.0,01110101001010100010
97,1.0,01110101001010100010,1.0,01010101001110110000
97,1.0,01010101001110110000,1.0,01010101001110110000
97,1.0,01010101001110110000,1.0,00110001011110100000
97,1.0,00110001011110100000,1.0,01111001011100000000
97,1.0,01111001011100000000,1.0,01011001111100010010
97,1.0,01011001111100010010,1.0,01011000111100111011
97,1.0,01011000111100111011,1.0,00011100111101101010
97,1.0,00011100111101101010,1.0,10011100011101001011
97,1.0,10011100011101001011,1.0,10100100011101101010
97,1.0,10100100011101101010,1.0,10100010011001001010
97,1.0,10100010011001001010,1.0,10001110011001001111
97,1.0,10001110011001001111,1.0,00010100011101001110
97,1.0,00010100011101001110,1.0,00010010001111000110
97,1.0,00010010001111000110,1.0,00110010001001000101
97,1.0,00110010001001000101,1.0,00110010001001000101
97,1.0,00110010001001000101,1.0,01010110001001000111
97,1.0,01010110001001000111,1.0,00110010001001000101
97,1.0,00110010001001000101,1.0,00111010101001100001
97,1.0,00111010101001100001,1.0,00101110101111100011
97,1.0,00101110101111100011,1.0,00101010101111010011
97,1.0,00101010101111010011,1.0,00101001101111010000
97,1.0,00101001101111010000,1.0,10100001001101010010
97,1.0,10100001001101010010,1.0,10100001001110011000
97,1.0,10100001001110011000,1.0,10100111001010010010
97,1.0,10100111001010010010,1.0,10100111101000010011
97,1.0,10100111101000010011,1.0,10110010101000110000
97,1.0,10110010101000110000,1.0,10110010110000110100
97,1.0,10110010110000110100,1.0,10110000011000111011
97,1.0,10110000011000111011,1.0,10111000010001111011
97,1.0,10111000010001111011,1.0,10101100110001111111
97,1.0,10101100110001111111,1.0,10001110100011111110
97,1.0,10001110100011111110,1.0,10001111000001101110
97,1.0,10001111000001101110,1.0,10100110010001101100
97,1.0,10100110010001101100,1.0,01101010110001001110
97,1.0,01101010110001001110,1.0,01100010110001001111
97,1.0,01100010110001001111,1.0,01101010110001001110
97,1.0,01101010110001001110,1.0,01100000111011101010
97,1.0,01100000111011101010,1.0,01101000111001110100
97,1.0,01101000111001110100,1.0,01101000101011110101
97,1.0,01101000101011110101,1.0,01101000101011110101
97,1.0,01101000101011110101,1.0,11101000001001110110
97,1.0,11101000001001110110,1.0,11101100011011000101
97,1.0,11101100011011000101,1.0,11001101011001000111
97,1.0,11001101011001000111,1.0,10011101001001000100
97,1.0,10011101001001000100,1.0,01010101001001000100
97,1.0,01010101001001000100,1.0,01010101001001000100
97,1.0,01010101001001000100,1.0,01011110001001000110
97,1.0,01011110001001000110,1.0,01011110001001000110
97,1.0,01011110001001000110,1.0,01011110001001000110
97,1.0,01011110001001000110,1.0,01010010001100001101
97,1.0,01010010001100001101,1.0,01010010001100001101
97,1.0,01010010001100001101,1.0,01010010011110001000
97,1.0,01010010011110001000,1.0,01010010010111001001
97,1.0,01010010010111001001,1.0,01010011000111000001
97,1.0,01010011000111000001,1.0,10011011000111000001
97,1.0,10011011000111000001,1.0,10110111000110000000
97,1.0,10110111000110000000,1.0,10100111001110000010
97,1.0,10100111001110000010,1.0,10100111001110000010
97,1.0,10100111001110000010,1.0,10100111001010010010
97,1.0,10100111001010010010,1.0,10101011110011000010
97,1.0,10101011110011000010,1.0,10101111110010110010
97,1.0,10101111110010110010,1.0,01100111110010110010
97,1.0,01100111110010110010,1.0,01100111110010001011
97,1.0,01100111110010001011,1.0,01111111010010000001
97,1.0,01111111010010000001,1.0,01110111000010100011
97,1.0,01110111000010100011,1.0,01100011100110100100
97,1.0,01100011100110100100,1.0,10100011110100100100
97,1.0,10100011110100100100,1.0,10100011110100100100
97,1.0,10100011110100100100,1.0,10100011110000110100
97,1.0,10100011110000110100,1.0,11100011110000110001
97,1.0,11100011110000110001,1.0,11000011110110110010
97,1.0,11000011110110110010,1.0,10000011011110110000
97,1.0,10000011011110110000,1.0,11001101011110110011
97,1.0,11001101011110110011,1.0,11001111001010110001
97,1.0,11001111001010110001,1.0,10001111001110110011
97,1.0,10001111001110110011,1.0,11001111001110100001
97,1.0,11001111001110100001,1.0,10101011100110110011
97,1.0,10101011100110110011,1.0,10101011100110110011
97,1.0,10101011100110110011,1.0,10100011100110100101
97,1.0,10100011100110100101,1.0,10100011000111100000
97,1.0,10100011000111100000,1.0,00101011000111110001
97,1.0,00101011000111110001,1.0,00100011100101110010
97,1.0,00100011100101110010,1.0,00100011010101110001
97,1.0,00100011010101110001,1.0,00101011001101000011
97,1.0,00101011001101000011,1.0,00100011000101101011
97,1.0,00100011000101101011,1.0,00110011000100101000
97,1.0,00110011000100101000,1.0,00110011000100100110
97,1.0,00110011000100100110,1.0,00110001000110101100
97,1.0,00110001000110101100,1.0,00111000001110101101
97,1.0,00111000001110101101,1.0,00110000011100101101
97,1.0,00110000011100101101,1.0,00101101111000101101
97,1.0,00101101111000101101,1.0,10001001111000111101
97,1.0,10001001111000111101,1.0,00000011111000011100
97,1.0,00000011111000011100,1.0,00000011111000011100
97,1.0,00000011111000011100,1.0,00000011101010011101
97,1.0,00000011101010011101,1.0,00100111100010011100
97,1.0,00100111100010011100,1.0,00101101110110011101
97,1.0,00101101110110011101,1.0,01101111110100000101
98,15.0,10010110000101110100,15.0,10010110000101110100
98,15.0,10010110000101110100,1.0,10011010001100110100
98,1.0,10011010001100110100,1.0,10011110001100010111
98,1.0,10011110001100010111,1.0,10011110001001110000
98,1.0,10011110001001110000,1.0,10011110001001110000
98,1.0,10011110001001110000,1.0,10011100011101110010
98,1.0,10011100011101110010,1.0,10010100011101110011
98,1.0,10010100011101110011,1.0,10011000011101101000
98,1.0,10011000011101101000,1.0,11010100110101101000
98,1.0,11010100110101101000,1.0,11011000100101111000
98,1.0,11011000100101111000,1.0,11010000100101111001
98,1.0,11010000100101111001,1.0,11011100100101011011
98,1.0,11011100100101011011,1.0,11011100000111011010
98,1.0,11011100000111011010,1.0,11010100010101011010
98,1.0,11010100010101011010,1.0,11010100010101011010
98,1.0,11010100010101011010,1.0,11111000010101010010
98,1.0,11111000010101010010,1.0,11110010000001010001
98,1.0,11110010000001010001,1.0,11111000001011000010
98,1.0,11111000001011000010,1.0,10110000001011001000
98,1.0,10110000001011001000,1.0,10011100011011101000
98,1.0,10011100011011101000,1.0,10111000011011100001
98,1.0,10111000011011100001,1.0,11110100010011010011
98,1.0,11110100010011010011,1.0,11110000010011110000
98,1.0,11110000010011110000,1.0,11110000010011110000
98,1.0,11110000010011110000,1.0,11100001010011110000
98,1.0,11100001010011110000,1.0,01101011010011100001
98,1.0,01101011010011100001,1.0,00101111010011001001
98,1.0,00101111010011001001,1.0,01001101010111001111
98,1.0,01001101010111001111,1.0,01001001010101011111
98,1.0,01001001010101011111,1.0,00001001001101011110
98,1.0,00001001001101011110,1.0,00000001001101011111
98,1.0,00000001001101011111,1.0,01001001011100011110
98,1.0,01001001011100011110,1.0,00100101011100110111
98,1.0,00100101011100110111,1.0,01110001010100100110
98,1.0,01110001010100100110,1.0,00010011110110100100
98,1.0,00010011110110100100,1.0,01010011110110100001
98,1.0,01010011110110100001,1.0,10011011110110100001
98,1.0,10011011110110100001,1.0,00011011010110101011
98,1.0,00011011010110101011,1.0,00111110010100111001
98,1.0,00111110010100111001,1.0,00111100011100111000
98,1.0,00111100011100111000,1.0,00111100001110111001
98,1.0,00111100001110111001,1.0,10110100001110101000
98,1.0,10110100001110101000,1.0,10110100001110101000
98,1.0,10110100001110101000,1.0,11010100001010101111
98,1.0,11010100001010101111,1.0,11010100001010101111
98,1.0,11010100001010101111,1.0,11011100000011101111
98,1.0,11011100000011101111,1.0,11001101000011101111
98,1.0,11001101000011101111,1.0,01000111000111100101
98,1.0,01000111000111100101,1.0,01000110100111101110
98,1.0,01000110100111101110,1.0,01000100101111101101
98,1.0,01000100101111101101,1.0,01001100101111101100
98,1.0,01001100101111101100,1.0,00101100011011101111
98,1.0,00101100011011101111,1.0,00100010110011101110
98,1.0,00100010110011101110,1.0,00100110010111001101
98,1.0,00100110010111001101,1.0,00100110010111001101
98,1.0,00100110010111001101,1.0,00010110010101001111
98,1.0,00010110010101001111,1.0,00010110110001101101
98,1.0,00010110110001101101,1.0,10000111000001101111
98,1.0,10000111000001101111,1.0,10000111000001101111
98,1.0,10000111000001101111,1.0,00001111100011101101
98,1.0,00001111100011101101,1.0,11001101100011001111
98,1.0,11001101100011001111,1.0,11001101110111000101
98,1.0,11001101110111000101,1.0,11001101110111000101
98,1.0,11001101110111000101,1.0,01101101110101000101
98,1.0,01101101110101000101,1.0,01100001110011100110
98,1.0,01100001110011100110,1.0,01100001110011100110
98,1.0,01100001110011100110,1.0,01100001110011100110
98,1.0,01100001110011100110,1.0,01101101110001010101
98,1.0,01101101110001010101,1.0,01101101010001110101
98,1.0,01101101010001110101,1.0,11101101110000110111
98,1.0,11101101110000110111,1.0,11111100110100100111
98,1.0,11111100110100100111,1.0,11111110100000100101
98,1.0,11111110100000100101,1.0,10111110100100100111
98,1.0,10111110100100100111,1.0,10111110100100100111
98,1.0,10111110100100100111,1.0,10011110100111000101
98,1.0,10011110100111000101,1.0,10001110101111000111
98,1.0,10001110101111000111,1.0,10000010101111100101
98,1.0,10000010101111100101,1.0,11001010101101000101
98,1.0,11001010101101000101,1.0,11001110101011000101
98,1.0,11001110101011000101,1.0,01010010001011000100
98,1.0,01010010001011000100,1.0,01011100001011001100
98,1.0,01011100001011001100,1.0,00011100001111001110
98,1.0,00011100001111001110,1.0,00010110001110001111
98,1.0,00010110001110001111,1.0,00010010001111000110
98,1.0,00010010001111000110,1.0,11001010001111000100
98,1.0,11001010001111000100,1.0,10001011001011000100
98,1.0,10001011001011000100,1.0,10000011001011000101
98,1.0,10000011001011000101,1.0,01000011001011000100
98,1.0,01000011001011000100,1.0,00100010011011100111
98,1.0,00100010011011100111,1.0,00110010001011100001
98,1.0,00110010001011100001,1.0,00111010011110100010
98,1.0,00111010011110100010,1.0,00010010111110100110
98,1.0,00010010111110100110,1.0,01010010011110000110
98,1.0,01010010011110000110,1.0,01011011110100000100
98,1.0,01011011110100000100,1.0,11011110110110000101
98,1.0,11011110110110000101,1.0,11011110110110000101
98,1.0,11011110110110000101,1.0,01011100110111010110
98,1.0,01011100110111010110,1.0,01011100110111010110
98,1.0,01011100110111010110,1.0,01011000110101101101
98,1.0,01011000110101101101,1.0,01011000110101101101
98,1.0,01011000110101101101,1.0,01010101010101000111
98,1.0,01010101010101000111,1.0,01011110000101010111
98,1.0,01011110000101010111,1.0,01110010000101010010
98,1.0,01110010000101010010,1.0,01010011010101000000
98,1.0,01010011010101000000,1.0,01111001010101000001
98,1.0,01111001010101000001,1.0,01111010010110110001
98,1.0,01111010010110110001,1.0,01110010100110110011
98,1.0,01110010100110110011,1.0,00110010100110110110
98,1.0,00110010100110110110,1.0,00111010100000111111
98,1.0,00111010100000111111,1.0,00101011000010111110
98,1.0,00101011000010111110,1.0,00100011000010111111
98,1.0,00100011000010111111,1.0,00100011001000111010
98,1.0,00100011001000111010,1.0,00101011001110110000
98,1.0,00101011001110110000,1.0,00100011001000111010
98,1.0,00100011001000111010,1.0,10101001001010111011
98,1.0,10101001001010111011,1.0,11100100011010111011
98,1.0,11100100011010111011,1.0,11100000011000111100
98,1.0,11100000011000111100,1.0,11101000001100011111
98,1.0,11101000001100011111,1.0,11101000001100011111
98,1.0,11101000001100011111,1.0,11101000001100011111
98,1.0,11101000001100011111,1.0,01101000101100111110
98,1.0,01101000101100111110,1.0,01100101101100100110
98,1.0,01100101101100100110,1.0,01101111100100100110
98,1.0,01101111100100100110,1.0,01101101100101100110
98,1.0,01101101100101100110,1.0,01101101110101000101
98,1.0,01101101110101000101,1.0,01101101110101000101
98,1.0,01101101110101000101,1.0,01101101010111000100
98,1.0,01101101010111000100,1.0,01101100011111000110
98,1.0,01101100011111000110,1.0,01100100111111010000
98,1.0,01100100111111010000,1.0,00110100111011010000
98,1.0,00110100111011010000,1.0,01110000111011000001
98,1.0,01110000111011000001,1.0,11010100011111000000
98,1.0,11010100011111000000,1.0,10011100001111110011
98,1.0,10011100001111110011,1.0,10010000001101110101
98,1.0,10010000001101110101,1.0,10001001001101110100
98,1.0,10001001001101110100,1.0,11001001001101110001
98,1.0,11001001001101110001,1.0,11011000001101110001
98,1.0,11011000001101110001,1.0,11011010001100110001
98,1.0,11011010001100110001,1.0,10110010001100010010
98,1.0,10110010001100010010,1.0,10100011001100010010
98,1.0,10100011001100010010,1.0,00100111110100011010
98,1.0,00100111110100011010,1.0,00100011011100001001
98,1.0,00100011011100001001,1.0,00010111011000001011
98,1.0,00010111011000001011,1.0,00010111011000001011
98,1.0,00010111011000001011,1.0,10010101011100001001
98,1.0,10010101011100001001,1.0,10010100111110011001
98,1.0,10010100111110011001,1.0,11011100101100011010
98,1.0,11011100101100011010,1.0,10011100111110011000
98,1.0,10011100111110011000,1.0,10011100101111010011
98,1.0,10011100101111010011,1.0,11010100101010110110
98,1.0,11010100101010110110,1.0,11010100111010010101
98,1.0,11010100111010010101,1.0,11010100111010010101
98,1.0,11010100111010010101,1.0,11011100111010010100
98,1.0,11011100111010010100,1.0,01111100111000010100
98,1.0,01111100111000010100,1.0,11111100001000010110
98,1.0,11111100001000010110,1.0,11011100011001000111
98,1.0,11011100011001000111,1.0,11010100111001010001
98,1.0,11010100111001010001,1.0,11011100101001001010
98,1.0,11011100101001001010,1.0,11010100111000001110
98,1.0,11010100111000001110,1.0,11010100011000101110
98,1.0,11010100011000101110,1.0,10000111001000101110
98,1.0,10000111001000101110,1.0,10000101001001101110
98,1.0,10000101001001101110,1.0,10000101001001101110
98,1.0,10000101001001101110,1.0,11011101000001100110
98,1.0,11011101000001100110,1.0,01011101010101000110
98,1.0,01011101010101000110,1.0,01010101010101000111
98,1.0,01010101010101000111,1.0,01110100010111000101
98,1.0,01110100010111000101,1.0,01010110010101100100
98,1.0,01010110010101100100,1.0,01010010110011100101
98,1.0,01010010110011100101,1.0,00010111110011100000
98,1.0,00010111110011100000,1.0,00110111010001000001
98,1.0,00110111010001000001,1.0,00010011010001101001
98,1.0,00010011010001101001,1.0,10010001010001001110
98,1.0,10010001010001001110,1.0,10010111010000011010
98,1.0,10010111010000011010,1.0,00010111010010111001
98,1.0,00010111010010111001,1.0,00011111010010111000
98,1.0,00011111010010111000,1.0,10110110010010011000
98,1.0,10110110010010011000,1.0,10100111010010011000
98,1.0,10100111010010011000,1.0,10100111010010010110
98,1.0,10100111010010010110,1.0,10001011010011010111
98,1.0,10001011010011010111,1.0,10001011000001011110
98,1.0,10001011000001011110,1.0,10101101000001011100
98,1.0,10101101000001011100,1.0,10100101000001011101
98,1.0,10100101000001011101,1.0,10100101000101001101
98,1.0,10100101000101001101,1.0,10100011000101000100
98,1.0,10100011000101000100,1.0,10100011000101000100
98,1.0,10100011000101000100,1.0,10100011000101000100
98,1.0,10100011000101000100,1.0,10100011000101000100
98,1.0,10100011000101000100,1.0,00100011001001000101
98,1.0,00100011001001000101,1.0,10101110001011000101
98,1.0,10101110001011000101,1.0,00101110001111000110
98,1.0,00101110001111000110,1.0,00101110010111001100
98,1.0,00101110010111001100,1.0,01100010010011001110
98,1.0,01100010010011001110,1.0,11100010010011100100
99,3.0,00010010110101001101,1.0,00011110010101001110
99,1.0,00011110010101001110,1.0,01001110011001001110
99,1.0,01001110011001001110,1.0,01010110011000001100
99,1.0,01010110011000001100,1.0,11011110011000001001
99,1.0,11011110011000001001,1.0,01011110001001001000
99,1.0,01011110001001001000,1.0,01010110001001001001
99,1.0,01010110001001001001,1.0,01001111001001001000
99,1.0,01001111001001001000,1.0,01000111101101000000
99,1.0,01000111101101000000,1.0,01100010101001001011
99,1.0,01100010101001001011,1.0,01100010101001001011
99,1.0,01100010101001001011,1.0,11100100111001001000
99,1.0,11100100111001001000,1.0,11100100111001001000
99,1.0,11100100111001001000,1.0,01101000111001001101
99,1.0,01101000111001001101,1.0,11100100111001001000
99,1.0,11100100111001001000,1.0,11111000110001001001
99,1.0,11111000110001001001,1.0,11100100110101011001
99,1.0,11100100110101011001,1.0,10100100110101011100
99,1.0,10100100110101011100,1.0,11101100110101011000
99,1.0,11101100110101011000,1.0,11101100110101011000
99,1.0,11101100110101011000,1.0,11100100110101011001
99,1.0,11100100110101011001,1.0,11100000110101001101
99,1.0,11100000110101001101,1.0,11101000110101001100
99,1.0,11101000110101001100,1.0,11101100110111001011
99,1.0,11101100110111001011,1.0,01101001100111001011
99,1.0,01101001100111001011,1.0,00100001100111001111
99,1.0,00100001100111001111,1.0,01101001100111001011
99,1.0,01101001100111001011,1.0,01100100100111011100
99,1.0,01100100100111011100,1.0,01101100101010111110
99,1.0,01101100101010111110,1.0,01101110100010111111
99,1.0,01101110100010111111,1.0,01000110100011111110
99,1.0,01000110100011111110,1.0,01101100100011111111
99,1.0,01101100100011111111,1.0,01101100100011111111
99,1.0,01101100100011111111,1.0,01101100100011111111
99,1.0,01101100100011111111,1.0,01101100100011111111
99,1.0,01101100100011111111,1.0,01101110100010111111
99,1.0,01101110100010111111,1.0,01101110100010111111
99,1.0,01101110100010111111,1.0,01101110100010111111
99,1.0,01101110100010111111,1.0,01101110100010111111
99,1.0,01101110100010111111,1.0,01101110100010111111
99,1.0,01101110100010111111,1.0,01100011000010101101
99,1.0,01100011000010101101,1.0,00110111000010101000
99,1.0,00110111000010101000,1.0,00110011000010011000
99,1.0,00110011000010011000,1.0,10011111000010011010
99,1.0,10011111000010011010,1.0,11011111000010001000
99,1.0,11011111000010001000,1.0,01010111000110001010
99,1.0,01010111000110001010,1.0,01010011001110000000
99,1.0,01010011001110000000,1.0,01011010001100001100
99,1.0,01011010001100001100,1.0,01011000001101001100
99,1.0,01011000001101001100,1.0,01000000111111001111
99,1.0,01000000111111001111,1.0,01000110111001010110
99,1.0,01000110111001010110,1.0,01000011011001010010
99,1.0,01000011011001010010,1.0,01010010011001010010
99,1.0,01010010011001010010,1.0,01100010011011010000
99,1.0,01100010011011010000,1.0,01101010011011100011
99,1.0,01101010011011100011,1.0,01101011010011100001
99,1.0,01101011010011100001,1.0,01100010011011010000
99,1.0,01100010011011010000,1.0,01000010011011011011
99,1.0,01000010011011011011,1.0,01010010010011011001
99,1.0,01010010010011011001,1.0,00010010010011011100
99,1.0,00010010010011011100,1.0,00010010010011011100
99,1.0,00010010010011011100,1.0,01010010000001011110
99,1.0,01010010000001011110,1.0,01000011000001011110
99,1.0,01000011000001011110,1.0,11001011000001011011
99,1.0,11001011000001011011,1.0,11011011000000011000
99,1.0,11011011000000011000,1.0,00011011001000011011
99,1.0,00011011001000011011,1.0,00011011001100001011
99,1.0,00011011001100001011,1.0,00010110001110001111
99,1.0,00010110001110001111,1.0,10010110001110100101
99,1.0,10010110001110100101,1.0,10011110101110000100
99,1.0,10011110101110000100,1.0,10011111110010000101
99,1.0,10011111110010000101,1.0,00011111100011000100
99,1.0,00011111100011000100,1.0,00110001100101000110
99,1.0,00110001100101000110,1.0,10111001100110000111
99,1.0,10111001100110000111,1.0,00101001100111001110
99,1.0,00101001100111001110,1.0,10000101100111101100
99,1.0,10000101100111101100,1.0,10000001110111001110
99,1.0,10000001110111001110,1.0,10000001110111001110
99,1.0,10000001110111001110,1.0,10101100110111001110
99,1.0,10101100110111001110,1.0,10100100010111101111
99,1.0,10100100010111101111,1.0,10100100010111101111
99,1.0,10100100010111101111,1.0,10110100010110101100
99,1.0,10110100010110101100,1.0,11111100000110001101
99,1.0,11111100000110001101,1.0,11101110010010101100
99,1.0,11101110010010101100,1.0,01100110000011101100
99,1.0,01100110000011101100,1.0,01100110000011101100
99,1.0,01100110000011101100,1.0,01100110100001101101
99,1.0,01100110100001101101,1.0,01101110000111101010
99,1.0,01101110000111101010,1.0,00100110000111101110
99,1.0,00100110000111101110,1.0,01101110000101001110
99,1.0,01101110000101001110,1.0,01110100000101001100
99,1.0,01110100000101001100,1.0,11011000100101001111
99,1.0,11011000100101001111,1.0,11100000100011011110
99,1.0,11100000100011011110,1.0,11110000100001101011
99,1.0,11110000100001101011,1.0,11010000100101111001
99,1.0,11010000100101111001,1.0,11010000110111110010
99,1.0,11010000110111110010,1.0,11101100110111110010
99,1.0,11101100110111110010,1.0,11101100110111110010
99,1.0,11101100110111110010,1.0,00101110110101110100
99,1.0,00101110110101110100,1.0,00100010110101111010
99,1.0,00100010110101111010,1.0,01100010110110111011
99,1.0,01100010110110111011,1.0,00100010111110011001
99,1.0,00100010111110011001,1.0,00110110111010010000
99,1.0,00110110111010010000,1.0,00110110011010110000
99,1.0,00110110011010110000,1.0,00110110111010010000
99,1.0,00110110111010010000,1.0,00111010111000110011
99,1.0,00111010111000110011,1.0,00110010111100010000
99,1.0,00110010111100010000,1.0,00110010110101010001
99,1.0,00110010110101010001,1.0,11100010110101010000
99,1.0,11100010110101010000,1.0,11101010010001011000
99,1.0,11101010010001011000,1.0,11101100010001011111
99,1.0,11101100010001011111,1.0,11100000010001111101
99,1.0,11100000010001111101,1.0,11101100010011111011
99,1.0,11101100010011111011,1.0,10100101010011011000
99,1.0,10100101010011011000,1.0,00111101000001011010
99,1.0,00111101000001011010,1.0,00111101000001011010
99,1.0,00111101000001011010,1.0,10111001000000011101
99,1.0,10111001000000011101,1.0,10111111000000001001
99,1.0,10111111000000001001,1.0,00111111000100001010
99,1.0,00111111000100001010,1.0,00110011000100101000
99,1.0,00110011000100101000,1.0,00100011001100101010
99,1.0,00100011001100101010,1.0,00100011000110101111
99,1.0,00100011000110101111,1.0,00001011101100101100
99,1.0,00001011101100101100,1.0,00001011101100101100
99,1.0,00001011101100101100,1.0,00000001001111101100
99,1.0,00000001001111101100,1.0,00000101101011101101
99,1.0,00000101101011101101,1.0,00001101110011111111
99,1.0,00001101110011111111,1.0,00101110100001111110
99,1.0,00101110100001111110,1.0,00101110101001011001
99,1.0,00101110101001011001,1.0,00101110101001011001
99,1.0,00101110101001011001,1.0,00011010101001011000
99,1.0,00011010101001011000,1.0,00000110111101011010
99,1.0,00000110111101011010,1.0,00000110111101011010
99,1.0,00000110111101011010,1.0,00101010101111010011
99,1.0,00101010101111010011,1.0,01101010111110010011
99,1.0,01101010111110010011,1.0,01110000111110010001
99,1.0,01110000111110010001,1.0,01111110101100000001
99,1.0,01111110101100000001,1.0,00111010101001100001
99,1.0,00111010101001100001,1.0,10110000101001000111
99,1.0,10110000101001000111,1.0,10111010100001000111
99,1.0,10111010100001000111,1.0,10111010110011000010
99,1.0,10111010110011000010,1.0,10011111110001000001
99,1.0,10011111110001000001,1.0,00011111100111000011
99,1.0,00011111100111000011,1.0,10011111101010000001
99,1.0,10011111101010000001,1.0,10001011101011100001
99,1.0,10001011101011100001,1.0,00000011101011110011
99,1.0,00000011101011110011,1.0,01001011101001010011
99,1.0,01001011101001010011,1.0,01001111001001001000
99,1.0,01001111001001001000,1.0,01001111001001001000
99,1.0,01001111001001001000,1.0,01001110001011001111
99,1.0,01001110001011001111,1.0,01001110011001001110
99,1.0,01001110011001001110,1.0,01001111010001001100
99,1.0,01001111010001001100,1.0,01000111010001001101
99,1.0,01000111010001001101,1.0,01000111010001110100
99,1.0,01000111010001110100,1.0,01101101010001110101
99,1.0,01101101010001110101,1.0,01111001100000110111
99,1.0,01111001100000110111,1.0,01110100101000110110
99,1.0,01110100101000110110,1.0,10110100101000110111
99,1.0,10110100101000110111,1.0,10110101101000010000
99,1.0,10110101101000010000,1.0,10011001101001010001
99,1.0,10011001101001010001,1.0,10011001101001010001
99,1.0,10011001101001010001,1.0,10010010110111010001
99,1.0,10010010110111010001,1.0,10000011110111010001
99,1.0,10000011110111010001,1.0,10000011110111010001
99,1.0,10000011110111010001,1.0,11001011100101010010
99,1.0,11001011100101010010,1.0,11000011100011110000
99,1.0,11000011100011110000,1.0,11010010100011110000
99,1.0,11010010100011110000,1.0,11011100100011111000
99,1.0,11011100100011111000,1.0,11000100110011111111
99,1.0,11000100110011111111,1.0,11100000010001111101
99,1.0,11100000010001111101,1.0,11100100011010111011
99,1.0,11100100011010111011,1.0,10100100011010111110
99,1.0,10100100011010111110,1.0,10100100011010111110
99,1.0,10100100011010111110,1.0,10100100111000111111
99,1.0,10100100111000111111,1.0,10100100011010111110
99,1.0,10100100011010111110,1.0,10101001010010111111
99,1.0,10101001010010111111,1.0,10100101010110101100
99,1.0,10100101010110101100,1.0,10101100010111101110
99,1.0,10101100010111101110,1.0,10100000001101101100
99,1.0,10100000001101101100,1.0,10100000001101101100
99,1.0,10100000001101101100,1.0,10100000001101101100
99,1.0,10100000001101101100,1.0,11101100001100101111
99,1.0,11101100001100101111,1.0,11101000001100011111
99,1.0,11101000001100011111,1.0,11101001000100011101
99,1.0,11101001000100011101,1.0,11010101000100111001
99,1.0,11010101000100111001,1.0,11011001010100011010
99,1.0,11011001010100011010,1.0,01010000011101101000
99,1.0,01010000011101101000,1.0,01101000111101110011
99,1.0,01101000111101110011,1.0,11100100111110110010
99,1.0,11100100111110110010,1.0,11100100111110110010
99,1.0,11100100111110110010,1.0,11110100101100010000
99,1.0,11110100101100010000,1.0,11110000001110010011
99,1.0,11110000001110010011,1.0,11110100001000011001
99,1.0,11110100001000011001,1.0,11100000001001111001
99,1.0,11100000001001111001,1.0,10100000001101111011
99,1.0,10100000001101111011,1.0,10001010001101111001
99,1.0,10001010001101111001,1.0,10001010101101011001
99,1.0,10001010101101011001,1.0,10001110011001111000
99,1.0,10001110011001111000,1.0,10011100011011101000
99,1.0,10011100011011101000,1.0,10010100011011101001
99,1.0,10010100011011101001,1.0,11011100011011100011
99,1.0,11011100011011100011,1.0,10010100011011100111
99,1.0,10010100011011100111,1.0,10011100111001100111
99,1.0,10011100111001100111,1.0,10010100101001001110
99,1.0,10010100101001001110,1.0,00010000111011001111
100,11.0,00101111010000011111,11.0,00101111010000011111
100,11.0,00101111010000011111,11.0,00101111001000011011
100,11.0,00101111001000011011,3.0,00100110011001011000
100,3.0,00100110011001011000,1.0,01101100011011011000
100,1.0,01101100011011011000,1.0,00101100011111011010
100,1.0,00101100011111011010,1.0,00101001011001011000
100,1.0,00101001011001011000,1.0,01101100111001011001
100,1.0,01101100111001011001,1.0,11101100110101011000
100,1.0,11101100110101011000,1.0,11101100110111001011
100,1.0,11101100110111001011,1.0,11101100110111001011
100,1.0,11101100110111001011,1.0,11101100111110001010
100,1.0,11101100111110001010,1.0,10101001101110001011
100,1.0,10101001101110001011,1.0,00100011101100001010
100,1.0,00100011101100001010,1.0,00110010111100010000
100,1.0,00110010111100010000,1.0,10111010100110110011
100,1.0,10111010100110110011,1.0,10110010100110100101
100,1.0,10110010100110100101,1.0,10111010100010001101
100,1.0,10111010100010001101,1.0,10111111000000000111
100,1.0,10111111000000000111,1.0,10110011000000100101
100,1.0,10110011000000100101,1.0,00110011000100100110
100,1.0,00110011000100100110,1.0,01110011000000100100
100,1.0,01110011000000100100,1.0,11111011000000100001
100,1.0,11111011000000100001,1.0,10111111000000000111
100,1.0,10111111000000000111,1.0,10111010011000000101
100,1.0,10111010011000000101,1.0,10111010011000000101
100,1.0,10111010011000000101,1.0,00011011011010000101
100,1.0,00011011011010000101,1.0,00110011010100000101
100,1.0,00110011010100000101,1.0,00111111110000000101
100,1.0,00111111110000000101,1.0,11111001110000000100
100,1.0,11111001110000000100,1.0,01110101110010000110
100,1.0,01110101110010000110,1.0,01011001101010010100
100,1.0,01011001101010010100,1.0,01011000101101100111
100,1.0,01011000101101100111,1.0,11011100100111100110
100,1.0,11011100100111100110,1.0,11000110100111010110
100,1.0,11000110100111010110,1.0,10011100110111010111
100,1.0,10011100110111010111,1.0,10011100110111010111
100,1.0,10011100110111010111,1.0,10011110110101000100
100,1.0,10011110110101000100,1.0,00011011100101000100
100,1.0,00011011100101000100,1.0,00011011100110010111
100,1.0,00011011100110010111,1.0,00011011100110011001
100,1.0,00011011100110011001,1.0,00011011001000011011
100,1.0,00011011001000011011,1.0,00010011001000001101
100,1.0,00010011001000001101,1.0,00011011001000001100
100,1.0,00011011001000001100,1.0,00000111001001001100
100,1.0,00000111001001001100,1.0,00000111001001001100
100,1.0,00000111001001001100,1.0,10000001101011011010
100,1.0,10000001101011011010,1.0,10000101101011010101
100,1.0,10000101101011010101,1.0,10001110101011010111
100,1.0,10001110101011010111,1.0,10001110101111000111
100,1.0,10001110101111000111,1.0,10001101101111000100
100,1.0,10001101101111000100,1.0,11000101000111001100
100,1.0,11000101000111001100,1.0,11000101000011011100
100,1.0,11000101000011011100,1.0,11010001000010011101
100,1.0,11010001000010011101,1.0,11010001000010011101
100,1.0,11010001000010011101,1.0,10010011000000011100
100,1.0,10010011000000011100,1.0,10011011000100011010
100,1.0,10011011000100011010,1.0,10011111000010011010
100,1.0,10011111000010011010,1.0,01010111000010011010
100,1.0,01010111000010011010,1.0,01010101110010111010
100,1.0,01010101110010111010,1.0,10010101110010111011
100,1.0,10010101110010111011,1.0,10010100101110111010
100,1.0,10010100101110111010,1.0,10010100101110111010
100,1.0,10010100101110111010,1.0,10010100111110011001
100,1.0,10010100111110011001,1.0,10011100011110001111
100,1.0,10011100011110001111,1.0,10011000001101001101
100,1.0,10011000001101001101,1.0,10011000001101001101
100,1.0,10011000001101001101,1.0,00010000001101011111
100,1.0,00010000001101011111,1.0,01001010001001011111
100,1.0,01001010001001011111,1.0,01001110101011010110
100,1.0,01001110101011010110,1.0,01001111000011110100
100,1.0,01001111000011110100,1.0,01001111000111100100
100,1.0,01001111000111100100,1.0,01100101000111100110
100,1.0,01100101000111100110,1.0,00101101101111100000
100,1.0,00101101101111100000,1.0,00101101101111100000
100,1.0,00101101101111100000,1.0,00100101111011010000
100,1.0,00100101111011010000,1.0,01100101110011110010
100,1.0,01100101110011110010,1.0,01110100110011110010
100,1.0,01110100110011110010,1.0,00111110110011010000
100,1.0,00111110110011010000,1.0,00111010100111010001
100,1.0,00111010100111010001,1.0,10111110000111000010
100,1.0,10111110000111000010,1.0,10111110000111000010
100,1.0,10111110000111000010,1.0,10110110010101000010
100,1.0,10110110010101000010,1.0,10110110010101000010
100,1.0,10110110010101000010,1.0,10111110000111000010
100,1.0,10111110000111000010,1.0,10110110000111000011
100,1.0,10110110000111000011,1.0,10110010000101010011
100,1.0,10110010000101010011,1.0,00111010100111010001
100,1.0,00111010100111010001,1.0,01110110100001010011
100,1.0,01110110100001010011,1.0,01110110110000010110
100,1.0,01110110110000010110,1.0,11111110110000010011
100,1.0,11111110110000010011,1.0,10110110110010110011
100,1.0,10110110110010110011,1.0,10110110010010010110
100,1.0,10110110010010010110,1.0,00110010110110010101
100,1.0,00110010110110010101,1.0,01110010100100010111
100,1.0,01110010100100010111,1.0,01111010100100010110
100,1.0,01111010100100010110,1.0,11111010100000010101
100,1.0,11111010100000010101,1.0,11011000110101010101
100,1.0,11011000110101010101,1.0,11011000110101010101
100,1.0,11011000110101010101,1.0,11011010010100110101
100,1.0,11011010010100110101,1.0,11100110010100110111
100,1.0,11100110010100110111,1.0,01101110110110110101
100,1.0,01101110110110110101,1.0,01101111010000110101
100,1.0,01101111010000110101,1.0,01101111010000110101
100,1.0,01101111010000110101,1.0,01101110011000110111
100,1.0,01101110011000110111,1.0,01101110011000110111
100,1.0,01101110011000110111,1.0,01101110011000110111
100,1.0,01101110011000110111,1.0,01101110011000110111
100,1.0,01101110011000110111,1.0,01100110110000111111
100,1.0,01100110110000111111,1.0,00100101110100111110
100,1.0,00100101110100111110,1.0,00100101110100111110
100,1.0,00100101110100111110,1.0,00100011100100011100
100,1.0,00100011100100011100,1.0,00110011001100000001
100,1.0,00110011001100000001,1.0,00110011001100000001
100,1.0,00110011001100000001,1.0,00110010011100001001
100,1.0,00110010011100001001,1.0,00110010011100001001
100,1.0,00110010011100001001,1.0,00110010011100001001
100,1.0,00110010011100001001,1.0,00110010011000011001
100,1.0,00110010011000011001,1.0,00110111011000000000
100,1.0,00110111011000000000,1.0,00111111010110000011
100,1.0,00111111010110000011,1.0,00010111010111000010
100,1.0,00010111010111000010,1.0,10000011010111110001
100,1.0,10000011010111110001,1.0,10000011011110110000
100,1.0,10000011011110110000,1.0,10000010011100111101
100,1.0,10000010011100111101,1.0,10001010010101111101
100,1.0,10001010010101111101,1.0,10001010100101111110
100,1.0,10001010100101111110,1.0,10000001100101111100
100,1.0,10000001100101111100,1.0,11011000001100101110
100,1.0,11011000001100101110,1.0,11100000001110101101
100,1.0,11100000001110101101,1.0,11100000001110101101
100,1.0,11100000001110101101,1.0,10101000001110111110
100,1.0,10101000001110111110,1.0,11101000001001110110
100,1.0,11101000001001110110,1.0,00101110001001110111
100,1.0,00101110001001110111,1.0,00101110001001110111
100,1.0,00101110001001110111,1.0,00100111001000110101
100,1.0,00100111001000110101,1.0,00101110001001110111
100,1.0,00101110001001110111,1.0,00101110001001110111
100,1.0,00101110001001110111,1.0,00100110111001100100
100,1.0,00100110111001100100,1.0,10100110001001100110
100,1.0,10100110001001100110,1.0,11101001000101100100
100,1.0,11101001000101100100,1.0,01101010110101100101
100,1.0,01101010110101100101,1.0,00101110110111100111
100,1.0,00101110110111100111,1.0,10001110110111001101
100,1.0,10001110110111001101,1.0,10001110110111001101
100,1.0,10001110110111001101,1.0,00000011010111001100
100,1.0,00000011010111001100,1.0,01001101010111001111
100,1.0,01001101010111001111,1.0,00000101110111011100
100,1.0,00000101110111011100,1.0,00010001010111011000
100,1.0,00010001010111011000,1.0,00110001010011001010
100,1.0,00110001010011001010,1.0,00110001010011001010
100,1.0,00110001010011001010,1.0,00110001010011001010
100,1.0,00110001010011001010,1.0,00110111010001000001
100,1.0,00110111010001000001,1.0,01111111010010000001
100,1.0,01111111010010000001,1.0,01011111110010010011
100,1.0,01011111110010010011,1.0,01011111010010110011
100,1.0,01011111010010110011,1.0,00011111000011110011
100,1.0,00011111000011110011,1.0,00110111000100110010
100,1.0,00110111000100110010,1.0,00110111000100110010
100,1.0,00110111000100110010,1.0,00111101001100110000
100,1.0,00111101001100110000,1.0,10011101101100110001
100,1.0,10011101101100110001,1.0,10011101001101000011
100,1.0,10011101001101000011,1.0,10000111001101100001
100,1.0,10000111001101100001,1.0,10000001001101110101
100,1.0,10000001001101110101,1.0,10000101011101110011
100,1.0,10000101011101110011,1.0,10001111010101110011
100,1.0,10001111010101110011,1.0,10001111010110111001
100,1.0,10001111010110111001,1.0,10001011000011111010
100,1.0,10001011000011111010,1.0,10000001010011111110
100,1.0,10000001010011111110,1.0,10010000110011011110
100,1.0,10010000110011011110,1.0,01000110110011011101
100,1.0,01000110110011011101,1.0,00001111110011011011
100,1.0,00001111110011011011,1.0,00011110110011011011
100,1.0,00011110110011011011,1.0,00011010110001011100
100,1.0,00011010110001011100,1.0,00010010100001111110
100,1.0,00010010100001111110,1.0,10011010000001011110
100,1.0,10011010000001011110,1.0,10011010000001011110
100,1.0,10011010000001011110,1.0,10111010000110011000
100,1.0,10111010000110011000,1.0,10111010000110011000
100,1.0,10111010000110011000,1.0,10111010000110011000
100,1.0,10111010000110011000,1.0,10101110100110011100
100,1.0,10101110100110011100,1.0,11111100100110010100
100,1.0,11111100100110010100,1.0,11111001100100010001
100,1.0,11111001100100010001,1.0,11111001100100010001
100,1.0,11111001100100010001,1.0,11111001100100010001
100,1.0,11111001100100010001,1.0,11110100101100010000
100,1.0,11110100101100010000,1.0,11110100101100010000
