run,fit1,node1,fit2,node2
1,496.0,01100101101100101000,372.0,01101001111100110001
1,372.0,01101001111100110001,24.0,11100001111000110000
1,24.0,11100001111000110000,24.0,11100001111000110000
1,24.0,11100001111000110000,4.0,01100101011000110101
1,4.0,01100101011000110101,4.0,01100101011000110101
1,4.0,01100101011000110101,4.0,01100101011000110101
1,4.0,01100101011000110101,4.0,01100101011000110101
1,4.0,01100101011000110101,4.0,01100101011000110101
1,4.0,01100101011000110101,4.0,01100101011000110101
1,4.0,01100101011000110101,4.0,01100101011000110101
1,4.0,01100101011000110101,4.0,01100101011000110101
1,4.0,01100101011000110101,4.0,01100101011000110101
1,4.0,01100101011000110101,4.0,01100101011000110101
1,4.0,01100101011000110101,4.0,01100101011000110101
1,4.0,01100101011000110101,4.0,01100101011000110101
1,4.0,01100101011000110101,4.0,01100101011000110101
1,4.0,01100101011000110101,4.0,01100101011000110101
1,4.0,01100101011000110101,4.0,01100101011000110101
1,4.0,01100101011000110101,4.0,01100101011000110101
2,256.0,11101000011100111010,102.0,11100001011100010010
2,102.0,11100001011100010010,10.0,11100000011110011011
2,10.0,11100000011110011011,10.0,11100000011110011011
2,10.0,11100000011110011011,10.0,11100000011110011011
2,10.0,11100000011110011011,10.0,11100000011110011011
2,10.0,11100000011110011011,10.0,11100000011110011011
2,10.0,11100000011110011011,10.0,11100000011110011011
2,10.0,11100000011110011011,10.0,11100000011110011011
2,10.0,11100000011110011011,10.0,11100000011110011011
2,10.0,11100000011110011011,10.0,11100000011110011011
2,10.0,11100000011110011011,6.0,11001000011110111101
2,6.0,11001000011110111101,6.0,11001000011110111101
2,6.0,11001000011110111101,6.0,11001000011110111101
2,6.0,11001000011110111101,6.0,10001001011110101100
2,6.0,10001001011110101100,6.0,10001001011110101100
2,6.0,10001001011110101100,6.0,10001001011110101100
2,6.0,10001001011110101100,6.0,10001001011110101100
2,6.0,10001001011110101100,6.0,10001001011110101100
2,6.0,10001001011110101100,6.0,10001001011110101100
2,6.0,10001001011110101100,6.0,10001001011110101100
2,6.0,10001001011110101100,6.0,10001001011110101100
2,6.0,10001001011110101100,6.0,10001001011110101100
2,6.0,10001001011110101100,6.0,10001001011110101100
2,6.0,10001001011110101100,6.0,10001001011110101100
2,6.0,10001001011110101100,6.0,10001001011110101100
2,6.0,10001001011110101100,6.0,10011100111010101101
2,6.0,10011100111010101101,6.0,10011100111010101101
2,6.0,10011100111010101101,6.0,10011100111010101101
2,6.0,10011100111010101101,6.0,10011100111010101101
2,6.0,10011100111010101101,6.0,10011100111010101101
2,6.0,10011100111010101101,6.0,10011100111010101101
2,6.0,10011100111010101101,6.0,10011100111010101101
2,6.0,10011100111010101101,6.0,10011100111010101101
2,6.0,10011100111010101101,6.0,10011101000110101110
2,6.0,10011101000110101110,6.0,10011101000110101110
2,6.0,10011101000110101110,6.0,10011101000110101110
2,6.0,10011101000110101110,2.0,00011001010111101011
2,2.0,00011001010111101011,2.0,00011001010111101011
2,2.0,00011001010111101011,2.0,00011001010111101011
2,2.0,00011001010111101011,2.0,00011001010111101011
2,2.0,00011001010111101011,2.0,00011001010111101011
2,2.0,00011001010111101011,2.0,00011001010111101011
2,2.0,00011001010111101011,2.0,00011001010111101011
2,2.0,00011001010111101011,2.0,00011001010111101011
2,2.0,00011001010111101011,2.0,00011001010111101011
2,2.0,00011001010111101011,2.0,00011001010111101011
2,2.0,00011001010111101011,2.0,00011001010111101011
2,2.0,00011001010111101011,2.0,00011001010111101011
2,2.0,00011001010111101011,2.0,00011001010111101011
2,2.0,00011001010111101011,2.0,00011001010111101011
2,2.0,00011001010111101011,2.0,00011001010111101011
2,2.0,00011001010111101011,2.0,00011001010111101011
2,2.0,00011001010111101011,2.0,00011001010111101011
2,2.0,00011001010111101011,2.0,00011001010111101011
2,2.0,00011001010111101011,2.0,00011001010111101011
2,2.0,00011001010111101011,2.0,00011001010111101011
2,2.0,00011001010111101011,2.0,00011001010111101011
2,2.0,00011001010111101011,2.0,00011001010111101011
2,2.0,00011001010111101011,2.0,00011001010111101011
2,2.0,00011001010111101011,2.0,00011001010111101011
2,2.0,00011001010111101011,2.0,00011001010111101011
2,2.0,00011001010111101011,2.0,00011001010111101011
2,2.0,00011001010111101011,2.0,00011001010111101011
2,2.0,00011001010111101011,2.0,00011001010111101011
3,318.0,01010000111010011101,8.0,01011010110010011101
3,8.0,01011010110010011101,8.0,01011010110010011101
3,8.0,01011010110010011101,2.0,01100110110010011111
3,2.0,01100110110010011111,2.0,01100110110010011111
3,2.0,01100110110010011111,2.0,01100110110010011111
3,2.0,01100110110010011111,2.0,01100110110010011111
3,2.0,01100110110010011111,2.0,01100110110010011111
3,2.0,01100110110010011111,2.0,01100110110010011111
3,2.0,01100110110010011111,2.0,01100110110010011111
3,2.0,01100110110010011111,2.0,01100110110010011111
3,2.0,01100110110010011111,2.0,01100110110010011111
3,2.0,01100110110010011111,2.0,01100110110010011111
3,2.0,01100110110010011111,2.0,01100110110010011111
3,2.0,01100110110010011111,2.0,01100110110010011111
3,2.0,01100110110010011111,2.0,01100110110010011111
3,2.0,01100110110010011111,2.0,01100110110010011111
3,2.0,01100110110010011111,2.0,01100110110010011111
3,2.0,01100110110010011111,2.0,01100110110010011111
3,2.0,01100110110010011111,2.0,01100110110010011111
3,2.0,01100110110010011111,2.0,01100110110010011111
3,2.0,01100110110010011111,2.0,01100110110010011111
3,2.0,01100110110010011111,2.0,01100110110010011111
3,2.0,01100110110010011111,2.0,01100110110010011111
3,2.0,01100110110010011111,2.0,01100110110010011111
3,2.0,01100110110010011111,2.0,01100110110010011111
3,2.0,01100110110010011111,2.0,01100110110010011111
3,2.0,01100110110010011111,2.0,01100110110010011111
3,2.0,01100110110010011111,2.0,01100110110010011111
3,2.0,01100110110010011111,2.0,00100111110010001110
4,1732.0,11001101101001000111,1002.0,01001001101001001111
4,1002.0,01001001101001001111,346.0,11000001001001011011
4,346.0,11000001001001011011,318.0,01000111001001001001
4,318.0,01000111001001001001,218.0,01100011101000000110
4,218.0,01100011101000000110,86.0,10100011101000000111
4,86.0,10100011101000000111,44.0,10100001101001000111
4,44.0,10100001101001000111,44.0,10100001101001000111
4,44.0,10100001101001000111,42.0,10100101101100100111
4,42.0,10100101101100100111,42.0,00111101101000100101
4,42.0,00111101101000100101,28.0,00011101101110100110
4,28.0,00011101101110100110,12.0,11011001100110100111
4,12.0,11011001100110100111,10.0,11010001101110000010
4,10.0,11010001101110000010,10.0,11010001101110000010
4,10.0,11010001101110000010,10.0,11010001101110000010
4,10.0,11010001101110000010,10.0,11010001101110000010
4,10.0,11010001101110000010,10.0,11010001101110000010
4,10.0,11010001101110000010,10.0,11010001101110000010
4,10.0,11010001101110000010,10.0,11010001101110000010
4,10.0,11010001101110000010,10.0,11010001101110000010
4,10.0,11010001101110000010,10.0,11010001101110000010
4,10.0,11010001101110000010,10.0,11010001101110000010
4,10.0,11010001101110000010,10.0,11010001101110000010
4,10.0,11010001101110000010,10.0,11010001101110000010
4,10.0,11010001101110000010,10.0,11010001101110000010
4,10.0,11010001101110000010,10.0,11010001101110000010
4,10.0,11010001101110000010,10.0,11010001101110000010
4,10.0,11010001101110000010,10.0,11010001101110000010
4,10.0,11010001101110000010,10.0,11010001101110000010
4,10.0,11010001101110000010,10.0,11010001101110000010
4,10.0,11010001101110000010,10.0,11010001101110000010
4,10.0,11010001101110000010,10.0,11010001101110000010
4,10.0,11010001101110000010,10.0,11010001101110000010
4,10.0,11010001101110000010,10.0,11010001101110000010
4,10.0,11010001101110000010,10.0,11010001101110000010
4,10.0,11010001101110000010,10.0,11010001101110000010
4,10.0,11010001101110000010,10.0,11010001101110000010
4,10.0,11010001101110000010,10.0,11010001101110000010
5,2604.0,11010010001101000000,208.0,11110010001000010000
5,208.0,11110010001000010000,208.0,11110010001000010000
5,208.0,11110010001000010000,208.0,01111010001100010000
5,208.0,01111010001100010000,128.0,00110010001100010100
5,128.0,00110010001100010100,122.0,00010111001000010110
5,122.0,00010111001000010110,74.0,01011011001000001000
5,74.0,01011011001000001000,74.0,01011011001000001000
5,74.0,01011011001000001000,10.0,01001011001110101000
5,10.0,01001011001110101000,4.0,01101011000110101011
5,4.0,01101011000110101011,4.0,01101011000110101011
5,4.0,01101011000110101011,4.0,01101011000110101011
5,4.0,01101011000110101011,4.0,01101011000110101011
5,4.0,01101011000110101011,4.0,01101011000110101011
5,4.0,01101011000110101011,4.0,01101011000110101011
5,4.0,01101011000110101011,4.0,01101011000110101011
5,4.0,01101011000110101011,4.0,01101011000110101011
5,4.0,01101011000110101011,4.0,01101011000110101011
5,4.0,01101011000110101011,4.0,01101011000110101011
5,4.0,01101011000110101011,4.0,01101011000110101011
5,4.0,01101011000110101011,4.0,01101011000110101011
5,4.0,01101011000110101011,4.0,01101011000110101011
5,4.0,01101011000110101011,4.0,01101011000110101011
5,4.0,01101011000110101011,4.0,01101011000110101011
5,4.0,01101011000110101011,4.0,01101011000110101011
5,4.0,01101011000110101011,4.0,01101011000110101011
5,4.0,01101011000110101011,4.0,01101011000110101011
5,4.0,01101011000110101011,4.0,01101011000110101011
5,4.0,01101011000110101011,4.0,01101011000110101011
5,4.0,01101011000110101011,4.0,01101011000110101011
5,4.0,01101011000110101011,4.0,01101011000110101011
5,4.0,01101011000110101011,4.0,01101011000110101011
5,4.0,01101011000110101011,4.0,01101011000110101011
5,4.0,01101011000110101011,4.0,01101011000110101011
5,4.0,01101011000110101011,4.0,01101011000110101011
5,4.0,01101011000110101011,4.0,01101011000110101011
5,4.0,01101011000110101011,4.0,01101011000110101011
5,4.0,01101011000110101011,4.0,01101011000110101011
5,4.0,01101011000110101011,4.0,01101011000110101011
5,4.0,01101011000110101011,4.0,01101011000110101011
5,4.0,01101011000110101011,4.0,01101011000110101011
5,4.0,01101011000110101011,4.0,01101011000110101011
5,4.0,01101011000110101011,4.0,01101011000110101011
5,4.0,01101011000110101011,4.0,01101011000110101011
5,4.0,01101011000110101011,4.0,01101011000110101011
5,4.0,01101011000110101011,4.0,01101011000110101011
5,4.0,01101011000110101011,4.0,01101011000110101011
5,4.0,01101011000110101011,4.0,01101011000110101011
5,4.0,01101011000110101011,4.0,01101011000110101011
5,4.0,01101011000110101011,4.0,01101011000110101011
5,4.0,01101011000110101011,4.0,01101011000110101011
5,4.0,01101011000110101011,4.0,01101011000110101011
5,4.0,01101011000110101011,4.0,01101011000110101011
5,4.0,01101011000110101011,4.0,01101011000110101011
5,4.0,01101011000110101011,4.0,01101011000110101011
5,4.0,01101011000110101011,4.0,01101011000110101011
5,4.0,01101011000110101011,4.0,01101011000110101011
6,252.0,01001111001011100010,150.0,01001111101001100011
6,150.0,01001111101001100011,16.0,01001111101100110011
6,16.0,01001111101100110011,16.0,01001111101100110011
6,16.0,01001111101100110011,12.0,01010011100000110110
6,12.0,01010011100000110110,12.0,00101011100000111111
6,12.0,00101011100000111111,8.0,00100011010000111110
6,8.0,00100011010000111110,8.0,00100011010000111110
6,8.0,00100011010000111110,8.0,00100011010000111110
6,8.0,00100011010000111110,8.0,00100011010000111110
6,8.0,00100011010000111110,8.0,00100011010000111110
6,8.0,00100011010000111110,8.0,00100011010000111110
6,8.0,00100011010000111110,8.0,00100011010000111110
6,8.0,00100011010000111110,8.0,00100011010000111110
6,8.0,00100011010000111110,8.0,00100011010000111110
6,8.0,00100011010000111110,8.0,00100011010000111110
6,8.0,00100011010000111110,4.0,00110110000100011110
6,4.0,00110110000100011110,4.0,00110110000100011110
6,4.0,00110110000100011110,4.0,00110110000100011110
6,4.0,00110110000100011110,4.0,00110110000100011110
6,4.0,00110110000100011110,4.0,00110110000100011110
6,4.0,00110110000100011110,4.0,00110110000100011110
6,4.0,00110110000100011110,4.0,00110110000100011110
6,4.0,00110110000100011110,4.0,00110110000100011110
6,4.0,00110110000100011110,4.0,00110110000100011110
6,4.0,00110110000100011110,4.0,00110110000100011110
6,4.0,00110110000100011110,4.0,00110110000100011110
6,4.0,00110110000100011110,4.0,00110110000100011110
6,4.0,00110110000100011110,4.0,00110110000100011110
6,4.0,00110110000100011110,4.0,00110110000100011110
6,4.0,00110110000100011110,4.0,00110110000100011110
6,4.0,00110110000100011110,4.0,00110110000100011110
6,4.0,00110110000100011110,4.0,00110110000100011110
6,4.0,00110110000100011110,4.0,00110110000100011110
6,4.0,00110110000100011110,4.0,00110110000100011110
6,4.0,00110110000100011110,4.0,00110110000100011110
6,4.0,00110110000100011110,4.0,00110110000100011110
6,4.0,00110110000100011110,2.0,11010010000100011100
6,2.0,11010010000100011100,2.0,11010010000100011100
6,2.0,11010010000100011100,2.0,11010010000100011100
6,2.0,11010010000100011100,2.0,11010010000100011100
6,2.0,11010010000100011100,2.0,11010010000100011100
6,2.0,11010010000100011100,2.0,11010010000100011100
6,2.0,11010010000100011100,2.0,11010010000100011100
6,2.0,11010010000100011100,2.0,11010010000100011100
6,2.0,11010010000100011100,2.0,11010010000100011100
6,2.0,11010010000100011100,2.0,11010010000100011100
6,2.0,11010010000100011100,2.0,11010010000100011100
6,2.0,11010010000100011100,2.0,11010010000100011100
6,2.0,11010010000100011100,2.0,11010010000100011100
6,2.0,11010010000100011100,2.0,11010010000100011100
6,2.0,11010010000100011100,2.0,11010010000100011100
6,2.0,11010010000100011100,2.0,11010010000100011100
6,2.0,11010010000100011100,2.0,11010010000100011100
6,2.0,11010010000100011100,2.0,11010010000100011100
6,2.0,11010010000100011100,2.0,11010010000100011100
6,2.0,11010010000100011100,2.0,11010010000100011100
6,2.0,11010010000100011100,2.0,11010010000100011100
6,2.0,11010010000100011100,2.0,11010010000100011100
6,2.0,11010010000100011100,2.0,11010010000100011100
6,2.0,11010010000100011100,2.0,11010010000100011100
6,2.0,11010010000100011100,2.0,11010010000100011100
6,2.0,11010010000100011100,0.0,11011110000100111011
6,0.0,11011110000100111011,0.0,11011110000100111011
6,0.0,11011110000100111011,0.0,11011110000100111011
6,0.0,11011110000100111011,0.0,11011110000100111011
6,0.0,11011110000100111011,0.0,11011110000100111011
6,0.0,11011110000100111011,0.0,11011110000100111011
6,0.0,11011110000100111011,0.0,11011110000100111011
6,0.0,11011110000100111011,0.0,11011110000100111011
6,0.0,11011110000100111011,0.0,11011110000100111011
6,0.0,11011110000100111011,0.0,11011110000100111011
6,0.0,11011110000100111011,0.0,11011110000100111011
6,0.0,11011110000100111011,0.0,11011110000100111011
6,0.0,11011110000100111011,0.0,11011110000100111011
6,0.0,11011110000100111011,0.0,11011110000100111011
6,0.0,11011110000100111011,0.0,11011110000100111011
6,0.0,11011110000100111011,0.0,11011110000100111011
6,0.0,11011110000100111011,0.0,11011110000100111011
6,0.0,11011110000100111011,0.0,11011110000100111011
6,0.0,11011110000100111011,0.0,11011110000100111011
6,0.0,11011110000100111011,0.0,11011110000100111011
6,0.0,11011110000100111011,0.0,11011110000100111011
6,0.0,11011110000100111011,0.0,11011110000100111011
6,0.0,11011110000100111011,0.0,11011110000100111011
6,0.0,11011110000100111011,0.0,11011110000100111011
6,0.0,11011110000100111011,0.0,11011110000100111011
6,0.0,11011110000100111011,0.0,11011110000100111011
6,0.0,11011110000100111011,0.0,11011110000100111011
6,0.0,11011110000100111011,0.0,11011110000100111011
6,0.0,11011110000100111011,0.0,11011110000100111011
6,0.0,11011110000100111011,0.0,11011110000100111011
6,0.0,11011110000100111011,0.0,11011110000100111011
6,0.0,11011110000100111011,0.0,11011110000100111011
6,0.0,11011110000100111011,0.0,11011110000100111011
6,0.0,11011110000100111011,0.0,11011110000100111011
6,0.0,11011110000100111011,0.0,11011110000100111011
6,0.0,11011110000100111011,0.0,11011110000100111011
6,0.0,11011110000100111011,0.0,11011110000100111011
6,0.0,11011110000100111011,0.0,11011110000100111011
6,0.0,11011110000100111011,0.0,11011110000100111011
7,972.0,10110011001000000000,972.0,10110011001000000000
7,972.0,10110011001000000000,450.0,10100011101010010000
7,450.0,10100011101010010000,318.0,10000011101100010101
7,318.0,10000011101100010101,102.0,10000011111110010000
7,102.0,10000011111110010000,24.0,10000011011110000111
7,24.0,10000011011110000111,24.0,10000011011110000111
7,24.0,10000011011110000111,24.0,10000011011110000111
7,24.0,10000011011110000111,24.0,10000011011110000111
7,24.0,10000011011110000111,4.0,10010011000110100110
7,4.0,10010011000110100110,4.0,10010011000110100110
7,4.0,10010011000110100110,4.0,10010011000110100110
7,4.0,10010011000110100110,4.0,11010010000110110111
7,4.0,11010010000110110111,0.0,11011110000100111011
7,0.0,11011110000100111011,0.0,11011110000100111011
7,0.0,11011110000100111011,0.0,11011110000100111011
7,0.0,11011110000100111011,0.0,11011110000100111011
7,0.0,11011110000100111011,0.0,11011110000100111011
7,0.0,11011110000100111011,0.0,11011110000100111011
7,0.0,11011110000100111011,0.0,11011110000100111011
7,0.0,11011110000100111011,0.0,11011110000100111011
7,0.0,11011110000100111011,0.0,11011110000100111011
7,0.0,11011110000100111011,0.0,11011110000100111011
7,0.0,11011110000100111011,0.0,11011110000100111011
7,0.0,11011110000100111011,0.0,11011110000100111011
7,0.0,11011110000100111011,0.0,11011110000100111011
7,0.0,11011110000100111011,0.0,11011110000100111011
7,0.0,11011110000100111011,0.0,11011110000100111011
7,0.0,11011110000100111011,0.0,11011110000100111011
7,0.0,11011110000100111011,0.0,11011110000100111011
7,0.0,11011110000100111011,0.0,11011110000100111011
7,0.0,11011110000100111011,0.0,11011110000100111011
7,0.0,11011110000100111011,0.0,11011110000100111011
7,0.0,11011110000100111011,0.0,11011110000100111011
7,0.0,11011110000100111011,0.0,11011110000100111011
7,0.0,11011110000100111011,0.0,11011110000100111011
7,0.0,11011110000100111011,0.0,11011110000100111011
7,0.0,11011110000100111011,0.0,11011110000100111011
7,0.0,11011110000100111011,0.0,11011110000100111011
7,0.0,11011110000100111011,0.0,11011110000100111011
7,0.0,11011110000100111011,0.0,11011110000100111011
7,0.0,11011110000100111011,0.0,11011110000100111011
7,0.0,11011110000100111011,0.0,11011110000100111011
7,0.0,11011110000100111011,0.0,11011110000100111011
7,0.0,11011110000100111011,0.0,11011110000100111011
7,0.0,11011110000100111011,0.0,11011110000100111011
7,0.0,11011110000100111011,0.0,11011110000100111011
7,0.0,11011110000100111011,0.0,11011110000100111011
7,0.0,11011110000100111011,0.0,11011110000100111011
7,0.0,11011110000100111011,0.0,11011110000100111011
7,0.0,11011110000100111011,0.0,11011110000100111011
7,0.0,11011110000100111011,0.0,11011110000100111011
7,0.0,11011110000100111011,0.0,11011110000100111011
7,0.0,11011110000100111011,0.0,11011110000100111011
7,0.0,11011110000100111011,0.0,11011110000100111011
7,0.0,11011110000100111011,0.0,11011110000100111011
7,0.0,11011110000100111011,0.0,11011110000100111011
7,0.0,11011110000100111011,0.0,11011110000100111011
7,0.0,11011110000100111011,0.0,11011110000100111011
8,232.0,01000110011010111100,30.0,01001010011110101110
8,30.0,01001010011110101110,30.0,01001010011110101110
8,30.0,01001010011110101110,30.0,01001010011110101110
8,30.0,01001010011110101110,30.0,01001010011110101110
8,30.0,01001010011110101110,30.0,01001010011110101110
8,30.0,01001010011110101110,30.0,01001010011110101110
8,30.0,01001010011110101110,12.0,00001010011111001101
8,12.0,00001010011111001101,4.0,00000001101111001100
8,4.0,00000001101111001100,0.0,00100001111011000100
8,0.0,00100001111011000100,0.0,00100001111011000100
8,0.0,00100001111011000100,0.0,00100001111011000100
8,0.0,00100001111011000100,0.0,00100001111011000100
8,0.0,00100001111011000100,0.0,00100001111011000100
8,0.0,00100001111011000100,0.0,00100001111011000100
8,0.0,00100001111011000100,0.0,00100001111011000100
8,0.0,00100001111011000100,0.0,00100001111011000100
8,0.0,00100001111011000100,0.0,00100001111011000100
8,0.0,00100001111011000100,0.0,00100001111011000100
8,0.0,00100001111011000100,0.0,00100001111011000100
8,0.0,00100001111011000100,0.0,00100001111011000100
8,0.0,00100001111011000100,0.0,00100001111011000100
8,0.0,00100001111011000100,0.0,00100001111011000100
8,0.0,00100001111011000100,0.0,00100001111011000100
8,0.0,00100001111011000100,0.0,00100001111011000100
8,0.0,00100001111011000100,0.0,00100001111011000100
8,0.0,00100001111011000100,0.0,00100001111011000100
8,0.0,00100001111011000100,0.0,00100001111011000100
8,0.0,00100001111011000100,0.0,00100001111011000100
8,0.0,00100001111011000100,0.0,00100001111011000100
8,0.0,00100001111011000100,0.0,00100001111011000100
8,0.0,00100001111011000100,0.0,00100001111011000100
8,0.0,00100001111011000100,0.0,00100001111011000100
8,0.0,00100001111011000100,0.0,00100001111011000100
8,0.0,00100001111011000100,0.0,00100001111011000100
8,0.0,00100001111011000100,0.0,00100001111011000100
8,0.0,00100001111011000100,0.0,00100001111011000100
8,0.0,00100001111011000100,0.0,00100001111011000100
8,0.0,00100001111011000100,0.0,00100001111011000100
8,0.0,00100001111011000100,0.0,00100001111011000100
8,0.0,00100001111011000100,0.0,00100001111011000100
8,0.0,00100001111011000100,0.0,00100001111011000100
8,0.0,00100001111011000100,0.0,00100001111011000100
8,0.0,00100001111011000100,0.0,00100001111011000100
8,0.0,00100001111011000100,0.0,00100001111011000100
8,0.0,00100001111011000100,0.0,00100001111011000100
8,0.0,00100001111011000100,0.0,00100001111011000100
8,0.0,00100001111011000100,0.0,00100001111011000100
8,0.0,00100001111011000100,0.0,00100001111011000100
8,0.0,00100001111011000100,0.0,01100000111011010101
8,0.0,01100000111011010101,0.0,01100000111011010101
8,0.0,01100000111011010101,0.0,01100000111011010101
8,0.0,01100000111011010101,0.0,01100000111011010101
8,0.0,01100000111011010101,0.0,01100000111011010101
8,0.0,01100000111011010101,0.0,01100000111011010101
8,0.0,01100000111011010101,0.0,01100000111011010101
8,0.0,01100000111011010101,0.0,01100000111011010101
8,0.0,01100000111011010101,0.0,01100000111011010101
8,0.0,01100000111011010101,0.0,00100001111011000100
9,224.0,11100100110111100100,160.0,10101000111101100101
9,160.0,10101000111101100101,94.0,10100000111001110110
9,94.0,10100000111001110110,94.0,10100000111001110110
9,94.0,10100000111001110110,94.0,10100000111001110110
9,94.0,10100000111001110110,58.0,10111100011000110101
9,58.0,10111100011000110101,0.0,00111101010100110100
9,0.0,00111101010100110100,0.0,00111101010100110100
9,0.0,00111101010100110100,0.0,00111101010100110100
9,0.0,00111101010100110100,0.0,00111101010100110100
9,0.0,00111101010100110100,0.0,00111101010100110100
9,0.0,00111101010100110100,0.0,00111101010100110100
9,0.0,00111101010100110100,0.0,00111101010100110100
9,0.0,00111101010100110100,0.0,00111101010100110100
9,0.0,00111101010100110100,0.0,00111101010100110100
9,0.0,00111101010100110100,0.0,00111101010100110100
9,0.0,00111101010100110100,0.0,00111101010100110100
9,0.0,00111101010100110100,0.0,00111101010100110100
9,0.0,00111101010100110100,0.0,00111101010100110100
9,0.0,00111101010100110100,0.0,00111101010100110100
9,0.0,00111101010100110100,0.0,00111101010100110100
9,0.0,00111101010100110100,0.0,00111101010100110100
10,346.0,11000001001001011011,282.0,11011001101000001011
10,282.0,11011001101000001011,282.0,11011001101000001011
10,282.0,11011001101000001011,192.0,01011101111000001011
10,192.0,01011101111000001011,80.0,11000101111000001110
10,80.0,11000101111000001110,26.0,11001101101010001110
10,26.0,11001101101010001110,20.0,11001111101000001010
10,20.0,11001111101000001010,20.0,11001111101000001010
10,20.0,11001111101000001010,20.0,11001111101000001010
10,20.0,11001111101000001010,20.0,11001111101000001010
10,20.0,11001111101000001010,4.0,11000111001000101011
10,4.0,11000111001000101011,4.0,11000111001000101011
10,4.0,11000111001000101011,4.0,11000111001000101011
10,4.0,11000111001000101011,4.0,11000111001000101011
10,4.0,11000111001000101011,4.0,11000111001000101011
10,4.0,11000111001000101011,4.0,11000111001000101011
10,4.0,11000111001000101011,4.0,11000111001000101011
10,4.0,11000111001000101011,4.0,11000111001000101011
10,4.0,11000111001000101011,2.0,11001111110010101011
10,2.0,11001111110010101011,2.0,11001111110010101011
10,2.0,11001111110010101011,2.0,11001111110010101011
10,2.0,11001111110010101011,2.0,11001111110010101011
10,2.0,11001111110010101011,2.0,11001111110010101011
10,2.0,11001111110010101011,2.0,11001111110010101011
10,2.0,11001111110010101011,2.0,11001111110010101011
10,2.0,11001111110010101011,2.0,11001111110010101011
10,2.0,11001111110010101011,2.0,11001111110010101011
10,2.0,11001111110010101011,0.0,11000011110010001100
10,0.0,11000011110010001100,0.0,11000011110010001100
10,0.0,11000011110010001100,0.0,11000011110010001100
10,0.0,11000011110010001100,0.0,11000011110010001100
10,0.0,11000011110010001100,0.0,11000011110010001100
10,0.0,11000011110010001100,0.0,11000011110010001100
10,0.0,11000011110010001100,0.0,11000011110010001100
10,0.0,11000011110010001100,0.0,11000011110010001100
10,0.0,11000011110010001100,0.0,11000011110010001100
10,0.0,11000011110010001100,0.0,11000011110010001100
10,0.0,11000011110010001100,0.0,11000011110010001100
10,0.0,11000011110010001100,0.0,11000011110010001100
10,0.0,11000011110010001100,0.0,11000011110010001100
10,0.0,11000011110010001100,0.0,11000011110010001100
10,0.0,11000011110010001100,0.0,11000011110010001100
10,0.0,11000011110010001100,0.0,11000011110010001100
10,0.0,11000011110010001100,0.0,11000011110010001100
10,0.0,11000011110010001100,0.0,11000011110010001100
10,0.0,11000011110010001100,0.0,11000011110010001100
10,0.0,11000011110010001100,0.0,11000011110010001100
10,0.0,11000011110010001100,0.0,11000011110010001100
10,0.0,11000011110010001100,0.0,11000011110010001100
10,0.0,11000011110010001100,0.0,11000011110010001100
10,0.0,11000011110010001100,0.0,11000011110010001100
10,0.0,11000011110010001100,0.0,11000011110010001100
10,0.0,11000011110010001100,0.0,11000011110010001100
10,0.0,11000011110010001100,0.0,11000011110010001100
10,0.0,11000011110010001100,0.0,11000011110010001100
10,0.0,11000011110010001100,0.0,11000011110010001100
10,0.0,11000011110010001100,0.0,11000011110010001100
10,0.0,11000011110010001100,0.0,11000011110010001100
10,0.0,11000011110010001100,0.0,11000011110010001100
10,0.0,11000011110010001100,0.0,11000011110010001100
10,0.0,11000011110010001100,0.0,11000011110010001100
11,886.0,01000001101101101010,344.0,01000001101111110001
11,344.0,01000001101111110001,344.0,01000001101111110001
11,344.0,01000001101111110001,294.0,11001001100111011000
11,294.0,11001001100111011000,294.0,11001001100111011000
11,294.0,11001001100111011000,94.0,11000001100111011001
11,94.0,11000001100111011001,74.0,11001000111101011001
11,74.0,11001000111101011001,74.0,11001000111101011001
11,74.0,11001000111101011001,18.0,11001000101101111010
11,18.0,11001000101101111010,18.0,11001000101101111010
11,18.0,11001000101101111010,8.0,11001100111111110000
11,8.0,11001100111111110000,8.0,11001100111111110000
11,8.0,11001100111111110000,4.0,11001001111011100001
11,4.0,11001001111011100001,4.0,11001001111011100001
11,4.0,11001001111011100001,4.0,11001001111011100001
11,4.0,11001001111011100001,4.0,11001001111011100001
11,4.0,11001001111011100001,4.0,11001001111011100001
11,4.0,11001001111011100001,4.0,11001001111011100001
11,4.0,11001001111011100001,4.0,11001001111011100001
11,4.0,11001001111011100001,4.0,11001001111011100001
11,4.0,11001001111011100001,4.0,11001001111011100001
11,4.0,11001001111011100001,4.0,11001001111011100001
11,4.0,11001001111011100001,4.0,11001001111011100001
11,4.0,11001001111011100001,4.0,11001001111011100001
11,4.0,11001001111011100001,4.0,11001001111011100001
11,4.0,11001001111011100001,4.0,11001001111011100001
11,4.0,11001001111011100001,4.0,11001001111011100001
11,4.0,11001001111011100001,4.0,11001001111011100001
11,4.0,11001001111011100001,4.0,11001001111011100001
11,4.0,11001001111011100001,4.0,11001001111011100001
11,4.0,11001001111011100001,4.0,11001001111011100001
11,4.0,11001001111011100001,4.0,11001001111011100001
11,4.0,11001001111011100001,4.0,11001001111011100001
11,4.0,11001001111011100001,4.0,11001001111011100001
11,4.0,11001001111011100001,4.0,11001001111011100001
11,4.0,11001001111011100001,4.0,11001001111011100001
11,4.0,11001001111011100001,4.0,11001001111011100001
11,4.0,11001001111011100001,4.0,11001001111011100001
11,4.0,11001001111011100001,4.0,11001001111011100001
11,4.0,11001001111011100001,4.0,11001001111011100001
11,4.0,11001001111011100001,4.0,11001001111011100001
11,4.0,11001001111011100001,4.0,11001001111011100001
11,4.0,11001001111011100001,4.0,11001001111011100001
11,4.0,11001001111011100001,4.0,11001001111011100001
11,4.0,11001001111011100001,4.0,11001001111011100001
11,4.0,11001001111011100001,4.0,11001001111011100001
11,4.0,11001001111011100001,4.0,11001001111011100001
11,4.0,11001001111011100001,4.0,11001001111011100001
11,4.0,11001001111011100001,4.0,11001001111011100001
11,4.0,11001001111011100001,4.0,11001001111011100001
11,4.0,11001001111011100001,4.0,11001001111011100001
11,4.0,11001001111011100001,4.0,11001001111011100001
11,4.0,11001001111011100001,4.0,11001001111011100001
11,4.0,11001001111011100001,4.0,11001001111011100001
11,4.0,11001001111011100001,4.0,11001001111011100001
11,4.0,11001001111011100001,4.0,11001001111011100001
11,4.0,11001001111011100001,4.0,11001001111011100001
12,284.0,11011100011001001001,234.0,11001101011001001001
12,234.0,11001101011001001001,214.0,10001111001001001001
12,214.0,10001111001001001001,126.0,10000001101011011010
12,126.0,10000001101011011010,94.0,11000001100111011001
12,94.0,11000001100111011001,80.0,11001101000101111011
12,80.0,11001101000101111011,50.0,11001111000100111011
12,50.0,11001111000100111011,50.0,11001111000100111011
12,50.0,11001111000100111011,50.0,11001111000100111011
12,50.0,11001111000100111011,30.0,10000111000100111111
12,30.0,10000111000100111111,30.0,10000111000100111111
12,30.0,10000111000100111111,30.0,10000111000100111111
12,30.0,10000111000100111111,30.0,10000111000100111111
12,30.0,10000111000100111111,30.0,10000111000100111111
12,30.0,10000111000100111111,28.0,10100111000100110100
12,28.0,10100111000100110100,26.0,10100111010000110111
12,26.0,10100111010000110111,26.0,10100111010000110111
12,26.0,10100111010000110111,26.0,10100111010000110111
12,26.0,10100111010000110111,20.0,10100111110010100100
12,20.0,10100111110010100100,20.0,10100111110010100100
12,20.0,10100111110010100100,20.0,10100111110010100100
12,20.0,10100111110010100100,20.0,10100111110010100100
12,20.0,10100111110010100100,20.0,10100111110010100100
12,20.0,10100111110010100100,20.0,10100111110010100100
12,20.0,10100111110010100100,20.0,10100111110010100100
12,20.0,10100111110010100100,20.0,10100111110010100100
12,20.0,10100111110010100100,20.0,10100111110010100100
12,20.0,10100111110010100100,20.0,10100111110010100100
12,20.0,10100111110010100100,8.0,00101011110001100101
12,8.0,00101011110001100101,8.0,00101011110001100101
12,8.0,00101011110001100101,8.0,00101011110001100101
12,8.0,00101011110001100101,8.0,00101011110001100101
12,8.0,00101011110001100101,8.0,00101011110001100101
12,8.0,00101011110001100101,8.0,00101011110001100101
12,8.0,00101011110001100101,8.0,00101011110001100101
12,8.0,00101011110001100101,8.0,00101011110001100101
12,8.0,00101011110001100101,8.0,00101011110001100101
12,8.0,00101011110001100101,8.0,00101011110001100101
12,8.0,00101011110001100101,8.0,00101011110001100101
12,8.0,00101011110001100101,8.0,00101011110001100101
12,8.0,00101011110001100101,8.0,00101011110001100101
12,8.0,00101011110001100101,8.0,00101011110001100101
12,8.0,00101011110001100101,8.0,00101011110001100101
12,8.0,00101011110001100101,8.0,00101011110001100101
12,8.0,00101011110001100101,8.0,00101011110001100101
12,8.0,00101011110001100101,6.0,00001011110111100110
12,6.0,00001011110111100110,6.0,00001011110111100110
12,6.0,00001011110111100110,6.0,00001011110111100110
12,6.0,00001011110111100110,6.0,00001011110111100110
12,6.0,00001011110111100110,6.0,00001011110111100110
12,6.0,00001011110111100110,2.0,00011001010111101011
12,2.0,00011001010111101011,2.0,00011001010111101011
12,2.0,00011001010111101011,2.0,00011001010111101011
12,2.0,00011001010111101011,2.0,00011001010111101011
12,2.0,00011001010111101011,2.0,00011001010111101011
12,2.0,00011001010111101011,2.0,00011001010111101011
12,2.0,00011001010111101011,2.0,00011001010111101011
12,2.0,00011001010111101011,2.0,00011001010111101011
12,2.0,00011001010111101011,2.0,00011001010111101011
12,2.0,00011001010111101011,2.0,00011001010111101011
12,2.0,00011001010111101011,2.0,00011001010111101011
12,2.0,00011001010111101011,2.0,00011001010111101011
12,2.0,00011001010111101011,2.0,00011001010111101011
12,2.0,00011001010111101011,2.0,00011001010111101011
12,2.0,00011001010111101011,2.0,00011001010111101011
12,2.0,00011001010111101011,2.0,00011001010111101011
12,2.0,00011001010111101011,2.0,00011001010111101011
12,2.0,00011001010111101011,2.0,00011001010111101011
12,2.0,00011001010111101011,2.0,00011001010111101011
12,2.0,00011001010111101011,2.0,00011001010111101011
12,2.0,00011001010111101011,2.0,00011001010111101011
12,2.0,00011001010111101011,2.0,00011001010111101011
12,2.0,00011001010111101011,2.0,00011001010111101011
12,2.0,00011001010111101011,2.0,00011001010111101011
12,2.0,00011001010111101011,2.0,00011001010111101011
12,2.0,00011001010111101011,2.0,00011001010111101011
12,2.0,00011001010111101011,2.0,00011001010111101011
12,2.0,00011001010111101011,2.0,00011001010111101011
12,2.0,00011001010111101011,2.0,00011001010111101011
12,2.0,00011001010111101011,2.0,00011001010111101011
12,2.0,00011001010111101011,2.0,00011001010111101011
12,2.0,00011001010111101011,2.0,00011001010111101011
13,200.0,10111000111110010001,16.0,10111000011110110001
13,16.0,10111000011110110001,16.0,10111000011110110001
13,16.0,10111000011110110001,16.0,10111000011110110001
13,16.0,10111000011110110001,2.0,00111000011110011011
13,2.0,00111000011110011011,2.0,00111000011110011011
13,2.0,00111000011110011011,2.0,00111000011110011011
13,2.0,00111000011110011011,2.0,00111000011110011011
13,2.0,00111000011110011011,2.0,00111000011110011011
13,2.0,00111000011110011011,2.0,00111000011110011011
13,2.0,00111000011110011011,2.0,00111000011110011011
13,2.0,00111000011110011011,2.0,00111000011110011011
13,2.0,00111000011110011011,2.0,00111000011110011011
13,2.0,00111000011110011011,2.0,00111000011110011011
13,2.0,00111000011110011011,2.0,00111000011110011011
13,2.0,00111000011110011011,2.0,00111000011110011011
13,2.0,00111000011110011011,2.0,00111000011110011011
13,2.0,00111000011110011011,2.0,00111000011110011011
13,2.0,00111000011110011011,2.0,00111000011110011011
13,2.0,00111000011110011011,2.0,00111000011110011011
13,2.0,00111000011110011011,2.0,00111000011110011011
13,2.0,00111000011110011011,2.0,00111000011110011011
13,2.0,00111000011110011011,2.0,00111000011110011011
13,2.0,00111000011110011011,2.0,00111000011110011011
13,2.0,00111000011110011011,2.0,00111000011110011011
13,2.0,00111000011110011011,2.0,00111000011110011011
13,2.0,00111000011110011011,2.0,00111000011110011011
13,2.0,00111000011110011011,2.0,00111000011110011011
13,2.0,00111000011110011011,2.0,00111000011110011011
13,2.0,00111000011110011011,2.0,00111000011110011011
13,2.0,00111000011110011011,2.0,00111000011110011011
13,2.0,00111000011110011011,2.0,00111000011110011011
13,2.0,00111000011110011011,2.0,00111000011110011011
13,2.0,00111000011110011011,2.0,00111000011110011011
13,2.0,00111000011110011011,2.0,00111000011110011011
13,2.0,00111000011110011011,2.0,00111000011110011011
14,294.0,11100001001000110100,100.0,11100000011000111100
14,100.0,11100000011000111100,84.0,11100100011000011111
14,84.0,11100100011000011111,84.0,01101100011010111101
14,84.0,01101100011010111101,84.0,01101100011010111101
14,84.0,01101100011010111101,24.0,01101001011010011001
14,24.0,01101001011010011001,12.0,01111101000010011011
14,12.0,01111101000010011011,8.0,11111100110010011001
14,8.0,11111100110010011001,8.0,11111100110010011001
14,8.0,11111100110010011001,8.0,10111101110010001000
14,8.0,10111101110010001000,8.0,10111101110010001000
14,8.0,10111101110010001000,8.0,10111101110010001000
14,8.0,10111101110010001000,8.0,10111101110010001000
14,8.0,10111101110010001000,8.0,10111101110010001000
14,8.0,10111101110010001000,8.0,10111101110010001000
14,8.0,10111101110010001000,8.0,10111101110010001000
14,8.0,10111101110010001000,8.0,11111100110010011001
14,8.0,11111100110010011001,4.0,11111100010000011100
14,4.0,11111100010000011100,4.0,11111100010000011100
14,4.0,11111100010000011100,4.0,11111100010000011100
14,4.0,11111100010000011100,4.0,11111100010000011100
14,4.0,11111100010000011100,4.0,11111100010000011100
14,4.0,11111100010000011100,4.0,11111100010000011100
14,4.0,11111100010000011100,4.0,11111100010000011100
14,4.0,11111100010000011100,4.0,11111100010000011100
14,4.0,11111100010000011100,4.0,11111100010000011100
14,4.0,11111100010000011100,2.0,11110010010000010100
14,2.0,11110010010000010100,2.0,11110010010000010100
14,2.0,11110010010000010100,2.0,11110010010000010100
14,2.0,11110010010000010100,2.0,11110010010000010100
14,2.0,11110010010000010100,2.0,11110010010000010100
14,2.0,11110010010000010100,2.0,11110010010000010100
14,2.0,11110010010000010100,2.0,11110010010000010100
14,2.0,11110010010000010100,2.0,11110010010000010100
14,2.0,11110010010000010100,2.0,11110010010000010100
14,2.0,11110010010000010100,2.0,11110010010000010100
14,2.0,11110010010000010100,2.0,11110010010000010100
14,2.0,11110010010000010100,2.0,11110010010000010100
14,2.0,11110010010000010100,2.0,11110010010000010100
14,2.0,11110010010000010100,2.0,11110010010000010100
14,2.0,11110010010000010100,2.0,11110010010000010100
14,2.0,11110010010000010100,2.0,11110010010000010100
14,2.0,11110010010000010100,2.0,11110010010000010100
14,2.0,11110010010000010100,2.0,11110010010000010100
14,2.0,11110010010000010100,2.0,11110010010000010100
14,2.0,11110010010000010100,2.0,11110010010000010100
14,2.0,11110010010000010100,2.0,11110010010000010100
14,2.0,11110010010000010100,2.0,11110010010000010100
14,2.0,11110010010000010100,2.0,11110010010000010100
14,2.0,11110010010000010100,2.0,11110010010000010100
14,2.0,11110010010000010100,2.0,11110010010000010100
14,2.0,11110010010000010100,2.0,11110010010000010100
14,2.0,11110010010000010100,2.0,11110010010000010100
14,2.0,11110010010000010100,2.0,11110010010000010100
14,2.0,11110010010000010100,2.0,11110010010000010100
14,2.0,11110010010000010100,2.0,11110010010000010100
14,2.0,11110010010000010100,2.0,11110010010000010100
14,2.0,11110010010000010100,2.0,11110010010000010100
14,2.0,11110010010000010100,2.0,11110010010000010100
14,2.0,11110010010000010100,2.0,11110010010000010100
14,2.0,11110010010000010100,2.0,11110010010000010100
14,2.0,11110010010000010100,2.0,11110010010000010100
14,2.0,11110010010000010100,2.0,11110010010000010100
14,2.0,11110010010000010100,2.0,11110010010000010100
14,2.0,11110010010000010100,2.0,11110010010000010100
14,2.0,11110010010000010100,2.0,11110010010000010100
14,2.0,11110010010000010100,2.0,11110010010000010100
14,2.0,11110010010000010100,2.0,11110010010000010100
14,2.0,11110010010000010100,2.0,11110010010000010100
14,2.0,11110010010000010100,2.0,11110010010000010100
14,2.0,11110010010000010100,2.0,11110010010000010100
14,2.0,11110010010000010100,2.0,11110010010000010100
14,2.0,11110010010000010100,2.0,11110010010000010100
14,2.0,11110010010000010100,2.0,11110010010000010100
15,224.0,10010000111101001001,224.0,10010000111101001001
15,224.0,10010000111101001001,160.0,00010100111111001010
15,160.0,00010100111111001010,28.0,01011000111011001011
15,28.0,01011000111011001011,28.0,01011000111011001011
15,28.0,01011000111011001011,28.0,01011000111011001011
15,28.0,01011000111011001011,16.0,01011000011001001110
15,16.0,01011000011001001110,16.0,01011000011001001110
15,16.0,01011000011001001110,16.0,01011000011001001110
15,16.0,01011000011001001110,16.0,01011000011001001110
15,16.0,01011000011001001110,16.0,01011000011001001110
15,16.0,01011000011001001110,16.0,01011000011001001110
15,16.0,01011000011001001110,16.0,01011000011001001110
15,16.0,01011000011001001110,16.0,01011000011001001110
15,16.0,01011000011001001110,16.0,01011000011001001110
15,16.0,01011000011001001110,16.0,01011000011001001110
15,16.0,01011000011001001110,8.0,00010101001001010110
15,8.0,00010101001001010110,8.0,00010101001001010110
15,8.0,00010101001001010110,8.0,00010101001001010110
15,8.0,00010101001001010110,8.0,00010101001001010110
15,8.0,00010101001001010110,8.0,00010101001001010110
15,8.0,00010101001001010110,8.0,00010101001001010110
15,8.0,00010101001001010110,2.0,01010100101011010100
15,2.0,01010100101011010100,2.0,01010100101011010100
15,2.0,01010100101011010100,2.0,01010100101011010100
15,2.0,01010100101011010100,2.0,00110000001101010100
15,2.0,00110000001101010100,2.0,00110000001101010100
15,2.0,00110000001101010100,2.0,00110000001101010100
15,2.0,00110000001101010100,2.0,00110000001101010100
15,2.0,00110000001101010100,2.0,00110000001101010100
15,2.0,00110000001101010100,2.0,00110000001101010100
15,2.0,00110000001101010100,2.0,00110000001101010100
15,2.0,00110000001101010100,2.0,00110000001101010100
15,2.0,00110000001101010100,2.0,00110000001101010100
15,2.0,00110000001101010100,2.0,00110000001101010100
15,2.0,00110000001101010100,2.0,00110000001101010100
15,2.0,00110000001101010100,2.0,00110000001101010100
15,2.0,00110000001101010100,2.0,00110000001101010100
15,2.0,00110000001101010100,2.0,00110000001101010100
15,2.0,00110000001101010100,2.0,00110000001101010100
15,2.0,00110000001101010100,2.0,00110000001101010100
15,2.0,00110000001101010100,2.0,00110000001101010100
15,2.0,00110000001101010100,2.0,00110000001101010100
15,2.0,00110000001101010100,2.0,00110000001101010100
15,2.0,00110000001101010100,2.0,00110000001101010100
15,2.0,00110000001101010100,2.0,00110000001101010100
15,2.0,00110000001101010100,2.0,00110000001101010100
15,2.0,00110000001101010100,2.0,00110000001101010100
15,2.0,00110000001101010100,2.0,00110000001101010100
15,2.0,00110000001101010100,2.0,00110000001101010100
15,2.0,00110000001101010100,2.0,00110000001101010100
15,2.0,00110000001101010100,2.0,00110000001101010100
15,2.0,00110000001101010100,2.0,00110000001101010100
15,2.0,00110000001101010100,2.0,00110000001101010100
15,2.0,00110000001101010100,2.0,00110000001101010100
15,2.0,00110000001101010100,2.0,00110000001101010100
15,2.0,00110000001101010100,2.0,00110000001101010100
15,2.0,00110000001101010100,2.0,00110000001101010100
15,2.0,00110000001101010100,2.0,00110000001101010100
15,2.0,00110000001101010100,2.0,00110000001101010100
15,2.0,00110000001101010100,2.0,00110000001101010100
15,2.0,00110000001101010100,2.0,00110000001101010100
15,2.0,00110000001101010100,2.0,00110000001101010100
15,2.0,00110000001101010100,2.0,00110000001101010100
16,1642.0,11001010101011000111,256.0,10001010101011110101
16,256.0,10001010101011110101,188.0,01001110101011010110
16,188.0,01001110101011010110,70.0,01001011101001010011
16,70.0,01001011101001010011,42.0,01000111101001010000
16,42.0,01000111101001010000,42.0,01000111101001010000
16,42.0,01000111101001010000,10.0,01000010101101011001
16,10.0,01000010101101011001,10.0,00000011101101001000
16,10.0,00000011101101001000,10.0,00000011101101001000
16,10.0,00000011101101001000,10.0,00000011101101001000
16,10.0,00000011101101001000,4.0,00100011100101001011
16,4.0,00100011100101001011,4.0,00100011100101001011
16,4.0,00100011100101001011,4.0,00100011100101001011
16,4.0,00100011100101001011,4.0,00100011100101001011
16,4.0,00100011100101001011,4.0,00100011100101001011
16,4.0,00100011100101001011,4.0,00100011100101001011
16,4.0,00100011100101001011,4.0,00100011100101001011
16,4.0,00100011100101001011,4.0,00100011100101001011
16,4.0,00100011100101001011,4.0,00100011100101001011
16,4.0,00100011100101001011,4.0,00100011100101001011
16,4.0,00100011100101001011,4.0,00100011100101001011
16,4.0,00100011100101001011,4.0,00100011100101001011
16,4.0,00100011100101001011,4.0,00100011100101001011
16,4.0,00100011100101001011,4.0,00100011100101001011
16,4.0,00100011100101001011,4.0,00100011100101001011
16,4.0,00100011100101001011,4.0,00100011100101001011
16,4.0,00100011100101001011,4.0,00100011100101001011
16,4.0,00100011100101001011,4.0,00100011100101001011
16,4.0,00100011100101001011,4.0,00100011100101001011
16,4.0,00100011100101001011,4.0,00100011100101001011
16,4.0,00100011100101001011,4.0,00110001100001011000
16,4.0,00110001100001011000,4.0,00110001100001011000
16,4.0,00110001100001011000,4.0,00110001100001011000
16,4.0,00110001100001011000,4.0,00110001100001011000
17,2410.0,00001101111100011111,70.0,00000100111111011110
17,70.0,00000100111111011110,42.0,10001100111011011100
17,42.0,10001100111011011100,28.0,10101100110011011111
17,28.0,10101100110011011111,28.0,10101100110011011111
17,28.0,10101100110011011111,28.0,10101100110011011111
17,28.0,10101100110011011111,28.0,10101100110011011111
17,28.0,10101100110011011111,26.0,10101100100111011100
17,26.0,10101100100111011100,26.0,10100100001001011111
17,26.0,10100100001001011111,26.0,10100100001001011111
17,26.0,10100100001001011111,26.0,10100100001001011111
17,26.0,10100100001001011111,26.0,10100100001001011111
17,26.0,10100100001001011111,6.0,00100001011001010111
17,6.0,00100001011001010111,0.0,01100000111011010101
17,0.0,01100000111011010101,0.0,01100000111011010101
17,0.0,01100000111011010101,0.0,01100000111011010101
17,0.0,01100000111011010101,0.0,01100000111011010101
17,0.0,01100000111011010101,0.0,01100000111011010101
17,0.0,01100000111011010101,0.0,01100000111011010101
17,0.0,01100000111011010101,0.0,01100000111011010101
17,0.0,01100000111011010101,0.0,01100000111011010101
17,0.0,01100000111011010101,0.0,01100000111011010101
17,0.0,01100000111011010101,0.0,01100000111011010101
17,0.0,01100000111011010101,0.0,01100000111011010101
17,0.0,01100000111011010101,0.0,01100000111011010101
17,0.0,01100000111011010101,0.0,01100000111011010101
17,0.0,01100000111011010101,0.0,01100000111011010101
17,0.0,01100000111011010101,0.0,01100000111011010101
17,0.0,01100000111011010101,0.0,01100000111011010101
17,0.0,01100000111011010101,0.0,01100000111011010101
17,0.0,01100000111011010101,0.0,01100000111011010101
18,2146.0,01010001110110001100,932.0,00010111100100001110
18,932.0,00010111100100001110,100.0,00011111100111000011
18,100.0,00011111100111000011,90.0,10010001100111000110
18,90.0,10010001100111000110,90.0,10010001100111000110
18,90.0,10010001100111000110,90.0,10010001100111000110
18,90.0,10010001100111000110,14.0,11010001100011000100
18,14.0,11010001100011000100,14.0,11010001100011000100
18,14.0,11010001100011000100,14.0,11010001100011000100
18,14.0,11010001100011000100,14.0,11010001100011000100
18,14.0,11010001100011000100,8.0,11010011100001000000
18,8.0,11010011100001000000,8.0,11010011100001000000
18,8.0,11010011100001000000,8.0,11010011100001000000
18,8.0,11010011100001000000,2.0,11000111100001100100
18,2.0,11000111100001100100,2.0,11000111100001100100
18,2.0,11000111100001100100,2.0,11000111100001100100
18,2.0,11000111100001100100,2.0,11000111100001100100
18,2.0,11000111100001100100,2.0,11000111100001100100
18,2.0,11000111100001100100,2.0,11000111100001100100
18,2.0,11000111100001100100,2.0,11000111100001100100
18,2.0,11000111100001100100,2.0,11000111100001100100
18,2.0,11000111100001100100,2.0,11000111100001100100
18,2.0,11000111100001100100,2.0,11000111100001100100
18,2.0,11000111100001100100,2.0,11000111100001100100
18,2.0,11000111100001100100,2.0,11000111100001100100
18,2.0,11000111100001100100,2.0,11000111100001100100
18,2.0,11000111100001100100,2.0,11000111100001100100
18,2.0,11000111100001100100,2.0,11000111100001100100
18,2.0,11000111100001100100,2.0,11000111100001100100
18,2.0,11000111100001100100,2.0,11000111100001100100
18,2.0,11000111100001100100,2.0,11000111100001100100
18,2.0,11000111100001100100,2.0,11000111100001100100
18,2.0,11000111100001100100,2.0,11000111100001100100
18,2.0,11000111100001100100,2.0,11000111100001100100
18,2.0,11000111100001100100,2.0,11000111100001100100
18,2.0,11000111100001100100,2.0,11000111100001100100
18,2.0,11000111100001100100,2.0,11000111100001100100
18,2.0,11000111100001100100,2.0,11000111100001100100
18,2.0,11000111100001100100,2.0,11000111100001100100
18,2.0,11000111100001100100,2.0,11000111100001100100
18,2.0,11000111100001100100,2.0,11000111100001100100
18,2.0,11000111100001100100,2.0,11000111100001100100
19,264.0,11010010100011110000,78.0,10011110110011110001
19,78.0,10011110110011110001,78.0,10011110110011110001
19,78.0,10011110110011110001,78.0,10011110110011110001
19,78.0,10011110110011110001,78.0,10011110110011110001
19,78.0,10011110110011110001,26.0,00010111110011100000
19,26.0,00010111110011100000,26.0,00010111110011100000
19,26.0,00010111110011100000,26.0,00010111110011100000
19,26.0,00010111110011100000,26.0,00010111110011100000
19,26.0,00010111110011100000,6.0,00110111100001000010
19,6.0,00110111100001000010,6.0,00110111100001000010
19,6.0,00110111100001000010,6.0,00110111100001000010
19,6.0,00110111100001000010,6.0,00110111100001000010
19,6.0,00110111100001000010,6.0,00110111100001000010
19,6.0,00110111100001000010,6.0,00110111100001000010
19,6.0,00110111100001000010,6.0,00110111100001000010
19,6.0,00110111100001000010,6.0,00110111100001000010
19,6.0,00110111100001000010,6.0,00110111100001000010
19,6.0,00110111100001000010,6.0,00110111100001000010
19,6.0,00110111100001000010,6.0,00110111100001000010
19,6.0,00110111100001000010,6.0,00110111100001000010
19,6.0,00110111100001000010,6.0,00110111100001000010
19,6.0,00110111100001000010,6.0,00110111100001000010
19,6.0,00110111100001000010,6.0,00110111100001000010
19,6.0,00110111100001000010,6.0,00110111100001000010
19,6.0,00110111100001000010,6.0,00110111100001000010
19,6.0,00110111100001000010,6.0,00110111100001000010
19,6.0,00110111100001000010,6.0,00110111100001000010
19,6.0,00110111100001000010,6.0,00110111100001000010
19,6.0,00110111100001000010,6.0,00110111100001000010
19,6.0,00110111100001000010,6.0,00110111100001000010
19,6.0,00110111100001000010,6.0,00110111100001000010
19,6.0,00110111100001000010,6.0,00110111100001000010
19,6.0,00110111100001000010,6.0,00110111100001000010
19,6.0,00110111100001000010,6.0,00110111100001000010
19,6.0,00110111100001000010,6.0,00110111100001000010
19,6.0,00110111100001000010,6.0,00110111100001000010
19,6.0,00110111100001000010,6.0,00110111100001000010
19,6.0,00110111100001000010,6.0,00110111100001000010
19,6.0,00110111100001000010,6.0,00110111100001000010
19,6.0,00110111100001000010,6.0,00110111100001000010
19,6.0,00110111100001000010,6.0,00110111100001000010
19,6.0,00110111100001000010,6.0,00110111100001000010
19,6.0,00110111100001000010,6.0,00110111100001000010
19,6.0,00110111100001000010,6.0,00110111100001000010
19,6.0,00110111100001000010,6.0,00110111100001000010
19,6.0,00110111100001000010,6.0,00110111100001000010
19,6.0,00110111100001000010,6.0,00110111100001000010
19,6.0,00110111100001000010,6.0,00110111100001000010
19,6.0,00110111100001000010,6.0,00110111100001000010
19,6.0,00110111100001000010,6.0,00110111100001000010
19,6.0,00110111100001000010,6.0,00110111100001000010
19,6.0,00110111100001000010,6.0,00110111100001000010
19,6.0,00110111100001000010,6.0,00110111100001000010
19,6.0,00110111100001000010,6.0,00110111100001000010
19,6.0,00110111100001000010,6.0,00110111100001000010
19,6.0,00110111100001000010,6.0,00110111100001000010
19,6.0,00110111100001000010,6.0,00110111100001000010
19,6.0,00110111100001000010,6.0,00110111100001000010
19,6.0,00110111100001000010,6.0,00110111100001000010
19,6.0,00110111100001000010,6.0,00110111100001000010
20,240.0,11101101111000010010,240.0,11101101111000010010
20,240.0,11101101111000010010,216.0,10100101111010110010
20,216.0,10100101111010110010,174.0,10100101111110100010
20,174.0,10100101111110100010,136.0,10101111110110100010
20,136.0,10101111110110100010,20.0,10100111110010100100
20,20.0,10100111110010100100,20.0,10100111110010100100
20,20.0,10100111110010100100,10.0,10111101010010100110
20,10.0,10111101010010100110,4.0,10111111010000100010
20,4.0,10111111010000100010,4.0,10111111010000100010
20,4.0,10111111010000100010,4.0,10111111010000100010
20,4.0,10111111010000100010,2.0,10101011010100101011
20,2.0,10101011010100101011,2.0,10101011010100101011
20,2.0,10101011010100101011,2.0,10101011010100101011
20,2.0,10101011010100101011,2.0,10101011010100101011
20,2.0,10101011010100101011,2.0,10101011010100101011
20,2.0,10101011010100101011,2.0,10101011010100101011
20,2.0,10101011010100101011,2.0,10101011010100101011
20,2.0,10101011010100101011,2.0,10101011010100101011
20,2.0,10101011010100101011,2.0,10101011010100101011
20,2.0,10101011010100101011,2.0,10101011010100101011
20,2.0,10101011010100101011,2.0,10101011010100101011
20,2.0,10101011010100101011,2.0,10101011010100101011
20,2.0,10101011010100101011,2.0,10101011010100101011
20,2.0,10101011010100101011,2.0,10101011010100101011
20,2.0,10101011010100101011,2.0,10101011010100101011
20,2.0,10101011010100101011,2.0,10101011010100101011
20,2.0,10101011010100101011,2.0,10101011010100101011
20,2.0,10101011010100101011,2.0,10101011010100101011
20,2.0,10101011010100101011,2.0,10101011010100101011
20,2.0,10101011010100101011,2.0,10101011010100101011
20,2.0,10101011010100101011,2.0,10101011010100101011
20,2.0,10101011010100101011,2.0,10101011010100101011
20,2.0,10101011010100101011,2.0,10101011010100101011
20,2.0,10101011010100101011,2.0,10101011010100101011
20,2.0,10101011010100101011,2.0,10101011010100101011
21,902.0,01100100111110001110,242.0,01100100110111001110
21,242.0,01100100110111001110,156.0,01100110010110101110
21,156.0,01100110010110101110,156.0,01100110010110101110
21,156.0,01100110010110101110,156.0,01100110010110101110
21,156.0,01100110010110101110,54.0,01100110110100101111
21,54.0,01100110110100101111,54.0,01100110110100101111
21,54.0,01100110110100101111,4.0,11101110010100001111
21,4.0,11101110010100001111,4.0,11101110010100001111
21,4.0,11101110010100001111,4.0,11101110010100001111
21,4.0,11101110010100001111,4.0,11101110010100001111
21,4.0,11101110010100001111,4.0,11101110010100001111
21,4.0,11101110010100001111,4.0,11101110010100001111
21,4.0,11101110010100001111,4.0,11101110010100001111
21,4.0,11101110010100001111,4.0,11101110010100001111
21,4.0,11101110010100001111,4.0,11101110010100001111
21,4.0,11101110010100001111,4.0,11101110010100001111
21,4.0,11101110010100001111,4.0,11101110010100001111
21,4.0,11101110010100001111,4.0,11101110010100001111
21,4.0,11101110010100001111,4.0,11101110010100001111
21,4.0,11101110010100001111,4.0,11101110010100001111
21,4.0,11101110010100001111,4.0,11101110010100001111
21,4.0,11101110010100001111,4.0,11101110010100001111
21,4.0,11101110010100001111,4.0,11101110010100001111
21,4.0,11101110010100001111,4.0,11101110010100001111
21,4.0,11101110010100001111,4.0,11101110010100001111
21,4.0,11101110010100001111,4.0,11101110010100001111
21,4.0,11101110010100001111,4.0,11101110010100001111
21,4.0,11101110010100001111,4.0,11001110011110100111
21,4.0,11001110011110100111,4.0,11001110011110100111
21,4.0,11001110011110100111,4.0,11001110011110100111
21,4.0,11001110011110100111,4.0,11001110011110100111
21,4.0,11001110011110100111,4.0,11001110011110100111
21,4.0,11001110011110100111,4.0,11001110011110100111
21,4.0,11001110011110100111,4.0,11001110011110100111
21,4.0,11001110011110100111,4.0,11001110011110100111
21,4.0,11001110011110100111,4.0,11001110011110100111
21,4.0,11001110011110100111,4.0,11001110011110100111
21,4.0,11001110011110100111,4.0,11001110011110100111
21,4.0,11001110011110100111,4.0,11001110011110100111
21,4.0,11001110011110100111,4.0,11001110011110100111
21,4.0,11001110011110100111,4.0,11001110011110100111
21,4.0,11001110011110100111,4.0,11001110011110100111
21,4.0,11001110011110100111,4.0,11001110011110100111
21,4.0,11001110011110100111,4.0,11001110011110100111
21,4.0,11001110011110100111,4.0,11001110011110100111
22,978.0,11101101111100000001,144.0,11100110101110100000
22,144.0,11100110101110100000,144.0,11100110101110100000
22,144.0,11100110101110100000,98.0,11101001110110100100
22,98.0,11101001110110100100,98.0,11101001110110100100
22,98.0,11101001110110100100,30.0,11011001010010001110
22,30.0,11011001010010001110,30.0,11011001010010001110
22,30.0,11011001010010001110,30.0,11011001010010001110
22,30.0,11011001010010001110,30.0,11011001010010001110
22,30.0,11011001010010001110,30.0,11011001010010001110
22,30.0,11011001010010001110,0.0,11000011110010001100
22,0.0,11000011110010001100,0.0,11000011110010001100
22,0.0,11000011110010001100,0.0,11000011110010001100
22,0.0,11000011110010001100,0.0,11000011110010001100
22,0.0,11000011110010001100,0.0,11000011110010001100
22,0.0,11000011110010001100,0.0,11000011110010001100
22,0.0,11000011110010001100,0.0,11000011110010001100
22,0.0,11000011110010001100,0.0,11000011110010001100
22,0.0,11000011110010001100,0.0,11000011110010001100
22,0.0,11000011110010001100,0.0,11000011110010001100
22,0.0,11000011110010001100,0.0,11000011110010001100
22,0.0,11000011110010001100,0.0,11000011110010001100
22,0.0,11000011110010001100,0.0,11000011110010001100
22,0.0,11000011110010001100,0.0,11000011110010001100
22,0.0,11000011110010001100,0.0,11000011110010001100
22,0.0,11000011110010001100,0.0,11000011110010001100
22,0.0,11000011110010001100,0.0,11000011110010001100
22,0.0,11000011110010001100,0.0,11000011110010001100
22,0.0,11000011110010001100,0.0,11000011110010001100
22,0.0,11000011110010001100,0.0,11000011110010001100
22,0.0,11000011110010001100,0.0,11000011110010001100
22,0.0,11000011110010001100,0.0,11000011110010001100
22,0.0,11000011110010001100,0.0,11000011110010001100
22,0.0,11000011110010001100,0.0,11000011110010001100
22,0.0,11000011110010001100,0.0,11000011110010001100
22,0.0,11000011110010001100,0.0,11000011110010001100
22,0.0,11000011110010001100,0.0,11000011110010001100
22,0.0,11000011110010001100,0.0,11000011110010001100
22,0.0,11000011110010001100,0.0,11000011110010001100
22,0.0,11000011110010001100,0.0,11000011110010001100
22,0.0,11000011110010001100,0.0,11000011110010001100
22,0.0,11000011110010001100,0.0,11000011110010001100
22,0.0,11000011110010001100,0.0,11000011110010001100
22,0.0,11000011110010001100,0.0,11000011110010001100
23,1394.0,11100101000011101000,1394.0,11100101000011101000
23,1394.0,11100101000011101000,4.0,11100111000011000001
23,4.0,11100111000011000001,4.0,11100111000011000001
23,4.0,11100111000011000001,4.0,11100111000011000001
23,4.0,11100111000011000001,4.0,11100111000011000001
23,4.0,11100111000011000001,4.0,11100111000011000001
23,4.0,11100111000011000001,4.0,11100111000011000001
23,4.0,11100111000011000001,4.0,11100111000011000001
23,4.0,11100111000011000001,4.0,11100111000011000001
23,4.0,11100111000011000001,4.0,11100111000011000001
23,4.0,11100111000011000001,4.0,11100111000011000001
23,4.0,11100111000011000001,4.0,11100111000011000001
23,4.0,11100111000011000001,4.0,11100111000011000001
23,4.0,11100111000011000001,4.0,11100111000011000001
23,4.0,11100111000011000001,4.0,11100111000011000001
23,4.0,11100111000011000001,4.0,11100111000011000001
24,110.0,10010010110101001010,46.0,00110010100101001011
24,46.0,00110010100101001011,20.0,00111110100101000101
24,20.0,00111110100101000101,20.0,00111110100101000101
24,20.0,00111110100101000101,20.0,00111110100101000101
24,20.0,00111110100101000101,20.0,00111110100101000101
24,20.0,00111110100101000101,6.0,00110111100001000010
24,6.0,00110111100001000010,6.0,00110111100001000010
24,6.0,00110111100001000010,6.0,00110111100001000010
24,6.0,00110111100001000010,4.0,00100011100101001011
24,4.0,00100011100101001011,4.0,00100011100101001011
24,4.0,00100011100101001011,4.0,00100011100101001011
24,4.0,00100011100101001011,4.0,00100011100101001011
24,4.0,00100011100101001011,4.0,00100011100101001011
24,4.0,00100011100101001011,4.0,00100011100101001011
24,4.0,00100011100101001011,4.0,00100011100101001011
24,4.0,00100011100101001011,4.0,00100011100101001011
24,4.0,00100011100101001011,4.0,00100011100101001011
24,4.0,00100011100101001011,4.0,00100011100101001011
24,4.0,00100011100101001011,4.0,00100011100101001011
24,4.0,00100011100101001011,4.0,00100011100101001011
24,4.0,00100011100101001011,4.0,00100011100101001011
24,4.0,00100011100101001011,4.0,00100011100101001011
25,178.0,01011110010011101000,156.0,01001010001011101100
25,156.0,01001010001011101100,44.0,01000010001011101101
25,44.0,01000010001011101101,28.0,01001110001011110110
25,28.0,01001110001011110110,28.0,01001110001011110110
25,28.0,01001110001011110110,28.0,01001110001011110110
25,28.0,01001110001011110110,28.0,01001110001011110110
25,28.0,01001110001011110110,28.0,01001110001011110110
25,28.0,01001110001011110110,28.0,01011100101110110111
25,28.0,01011100101110110111,28.0,01011100101110110111
25,28.0,01011100101110110111,28.0,01011100101110110111
25,28.0,01011100101110110111,22.0,01001101101110110111
25,22.0,01001101101110110111,22.0,01001101101110110111
25,22.0,01001101101110110111,20.0,11000101101110100110
25,20.0,11000101101110100110,20.0,11000101101110100110
25,20.0,11000101101110100110,20.0,11000101101110100110
25,20.0,11000101101110100110,4.0,11001110011110100111
25,4.0,11001110011110100111,4.0,11001110011110100111
25,4.0,11001110011110100111,4.0,11001110011110100111
25,4.0,11001110011110100111,4.0,11001110011110100111
25,4.0,11001110011110100111,4.0,11001110011110100111
25,4.0,11001110011110100111,4.0,11001110011110100111
25,4.0,11001110011110100111,4.0,11001110011110100111
25,4.0,11001110011110100111,4.0,11001110011110100111
25,4.0,11001110011110100111,4.0,11001110011110100111
25,4.0,11001110011110100111,4.0,11001110011110100111
25,4.0,11001110011110100111,4.0,11001110011110100111
25,4.0,11001110011110100111,4.0,11001110011110100111
25,4.0,11001110011110100111,4.0,11001110011110100111
25,4.0,11001110011110100111,4.0,11001110011110100111
25,4.0,11001110011110100111,4.0,11001110011110100111
25,4.0,11001110011110100111,4.0,11001110011110100111
25,4.0,11001110011110100111,4.0,11001110011110100111
25,4.0,11001110011110100111,4.0,11001110011110100111
25,4.0,11001110011110100111,4.0,11001110011110100111
25,4.0,11001110011110100111,4.0,11001110011110100111
25,4.0,11001110011110100111,4.0,11001110011110100111
25,4.0,11001110011110100111,4.0,11001110011110100111
25,4.0,11001110011110100111,4.0,11001110011110100111
25,4.0,11001110011110100111,4.0,11001110011110100111
25,4.0,11001110011110100111,4.0,11001110011110100111
25,4.0,11001110011110100111,4.0,11001110011110100111
25,4.0,11001110011110100111,4.0,11001110011110100111
25,4.0,11001110011110100111,4.0,11001110011110100111
25,4.0,11001110011110100111,4.0,11001110011110100111
25,4.0,11001110011110100111,4.0,11001110011110100111
25,4.0,11001110011110100111,4.0,11001110011110100111
25,4.0,11001110011110100111,4.0,11001110011110100111
25,4.0,11001110011110100111,4.0,11001110011110100111
25,4.0,11001110011110100111,4.0,11001110011110100111
25,4.0,11001110011110100111,4.0,11001110011110100111
25,4.0,11001110011110100111,4.0,11001110011110100111
25,4.0,11001110011110100111,4.0,11001110011110100111
25,4.0,11001110011110100111,4.0,11001110011110100111
25,4.0,11001110011110100111,4.0,11001110011110100111
25,4.0,11001110011110100111,4.0,11001110011110100111
25,4.0,11001110011110100111,4.0,11001110011110100111
25,4.0,11001110011110100111,4.0,11001110011110100111
25,4.0,11001110011110100111,4.0,11001110011110100111
25,4.0,11001110011110100111,4.0,11001110011110100111
25,4.0,11001110011110100111,4.0,11001110011110100111
25,4.0,11001110011110100111,4.0,11001110011110100111
25,4.0,11001110011110100111,4.0,11001110011110100111
25,4.0,11001110011110100111,4.0,11001110011110100111
25,4.0,11001110011110100111,4.0,11001110011110100111
26,398.0,01100010011001001001,306.0,01100010001001101010
26,306.0,01100010001001101010,156.0,01100110101100101011
26,156.0,01100110101100101011,156.0,01100110101100101011
26,156.0,01100110101100101011,80.0,01100110111100110001
26,80.0,01100110111100110001,22.0,01101111011010000011
26,22.0,01101111011010000011,22.0,01101111011010000011
26,22.0,01101111011010000011,22.0,01101111011010000011
26,22.0,01101111011010000011,22.0,01101111011010000011
26,22.0,01101111011010000011,22.0,01101111011010000011
26,22.0,01101111011010000011,6.0,01101011011010100000
26,6.0,01101011011010100000,6.0,01101011011010100000
26,6.0,01101011011010100000,6.0,01101011011010100000
26,6.0,01101011011010100000,6.0,01101011011010100000
26,6.0,01101011011010100000,6.0,01101011011010100000
26,6.0,01101011011010100000,6.0,01101011011010100000
26,6.0,01101011011010100000,6.0,01101011011010100000
26,6.0,01101011011010100000,6.0,01101011011010100000
26,6.0,01101011011010100000,6.0,01101011011010100000
26,6.0,01101011011010100000,6.0,01101011011010100000
26,6.0,01101011011010100000,6.0,01101011011010100000
26,6.0,01101011011010100000,6.0,01101011011010100000
26,6.0,01101011011010100000,6.0,01101011011010100000
26,6.0,01101011011010100000,6.0,01101011011010100000
26,6.0,01101011011010100000,6.0,01101011011010100000
26,6.0,01101011011010100000,6.0,01101011011010100000
26,6.0,01101011011010100000,6.0,01101011011010100000
26,6.0,01101011011010100000,6.0,01101011011010100000
26,6.0,01101011011010100000,6.0,01101011011010100000
26,6.0,01101011011010100000,6.0,01101011011010100000
26,6.0,01101011011010100000,6.0,01101011011010100000
26,6.0,01101011011010100000,6.0,01101011011010100000
26,6.0,01101011011010100000,6.0,01101011011010100000
26,6.0,01101011011010100000,6.0,01101011011010100000
26,6.0,01101011011010100000,6.0,01101011011010100000
26,6.0,01101011011010100000,6.0,01101011011010100000
27,252.0,01110000000101001111,238.0,01010000001101001100
27,238.0,01010000001101001100,238.0,01010000001101001100
27,238.0,01010000001101001100,238.0,01010000001101001100
27,238.0,01010000001101001100,16.0,01011000011001001110
27,16.0,01011000011001001110,16.0,01011000011001001110
27,16.0,01011000011001001110,16.0,01011000011001001110
27,16.0,01011000011001001110,16.0,01011000011001001110
27,16.0,01011000011001001110,16.0,01011000011001001110
27,16.0,01011000011001001110,16.0,01011000011001001110
27,16.0,01011000011001001110,16.0,01011000011001001110
27,16.0,01011000011001001110,16.0,01011000011001001110
27,16.0,01011000011001001110,16.0,01011000011001001110
27,16.0,01011000011001001110,16.0,01011000011001001110
27,16.0,01011000011001001110,14.0,01011100011010011110
27,14.0,01011100011010011110,4.0,11011100011010110100
27,4.0,11011100011010110100,4.0,11011100011010110100
27,4.0,11011100011010110100,4.0,11011100011010110100
27,4.0,11011100011010110100,4.0,11011100011010110100
27,4.0,11011100011010110100,4.0,11011100011010110100
27,4.0,11011100011010110100,4.0,11011100011010110100
27,4.0,11011100011010110100,4.0,11011100011010110100
27,4.0,11011100011010110100,4.0,11011100011010110100
27,4.0,11011100011010110100,4.0,11011100011010110100
27,4.0,11011100011010110100,4.0,11011100011010110100
27,4.0,11011100011010110100,4.0,11011100011010110100
27,4.0,11011100011010110100,4.0,11011100011010110100
27,4.0,11011100011010110100,4.0,11011100011010110100
27,4.0,11011100011010110100,4.0,11011100011010110100
27,4.0,11011100011010110100,4.0,11011100011010110100
27,4.0,11011100011010110100,4.0,11011100011010110100
27,4.0,11011100011010110100,4.0,11011100011010110100
27,4.0,11011100011010110100,4.0,11011100011010110100
27,4.0,11011100011010110100,4.0,11011100011010110100
27,4.0,11011100011010110100,4.0,11011100011010110100
28,62.0,01010101001011100000,62.0,01011100001111110010
28,62.0,01011100001111110010,2.0,11011000001101110001
28,2.0,11011000001101110001,2.0,11011000001101110001
28,2.0,11011000001101110001,2.0,11011000001101110001
28,2.0,11011000001101110001,2.0,11011000001101110001
28,2.0,11011000001101110001,2.0,11011000001101110001
28,2.0,11011000001101110001,2.0,11011000001101110001
28,2.0,11011000001101110001,2.0,11011000001101110001
28,2.0,11011000001101110001,2.0,11011000001101110001
28,2.0,11011000001101110001,2.0,11011000001101110001
28,2.0,11011000001101110001,2.0,10011001001101100000
28,2.0,10011001001101100000,2.0,10011001001101100000
28,2.0,10011001001101100000,2.0,10011001001101100000
28,2.0,10011001001101100000,2.0,10011001001101100000
28,2.0,10011001001101100000,2.0,10011001001101100000
28,2.0,10011001001101100000,2.0,10011001001101100000
28,2.0,10011001001101100000,2.0,10011001001101100000
28,2.0,10011001001101100000,2.0,10011001001101100000
28,2.0,10011001001101100000,2.0,10011001001101100000
28,2.0,10011001001101100000,2.0,10011001001101100000
28,2.0,10011001001101100000,2.0,11011000001101110001
28,2.0,11011000001101110001,2.0,11011000001101110001
28,2.0,11011000001101110001,2.0,10011001001101100000
28,2.0,10011001001101100000,2.0,10011001001101100000
28,2.0,10011001001101100000,2.0,10011001001101100000
28,2.0,10011001001101100000,2.0,10011001001101100000
28,2.0,10011001001101100000,2.0,10011001001101100000
28,2.0,10011001001101100000,2.0,10011001001101100000
28,2.0,10011001001101100000,2.0,10011001001101100000
28,2.0,10011001001101100000,2.0,10011001001101100000
28,2.0,10011001001101100000,2.0,10011001001101100000
29,1280.0,11000011111000001000,276.0,11000010111000101110
29,276.0,11000010111000101110,276.0,11000010111000101110
29,276.0,11000010111000101110,98.0,11000110001100101110
29,98.0,11000110001100101110,98.0,11000110001100101110
29,98.0,11000110001100101110,86.0,11000110101110101011
29,86.0,11000110101110101011,32.0,11101010101110100011
29,32.0,11101010101110100011,32.0,11101010101110100011
29,32.0,11101010101110100011,32.0,11101010101110100011
29,32.0,11101010101110100011,32.0,11101010101110100011
29,32.0,11101010101110100011,32.0,11101010101110100011
29,32.0,11101010101110100011,32.0,11101010101110100011
29,32.0,11101010101110100011,24.0,01101110100101101011
29,24.0,01101110100101101011,22.0,01100010100101001100
29,22.0,01100010100101001100,22.0,01100010100101001100
29,22.0,01100010100101001100,22.0,01100010100101001100
29,22.0,01100010100101001100,22.0,01100010100101001100
29,22.0,01100010100101001100,22.0,01100010100101001100
29,22.0,01100010100101001100,22.0,01100010100101001100
29,22.0,01100010100101001100,22.0,01100010100101001100
29,22.0,01100010100101001100,22.0,01100010100101001100
29,22.0,01100010100101001100,16.0,01000111100001001110
29,16.0,01000111100001001110,10.0,00000011101101001000
29,10.0,00000011101101001000,10.0,00000011101101001000
29,10.0,00000011101101001000,10.0,00000011101101001000
29,10.0,00000011101101001000,10.0,00000011101101001000
29,10.0,00000011101101001000,10.0,00000011101101001000
29,10.0,00000011101101001000,10.0,00000011101101001000
29,10.0,00000011101101001000,10.0,00000011101101001000
29,10.0,00000011101101001000,10.0,00000011101101001000
29,10.0,00000011101101001000,10.0,00000011101101001000
29,10.0,00000011101101001000,10.0,00000011101101001000
29,10.0,00000011101101001000,10.0,00000011101101001000
29,10.0,00000011101101001000,10.0,00000011101101001000
29,10.0,00000011101101001000,10.0,00000011101101001000
29,10.0,00000011101101001000,10.0,01001110101101101000
29,10.0,01001110101101101000,10.0,01001110101101101000
29,10.0,01001110101101101000,10.0,01001110101101101000
29,10.0,01001110101101101000,10.0,00000011101101001000
29,10.0,00000011101101001000,10.0,00000011101101001000
29,10.0,00000011101101001000,10.0,00000011101101001000
29,10.0,00000011101101001000,10.0,00000011101101001000
29,10.0,00000011101101001000,10.0,00000011101101001000
29,10.0,00000011101101001000,10.0,00000011101101001000
29,10.0,00000011101101001000,10.0,00000011101101001000
29,10.0,00000011101101001000,10.0,00000011101101001000
29,10.0,00000011101101001000,10.0,00000011101101001000
29,10.0,00000011101101001000,10.0,00000011101101001000
29,10.0,00000011101101001000,10.0,00000011101101001000
29,10.0,00000011101101001000,10.0,00000011101101001000
29,10.0,00000011101101001000,10.0,00000011101101001000
29,10.0,00000011101101001000,10.0,00000011101101001000
29,10.0,00000011101101001000,10.0,00000011101101001000
29,10.0,00000011101101001000,10.0,00000011101101001000
29,10.0,00000011101101001000,10.0,00000011101101001000
29,10.0,00000011101101001000,4.0,00000001101111001100
29,4.0,00000001101111001100,2.0,00001101101111101011
29,2.0,00001101101111101011,2.0,00001101101111101011
29,2.0,00001101101111101011,2.0,00001101101111101011
29,2.0,00001101101111101011,2.0,00001101101111101011
29,2.0,00001101101111101011,2.0,00001101101111101011
29,2.0,00001101101111101011,2.0,00001101101111101011
29,2.0,00001101101111101011,2.0,00101101111011100011
29,2.0,00101101111011100011,2.0,00101101111011100011
29,2.0,00101101111011100011,2.0,00101101111011100011
29,2.0,00101101111011100011,2.0,00101101111011100011
29,2.0,00101101111011100011,2.0,00101101111011100011
29,2.0,00101101111011100011,2.0,00101101111011100011
29,2.0,00101101111011100011,2.0,00101101111011100011
29,2.0,00101101111011100011,2.0,00101101111011100011
29,2.0,00101101111011100011,2.0,00101101111011100011
29,2.0,00101101111011100011,2.0,00101101111011100011
29,2.0,00101101111011100011,2.0,00101101111011100011
29,2.0,00101101111011100011,2.0,00101101111011100011
29,2.0,00101101111011100011,2.0,00101101111011100011
29,2.0,00101101111011100011,2.0,00101101111011100011
29,2.0,00101101111011100011,2.0,00101101111011100011
29,2.0,00101101111011100011,2.0,00101101111011100011
29,2.0,00101101111011100011,2.0,00101101111011100011
29,2.0,00101101111011100011,2.0,00101101111011100011
29,2.0,00101101111011100011,2.0,00101101111011100011
29,2.0,00101101111011100011,2.0,00101101111011100011
29,2.0,00101101111011100011,2.0,00101101111011100011
29,2.0,00101101111011100011,2.0,00101101111011100011
29,2.0,00101101111011100011,2.0,00101101111011100011
29,2.0,00101101111011100011,2.0,00101101111011100011
29,2.0,00101101111011100011,0.0,00100001111011000100
29,0.0,00100001111011000100,0.0,00100001111011000100
29,0.0,00100001111011000100,0.0,00100001111011000100
29,0.0,00100001111011000100,0.0,00100001111011000100
29,0.0,00100001111011000100,0.0,00100001111011000100
29,0.0,00100001111011000100,0.0,00100001111011000100
29,0.0,00100001111011000100,0.0,00100001111011000100
29,0.0,00100001111011000100,0.0,00100001111011000100
29,0.0,00100001111011000100,0.0,00100001111011000100
29,0.0,00100001111011000100,0.0,00100001111011000100
29,0.0,00100001111011000100,0.0,00100001111011000100
29,0.0,00100001111011000100,0.0,00100001111011000100
29,0.0,00100001111011000100,0.0,00100001111011000100
29,0.0,00100001111011000100,0.0,00100001111011000100
29,0.0,00100001111011000100,0.0,00100001111011000100
29,0.0,00100001111011000100,0.0,00100001111011000100
29,0.0,00100001111011000100,0.0,00100001111011000100
29,0.0,00100001111011000100,0.0,00100001111011000100
29,0.0,00100001111011000100,0.0,00100001111011000100
29,0.0,00100001111011000100,0.0,00100001111011000100
29,0.0,00100001111011000100,0.0,00100001111011000100
29,0.0,00100001111011000100,0.0,00100001111011000100
29,0.0,00100001111011000100,0.0,00100001111011000100
29,0.0,00100001111011000100,0.0,00100001111011000100
29,0.0,00100001111011000100,0.0,00100001111011000100
29,0.0,00100001111011000100,0.0,00100001111011000100
29,0.0,00100001111011000100,0.0,00100001111011000100
29,0.0,00100001111011000100,0.0,00100001111011000100
29,0.0,00100001111011000100,0.0,00100001111011000100
29,0.0,00100001111011000100,0.0,00100001111011000100
29,0.0,00100001111011000100,0.0,00100001111011000100
29,0.0,00100001111011000100,0.0,00100001111011000100
29,0.0,00100001111011000100,0.0,00100001111011000100
29,0.0,00100001111011000100,0.0,00100001111011000100
29,0.0,00100001111011000100,0.0,00100001111011000100
29,0.0,00100001111011000100,0.0,00100001111011000100
29,0.0,00100001111011000100,0.0,00100001111011000100
29,0.0,00100001111011000100,0.0,00100001111011000100
30,2180.0,01101100010111111011,998.0,01110100010110101100
30,998.0,01110100010110101100,680.0,01111100001010001101
30,680.0,01111100001010001101,114.0,01111100100001001111
30,114.0,01111100100001001111,74.0,01101010100011001111
30,74.0,01101010100011001111,74.0,01101010100011001111
30,74.0,01101010100011001111,70.0,01100010010011001110
30,70.0,01100010010011001110,36.0,01100110010011011010
30,36.0,01100110010011011010,36.0,01100110010011011010
30,36.0,01100110010011011010,36.0,01100110010011011010
30,36.0,01100110010011011010,36.0,01100110010011011010
30,36.0,01100110010011011010,16.0,01101010100011111000
30,16.0,01101010100011111000,16.0,01101010100011111000
30,16.0,01101010100011111000,14.0,01100010110010111100
30,14.0,01100010110010111100,14.0,01100010110010111100
30,14.0,01100010110010111100,14.0,01100010110010111100
30,14.0,01100010110010111100,14.0,01100010110010111100
30,14.0,01100010110010111100,14.0,01100010110010111100
30,14.0,01100010110010111100,2.0,01100110110010011111
30,2.0,01100110110010011111,2.0,01100110110010011111
30,2.0,01100110110010011111,2.0,01100110110010011111
30,2.0,01100110110010011111,2.0,01100110110010011111
30,2.0,01100110110010011111,2.0,01100110110010011111
30,2.0,01100110110010011111,2.0,01100110110010011111
30,2.0,01100110110010011111,2.0,01100110110010011111
30,2.0,01100110110010011111,2.0,01100110110010011111
30,2.0,01100110110010011111,2.0,01100110110010011111
30,2.0,01100110110010011111,2.0,01100110110010011111
30,2.0,01100110110010011111,2.0,01100110110010011111
30,2.0,01100110110010011111,2.0,01100110110010011111
30,2.0,01100110110010011111,2.0,01100110110010011111
30,2.0,01100110110010011111,2.0,01100110110010011111
30,2.0,01100110110010011111,2.0,01100110110010011111
30,2.0,01100110110010011111,2.0,01100110110010011111
30,2.0,01100110110010011111,2.0,01100110110010011111
30,2.0,01100110110010011111,2.0,01100110110010011111
30,2.0,01100110110010011111,2.0,01100110110010011111
30,2.0,01100110110010011111,2.0,01100110110010011111
30,2.0,01100110110010011111,2.0,00100111110010001110
31,3238.0,01110000011110100100,2170.0,10110000011110100100
31,2170.0,10110000011110100100,14.0,10111100011110000100
31,14.0,10111100011110000100,14.0,10111100011110000100
31,14.0,10111100011110000100,8.0,10110000001011000110
31,8.0,10110000001011000110,8.0,10110000001011000110
31,8.0,10110000001011000110,8.0,10110000001011000110
31,8.0,10110000001011000110,6.0,00111100101111100000
31,6.0,00111100101111100000,6.0,00111100101111100000
31,6.0,00111100101111100000,6.0,00111100101111100000
31,6.0,00111100101111100000,6.0,00111100101111100000
31,6.0,00111100101111100000,6.0,00111100101111100000
31,6.0,00111100101111100000,4.0,01110000101110110010
31,4.0,01110000101110110010,4.0,01110000101110110010
31,4.0,01110000101110110010,4.0,01110000101110110010
31,4.0,01110000101110110010,4.0,01110000101110110010
31,4.0,01110000101110110010,4.0,01110000101110110010
31,4.0,01110000101110110010,4.0,01110000101110110010
31,4.0,01110000101110110010,4.0,01110000101110110010
31,4.0,01110000101110110010,4.0,01110000101110110010
31,4.0,01110000101110110010,4.0,01110000101110110010
31,4.0,01110000101110110010,4.0,01110000101110110010
31,4.0,01110000101110110010,4.0,01110000101110110010
31,4.0,01110000101110110010,4.0,01110000101110110010
31,4.0,01110000101110110010,4.0,01110000101110110010
31,4.0,01110000101110110010,4.0,01110000101110110010
31,4.0,01110000101110110010,4.0,01110000101110110010
31,4.0,01110000101110110010,4.0,01110000101110110010
31,4.0,01110000101110110010,4.0,01110000101110110010
31,4.0,01110000101110110010,4.0,01110000101110110010
31,4.0,01110000101110110010,4.0,01110000101110110010
31,4.0,01110000101110110010,4.0,01110000101110110010
31,4.0,01110000101110110010,4.0,01110000101110110010
31,4.0,01110000101110110010,4.0,01110000101110110010
31,4.0,01110000101110110010,4.0,01110000101110110010
31,4.0,01110000101110110010,4.0,01110000101110110010
31,4.0,01110000101110110010,4.0,01110000101110110010
31,4.0,01110000101110110010,4.0,01110000101110110010
31,4.0,01110000101110110010,4.0,01110000101110110010
31,4.0,01110000101110110010,4.0,01110000101110110010
31,4.0,01110000101110110010,4.0,01110000101110110010
31,4.0,01110000101110110010,4.0,01110000101110110010
31,4.0,01110000101110110010,4.0,01110000101110110010
31,4.0,01110000101110110010,4.0,01110000101110110010
31,4.0,01110000101110110010,4.0,01110000101110110010
31,4.0,01110000101110110010,4.0,01110000101110110010
31,4.0,01110000101110110010,4.0,01110000101110110010
31,4.0,01110000101110110010,4.0,01110000101110110010
31,4.0,01110000101110110010,4.0,01110000101110110010
31,4.0,01110000101110110010,4.0,01110000101110110010
31,4.0,01110000101110110010,4.0,01110000101110110010
31,4.0,01110000101110110010,2.0,10110000111100110010
31,2.0,10110000111100110010,2.0,10110000111100110010
31,2.0,10110000111100110010,2.0,10110000111100110010
31,2.0,10110000111100110010,2.0,10110000111100110010
31,2.0,10110000111100110010,2.0,10110000111100110010
31,2.0,10110000111100110010,2.0,10110000111100110010
31,2.0,10110000111100110010,2.0,10110000111100110010
31,2.0,10110000111100110010,2.0,10110000111100110010
31,2.0,10110000111100110010,2.0,10110000111100110010
31,2.0,10110000111100110010,2.0,10110000111100110010
31,2.0,10110000111100110010,2.0,10110000111100110010
31,2.0,10110000111100110010,2.0,10110000111100110010
31,2.0,10110000111100110010,2.0,10110000111100110010
31,2.0,10110000111100110010,2.0,10110000111100110010
31,2.0,10110000111100110010,2.0,10110000111100110010
31,2.0,10110000111100110010,2.0,10110000111100110010
31,2.0,10110000111100110010,2.0,10110000111100110010
31,2.0,10110000111100110010,2.0,10110000111100110010
31,2.0,10110000111100110010,2.0,10110000111100110010
31,2.0,10110000111100110010,2.0,10110000111100110010
31,2.0,10110000111100110010,2.0,10110000111100110010
31,2.0,10110000111100110010,2.0,10110000111100110010
31,2.0,10110000111100110010,2.0,10110000111100110010
31,2.0,10110000111100110010,2.0,10110000111100110010
31,2.0,10110000111100110010,2.0,10110000111100110010
31,2.0,10110000111100110010,2.0,10110000111100110010
31,2.0,10110000111100110010,2.0,10110000111100110010
31,2.0,10110000111100110010,2.0,10110000111100110010
31,2.0,10110000111100110010,2.0,10110000111100110010
31,2.0,10110000111100110010,2.0,10110000111100110010
31,2.0,10110000111100110010,2.0,10110000111100110010
32,182.0,01000101001101011000,144.0,01000001011001111000
32,144.0,01000001011001111000,34.0,01001001011001001110
32,34.0,01001001011001001110,12.0,01000001011101100110
32,12.0,01000001011101100110,12.0,01000001011101100110
32,12.0,01000001011101100110,12.0,01000001011101100110
32,12.0,01000001011101100110,8.0,01001001101101100111
32,8.0,01001001101101100111,8.0,01001001101101100111
32,8.0,01001001101101100111,8.0,01001001101101100111
32,8.0,01001001101101100111,8.0,01001001101101100111
32,8.0,01001001101101100111,8.0,01001001101101100111
32,8.0,01001001101101100111,8.0,01001001101101100111
32,8.0,01001001101101100111,8.0,01001001101101100111
32,8.0,01001001101101100111,8.0,01001001101101100111
32,8.0,01001001101101100111,8.0,01001001101101100111
32,8.0,01001001101101100111,8.0,01001001101101100111
32,8.0,01001001101101100111,8.0,01001001101101100111
32,8.0,01001001101101100111,8.0,01001001101101100111
32,8.0,01001001101101100111,8.0,01001001101101100111
32,8.0,01001001101101100111,8.0,01001001101101100111
32,8.0,01001001101101100111,8.0,01001001101101100111
32,8.0,01001001101101100111,8.0,00000011001101100110
32,8.0,00000011001101100110,8.0,00000011001101100110
32,8.0,00000011001101100110,8.0,00000011001101100110
32,8.0,00000011001101100110,8.0,00000011001101100110
32,8.0,00000011001101100110,8.0,00000011001101100110
32,8.0,00000011001101100110,8.0,00000011001101100110
32,8.0,00000011001101100110,8.0,01001001101101100111
32,8.0,01001001101101100111,8.0,01001001101101100111
32,8.0,01001001101101100111,8.0,01001001101101100111
32,8.0,01001001101101100111,8.0,01001001101101100111
32,8.0,01001001101101100111,8.0,01001001101101100111
32,8.0,01001001101101100111,8.0,01001001101101100111
32,8.0,01001001101101100111,8.0,01001001101101100111
32,8.0,01001001101101100111,8.0,01001001101101100111
32,8.0,01001001101101100111,8.0,00000011001101100110
33,414.0,10000010101110011110,14.0,10001010001110111101
33,14.0,10001010001110111101,14.0,10001010001110111101
33,14.0,10001010001110111101,14.0,10001010001110111101
33,14.0,10001010001110111101,14.0,10001010001110111101
33,14.0,10001010001110111101,6.0,11001000011110111101
33,6.0,11001000011110111101,4.0,11001110011110100111
33,4.0,11001110011110100111,4.0,11001110011110100111
33,4.0,11001110011110100111,4.0,11001110011110100111
33,4.0,11001110011110100111,4.0,11001110011110100111
33,4.0,11001110011110100111,4.0,11001110011110100111
33,4.0,11001110011110100111,4.0,11001110011110100111
33,4.0,11001110011110100111,4.0,11001110011110100111
33,4.0,11001110011110100111,4.0,11001110011110100111
33,4.0,11001110011110100111,4.0,11001110011110100111
33,4.0,11001110011110100111,4.0,11001110011110100111
33,4.0,11001110011110100111,4.0,11001110011110100111
33,4.0,11001110011110100111,4.0,11001110011110100111
33,4.0,11001110011110100111,4.0,11001110011110100111
33,4.0,11001110011110100111,4.0,11001110011110100111
33,4.0,11001110011110100111,4.0,11001110011110100111
33,4.0,11001110011110100111,4.0,11001110011110100111
33,4.0,11001110011110100111,4.0,11001110011110100111
33,4.0,11001110011110100111,4.0,11001110011110100111
33,4.0,11001110011110100111,4.0,11001110011110100111
33,4.0,11001110011110100111,4.0,11001110011110100111
33,4.0,11001110011110100111,4.0,11001110011110100111
33,4.0,11001110011110100111,4.0,11001110011110100111
33,4.0,11001110011110100111,4.0,11001110011110100111
33,4.0,11001110011110100111,4.0,11001110011110100111
33,4.0,11001110011110100111,4.0,11001110011110100111
33,4.0,11001110011110100111,4.0,11001110011110100111
33,4.0,11001110011110100111,4.0,11001110011110100111
33,4.0,11001110011110100111,4.0,11001110011110100111
33,4.0,11001110011110100111,4.0,11001110011110100111
33,4.0,11001110011110100111,4.0,11001110011110100111
33,4.0,11001110011110100111,4.0,11001110011110100111
33,4.0,11001110011110100111,4.0,11001110011110100111
33,4.0,11001110011110100111,4.0,11001110011110100111
33,4.0,11001110011110100111,4.0,11001110011110100111
33,4.0,11001110011110100111,4.0,11001110011110100111
33,4.0,11001110011110100111,4.0,11001110011110100111
33,4.0,11001110011110100111,4.0,11001110011110100111
33,4.0,11001110011110100111,4.0,11001110011110100111
33,4.0,11001110011110100111,4.0,11001110011110100111
33,4.0,11001110011110100111,4.0,11001110011110100111
33,4.0,11001110011110100111,4.0,11001110011110100111
33,4.0,11001110011110100111,4.0,11001110011110100111
33,4.0,11001110011110100111,4.0,11001110011110100111
33,4.0,11001110011110100111,4.0,11001110011110100111
34,348.0,11001011100001101001,246.0,11001011000011101000
34,246.0,11001011000011101000,134.0,11101010000011011001
34,134.0,11101010000011011001,88.0,11100010000111110001
34,88.0,11100010000111110001,20.0,11000010011011110001
34,20.0,11000010011011110001,20.0,11000010011011110001
34,20.0,11000010011011110001,20.0,11000010011011110001
34,20.0,11000010011011110001,8.0,11001100111111110000
34,8.0,11001100111111110000,8.0,11001100111111110000
34,8.0,11001100111111110000,8.0,11001100111111110000
34,8.0,11001100111111110000,8.0,11001100111111110000
34,8.0,11001100111111110000,6.0,11101100110111110011
34,6.0,11101100110111110011,6.0,11101100110111110011
34,6.0,11101100110111110011,4.0,11100101110110110001
34,4.0,11100101110110110001,4.0,11100101110110110001
34,4.0,11100101110110110001,4.0,11100101110110110001
34,4.0,11100101110110110001,4.0,11100101110110110001
34,4.0,11100101110110110001,4.0,11100101110110110001
34,4.0,11100101110110110001,4.0,11100101110110110001
34,4.0,11100101110110110001,4.0,11100101110110110001
34,4.0,11100101110110110001,2.0,01001101110110111101
34,2.0,01001101110110111101,2.0,01001101110110111101
34,2.0,01001101110110111101,2.0,01001101110110111101
34,2.0,01001101110110111101,0.0,01000101001100111101
34,0.0,01000101001100111101,0.0,01000101001100111101
34,0.0,01000101001100111101,0.0,01000101001100111101
34,0.0,01000101001100111101,0.0,01000101001100111101
34,0.0,01000101001100111101,0.0,01000101001100111101
34,0.0,01000101001100111101,0.0,01000101001100111101
34,0.0,01000101001100111101,0.0,01000101001100111101
34,0.0,01000101001100111101,0.0,01000101001100111101
34,0.0,01000101001100111101,0.0,01000101001100111101
34,0.0,01000101001100111101,0.0,01000101001100111101
34,0.0,01000101001100111101,0.0,01000101001100111101
34,0.0,01000101001100111101,0.0,01000101001100111101
35,234.0,00010010010111011011,24.0,00010011010110011000
35,24.0,00010011010110011000,24.0,00010011010110011000
35,24.0,00010011010110011000,24.0,00010011010110011000
35,24.0,00010011010110011000,24.0,00010011010110011000
35,24.0,00010011010110011000,24.0,00010011010110011000
35,24.0,00010011010110011000,24.0,00010011010110011000
35,24.0,00010011010110011000,24.0,00010011010110011000
35,24.0,00010011010110011000,20.0,10010011000100011011
35,20.0,10010011000100011011,20.0,10010011000100011011
35,20.0,10010011000100011011,14.0,00011011010000011111
35,14.0,00011011010000011111,14.0,00011011010000011111
35,14.0,00011011010000011111,14.0,00011011010000011111
35,14.0,00011011010000011111,14.0,00011011010000011111
35,14.0,00011011010000011111,14.0,00011011010000011111
35,14.0,00011011010000011111,14.0,00011011010000011111
35,14.0,00011011010000011111,14.0,00011011010000011111
35,14.0,00011011010000011111,14.0,00011011010000011111
35,14.0,00011011010000011111,14.0,00011011010000011111
35,14.0,00011011010000011111,14.0,00011011010000011111
35,14.0,00011011010000011111,14.0,00011011010000011111
35,14.0,00011011010000011111,10.0,10110011000000100101
35,10.0,10110011000000100101,10.0,10110011000000100101
35,10.0,10110011000000100101,10.0,10110011000000100101
35,10.0,10110011000000100101,6.0,10111011100000000100
35,6.0,10111011100000000100,6.0,10111011100000000100
35,6.0,10111011100000000100,6.0,10111011100000000100
35,6.0,10111011100000000100,6.0,10111011100000000100
35,6.0,10111011100000000100,6.0,11111010100000010101
35,6.0,11111010100000010101,2.0,11110010010000010100
35,2.0,11110010010000010100,2.0,11110010010000010100
35,2.0,11110010010000010100,2.0,11110010010000010100
35,2.0,11110010010000010100,2.0,11110010010000010100
35,2.0,11110010010000010100,2.0,11110010010000010100
35,2.0,11110010010000010100,2.0,11110010010000010100
35,2.0,11110010010000010100,2.0,11110010010000010100
35,2.0,11110010010000010100,2.0,11110010010000010100
35,2.0,11110010010000010100,2.0,11110010010000010100
35,2.0,11110010010000010100,2.0,11110010010000010100
35,2.0,11110010010000010100,2.0,11110010010000010100
35,2.0,11110010010000010100,2.0,11110010010000010100
35,2.0,11110010010000010100,2.0,11110010010000010100
35,2.0,11110010010000010100,2.0,11110010010000010100
35,2.0,11110010010000010100,2.0,11110010010000010100
35,2.0,11110010010000010100,2.0,11110010010000010100
35,2.0,11110010010000010100,2.0,11110010010000010100
35,2.0,11110010010000010100,2.0,11110010010000010100
35,2.0,11110010010000010100,2.0,11110010010000010100
35,2.0,11110010010000010100,2.0,11110010010000010100
35,2.0,11110010010000010100,2.0,11110010010000010100
35,2.0,11110010010000010100,2.0,11110010010000010100
35,2.0,11110010010000010100,2.0,11110010010000010100
35,2.0,11110010010000010100,2.0,11110010010000010100
35,2.0,11110010010000010100,2.0,11110010010000010100
35,2.0,11110010010000010100,2.0,11110010010000010100
35,2.0,11110010010000010100,2.0,11110010010000010100
35,2.0,11110010010000010100,2.0,11110010010000010100
35,2.0,11110010010000010100,2.0,11110010010000010100
35,2.0,11110010010000010100,2.0,11110010010000010100
35,2.0,11110010010000010100,2.0,11110010010000010100
35,2.0,11110010010000010100,2.0,11110010010000010100
35,2.0,11110010010000010100,2.0,11110010010000010100
35,2.0,11110010010000010100,2.0,11110010010000010100
35,2.0,11110010010000010100,2.0,11110010010000010100
35,2.0,11110010010000010100,2.0,11110010010000010100
35,2.0,11110010010000010100,2.0,11110010010000010100
35,2.0,11110010010000010100,2.0,11110010010000010100
35,2.0,11110010010000010100,2.0,11110010010000010100
35,2.0,11110010010000010100,2.0,11110010010000010100
35,2.0,11110010010000010100,2.0,11110010010000010100
36,32.0,11000100001101101110,32.0,11000100001101101110
36,32.0,11000100001101101110,32.0,11000100001101101110
36,32.0,11000100001101101110,32.0,11000100001101101110
36,32.0,11000100001101101110,16.0,11001001011001100100
36,16.0,11001001011001100100,4.0,11001001111011100001
36,4.0,11001001111011100001,4.0,11001001111011100001
36,4.0,11001001111011100001,4.0,11001001111011100001
36,4.0,11001001111011100001,4.0,11001001111011100001
36,4.0,11001001111011100001,4.0,11001001111011100001
36,4.0,11001001111011100001,4.0,11001001111011100001
36,4.0,11001001111011100001,4.0,11001001111011100001
36,4.0,11001001111011100001,4.0,11001001111011100001
36,4.0,11001001111011100001,4.0,11001001111011100001
36,4.0,11001001111011100001,4.0,11001001111011100001
36,4.0,11001001111011100001,4.0,11001001111011100001
36,4.0,11001001111011100001,4.0,11001001111011100001
36,4.0,11001001111011100001,0.0,11001101011001000111
36,0.0,11001101011001000111,0.0,11001101011001000111
36,0.0,11001101011001000111,0.0,11001101011001000111
36,0.0,11001101011001000111,0.0,11001101011001000111
36,0.0,11001101011001000111,0.0,11001101011001000111
36,0.0,11001101011001000111,0.0,11001101011001000111
36,0.0,11001101011001000111,0.0,11001101011001000111
36,0.0,11001101011001000111,0.0,11001101011001000111
36,0.0,11001101011001000111,0.0,11001101011001000111
36,0.0,11001101011001000111,0.0,11001101011001000111
36,0.0,11001101011001000111,0.0,11001101011001000111
36,0.0,11001101011001000111,0.0,11001101011001000111
36,0.0,11001101011001000111,0.0,11001101011001000111
36,0.0,11001101011001000111,0.0,11001101011001000111
36,0.0,11001101011001000111,0.0,11001101011001000111
36,0.0,11001101011001000111,0.0,11001101011001000111
36,0.0,11001101011001000111,0.0,11001101011001000111
36,0.0,11001101011001000111,0.0,11001101011001000111
36,0.0,11001101011001000111,0.0,11001101011001000111
36,0.0,11001101011001000111,0.0,11001101011001000111
36,0.0,11001101011001000111,0.0,11001101011001000111
36,0.0,11001101011001000111,0.0,11001101011001000111
36,0.0,11001101011001000111,0.0,11001101011001000111
36,0.0,11001101011001000111,0.0,11001101011001000111
36,0.0,11001101011001000111,0.0,11001101011001000111
36,0.0,11001101011001000111,0.0,11001101011001000111
36,0.0,11001101011001000111,0.0,11001101011001000111
36,0.0,11001101011001000111,0.0,11001101011001000111
36,0.0,11001101011001000111,0.0,11001101011001000111
36,0.0,11001101011001000111,0.0,11001101011001000111
36,0.0,11001101011001000111,0.0,11001101011001000111
37,1402.0,01110110000011000100,178.0,11110000000011010101
37,178.0,11110000000011010101,124.0,11111000100001010101
37,124.0,11111000100001010101,14.0,11010001100011000100
37,14.0,11010001100011000100,14.0,11010001100011000100
37,14.0,11010001100011000100,8.0,11010001000001010111
37,8.0,11010001000001010111,8.0,11010001000001010111
37,8.0,11010001000001010111,8.0,11010001000001010111
37,8.0,11010001000001010111,8.0,11010001000001010111
37,8.0,11010001000001010111,8.0,11010001000001010111
37,8.0,11010001000001010111,8.0,11010001000001010111
37,8.0,11010001000001010111,8.0,11010001000001010111
37,8.0,11010001000001010111,8.0,11010001000001010111
37,8.0,11010001000001010111,8.0,11010011100001000000
37,8.0,11010011100001000000,8.0,11010011100001000000
37,8.0,11010011100001000000,8.0,11010011100001000000
37,8.0,11010011100001000000,8.0,11010011100001000000
37,8.0,11010011100001000000,8.0,11010011100001000000
37,8.0,11010011100001000000,8.0,11010011100001000000
37,8.0,11010011100001000000,2.0,11000111100001100100
37,2.0,11000111100001100100,2.0,11000111100001100100
37,2.0,11000111100001100100,2.0,11000111100001100100
37,2.0,11000111100001100100,2.0,11000111100001100100
37,2.0,11000111100001100100,2.0,11000111100001100100
37,2.0,11000111100001100100,2.0,11000111100001100100
37,2.0,11000111100001100100,2.0,11000111100001100100
37,2.0,11000111100001100100,2.0,11000111100001100100
37,2.0,11000111100001100100,2.0,11000111100001100100
37,2.0,11000111100001100100,2.0,11000111100001100100
37,2.0,11000111100001100100,2.0,11100110101000010100
37,2.0,11100110101000010100,2.0,11100110101000010100
37,2.0,11100110101000010100,2.0,11100110101000010100
37,2.0,11100110101000010100,2.0,11100110101000010100
37,2.0,11100110101000010100,2.0,11100110101000010100
37,2.0,11100110101000010100,2.0,11100110101000010100
37,2.0,11100110101000010100,2.0,11100110101000010100
37,2.0,11100110101000010100,2.0,11100110101000010100
37,2.0,11100110101000010100,2.0,11100110101000010100
37,2.0,11100110101000010100,2.0,11100110101000010100
37,2.0,11100110101000010100,2.0,11100110101000010100
37,2.0,11100110101000010100,2.0,11100110101000010100
37,2.0,11100110101000010100,2.0,11100110101000010100
37,2.0,11100110101000010100,2.0,11100110101000010100
37,2.0,11100110101000010100,2.0,11100110101000010100
37,2.0,11100110101000010100,2.0,11100110101000010100
38,446.0,11100100111110001011,32.0,11101000101110001100
38,32.0,11101000101110001100,24.0,10111000001100001110
38,24.0,10111000001100001110,24.0,10111000001100001110
38,24.0,10111000001100001110,24.0,10111000001100001110
38,24.0,10111000001100001110,24.0,10111000001100001110
38,24.0,10111000001100001110,24.0,10111000001100001110
38,24.0,10111000001100001110,24.0,10111000001100001110
38,24.0,10111000001100001110,24.0,10111000001100001110
38,24.0,10111000001100001110,24.0,10111000001100001110
38,24.0,10111000001100001110,8.0,10110100101100100111
38,8.0,10110100101100100111,8.0,10110100101100100111
38,8.0,10110100101100100111,8.0,10110100101100100111
38,8.0,10110100101100100111,8.0,10110100101100100111
38,8.0,10110100101100100111,8.0,10110100101100100111
38,8.0,10110100101100100111,8.0,10110100101100100111
38,8.0,10110100101100100111,8.0,10110100101100100111
38,8.0,10110100101100100111,8.0,10110100101100100111
38,8.0,10110100101100100111,8.0,10110100101100100111
38,8.0,10110100101100100111,8.0,10110100101100100111
38,8.0,10110100101100100111,8.0,10110100101100100111
38,8.0,10110100101100100111,8.0,10110100101100100111
38,8.0,10110100101100100111,8.0,10110100101100100111
38,8.0,10110100101100100111,8.0,10110100101100100111
38,8.0,10110100101100100111,8.0,10110100101100100111
38,8.0,10110100101100100111,8.0,10110100101100100111
38,8.0,10110100101100100111,8.0,10110100101100100111
38,8.0,10110100101100100111,8.0,10110100101100100111
38,8.0,10110100101100100111,8.0,10110100101100100111
38,8.0,10110100101100100111,8.0,10110100101100100111
38,8.0,10110100101100100111,8.0,10110100101100100111
38,8.0,10110100101100100111,8.0,10110100101100100111
38,8.0,10110100101100100111,8.0,10110100101100100111
39,376.0,11101011010010110000,352.0,11100011000010101010
39,352.0,11100011000010101010,76.0,11111001000010100101
39,76.0,11111001000010100101,68.0,11101101000101000111
39,68.0,11101101000101000111,68.0,11101101000101000111
39,68.0,11101101000101000111,18.0,11111100000101000111
39,18.0,11111100000101000111,18.0,11111100000101000111
39,18.0,11111100000101000111,18.0,11111100000101000111
39,18.0,11111100000101000111,18.0,11111100000101000111
39,18.0,11111100000101000111,18.0,11111100000101000111
39,18.0,11111100000101000111,18.0,11111100000101000111
39,18.0,11111100000101000111,8.0,11110101000100000101
39,8.0,11110101000100000101,8.0,11110101000100000101
39,8.0,11110101000100000101,8.0,11110101000100000101
39,8.0,11110101000100000101,8.0,11110101000100000101
39,8.0,11110101000100000101,8.0,11100101010100110100
39,8.0,11100101010100110100,8.0,11100101010100110100
39,8.0,11100101010100110100,8.0,11100101010100110100
39,8.0,11100101010100110100,8.0,11100101010100110100
39,8.0,11100101010100110100,8.0,11100101010100110100
39,8.0,11100101010100110100,8.0,11100101010100110100
39,8.0,11100101010100110100,8.0,11100101010100110100
39,8.0,11100101010100110100,8.0,11100101010100110100
39,8.0,11100101010100110100,8.0,11100101010100110100
39,8.0,11100101010100110100,8.0,11100101010100110100
39,8.0,11100101010100110100,8.0,11100101010100110100
39,8.0,11100101010100110100,8.0,11100101010100110100
39,8.0,11100101010100110100,8.0,01101001110000111111
39,8.0,01101001110000111111,6.0,11000011010000011111
39,6.0,11000011010000011111,6.0,11000011010000011111
39,6.0,11000011010000011111,6.0,11000011010000011111
39,6.0,11000011010000011111,6.0,11000011010000011111
39,6.0,11000011010000011111,6.0,11000011010000011111
39,6.0,11000011010000011111,6.0,11000011010000011111
39,6.0,11000011010000011111,0.0,11000011110010001100
39,0.0,11000011110010001100,0.0,11000011110010001100
39,0.0,11000011110010001100,0.0,11000011110010001100
39,0.0,11000011110010001100,0.0,11000011110010001100
39,0.0,11000011110010001100,0.0,11000011110010001100
39,0.0,11000011110010001100,0.0,11000011110010001100
39,0.0,11000011110010001100,0.0,11000011110010001100
39,0.0,11000011110010001100,0.0,11000011110010001100
39,0.0,11000011110010001100,0.0,11000011110010001100
39,0.0,11000011110010001100,0.0,11000011110010001100
39,0.0,11000011110010001100,0.0,11000011110010001100
39,0.0,11000011110010001100,0.0,11000011110010001100
39,0.0,11000011110010001100,0.0,11000011110010001100
39,0.0,11000011110010001100,0.0,11000011110010001100
39,0.0,11000011110010001100,0.0,11000011110010001100
39,0.0,11000011110010001100,0.0,11000011110010001100
39,0.0,11000011110010001100,0.0,11000011110010001100
39,0.0,11000011110010001100,0.0,11000011110010001100
39,0.0,11000011110010001100,0.0,11000011110010001100
39,0.0,11000011110010001100,0.0,11000011110010001100
39,0.0,11000011110010001100,0.0,11000011110010001100
39,0.0,11000011110010001100,0.0,11000011110010001100
39,0.0,11000011110010001100,0.0,11000011110010001100
39,0.0,11000011110010001100,0.0,11000011110010001100
39,0.0,11000011110010001100,0.0,11000011110010001100
39,0.0,11000011110010001100,0.0,11000011110010001100
39,0.0,11000011110010001100,0.0,11000011110010001100
39,0.0,11000011110010001100,0.0,11000011110010001100
39,0.0,11000011110010001100,0.0,11000011110010001100
39,0.0,11000011110010001100,0.0,11000011110010001100
39,0.0,11000011110010001100,0.0,11000011110010001100
39,0.0,11000011110010001100,0.0,11000011110010001100
39,0.0,11000011110010001100,0.0,11000011110010001100
39,0.0,11000011110010001100,0.0,11000011110010001100
39,0.0,11000011110010001100,0.0,11000011110010001100
40,2238.0,10101101011000011011,54.0,10101101001001001010
40,54.0,10101101001001001010,18.0,10001001001001011101
40,18.0,10001001001001011101,18.0,10001001001001011101
40,18.0,10001001001001011101,18.0,10001001001001011101
40,18.0,10001001001001011101,18.0,10001001001001011101
40,18.0,10001001001001011101,18.0,10001001001001011101
40,18.0,10001001001001011101,12.0,10001001101101010100
40,12.0,10001001101101010100,12.0,10001001101101010100
40,12.0,10001001101101010100,12.0,10001001101101010100
40,12.0,10001001101101010100,4.0,00000001101111001100
40,4.0,00000001101111001100,4.0,00000001101111001100
40,4.0,00000001101111001100,4.0,00000001101111001100
40,4.0,00000001101111001100,4.0,00000001101111001100
40,4.0,00000001101111001100,4.0,00000001101111001100
40,4.0,00000001101111001100,4.0,00000001101111001100
40,4.0,00000001101111001100,4.0,00000001101111001100
40,4.0,00000001101111001100,4.0,00000001101111001100
40,4.0,00000001101111001100,4.0,00000001101111001100
40,4.0,00000001101111001100,4.0,00000001101111001100
40,4.0,00000001101111001100,4.0,00000001101111001100
40,4.0,00000001101111001100,4.0,00000001101111001100
40,4.0,00000001101111001100,4.0,00000001101111001100
40,4.0,00000001101111001100,4.0,00000001101111001100
40,4.0,00000001101111001100,4.0,00000001101111001100
40,4.0,00000001101111001100,4.0,00000001101111001100
40,4.0,00000001101111001100,4.0,00000001101111001100
40,4.0,00000001101111001100,4.0,00000001101111001100
40,4.0,00000001101111001100,4.0,00000001101111001100
40,4.0,00000001101111001100,4.0,00000001101111001100
40,4.0,00000001101111001100,4.0,00000001101111001100
40,4.0,00000001101111001100,4.0,00000001101111001100
40,4.0,00000001101111001100,4.0,00000001101111001100
40,4.0,00000001101111001100,4.0,00000001101111001100
40,4.0,00000001101111001100,4.0,00000001101111001100
40,4.0,00000001101111001100,4.0,00000001101111001100
40,4.0,00000001101111001100,4.0,00000001101111001100
40,4.0,00000001101111001100,4.0,00000001101111001100
40,4.0,00000001101111001100,4.0,00000001101111001100
40,4.0,00000001101111001100,4.0,00000001101111001100
40,4.0,00000001101111001100,4.0,00000001101111001100
40,4.0,00000001101111001100,4.0,00000001101111001100
40,4.0,00000001101111001100,4.0,00000001101111001100
40,4.0,00000001101111001100,4.0,00000001101111001100
40,4.0,00000001101111001100,4.0,00000001101111001100
40,4.0,00000001101111001100,4.0,00000001101111001100
40,4.0,00000001101111001100,4.0,00000001101111001100
41,1420.0,01111001001000000111,142.0,00111001001000001101
41,142.0,00111001001000001101,96.0,00110001001100100101
41,96.0,00110001001100100101,96.0,00110001001100100101
41,96.0,00110001001100100101,54.0,00111111001000100000
41,54.0,00111111001000100000,42.0,00111101101000100101
41,42.0,00111101101000100101,42.0,00111101101000100101
41,42.0,00111101101000100101,0.0,10110101001010100011
41,0.0,10110101001010100011,0.0,10110101001010100011
41,0.0,10110101001010100011,0.0,10110101001010100011
41,0.0,10110101001010100011,0.0,10110101001010100011
41,0.0,10110101001010100011,0.0,10110101001010100011
41,0.0,10110101001010100011,0.0,10110101001010100011
41,0.0,10110101001010100011,0.0,10110101001010100011
41,0.0,10110101001010100011,0.0,10110101001010100011
41,0.0,10110101001010100011,0.0,10110101001010100011
41,0.0,10110101001010100011,0.0,10110101001010100011
41,0.0,10110101001010100011,0.0,10110101001010100011
41,0.0,10110101001010100011,0.0,10110101001010100011
41,0.0,10110101001010100011,0.0,10110101001010100011
41,0.0,10110101001010100011,0.0,10110101001010100011
41,0.0,10110101001010100011,0.0,10110101001010100011
41,0.0,10110101001010100011,0.0,10110101001010100011
41,0.0,10110101001010100011,0.0,10110101001010100011
41,0.0,10110101001010100011,0.0,10110101001010100011
41,0.0,10110101001010100011,0.0,10110101001010100011
41,0.0,10110101001010100011,0.0,10110101001010100011
41,0.0,10110101001010100011,0.0,10110101001010100011
41,0.0,10110101001010100011,0.0,10110101001010100011
42,372.0,00010011010011000111,154.0,00010001010011101101
42,154.0,00010001010011101101,32.0,00010101010001011100
42,32.0,00010101010001011100,32.0,00010101010001011100
42,32.0,00010101010001011100,28.0,00011101100001011101
42,28.0,00011101100001011101,20.0,00010101101011010011
42,20.0,00010101101011010011,20.0,00010101101011010011
42,20.0,00010101101011010011,20.0,00010101101011010011
42,20.0,00010101101011010011,20.0,00010101101011010011
42,20.0,00010101101011010011,4.0,00010001101011110000
42,4.0,00010001101011110000,4.0,00010001101011110000
42,4.0,00010001101011110000,4.0,00010001101011110000
42,4.0,00010001101011110000,4.0,00010001101011110000
42,4.0,00010001101011110000,4.0,00010001101011110000
42,4.0,00010001101011110000,4.0,00010001101011110000
42,4.0,00010001101011110000,4.0,00010001101011110000
42,4.0,00010001101011110000,4.0,00010001101011110000
42,4.0,00010001101011110000,4.0,00010001101011110000
42,4.0,00010001101011110000,4.0,00010001101011110000
42,4.0,00010001101011110000,4.0,00010001101011110000
42,4.0,00010001101011110000,4.0,00010001101011110000
42,4.0,00010001101011110000,4.0,00010001101011110000
42,4.0,00010001101011110000,4.0,00010001101011110000
42,4.0,00010001101011110000,4.0,00010001101011110000
42,4.0,00010001101011110000,4.0,00010001101011110000
42,4.0,00010001101011110000,4.0,00010001101011110000
42,4.0,00010001101011110000,4.0,00010001101011110000
42,4.0,00010001101011110000,4.0,00010001101011110000
42,4.0,00010001101011110000,4.0,00010001101011110000
42,4.0,00010001101011110000,4.0,00010001101011110000
42,4.0,00010001101011110000,4.0,00010001101011110000
42,4.0,00010001101011110000,4.0,00010001101011110000
42,4.0,00010001101011110000,4.0,00010001101011110000
42,4.0,00010001101011110000,4.0,00010001101011110000
42,4.0,00010001101011110000,4.0,00010001101011110000
42,4.0,00010001101011110000,4.0,00010001101011110000
42,4.0,00010001101011110000,4.0,00010001101011110000
42,4.0,00010001101011110000,4.0,00010001101011110000
42,4.0,00010001101011110000,4.0,00010001101011110000
42,4.0,00010001101011110000,4.0,00010001101011110000
42,4.0,00010001101011110000,4.0,00010001101011110000
42,4.0,00010001101011110000,4.0,00010001101011110000
42,4.0,00010001101011110000,4.0,00010001101011110000
42,4.0,00010001101011110000,4.0,00010001101011110000
42,4.0,00010001101011110000,4.0,00010001101011110000
42,4.0,00010001101011110000,4.0,00010001101011110000
42,4.0,00010001101011110000,4.0,00010001101011110000
42,4.0,00010001101011110000,4.0,00010001101011110000
42,4.0,00010001101011110000,4.0,00010001101011110000
42,4.0,00010001101011110000,4.0,00010001101011110000
42,4.0,00010001101011110000,4.0,00010001101011110000
43,8.0,01001001101101100111,8.0,01001001101101100111
43,8.0,01001001101101100111,8.0,01001001101101100111
43,8.0,01001001101101100111,8.0,01001001101101100111
43,8.0,01001001101101100111,2.0,00001101101111101011
43,2.0,00001101101111101011,2.0,00001101101111101011
43,2.0,00001101101111101011,2.0,00001101101111101011
43,2.0,00001101101111101011,2.0,00001101101111101011
43,2.0,00001101101111101011,2.0,00001101101111101011
43,2.0,00001101101111101011,2.0,00001101101111101011
43,2.0,00001101101111101011,2.0,00001101101111101011
43,2.0,00001101101111101011,2.0,00001101101111101011
43,2.0,00001101101111101011,2.0,00001101101111101011
43,2.0,00001101101111101011,2.0,00001101101111101011
43,2.0,00001101101111101011,2.0,00001101101111101011
43,2.0,00001101101111101011,2.0,00001101101111101011
43,2.0,00001101101111101011,2.0,00001101101111101011
43,2.0,00001101101111101011,2.0,00001101101111101011
43,2.0,00001101101111101011,2.0,00001101101111101011
43,2.0,00001101101111101011,2.0,00001101101111101011
43,2.0,00001101101111101011,2.0,00001101101111101011
43,2.0,00001101101111101011,2.0,00001101101111101011
43,2.0,00001101101111101011,2.0,00001101101111101011
43,2.0,00001101101111101011,2.0,00001101101111101011
43,2.0,00001101101111101011,2.0,00001101101111101011
43,2.0,00001101101111101011,2.0,00001101101111101011
43,2.0,00001101101111101011,2.0,00001101101111101011
43,2.0,00001101101111101011,2.0,00001101101111101011
43,2.0,00001101101111101011,2.0,00001101101111101011
43,2.0,00001101101111101011,2.0,00001101101111101011
43,2.0,00001101101111101011,2.0,00101101111011100011
43,2.0,00101101111011100011,2.0,00101101111011100011
43,2.0,00101101111011100011,2.0,00101101111011100011
43,2.0,00101101111011100011,2.0,00101101111011100011
43,2.0,00101101111011100011,2.0,00101101111011100011
43,2.0,00101101111011100011,2.0,00101101111011100011
43,2.0,00101101111011100011,2.0,00101101111011100011
43,2.0,00101101111011100011,2.0,00101101111011100011
43,2.0,00101101111011100011,2.0,00101101111011100011
43,2.0,00101101111011100011,2.0,00101101111011100011
43,2.0,00101101111011100011,2.0,00101101111011100011
43,2.0,00101101111011100011,2.0,00101101111011100011
43,2.0,00101101111011100011,2.0,00101101111011100011
43,2.0,00101101111011100011,2.0,00101101111011100011
43,2.0,00101101111011100011,2.0,00101101111011100011
43,2.0,00101101111011100011,2.0,00101101111011100011
43,2.0,00101101111011100011,2.0,00101101111011100011
43,2.0,00101101111011100011,2.0,00101101111011100011
43,2.0,00101101111011100011,2.0,00101101111011100011
43,2.0,00101101111011100011,2.0,00101101111011100011
43,2.0,00101101111011100011,2.0,00101101111011100011
43,2.0,00101101111011100011,2.0,00101101111011100011
43,2.0,00101101111011100011,2.0,00101101111011100011
43,2.0,00101101111011100011,2.0,00101101111011100011
43,2.0,00101101111011100011,2.0,00101101111011100011
43,2.0,00101101111011100011,2.0,00101101111011100011
44,338.0,11101111000110010000,298.0,11101110010110010110
44,298.0,11101110010110010110,26.0,01100110010101010101
44,26.0,01100110010101010101,26.0,01100110010101010101
44,26.0,01100110010101010101,26.0,01100110010101010101
44,26.0,01100110010101010101,26.0,00100111010101000100
44,26.0,00100111010101000100,26.0,00100111010101000100
44,26.0,00100111010101000100,10.0,01101101110101000101
44,10.0,01101101110101000101,10.0,01101101110101000101
44,10.0,01101101110101000101,10.0,01101101110101000101
44,10.0,01101101110101000101,10.0,01101101110101000101
44,10.0,01101101110101000101,10.0,01101101110101000101
44,10.0,01101101110101000101,0.0,00100001111011000100
44,0.0,00100001111011000100,0.0,00100001111011000100
44,0.0,00100001111011000100,0.0,00100001111011000100
44,0.0,00100001111011000100,0.0,00100001111011000100
44,0.0,00100001111011000100,0.0,00100001111011000100
44,0.0,00100001111011000100,0.0,00100001111011000100
44,0.0,00100001111011000100,0.0,00100001111011000100
44,0.0,00100001111011000100,0.0,00100001111011000100
44,0.0,00100001111011000100,0.0,00100001111011000100
44,0.0,00100001111011000100,0.0,00100001111011000100
44,0.0,00100001111011000100,0.0,00100001111011000100
44,0.0,00100001111011000100,0.0,00100001111011000100
44,0.0,00100001111011000100,0.0,00100001111011000100
44,0.0,00100001111011000100,0.0,00100001111011000100
44,0.0,00100001111011000100,0.0,00100001111011000100
44,0.0,00100001111011000100,0.0,00100001111011000100
44,0.0,00100001111011000100,0.0,00100001111011000100
44,0.0,00100001111011000100,0.0,00100001111011000100
44,0.0,00100001111011000100,0.0,00100001111011000100
44,0.0,00100001111011000100,0.0,00100001111011000100
44,0.0,00100001111011000100,0.0,00100001111011000100
44,0.0,00100001111011000100,0.0,00100001111011000100
44,0.0,00100001111011000100,0.0,00100001111011000100
44,0.0,00100001111011000100,0.0,00100001111011000100
44,0.0,00100001111011000100,0.0,00100001111011000100
44,0.0,00100001111011000100,0.0,00100001111011000100
44,0.0,00100001111011000100,0.0,00100001111011000100
44,0.0,00100001111011000100,0.0,00100001111011000100
44,0.0,00100001111011000100,0.0,00100001111011000100
44,0.0,00100001111011000100,0.0,00100001111011000100
44,0.0,00100001111011000100,0.0,00100001111011000100
44,0.0,00100001111011000100,0.0,00100001111011000100
44,0.0,00100001111011000100,0.0,00100001111011000100
44,0.0,00100001111011000100,0.0,00100001111011000100
44,0.0,00100001111011000100,0.0,00100001111011000100
45,1010.0,10111000110000111111,100.0,11110000110000101110
45,100.0,11110000110000101110,0.0,11111010100000101010
45,0.0,11111010100000101010,0.0,11111010100000101010
45,0.0,11111010100000101010,0.0,11111010100000101010
45,0.0,11111010100000101010,0.0,11011110000100111011
45,0.0,11011110000100111011,0.0,11011110000100111011
45,0.0,11011110000100111011,0.0,11011110000100111011
45,0.0,11011110000100111011,0.0,11011110000100111011
45,0.0,11011110000100111011,0.0,11011110000100111011
45,0.0,11011110000100111011,0.0,11011110000100111011
45,0.0,11011110000100111011,0.0,11011110000100111011
45,0.0,11011110000100111011,0.0,11011110000100111011
45,0.0,11011110000100111011,0.0,11011110000100111011
45,0.0,11011110000100111011,0.0,11011110000100111011
45,0.0,11011110000100111011,0.0,11011110000100111011
45,0.0,11011110000100111011,0.0,11011110000100111011
45,0.0,11011110000100111011,0.0,11011110000100111011
45,0.0,11011110000100111011,0.0,11011110000100111011
45,0.0,11011110000100111011,0.0,11011110000100111011
45,0.0,11011110000100111011,0.0,11011110000100111011
45,0.0,11011110000100111011,0.0,11011110000100111011
45,0.0,11011110000100111011,0.0,11011110000100111011
45,0.0,11011110000100111011,0.0,11011110000100111011
45,0.0,11011110000100111011,0.0,10011111000100101010
45,0.0,10011111000100101010,0.0,10011111000100101010
45,0.0,10011111000100101010,0.0,10011111000100101010
45,0.0,10011111000100101010,0.0,10011111000100101010
45,0.0,10011111000100101010,0.0,10011111000100101010
46,2036.0,10110001011000000100,276.0,00110001010101000101
46,276.0,00110001010101000101,212.0,01111001010000001110
46,212.0,01111001010000001110,212.0,01111001010000001110
46,212.0,01111001010000001110,110.0,01110100010001001110
46,110.0,01110100010001001110,98.0,00110000011100101101
46,98.0,00110000011100101101,42.0,10111000010110101111
46,42.0,10111000010110101111,42.0,10111000010110101111
46,42.0,10111000010110101111,42.0,10111000010110101111
46,42.0,10111000010110101111,14.0,10111100010011101011
46,14.0,10111100010011101011,14.0,10111100010011101011
46,14.0,10111100010011101011,14.0,10010101000011011011
46,14.0,10010101000011011011,6.0,11010101000001101001
46,6.0,11010101000001101001,6.0,11010101000001101001
46,6.0,11010101000001101001,6.0,11010101000001101001
46,6.0,11010101000001101001,6.0,11010101000001101001
46,6.0,11010101000001101001,6.0,11010101000001101001
46,6.0,11010101000001101001,6.0,11010101000001101001
46,6.0,11010101000001101001,6.0,11010101000001101001
46,6.0,11010101000001101001,6.0,11010101000001101001
46,6.0,11010101000001101001,6.0,11010101000001101001
46,6.0,11010101000001101001,6.0,11010101000001101001
46,6.0,11010101000001101001,6.0,11010101000001101001
46,6.0,11010101000001101001,6.0,11010101000001101001
46,6.0,11010101000001101001,6.0,11010101000001101001
46,6.0,11010101000001101001,6.0,11010101000001101001
46,6.0,11010101000001101001,6.0,11010101000001101001
46,6.0,11010101000001101001,6.0,11010101000001101001
46,6.0,11010101000001101001,6.0,11010101000001101001
47,70.0,10100001000111011001,54.0,10100010000011011101
47,54.0,10100010000011011101,54.0,10100010000011011101
47,54.0,10100010000011011101,54.0,10100010000011011101
47,54.0,10100010000011011101,54.0,10100010000011011101
47,54.0,10100010000011011101,12.0,00101011100000111111
47,12.0,00101011100000111111,12.0,00101011100000111111
47,12.0,00101011100000111111,8.0,00110011000000001111
47,8.0,00110011000000001111,4.0,00110110000100011110
47,4.0,00110110000100011110,4.0,00110110000100011110
47,4.0,00110110000100011110,4.0,00110110000100011110
47,4.0,00110110000100011110,4.0,00110110000100011110
47,4.0,00110110000100011110,4.0,00110110000100011110
47,4.0,00110110000100011110,2.0,11010010000100011100
47,2.0,11010010000100011100,2.0,11010010000100011100
47,2.0,11010010000100011100,2.0,11010010000100011100
47,2.0,11010010000100011100,2.0,11010010000100011100
47,2.0,11010010000100011100,2.0,11010010000100011100
47,2.0,11010010000100011100,2.0,11110010010000010100
47,2.0,11110010010000010100,2.0,11110010010000010100
47,2.0,11110010010000010100,2.0,11110010010000010100
47,2.0,11110010010000010100,2.0,11110010010000010100
47,2.0,11110010010000010100,2.0,11110010010000010100
47,2.0,11110010010000010100,2.0,11110010010000010100
47,2.0,11110010010000010100,2.0,11110010010000010100
47,2.0,11110010010000010100,2.0,11110010010000010100
47,2.0,11110010010000010100,2.0,11110010010000010100
47,2.0,11110010010000010100,2.0,11110010010000010100
47,2.0,11110010010000010100,2.0,11110010010000010100
47,2.0,11110010010000010100,2.0,11110010010000010100
47,2.0,11110010010000010100,2.0,11110010010000010100
47,2.0,11110010010000010100,2.0,11110010010000010100
47,2.0,11110010010000010100,2.0,11110010010000010100
47,2.0,11110010010000010100,2.0,11110010010000010100
47,2.0,11110010010000010100,2.0,11110010010000010100
47,2.0,11110010010000010100,2.0,11110010010000010100
47,2.0,11110010010000010100,2.0,11110010010000010100
47,2.0,11110010010000010100,2.0,11110010010000010100
47,2.0,11110010010000010100,2.0,11110010010000010100
47,2.0,11110010010000010100,2.0,11110010010000010100
47,2.0,11110010010000010100,2.0,11110010010000010100
47,2.0,11110010010000010100,2.0,11110010010000010100
47,2.0,11110010010000010100,2.0,11010010000100011100
47,2.0,11010010000100011100,2.0,11010010000100011100
47,2.0,11010010000100011100,2.0,11010010000100011100
47,2.0,11010010000100011100,2.0,11010010000100011100
47,2.0,11010010000100011100,2.0,11010010000100011100
47,2.0,11010010000100011100,2.0,11010010000100011100
47,2.0,11010010000100011100,2.0,11010010000100011100
47,2.0,11010010000100011100,2.0,11010010000100011100
47,2.0,11010010000100011100,2.0,11010010000100011100
47,2.0,11010010000100011100,2.0,11010010000100011100
47,2.0,11010010000100011100,2.0,11010010000100011100
47,2.0,11010010000100011100,2.0,11010010000100011100
47,2.0,11010010000100011100,2.0,11010010000100011100
47,2.0,11010010000100011100,2.0,11010010000100011100
47,2.0,11010010000100011100,2.0,11010010000100011100
47,2.0,11010010000100011100,2.0,11010010000100011100
47,2.0,11010010000100011100,2.0,11010010000100011100
47,2.0,11010010000100011100,2.0,11010010000100011100
47,2.0,11010010000100011100,2.0,11010010000100011100
47,2.0,11010010000100011100,2.0,11010010000100011100
47,2.0,11010010000100011100,2.0,11010010000100011100
47,2.0,11010010000100011100,2.0,11010010000100011100
47,2.0,11010010000100011100,2.0,11010010000100011100
48,510.0,10100110101010110100,510.0,10100110101010110100
48,510.0,10100110101010110100,106.0,10100110001010101100
48,106.0,10100110001010101100,64.0,00101110001010111101
48,64.0,00101110001010111101,36.0,00101010011010011111
48,36.0,00101010011010011111,28.0,00100010111110011001
48,28.0,00100010111110011001,20.0,00000111101110011000
48,20.0,00000111101110011000,18.0,00000011111010111000
48,18.0,00000011111010111000,18.0,00000011111010111000
48,18.0,00000011111010111000,18.0,00000011111010111000
48,18.0,00000011111010111000,18.0,00000011111010111000
48,18.0,00000011111010111000,18.0,00000011111010111000
48,18.0,00000011111010111000,18.0,00000011111010111000
48,18.0,00000011111010111000,18.0,00000011111010111000
48,18.0,00000011111010111000,18.0,00000011111010111000
48,18.0,00000011111010111000,18.0,00000011111010111000
48,18.0,00000011111010111000,8.0,01001111110100111001
48,8.0,01001111110100111001,8.0,01001111110100111001
48,8.0,01001111110100111001,8.0,01001111110100111001
48,8.0,01001111110100111001,8.0,01001111110100111001
48,8.0,01001111110100111001,2.0,01001101110110111101
48,2.0,01001101110110111101,2.0,01001101110110111101
48,2.0,01001101110110111101,2.0,01001101110110111101
48,2.0,01001101110110111101,2.0,01001101110110111101
48,2.0,01001101110110111101,2.0,01001101110110111101
48,2.0,01001101110110111101,2.0,01001101110110111101
48,2.0,01001101110110111101,2.0,01001101110110111101
48,2.0,01001101110110111101,2.0,01001101110110111101
48,2.0,01001101110110111101,2.0,01001101110110111101
48,2.0,01001101110110111101,2.0,01001101110110111101
48,2.0,01001101110110111101,2.0,01001101110110111101
48,2.0,01001101110110111101,2.0,01001101110110111101
48,2.0,01001101110110111101,2.0,01001101110110111101
48,2.0,01001101110110111101,2.0,01001101110110111101
48,2.0,01001101110110111101,2.0,01001101110110111101
48,2.0,01001101110110111101,2.0,01001101110110111101
48,2.0,01001101110110111101,2.0,01001101110110111101
48,2.0,01001101110110111101,2.0,01001101110110111101
48,2.0,01001101110110111101,2.0,01001101110110111101
48,2.0,01001101110110111101,0.0,01000101111110011000
48,0.0,01000101111110011000,0.0,01000101111110011000
48,0.0,01000101111110011000,0.0,01000101111110011000
48,0.0,01000101111110011000,0.0,01000101111110011000
48,0.0,01000101111110011000,0.0,01000101111110011000
48,0.0,01000101111110011000,0.0,01000101111110011000
48,0.0,01000101111110011000,0.0,01000101111110011000
48,0.0,01000101111110011000,0.0,01000101111110011000
48,0.0,01000101111110011000,0.0,01000101111110011000
48,0.0,01000101111110011000,0.0,01000101111110011000
48,0.0,01000101111110011000,0.0,01000101111110011000
48,0.0,01000101111110011000,0.0,01000101111110011000
48,0.0,01000101111110011000,0.0,01000101111110011000
48,0.0,01000101111110011000,0.0,01000101111110011000
48,0.0,01000101111110011000,0.0,01000101111110011000
48,0.0,01000101111110011000,0.0,01000101111110011000
48,0.0,01000101111110011000,0.0,01000101111110011000
48,0.0,01000101111110011000,0.0,01000101111110011000
48,0.0,01000101111110011000,0.0,01000101111110011000
48,0.0,01000101111110011000,0.0,01000101111110011000
48,0.0,01000101111110011000,0.0,01000101111110011000
48,0.0,01000101111110011000,0.0,01000101111110011000
48,0.0,01000101111110011000,0.0,01000101111110011000
48,0.0,01000101111110011000,0.0,01000101111110011000
48,0.0,01000101111110011000,0.0,01000101111110011000
48,0.0,01000101111110011000,0.0,01000101111110011000
48,0.0,01000101111110011000,0.0,01000101111110011000
48,0.0,01000101111110011000,0.0,01000101111110011000
48,0.0,01000101111110011000,0.0,01000101111110011000
48,0.0,01000101111110011000,0.0,01000101111110011000
48,0.0,01000101111110011000,0.0,01000101111110011000
48,0.0,01000101111110011000,0.0,01000101111110011000
48,0.0,01000101111110011000,0.0,01000101111110011000
48,0.0,01000101111110011000,0.0,01000101111110011000
48,0.0,01000101111110011000,0.0,01000101111110011000
48,0.0,01000101111110011000,0.0,01000101111110011000
48,0.0,01000101111110011000,0.0,01000101111110011000
48,0.0,01000101111110011000,0.0,01000101111110011000
48,0.0,01000101111110011000,0.0,01000101111110011000
49,762.0,11001011100000011111,230.0,10001111000100111110
49,230.0,10001111000100111110,230.0,10001111000100111110
49,230.0,10001111000100111110,18.0,00001111100110111101
49,18.0,00001111100110111101,14.0,00000111010110111100
49,14.0,00000111010110111100,4.0,01000011110110110101
49,4.0,01000011110110110101,4.0,01000011110110110101
49,4.0,01000011110110110101,4.0,01000011110110110101
49,4.0,01000011110110110101,4.0,01000011110110110101
49,4.0,01000011110110110101,4.0,01000011110110110101
49,4.0,01000011110110110101,4.0,01000011110110110101
49,4.0,01000011110110110101,4.0,01000011110110110101
49,4.0,01000011110110110101,2.0,01001101110110111101
49,2.0,01001101110110111101,0.0,01000101111110011000
49,0.0,01000101111110011000,0.0,01000101111110011000
49,0.0,01000101111110011000,0.0,01000101111110011000
49,0.0,01000101111110011000,0.0,01000101111110011000
49,0.0,01000101111110011000,0.0,01000101111110011000
49,0.0,01000101111110011000,0.0,01000101111110011000
49,0.0,01000101111110011000,0.0,01000101111110011000
49,0.0,01000101111110011000,0.0,01000101111110011000
49,0.0,01000101111110011000,0.0,01000101111110011000
49,0.0,01000101111110011000,0.0,01000101111110011000
49,0.0,01000101111110011000,0.0,01000101111110011000
49,0.0,01000101111110011000,0.0,01000101111110011000
49,0.0,01000101111110011000,0.0,01000101111110011000
49,0.0,01000101111110011000,0.0,01000101111110011000
49,0.0,01000101111110011000,0.0,01000101111110011000
49,0.0,01000101111110011000,0.0,01000101111110011000
49,0.0,01000101111110011000,0.0,01000101111110011000
49,0.0,01000101111110011000,0.0,01000101111110011000
49,0.0,01000101111110011000,0.0,01000101111110011000
49,0.0,01000101111110011000,0.0,01000101111110011000
49,0.0,01000101111110011000,0.0,01000101111110011000
49,0.0,01000101111110011000,0.0,01000101111110011000
49,0.0,01000101111110011000,0.0,01000101111110011000
49,0.0,01000101111110011000,0.0,01000101111110011000
49,0.0,01000101111110011000,0.0,01000101111110011000
49,0.0,01000101111110011000,0.0,01000101111110011000
49,0.0,01000101111110011000,0.0,01000101111110011000
49,0.0,01000101111110011000,0.0,01000101111110011000
49,0.0,01000101111110011000,0.0,01000101111110011000
49,0.0,01000101111110011000,0.0,01000101111110011000
49,0.0,01000101111110011000,0.0,01000101111110011000
49,0.0,01000101111110011000,0.0,01000101111110011000
49,0.0,01000101111110011000,0.0,01000101111110011000
49,0.0,01000101111110011000,0.0,01000101111110011000
49,0.0,01000101111110011000,0.0,01000101111110011000
50,16.0,01001100101111101100,10.0,01001100001101111111
50,10.0,01001100001101111111,10.0,01001100001101111111
50,10.0,01001100001101111111,8.0,01000010001101110111
50,8.0,01000010001101110111,8.0,01000010001101110111
50,8.0,01000010001101110111,8.0,01000010001101110111
50,8.0,01000010001101110111,8.0,01000010001101110111
50,8.0,01000010001101110111,8.0,01000010001101110111
50,8.0,01000010001101110111,8.0,01000010001101110111
50,8.0,01000010001101110111,8.0,01000010001101110111
50,8.0,01000010001101110111,8.0,01000010001101110111
50,8.0,01000010001101110111,8.0,00000011001101100110
50,8.0,00000011001101100110,8.0,00000011001101100110
50,8.0,00000011001101100110,8.0,00000011001101100110
50,8.0,00000011001101100110,8.0,00000011001101100110
50,8.0,00000011001101100110,8.0,00000011001101100110
50,8.0,00000011001101100110,8.0,00000011001101100110
50,8.0,00000011001101100110,8.0,00000011001101100110
50,8.0,00000011001101100110,8.0,00000011001101100110
50,8.0,00000011001101100110,8.0,00000011001101100110
50,8.0,00000011001101100110,8.0,00000011001101100110
50,8.0,00000011001101100110,8.0,01001001101101100111
50,8.0,01001001101101100111,8.0,01001001101101100111
50,8.0,01001001101101100111,8.0,01001001101101100111
50,8.0,01001001101101100111,8.0,01001001101101100111
50,8.0,01001001101101100111,8.0,01001001101101100111
50,8.0,01001001101101100111,8.0,00000011001101100110
51,30.0,10011110001001000111,30.0,10011110001001000111
51,30.0,10011110001001000111,30.0,10011110001001000111
51,30.0,10011110001001000111,20.0,10011010011001010010
51,20.0,10011010011001010010,20.0,10011010011001010010
51,20.0,10011010011001010010,20.0,10011010011001010010
51,20.0,10011010011001010010,0.0,10011110010111010011
51,0.0,10011110010111010011,0.0,10011110010111010011
51,0.0,10011110010111010011,0.0,10011110010111010011
51,0.0,10011110010111010011,0.0,10011110010111010011
51,0.0,10011110010111010011,0.0,10011110010111010011
51,0.0,10011110010111010011,0.0,10011110010111010011
51,0.0,10011110010111010011,0.0,10011110010111010011
51,0.0,10011110010111010011,0.0,10011110010111010011
51,0.0,10011110010111010011,0.0,10011110010111010011
51,0.0,10011110010111010011,0.0,10011110010111010011
51,0.0,10011110010111010011,0.0,10011110010111010011
51,0.0,10011110010111010011,0.0,10011110010111010011
51,0.0,10011110010111010011,0.0,10011110010111010011
51,0.0,10011110010111010011,0.0,10011110010111010011
51,0.0,10011110010111010011,0.0,10011110010111010011
51,0.0,10011110010111010011,0.0,10011110010111010011
51,0.0,10011110010111010011,0.0,10011110010111010011
51,0.0,10011110010111010011,0.0,10011110010111010011
51,0.0,10011110010111010011,0.0,10011110010111010011
51,0.0,10011110010111010011,0.0,10011110010111010011
51,0.0,10011110010111010011,0.0,10011110010111010011
51,0.0,10011110010111010011,0.0,10011110010111010011
51,0.0,10011110010111010011,0.0,10011110010111010011
51,0.0,10011110010111010011,0.0,10011110010111010011
51,0.0,10011110010111010011,0.0,10011110010111010011
51,0.0,10011110010111010011,0.0,10011110010111010011
51,0.0,10011110010111010011,0.0,10011110010111010011
51,0.0,10011110010111010011,0.0,10011110010111010011
51,0.0,10011110010111010011,0.0,10011110010111010011
51,0.0,10011110010111010011,0.0,10011110010111010011
51,0.0,10011110010111010011,0.0,10011110010111010011
51,0.0,10011110010111010011,0.0,10011110010111010011
51,0.0,10011110010111010011,0.0,10011110010111010011
51,0.0,10011110010111010011,0.0,10011110010111010011
51,0.0,10011110010111010011,0.0,10011110010111010011
51,0.0,10011110010111010011,0.0,10011110010111010011
51,0.0,10011110010111010011,0.0,10011110010111010011
51,0.0,10011110010111010011,0.0,10011110010111010011
51,0.0,10011110010111010011,0.0,10011110010111010011
51,0.0,10011110010111010011,0.0,10011110010111010011
51,0.0,10011110010111010011,0.0,10011110010111010011
51,0.0,10011110010111010011,0.0,10011110010111010011
51,0.0,10011110010111010011,0.0,10011110010111010011
51,0.0,10011110010111010011,0.0,10011110010111010011
51,0.0,10011110010111010011,0.0,10011110010111010011
52,234.0,11110000000101100101,196.0,11101000000111101101
52,196.0,11101000000111101101,184.0,11101000001110101100
52,184.0,11101000001110101100,44.0,11101001001010100111
52,44.0,11101001001010100111,44.0,11101001001010100111
52,44.0,11101001001010100111,34.0,11100101101000100101
52,34.0,11100101101000100101,24.0,11101100101001100111
52,24.0,11101100101001100111,24.0,11101100101001100111
52,24.0,11101100101001100111,0.0,11001101011001000111
52,0.0,11001101011001000111,0.0,11001101011001000111
52,0.0,11001101011001000111,0.0,11001101011001000111
52,0.0,11001101011001000111,0.0,11001101011001000111
52,0.0,11001101011001000111,0.0,11001101011001000111
52,0.0,11001101011001000111,0.0,11001101011001000111
52,0.0,11001101011001000111,0.0,11001101011001000111
52,0.0,11001101011001000111,0.0,11001101011001000111
52,0.0,11001101011001000111,0.0,11001101011001000111
52,0.0,11001101011001000111,0.0,11001101011001000111
52,0.0,11001101011001000111,0.0,11001101011001000111
52,0.0,11001101011001000111,0.0,11001101011001000111
52,0.0,11001101011001000111,0.0,11001101011001000111
52,0.0,11001101011001000111,0.0,11001101011001000111
52,0.0,11001101011001000111,0.0,11001101011001000111
52,0.0,11001101011001000111,0.0,11001101011001000111
52,0.0,11001101011001000111,0.0,11001101011001000111
52,0.0,11001101011001000111,0.0,11001101011001000111
52,0.0,11001101011001000111,0.0,11001101011001000111
52,0.0,11001101011001000111,0.0,11001101011001000111
52,0.0,11001101011001000111,0.0,11001101011001000111
52,0.0,11001101011001000111,0.0,11001101011001000111
52,0.0,11001101011001000111,0.0,11001101011001000111
52,0.0,11001101011001000111,0.0,11001101011001000111
52,0.0,11001101011001000111,0.0,11001101011001000111
52,0.0,11001101011001000111,0.0,11001101011001000111
52,0.0,11001101011001000111,0.0,11001101011001000111
52,0.0,11001101011001000111,0.0,11001101011001000111
52,0.0,11001101011001000111,0.0,11001101011001000111
52,0.0,11001101011001000111,0.0,11001101011001000111
52,0.0,11001101011001000111,0.0,11001101011001000111
52,0.0,11001101011001000111,0.0,11001101011001000111
52,0.0,11001101011001000111,0.0,11001101011001000111
52,0.0,11001101011001000111,0.0,11001101011001000111
52,0.0,11001101011001000111,0.0,11001101011001000111
52,0.0,11001101011001000111,0.0,11001101011001000111
52,0.0,11001101011001000111,0.0,11001101011001000111
52,0.0,11001101011001000111,0.0,11001101011001000111
52,0.0,11001101011001000111,0.0,11001101011001000111
52,0.0,11001101011001000111,0.0,11001101011001000111
52,0.0,11001101011001000111,0.0,11001101011001000111
52,0.0,11001101011001000111,0.0,11001101011001000111
52,0.0,11001101011001000111,0.0,11001101011001000111
52,0.0,11001101011001000111,0.0,11001101011001000111
52,0.0,11001101011001000111,0.0,11001101011001000111
52,0.0,11001101011001000111,0.0,11001101011001000111
53,1048.0,10111100100100011111,1048.0,10111100100100011111
53,1048.0,10111100100100011111,436.0,00110100100110111111
53,436.0,00110100100110111111,436.0,00110100100110111111
53,436.0,00110100100110111111,52.0,01011100110110111101
53,52.0,01011100110110111101,50.0,00010100110111011100
53,50.0,00010100110111011100,4.0,00111000110111010100
53,4.0,00111000110111010100,4.0,00111000110111010100
53,4.0,00111000110111010100,4.0,00111000110111010100
53,4.0,00111000110111010100,4.0,11100000110111010100
53,4.0,11100000110111010100,4.0,11100000110111010100
53,4.0,11100000110111010100,4.0,11100000110111010100
53,4.0,11100000110111010100,4.0,11100000110111010100
53,4.0,11100000110111010100,4.0,11100000110111010100
53,4.0,11100000110111010100,4.0,11100000110111010100
53,4.0,11100000110111010100,4.0,11100000110111010100
53,4.0,11100000110111010100,4.0,11100000110111010100
53,4.0,11100000110111010100,4.0,11100000110111010100
53,4.0,11100000110111010100,4.0,11100000110111010100
53,4.0,11100000110111010100,4.0,11100000110111010100
53,4.0,11100000110111010100,4.0,11100000110111010100
53,4.0,11100000110111010100,4.0,11100000110111010100
53,4.0,11100000110111010100,0.0,01100000111011010101
53,0.0,01100000111011010101,0.0,01100000111011010101
53,0.0,01100000111011010101,0.0,01100000111011010101
53,0.0,01100000111011010101,0.0,00100001111011000100
53,0.0,00100001111011000100,0.0,00100001111011000100
53,0.0,00100001111011000100,0.0,00100001111011000100
53,0.0,00100001111011000100,0.0,00100001111011000100
53,0.0,00100001111011000100,0.0,00100001111011000100
53,0.0,00100001111011000100,0.0,00100001111011000100
53,0.0,00100001111011000100,0.0,00100001111011000100
53,0.0,00100001111011000100,0.0,00100001111011000100
53,0.0,00100001111011000100,0.0,00100001111011000100
53,0.0,00100001111011000100,0.0,00100001111011000100
53,0.0,00100001111011000100,0.0,00100001111011000100
53,0.0,00100001111011000100,0.0,00100001111011000100
53,0.0,00100001111011000100,0.0,00100001111011000100
53,0.0,00100001111011000100,0.0,01100000111011010101
53,0.0,01100000111011010101,0.0,01100000111011010101
53,0.0,01100000111011010101,0.0,01100000111011010101
53,0.0,01100000111011010101,0.0,01100000111011010101
53,0.0,01100000111011010101,0.0,01100000111011010101
53,0.0,01100000111011010101,0.0,00100001111011000100
53,0.0,00100001111011000100,0.0,00100001111011000100
53,0.0,00100001111011000100,0.0,00100001111011000100
53,0.0,00100001111011000100,0.0,00100001111011000100
53,0.0,00100001111011000100,0.0,00100001111011000100
53,0.0,00100001111011000100,0.0,01100001000111010110
54,1092.0,10100001000101111010,290.0,10100101000111101001
54,290.0,10100101000111101001,130.0,10011101000101101010
54,130.0,10011101000101101010,130.0,10011101000101101010
54,130.0,10011101000101101010,62.0,00010101101110101001
54,62.0,00010101101110101001,62.0,00010101101110101001
54,62.0,00010101101110101001,62.0,00010101101110101001
54,62.0,00010101101110101001,50.0,00010101001100101100
54,50.0,00010101001100101100,4.0,00011111001000101011
54,4.0,00011111001000101011,4.0,00011111001000101011
54,4.0,00011111001000101011,4.0,00011111001000101011
54,4.0,00011111001000101011,4.0,00011111001000101011
54,4.0,00011111001000101011,4.0,00011111001000101011
54,4.0,00011111001000101011,2.0,00011101001010101111
54,2.0,00011101001010101111,2.0,00011101001010101111
54,2.0,00011101001010101111,2.0,00011101001010101111
54,2.0,00011101001010101111,2.0,00011101001010101111
54,2.0,00011101001010101111,2.0,00011101001010101111
54,2.0,00011101001010101111,2.0,00011101001010101111
54,2.0,00011101001010101111,2.0,00011101001010101111
54,2.0,00011101001010101111,2.0,00011101001010101111
54,2.0,00011101001010101111,2.0,00011101001010101111
54,2.0,00011101001010101111,0.0,00010011001010100111
54,0.0,00010011001010100111,0.0,00010011001010100111
54,0.0,00010011001010100111,0.0,00010011001010100111
54,0.0,00010011001010100111,0.0,00010011001010100111
54,0.0,00010011001010100111,0.0,00010011001010100111
54,0.0,00010011001010100111,0.0,00010011001010100111
54,0.0,00010011001010100111,0.0,00010011001010100111
54,0.0,00010011001010100111,0.0,00010011001010100111
54,0.0,00010011001010100111,0.0,00010011001010100111
54,0.0,00010011001010100111,0.0,00010011001010100111
54,0.0,00010011001010100111,0.0,00010011001010100111
54,0.0,00010011001010100111,0.0,00010011001010100111
54,0.0,00010011001010100111,0.0,00010011001010100111
54,0.0,00010011001010100111,0.0,00010011001010100111
54,0.0,00010011001010100111,0.0,00010011001010100111
55,816.0,10110010110101000000,22.0,10110010010001001000
55,22.0,10110010010001001000,22.0,10110010010001001000
55,22.0,10110010010001001000,18.0,10111010100001001001
55,18.0,10111010100001001001,18.0,10111010100001001001
55,18.0,10111010100001001001,2.0,10110010001001000010
55,2.0,10110010001001000010,2.0,10110010001001000010
55,2.0,10110010001001000010,2.0,10110010001001000010
55,2.0,10110010001001000010,2.0,10110010001001000010
55,2.0,10110010001001000010,2.0,10110010001001000010
55,2.0,10110010001001000010,2.0,10110010001001000010
55,2.0,10110010001001000010,2.0,10110010001001000010
55,2.0,10110010001001000010,2.0,10110010001001000010
55,2.0,10110010001001000010,2.0,10110010001001000010
55,2.0,10110010001001000010,0.0,10111010000001100111
55,0.0,10111010000001100111,0.0,10111010000001100111
55,0.0,10111010000001100111,0.0,10111010000001100111
55,0.0,10111010000001100111,0.0,10111010000001100111
55,0.0,10111010000001100111,0.0,10111010000001100111
55,0.0,10111010000001100111,0.0,10111010000001100111
55,0.0,10111010000001100111,0.0,10111010000001100111
55,0.0,10111010000001100111,0.0,10111010000001100111
55,0.0,10111010000001100111,0.0,10111010000001100111
55,0.0,10111010000001100111,0.0,10111010000001100111
55,0.0,10111010000001100111,0.0,10111010000001100111
55,0.0,10111010000001100111,0.0,10111010000001100111
55,0.0,10111010000001100111,0.0,10111010000001100111
55,0.0,10111010000001100111,0.0,10111010000001100111
55,0.0,10111010000001100111,0.0,10111010000001100111
55,0.0,10111010000001100111,0.0,10111010000001100111
55,0.0,10111010000001100111,0.0,10111010000001100111
55,0.0,10111010000001100111,0.0,10111010000001100111
55,0.0,10111010000001100111,0.0,10111010000001100111
55,0.0,10111010000001100111,0.0,10111010000001100111
55,0.0,10111010000001100111,0.0,10111010000001100111
55,0.0,10111010000001100111,0.0,10111010000001100111
55,0.0,10111010000001100111,0.0,10111010000001100111
55,0.0,10111010000001100111,0.0,10111010000001100111
55,0.0,10111010000001100111,0.0,10111010000001100111
55,0.0,10111010000001100111,0.0,10111010000001100111
55,0.0,10111010000001100111,0.0,10111010000001100111
55,0.0,10111010000001100111,0.0,10111010000001100111
55,0.0,10111010000001100111,0.0,10111010000001100111
56,312.0,10101011100010110100,30.0,10100011100000101110
56,30.0,10100011100000101110,30.0,10100011100000101110
56,30.0,10100011100000101110,2.0,10101010101010001111
56,2.0,10101010101010001111,2.0,10101010101010001111
56,2.0,10101010101010001111,2.0,10101010101010001111
56,2.0,10101010101010001111,2.0,10101010101010001111
56,2.0,10101010101010001111,2.0,10101010101010001111
56,2.0,10101010101010001111,2.0,10101010101010001111
56,2.0,10101010101010001111,2.0,10101010101010001111
56,2.0,10101010101010001111,2.0,10101010101010001111
56,2.0,10101010101010001111,2.0,10101010101010001111
56,2.0,10101010101010001111,2.0,10101010101010001111
56,2.0,10101010101010001111,2.0,10101010101010001111
56,2.0,10101010101010001111,2.0,10101010101010001111
56,2.0,10101010101010001111,2.0,10101010101010001111
56,2.0,10101010101010001111,2.0,10101010101010001111
56,2.0,10101010101010001111,2.0,10101010101010001111
56,2.0,10101010101010001111,2.0,10101010101010001111
56,2.0,10101010101010001111,2.0,10101010101010001111
56,2.0,10101010101010001111,2.0,10101010101010001111
56,2.0,10101010101010001111,2.0,10101010101010001111
56,2.0,10101010101010001111,2.0,10101010101010001111
56,2.0,10101010101010001111,2.0,10101010101010001111
56,2.0,10101010101010001111,2.0,10101010101010001111
57,334.0,11000110011100110100,142.0,11000010011101000100
57,142.0,11000010011101000100,116.0,10101110011001000100
57,116.0,10101110011001000100,84.0,10100110011001000101
57,84.0,10100110011001000101,52.0,10100011001001000010
57,52.0,10100011001001000010,8.0,10100110001001100110
57,8.0,10100110001001100110,8.0,10100110001001100110
57,8.0,10100110001001100110,8.0,10100110001001100110
57,8.0,10100110001001100110,8.0,10100110001001100110
57,8.0,10100110001001100110,0.0,10111010000001100111
57,0.0,10111010000001100111,0.0,10111010000001100111
57,0.0,10111010000001100111,0.0,10111010000001100111
57,0.0,10111010000001100111,0.0,10111010000001100111
57,0.0,10111010000001100111,0.0,10111010000001100111
57,0.0,10111010000001100111,0.0,10111010000001100111
57,0.0,10111010000001100111,0.0,10111010000001100111
57,0.0,10111010000001100111,0.0,10111010000001100111
57,0.0,10111010000001100111,0.0,10111010000001100111
57,0.0,10111010000001100111,0.0,10111010000001100111
57,0.0,10111010000001100111,0.0,10111010000001100111
57,0.0,10111010000001100111,0.0,10111010000001100111
57,0.0,10111010000001100111,0.0,10111010000001100111
57,0.0,10111010000001100111,0.0,10111010000001100111
57,0.0,10111010000001100111,0.0,10111010000001100111
57,0.0,10111010000001100111,0.0,10111010000001100111
57,0.0,10111010000001100111,0.0,10111010000001100111
57,0.0,10111010000001100111,0.0,10111010000001100111
57,0.0,10111010000001100111,0.0,10111010000001100111
57,0.0,10111010000001100111,0.0,10111010000001100111
57,0.0,10111010000001100111,0.0,10111010000001100111
57,0.0,10111010000001100111,0.0,10111010000001100111
57,0.0,10111010000001100111,0.0,10111010000001100111
57,0.0,10111010000001100111,0.0,10111010000001100111
57,0.0,10111010000001100111,0.0,10111010000001100111
57,0.0,10111010000001100111,0.0,10111010000001100111
57,0.0,10111010000001100111,0.0,10111010000001100111
57,0.0,10111010000001100111,0.0,10111010000001100111
57,0.0,10111010000001100111,0.0,10111010000001100111
57,0.0,10111010000001100111,0.0,10111010000001100111
57,0.0,10111010000001100111,0.0,10111010000001100111
57,0.0,10111010000001100111,0.0,10111010000001100111
58,78.0,01100110100111110011,78.0,01100110100111110011
58,78.0,01100110100111110011,78.0,01100110100111110011
58,78.0,01100110100111110011,78.0,01100110100111110011
58,78.0,01100110100111110011,78.0,01100110100111110011
58,78.0,01100110100111110011,78.0,01100110100111110011
58,78.0,01100110100111110011,78.0,01100110100111110011
58,78.0,01100110100111110011,26.0,10101110100111110011
58,26.0,10101110100111110011,26.0,10101110100111110011
58,26.0,10101110100111110011,26.0,10101110100111110011
58,26.0,10101110100111110011,6.0,11101100110111110011
58,6.0,11101100110111110011,6.0,11101100110111110011
58,6.0,11101100110111110011,6.0,11101100110111110011
58,6.0,11101100110111110011,6.0,11101100110111110011
58,6.0,11101100110111110011,6.0,11101100110111110011
58,6.0,11101100110111110011,6.0,11101100110111110011
58,6.0,11101100110111110011,6.0,11101100110111110011
58,6.0,11101100110111110011,6.0,11101100110111110011
58,6.0,11101100110111110011,6.0,11101100110111110011
58,6.0,11101100110111110011,6.0,11101100110111110011
58,6.0,11101100110111110011,6.0,11101100110111110011
58,6.0,11101100110111110011,6.0,11101100110111110011
58,6.0,11101100110111110011,6.0,11101100110111110011
58,6.0,11101100110111110011,6.0,11101100110111110011
58,6.0,11101100110111110011,6.0,11101100110111110011
58,6.0,11101100110111110011,6.0,11101100110111110011
58,6.0,11101100110111110011,6.0,11101100110111110011
58,6.0,11101100110111110011,6.0,11101100110111110011
58,6.0,11101100110111110011,6.0,11101100110111110011
58,6.0,11101100110111110011,6.0,11101100110111110011
58,6.0,11101100110111110011,6.0,11101100110111110011
58,6.0,11101100110111110011,2.0,11110100010111000011
58,2.0,11110100010111000011,2.0,11110100010111000011
58,2.0,11110100010111000011,2.0,11110100010111000011
58,2.0,11110100010111000011,2.0,11110100010111000011
58,2.0,11110100010111000011,2.0,11110100010111000011
58,2.0,11110100010111000011,2.0,11110100010111000011
58,2.0,11110100010111000011,2.0,11110100010111000011
58,2.0,11110100010111000011,2.0,11110010010000010100
58,2.0,11110010010000010100,2.0,11110010010000010100
58,2.0,11110010010000010100,2.0,11110010010000010100
58,2.0,11110010010000010100,2.0,11110010010000010100
58,2.0,11110010010000010100,2.0,11110010010000010100
58,2.0,11110010010000010100,2.0,11110010010000010100
58,2.0,11110010010000010100,2.0,11110010010000010100
58,2.0,11110010010000010100,2.0,11110010010000010100
58,2.0,11110010010000010100,2.0,11110010010000010100
58,2.0,11110010010000010100,2.0,11110010010000010100
58,2.0,11110010010000010100,2.0,11110010010000010100
58,2.0,11110010010000010100,2.0,11110010010000010100
58,2.0,11110010010000010100,2.0,11110010010000010100
58,2.0,11110010010000010100,2.0,11110010010000010100
58,2.0,11110010010000010100,2.0,11110010010000010100
58,2.0,11110010010000010100,2.0,11110010010000010100
58,2.0,11110010010000010100,2.0,11110010010000010100
58,2.0,11110010010000010100,2.0,11100010110101010000
58,2.0,11100010110101010000,2.0,11100010110101010000
58,2.0,11100010110101010000,2.0,11100010110101010000
58,2.0,11100010110101010000,2.0,11100010110101010000
58,2.0,11100010110101010000,2.0,11100010110101010000
58,2.0,11100010110101010000,2.0,11100010110101010000
58,2.0,11100010110101010000,2.0,11100010110101010000
58,2.0,11100010110101010000,2.0,11100010110101010000
58,2.0,11100010110101010000,2.0,11100010110101010000
58,2.0,11100010110101010000,2.0,10101001100101010111
58,2.0,10101001100101010111,2.0,10101001100101010111
58,2.0,10101001100101010111,2.0,10100001010101010110
58,2.0,10100001010101010110,2.0,10100001010101010110
58,2.0,10100001010101010110,2.0,10100001010101010110
59,362.0,01111110000111000001,6.0,01110110100001010011
59,6.0,01110110100001010011,6.0,01110110100001010011
59,6.0,01110110100001010011,6.0,01110110100001010011
59,6.0,01110110100001010011,6.0,01110110100001010011
59,6.0,01110110100001010011,4.0,01101101000101011010
59,4.0,01101101000101011010,4.0,01101101000101011010
59,4.0,01101101000101011010,4.0,01101101000101011010
59,4.0,01101101000101011010,4.0,01101101000101011010
59,4.0,01101101000101011010,4.0,01101101000101011010
59,4.0,01101101000101011010,4.0,01101101000101011010
59,4.0,01101101000101011010,4.0,01101101000101011010
59,4.0,01101101000101011010,0.0,11101100110101011000
59,0.0,11101100110101011000,0.0,11101100110101011000
59,0.0,11101100110101011000,0.0,11101100110101011000
59,0.0,11101100110101011000,0.0,11101100110101011000
59,0.0,11101100110101011000,0.0,11101100110101011000
59,0.0,11101100110101011000,0.0,11101100110101011000
59,0.0,11101100110101011000,0.0,11101100110101011000
59,0.0,11101100110101011000,0.0,11101100110101011000
59,0.0,11101100110101011000,0.0,11101100110101011000
59,0.0,11101100110101011000,0.0,11101100110101011000
59,0.0,11101100110101011000,0.0,11101100110101011000
59,0.0,11101100110101011000,0.0,11101100110101011000
59,0.0,11101100110101011000,0.0,11101100110101011000
59,0.0,11101100110101011000,0.0,11101100110101011000
59,0.0,11101100110101011000,0.0,11101100110101011000
59,0.0,11101100110101011000,0.0,11101100110101011000
59,0.0,11101100110101011000,0.0,11101100110101011000
59,0.0,11101100110101011000,0.0,11101100110101011000
59,0.0,11101100110101011000,0.0,11101100110101011000
59,0.0,11101100110101011000,0.0,11101100110101011000
59,0.0,11101100110101011000,0.0,11101100110101011000
59,0.0,11101100110101011000,0.0,11101100110101011000
59,0.0,11101100110101011000,0.0,11101100110101011000
59,0.0,11101100110101011000,0.0,11101100110101011000
59,0.0,11101100110101011000,0.0,11101100110101011000
59,0.0,11101100110101011000,0.0,11101100110101011000
60,828.0,00110011010010110010,254.0,00110111001000100001
60,254.0,00110111001000100001,254.0,00110111001000100001
60,254.0,00110111001000100001,34.0,00110011001000010001
60,34.0,00110011001000010001,34.0,00110011001000010001
60,34.0,00110011001000010001,34.0,00110011001000010001
60,34.0,00110011001000010001,34.0,00110011001000010001
60,34.0,00110011001000010001,32.0,10110110001010010010
60,32.0,10110110001010010010,16.0,11111100101010010011
60,16.0,11111100101010010011,16.0,11111100101010010011
60,16.0,11111100101010010011,16.0,11111100101010010011
60,16.0,11111100101010010011,12.0,11110100011010010010
60,12.0,11110100011010010010,10.0,11100000011110011011
60,10.0,11100000011110011011,10.0,11100000011110011011
60,10.0,11100000011110011011,8.0,00101100011110111111
60,8.0,00101100011110111111,8.0,00101100011110111111
60,8.0,00101100011110111111,8.0,00101100011110111111
60,8.0,00101100011110111111,8.0,00101100011110111111
60,8.0,00101100011110111111,8.0,00101100011110111111
60,8.0,00101100011110111111,6.0,11001000011110111101
60,6.0,11001000011110111101,6.0,11001000011110111101
60,6.0,11001000011110111101,6.0,11001000011110111101
60,6.0,11001000011110111101,6.0,11001000011110111101
60,6.0,11001000011110111101,6.0,11001000011110111101
60,6.0,11001000011110111101,6.0,11001000011110111101
60,6.0,11001000011110111101,6.0,11001000011110111101
60,6.0,11001000011110111101,6.0,11001000011110111101
60,6.0,11001000011110111101,0.0,01000101001100111101
60,0.0,01000101001100111101,0.0,01000101001100111101
60,0.0,01000101001100111101,0.0,01000101001100111101
60,0.0,01000101001100111101,0.0,01000101001100111101
60,0.0,01000101001100111101,0.0,01000101001100111101
60,0.0,01000101001100111101,0.0,01000101001100111101
60,0.0,01000101001100111101,0.0,01000101001100111101
60,0.0,01000101001100111101,0.0,01000101001100111101
60,0.0,01000101001100111101,0.0,01000101001100111101
60,0.0,01000101001100111101,0.0,01000101001100111101
60,0.0,01000101001100111101,0.0,01000101001100111101
60,0.0,01000101001100111101,0.0,01000101001100111101
60,0.0,01000101001100111101,0.0,01000101001100111101
60,0.0,01000101001100111101,0.0,01000101001100111101
60,0.0,01000101001100111101,0.0,01000101001100111101
60,0.0,01000101001100111101,0.0,01000101001100111101
60,0.0,01000101001100111101,0.0,01000101001100111101
60,0.0,01000101001100111101,0.0,01000101001100111101
60,0.0,01000101001100111101,0.0,01000101001100111101
60,0.0,01000101001100111101,0.0,01000101001100111101
60,0.0,01000101001100111101,0.0,01000101001100111101
61,3190.0,01001111010111100011,88.0,01001011001101100010
61,88.0,01001011001101100010,8.0,00000011001101100110
61,8.0,00000011001101100110,6.0,00001011110111100110
61,6.0,00001011110111100110,6.0,00001011110111100110
61,6.0,00001011110111100110,6.0,01001010110111110111
61,6.0,01001010110111110111,6.0,01001010110111110111
61,6.0,01001010110111110111,6.0,01001010110111110111
61,6.0,01001010110111110111,6.0,01001010110111110111
61,6.0,01001010110111110111,6.0,01001010110111110111
61,6.0,01001010110111110111,6.0,01001010110111110111
61,6.0,01001010110111110111,6.0,01001010110111110111
61,6.0,01001010110111110111,6.0,01001010110111110111
61,6.0,01001010110111110111,6.0,01001010110111110111
61,6.0,01001010110111110111,6.0,01001010110111110111
61,6.0,01001010110111110111,6.0,01001010110111110111
61,6.0,01001010110111110111,6.0,01001010110111110111
61,6.0,01001010110111110111,6.0,01001010110111110111
61,6.0,01001010110111110111,6.0,01001010110111110111
61,6.0,01001010110111110111,6.0,01001010110111110111
61,6.0,01001010110111110111,6.0,01001010110111110111
61,6.0,01001010110111110111,6.0,01001010110111110111
61,6.0,01001010110111110111,4.0,01000011110110110101
61,4.0,01000011110110110101,4.0,01000011110110110101
61,4.0,01000011110110110101,4.0,01000011110110110101
61,4.0,01000011110110110101,4.0,01000011110110110101
61,4.0,01000011110110110101,4.0,01000011110110110101
61,4.0,01000011110110110101,4.0,01000011110110110101
61,4.0,01000011110110110101,4.0,01000011110110110101
61,4.0,01000011110110110101,4.0,01000011110110110101
61,4.0,01000011110110110101,4.0,01000011110110110101
61,4.0,01000011110110110101,4.0,01000011110110110101
61,4.0,01000011110110110101,4.0,01000011110110110101
61,4.0,01000011110110110101,4.0,01000011110110110101
61,4.0,01000011110110110101,4.0,01000011110110110101
61,4.0,01000011110110110101,2.0,01001101110110111101
61,2.0,01001101110110111101,2.0,01001101110110111101
61,2.0,01001101110110111101,0.0,01001010110101011100
61,0.0,01001010110101011100,0.0,01001010110101011100
61,0.0,01001010110101011100,0.0,01001010110101011100
61,0.0,01001010110101011100,0.0,01001010110101011100
61,0.0,01001010110101011100,0.0,11101100110101011000
61,0.0,11101100110101011000,0.0,11101100110101011000
61,0.0,11101100110101011000,0.0,11101100110101011000
61,0.0,11101100110101011000,0.0,11101100110101011000
61,0.0,11101100110101011000,0.0,11101100110101011000
61,0.0,11101100110101011000,0.0,11101100110101011000
61,0.0,11101100110101011000,0.0,11101100110101011000
61,0.0,11101100110101011000,0.0,11101100110101011000
61,0.0,11101100110101011000,0.0,11101100110101011000
61,0.0,11101100110101011000,0.0,11101100110101011000
61,0.0,11101100110101011000,0.0,11101100110101011000
61,0.0,11101100110101011000,0.0,11101100110101011000
61,0.0,11101100110101011000,0.0,11101100110101011000
61,0.0,11101100110101011000,0.0,11101100110101011000
61,0.0,11101100110101011000,0.0,11101100110101011000
61,0.0,11101100110101011000,0.0,11101100110101011000
61,0.0,11101100110101011000,0.0,11101100110101011000
61,0.0,11101100110101011000,0.0,11101100110101011000
61,0.0,11101100110101011000,0.0,11101100110101011000
61,0.0,11101100110101011000,0.0,11101100110101011000
62,8.0,01011010110010011101,8.0,01011010110010011101
62,8.0,01011010110010011101,8.0,01011010110010011101
62,8.0,01011010110010011101,8.0,01011010110010011101
62,8.0,01011010110010011101,8.0,01011010110010011101
62,8.0,01011010110010011101,8.0,01011010110010011101
62,8.0,01011010110010011101,8.0,01011010110010011101
62,8.0,01011010110010011101,8.0,01011010110010011101
62,8.0,01011010110010011101,8.0,01011010110010011101
62,8.0,01011010110010011101,8.0,01011010110010011101
62,8.0,01011010110010011101,8.0,01011110011000011010
62,8.0,01011110011000011010,8.0,01011110011000011010
62,8.0,01011110011000011010,8.0,01011110011000011010
62,8.0,01011110011000011010,8.0,01011110011000011010
62,8.0,01011110011000011010,2.0,01010110011010101000
62,2.0,01010110011010101000,2.0,01010110011010101000
62,2.0,01010110011010101000,2.0,01010110011010101000
62,2.0,01010110011010101000,2.0,01010110011010101000
62,2.0,01010110011010101000,2.0,01011110101010101001
62,2.0,01011110101010101001,2.0,01011110101010101001
62,2.0,01011110101010101001,2.0,01010110011010101000
62,2.0,01010110011010101000,2.0,01010110011010101000
62,2.0,01010110011010101000,2.0,01010110011010101000
62,2.0,01010110011010101000,2.0,01010110011010101000
62,2.0,01010110011010101000,2.0,01010110011010101000
62,2.0,01010110011010101000,2.0,01010110011010101000
62,2.0,01010110011010101000,2.0,01010110011010101000
62,2.0,01010110011010101000,2.0,01010110011010101000
62,2.0,01010110011010101000,2.0,01011110101010101001
62,2.0,01011110101010101001,2.0,01011110101010101001
62,2.0,01011110101010101001,2.0,01011110101010101001
62,2.0,01011110101010101001,2.0,01011110101010101001
62,2.0,01011110101010101001,2.0,01011110101010101001
62,2.0,01011110101010101001,2.0,01011110101010101001
62,2.0,01011110101010101001,2.0,01011110101010101001
62,2.0,01011110101010101001,2.0,01011110101010101001
62,2.0,01011110101010101001,2.0,01011110101010101001
62,2.0,01011110101010101001,2.0,01011110101010101001
62,2.0,01011110101010101001,2.0,01011110101010101001
62,2.0,01011110101010101001,2.0,01011110101010101001
62,2.0,01011110101010101001,2.0,01011110101010101001
62,2.0,01011110101010101001,2.0,01011110101010101001
62,2.0,01011110101010101001,2.0,01011110101010101001
62,2.0,01011110101010101001,2.0,01011110101010101001
62,2.0,01011110101010101001,2.0,01011110101010101001
62,2.0,01011110101010101001,2.0,01010110011010101000
62,2.0,01010110011010101000,2.0,01011110101010101001
62,2.0,01011110101010101001,2.0,01010110011010101000
62,2.0,01010110011010101000,2.0,01010110011010101000
62,2.0,01010110011010101000,2.0,01010110011010101000
62,2.0,01010110011010101000,2.0,01010110011010101000
62,2.0,01010110011010101000,2.0,01010110011010101000
62,2.0,01010110011010101000,2.0,01010110011010101000
62,2.0,01010110011010101000,2.0,01010110011010101000
62,2.0,01010110011010101000,2.0,01011110101010101001
62,2.0,01011110101010101001,2.0,01010110011010101000
63,1202.0,11101110110100101011,446.0,11100100111110001011
63,446.0,11100100111110001011,128.0,11101100111010011011
63,128.0,11101100111010011011,128.0,11101100111010011011
63,128.0,11101100111010011011,128.0,11101100111010011011
63,128.0,11101100111010011011,8.0,11111100110010011001
63,8.0,11111100110010011001,8.0,11111100110010011001
63,8.0,11111100110010011001,8.0,11111100110010011001
63,8.0,11111100110010011001,8.0,11111100110010011001
63,8.0,11111100110010011001,8.0,11111100110010011001
63,8.0,11111100110010011001,8.0,11111100110010011001
63,8.0,11111100110010011001,8.0,11111100110010011001
63,8.0,11111100110010011001,8.0,11111100110010011001
63,8.0,11111100110010011001,2.0,10111001010000111000
63,2.0,10111001010000111000,2.0,10111001010000111000
63,2.0,10111001010000111000,2.0,10111001010000111000
63,2.0,10111001010000111000,2.0,10111001010000111000
63,2.0,10111001010000111000,2.0,10111001010000111000
63,2.0,10111001010000111000,2.0,10111001010000111000
63,2.0,10111001010000111000,2.0,10111001010000111000
63,2.0,10111001010000111000,2.0,10111001010000111000
63,2.0,10111001010000111000,2.0,10111001010000111000
63,2.0,10111001010000111000,2.0,10111001010000111000
63,2.0,10111001010000111000,2.0,10111001010000111000
63,2.0,10111001010000111000,2.0,10111001010000111000
63,2.0,10111001010000111000,2.0,10111001010000111000
63,2.0,10111001010000111000,2.0,10111001010000111000
63,2.0,10111001010000111000,2.0,10111001010000111000
63,2.0,10111001010000111000,2.0,10111001010000111000
63,2.0,10111001010000111000,2.0,10111001010000111000
63,2.0,10111001010000111000,2.0,10101011010100101011
63,2.0,10101011010100101011,2.0,10101011010100101011
63,2.0,10101011010100101011,2.0,10101011010100101011
63,2.0,10101011010100101011,2.0,10101011010100101011
63,2.0,10101011010100101011,2.0,10101011010100101011
63,2.0,10101011010100101011,2.0,10101011010100101011
63,2.0,10101011010100101011,2.0,10101011010100101011
63,2.0,10101011010100101011,2.0,10101011010100101011
64,3208.0,10000011001001010100,244.0,10001101001101010111
64,244.0,10001101001101010111,48.0,00100001001101010100
64,48.0,00100001001101010100,48.0,00100001001101010100
64,48.0,00100001001101010100,48.0,00100001001101010100
64,48.0,00100001001101010100,48.0,00100001001101010100
64,48.0,00100001001101010100,48.0,00100001001101010100
64,48.0,00100001001101010100,48.0,00100001001101010100
64,48.0,00100001001101010100,48.0,00100001001101010100
64,48.0,00100001001101010100,48.0,00100001001101010100
64,48.0,00100001001101010100,2.0,00110000001101010100
64,2.0,00110000001101010100,2.0,00110000001101010100
64,2.0,00110000001101010100,2.0,00110000001101010100
64,2.0,00110000001101010100,2.0,00110000001101010100
64,2.0,00110000001101010100,2.0,00110000001101010100
64,2.0,00110000001101010100,2.0,00110000001101010100
64,2.0,00110000001101010100,2.0,00110000001101010100
64,2.0,00110000001101010100,2.0,00110000001101010100
64,2.0,00110000001101010100,2.0,10110000111100110010
64,2.0,10110000111100110010,2.0,10110000111100110010
64,2.0,10110000111100110010,2.0,10110000111100110010
64,2.0,10110000111100110010,2.0,10110000111100110010
64,2.0,10110000111100110010,2.0,10110000111100110010
64,2.0,10110000111100110010,2.0,10110000111100110010
64,2.0,10110000111100110010,2.0,10110000111100110010
64,2.0,10110000111100110010,2.0,10110000111100110010
64,2.0,10110000111100110010,2.0,10110000111100110010
64,2.0,10110000111100110010,2.0,10110000111100110010
64,2.0,10110000111100110010,2.0,10110000111100110010
64,2.0,10110000111100110010,2.0,10110000111100110010
64,2.0,10110000111100110010,2.0,10110000111100110010
64,2.0,10110000111100110010,2.0,10110000111100110010
64,2.0,10110000111100110010,2.0,10110000111100110010
64,2.0,10110000111100110010,2.0,10110000111100110010
64,2.0,10110000111100110010,2.0,10110000111100110010
64,2.0,10110000111100110010,2.0,10110000111100110010
64,2.0,10110000111100110010,2.0,10110000111100110010
64,2.0,10110000111100110010,2.0,10110000111100110010
65,462.0,11101001100011110001,312.0,01100001100111100100
65,312.0,01100001100111100100,78.0,01100001100011110100
65,78.0,01100001100011110100,78.0,01100001100011110100
65,78.0,01100001100011110100,12.0,00110101100011000110
65,12.0,00110101100011000110,0.0,00100001111011000100
65,0.0,00100001111011000100,0.0,00100001111011000100
65,0.0,00100001111011000100,0.0,00100001111011000100
65,0.0,00100001111011000100,0.0,00100001111011000100
65,0.0,00100001111011000100,0.0,00100001111011000100
65,0.0,00100001111011000100,0.0,00100001111011000100
65,0.0,00100001111011000100,0.0,00100001111011000100
65,0.0,00100001111011000100,0.0,00100001111011000100
65,0.0,00100001111011000100,0.0,00100001111011000100
65,0.0,00100001111011000100,0.0,00100001111011000100
65,0.0,00100001111011000100,0.0,00100001111011000100
65,0.0,00100001111011000100,0.0,00100001111011000100
65,0.0,00100001111011000100,0.0,00100001111011000100
65,0.0,00100001111011000100,0.0,00100001111011000100
65,0.0,00100001111011000100,0.0,00100001111011000100
65,0.0,00100001111011000100,0.0,00100001111011000100
65,0.0,00100001111011000100,0.0,00100001111011000100
65,0.0,00100001111011000100,0.0,00100001111011000100
65,0.0,00100001111011000100,0.0,00100001111011000100
65,0.0,00100001111011000100,0.0,00100001111011000100
65,0.0,00100001111011000100,0.0,00100001111011000100
65,0.0,00100001111011000100,0.0,00100001111011000100
65,0.0,00100001111011000100,0.0,00100001111011000100
65,0.0,00100001111011000100,0.0,00100001111011000100
65,0.0,00100001111011000100,0.0,01100000111011010101
65,0.0,01100000111011010101,0.0,01100000111011010101
65,0.0,01100000111011010101,0.0,01100000111011010101
65,0.0,01100000111011010101,0.0,00100001111011000100
65,0.0,00100001111011000100,0.0,00100001111011000100
65,0.0,00100001111011000100,0.0,00100001111011000100
65,0.0,00100001111011000100,0.0,00100001111011000100
65,0.0,00100001111011000100,0.0,00100001111011000100
66,502.0,10001101010111110111,134.0,01000001110111110101
66,134.0,01000001110111110101,54.0,11000101110101100110
66,54.0,11000101110101100110,4.0,11010100110101100110
66,4.0,11010100110101100110,4.0,11011100001101000100
66,4.0,11011100001101000100,4.0,11011100001101000100
66,4.0,11011100001101000100,4.0,11011100001101000100
66,4.0,11011100001101000100,4.0,11011100001101000100
66,4.0,11011100001101000100,4.0,11011100001101000100
66,4.0,11011100001101000100,4.0,11011100001101000100
66,4.0,11011100001101000100,4.0,11011100001101000100
66,4.0,11011100001101000100,4.0,11011100001101000100
66,4.0,11011100001101000100,4.0,11011100001101000100
66,4.0,11011100001101000100,4.0,11011100001101000100
66,4.0,11011100001101000100,4.0,11011100001101000100
66,4.0,11011100001101000100,4.0,11011100001101000100
66,4.0,11011100001101000100,4.0,11011100001101000100
66,4.0,11011100001101000100,2.0,11011000001101110001
66,2.0,11011000001101110001,2.0,11011000001101110001
66,2.0,11011000001101110001,2.0,11011000001101110001
66,2.0,11011000001101110001,2.0,11011000001101110001
66,2.0,11011000001101110001,2.0,11011000001101110001
66,2.0,11011000001101110001,2.0,11011000001101110001
66,2.0,11011000001101110001,2.0,11011000001101110001
66,2.0,11011000001101110001,2.0,11011000001101110001
66,2.0,11011000001101110001,2.0,11011000001101110001
66,2.0,11011000001101110001,2.0,11011000001101110001
66,2.0,11011000001101110001,2.0,11011000001101110001
66,2.0,11011000001101110001,2.0,11011000001101110001
66,2.0,11011000001101110001,2.0,11011000001101110001
66,2.0,11011000001101110001,2.0,11011000001101110001
66,2.0,11011000001101110001,2.0,11011000001101110001
66,2.0,11011000001101110001,2.0,11011000001101110001
66,2.0,11011000001101110001,2.0,11011000001101110001
66,2.0,11011000001101110001,2.0,11011000001101110001
66,2.0,11011000001101110001,2.0,11011000001101110001
66,2.0,11011000001101110001,2.0,11011000001101110001
66,2.0,11011000001101110001,2.0,11011000001101110001
66,2.0,11011000001101110001,2.0,11011000001101110001
66,2.0,11011000001101110001,2.0,11011000001101110001
66,2.0,11011000001101110001,2.0,11011000001101110001
66,2.0,11011000001101110001,2.0,11011000001101110001
66,2.0,11011000001101110001,2.0,11011000001101110001
66,2.0,11011000001101110001,2.0,11011000001101110001
66,2.0,11011000001101110001,2.0,11011000001101110001
66,2.0,11011000001101110001,2.0,11011000001101110001
66,2.0,11011000001101110001,2.0,11011000001101110001
66,2.0,11011000001101110001,2.0,11011000001101110001
66,2.0,11011000001101110001,2.0,11011000001101110001
66,2.0,11011000001101110001,2.0,11011000001101110001
66,2.0,11011000001101110001,2.0,11011000001101110001
66,2.0,11011000001101110001,2.0,11011000001101110001
66,2.0,11011000001101110001,2.0,11011000001101110001
67,272.0,10110000111010100110,48.0,10100010101110100111
67,48.0,10100010101110100111,48.0,10100010101110100111
67,48.0,10100010101110100111,44.0,11101010001100100110
67,44.0,11101010001100100110,28.0,11100010011110100010
67,28.0,11100010011110100010,28.0,11100010011110100010
67,28.0,11100010011110100010,28.0,11100010011110100010
67,28.0,11100010011110100010,10.0,10100010011111000001
67,10.0,10100010011111000001,10.0,10100010011111000001
67,10.0,10100010011111000001,10.0,10100010011111000001
67,10.0,10100010011111000001,10.0,10100010011111000001
67,10.0,10100010011111000001,10.0,10100010011111000001
67,10.0,10100010011111000001,10.0,10100010011111000001
67,10.0,10100010011111000001,10.0,10100010011111000001
67,10.0,10100010011111000001,10.0,10100010011111000001
67,10.0,10100010011111000001,10.0,10100010011111000001
67,10.0,10100010011111000001,10.0,10100010011111000001
67,10.0,10100010011111000001,10.0,10100010011111000001
67,10.0,10100010011111000001,10.0,10100010011111000001
67,10.0,10100010011111000001,8.0,10010110001111000000
67,8.0,10010110001111000000,8.0,10010110001111000000
67,8.0,10010110001111000000,8.0,10010110001111000000
67,8.0,10010110001111000000,8.0,10010110001111000000
67,8.0,10010110001111000000,8.0,10010110001111000000
67,8.0,10010110001111000000,8.0,10010110001111000000
67,8.0,10010110001111000000,8.0,10010110001111000000
67,8.0,10010110001111000000,8.0,10010110001111000000
67,8.0,10010110001111000000,8.0,10010110001111000000
67,8.0,10010110001111000000,8.0,00011010101011001011
67,8.0,00011010101011001011,8.0,00011010101011001011
67,8.0,00011010101011001011,8.0,00011010101011001011
67,8.0,00011010101011001011,0.0,11000010101011001011
67,0.0,11000010101011001011,0.0,11000010101011001011
67,0.0,11000010101011001011,0.0,11000010101011001011
67,0.0,11000010101011001011,0.0,11000010101011001011
67,0.0,11000010101011001011,0.0,11000010101011001011
67,0.0,11000010101011001011,0.0,11000010101011001011
67,0.0,11000010101011001011,0.0,11000010101011001011
67,0.0,11000010101011001011,0.0,11000010101011001011
67,0.0,11000010101011001011,0.0,11000010101011001011
67,0.0,11000010101011001011,0.0,11000010101011001011
67,0.0,11000010101011001011,0.0,11000010101011001011
67,0.0,11000010101011001011,0.0,11000010101011001011
67,0.0,11000010101011001011,0.0,11000010101011001011
67,0.0,11000010101011001011,0.0,11000010101011001011
67,0.0,11000010101011001011,0.0,11000010101011001011
67,0.0,11000010101011001011,0.0,11000010101011001011
67,0.0,11000010101011001011,0.0,11000010101011001011
67,0.0,11000010101011001011,0.0,11000010101011001011
67,0.0,11000010101011001011,0.0,11000010101011001011
67,0.0,11000010101011001011,0.0,11000010101011001011
68,112.0,11100101001100000111,96.0,11100001001100100100
68,96.0,11100001001100100100,16.0,11100000001110101101
68,16.0,11100000001110101101,16.0,11100000001110101101
68,16.0,11100000001110101101,16.0,11100000001110101101
68,16.0,11100000001110101101,16.0,11100000001110101101
68,16.0,11100000001110101101,8.0,00111000001110101101
68,8.0,00111000001110101101,8.0,00111000001110101101
68,8.0,00111000001110101101,8.0,00111000001110101101
68,8.0,00111000001110101101,8.0,00111000001110101101
68,8.0,00111000001110101101,8.0,00101100011110111111
68,8.0,00101100011110111111,8.0,00101100011110111111
68,8.0,00101100011110111111,8.0,00101100011110111111
68,8.0,00101100011110111111,8.0,00101100011110111111
68,8.0,00101100011110111111,8.0,00101100011110111111
68,8.0,00101100011110111111,8.0,00101100011110111111
68,8.0,00101100011110111111,8.0,00101100011110111111
68,8.0,00101100011110111111,8.0,00101100011110111111
68,8.0,00101100011110111111,8.0,00101100011110111111
68,8.0,00101100011110111111,8.0,00101100011110111111
68,8.0,00101100011110111111,6.0,10011100111010101101
68,6.0,10011100111010101101,6.0,10001001011110101100
68,6.0,10001001011110101100,6.0,10001001011110101100
68,6.0,10001001011110101100,6.0,10001001011110101100
68,6.0,10001001011110101100,6.0,10001001011110101100
68,6.0,10001001011110101100,6.0,10001001011110101100
68,6.0,10001001011110101100,6.0,10001001011110101100
68,6.0,10001001011110101100,6.0,10001001011110101100
68,6.0,10001001011110101100,6.0,10001001011110101100
68,6.0,10001001011110101100,6.0,10011101000110101110
68,6.0,10011101000110101110,6.0,10011101000110101110
68,6.0,10011101000110101110,4.0,10010011000110100110
68,4.0,10010011000110100110,4.0,10010011000110100110
68,4.0,10010011000110100110,4.0,10010011000110100110
68,4.0,10010011000110100110,0.0,00010011001010100111
68,0.0,00010011001010100111,0.0,00010011001010100111
68,0.0,00010011001010100111,0.0,00010011001010100111
68,0.0,00010011001010100111,0.0,00010011001010100111
68,0.0,00010011001010100111,0.0,00010011001010100111
68,0.0,00010011001010100111,0.0,00010011001010100111
68,0.0,00010011001010100111,0.0,00010011001010100111
68,0.0,00010011001010100111,0.0,00010011001010100111
68,0.0,00010011001010100111,0.0,00010011001010100111
68,0.0,00010011001010100111,0.0,00010011001010100111
68,0.0,00010011001010100111,0.0,00010011001010100111
68,0.0,00010011001010100111,0.0,00010011001010100111
68,0.0,00010011001010100111,0.0,00010011001010100111
68,0.0,00010011001010100111,0.0,00010011001010100111
68,0.0,00010011001010100111,0.0,00010011001010100111
68,0.0,00010011001010100111,0.0,00010011001010100111
68,0.0,00010011001010100111,0.0,00010011001010100111
68,0.0,00010011001010100111,0.0,00010011001010100111
68,0.0,00010011001010100111,0.0,00010011001010100111
68,0.0,00010011001010100111,0.0,00010011001010100111
68,0.0,00010011001010100111,0.0,00010011001010100111
68,0.0,00010011001010100111,0.0,00010011001010100111
68,0.0,00010011001010100111,0.0,00010011001010100111
68,0.0,00010011001010100111,0.0,00010011001010100111
68,0.0,00010011001010100111,0.0,00010011001010100111
68,0.0,00010011001010100111,0.0,00010011001010100111
68,0.0,00010011001010100111,0.0,00010011001010100111
69,2538.0,10111100110101010011,956.0,10010110110111100010
69,956.0,10010110110111100010,248.0,10010111100011000010
69,248.0,10010111100011000010,120.0,11010010100011001001
69,120.0,11010010100011001001,20.0,10010010000111101011
69,20.0,10010010000111101011,20.0,10010010000111101011
69,20.0,10010010000111101011,20.0,10010010000111101011
69,20.0,10010010000111101011,14.0,10001110100111101110
69,14.0,10001110100111101110,14.0,10001110100111101110
69,14.0,10001110100111101110,14.0,10001110100111101110
69,14.0,10001110100111101110,14.0,10001110100111101110
69,14.0,10001110100111101110,4.0,10011010100111001010
69,4.0,10011010100111001010,4.0,10011010100111001010
69,4.0,10011010100111001010,4.0,10011010100111001010
69,4.0,10011010100111001010,4.0,10011010100111001010
69,4.0,10011010100111001010,4.0,10011010100111001010
69,4.0,10011010100111001010,4.0,10011010100111001010
69,4.0,10011010100111001010,4.0,10011010100111001010
69,4.0,10011010100111001010,4.0,10011010100111001010
69,4.0,10011010100111001010,4.0,10011010100111001010
69,4.0,10011010100111001010,4.0,10011010100111001010
69,4.0,10011010100111001010,4.0,10011010100111001010
69,4.0,10011010100111001010,4.0,10011010100111001010
69,4.0,10011010100111001010,4.0,10011010100111001010
69,4.0,10011010100111001010,4.0,10011010100111001010
69,4.0,10011010100111001010,0.0,11000010101011001011
69,0.0,11000010101011001011,0.0,11000010101011001011
69,0.0,11000010101011001011,0.0,11000010101011001011
69,0.0,11000010101011001011,0.0,11000010101011001011
69,0.0,11000010101011001011,0.0,11000010101011001011
69,0.0,11000010101011001011,0.0,11000010101011001011
69,0.0,11000010101011001011,0.0,11000010101011001011
69,0.0,11000010101011001011,0.0,11000010101011001011
69,0.0,11000010101011001011,0.0,11000010101011001011
69,0.0,11000010101011001011,0.0,11000010101011001011
69,0.0,11000010101011001011,0.0,11000010101011001011
69,0.0,11000010101011001011,0.0,11000010101011001011
69,0.0,11000010101011001011,0.0,11000010101011001011
69,0.0,11000010101011001011,0.0,11000010101011001011
69,0.0,11000010101011001011,0.0,11000010101011001011
69,0.0,11000010101011001011,0.0,11000010101011001011
69,0.0,11000010101011001011,0.0,11000010101011001011
69,0.0,11000010101011001011,0.0,11000010101011001011
69,0.0,11000010101011001011,0.0,11000010101011001011
69,0.0,11000010101011001011,0.0,11000010101011001011
69,0.0,11000010101011001011,0.0,11000010101011001011
69,0.0,11000010101011001011,0.0,11000010101011001011
69,0.0,11000010101011001011,0.0,11000010101011001011
70,350.0,11011110100001001011,18.0,10111010100001001001
70,18.0,10111010100001001001,18.0,10111010100001001001
70,18.0,10111010100001001001,18.0,10111010100001001001
70,18.0,10111010100001001001,18.0,10111010100001001001
70,18.0,10111010100001001001,0.0,10111010110011000010
70,0.0,10111010110011000010,0.0,10111010110011000010
70,0.0,10111010110011000010,0.0,10111010110011000010
70,0.0,10111010110011000010,0.0,10111010110011000010
70,0.0,10111010110011000010,0.0,10111010110011000010
70,0.0,10111010110011000010,0.0,10111010110011000010
70,0.0,10111010110011000010,0.0,10111010110011000010
70,0.0,10111010110011000010,0.0,10111010110011000010
70,0.0,10111010110011000010,0.0,10111010110011000010
70,0.0,10111010110011000010,0.0,10111010110011000010
70,0.0,10111010110011000010,0.0,10111010110011000010
70,0.0,10111010110011000010,0.0,10111010110011000010
71,160.0,00111001011010000110,108.0,10111101011010000001
71,108.0,10111101011010000001,16.0,10111101101010000010
71,16.0,10111101101010000010,4.0,10111100001001001010
71,4.0,10111100001001001010,4.0,10111100001001001010
71,4.0,10111100001001001010,4.0,10111100001001001010
71,4.0,10111100001001001010,4.0,10111100001001001010
71,4.0,10111100001001001010,4.0,10111100001001001010
71,4.0,10111100001001001010,4.0,10111100001001001010
71,4.0,10111100001001001010,2.0,10110010001001000010
71,2.0,10110010001001000010,2.0,10110010001001000010
71,2.0,10110010001001000010,2.0,10110010001001000010
71,2.0,10110010001001000010,2.0,10110010001001000010
71,2.0,10110010001001000010,2.0,10110010001001000010
71,2.0,10110010001001000010,2.0,10110010001001000010
71,2.0,10110010001001000010,2.0,10110010001001000010
71,2.0,10110010001001000010,2.0,10110010001001000010
71,2.0,10110010001001000010,2.0,10110010001001000010
71,2.0,10110010001001000010,2.0,10110010001001000010
71,2.0,10110010001001000010,2.0,10110010001001000010
71,2.0,10110010001001000010,2.0,10110010001001000010
71,2.0,10110010001001000010,2.0,10110010001001000010
71,2.0,10110010001001000010,2.0,10110010001001000010
71,2.0,10110010001001000010,2.0,10110010001001000010
71,2.0,10110010001001000010,2.0,10110010001001000010
71,2.0,10110010001001000010,2.0,10110010001001000010
71,2.0,10110010001001000010,2.0,10110010001001000010
71,2.0,10110010001001000010,0.0,10111010110011000010
71,0.0,10111010110011000010,0.0,10111010110011000010
71,0.0,10111010110011000010,0.0,10111010110011000010
71,0.0,10111010110011000010,0.0,10111010110011000010
71,0.0,10111010110011000010,0.0,10111010110011000010
71,0.0,10111010110011000010,0.0,10111010110011000010
71,0.0,10111010110011000010,0.0,10111010110011000010
71,0.0,10111010110011000010,0.0,10111010110011000010
71,0.0,10111010110011000010,0.0,10111010110011000010
71,0.0,10111010110011000010,0.0,10111010110011000010
71,0.0,10111010110011000010,0.0,10111010110011000010
71,0.0,10111010110011000010,0.0,10111010110011000010
71,0.0,10111010110011000010,0.0,10111010110011000010
71,0.0,10111010110011000010,0.0,10111010110011000010
71,0.0,10111010110011000010,0.0,10111010110011000010
71,0.0,10111010110011000010,0.0,10111010110011000010
71,0.0,10111010110011000010,0.0,10111010110011000010
71,0.0,10111010110011000010,0.0,10111010110011000010
71,0.0,10111010110011000010,0.0,10111010110011000010
71,0.0,10111010110011000010,0.0,10111010110011000010
71,0.0,10111010110011000010,0.0,10111010110011000010
71,0.0,10111010110011000010,0.0,10111010110011000010
71,0.0,10111010110011000010,0.0,10111010110011000010
72,32.0,00011110100110111101,32.0,00011110100110111101
72,32.0,00011110100110111101,32.0,00011110100110111101
72,32.0,00011110100110111101,32.0,00011110100110111101
72,32.0,00011110100110111101,32.0,00011110100110111101
72,32.0,00011110100110111101,32.0,00011110100110111101
72,32.0,00011110100110111101,32.0,00011110100110111101
72,32.0,00011110100110111101,0.0,00110010100110111000
72,0.0,00110010100110111000,0.0,00110010100110111000
72,0.0,00110010100110111000,0.0,00110010100110111000
72,0.0,00110010100110111000,0.0,00110010100110111000
72,0.0,00110010100110111000,0.0,00110010100110111000
72,0.0,00110010100110111000,0.0,00110010100110111000
72,0.0,00110010100110111000,0.0,00110010100110111000
72,0.0,00110010100110111000,0.0,00110010100110111000
72,0.0,00110010100110111000,0.0,00110010100110111000
72,0.0,00110010100110111000,0.0,00110010100110111000
72,0.0,00110010100110111000,0.0,00110010100110111000
72,0.0,00110010100110111000,0.0,00110010100110111000
72,0.0,00110010100110111000,0.0,00110010100110111000
72,0.0,00110010100110111000,0.0,00110010100110111000
72,0.0,00110010100110111000,0.0,00110010100110111000
72,0.0,00110010100110111000,0.0,00110010100110111000
72,0.0,00110010100110111000,0.0,00110010100110111000
72,0.0,00110010100110111000,0.0,00110010100110111000
72,0.0,00110010100110111000,0.0,00110010100110111000
72,0.0,00110010100110111000,0.0,00110010100110111000
72,0.0,00110010100110111000,0.0,00110010100110111000
72,0.0,00110010100110111000,0.0,00110010100110111000
72,0.0,00110010100110111000,0.0,00110010100110111000
72,0.0,00110010100110111000,0.0,00110010100110111000
72,0.0,00110010100110111000,0.0,00110010100110111000
72,0.0,00110010100110111000,0.0,00110010100110111000
72,0.0,00110010100110111000,0.0,00110010100110111000
72,0.0,00110010100110111000,0.0,00110010100110111000
73,38.0,01001101111000011111,18.0,00001111101000011111
73,18.0,00001111101000011111,18.0,00001111101000011111
73,18.0,00001111101000011111,18.0,00001111101000011111
73,18.0,00001111101000011111,18.0,00001111100110111101
73,18.0,00001111100110111101,2.0,01001101110110111101
73,2.0,01001101110110111101,2.0,01001101110110111101
73,2.0,01001101110110111101,2.0,01001101110110111101
73,2.0,01001101110110111101,2.0,01001101110110111101
73,2.0,01001101110110111101,2.0,01001101110110111101
73,2.0,01001101110110111101,2.0,01001101110110111101
73,2.0,01001101110110111101,2.0,01001101110110111101
73,2.0,01001101110110111101,2.0,01001101110110111101
73,2.0,01001101110110111101,2.0,01001101110110111101
73,2.0,01001101110110111101,2.0,01001101110110111101
73,2.0,01001101110110111101,2.0,01001101110110111101
73,2.0,01001101110110111101,2.0,01001101110110111101
73,2.0,01001101110110111101,2.0,01001101110110111101
73,2.0,01001101110110111101,2.0,01001101110110111101
73,2.0,01001101110110111101,2.0,01001101110110111101
73,2.0,01001101110110111101,2.0,01001101110110111101
73,2.0,01001101110110111101,2.0,01001101110110111101
73,2.0,01001101110110111101,2.0,01001101110110111101
73,2.0,01001101110110111101,2.0,01001101110110111101
73,2.0,01001101110110111101,2.0,01001101110110111101
73,2.0,01001101110110111101,2.0,01001101110110111101
73,2.0,01001101110110111101,2.0,01001101110110111101
73,2.0,01001101110110111101,2.0,01001101110110111101
73,2.0,01001101110110111101,2.0,01001101110110111101
73,2.0,01001101110110111101,2.0,01001101110110111101
73,2.0,01001101110110111101,2.0,01001101110110111101
73,2.0,01001101110110111101,2.0,01001101110110111101
73,2.0,01001101110110111101,2.0,01001101110110111101
73,2.0,01001101110110111101,2.0,01001101110110111101
73,2.0,01001101110110111101,2.0,01001101110110111101
73,2.0,01001101110110111101,2.0,01001101110110111101
73,2.0,01001101110110111101,2.0,01001101110110111101
73,2.0,01001101110110111101,2.0,01001101110110111101
73,2.0,01001101110110111101,2.0,01001101110110111101
73,2.0,01001101110110111101,2.0,01001101110110111101
73,2.0,01001101110110111101,2.0,01001101110110111101
73,2.0,01001101110110111101,2.0,01001101110110111101
73,2.0,01001101110110111101,2.0,01001101110110111101
73,2.0,01001101110110111101,2.0,01001101110110111101
73,2.0,01001101110110111101,2.0,01001101110110111101
73,2.0,01001101110110111101,2.0,01001101110110111101
73,2.0,01001101110110111101,2.0,01001101110110111101
73,2.0,01001101110110111101,2.0,01001101110110111101
73,2.0,01001101110110111101,2.0,01001101110110111101
73,2.0,01001101110110111101,2.0,01001101110110111101
73,2.0,01001101110110111101,2.0,01001101110110111101
73,2.0,01001101110110111101,2.0,01001101110110111101
73,2.0,01001101110110111101,2.0,01001101110110111101
73,2.0,01001101110110111101,2.0,01001101110110111101
73,2.0,01001101110110111101,0.0,01000101111110011000
73,0.0,01000101111110011000,0.0,01000101111110011000
73,0.0,01000101111110011000,0.0,01000101111110011000
73,0.0,01000101111110011000,0.0,01000101111110011000
73,0.0,01000101111110011000,0.0,01000101111110011000
73,0.0,01000101111110011000,0.0,01000101111110011000
73,0.0,01000101111110011000,0.0,01000101111110011000
73,0.0,01000101111110011000,0.0,01000101111110011000
73,0.0,01000101111110011000,0.0,01000101111110011000
73,0.0,01000101111110011000,0.0,01000101111110011000
73,0.0,01000101111110011000,0.0,01000101111110011000
73,0.0,01000101111110011000,0.0,01000101111110011000
73,0.0,01000101111110011000,0.0,01000101111110011000
73,0.0,01000101111110011000,0.0,01000101111110011000
73,0.0,01000101111110011000,0.0,01000101111110011000
73,0.0,01000101111110011000,0.0,01000101111110011000
73,0.0,01000101111110011000,0.0,01000101111110011000
73,0.0,01000101111110011000,0.0,01000101111110011000
73,0.0,01000101111110011000,0.0,01000101111110011000
73,0.0,01000101111110011000,0.0,01000101111110011000
73,0.0,01000101111110011000,0.0,01000101111110011000
73,0.0,01000101111110011000,0.0,01000101111110011000
73,0.0,01000101111110011000,0.0,01000101111110011000
73,0.0,01000101111110011000,0.0,01000101111110011000
73,0.0,01000101111110011000,0.0,01000101111110011000
73,0.0,01000101111110011000,0.0,01000101111110011000
73,0.0,01000101111110011000,0.0,01000101111110011000
73,0.0,01000101111110011000,0.0,01000101111110011000
73,0.0,01000101111110011000,0.0,01000101111110011000
73,0.0,01000101111110011000,0.0,01000101111110011000
73,0.0,01000101111110011000,0.0,01000101111110011000
73,0.0,01000101111110011000,0.0,01000101111110011000
73,0.0,01000101111110011000,0.0,01000101111110011000
73,0.0,01000101111110011000,0.0,01000101111110011000
73,0.0,01000101111110011000,0.0,01000101111110011000
73,0.0,01000101111110011000,0.0,01000101111110011000
73,0.0,01000101111110011000,0.0,01000101111110011000
74,712.0,00110111100010110000,528.0,00110011000010011000
74,528.0,00110011000010011000,82.0,00110011000000111000
74,82.0,00110011000000111000,8.0,00110011000000001111
74,8.0,00110011000000001111,4.0,00110110000100011110
74,4.0,00110110000100011110,4.0,00110110000100011110
74,4.0,00110110000100011110,0.0,10101011000110011000
74,0.0,10101011000110011000,0.0,10101011000110011000
74,0.0,10101011000110011000,0.0,10101011000110011000
74,0.0,10101011000110011000,0.0,10101011000110011000
74,0.0,10101011000110011000,0.0,10101011000110011000
74,0.0,10101011000110011000,0.0,10101011000110011000
74,0.0,10101011000110011000,0.0,10101011000110011000
74,0.0,10101011000110011000,0.0,10101011000110011000
74,0.0,10101011000110011000,0.0,10101011000110011000
74,0.0,10101011000110011000,0.0,10101011000110011000
74,0.0,10101011000110011000,0.0,10101011000110011000
74,0.0,10101011000110011000,0.0,10101011000110011000
74,0.0,10101011000110011000,0.0,10101011000110011000
74,0.0,10101011000110011000,0.0,10101011000110011000
74,0.0,10101011000110011000,0.0,10101011000110011000
74,0.0,10101011000110011000,0.0,10101011000110011000
74,0.0,10101011000110011000,0.0,10101011000110011000
74,0.0,10101011000110011000,0.0,10101011000110011000
74,0.0,10101011000110011000,0.0,10101011000110011000
74,0.0,10101011000110011000,0.0,10101011000110011000
74,0.0,10101011000110011000,0.0,10101011000110011000
74,0.0,10101011000110011000,0.0,10101011000110011000
74,0.0,10101011000110011000,0.0,10101011000110011000
74,0.0,10101011000110011000,0.0,10101011000110011000
74,0.0,10101011000110011000,0.0,10101011000110011000
74,0.0,10101011000110011000,0.0,10101011000110011000
74,0.0,10101011000110011000,0.0,10101011000110011000
74,0.0,10101011000110011000,0.0,10101011000110011000
74,0.0,10101011000110011000,0.0,10101011000110011000
74,0.0,10101011000110011000,0.0,10101011000110011000
75,348.0,01001011110110001101,118.0,00001011110110011111
75,118.0,00001011110110011111,68.0,00011010110110011111
75,68.0,00011010110110011111,68.0,00011010110110011111
75,68.0,00011010110110011111,32.0,00011110100110111101
75,32.0,00011110100110111101,32.0,00011110100110111101
75,32.0,00011110100110111101,32.0,00011110100110111101
75,32.0,00011110100110111101,32.0,00011110100110111101
75,32.0,00011110100110111101,28.0,00011011100110011001
75,28.0,00011011100110011001,28.0,00011011100110011001
75,28.0,00011011100110011001,28.0,00000011110111101001
75,28.0,00000011110111101001,4.0,00100011100101001011
75,4.0,00100011100101001011,4.0,00100011100101001011
75,4.0,00100011100101001011,4.0,00100011100101001011
75,4.0,00100011100101001011,4.0,00100011100101001011
75,4.0,00100011100101001011,4.0,00100011100101001011
75,4.0,00100011100101001011,4.0,00100011100101001011
75,4.0,00100011100101001011,4.0,00100011100101001011
75,4.0,00100011100101001011,4.0,00100011100101001011
75,4.0,00100011100101001011,4.0,00100011100101001011
75,4.0,00100011100101001011,4.0,00100011100101001011
75,4.0,00100011100101001011,4.0,00100011100101001011
75,4.0,00100011100101001011,4.0,00100011100101001011
75,4.0,00100011100101001011,4.0,00100011100101001011
75,4.0,00100011100101001011,4.0,00100011100101001011
75,4.0,00100011100101001011,4.0,00100011100101001011
75,4.0,00100011100101001011,4.0,00100011100101001011
75,4.0,00100011100101001011,4.0,00100011100101001011
76,234.0,11001101011001001001,2.0,01001111000011001101
76,2.0,01001111000011001101,2.0,01001111000011001101
76,2.0,01001111000011001101,2.0,01001111000011001101
76,2.0,01001111000011001101,2.0,01001111000011001101
76,2.0,01001111000011001101,2.0,01001111000011001101
76,2.0,01001111000011001101,2.0,01001111000011001101
76,2.0,01001111000011001101,2.0,01001111000011001101
76,2.0,01001111000011001101,2.0,01001111000011001101
76,2.0,01001111000011001101,2.0,01001111000011001101
76,2.0,01001111000011001101,2.0,01001111000011001101
76,2.0,01001111000011001101,2.0,01001111000011001101
76,2.0,01001111000011001101,2.0,01001111000011001101
76,2.0,01001111000011001101,2.0,01001111000011001101
76,2.0,01001111000011001101,2.0,01001111000011001101
76,2.0,01001111000011001101,2.0,01001111000011001101
76,2.0,01001111000011001101,2.0,01001111000011001101
76,2.0,01001111000011001101,2.0,01001111000011001101
76,2.0,01001111000011001101,2.0,01001111000011001101
76,2.0,01001111000011001101,2.0,01001111000011001101
76,2.0,01001111000011001101,2.0,01001111000011001101
76,2.0,01001111000011001101,2.0,01001111000011001101
76,2.0,01001111000011001101,2.0,01001111000011001101
76,2.0,01001111000011001101,2.0,01001111000011001101
76,2.0,01001111000011001101,2.0,01001111000011001101
76,2.0,01001111000011001101,2.0,01001111000011001101
76,2.0,01001111000011001101,2.0,01001111000011001101
76,2.0,01001111000011001101,2.0,01001111000011001101
76,2.0,01001111000011001101,2.0,01001111000011001101
76,2.0,01001111000011001101,2.0,01001111000011001101
76,2.0,01001111000011001101,2.0,01001111000011001101
76,2.0,01001111000011001101,2.0,01001111000011001101
76,2.0,01001111000011001101,2.0,01001111000011001101
76,2.0,01001111000011001101,2.0,01001111000011001101
76,2.0,01001111000011001101,2.0,01001111000011001101
76,2.0,01001111000011001101,2.0,01001111000011001101
77,534.0,01100001010111110010,512.0,10011001010111010011
77,512.0,10011001010111010011,102.0,10010111000110110010
77,102.0,10010111000110110010,46.0,10111101000110110011
77,46.0,10111101000110110011,46.0,10111101000110110011
77,46.0,10111101000110110011,12.0,00111101110110110001
77,12.0,00111101110110110001,12.0,00111101110110110001
77,12.0,00111101110110110001,12.0,00111101110110110001
77,12.0,00111101110110110001,12.0,00111101110110110001
77,12.0,00111101110110110001,12.0,00111101110110110001
77,12.0,00111101110110110001,12.0,00111101110110110001
77,12.0,00111101110110110001,12.0,00111101110110110001
77,12.0,00111101110110110001,12.0,00111101110110110001
77,12.0,00111101110110110001,12.0,00111101110110110001
77,12.0,00111101110110110001,12.0,00111101110110110001
77,12.0,00111101110110110001,12.0,00111101110110110001
77,12.0,00111101110110110001,12.0,00111101110110110001
77,12.0,00111101110110110001,12.0,00111101110110110001
77,12.0,00111101110110110001,12.0,00111101110110110001
77,12.0,00111101110110110001,12.0,00111101110110110001
77,12.0,00111101110110110001,12.0,00111101110110110001
77,12.0,00111101110110110001,12.0,00111101110110110001
77,12.0,00111101110110110001,12.0,00111101110110110001
77,12.0,00111101110110110001,12.0,00111101110110110001
77,12.0,00111101110110110001,12.0,00111101110110110001
77,12.0,00111101110110110001,12.0,00111101110110110001
77,12.0,00111101110110110001,12.0,00111101110110110001
77,12.0,00111101110110110001,12.0,00111101110110110001
77,12.0,00111101110110110001,12.0,00111101110110110001
77,12.0,00111101110110110001,12.0,00111101110110110001
77,12.0,00111101110110110001,12.0,00111101110110110001
77,12.0,00111101110110110001,12.0,00111101110110110001
77,12.0,00111101110110110001,12.0,00111101110110110001
77,12.0,00111101110110110001,12.0,00111101110110110001
77,12.0,00111101110110110001,12.0,00111101110110110001
77,12.0,00111101110110110001,12.0,00111101110110110001
77,12.0,00111101110110110001,12.0,00111101110110110001
77,12.0,00111101110110110001,12.0,00111101110110110001
77,12.0,00111101110110110001,12.0,00111101110110110001
77,12.0,00111101110110110001,2.0,01001101110110111101
77,2.0,01001101110110111101,2.0,01001101110110111101
77,2.0,01001101110110111101,2.0,01001101110110111101
77,2.0,01001101110110111101,2.0,01001101110110111101
77,2.0,01001101110110111101,2.0,01001101110110111101
77,2.0,01001101110110111101,2.0,01001101110110111101
77,2.0,01001101110110111101,2.0,01001101110110111101
77,2.0,01001101110110111101,2.0,01001101110110111101
77,2.0,01001101110110111101,2.0,01001101110110111101
77,2.0,01001101110110111101,2.0,01001101110110111101
77,2.0,01001101110110111101,2.0,01001101110110111101
77,2.0,01001101110110111101,2.0,01001101110110111101
77,2.0,01001101110110111101,2.0,01001101110110111101
77,2.0,01001101110110111101,2.0,01001101110110111101
77,2.0,01001101110110111101,2.0,01001101110110111101
77,2.0,01001101110110111101,2.0,01001101110110111101
77,2.0,01001101110110111101,2.0,01001101110110111101
77,2.0,01001101110110111101,2.0,01001101110110111101
77,2.0,01001101110110111101,2.0,01001101110110111101
77,2.0,01001101110110111101,2.0,01001101110110111101
77,2.0,01001101110110111101,2.0,01001101110110111101
77,2.0,01001101110110111101,2.0,01001101110110111101
77,2.0,01001101110110111101,2.0,01001101110110111101
77,2.0,01001101110110111101,2.0,01001101110110111101
77,2.0,01001101110110111101,2.0,01001101110110111101
77,2.0,01001101110110111101,2.0,01001101110110111101
77,2.0,01001101110110111101,2.0,01001101110110111101
77,2.0,01001101110110111101,2.0,01001101110110111101
77,2.0,01001101110110111101,2.0,01001101110110111101
77,2.0,01001101110110111101,2.0,01001101110110111101
77,2.0,01001101110110111101,2.0,01001101110110111101
77,2.0,01001101110110111101,2.0,01001101110110111101
77,2.0,01001101110110111101,2.0,01001101110110111101
77,2.0,01001101110110111101,2.0,01100110110010011111
77,2.0,01100110110010011111,2.0,01100110110010011111
77,2.0,01100110110010011111,2.0,01100110110010011111
77,2.0,01100110110010011111,2.0,01100110110010011111
77,2.0,01100110110010011111,2.0,01100110110010011111
77,2.0,01100110110010011111,2.0,01100110110010011111
77,2.0,01100110110010011111,2.0,01100110110010011111
77,2.0,01100110110010011111,2.0,00100111110010001110
77,2.0,00100111110010001110,2.0,00100111110010001110
77,2.0,00100111110010001110,2.0,00100111110010001110
77,2.0,00100111110010001110,2.0,00100111110010001110
77,2.0,00100111110010001110,2.0,00100111110010001110
78,282.0,11011001101000001011,220.0,11000111101000001011
78,220.0,11000111101000001011,220.0,11000111101000001011
78,220.0,11000111101000001011,128.0,11101110101000101001
78,128.0,11101110101000101001,84.0,11100110111000001000
78,84.0,11100110111000001000,30.0,01110110001000001010
78,30.0,01110110001000001010,26.0,11101010101100001000
78,26.0,11101010101100001000,26.0,11101010101100001000
78,26.0,11101010101100001000,8.0,11101010110110101001
78,8.0,11101010110110101001,8.0,11101010110110101001
78,8.0,11101010110110101001,8.0,11101010110110101001
78,8.0,11101010110110101001,8.0,11101010110110101001
78,8.0,11101010110110101001,8.0,11101010110110101001
78,8.0,11101010110110101001,8.0,11101010110110101001
78,8.0,11101010110110101001,8.0,11101010110110101001
78,8.0,11101010110110101001,8.0,11101010110110101001
78,8.0,11101010110110101001,8.0,11101010110110101001
78,8.0,11101010110110101001,8.0,11101010110110101001
78,8.0,11101010110110101001,8.0,11101010110110101001
78,8.0,11101010110110101001,8.0,11101010110110101001
78,8.0,11101010110110101001,8.0,11101010110110101001
78,8.0,11101010110110101001,8.0,11101010110110101001
78,8.0,11101010110110101001,8.0,11101010110110101001
78,8.0,11101010110110101001,8.0,11101010110110101001
78,8.0,11101010110110101001,8.0,00101110111110101000
78,8.0,00101110111110101000,8.0,11101010110110101001
78,8.0,11101010110110101001,8.0,11101010110110101001
78,8.0,11101010110110101001,8.0,11101010110110101001
78,8.0,11101010110110101001,8.0,11101010110110101001
78,8.0,11101010110110101001,8.0,11101010110110101001
78,8.0,11101010110110101001,8.0,11101010110110101001
78,8.0,11101010110110101001,8.0,11101010110110101001
78,8.0,11101010110110101001,8.0,11101010110110101001
78,8.0,11101010110110101001,8.0,11101010110110101001
78,8.0,11101010110110101001,8.0,11101010110110101001
78,8.0,11101010110110101001,8.0,11101010110110101001
78,8.0,11101010110110101001,8.0,11101010110110101001
78,8.0,11101010110110101001,8.0,11101010110110101001
78,8.0,11101010110110101001,8.0,11101010110110101001
78,8.0,11101010110110101001,8.0,11101010110110101001
78,8.0,11101010110110101001,8.0,11101010110110101001
78,8.0,11101010110110101001,8.0,11101010110110101001
78,8.0,11101010110110101001,8.0,11101010110110101001
78,8.0,11101010110110101001,8.0,11101010110110101001
78,8.0,11101010110110101001,8.0,11101010110110101001
78,8.0,11101010110110101001,8.0,11101010110110101001
78,8.0,11101010110110101001,8.0,11101010110110101001
78,8.0,11101010110110101001,2.0,10101011010100101011
78,2.0,10101011010100101011,2.0,10101011010100101011
78,2.0,10101011010100101011,2.0,10101011010100101011
78,2.0,10101011010100101011,2.0,10101011010100101011
78,2.0,10101011010100101011,2.0,10101011010100101011
78,2.0,10101011010100101011,2.0,10101011010100101011
78,2.0,10101011010100101011,2.0,10101011010100101011
78,2.0,10101011010100101011,2.0,10101011010100101011
78,2.0,10101011010100101011,2.0,10101011010100101011
78,2.0,10101011010100101011,2.0,10101011010100101011
78,2.0,10101011010100101011,2.0,10101011010100101011
78,2.0,10101011010100101011,2.0,10101011010100101011
78,2.0,10101011010100101011,2.0,10101011010100101011
78,2.0,10101011010100101011,2.0,10101011010100101011
78,2.0,10101011010100101011,2.0,10101011010100101011
78,2.0,10101011010100101011,2.0,10101011010100101011
78,2.0,10101011010100101011,2.0,10101011010100101011
78,2.0,10101011010100101011,2.0,10101011010100101011
78,2.0,10101011010100101011,2.0,10101011010100101011
78,2.0,10101011010100101011,2.0,10101011010100101011
78,2.0,10101011010100101011,2.0,10101011010100101011
78,2.0,10101011010100101011,2.0,10101011010100101011
78,2.0,10101011010100101011,2.0,10101011010100101011
78,2.0,10101011010100101011,2.0,10101011010100101011
78,2.0,10101011010100101011,2.0,10101011010100101011
78,2.0,10101011010100101011,0.0,11111010100000101010
78,0.0,11111010100000101010,0.0,11111010100000101010
78,0.0,11111010100000101010,0.0,11111010100000101010
78,0.0,11111010100000101010,0.0,11111010100000101010
78,0.0,11111010100000101010,0.0,11111010100000101010
78,0.0,11111010100000101010,0.0,11111010100000101010
78,0.0,11111010100000101010,0.0,11111010100000101010
78,0.0,11111010100000101010,0.0,11111010100000101010
78,0.0,11111010100000101010,0.0,11111010100000101010
78,0.0,11111010100000101010,0.0,11111010100000101010
78,0.0,11111010100000101010,0.0,11111010100000101010
78,0.0,11111010100000101010,0.0,11111010100000101010
78,0.0,11111010100000101010,0.0,11111010100000101010
78,0.0,11111010100000101010,0.0,11111010100000101010
78,0.0,11111010100000101010,0.0,11111010100000101010
78,0.0,11111010100000101010,0.0,11111010100000101010
78,0.0,11111010100000101010,0.0,11111010100000101010
78,0.0,11111010100000101010,0.0,11111010100000101010
79,2714.0,01001101111110100111,292.0,10001101001111110011
79,292.0,10001101001111110011,242.0,10011100001111110011
79,242.0,10011100001111110011,142.0,00010100001111110110
79,142.0,00010100001111110110,50.0,00111000001011010111
79,50.0,00111000001011010111,50.0,00111000001011010111
79,50.0,00111000001011010111,2.0,00110000001101010100
79,2.0,00110000001101010100,2.0,00110000001101010100
79,2.0,00110000001101010100,2.0,00110000001101010100
79,2.0,00110000001101010100,0.0,01100001000111010110
79,0.0,01100001000111010110,0.0,01100001000111010110
79,0.0,01100001000111010110,0.0,01100001000111010110
79,0.0,01100001000111010110,0.0,01100000111011010101
79,0.0,01100000111011010101,0.0,01100000111011010101
79,0.0,01100000111011010101,0.0,01100000111011010101
79,0.0,01100000111011010101,0.0,01100000111011010101
79,0.0,01100000111011010101,0.0,01100000111011010101
79,0.0,01100000111011010101,0.0,01100000111011010101
79,0.0,01100000111011010101,0.0,01100000111011010101
79,0.0,01100000111011010101,0.0,01100000111011010101
79,0.0,01100000111011010101,0.0,01100000111011010101
79,0.0,01100000111011010101,0.0,01100000111011010101
79,0.0,01100000111011010101,0.0,01100000111011010101
79,0.0,01100000111011010101,0.0,01100000111011010101
79,0.0,01100000111011010101,0.0,01100000111011010101
79,0.0,01100000111011010101,0.0,01100000111011010101
79,0.0,01100000111011010101,0.0,01100000111011010101
79,0.0,01100000111011010101,0.0,01100000111011010101
79,0.0,01100000111011010101,0.0,01100000111011010101
79,0.0,01100000111011010101,0.0,01100000111011010101
79,0.0,01100000111011010101,0.0,01100000111011010101
80,104.0,11001111011000001001,104.0,11001111011000001001
80,104.0,11001111011000001001,28.0,10001111011100001011
80,28.0,10001111011100001011,28.0,10001111011100001011
80,28.0,10001111011100001011,4.0,10000110111101000111
80,4.0,10000110111101000111,4.0,10000110111101000111
80,4.0,10000110111101000111,4.0,10000110111101000111
80,4.0,10000110111101000111,4.0,10000110111101000111
80,4.0,10000110111101000111,4.0,10000110111101000111
80,4.0,10000110111101000111,4.0,10000110111101000111
80,4.0,10000110111101000111,4.0,10000110111101000111
80,4.0,10000110111101000111,4.0,10000110111101000111
80,4.0,10000110111101000111,4.0,10000111011011000011
80,4.0,10000111011011000011,4.0,10000111011011000011
80,4.0,10000111011011000011,4.0,10000111011011000011
80,4.0,10000111011011000011,4.0,10000111011011000011
80,4.0,10000111011011000011,4.0,10000111011011000011
80,4.0,10000111011011000011,4.0,10000111011011000011
80,4.0,10000111011011000011,4.0,10000111011011000011
81,150.0,01100110100101010110,66.0,01100110000101110110
81,66.0,01100110000101110110,8.0,01000010001101110111
81,8.0,01000010001101110111,8.0,01000010001101110111
81,8.0,01000010001101110111,8.0,01000010001101110111
81,8.0,01000010001101110111,8.0,01000010001101110111
81,8.0,01000010001101110111,8.0,01000010001101110111
81,8.0,01000010001101110111,8.0,01000010001101110111
81,8.0,01000010001101110111,8.0,01000010001101110111
81,8.0,01000010001101110111,8.0,01000010001101110111
81,8.0,01000010001101110111,8.0,01000010001101110111
81,8.0,01000010001101110111,6.0,01001010110111110111
81,6.0,01001010110111110111,6.0,01001010110111110111
81,6.0,01001010110111110111,6.0,01001010110111110111
81,6.0,01001010110111110111,4.0,01000011110110110101
81,4.0,01000011110110110101,4.0,01000011110110110101
81,4.0,01000011110110110101,2.0,01001101110110111101
81,2.0,01001101110110111101,2.0,01001101110110111101
81,2.0,01001101110110111101,2.0,01001101110110111101
81,2.0,01001101110110111101,2.0,01001101110110111101
81,2.0,01001101110110111101,2.0,01001101110110111101
81,2.0,01001101110110111101,2.0,01001101110110111101
81,2.0,01001101110110111101,2.0,01001101110110111101
81,2.0,01001101110110111101,2.0,01001101110110111101
81,2.0,01001101110110111101,2.0,01001101110110111101
81,2.0,01001101110110111101,0.0,01000101111110011000
81,0.0,01000101111110011000,0.0,01000101111110011000
81,0.0,01000101111110011000,0.0,01000101111110011000
81,0.0,01000101111110011000,0.0,01000101111110011000
81,0.0,01000101111110011000,0.0,01000101111110011000
81,0.0,01000101111110011000,0.0,01000101111110011000
81,0.0,01000101111110011000,0.0,01000101111110011000
81,0.0,01000101111110011000,0.0,01000101111110011000
81,0.0,01000101111110011000,0.0,01000101111110011000
81,0.0,01000101111110011000,0.0,01000101111110011000
81,0.0,01000101111110011000,0.0,01000101111110011000
81,0.0,01000101111110011000,0.0,01000101111110011000
81,0.0,01000101111110011000,0.0,01000101111110011000
81,0.0,01000101111110011000,0.0,01000101111110011000
81,0.0,01000101111110011000,0.0,01000101111110011000
81,0.0,01000101111110011000,0.0,01000101111110011000
81,0.0,01000101111110011000,0.0,01000101111110011000
81,0.0,01000101111110011000,0.0,01000101111110011000
81,0.0,01000101111110011000,0.0,01000101111110011000
81,0.0,01000101111110011000,0.0,01000101111110011000
81,0.0,01000101111110011000,0.0,01000101111110011000
81,0.0,01000101111110011000,0.0,01000101111110011000
81,0.0,01000101111110011000,0.0,01000101111110011000
81,0.0,01000101111110011000,0.0,01000101111110011000
81,0.0,01000101111110011000,0.0,01000101111110011000
81,0.0,01000101111110011000,0.0,01000101111110011000
81,0.0,01000101111110011000,0.0,01000101111110011000
81,0.0,01000101111110011000,0.0,01000101111110011000
81,0.0,01000101111110011000,0.0,01000101111110011000
81,0.0,01000101111110011000,0.0,01000101111110011000
81,0.0,01000101111110011000,0.0,01000101111110011000
81,0.0,01000101111110011000,0.0,01000101111110011000
81,0.0,01000101111110011000,0.0,01000101111110011000
81,0.0,01000101111110011000,0.0,01000101111110011000
81,0.0,01000101111110011000,0.0,01000101111110011000
81,0.0,01000101111110011000,0.0,01000101111110011000
81,0.0,01000101111110011000,0.0,01000101111110011000
81,0.0,01000101111110011000,0.0,01000101111110011000
81,0.0,01000101111110011000,0.0,01000101111110011000
81,0.0,01000101111110011000,0.0,01000101111110011000
81,0.0,01000101111110011000,0.0,01000101111110011000
81,0.0,01000101111110011000,0.0,01000101111110011000
82,70.0,10011101101100110001,14.0,10011101001101000011
82,14.0,10011101001101000011,14.0,10011101001101000011
82,14.0,10011101001101000011,14.0,10011101001101000011
82,14.0,10011101001101000011,14.0,10011101001101000011
82,14.0,10011101001101000011,14.0,10011101001101000011
82,14.0,10011101001101000011,8.0,10100101001101100010
82,8.0,10100101001101100010,8.0,10100101001101100010
82,8.0,10100101001101100010,8.0,10100101001101100010
82,8.0,10100101001101100010,8.0,10100101001101100010
82,8.0,10100101001101100010,8.0,10100101001101100010
82,8.0,10100101001101100010,8.0,10100101001101100010
82,8.0,10100101001101100010,6.0,10101101110111100010
82,6.0,10101101110111100010,6.0,10101101110111100010
82,6.0,10101101110111100010,6.0,10101101110111100010
82,6.0,10101101110111100010,6.0,10101101110111100010
82,6.0,10101101110111100010,6.0,10101101110111100010
82,6.0,10101101110111100010,6.0,10101101110111100010
82,6.0,10101101110111100010,6.0,10101101110111100010
82,6.0,10101101110111100010,4.0,11100101110110110001
82,4.0,11100101110110110001,4.0,11100101110110110001
82,4.0,11100101110110110001,4.0,11100101110110110001
82,4.0,11100101110110110001,4.0,11100101110110110001
82,4.0,11100101110110110001,4.0,11100101110110110001
82,4.0,11100101110110110001,4.0,11100101110110110001
82,4.0,11100101110110110001,4.0,11100101110110110001
82,4.0,11100101110110110001,4.0,11100101110110110001
82,4.0,11100101110110110001,4.0,11100101110110110001
82,4.0,11100101110110110001,4.0,11100101110110110001
82,4.0,11100101110110110001,4.0,11100101110110110001
82,4.0,11100101110110110001,4.0,11100101110110110001
82,4.0,11100101110110110001,4.0,11100101110110110001
82,4.0,11100101110110110001,4.0,11100101110110110001
82,4.0,11100101110110110001,4.0,11100101110110110001
82,4.0,11100101110110110001,4.0,11100101110110110001
82,4.0,11100101110110110001,4.0,11100101110110110001
82,4.0,11100101110110110001,4.0,11100000110111010100
82,4.0,11100000110111010100,4.0,11100000110111010100
82,4.0,11100000110111010100,4.0,11100000110111010100
82,4.0,11100000110111010100,4.0,11100000110111010100
82,4.0,11100000110111010100,4.0,11100000110111010100
82,4.0,11100000110111010100,4.0,11100000110111010100
82,4.0,11100000110111010100,4.0,11100000110111010100
82,4.0,11100000110111010100,0.0,01100001000111010110
82,0.0,01100001000111010110,0.0,01100001000111010110
82,0.0,01100001000111010110,0.0,01100001000111010110
82,0.0,01100001000111010110,0.0,01100001000111010110
82,0.0,01100001000111010110,0.0,01100001000111010110
82,0.0,01100001000111010110,0.0,01100001000111010110
82,0.0,01100001000111010110,0.0,01100001000111010110
82,0.0,01100001000111010110,0.0,01100001000111010110
82,0.0,01100001000111010110,0.0,01100001000111010110
82,0.0,01100001000111010110,0.0,01100001000111010110
82,0.0,01100001000111010110,0.0,01100001000111010110
82,0.0,01100001000111010110,0.0,01100001000111010110
82,0.0,01100001000111010110,0.0,01100001000111010110
82,0.0,01100001000111010110,0.0,01100001000111010110
82,0.0,01100001000111010110,0.0,01100001000111010110
82,0.0,01100001000111010110,0.0,01100001000111010110
82,0.0,01100001000111010110,0.0,01100001000111010110
82,0.0,01100001000111010110,0.0,01100001000111010110
82,0.0,01100001000111010110,0.0,01100001000111010110
82,0.0,01100001000111010110,0.0,01100001000111010110
82,0.0,01100001000111010110,0.0,01100001000111010110
82,0.0,01100001000111010110,0.0,01100001000111010110
82,0.0,01100001000111010110,0.0,01100001000111010110
82,0.0,01100001000111010110,0.0,01100001000111010110
82,0.0,01100001000111010110,0.0,01100001000111010110
82,0.0,01100001000111010110,0.0,01100001000111010110
82,0.0,01100001000111010110,0.0,01100001000111010110
82,0.0,01100001000111010110,0.0,01100001000111010110
82,0.0,01100001000111010110,0.0,01100001000111010110
82,0.0,01100001000111010110,0.0,01100001000111010110
82,0.0,01100001000111010110,0.0,01100001000111010110
82,0.0,01100001000111010110,0.0,01100001000111010110
82,0.0,01100001000111010110,0.0,01100001000111010110
82,0.0,01100001000111010110,0.0,01100001000111010110
83,338.0,00110100111010110101,288.0,00100101111010110101
83,288.0,00100101111010110101,240.0,00100101101010101110
83,240.0,00100101101010101110,196.0,00100001001010111110
83,196.0,00100001001010111110,142.0,00101001011000111100
83,142.0,00101001011000111100,126.0,00101101011000011111
83,126.0,00101101011000011111,126.0,00101101011000011111
83,126.0,00101101011000011111,56.0,10001101111010101101
83,56.0,10001101111010101101,2.0,10101010101010001111
83,2.0,10101010101010001111,2.0,10101010101010001111
83,2.0,10101010101010001111,2.0,10101010101010001111
83,2.0,10101010101010001111,2.0,10101010101010001111
83,2.0,10101010101010001111,2.0,10101010101010001111
83,2.0,10101010101010001111,2.0,10101010101010001111
83,2.0,10101010101010001111,2.0,10101010101010001111
83,2.0,10101010101010001111,2.0,10101010101010001111
83,2.0,10101010101010001111,2.0,10101010101010001111
83,2.0,10101010101010001111,2.0,10101010101010001111
83,2.0,10101010101010001111,2.0,10101010101010001111
83,2.0,10101010101010001111,2.0,10101010101010001111
83,2.0,10101010101010001111,2.0,10101010101010001111
83,2.0,10101010101010001111,2.0,10101010101010001111
83,2.0,10101010101010001111,2.0,10101010101010001111
83,2.0,10101010101010001111,2.0,10101010101010001111
83,2.0,10101010101010001111,2.0,10101010101010001111
83,2.0,10101010101010001111,2.0,10101010101010001111
83,2.0,10101010101010001111,2.0,10101010101010001111
83,2.0,10101010101010001111,2.0,10101010101010001111
83,2.0,10101010101010001111,2.0,10101010101010001111
84,378.0,01010001001001000111,130.0,00010001001011100111
84,130.0,00010001001011100111,4.0,00010001101011110000
84,4.0,00010001101011110000,4.0,00010001101011110000
84,4.0,00010001101011110000,4.0,00010001101011110000
84,4.0,00010001101011110000,4.0,00010001101011110000
84,4.0,00010001101011110000,4.0,00010001101011110000
84,4.0,00010001101011110000,4.0,00010001101011110000
84,4.0,00010001101011110000,4.0,00010001101011110000
84,4.0,00010001101011110000,4.0,00010001101011110000
84,4.0,00010001101011110000,4.0,00010001101011110000
84,4.0,00010001101011110000,4.0,00010001101011110000
84,4.0,00010001101011110000,4.0,00010001101011110000
84,4.0,00010001101011110000,4.0,00010001101011110000
84,4.0,00010001101011110000,4.0,00010001101011110000
84,4.0,00010001101011110000,4.0,00010001101011110000
84,4.0,00010001101011110000,4.0,00010001101011110000
84,4.0,00010001101011110000,4.0,00010001101011110000
84,4.0,00010001101011110000,4.0,00010001101011110000
84,4.0,00010001101011110000,4.0,00010001101011110000
84,4.0,00010001101011110000,4.0,00010001101011110000
84,4.0,00010001101011110000,4.0,00010001101011110000
84,4.0,00010001101011110000,4.0,00010001101011110000
84,4.0,00010001101011110000,4.0,00010001101011110000
84,4.0,00010001101011110000,4.0,00010001101011110000
84,4.0,00010001101011110000,4.0,00010001101011110000
84,4.0,00010001101011110000,4.0,00010001101011110000
84,4.0,00010001101011110000,4.0,00010001101011110000
84,4.0,00010001101011110000,4.0,00010001101011110000
84,4.0,00010001101011110000,4.0,00010001101011110000
84,4.0,00010001101011110000,4.0,00010001101011110000
84,4.0,00010001101011110000,4.0,00010001101011110000
84,4.0,00010001101011110000,4.0,00010001101011110000
84,4.0,00010001101011110000,4.0,00010001101011110000
84,4.0,00010001101011110000,4.0,00010001101011110000
84,4.0,00010001101011110000,4.0,00010001101011110000
84,4.0,00010001101011110000,4.0,00010001101011110000
84,4.0,00010001101011110000,4.0,00010001101011110000
84,4.0,00010001101011110000,4.0,00010001101011110000
85,452.0,00111010101100000111,164.0,10111010101000000110
85,164.0,10111010101000000110,36.0,10110010101000000111
85,36.0,10110010101000000111,36.0,10100010111000110110
85,36.0,10100010111000110110,4.0,10100011101000110000
85,4.0,10100011101000110000,4.0,10100011101000110000
85,4.0,10100011101000110000,4.0,10100011101000110000
85,4.0,10100011101000110000,2.0,10101101101000111000
85,2.0,10101101101000111000,2.0,10101101101000111000
85,2.0,10101101101000111000,2.0,10101101101000111000
85,2.0,10101101101000111000,2.0,10101101101000111000
85,2.0,10101101101000111000,2.0,10101101101000111000
85,2.0,10101101101000111000,2.0,10101101101000111000
85,2.0,10101101101000111000,2.0,10101101101000111000
85,2.0,10101101101000111000,2.0,10101101101000111000
85,2.0,10101101101000111000,2.0,10101101101000111000
85,2.0,10101101101000111000,2.0,10101101101000111000
85,2.0,10101101101000111000,2.0,10101101101000111000
85,2.0,10101101101000111000,2.0,10101101101000111000
85,2.0,10101101101000111000,2.0,10101101101000111000
85,2.0,10101101101000111000,2.0,10101101101000111000
85,2.0,10101101101000111000,2.0,10101101101000111000
86,1032.0,01100010111000110110,186.0,01100010111100100101
86,186.0,01100010111100100101,14.0,01101010111100100100
86,14.0,01101010111100100100,14.0,01101010111100100100
86,14.0,01101010111100100100,14.0,01101010111100100100
86,14.0,01101010111100100100,14.0,01101010111100100100
86,14.0,01101010111100100100,14.0,01101010111100100100
86,14.0,01101010111100100100,14.0,01101010111100100100
86,14.0,01101010111100100100,14.0,01000010101111100100
86,14.0,01000010101111100100,14.0,01000010101111100100
86,14.0,01000010101111100100,8.0,01000010001101110111
86,8.0,01000010001101110111,8.0,01000010001101110111
86,8.0,01000010001101110111,8.0,01000010001101110111
86,8.0,01000010001101110111,8.0,01000010001101110111
86,8.0,01000010001101110111,8.0,01000010001101110111
86,8.0,01000010001101110111,8.0,01000010001101110111
86,8.0,01000010001101110111,8.0,01000010001101110111
86,8.0,01000010001101110111,8.0,10100110001001100110
86,8.0,10100110001001100110,8.0,10100110001001100110
86,8.0,10100110001001100110,8.0,10100110001001100110
86,8.0,10100110001001100110,8.0,10100110001001100110
86,8.0,10100110001001100110,8.0,10100110001001100110
86,8.0,10100110001001100110,8.0,10100110001001100110
86,8.0,10100110001001100110,8.0,10100110001001100110
86,8.0,10100110001001100110,8.0,10100110001001100110
86,8.0,10100110001001100110,8.0,10100110001001100110
86,8.0,10100110001001100110,8.0,10100110001001100110
86,8.0,10100110001001100110,8.0,10100110001001100110
86,8.0,10100110001001100110,8.0,10100110001001100110
86,8.0,10100110001001100110,8.0,10100110001001100110
86,8.0,10100110001001100110,8.0,10100110001001100110
86,8.0,10100110001001100110,8.0,10100110001001100110
86,8.0,10100110001001100110,8.0,10100110001001100110
86,8.0,10100110001001100110,8.0,10100110001001100110
86,8.0,10100110001001100110,8.0,10100110001001100110
86,8.0,10100110001001100110,8.0,10100110001001100110
86,8.0,10100110001001100110,8.0,10100110001001100110
86,8.0,10100110001001100110,8.0,10100110001001100110
86,8.0,10100110001001100110,8.0,10100110001001100110
86,8.0,10100110001001100110,8.0,10100110001001100110
86,8.0,10100110001001100110,8.0,10100110001001100110
86,8.0,10100110001001100110,8.0,10100110001001100110
86,8.0,10100110001001100110,8.0,10100110001001100110
86,8.0,10100110001001100110,8.0,10100110001001100110
86,8.0,10100110001001100110,8.0,10100110001001100110
87,2784.0,01011110001001010011,8.0,01010110101001010000
87,8.0,01010110101001010000,8.0,01010110101001010000
87,8.0,01010110101001010000,8.0,01010110101001010000
87,8.0,01010110101001010000,8.0,01010110101001010000
87,8.0,01010110101001010000,8.0,01010110101001010000
87,8.0,01010110101001010000,8.0,01010110101001010000
87,8.0,01010110101001010000,8.0,01010110101001010000
87,8.0,01010110101001010000,8.0,01010110101001010000
87,8.0,01010110101001010000,8.0,01010110101001010000
87,8.0,01010110101001010000,6.0,01110110100001010011
87,6.0,01110110100001010011,6.0,01110110100001010011
87,6.0,01110110100001010011,6.0,01110110100001010011
87,6.0,01110110100001010011,6.0,01110110100001010011
87,6.0,01110110100001010011,6.0,01110110100001010011
87,6.0,01110110100001010011,6.0,01110110100001010011
87,6.0,01110110100001010011,6.0,01110110100001010011
87,6.0,01110110100001010011,6.0,00110111100001000010
87,6.0,00110111100001000010,6.0,00110111100001000010
87,6.0,00110111100001000010,6.0,10111011100000000100
87,6.0,10111011100000000100,6.0,10111011100000000100
87,6.0,10111011100000000100,6.0,10111011100000000100
87,6.0,10111011100000000100,6.0,10111011100000000100
87,6.0,10111011100000000100,6.0,10111011100000000100
87,6.0,10111011100000000100,6.0,10111011100000000100
87,6.0,10111011100000000100,6.0,10111011100000000100
87,6.0,10111011100000000100,6.0,10111011100000000100
87,6.0,10111011100000000100,6.0,10111011100000000100
87,6.0,10111011100000000100,6.0,10111011100000000100
87,6.0,10111011100000000100,6.0,10111011100000000100
87,6.0,10111011100000000100,6.0,10111011100000000100
87,6.0,10111011100000000100,6.0,10111011100000000100
87,6.0,10111011100000000100,6.0,11111010100000010101
87,6.0,11111010100000010101,6.0,11111010100000010101
87,6.0,11111010100000010101,6.0,11111010100000010101
87,6.0,11111010100000010101,6.0,11111010100000010101
87,6.0,11111010100000010101,2.0,11100110101000010100
87,2.0,11100110101000010100,2.0,11100110101000010100
87,2.0,11100110101000010100,2.0,11100110101000010100
87,2.0,11100110101000010100,2.0,11100110101000010100
87,2.0,11100110101000010100,2.0,11100110101000010100
87,2.0,11100110101000010100,2.0,11100110101000010100
87,2.0,11100110101000010100,2.0,11100110101000010100
87,2.0,11100110101000010100,2.0,11100110101000010100
87,2.0,11100110101000010100,2.0,11100110101000010100
87,2.0,11100110101000010100,2.0,11100110101000010100
87,2.0,11100110101000010100,2.0,11100110101000010100
87,2.0,11100110101000010100,2.0,11100110101000010100
87,2.0,11100110101000010100,2.0,11110010010000010100
87,2.0,11110010010000010100,2.0,11110010010000010100
87,2.0,11110010010000010100,2.0,11110010010000010100
87,2.0,11110010010000010100,2.0,11110010010000010100
87,2.0,11110010010000010100,2.0,11110010010000010100
87,2.0,11110010010000010100,2.0,11110010010000010100
87,2.0,11110010010000010100,2.0,11110010010000010100
87,2.0,11110010010000010100,2.0,11110010010000010100
87,2.0,11110010010000010100,2.0,11110010010000010100
87,2.0,11110010010000010100,2.0,11110010010000010100
87,2.0,11110010010000010100,2.0,11110010010000010100
87,2.0,11110010010000010100,2.0,11110010010000010100
87,2.0,11110010010000010100,2.0,11100010110101010000
87,2.0,11100010110101010000,2.0,11100010110101010000
87,2.0,11100010110101010000,0.0,11101100110101011000
87,0.0,11101100110101011000,0.0,11101100110101011000
87,0.0,11101100110101011000,0.0,11101100110101011000
87,0.0,11101100110101011000,0.0,11101100110101011000
87,0.0,11101100110101011000,0.0,11101100110101011000
87,0.0,11101100110101011000,0.0,11101100110101011000
87,0.0,11101100110101011000,0.0,11101100110101011000
87,0.0,11101100110101011000,0.0,11101100110101011000
87,0.0,11101100110101011000,0.0,11101100110101011000
87,0.0,11101100110101011000,0.0,11101100110101011000
87,0.0,11101100110101011000,0.0,11101100110101011000
87,0.0,11101100110101011000,0.0,11101100110101011000
87,0.0,11101100110101011000,0.0,11101100110101011000
87,0.0,11101100110101011000,0.0,11101100110101011000
87,0.0,11101100110101011000,0.0,11101100110101011000
87,0.0,11101100110101011000,0.0,11101100110101011000
87,0.0,11101100110101011000,0.0,11101100110101011000
87,0.0,11101100110101011000,0.0,11101100110101011000
87,0.0,11101100110101011000,0.0,11101100110101011000
87,0.0,11101100110101011000,0.0,11101100110101011000
87,0.0,11101100110101011000,0.0,11101100110101011000
87,0.0,11101100110101011000,0.0,11101100110101011000
88,900.0,11111110100110000011,96.0,11010010000011101001
88,96.0,11010010000011101001,54.0,00011011000011101001
88,54.0,00011011000011101001,54.0,00011011000011101001
88,54.0,00011011000011101001,54.0,00011011000011101001
88,54.0,00011011000011101001,54.0,00011011000011101001
88,54.0,00011011000011101001,54.0,00011011000011101001
88,54.0,00011011000011101001,54.0,00011011000011101001
88,54.0,00011011000011101001,54.0,00011011000011101001
88,54.0,00011011000011101001,48.0,00100111000011101011
88,48.0,00100111000011101011,16.0,10110010010011100011
88,16.0,10110010010011100011,16.0,10110010010011100011
88,16.0,10110010010011100011,16.0,10110010010011100011
88,16.0,10110010010011100011,16.0,10110010010011100011
88,16.0,10110010010011100011,6.0,00110111100001000010
88,6.0,00110111100001000010,6.0,00110111100001000010
88,6.0,00110111100001000010,6.0,00110111100001000010
88,6.0,00110111100001000010,6.0,00110111100001000010
88,6.0,00110111100001000010,6.0,00110111100001000010
88,6.0,00110111100001000010,6.0,00110111100001000010
88,6.0,00110111100001000010,6.0,00110111100001000010
88,6.0,00110111100001000010,6.0,00110111100001000010
88,6.0,00110111100001000010,6.0,00110111100001000010
88,6.0,00110111100001000010,6.0,00110111100001000010
88,6.0,00110111100001000010,6.0,00110111100001000010
88,6.0,00110111100001000010,4.0,00100011100101001011
88,4.0,00100011100101001011,4.0,00100011100101001011
88,4.0,00100011100101001011,4.0,00100011100101001011
88,4.0,00100011100101001011,4.0,00100011100101001011
88,4.0,00100011100101001011,4.0,00100011100101001011
88,4.0,00100011100101001011,4.0,00100011100101001011
88,4.0,00100011100101001011,4.0,00100011100101001011
88,4.0,00100011100101001011,4.0,00100011100101001011
88,4.0,00100011100101001011,4.0,00100011100101001011
88,4.0,00100011100101001011,4.0,00100011100101001011
88,4.0,00100011100101001011,4.0,00100011100101001011
88,4.0,00100011100101001011,4.0,00100011100101001011
88,4.0,00100011100101001011,4.0,00100011100101001011
88,4.0,00100011100101001011,4.0,00100011100101001011
88,4.0,00100011100101001011,4.0,00100011100101001011
88,4.0,00100011100101001011,4.0,00100011100101001011
88,4.0,00100011100101001011,4.0,00100011100101001011
88,4.0,00100011100101001011,4.0,00100011100101001011
88,4.0,00100011100101001011,4.0,00100011100101001011
88,4.0,00100011100101001011,4.0,00100011100101001011
88,4.0,00100011100101001011,4.0,00100011100101001011
88,4.0,00100011100101001011,4.0,00100011100101001011
88,4.0,00100011100101001011,4.0,00100011100101001011
88,4.0,00100011100101001011,4.0,00100011100101001011
88,4.0,00100011100101001011,4.0,00100011100101001011
88,4.0,00100011100101001011,4.0,00100011100101001011
88,4.0,00100011100101001011,4.0,00100011100101001011
88,4.0,00100011100101001011,4.0,00100011100101001011
88,4.0,00100011100101001011,4.0,00100011100101001011
89,104.0,10100110001000011111,2.0,11100110101000010100
89,2.0,11100110101000010100,2.0,11100110101000010100
89,2.0,11100110101000010100,2.0,11100110101000010100
89,2.0,11100110101000010100,2.0,11100110101000010100
89,2.0,11100110101000010100,2.0,11100110101000010100
89,2.0,11100110101000010100,2.0,11100110101000010100
89,2.0,11100110101000010100,2.0,11100110101000010100
89,2.0,11100110101000010100,2.0,11100110101000010100
89,2.0,11100110101000010100,2.0,11100110101000010100
89,2.0,11100110101000010100,2.0,11100110101000010100
89,2.0,11100110101000010100,2.0,11100110101000010100
89,2.0,11100110101000010100,2.0,11100110101000010100
89,2.0,11100110101000010100,2.0,11100110101000010100
89,2.0,11100110101000010100,2.0,11100110101000010100
89,2.0,11100110101000010100,2.0,11100110101000010100
89,2.0,11100110101000010100,2.0,11100110101000010100
89,2.0,11100110101000010100,2.0,11100110101000010100
89,2.0,11100110101000010100,2.0,11100110101000010100
89,2.0,11100110101000010100,2.0,11100110101000010100
89,2.0,11100110101000010100,2.0,11100110101000010100
89,2.0,11100110101000010100,2.0,11100110101000010100
89,2.0,11100110101000010100,2.0,11100110101000010100
89,2.0,11100110101000010100,2.0,11100110101000010100
89,2.0,11100110101000010100,2.0,11100110101000010100
89,2.0,11100110101000010100,2.0,11100110101000010100
89,2.0,11100110101000010100,2.0,11100110101000010100
89,2.0,11100110101000010100,2.0,11100110101000010100
89,2.0,11100110101000010100,2.0,11100110101000010100
90,2084.0,11011100101110110011,308.0,10110000101110110011
90,308.0,10110000101110110011,162.0,10010100101110111010
90,162.0,10010100101110111010,162.0,10010100101110111010
90,162.0,10010100101110111010,140.0,10110100001110101000
90,140.0,10110100001110101000,112.0,10011101001110001001
90,112.0,10011101001110001001,6.0,10110101001000001000
90,6.0,10110101001000001000,6.0,10110101001000001000
90,6.0,10110101001000001000,6.0,10110101001000001000
90,6.0,10110101001000001000,6.0,10110101001000001000
90,6.0,10110101001000001000,6.0,10110101001000001000
90,6.0,10110101001000001000,6.0,10110101001000001000
90,6.0,10110101001000001000,6.0,10110101001000001000
90,6.0,10110101001000001000,6.0,10110101001000001000
90,6.0,10110101001000001000,6.0,10110101001000001000
90,6.0,10110101001000001000,6.0,10110101001000001000
90,6.0,10110101001000001000,0.0,10110101001010100011
90,0.0,10110101001010100011,0.0,10110101001010100011
90,0.0,10110101001010100011,0.0,10110101001010100011
90,0.0,10110101001010100011,0.0,10110101001010100011
90,0.0,10110101001010100011,0.0,10110101001010100011
90,0.0,10110101001010100011,0.0,10110101001010100011
90,0.0,10110101001010100011,0.0,10110101001010100011
90,0.0,10110101001010100011,0.0,10110101001010100011
90,0.0,10110101001010100011,0.0,10110101001010100011
90,0.0,10110101001010100011,0.0,10110101001010100011
90,0.0,10110101001010100011,0.0,10110101001010100011
90,0.0,10110101001010100011,0.0,10110101001010100011
90,0.0,10110101001010100011,0.0,10110101001010100011
90,0.0,10110101001010100011,0.0,10110101001010100011
90,0.0,10110101001010100011,0.0,10110101001010100011
90,0.0,10110101001010100011,0.0,10110101001010100011
90,0.0,10110101001010100011,0.0,10110101001010100011
90,0.0,10110101001010100011,0.0,10110101001010100011
90,0.0,10110101001010100011,0.0,10110101001010100011
90,0.0,10110101001010100011,0.0,10110101001010100011
90,0.0,10110101001010100011,0.0,10110101001010100011
91,164.0,11101110010011000110,68.0,11001110010111010100
91,68.0,11001110010111010100,42.0,11000010010111011010
91,42.0,11000010010111011010,42.0,11000010010111011010
91,42.0,11000010010111011010,16.0,01000010010101111101
91,16.0,01000010010101111101,8.0,01000010001101110111
91,8.0,01000010001101110111,8.0,01000010001101110111
91,8.0,01000010001101110111,8.0,01000010001101110111
91,8.0,01000010001101110111,8.0,01000010001101110111
91,8.0,01000010001101110111,8.0,01000010001101110111
91,8.0,01000010001101110111,8.0,01000010001101110111
91,8.0,01000010001101110111,8.0,01000010001101110111
91,8.0,01000010001101110111,8.0,01000010001101110111
91,8.0,01000010001101110111,8.0,01000010001101110111
91,8.0,01000010001101110111,8.0,01000010001101110111
91,8.0,01000010001101110111,8.0,01000010001101110111
91,8.0,01000010001101110111,8.0,01000010001101110111
91,8.0,01000010001101110111,8.0,01000010001101110111
91,8.0,01000010001101110111,6.0,01001010110111110111
91,6.0,01001010110111110111,6.0,01001010110111110111
91,6.0,01001010110111110111,6.0,01001010110111110111
91,6.0,01001010110111110111,6.0,01001010110111110111
91,6.0,01001010110111110111,6.0,01001010110111110111
91,6.0,01001010110111110111,6.0,01001010110111110111
91,6.0,01001010110111110111,6.0,01001010110111110111
91,6.0,01001010110111110111,6.0,01001010110111110111
91,6.0,01001010110111110111,6.0,01001010110111110111
91,6.0,01001010110111110111,6.0,01001010110111110111
91,6.0,01001010110111110111,6.0,01001010110111110111
91,6.0,01001010110111110111,6.0,01001010110111110111
91,6.0,01001010110111110111,6.0,01001010110111110111
91,6.0,01001010110111110111,6.0,01001010110111110111
91,6.0,01001010110111110111,6.0,01001010110111110111
91,6.0,01001010110111110111,6.0,01001010110111110111
91,6.0,01001010110111110111,6.0,01001010110111110111
91,6.0,01001010110111110111,6.0,01001010110111110111
91,6.0,01001010110111110111,6.0,01001010110111110111
91,6.0,01001010110111110111,4.0,01000011110110110101
91,4.0,01000011110110110101,4.0,01000011110110110101
91,4.0,01000011110110110101,4.0,01000011110110110101
91,4.0,01000011110110110101,4.0,01000011110110110101
91,4.0,01000011110110110101,4.0,11010010000110110111
91,4.0,11010010000110110111,4.0,11010010000110110111
91,4.0,11010010000110110111,4.0,11010010000110110111
91,4.0,11010010000110110111,4.0,11010010000110110111
91,4.0,11010010000110110111,4.0,11010010000110110111
91,4.0,11010010000110110111,4.0,11010010000110110111
91,4.0,11010010000110110111,4.0,11010010000110110111
91,4.0,11010010000110110111,4.0,11010010000110110111
91,4.0,11010010000110110111,4.0,11010010000110110111
91,4.0,11010010000110110111,4.0,11010010000110110111
91,4.0,11010010000110110111,4.0,10010011000110100110
91,4.0,10010011000110100110,4.0,10010011000110100110
91,4.0,10010011000110100110,4.0,10010011000110100110
91,4.0,10010011000110100110,4.0,10010011000110100110
92,310.0,10010100011111010011,216.0,00111100101101010011
92,216.0,00111100101101010011,140.0,01111100101001010001
92,140.0,01111100101001010001,140.0,01111100101001010001
92,140.0,01111100101001010001,78.0,01111000001101010000
92,78.0,01111000001101010000,78.0,01111000001101010000
92,78.0,01111000001101010000,26.0,11101000001100011111
92,26.0,11101000001100011111,26.0,11101000001100011111
92,26.0,11101000001100011111,26.0,11101010101100001000
92,26.0,11101010101100001000,26.0,11101010101100001000
92,26.0,11101010101100001000,26.0,11101010101100001000
92,26.0,11101010101100001000,26.0,11101010101100001000
92,26.0,11101010101100001000,26.0,11101010101100001000
92,26.0,11101010101100001000,26.0,11101010101100001000
92,26.0,11101010101100001000,22.0,01100010100101001100
92,22.0,01100010100101001100,22.0,01100010100101001100
92,22.0,01100010100101001100,22.0,01100010100101001100
92,22.0,01100010100101001100,0.0,01001010110101011100
92,0.0,01001010110101011100,0.0,01001010110101011100
92,0.0,01001010110101011100,0.0,01001010110101011100
92,0.0,01001010110101011100,0.0,01001010110101011100
92,0.0,01001010110101011100,0.0,01001010110101011100
92,0.0,01001010110101011100,0.0,01001010110101011100
92,0.0,01001010110101011100,0.0,01001010110101011100
92,0.0,01001010110101011100,0.0,01001010110101011100
92,0.0,01001010110101011100,0.0,01001010110101011100
92,0.0,01001010110101011100,0.0,01001010110101011100
92,0.0,01001010110101011100,0.0,01001010110101011100
92,0.0,01001010110101011100,0.0,01001010110101011100
92,0.0,01001010110101011100,0.0,01001010110101011100
92,0.0,01001010110101011100,0.0,01001010110101011100
92,0.0,01001010110101011100,0.0,01001010110101011100
92,0.0,01001010110101011100,0.0,01001010110101011100
92,0.0,01001010110101011100,0.0,01001010110101011100
92,0.0,01001010110101011100,0.0,01001010110101011100
92,0.0,01001010110101011100,0.0,01001010110101011100
92,0.0,01001010110101011100,0.0,01001010110101011100
92,0.0,01001010110101011100,0.0,01001010110101011100
92,0.0,01001010110101011100,0.0,01001010110101011100
92,0.0,01001010110101011100,0.0,01001010110101011100
92,0.0,01001010110101011100,0.0,01001010110101011100
92,0.0,01001010110101011100,0.0,01001010110101011100
92,0.0,01001010110101011100,0.0,01001010110101011100
93,450.0,11110000100101000101,18.0,11111100000101000111
93,18.0,11111100000101000111,18.0,11101100010101110110
93,18.0,11101100010101110110,12.0,11101101100100110101
93,12.0,11101101100100110101,12.0,11101101100100110101
93,12.0,11101101100100110101,12.0,11101101100100110101
93,12.0,11101101100100110101,12.0,11101101100100110101
93,12.0,11101101100100110101,12.0,11101101100100110101
93,12.0,11101101100100110101,12.0,11101101100100110101
93,12.0,11101101100100110101,12.0,11101101100100110101
93,12.0,11101101100100110101,12.0,11101101100100110101
93,12.0,11101101100100110101,12.0,11101101100100110101
93,12.0,11101101100100110101,12.0,11101101100100110101
93,12.0,11101101100100110101,12.0,11101101100100110101
93,12.0,11101101100100110101,4.0,11100101110110110001
93,4.0,11100101110110110001,4.0,11100101110110110001
93,4.0,11100101110110110001,4.0,11100101110110110001
93,4.0,11100101110110110001,4.0,11100101110110110001
93,4.0,11100101110110110001,4.0,11100101110110110001
93,4.0,11100101110110110001,4.0,11100101110110110001
93,4.0,11100101110110110001,4.0,11100101110110110001
93,4.0,11100101110110110001,4.0,11100101110110110001
93,4.0,11100101110110110001,4.0,11100101110110110001
93,4.0,11100101110110110001,4.0,11100101110110110001
93,4.0,11100101110110110001,4.0,11100101110110110001
93,4.0,11100101110110110001,4.0,11100101110110110001
93,4.0,11100101110110110001,4.0,11100101110110110001
93,4.0,11100101110110110001,4.0,11100101110110110001
93,4.0,11100101110110110001,4.0,11100101110110110001
93,4.0,11100101110110110001,4.0,11100101110110110001
93,4.0,11100101110110110001,4.0,11100101110110110001
93,4.0,11100101110110110001,2.0,11001111110010101011
93,2.0,11001111110010101011,2.0,11001111110010101011
93,2.0,11001111110010101011,2.0,11001111110010101011
93,2.0,11001111110010101011,2.0,11001111110010101011
93,2.0,11001111110010101011,2.0,11001111110010101011
93,2.0,11001111110010101011,2.0,11001111110010101011
93,2.0,11001111110010101011,0.0,11000011110010001100
93,0.0,11000011110010001100,0.0,11000011110010001100
93,0.0,11000011110010001100,0.0,11000011110010001100
93,0.0,11000011110010001100,0.0,11000011110010001100
93,0.0,11000011110010001100,0.0,11000011110010001100
93,0.0,11000011110010001100,0.0,11000011110010001100
93,0.0,11000011110010001100,0.0,11000011110010001100
93,0.0,11000011110010001100,0.0,11000011110010001100
93,0.0,11000011110010001100,0.0,11000011110010001100
93,0.0,11000011110010001100,0.0,11000011110010001100
93,0.0,11000011110010001100,0.0,11000011110010001100
93,0.0,11000011110010001100,0.0,11000011110010001100
93,0.0,11000011110010001100,0.0,11000011110010001100
93,0.0,11000011110010001100,0.0,11000011110010001100
93,0.0,11000011110010001100,0.0,11000011110010001100
93,0.0,11000011110010001100,0.0,11000011110010001100
93,0.0,11000011110010001100,0.0,11000011110010001100
93,0.0,11000011110010001100,0.0,11000011110010001100
93,0.0,11000011110010001100,0.0,11000011110010001100
93,0.0,11000011110010001100,0.0,11000011110010001100
93,0.0,11000011110010001100,0.0,11000011110010001100
93,0.0,11000011110010001100,0.0,11000011110010001100
93,0.0,11000011110010001100,0.0,11000011110010001100
93,0.0,11000011110010001100,0.0,11000011110010001100
93,0.0,11000011110010001100,0.0,11000011110010001100
93,0.0,11000011110010001100,0.0,11000011110010001100
93,0.0,11000011110010001100,0.0,11000011110010001100
93,0.0,11000011110010001100,0.0,11000011110010001100
93,0.0,11000011110010001100,0.0,11000011110010001100
93,0.0,11000011110010001100,0.0,11000011110010001100
93,0.0,11000011110010001100,0.0,11000011110010001100
93,0.0,11000011110010001100,0.0,11000011110010001100
93,0.0,11000011110010001100,0.0,11000011110010001100
93,0.0,11000011110010001100,0.0,11000011110010001100
94,340.0,00001001111111100101,304.0,00000001111111100110
94,304.0,00000001111111100110,80.0,10001001111111100011
94,80.0,10001001111111100011,28.0,10000001111111010000
94,28.0,10000001111111010000,28.0,10000001111111010000
94,28.0,10000001111111010000,28.0,10000001111111010000
94,28.0,10000001111111010000,28.0,10000001111111010000
94,28.0,10000001111111010000,28.0,10000001111111010000
94,28.0,10000001111111010000,28.0,10000001111111010000
94,28.0,10000001111111010000,28.0,10000001111111010000
94,28.0,10000001111111010000,28.0,10000001111111010000
94,28.0,10000001111111010000,28.0,10000001111111010000
94,28.0,10000001111111010000,10.0,01001100111111011010
94,10.0,01001100111111011010,10.0,01001100111111011010
94,10.0,01001100111111011010,6.0,01000100011111111011
94,6.0,01000100011111111011,6.0,01000100011111111011
94,6.0,01000100011111111011,6.0,01000100011111111011
94,6.0,01000100011111111011,6.0,01000100011111111011
94,6.0,01000100011111111011,6.0,01000100011111111011
94,6.0,01000100011111111011,6.0,01000100011111111011
94,6.0,01000100011111111011,6.0,01000100011111111011
94,6.0,01000100011111111011,6.0,01000100011111111011
94,6.0,01000100011111111011,6.0,01000100011111111011
94,6.0,01000100011111111011,6.0,01000100011111111011
94,6.0,01000100011111111011,6.0,01000100011111111011
94,6.0,01000100011111111011,6.0,00000101011111101010
94,6.0,00000101011111101010,2.0,00001101101111101011
94,2.0,00001101101111101011,2.0,00001101101111101011
94,2.0,00001101101111101011,2.0,00001101101111101011
94,2.0,00001101101111101011,2.0,00001101101111101011
94,2.0,00001101101111101011,2.0,00001101101111101011
94,2.0,00001101101111101011,2.0,00001101101111101011
94,2.0,00001101101111101011,2.0,00001101101111101011
94,2.0,00001101101111101011,2.0,00001101101111101011
94,2.0,00001101101111101011,2.0,00001101101111101011
94,2.0,00001101101111101011,2.0,00001101101111101011
94,2.0,00001101101111101011,2.0,00001101101111101011
94,2.0,00001101101111101011,2.0,00001101101111101011
94,2.0,00001101101111101011,2.0,00001101101111101011
94,2.0,00001101101111101011,2.0,00001101101111101011
94,2.0,00001101101111101011,2.0,00001101101111101011
94,2.0,00001101101111101011,2.0,00001101101111101011
94,2.0,00001101101111101011,2.0,00001101101111101011
94,2.0,00001101101111101011,2.0,00001101101111101011
94,2.0,00001101101111101011,2.0,00001101101111101011
94,2.0,00001101101111101011,2.0,00001101101111101011
94,2.0,00001101101111101011,2.0,00001101101111101011
94,2.0,00001101101111101011,2.0,00001101101111101011
94,2.0,00001101101111101011,2.0,00001101101111101011
94,2.0,00001101101111101011,2.0,00001101101111101011
94,2.0,00001101101111101011,2.0,00001101101111101011
94,2.0,00001101101111101011,2.0,00001101101111101011
94,2.0,00001101101111101011,2.0,00001101101111101011
94,2.0,00001101101111101011,2.0,00001101101111101011
94,2.0,00001101101111101011,2.0,00001101101111101011
94,2.0,00001101101111101011,2.0,00001101101111101011
94,2.0,00001101101111101011,2.0,00001101101111101011
94,2.0,00001101101111101011,2.0,00001101101111101011
94,2.0,00001101101111101011,2.0,00001101101111101011
94,2.0,00001101101111101011,2.0,00001101101111101011
94,2.0,00001101101111101011,2.0,00001101101111101011
94,2.0,00001101101111101011,2.0,00001101101111101011
94,2.0,00001101101111101011,2.0,00001101101111101011
94,2.0,00001101101111101011,2.0,00001101101111101011
94,2.0,00001101101111101011,2.0,00001101101111101011
94,2.0,00001101101111101011,2.0,00001101101111101011
94,2.0,00001101101111101011,2.0,00001101101111101011
94,2.0,00001101101111101011,2.0,00001101101111101011
94,2.0,00001101101111101011,2.0,00001101101111101011
94,2.0,00001101101111101011,2.0,00001101101111101011
94,2.0,00001101101111101011,2.0,00001101101111101011
94,2.0,00001101101111101011,2.0,00001101101111101011
95,286.0,11111011100000000001,286.0,11111011100000000001
95,286.0,11111011100000000001,206.0,10110011100000000101
95,206.0,10110011100000000101,52.0,10011011100000001111
95,52.0,10011011100000001111,8.0,00011011110010001100
95,8.0,00011011110010001100,0.0,11000011110010001100
95,0.0,11000011110010001100,0.0,11000011110010001100
95,0.0,11000011110010001100,0.0,11000011110010001100
95,0.0,11000011110010001100,0.0,11000011110010001100
95,0.0,11000011110010001100,0.0,11000011110010001100
95,0.0,11000011110010001100,0.0,11000011110010001100
95,0.0,11000011110010001100,0.0,11000011110010001100
95,0.0,11000011110010001100,0.0,11000011110010001100
95,0.0,11000011110010001100,0.0,11000011110010001100
95,0.0,11000011110010001100,0.0,11000011110010001100
95,0.0,11000011110010001100,0.0,11000011110010001100
95,0.0,11000011110010001100,0.0,11000011110010001100
95,0.0,11000011110010001100,0.0,11000011110010001100
95,0.0,11000011110010001100,0.0,11000011110010001100
95,0.0,11000011110010001100,0.0,11000011110010001100
95,0.0,11000011110010001100,0.0,11000011110010001100
95,0.0,11000011110010001100,0.0,11000011110010001100
95,0.0,11000011110010001100,0.0,11000011110010001100
95,0.0,11000011110010001100,0.0,11000011110010001100
95,0.0,11000011110010001100,0.0,11000011110010001100
95,0.0,11000011110010001100,0.0,11000011110010001100
95,0.0,11000011110010001100,0.0,11000011110010001100
95,0.0,11000011110010001100,0.0,11000011110010001100
95,0.0,11000011110010001100,0.0,11000011110010001100
95,0.0,11000011110010001100,0.0,11000011110010001100
95,0.0,11000011110010001100,0.0,11000011110010001100
95,0.0,11000011110010001100,0.0,11000011110010001100
95,0.0,11000011110010001100,0.0,11000011110010001100
95,0.0,11000011110010001100,0.0,11000011110010001100
95,0.0,11000011110010001100,0.0,11000011110010001100
95,0.0,11000011110010001100,0.0,11000011110010001100
95,0.0,11000011110010001100,0.0,11000011110010001100
95,0.0,11000011110010001100,0.0,11000011110010001100
95,0.0,11000011110010001100,0.0,11000011110010001100
95,0.0,11000011110010001100,0.0,11000011110010001100
95,0.0,11000011110010001100,0.0,11000011110010001100
95,0.0,11000011110010001100,0.0,11000011110010001100
96,236.0,00111101000100101110,162.0,00011001001100101111
96,162.0,00011001001100101111,156.0,00011001001110001110
96,156.0,00011001001110001110,156.0,00011001001110001110
96,156.0,00011001001110001110,34.0,00110001001010101010
96,34.0,00110001001010101010,34.0,00110001001010101010
96,34.0,00110001001010101010,34.0,00110001001010101010
96,34.0,00110001001010101010,34.0,00110001001010101010
96,34.0,00110001001010101010,34.0,00110001001010101010
96,34.0,00110001001010101010,34.0,00110001001010101010
96,34.0,00110001001010101010,34.0,00110001001010101010
96,34.0,00110001001010101010,34.0,00110001001010101010
96,34.0,00110001001010101010,34.0,00110001001010101010
96,34.0,00110001001010101010,34.0,00110001001010101010
96,34.0,00110001001010101010,34.0,00110001001010101010
96,34.0,00110001001010101010,34.0,00110001001010101010
96,34.0,00110001001010101010,0.0,10110101001010100011
96,0.0,10110101001010100011,0.0,10110101001010100011
96,0.0,10110101001010100011,0.0,10110101001010100011
96,0.0,10110101001010100011,0.0,10110101001010100011
96,0.0,10110101001010100011,0.0,10110101001010100011
96,0.0,10110101001010100011,0.0,10110101001010100011
96,0.0,10110101001010100011,0.0,10110101001010100011
96,0.0,10110101001010100011,0.0,10110101001010100011
96,0.0,10110101001010100011,0.0,10110101001010100011
96,0.0,10110101001010100011,0.0,10110101001010100011
96,0.0,10110101001010100011,0.0,10110101001010100011
96,0.0,10110101001010100011,0.0,10110101001010100011
96,0.0,10110101001010100011,0.0,10110101001010100011
96,0.0,10110101001010100011,0.0,10110101001010100011
96,0.0,10110101001010100011,0.0,10110101001010100011
96,0.0,10110101001010100011,0.0,10110101001010100011
96,0.0,10110101001010100011,0.0,10110101001010100011
96,0.0,10110101001010100011,0.0,10110101001010100011
96,0.0,10110101001010100011,0.0,10110101001010100011
96,0.0,10110101001010100011,0.0,10110101001010100011
97,276.0,11010101000101010010,276.0,11010101000101010010
97,276.0,11010101000101010010,82.0,11010100010101011010
97,82.0,11010100010101011010,82.0,11010100010101011010
97,82.0,11010100010101011010,82.0,11010100010101011010
97,82.0,11010100010101011010,48.0,11011000110001111011
97,48.0,11011000110001111011,18.0,11110000011001000010
97,18.0,11110000011001000010,18.0,11110000011001000010
97,18.0,11110000011001000010,14.0,11111000101001000011
97,14.0,11111000101001000011,14.0,11111000101001000011
97,14.0,11111000101001000011,14.0,11111000101001000011
97,14.0,11111000101001000011,2.0,10110010001001000010
97,2.0,10110010001001000010,2.0,10110010001001000010
97,2.0,10110010001001000010,0.0,10111010110011000010
97,0.0,10111010110011000010,0.0,10111010110011000010
97,0.0,10111010110011000010,0.0,10111010110011000010
97,0.0,10111010110011000010,0.0,10111010110011000010
97,0.0,10111010110011000010,0.0,10111010110011000010
97,0.0,10111010110011000010,0.0,10111010110011000010
97,0.0,10111010110011000010,0.0,10111010110011000010
97,0.0,10111010110011000010,0.0,10111010110011000010
97,0.0,10111010110011000010,0.0,10111010110011000010
97,0.0,10111010110011000010,0.0,10111010110011000010
97,0.0,10111010110011000010,0.0,10111010110011000010
97,0.0,10111010110011000010,0.0,10111010110011000010
97,0.0,10111010110011000010,0.0,10111010110011000010
97,0.0,10111010110011000010,0.0,10111010110011000010
97,0.0,10111010110011000010,0.0,10111010110011000010
97,0.0,10111010110011000010,0.0,10111010110011000010
97,0.0,10111010110011000010,0.0,10111010110011000010
98,352.0,00101011101100110001,250.0,00101011001110110000
98,250.0,00101011001110110000,186.0,00101111101110100000
98,186.0,00101111101110100000,136.0,00111110101110100000
98,136.0,00111110101110100000,120.0,00100010101110111010
98,120.0,00100010101110111010,10.0,01001110101101101000
98,10.0,01001110101101101000,10.0,01001110101101101000
98,10.0,01001110101101101000,10.0,01001110101101101000
98,10.0,01001110101101101000,10.0,01001110101101101000
98,10.0,01001110101101101000,10.0,01001110101101101000
98,10.0,01001110101101101000,10.0,01001110101101101000
98,10.0,01001110101101101000,10.0,01001110101101101000
98,10.0,01001110101101101000,10.0,01001100001101111111
98,10.0,01001100001101111111,10.0,01001100001101111111
98,10.0,01001100001101111111,10.0,01001100001101111111
98,10.0,01001100001101111111,10.0,01001100001101111111
98,10.0,01001100001101111111,10.0,01001100001101111111
98,10.0,01001100001101111111,10.0,01001100001101111111
98,10.0,01001100001101111111,10.0,01001100001101111111
98,10.0,01001100001101111111,10.0,01001100001101111111
98,10.0,01001100001101111111,10.0,01001100001101111111
98,10.0,01001100001101111111,10.0,01001100001101111111
98,10.0,01001100001101111111,10.0,01001100001101111111
98,10.0,01001100001101111111,10.0,01001100001101111111
98,10.0,01001100001101111111,10.0,01001100001101111111
98,10.0,01001100001101111111,10.0,01001100001101111111
98,10.0,01001100001101111111,10.0,01001100001101111111
98,10.0,01001100001101111111,10.0,01001100001101111111
98,10.0,01001100001101111111,10.0,01001100001101111111
98,10.0,01001100001101111111,10.0,01001100001101111111
98,10.0,01001100001101111111,10.0,01001100001101111111
98,10.0,01001100001101111111,6.0,01000100011111111011
98,6.0,01000100011111111011,6.0,01000100011111111011
98,6.0,01000100011111111011,6.0,01000100011111111011
98,6.0,01000100011111111011,6.0,01000100011111111011
98,6.0,01000100011111111011,6.0,01000100011111111011
98,6.0,01000100011111111011,6.0,01000100011111111011
98,6.0,01000100011111111011,6.0,01000100011111111011
98,6.0,01000100011111111011,6.0,01000100011111111011
98,6.0,01000100011111111011,6.0,01000100011111111011
98,6.0,01000100011111111011,6.0,01000100011111111011
98,6.0,01000100011111111011,6.0,01100000111011101010
98,6.0,01100000111011101010,6.0,01100000111011101010
98,6.0,01100000111011101010,2.0,00101101111011100011
98,2.0,00101101111011100011,2.0,00101101111011100011
98,2.0,00101101111011100011,2.0,00101101111011100011
98,2.0,00101101111011100011,2.0,00101101111011100011
98,2.0,00101101111011100011,2.0,00101101111011100011
98,2.0,00101101111011100011,2.0,00101101111011100011
98,2.0,00101101111011100011,2.0,00101101111011100011
98,2.0,00101101111011100011,2.0,00101101111011100011
98,2.0,00101101111011100011,2.0,00001101101111101011
98,2.0,00001101101111101011,2.0,00001101101111101011
98,2.0,00001101101111101011,2.0,00001101101111101011
98,2.0,00001101101111101011,2.0,00001101101111101011
98,2.0,00001101101111101011,2.0,00001101101111101011
98,2.0,00001101101111101011,2.0,00001101101111101011
98,2.0,00001101101111101011,2.0,00001101101111101011
98,2.0,00001101101111101011,2.0,00001101101111101011
98,2.0,00001101101111101011,2.0,00001101101111101011
98,2.0,00001101101111101011,2.0,00001101101111101011
98,2.0,00001101101111101011,2.0,00001101101111101011
98,2.0,00001101101111101011,2.0,00001101101111101011
98,2.0,00001101101111101011,2.0,00001101101111101011
98,2.0,00001101101111101011,2.0,00001101101111101011
98,2.0,00001101101111101011,2.0,00001101101111101011
98,2.0,00001101101111101011,2.0,00001101101111101011
98,2.0,00001101101111101011,2.0,00001101101111101011
98,2.0,00001101101111101011,2.0,00001101101111101011
98,2.0,00001101101111101011,2.0,00001101101111101011
98,2.0,00001101101111101011,2.0,00001101101111101011
98,2.0,00001101101111101011,2.0,00001101101111101011
98,2.0,00001101101111101011,2.0,00001101101111101011
98,2.0,00001101101111101011,2.0,00001101101111101011
98,2.0,00001101101111101011,2.0,00001101101111101011
98,2.0,00001101101111101011,2.0,00001101101111101011
98,2.0,00001101101111101011,2.0,00001101101111101011
98,2.0,00001101101111101011,2.0,00001101101111101011
98,2.0,00001101101111101011,2.0,00001101101111101011
98,2.0,00001101101111101011,2.0,00001101101111101011
98,2.0,00001101101111101011,2.0,00001101101111101011
98,2.0,00001101101111101011,2.0,00001101101111101011
98,2.0,00001101101111101011,2.0,00001101101111101011
98,2.0,00001101101111101011,2.0,00001101101111101011
98,2.0,00001101101111101011,2.0,00001101101111101011
98,2.0,00001101101111101011,2.0,00001101101111101011
99,456.0,01100100111100101110,314.0,00111100011100001111
99,314.0,00111100011100001111,222.0,00011100111110101110
99,222.0,00011100111110101110,172.0,00001101111110101110
99,172.0,00001101111110101110,108.0,10001001111100101101
99,108.0,10001001111100101101,108.0,10001001111100101101
99,108.0,10001001111100101101,32.0,10010001011100100100
99,32.0,10010001011100100100,32.0,10010001011100100100
99,32.0,10010001011100100100,32.0,10010001011100100100
99,32.0,10010001011100100100,32.0,10010001011100100100
99,32.0,10010001011100100100,32.0,10010001011100100100
99,32.0,10010001011100100100,20.0,10010001111110100001
99,20.0,10010001111110100001,20.0,10010001111110100001
99,20.0,10010001111110100001,20.0,10010001111110100001
99,20.0,10010001111110100001,20.0,10010001111110100001
99,20.0,10010001111110100001,20.0,10010001111110100001
99,20.0,10010001111110100001,20.0,10010001111110100001
99,20.0,10010001111110100001,20.0,10010001111110100001
99,20.0,10010001111110100001,20.0,10010001111110100001
99,20.0,10010001111110100001,20.0,10010001111110100001
99,20.0,10010001111110100001,20.0,10010001111110100001
99,20.0,10010001111110100001,20.0,10010001111110100001
99,20.0,10010001111110100001,4.0,10010011000110100110
99,4.0,10010011000110100110,4.0,10010011000110100110
99,4.0,10010011000110100110,4.0,10010011000110100110
99,4.0,10010011000110100110,4.0,10010011000110100110
99,4.0,10010011000110100110,4.0,10010011000110100110
99,4.0,10010011000110100110,4.0,10010011000110100110
99,4.0,10010011000110100110,4.0,10010011000110100110
99,4.0,10010011000110100110,4.0,10010011000110100110
99,4.0,10010011000110100110,4.0,10010011000110100110
99,4.0,10010011000110100110,4.0,10010011000110100110
99,4.0,10010011000110100110,4.0,10010011000110100110
99,4.0,10010011000110100110,4.0,10010011000110100110
99,4.0,10010011000110100110,4.0,10010011000110100110
99,4.0,10010011000110100110,4.0,10010011000110100110
99,4.0,10010011000110100110,4.0,10010011000110100110
99,4.0,10010011000110100110,4.0,10010011000110100110
99,4.0,10010011000110100110,4.0,10010011000110100110
99,4.0,10010011000110100110,4.0,10010011000110100110
99,4.0,10010011000110100110,4.0,10010011000110100110
99,4.0,10010011000110100110,4.0,10010011000110100110
100,858.0,10010010101000101100,6.0,00010011001000001100
100,6.0,00010011001000001100,6.0,00010011001000001100
100,6.0,00010011001000001100,6.0,00010011001000001100
100,6.0,00010011001000001100,6.0,00010011001000001100
100,6.0,00010011001000001100,6.0,00010011001000001100
100,6.0,00010011001000001100,6.0,00010011001000001100
100,6.0,00010011001000001100,6.0,00010011001000001100
100,6.0,00010011001000001100,6.0,00010011001000001100
100,6.0,00010011001000001100,6.0,00010011001000001100
100,6.0,00010011001000001100,6.0,00010011001000001100
100,6.0,00010011001000001100,6.0,00010011001000001100
100,6.0,00010011001000001100,6.0,00010011001000001100
100,6.0,00010011001000001100,4.0,00011111001000101011
100,4.0,00011111001000101011,2.0,00011101001010101111
100,2.0,00011101001010101111,2.0,00011101001010101111
100,2.0,00011101001010101111,2.0,00011101001010101111
100,2.0,00011101001010101111,2.0,00011101001010101111
100,2.0,00011101001010101111,2.0,00011101001010101111
100,2.0,00011101001010101111,2.0,00011101001010101111
100,2.0,00011101001010101111,2.0,00011101001010101111
100,2.0,00011101001010101111,2.0,00011101001010101111
100,2.0,00011101001010101111,2.0,00011101001010101111
100,2.0,00011101001010101111,2.0,00011101001010101111
100,2.0,00011101001010101111,2.0,00011101001010101111
100,2.0,00011101001010101111,2.0,00011101001010101111
100,2.0,00011101001010101111,2.0,00011101001010101111
100,2.0,00011101001010101111,2.0,00011101001010101111
100,2.0,00011101001010101111,2.0,00011101001010101111
100,2.0,00011101001010101111,2.0,00011101001010101111
100,2.0,00011101001010101111,2.0,00011101001010101111
100,2.0,00011101001010101111,0.0,00010011001010100111
100,0.0,00010011001010100111,0.0,00010011001010100111
100,0.0,00010011001010100111,0.0,00010011001010100111
100,0.0,00010011001010100111,0.0,00010011001010100111
100,0.0,00010011001010100111,0.0,00010011001010100111
100,0.0,00010011001010100111,0.0,00010011001010100111
100,0.0,00010011001010100111,0.0,00010011001010100111
100,0.0,00010011001010100111,0.0,00010011001010100111
100,0.0,00010011001010100111,0.0,00010011001010100111
100,0.0,00010011001010100111,0.0,00010011001010100111
100,0.0,00010011001010100111,0.0,00010011001010100111
100,0.0,00010011001010100111,0.0,00010011001010100111
100,0.0,00010011001010100111,0.0,00010011001010100111
100,0.0,00010011001010100111,0.0,00010011001010100111
100,0.0,00010011001010100111,0.0,00010011001010100111
