run,fit1,node1,fit2,node2
1,3810.0,01100101101100101000,2848.0,01101001111100110001
1,2848.0,01101001111100110001,186.0,11100001111000110000
1,186.0,11100001111000110000,186.0,11100001111000110000
1,186.0,11100001111000110000,48.0,01100101011000110101
1,48.0,01100101011000110101,48.0,01100101011000110101
1,48.0,01100101011000110101,48.0,01100101011000110101
1,48.0,01100101011000110101,48.0,01100101011000110101
1,48.0,01100101011000110101,48.0,01100101011000110101
1,48.0,01100101011000110101,48.0,01100101011000110101
1,48.0,01100101011000110101,46.0,01101011011010100000
1,46.0,01101011011010100000,46.0,01101011011010100000
1,46.0,01101011011010100000,46.0,01101011011010100000
1,46.0,01101011011010100000,46.0,01101011011010100000
1,46.0,01101011011010100000,46.0,01101011011010100000
1,46.0,01101011011010100000,46.0,01101011011010100000
1,46.0,01101011011010100000,46.0,01101011011010100000
1,46.0,01101011011010100000,46.0,01101011011010100000
1,46.0,01101011011010100000,46.0,01101011011010100000
1,46.0,01101011011010100000,46.0,01101011011010100000
1,46.0,01101011011010100000,46.0,01101011011010100000
1,46.0,01101011011010100000,46.0,01101011011010100000
1,46.0,01101011011010100000,46.0,01101011011010100000
1,46.0,01101011011010100000,46.0,01101011011010100000
1,46.0,01101011011010100000,46.0,01101011011010100000
1,46.0,01101011011010100000,46.0,01101011011010100000
1,46.0,01101011011010100000,46.0,01101011011010100000
1,46.0,01101011011010100000,46.0,01101011011010100000
1,46.0,01101011011010100000,46.0,01101011011010100000
1,46.0,01101011011010100000,46.0,01101011011010100000
1,46.0,01101011011010100000,46.0,01101011011010100000
1,46.0,01101011011010100000,46.0,01101011011010100000
1,46.0,01101011011010100000,46.0,01101011011010100000
1,46.0,01101011011010100000,46.0,01101011011010100000
2,2252.0,00000010101101011100,2252.0,00000010101101011100
2,2252.0,00000010101101011100,1632.0,01001010101101011000
2,1632.0,01001010101101011000,1632.0,01001010101101011000
2,1632.0,01001010101101011000,998.0,01010100001101011000
2,998.0,01010100001101011000,150.0,01011000001101011011
2,150.0,01011000001101011011,150.0,01011000001101011011
2,150.0,01011000001101011011,150.0,01011000001101011011
2,150.0,01011000001101011011,76.0,01010001001100011001
2,76.0,01010001001100011001,76.0,01010001001100011001
2,76.0,01010001001100011001,76.0,01010001001100011001
2,76.0,01010001001100011001,76.0,01010001001100011001
2,76.0,01010001001100011001,76.0,01010001001100011001
2,76.0,01010001001100011001,76.0,01010001001100011001
2,76.0,01010001001100011001,60.0,01011001110110011001
2,60.0,01011001110110011001,2.0,01001101110110111101
2,2.0,01001101110110111101,2.0,01001101110110111101
2,2.0,01001101110110111101,2.0,01001101110110111101
2,2.0,01001101110110111101,2.0,01001101110110111101
2,2.0,01001101110110111101,2.0,01001101110110111101
2,2.0,01001101110110111101,2.0,01001101110110111101
2,2.0,01001101110110111101,2.0,01001101110110111101
2,2.0,01001101110110111101,2.0,01001101110110111101
2,2.0,01001101110110111101,2.0,01001101110110111101
2,2.0,01001101110110111101,2.0,01001101110110111101
2,2.0,01001101110110111101,2.0,01001101110110111101
2,2.0,01001101110110111101,2.0,01001101110110111101
2,2.0,01001101110110111101,2.0,01001101110110111101
2,2.0,01001101110110111101,2.0,01001101110110111101
2,2.0,01001101110110111101,2.0,01001101110110111101
2,2.0,01001101110110111101,2.0,01001101110110111101
2,2.0,01001101110110111101,2.0,01001101110110111101
2,2.0,01001101110110111101,2.0,01001101110110111101
2,2.0,01001101110110111101,2.0,01001101110110111101
2,2.0,01001101110110111101,2.0,01001101110110111101
2,2.0,01001101110110111101,2.0,01001101110110111101
2,2.0,01001101110110111101,2.0,01001101110110111101
2,2.0,01001101110110111101,2.0,01001101110110111101
2,2.0,01001101110110111101,2.0,01001101110110111101
2,2.0,01001101110110111101,2.0,01001101110110111101
2,2.0,01001101110110111101,2.0,01001101110110111101
2,2.0,01001101110110111101,2.0,01001101110110111101
2,2.0,01001101110110111101,2.0,01001101110110111101
2,2.0,01001101110110111101,2.0,01001101110110111101
2,2.0,01001101110110111101,2.0,01001101110110111101
2,2.0,01001101110110111101,2.0,01001101110110111101
2,2.0,01001101110110111101,2.0,01001101110110111101
2,2.0,01001101110110111101,2.0,01001101110110111101
2,2.0,01001101110110111101,2.0,01001101110110111101
2,2.0,01001101110110111101,2.0,01001101110110111101
2,2.0,01001101110110111101,2.0,01001101110110111101
2,2.0,01001101110110111101,2.0,01001101110110111101
3,286.0,01101000110111111010,286.0,01101000110111111010
3,286.0,01101000110111111010,286.0,01101000110111111010
3,286.0,01101000110111111010,172.0,01110000110110111000
3,172.0,01110000110110111000,172.0,01110000110110111000
3,172.0,01110000110110111000,172.0,01110000110110111000
3,172.0,01110000110110111000,172.0,01110000110110111000
3,172.0,01110000110110111000,172.0,01110000110110111000
3,172.0,01110000110110111000,172.0,01110000110110111000
3,172.0,01110000110110111000,172.0,01110000110110111000
3,172.0,01110000110110111000,172.0,01110000110110111000
3,172.0,01110000110110111000,172.0,01110000110110111000
3,172.0,01110000110110111000,172.0,01110000110110111000
3,172.0,01110000110110111000,172.0,01110000110110111000
3,172.0,01110000110110111000,172.0,01110000110110111000
3,172.0,01110000110110111000,172.0,01110000110110111000
3,172.0,01110000110110111000,172.0,01110000110110111000
3,172.0,01110000110110111000,82.0,00111101110110110001
3,82.0,00111101110110110001,82.0,00111101110110110001
3,82.0,00111101110110110001,82.0,00111101110110110001
3,82.0,00111101110110110001,4.0,00111101010100110100
3,4.0,00111101010100110100,4.0,00111101010100110100
3,4.0,00111101010100110100,4.0,00111101010100110100
3,4.0,00111101010100110100,4.0,00111101010100110100
3,4.0,00111101010100110100,4.0,00111101010100110100
3,4.0,00111101010100110100,4.0,00111101010100110100
3,4.0,00111101010100110100,4.0,00111101010100110100
3,4.0,00111101010100110100,4.0,00111101010100110100
3,4.0,00111101010100110100,4.0,00111101010100110100
3,4.0,00111101010100110100,4.0,00111101010100110100
3,4.0,00111101010100110100,4.0,00111101010100110100
3,4.0,00111101010100110100,4.0,00111101010100110100
3,4.0,00111101010100110100,4.0,00111101010100110100
3,4.0,00111101010100110100,4.0,00111101010100110100
3,4.0,00111101010100110100,4.0,00111101010100110100
3,4.0,00111101010100110100,4.0,00111101010100110100
3,4.0,00111101010100110100,4.0,00111101010100110100
3,4.0,00111101010100110100,4.0,00111101010100110100
3,4.0,00111101010100110100,4.0,00111101010100110100
4,2078.0,10001011100101101011,94.0,10101101100101101001
4,94.0,10101101100101101001,94.0,10101101100101101001
4,94.0,10101101100101101001,94.0,10101101100101101001
4,94.0,10101101100101101001,94.0,10101101100101101001
4,94.0,10101101100101101001,94.0,10101101100101101001
4,94.0,10101101100101101001,94.0,10101101100101101001
4,94.0,10101101100101101001,94.0,10101101100101101001
4,94.0,10101101100101101001,78.0,10100001100111100101
4,78.0,10100001100111100101,78.0,10100001100111100101
4,78.0,10100001100111100101,78.0,10100001100111100101
4,78.0,10100001100111100101,78.0,10100001100111100101
4,78.0,10100001100111100101,78.0,10100001100111100101
4,78.0,10100001100111100101,78.0,10100001100111100101
4,78.0,10100001100111100101,64.0,00100101100001111100
4,64.0,00100101100001111100,64.0,00100101100001111100
4,64.0,00100101100001111100,64.0,00100101100001111100
4,64.0,00100101100001111100,54.0,01101001110000111111
4,54.0,01101001110000111111,54.0,01101001110000111111
4,54.0,01101001110000111111,54.0,01101001110000111111
4,54.0,01101001110000111111,54.0,01101001110000111111
4,54.0,01101001110000111111,54.0,01101001110000111111
4,54.0,01101001110000111111,54.0,01101001110000111111
4,54.0,01101001110000111111,54.0,01101001110000111111
4,54.0,01101001110000111111,2.0,01001101110110111101
4,2.0,01001101110110111101,2.0,01001101110110111101
4,2.0,01001101110110111101,2.0,01001101110110111101
4,2.0,01001101110110111101,2.0,01001101110110111101
4,2.0,01001101110110111101,2.0,01001101110110111101
4,2.0,01001101110110111101,2.0,01001101110110111101
4,2.0,01001101110110111101,2.0,01001101110110111101
4,2.0,01001101110110111101,2.0,01001101110110111101
4,2.0,01001101110110111101,2.0,01001101110110111101
4,2.0,01001101110110111101,2.0,01001101110110111101
4,2.0,01001101110110111101,2.0,01001101110110111101
4,2.0,01001101110110111101,2.0,01001101110110111101
4,2.0,01001101110110111101,2.0,01001101110110111101
4,2.0,01001101110110111101,2.0,01001101110110111101
4,2.0,01001101110110111101,2.0,01001101110110111101
4,2.0,01001101110110111101,2.0,01001101110110111101
4,2.0,01001101110110111101,2.0,01001101110110111101
4,2.0,01001101110110111101,2.0,01001101110110111101
4,2.0,01001101110110111101,2.0,01001101110110111101
4,2.0,01001101110110111101,2.0,01001101110110111101
4,2.0,01001101110110111101,2.0,01001101110110111101
4,2.0,01001101110110111101,2.0,01001101110110111101
4,2.0,01001101110110111101,2.0,01001101110110111101
4,2.0,01001101110110111101,2.0,01001101110110111101
4,2.0,01001101110110111101,2.0,01001101110110111101
4,2.0,01001101110110111101,2.0,01001101110110111101
4,2.0,01001101110110111101,2.0,01001101110110111101
4,2.0,01001101110110111101,2.0,01001101110110111101
4,2.0,01001101110110111101,2.0,01001101110110111101
4,2.0,01001101110110111101,2.0,01001101110110111101
4,2.0,01001101110110111101,2.0,01001101110110111101
4,2.0,01001101110110111101,2.0,01001101110110111101
4,2.0,01001101110110111101,2.0,01001101110110111101
4,2.0,01001101110110111101,2.0,01001101110110111101
4,2.0,01001101110110111101,2.0,01001101110110111101
4,2.0,01001101110110111101,2.0,01001101110110111101
4,2.0,01001101110110111101,2.0,01001101110110111101
4,2.0,01001101110110111101,2.0,01001101110110111101
4,2.0,01001101110110111101,2.0,01001101110110111101
4,2.0,01001101110110111101,2.0,01001101110110111101
4,2.0,01001101110110111101,2.0,01001101110110111101
4,2.0,01001101110110111101,2.0,01001101110110111101
4,2.0,01001101110110111101,2.0,01001101110110111101
4,2.0,01001101110110111101,2.0,01001101110110111101
4,2.0,01001101110110111101,2.0,01001101110110111101
4,2.0,01001101110110111101,2.0,01001101110110111101
4,2.0,01001101110110111101,2.0,01001101110110111101
4,2.0,01001101110110111101,2.0,01001101110110111101
4,2.0,01001101110110111101,2.0,01001101110110111101
4,2.0,01001101110110111101,2.0,01001101110110111101
4,2.0,01001101110110111101,2.0,01001101110110111101
4,2.0,01001101110110111101,2.0,01001101110110111101
4,2.0,01001101110110111101,2.0,01001101110110111101
4,2.0,01001101110110111101,2.0,01001101110110111101
4,2.0,01001101110110111101,2.0,01001101110110111101
4,2.0,01001101110110111101,2.0,01001101110110111101
4,2.0,01001101110110111101,2.0,01001101110110111101
4,2.0,01001101110110111101,2.0,01001101110110111101
4,2.0,01001101110110111101,2.0,01001101110110111101
5,2204.0,10111010011000000101,2204.0,10111010011000000101
5,2204.0,10111010011000000101,2104.0,00111101101010000100
5,2104.0,00111101101010000100,2104.0,00111101101010000100
5,2104.0,00111101101010000100,1682.0,01100011101000000110
5,1682.0,01100011101000000110,530.0,01101111101100000001
5,530.0,01101111101100000001,116.0,01100111100100101001
5,116.0,01100111100100101001,116.0,01100111100100101001
5,116.0,01100111100100101001,116.0,01100111100100101001
5,116.0,01100111100100101001,116.0,01100111100100101001
5,116.0,01100111100100101001,116.0,01100111100100101001
5,116.0,01100111100100101001,116.0,01100111100100101001
5,116.0,01100111100100101001,16.0,00100011100101001011
5,16.0,00100011100101001011,16.0,00100011100101001011
5,16.0,00100011100101001011,16.0,00100011100101001011
5,16.0,00100011100101001011,16.0,00100011100101001011
5,16.0,00100011100101001011,16.0,00100011100101001011
5,16.0,00100011100101001011,16.0,00100011100101001011
5,16.0,00100011100101001011,16.0,00100011100101001011
5,16.0,00100011100101001011,16.0,00100011100101001011
5,16.0,00100011100101001011,16.0,00100011100101001011
5,16.0,00100011100101001011,16.0,00100011100101001011
5,16.0,00100011100101001011,16.0,00100011100101001011
5,16.0,00100011100101001011,16.0,00100011100101001011
5,16.0,00100011100101001011,16.0,00100011100101001011
5,16.0,00100011100101001011,16.0,00100011100101001011
5,16.0,00100011100101001011,16.0,00100011100101001011
5,16.0,00100011100101001011,16.0,00100011100101001011
5,16.0,00100011100101001011,16.0,00100011100101001011
5,16.0,00100011100101001011,16.0,00100011100101001011
5,16.0,00100011100101001011,16.0,00100011100101001011
5,16.0,00100011100101001011,16.0,00100011100101001011
5,16.0,00100011100101001011,16.0,00100011100101001011
6,8404.0,11011010110110110001,6352.0,10010010110110111000
6,6352.0,10010010110110111000,2540.0,10010001110110011011
6,2540.0,10010001110110011011,496.0,10010001100010111101
6,496.0,10010001100010111101,108.0,10010001000110011111
6,108.0,10010001000110011111,58.0,10010111010110010001
6,58.0,10010111010110010001,58.0,10010111010110010001
6,58.0,10010111010110010001,58.0,10010111010110010001
6,58.0,10010111010110010001,58.0,10010111010110010001
6,58.0,10010111010110010001,58.0,10010111010110010001
6,58.0,10010111010110010001,58.0,10010111010110010001
6,58.0,10010111010110010001,58.0,10010111010110010001
6,58.0,10010111010110010001,58.0,10010111010110010001
6,58.0,10010111010110010001,58.0,10010111010110010001
6,58.0,10010111010110010001,58.0,10010111010110010001
6,58.0,10010111010110010001,58.0,10010111010110010001
6,58.0,10010111010110010001,58.0,10010111010110010001
6,58.0,10010111010110010001,58.0,10010111010110010001
6,58.0,10010111010110010001,16.0,10011110010111010011
6,16.0,10011110010111010011,16.0,10011110010111010011
6,16.0,10011110010111010011,16.0,10011110010111010011
6,16.0,10011110010111010011,16.0,10011110010111010011
6,16.0,10011110010111010011,16.0,10011110010111010011
6,16.0,10011110010111010011,16.0,10011110010111010011
6,16.0,10011110010111010011,16.0,10011110010111010011
6,16.0,10011110010111010011,16.0,10011110010111010011
6,16.0,10011110010111010011,16.0,10011110010111010011
6,16.0,10011110010111010011,16.0,10011110010111010011
6,16.0,10011110010111010011,16.0,10011110010111010011
6,16.0,10011110010111010011,16.0,10011110010111010011
6,16.0,10011110010111010011,16.0,10011110010111010011
6,16.0,10011110010111010011,16.0,10011110010111010011
6,16.0,10011110010111010011,16.0,10011110010111010011
6,16.0,10011110010111010011,16.0,10011110010111010011
6,16.0,10011110010111010011,16.0,10011110010111010011
6,16.0,10011110010111010011,16.0,10011110010111010011
6,16.0,10011110010111010011,16.0,10011110010111010011
6,16.0,10011110010111010011,16.0,10011110010111010011
6,16.0,10011110010111010011,16.0,10011110010111010011
6,16.0,10011110010111010011,16.0,10011110010111010011
6,16.0,10011110010111010011,16.0,10011110010111010011
6,16.0,10011110010111010011,16.0,10011110010111010011
6,16.0,10011110010111010011,16.0,10011110010111010011
6,16.0,10011110010111010011,16.0,10011110010111010011
6,16.0,10011110010111010011,14.0,01010010010111000111
6,14.0,01010010010111000111,14.0,01010010010111000111
6,14.0,01010010010111000111,14.0,01010010010111000111
6,14.0,01010010010111000111,14.0,01010010010111000111
6,14.0,01010010010111000111,14.0,01010010010111000111
6,14.0,01010010010111000111,14.0,01010010010111000111
6,14.0,01010010010111000111,14.0,01010010010111000111
6,14.0,01010010010111000111,14.0,01010010010111000111
6,14.0,01010010010111000111,14.0,01010010010111000111
6,14.0,01010010010111000111,14.0,01010010010111000111
6,14.0,01010010010111000111,14.0,01010010010111000111
6,14.0,01010010010111000111,14.0,01010010010111000111
6,14.0,01010010010111000111,14.0,01010010010111000111
6,14.0,01010010010111000111,14.0,01010010010111000111
6,14.0,01010010010111000111,14.0,01010010010111000111
6,14.0,01010010010111000111,14.0,01010010010111000111
7,5956.0,10000110101111001010,1498.0,10010010100111001011
7,1498.0,10010010100111001011,1498.0,10010010100111001011
7,1498.0,10010010100111001011,1132.0,10010001100111001000
7,1132.0,10010001100111001000,502.0,10011011000111000001
7,502.0,10011011000111000001,502.0,10011011000111000001
7,502.0,10011011000111000001,54.0,10010110001111000000
7,54.0,10010110001111000000,54.0,10010110001111000000
7,54.0,10010110001111000000,54.0,10010110001111000000
7,54.0,10010110001111000000,54.0,10010110001111000000
7,54.0,10010110001111000000,54.0,10010110001111000000
7,54.0,10010110001111000000,54.0,10010110001111000000
7,54.0,10010110001111000000,54.0,10010110001111000000
7,54.0,10010110001111000000,54.0,10010110001111000000
7,54.0,10010110001111000000,54.0,10010110001111000000
7,54.0,10010110001111000000,54.0,10010110001111000000
7,54.0,10010110001111000000,54.0,10010110001111000000
7,54.0,10010110001111000000,54.0,10010110001111000000
7,54.0,10010110001111000000,16.0,10011110010111010011
7,16.0,10011110010111010011,16.0,10011110010111010011
7,16.0,10011110010111010011,16.0,10011110010111010011
7,16.0,10011110010111010011,16.0,10011110010111010011
7,16.0,10011110010111010011,16.0,10011110010111010011
7,16.0,10011110010111010011,16.0,10011110010111010011
7,16.0,10011110010111010011,16.0,10011110010111010011
7,16.0,10011110010111010011,16.0,10011110010111010011
7,16.0,10011110010111010011,16.0,10011110010111010011
7,16.0,10011110010111010011,16.0,10011110010111010011
7,16.0,10011110010111010011,16.0,10011110010111010011
7,16.0,10011110010111010011,16.0,10011110010111010011
7,16.0,10011110010111010011,16.0,10011110010111010011
7,16.0,10011110010111010011,16.0,10011110010111010011
7,16.0,10011110010111010011,16.0,10011110010111010011
7,16.0,10011110010111010011,16.0,10011110010111010011
7,16.0,10011110010111010011,16.0,10011110010111010011
7,16.0,10011110010111010011,16.0,10011110010111010011
7,16.0,10011110010111010011,16.0,10011110010111010011
7,16.0,10011110010111010011,16.0,10011110010111010011
7,16.0,10011110010111010011,16.0,10011110010111010011
7,16.0,10011110010111010011,16.0,10011110010111010011
7,16.0,10011110010111010011,16.0,10011110010111010011
7,16.0,10011110010111010011,16.0,10011110010111010011
7,16.0,10011110010111010011,16.0,10011110010111010011
7,16.0,10011110010111010011,16.0,10011110010111010011
7,16.0,10011110010111010011,16.0,10011110010111010011
7,16.0,10011110010111010011,16.0,10011110010111010011
7,16.0,10011110010111010011,16.0,10011110010111010011
7,16.0,10011110010111010011,16.0,10011110010111010011
7,16.0,10011110010111010011,16.0,10011110010111010011
7,16.0,10011110010111010011,16.0,10011110010111010011
7,16.0,10011110010111010011,16.0,10011110010111010011
7,16.0,10011110010111010011,16.0,10011110010111010011
7,16.0,10011110010111010011,16.0,10011110010111010011
7,16.0,10011110010111010011,16.0,10011110010111010011
7,16.0,10011110010111010011,16.0,10011110010111010011
7,16.0,10011110010111010011,16.0,10011110010111010011
7,16.0,10011110010111010011,16.0,10011110010111010011
7,16.0,10011110010111010011,16.0,10011110010111010011
7,16.0,10011110010111010011,16.0,10011110010111010011
7,16.0,10011110010111010011,16.0,10011110010111010011
7,16.0,10011110010111010011,16.0,10011110010111010011
7,16.0,10011110010111010011,16.0,10011110010111010011
7,16.0,10011110010111010011,16.0,10011110010111010011
7,16.0,10011110010111010011,16.0,10011110010111010011
8,1266.0,10001011000111010101,880.0,00000011100111110101
8,880.0,00000011100111110101,786.0,00000111110111110011
8,786.0,00000111110111110011,180.0,00100011010101110001
8,180.0,00100011010101110001,168.0,00010111000101110000
8,168.0,00010111000101110000,116.0,00011111110001010010
8,116.0,00011111110001010010,116.0,00011111110001010010
8,116.0,00011111110001010010,38.0,00110111100001000010
8,38.0,00110111100001000010,38.0,00110111100001000010
8,38.0,00110111100001000010,38.0,00110111100001000010
8,38.0,00110111100001000010,38.0,00110111100001000010
8,38.0,00110111100001000010,38.0,00110111100001000010
8,38.0,00110111100001000010,38.0,00110111100001000010
8,38.0,00110111100001000010,38.0,00110111100001000010
8,38.0,00110111100001000010,38.0,00110111100001000010
8,38.0,00110111100001000010,38.0,00110111100001000010
8,38.0,00110111100001000010,38.0,00110111100001000010
8,38.0,00110111100001000010,38.0,00110111100001000010
8,38.0,00110111100001000010,38.0,00110111100001000010
8,38.0,00110111100001000010,38.0,00110111100001000010
8,38.0,00110111100001000010,38.0,00110111100001000010
8,38.0,00110111100001000010,38.0,00110111100001000010
8,38.0,00110111100001000010,38.0,00110111100001000010
8,38.0,00110111100001000010,30.0,10111011100000000100
8,30.0,10111011100000000100,30.0,10111011100000000100
8,30.0,10111011100000000100,30.0,10111011100000000100
8,30.0,10111011100000000100,30.0,10111011100000000100
8,30.0,10111011100000000100,30.0,10111011100000000100
8,30.0,10111011100000000100,30.0,10111011100000000100
8,30.0,10111011100000000100,30.0,10111011100000000100
8,30.0,10111011100000000100,30.0,10111011100000000100
8,30.0,10111011100000000100,30.0,10111011100000000100
8,30.0,10111011100000000100,30.0,10111011100000000100
8,30.0,10111011100000000100,30.0,10111011100000000100
8,30.0,10111011100000000100,30.0,10111011100000000100
8,30.0,10111011100000000100,30.0,10111011100000000100
8,30.0,10111011100000000100,30.0,10111011100000000100
8,30.0,10111011100000000100,30.0,10111011100000000100
8,30.0,10111011100000000100,30.0,10111011100000000100
8,30.0,10111011100000000100,30.0,10111011100000000100
8,30.0,10111011100000000100,30.0,10111011100000000100
8,30.0,10111011100000000100,30.0,10111011100000000100
8,30.0,10111011100000000100,30.0,10111011100000000100
8,30.0,10111011100000000100,30.0,10111011100000000100
8,30.0,10111011100000000100,30.0,10111011100000000100
8,30.0,10111011100000000100,30.0,10111011100000000100
8,30.0,10111011100000000100,30.0,10111011100000000100
8,30.0,10111011100000000100,30.0,10111011100000000100
8,30.0,10111011100000000100,30.0,10111011100000000100
8,30.0,10111011100000000100,30.0,10111011100000000100
8,30.0,10111011100000000100,30.0,10111011100000000100
8,30.0,10111011100000000100,30.0,10111011100000000100
8,30.0,10111011100000000100,30.0,10111011100000000100
8,30.0,10111011100000000100,30.0,10111011100000000100
8,30.0,10111011100000000100,30.0,10111011100000000100
8,30.0,10111011100000000100,30.0,10111011100000000100
8,30.0,10111011100000000100,30.0,10111011100000000100
8,30.0,10111011100000000100,30.0,10111011100000000100
8,30.0,10111011100000000100,30.0,10111011100000000100
8,30.0,10111011100000000100,30.0,10111011100000000100
9,2294.0,11110100111010100000,1784.0,11110100101010000100
9,1784.0,11110100101010000100,738.0,11110100101001000000
9,738.0,11110100101001000000,676.0,11011101001001000001
9,676.0,11011101001001000001,470.0,10010101011001100000
9,470.0,10010101011001100000,94.0,10011101001101000011
9,94.0,10011101001101000011,94.0,10011101001101000011
9,94.0,10011101001101000011,94.0,10011101001101000011
9,94.0,10011101001101000011,94.0,10011101001101000011
9,94.0,10011101001101000011,94.0,10011101001101000011
9,94.0,10011101001101000011,94.0,10011101001101000011
9,94.0,10011101001101000011,94.0,10011101001101000011
9,94.0,10011101001101000011,6.0,10011001001101100000
9,6.0,10011001001101100000,6.0,10011001001101100000
9,6.0,10011001001101100000,6.0,10011001001101100000
9,6.0,10011001001101100000,6.0,10011001001101100000
9,6.0,10011001001101100000,6.0,10011001001101100000
9,6.0,10011001001101100000,6.0,10011001001101100000
9,6.0,10011001001101100000,6.0,10011001001101100000
9,6.0,10011001001101100000,6.0,10011001001101100000
9,6.0,10011001001101100000,6.0,10011001001101100000
9,6.0,10011001001101100000,6.0,10011001001101100000
9,6.0,10011001001101100000,6.0,10011001001101100000
9,6.0,10011001001101100000,6.0,10011001001101100000
9,6.0,10011001001101100000,6.0,10011001001101100000
9,6.0,10011001001101100000,6.0,10011001001101100000
9,6.0,10011001001101100000,6.0,10011001001101100000
9,6.0,10011001001101100000,6.0,10011001001101100000
9,6.0,10011001001101100000,6.0,10011001001101100000
9,6.0,10011001001101100000,6.0,10011001001101100000
9,6.0,10011001001101100000,6.0,10011001001101100000
9,6.0,10011001001101100000,6.0,10011001001101100000
9,6.0,10011001001101100000,6.0,10011001001101100000
9,6.0,10011001001101100000,6.0,10011001001101100000
10,2078.0,01111001001110000001,506.0,01111011010100000001
10,506.0,01111011010100000001,506.0,01111011010100000001
10,506.0,01111011010100000001,506.0,01111011010100000001
10,506.0,01111011010100000001,290.0,01011010001101100010
10,290.0,01011010001101100010,64.0,01010110101001010000
10,64.0,01010110101001010000,64.0,01010110101001010000
10,64.0,01010110101001010000,64.0,01010110101001010000
10,64.0,01010110101001010000,64.0,01010110101001010000
10,64.0,01010110101001010000,64.0,01010110101001010000
10,64.0,01010110101001010000,64.0,01010110101001010000
10,64.0,01010110101001010000,64.0,01010110101001010000
10,64.0,01010110101001010000,64.0,01010110101001010000
10,64.0,01010110101001010000,64.0,01010110101001010000
10,64.0,01010110101001010000,36.0,10010100111001010100
10,36.0,10010100111001010100,36.0,10010100111001010100
10,36.0,10010100111001010100,36.0,10010100111001010100
10,36.0,10010100111001010100,36.0,10010100111001010100
10,36.0,10010100111001010100,36.0,10010100111001010100
10,36.0,10010100111001010100,36.0,10010100111001010100
10,36.0,10010100111001010100,36.0,10010100111001010100
10,36.0,10010100111001010100,36.0,10010100111001010100
10,36.0,10010100111001010100,36.0,10010100111001010100
10,36.0,10010100111001010100,36.0,10010100111001010100
10,36.0,10010100111001010100,36.0,10010100111001010100
10,36.0,10010100111001010100,36.0,10010100111001010100
10,36.0,10010100111001010100,36.0,10010100111001010100
10,36.0,10010100111001010100,36.0,10010100111001010100
10,36.0,10010100111001010100,36.0,10010100111001010100
10,36.0,10010100111001010100,36.0,10010100111001010100
10,36.0,10010100111001010100,36.0,10010100111001010100
10,36.0,10010100111001010100,36.0,10010100111001010100
10,36.0,10010100111001010100,36.0,10010100111001010100
10,36.0,10010100111001010100,36.0,10010100111001010100
10,36.0,10010100111001010100,36.0,10010100111001010100
10,36.0,10010100111001010100,36.0,10010100111001010100
10,36.0,10010100111001010100,36.0,10010100111001010100
10,36.0,10010100111001010100,36.0,10010100111001010100
10,36.0,10010100111001010100,36.0,10010100111001010100
10,36.0,10010100111001010100,36.0,10010100111001010100
10,36.0,10010100111001010100,36.0,10010100111001010100
10,36.0,10010100111001010100,36.0,10010100111001010100
10,36.0,10010100111001010100,36.0,10010100111001010100
10,36.0,10010100111001010100,36.0,10010100111001010100
10,36.0,10010100111001010100,36.0,10010100111001010100
10,36.0,10010100111001010100,36.0,10010100111001010100
10,36.0,10010100111001010100,36.0,10010100111001010100
10,36.0,10010100111001010100,36.0,10010100111001010100
10,36.0,10010100111001010100,36.0,10010100111001010100
10,36.0,10010100111001010100,36.0,10010100111001010100
10,36.0,10010100111001010100,36.0,10010100111001010100
10,36.0,10010100111001010100,36.0,10010100111001010100
10,36.0,10010100111001010100,36.0,10010100111001010100
10,36.0,10010100111001010100,36.0,10010100111001010100
10,36.0,10010100111001010100,36.0,10010100111001010100
11,1700.0,00000011101101000110,632.0,10010011100101000010
11,632.0,10010011100101000010,510.0,10010111100001100011
11,510.0,10010111100001100011,38.0,00110111100001000010
11,38.0,00110111100001000010,38.0,00110111100001000010
11,38.0,00110111100001000010,2.0,00110001100001011000
11,2.0,00110001100001011000,2.0,00110001100001011000
11,2.0,00110001100001011000,2.0,00110001100001011000
11,2.0,00110001100001011000,2.0,00110001100001011000
11,2.0,00110001100001011000,2.0,00110001100001011000
11,2.0,00110001100001011000,2.0,00110001100001011000
11,2.0,00110001100001011000,2.0,00110001100001011000
11,2.0,00110001100001011000,2.0,00110001100001011000
11,2.0,00110001100001011000,2.0,00110001100001011000
11,2.0,00110001100001011000,2.0,00110001100001011000
11,2.0,00110001100001011000,2.0,00110001100001011000
11,2.0,00110001100001011000,2.0,00110001100001011000
11,2.0,00110001100001011000,2.0,00110001100001011000
11,2.0,00110001100001011000,2.0,00110001100001011000
11,2.0,00110001100001011000,2.0,00110001100001011000
11,2.0,00110001100001011000,2.0,00110001100001011000
11,2.0,00110001100001011000,2.0,00110001100001011000
11,2.0,00110001100001011000,2.0,00110001100001011000
11,2.0,00110001100001011000,2.0,00110001100001011000
11,2.0,00110001100001011000,2.0,00110001100001011000
11,2.0,00110001100001011000,2.0,00110001100001011000
11,2.0,00110001100001011000,2.0,00110001100001011000
11,2.0,00110001100001011000,2.0,00110001100001011000
11,2.0,00110001100001011000,2.0,00110001100001011000
11,2.0,00110001100001011000,2.0,00110001100001011000
11,2.0,00110001100001011000,2.0,00110001100001011000
11,2.0,00110001100001011000,2.0,00110001100001011000
11,2.0,00110001100001011000,2.0,00110001100001011000
11,2.0,00110001100001011000,2.0,00110001100001011000
11,2.0,00110001100001011000,2.0,00110001100001011000
11,2.0,00110001100001011000,2.0,00110001100001011000
11,2.0,00110001100001011000,2.0,00110001100001011000
11,2.0,00110001100001011000,2.0,00110001100001011000
11,2.0,00110001100001011000,2.0,00110001100001011000
11,2.0,00110001100001011000,2.0,00110001100001011000
11,2.0,00110001100001011000,2.0,00110001100001011000
11,2.0,00110001100001011000,2.0,00110001100001011000
11,2.0,00110001100001011000,2.0,00110001100001011000
11,2.0,00110001100001011000,2.0,00110001100001011000
11,2.0,00110001100001011000,2.0,00110001100001011000
11,2.0,00110001100001011000,2.0,00110001100001011000
11,2.0,00110001100001011000,2.0,00110001100001011000
12,1236.0,01010001011011000010,1042.0,11101001001011000010
12,1042.0,11101001001011000010,490.0,01100001011011100001
12,490.0,01100001011011100001,106.0,01110000011011100001
12,106.0,01110000011011100001,106.0,01110000011011100001
12,106.0,01110000011011100001,106.0,01110000011011100001
12,106.0,01110000011011100001,106.0,01110000011011100001
12,106.0,01110000011011100001,106.0,01110000011011100001
12,106.0,01110000011011100001,106.0,01110000011011100001
12,106.0,01110000011011100001,106.0,01110000011011100001
12,106.0,01110000011011100001,106.0,01110000011011100001
12,106.0,01110000011011100001,106.0,01110000011011100001
12,106.0,01110000011011100001,106.0,01110000011011100001
12,106.0,01110000011011100001,106.0,01110000011011100001
12,106.0,01110000011011100001,106.0,01110000011011100001
12,106.0,01110000011011100001,106.0,01110000011011100001
12,106.0,01110000011011100001,72.0,01010000001111101001
12,72.0,01010000001111101001,72.0,01010000001111101001
12,72.0,01010000001111101001,72.0,01010000001111101001
12,72.0,01010000001111101001,72.0,01010000001111101001
12,72.0,01010000001111101001,72.0,01010000001111101001
12,72.0,01010000001111101001,72.0,01010000001111101001
12,72.0,01010000001111101001,72.0,01010000001111101001
12,72.0,01010000001111101001,72.0,01010000001111101001
12,72.0,01010000001111101001,72.0,01010000001111101001
12,72.0,01010000001111101001,72.0,01010000001111101001
12,72.0,01010000001111101001,72.0,01010000001111101001
12,72.0,01010000001111101001,72.0,01010000001111101001
12,72.0,01010000001111101001,72.0,01010000001111101001
12,72.0,01010000001111101001,72.0,01010000001111101001
12,72.0,01010000001111101001,72.0,01010000001111101001
12,72.0,01010000001111101001,72.0,01010000001111101001
12,72.0,01010000001111101001,72.0,01010000001111101001
12,72.0,01010000001111101001,72.0,01010000001111101001
12,72.0,01010000001111101001,72.0,01010000001111101001
12,72.0,01010000001111101001,72.0,01010000001111101001
12,72.0,01010000001111101001,72.0,01010000001111101001
12,72.0,01010000001111101001,72.0,01010000001111101001
12,72.0,01010000001111101001,72.0,01010000001111101001
12,72.0,01010000001111101001,72.0,01010000001111101001
12,72.0,01010000001111101001,72.0,01010000001111101001
12,72.0,01010000001111101001,72.0,01010000001111101001
12,72.0,01010000001111101001,72.0,01010000001111101001
12,72.0,01010000001111101001,72.0,01010000001111101001
12,72.0,01010000001111101001,72.0,01010000001111101001
12,72.0,01010000001111101001,72.0,01010000001111101001
12,72.0,01010000001111101001,72.0,01010000001111101001
12,72.0,01010000001111101001,72.0,01010000001111101001
12,72.0,01010000001111101001,72.0,01010000001111101001
13,3278.0,00110001000011010110,1472.0,00111001100011110010
13,1472.0,00111001100011110010,82.0,00111101110110110001
13,82.0,00111101110110110001,82.0,00111101110110110001
13,82.0,00111101110110110001,82.0,00111101110110110001
13,82.0,00111101110110110001,82.0,00111101110110110001
13,82.0,00111101110110110001,82.0,00111101110110110001
13,82.0,00111101110110110001,34.0,00111101101100010000
13,34.0,00111101101100010000,34.0,00111101101100010000
13,34.0,00111101101100010000,34.0,00111101101100010000
13,34.0,00111101101100010000,34.0,00111101101100010000
13,34.0,00111101101100010000,34.0,00111101101100010000
13,34.0,00111101101100010000,34.0,00111101101100010000
13,34.0,00111101101100010000,34.0,00111101101100010000
13,34.0,00111101101100010000,34.0,00111101101100010000
13,34.0,00111101101100010000,8.0,00111100001101110011
13,8.0,00111100001101110011,8.0,00111100001101110011
13,8.0,00111100001101110011,8.0,00111100001101110011
13,8.0,00111100001101110011,8.0,00111100001101110011
13,8.0,00111100001101110011,8.0,00111100001101110011
13,8.0,00111100001101110011,8.0,00111100001101110011
13,8.0,00111100001101110011,8.0,00111100001101110011
13,8.0,00111100001101110011,8.0,00111100001101110011
13,8.0,00111100001101110011,8.0,00111100001101110011
13,8.0,00111100001101110011,8.0,00111100001101110011
13,8.0,00111100001101110011,8.0,00111100001101110011
13,8.0,00111100001101110011,8.0,00111100001101110011
13,8.0,00111100001101110011,8.0,00111100001101110011
13,8.0,00111100001101110011,8.0,00111100001101110011
13,8.0,00111100001101110011,8.0,00111100001101110011
13,8.0,00111100001101110011,8.0,00111100001101110011
13,8.0,00111100001101110011,8.0,00111100001101110011
13,8.0,00111100001101110011,8.0,00111100001101110011
13,8.0,00111100001101110011,8.0,00111100001101110011
13,8.0,00111100001101110011,8.0,00111100001101110011
13,8.0,00111100001101110011,8.0,00111100001101110011
13,8.0,00111100001101110011,8.0,00111100001101110011
13,8.0,00111100001101110011,8.0,00111100001101110011
13,8.0,00111100001101110011,8.0,00111100001101110011
13,8.0,00111100001101110011,8.0,00111100001101110011
13,8.0,00111100001101110011,8.0,00111100001101110011
13,8.0,00111100001101110011,8.0,00111100001101110011
13,8.0,00111100001101110011,8.0,00111100001101110011
13,8.0,00111100001101110011,8.0,00111100001101110011
13,8.0,00111100001101110011,8.0,00111100001101110011
13,8.0,00111100001101110011,8.0,00111100001101110011
13,8.0,00111100001101110011,8.0,00111100001101110011
13,8.0,00111100001101110011,8.0,00111100001101110011
13,8.0,00111100001101110011,8.0,00111100001101110011
13,8.0,00111100001101110011,8.0,00111100001101110011
13,8.0,00111100001101110011,8.0,00111100001101110011
13,8.0,00111100001101110011,8.0,00111100001101110011
13,8.0,00111100001101110011,8.0,00111100001101110011
13,8.0,00111100001101110011,8.0,00111100001101110011
14,11538.0,10010001001110101000,2790.0,00010001001011101001
14,2790.0,00010001001011101001,2712.0,00011001001001011011
14,2712.0,00011001001001011011,136.0,00011001001101001010
14,136.0,00011001001101001010,100.0,00000011101101001000
14,100.0,00000011101101001000,100.0,00000011101101001000
14,100.0,00000011101101001000,100.0,00000011101101001000
14,100.0,00000011101101001000,100.0,00000011101101001000
14,100.0,00000011101101001000,100.0,00000011101101001000
14,100.0,00000011101101001000,100.0,00000011101101001000
14,100.0,00000011101101001000,100.0,00000011101101001000
14,100.0,00000011101101001000,100.0,00000011101101001000
14,100.0,00000011101101001000,96.0,00100011101000011010
14,96.0,00100011101000011010,96.0,00100011101000011010
14,96.0,00100011101000011010,34.0,00101011001010011001
14,34.0,00101011001010011001,34.0,00101011001010011001
14,34.0,00101011001010011001,34.0,00101011001010011001
14,34.0,00101011001010011001,34.0,00101011001010011001
14,34.0,00101011001010011001,34.0,00101011001010011001
14,34.0,00101011001010011001,34.0,00101011001010011001
14,34.0,00101011001010011001,34.0,00101011001010011001
14,34.0,00101011001010011001,34.0,00101011001010011001
14,34.0,00101011001010011001,34.0,00101011001010011001
14,34.0,00101011001010011001,34.0,00101011001010011001
14,34.0,00101011001010011001,34.0,00101011001010011001
14,34.0,00101011001010011001,34.0,00101011001010011001
14,34.0,00101011001010011001,34.0,00101011001010011001
14,34.0,00101011001010011001,34.0,00101011001010011001
14,34.0,00101011001010011001,34.0,00101011001010011001
14,34.0,00101011001010011001,34.0,00101011001010011001
14,34.0,00101011001010011001,34.0,00101011001010011001
14,34.0,00101011001010011001,34.0,00101011001010011001
14,34.0,00101011001010011001,34.0,00101011001010011001
14,34.0,00101011001010011001,34.0,00101011001010011001
14,34.0,00101011001010011001,34.0,00101011001010011001
14,34.0,00101011001010011001,34.0,00101011001010011001
14,34.0,00101011001010011001,34.0,00101011001010011001
14,34.0,00101011001010011001,34.0,00101011001010011001
14,34.0,00101011001010011001,34.0,00101011001010011001
14,34.0,00101011001010011001,20.0,00100011110010111011
14,20.0,00100011110010111011,20.0,00100011110010111011
14,20.0,00100011110010111011,20.0,00100011110010111011
14,20.0,00100011110010111011,20.0,00100011110010111011
14,20.0,00100011110010111011,20.0,00100011110010111011
14,20.0,00100011110010111011,20.0,00100011110010111011
14,20.0,00100011110010111011,20.0,00100011110010111011
14,20.0,00100011110010111011,20.0,00100011110010111011
14,20.0,00100011110010111011,20.0,00100011110010111011
14,20.0,00100011110010111011,20.0,00100011110010111011
14,20.0,00100011110010111011,20.0,00100011110010111011
14,20.0,00100011110010111011,20.0,00100011110010111011
14,20.0,00100011110010111011,20.0,00100011110010111011
14,20.0,00100011110010111011,20.0,00100011110010111011
14,20.0,00100011110010111011,20.0,00100011110010111011
14,20.0,00100011110010111011,20.0,00100011110010111011
14,20.0,00100011110010111011,20.0,00100011110010111011
14,20.0,00100011110010111011,20.0,00100011110010111011
14,20.0,00100011110010111011,20.0,00100011110010111011
14,20.0,00100011110010111011,20.0,00100011110010111011
14,20.0,00100011110010111011,20.0,00100011110010111011
15,15646.0,11011101110100000111,8704.0,01111101010100000111
15,8704.0,01111101010100000111,5792.0,01111001100000001111
15,5792.0,01111001100000001111,5214.0,01111100001010001101
15,5214.0,01111100001010001101,516.0,00110100011010101101
15,516.0,00110100011010101101,50.0,00101100011110111111
15,50.0,00101100011110111111,50.0,00101100011110111111
15,50.0,00101100011110111111,50.0,00101100011110111111
15,50.0,00101100011110111111,50.0,00101100011110111111
15,50.0,00101100011110111111,50.0,00101100011110111111
15,50.0,00101100011110111111,50.0,00101100011110111111
15,50.0,00101100011110111111,50.0,00101100011110111111
15,50.0,00101100011110111111,50.0,00101100011110111111
15,50.0,00101100011110111111,50.0,00101100011110111111
15,50.0,00101100011110111111,50.0,00101100011110111111
15,50.0,00101100011110111111,50.0,00101100011110111111
15,50.0,00101100011110111111,50.0,00101100011110111111
15,50.0,00101100011110111111,50.0,00101100011110111111
15,50.0,00101100011110111111,50.0,00101100011110111111
15,50.0,00101100011110111111,50.0,00101100011110111111
15,50.0,00101100011110111111,50.0,00101100011110111111
15,50.0,00101100011110111111,50.0,00101100011110111111
15,50.0,00101100011110111111,50.0,00101100011110111111
15,50.0,00101100011110111111,50.0,00101100011110111111
15,50.0,00101100011110111111,50.0,00101100011110111111
15,50.0,00101100011110111111,50.0,00101100011110111111
15,50.0,00101100011110111111,50.0,00101100011110111111
15,50.0,00101100011110111111,12.0,00111000011110011011
15,12.0,00111000011110011011,12.0,00111000011110011011
15,12.0,00111000011110011011,12.0,00111000011110011011
15,12.0,00111000011110011011,12.0,00111000011110011011
15,12.0,00111000011110011011,12.0,00111000011110011011
15,12.0,00111000011110011011,12.0,00111000011110011011
15,12.0,00111000011110011011,12.0,00111000011110011011
15,12.0,00111000011110011011,12.0,00111000011110011011
15,12.0,00111000011110011011,12.0,00111000011110011011
15,12.0,00111000011110011011,12.0,00111000011110011011
15,12.0,00111000011110011011,12.0,00111000011110011011
15,12.0,00111000011110011011,12.0,00111000011110011011
15,12.0,00111000011110011011,12.0,00111000011110011011
15,12.0,00111000011110011011,12.0,00111000011110011011
15,12.0,00111000011110011011,12.0,00111000011110011011
15,12.0,00111000011110011011,12.0,00111000011110011011
15,12.0,00111000011110011011,12.0,00111000011110011011
15,12.0,00111000011110011011,12.0,00111000011110011011
15,12.0,00111000011110011011,12.0,00111000011110011011
15,12.0,00111000011110011011,12.0,00111000011110011011
15,12.0,00111000011110011011,12.0,00111000011110011011
15,12.0,00111000011110011011,12.0,00111000011110011011
15,12.0,00111000011110011011,12.0,00111000011110011011
15,12.0,00111000011110011011,12.0,00111000011110011011
15,12.0,00111000011110011011,12.0,00111000011110011011
15,12.0,00111000011110011011,12.0,00111000011110011011
15,12.0,00111000011110011011,12.0,00111000011110011011
15,12.0,00111000011110011011,12.0,00111000011110011011
15,12.0,00111000011110011011,12.0,00111000011110011011
15,12.0,00111000011110011011,12.0,00111000011110011011
15,12.0,00111000011110011011,12.0,00111000011110011011
15,12.0,00111000011110011011,12.0,00111000011110011011
15,12.0,00111000011110011011,12.0,00111000011110011011
16,11734.0,01111100101011000011,1576.0,00110100101111100001
16,1576.0,00110100101111100001,388.0,00011100101111101011
16,388.0,00011100101111101011,388.0,00011100101111101011
16,388.0,00011100101111101011,388.0,00011100101111101011
16,388.0,00011100101111101011,388.0,00011100101111101011
16,388.0,00011100101111101011,4.0,00001101101111101011
16,4.0,00001101101111101011,4.0,00001101101111101011
16,4.0,00001101101111101011,4.0,00001101101111101011
16,4.0,00001101101111101011,4.0,00001101101111101011
16,4.0,00001101101111101011,4.0,00001101101111101011
16,4.0,00001101101111101011,4.0,00001101101111101011
16,4.0,00001101101111101011,4.0,00001101101111101011
16,4.0,00001101101111101011,4.0,00001101101111101011
16,4.0,00001101101111101011,4.0,00001101101111101011
16,4.0,00001101101111101011,4.0,00001101101111101011
16,4.0,00001101101111101011,4.0,00001101101111101011
16,4.0,00001101101111101011,4.0,00001101101111101011
16,4.0,00001101101111101011,4.0,00001101101111101011
16,4.0,00001101101111101011,4.0,00001101101111101011
16,4.0,00001101101111101011,4.0,00001101101111101011
16,4.0,00001101101111101011,4.0,00001101101111101011
16,4.0,00001101101111101011,4.0,00001101101111101011
16,4.0,00001101101111101011,4.0,00001101101111101011
16,4.0,00001101101111101011,4.0,00001101101111101011
16,4.0,00001101101111101011,4.0,00001101101111101011
16,4.0,00001101101111101011,4.0,00001101101111101011
16,4.0,00001101101111101011,4.0,00001101101111101011
16,4.0,00001101101111101011,4.0,00001101101111101011
16,4.0,00001101101111101011,4.0,00001101101111101011
16,4.0,00001101101111101011,4.0,00001101101111101011
16,4.0,00001101101111101011,4.0,00001101101111101011
16,4.0,00001101101111101011,4.0,00001101101111101011
16,4.0,00001101101111101011,4.0,00001101101111101011
16,4.0,00001101101111101011,4.0,00001101101111101011
16,4.0,00001101101111101011,4.0,00001101101111101011
16,4.0,00001101101111101011,4.0,00001101101111101011
16,4.0,00001101101111101011,4.0,00001101101111101011
16,4.0,00001101101111101011,4.0,00001101101111101011
16,4.0,00001101101111101011,4.0,00001101101111101011
16,4.0,00001101101111101011,4.0,00001101101111101011
16,4.0,00001101101111101011,4.0,00001101101111101011
16,4.0,00001101101111101011,4.0,00001101101111101011
16,4.0,00001101101111101011,4.0,00001101101111101011
16,4.0,00001101101111101011,4.0,00001101101111101011
16,4.0,00001101101111101011,4.0,00001101101111101011
16,4.0,00001101101111101011,4.0,00001101101111101011
16,4.0,00001101101111101011,4.0,00001101101111101011
16,4.0,00001101101111101011,4.0,00001101101111101011
16,4.0,00001101101111101011,4.0,00001101101111101011
16,4.0,00001101101111101011,4.0,00001101101111101011
17,2148.0,10101101011100100101,696.0,10100101001110101000
17,696.0,10100101001110101000,522.0,11100101001010100100
17,522.0,11100101001010100100,484.0,11101101010010110111
17,484.0,11101101010010110111,484.0,11101101010010110111
17,484.0,11101101010010110111,484.0,11101101010010110111
17,484.0,11101101010010110111,448.0,11101111010000110011
17,448.0,11101111010000110011,448.0,11101111010000110011
17,448.0,11101111010000110011,18.0,11100101110110110001
17,18.0,11100101110110110001,18.0,11101001001110010010
17,18.0,11101001001110010010,18.0,11101001001110010010
17,18.0,11101001001110010010,18.0,11101001001110010010
17,18.0,11101001001110010010,18.0,11101001001110010010
17,18.0,11101001001110010010,18.0,11101001001110010010
17,18.0,11101001001110010010,18.0,11101001001110010010
17,18.0,11101001001110010010,18.0,11101001001110010010
17,18.0,11101001001110010010,18.0,11101001001110010010
17,18.0,11101001001110010010,18.0,11101001001110010010
17,18.0,11101001001110010010,18.0,11101001001110010010
17,18.0,11101001001110010010,18.0,11101001001110010010
18,1666.0,11100110001000110100,1084.0,10100110001100110110
18,1084.0,10100110001100110110,212.0,10100111000100110100
18,212.0,10100111000100110100,172.0,10110110000100110100
18,172.0,10110110000100110100,172.0,10110110000100110100
18,172.0,10110110000100110100,148.0,10101010011010110101
18,148.0,10101010011010110101,148.0,10101010011010110101
18,148.0,10101010011010110101,148.0,10101010011010110101
18,148.0,10101010011010110101,148.0,10101010011010110101
18,148.0,10101010011010110101,148.0,10101010011010110101
18,148.0,10101010011010110101,148.0,10101010011010110101
18,148.0,10101010011010110101,148.0,10101010011010110101
18,148.0,10101010011010110101,148.0,10101010011010110101
18,148.0,10101010011010110101,70.0,00100010011110110111
18,70.0,00100010011110110111,50.0,00101100011110111111
18,50.0,00101100011110111111,50.0,00101100011110111111
18,50.0,00101100011110111111,50.0,00101100011110111111
18,50.0,00101100011110111111,50.0,00101100011110111111
18,50.0,00101100011110111111,50.0,00101100011110111111
18,50.0,00101100011110111111,50.0,00101100011110111111
18,50.0,00101100011110111111,50.0,00101100011110111111
18,50.0,00101100011110111111,50.0,00101100011110111111
18,50.0,00101100011110111111,50.0,00101100011110111111
18,50.0,00101100011110111111,50.0,00101100011110111111
18,50.0,00101100011110111111,50.0,00101100011110111111
18,50.0,00101100011110111111,50.0,00101100011110111111
18,50.0,00101100011110111111,50.0,00101100011110111111
18,50.0,00101100011110111111,50.0,00101100011110111111
18,50.0,00101100011110111111,50.0,00101100011110111111
18,50.0,00101100011110111111,12.0,00111000011110011011
18,12.0,00111000011110011011,12.0,00111000011110011011
18,12.0,00111000011110011011,12.0,00111000011110011011
18,12.0,00111000011110011011,12.0,00111000011110011011
18,12.0,00111000011110011011,12.0,00111000011110011011
18,12.0,00111000011110011011,12.0,00111000011110011011
18,12.0,00111000011110011011,12.0,00111000011110011011
18,12.0,00111000011110011011,12.0,00111000011110011011
18,12.0,00111000011110011011,12.0,00111000011110011011
18,12.0,00111000011110011011,12.0,00111000011110011011
18,12.0,00111000011110011011,12.0,00111000011110011011
18,12.0,00111000011110011011,12.0,00111000011110011011
18,12.0,00111000011110011011,12.0,00111000011110011011
18,12.0,00111000011110011011,12.0,00111000011110011011
18,12.0,00111000011110011011,12.0,00111000011110011011
18,12.0,00111000011110011011,12.0,00111000011110011011
18,12.0,00111000011110011011,12.0,00111000011110011011
18,12.0,00111000011110011011,12.0,00111000011110011011
18,12.0,00111000011110011011,12.0,00111000011110011011
18,12.0,00111000011110011011,12.0,00111000011110011011
18,12.0,00111000011110011011,12.0,00111000011110011011
18,12.0,00111000011110011011,12.0,00111000011110011011
18,12.0,00111000011110011011,12.0,00111000011110011011
18,12.0,00111000011110011011,12.0,00111000011110011011
18,12.0,00111000011110011011,12.0,00111000011110011011
18,12.0,00111000011110011011,12.0,00111000011110011011
18,12.0,00111000011110011011,12.0,00111000011110011011
19,688.0,11101100000111111001,682.0,11100100001110111001
19,682.0,11100100001110111001,682.0,11100100001110111001
19,682.0,11100100001110111001,38.0,11001000011110111101
19,38.0,11001000011110111101,38.0,11001000011110111101
19,38.0,11001000011110111101,38.0,11001000011110111101
19,38.0,11001000011110111101,38.0,11001000011110111101
19,38.0,11001000011110111101,2.0,11001110011110100111
19,2.0,11001110011110100111,2.0,11001110011110100111
19,2.0,11001110011110100111,2.0,11001110011110100111
19,2.0,11001110011110100111,2.0,11001110011110100111
19,2.0,11001110011110100111,2.0,11001110011110100111
19,2.0,11001110011110100111,2.0,11001110011110100111
19,2.0,11001110011110100111,2.0,11001110011110100111
19,2.0,11001110011110100111,2.0,11001110011110100111
19,2.0,11001110011110100111,2.0,11001110011110100111
19,2.0,11001110011110100111,2.0,11001110011110100111
19,2.0,11001110011110100111,2.0,11001110011110100111
19,2.0,11001110011110100111,2.0,11001110011110100111
19,2.0,11001110011110100111,2.0,11001110011110100111
19,2.0,11001110011110100111,2.0,11001110011110100111
19,2.0,11001110011110100111,2.0,11001110011110100111
19,2.0,11001110011110100111,2.0,11001110011110100111
19,2.0,11001110011110100111,2.0,11001110011110100111
19,2.0,11001110011110100111,2.0,11001110011110100111
19,2.0,11001110011110100111,2.0,11001110011110100111
19,2.0,11001110011110100111,2.0,11001110011110100111
19,2.0,11001110011110100111,2.0,11001110011110100111
19,2.0,11001110011110100111,2.0,11001110011110100111
19,2.0,11001110011110100111,2.0,11001110011110100111
19,2.0,11001110011110100111,2.0,11001110011110100111
19,2.0,11001110011110100111,2.0,11001110011110100111
19,2.0,11001110011110100111,2.0,11001110011110100111
19,2.0,11001110011110100111,2.0,11001110011110100111
19,2.0,11001110011110100111,2.0,11001110011110100111
19,2.0,11001110011110100111,2.0,11001110011110100111
19,2.0,11001110011110100111,2.0,11001110011110100111
19,2.0,11001110011110100111,2.0,11001110011110100111
19,2.0,11001110011110100111,2.0,11001110011110100111
19,2.0,11001110011110100111,2.0,11001110011110100111
19,2.0,11001110011110100111,2.0,11001110011110100111
19,2.0,11001110011110100111,2.0,11001110011110100111
19,2.0,11001110011110100111,2.0,11001110011110100111
19,2.0,11001110011110100111,2.0,11001110011110100111
19,2.0,11001110011110100111,2.0,11001110011110100111
19,2.0,11001110011110100111,2.0,11001110011110100111
20,422.0,10100001001011000110,376.0,10100101001011010010
20,376.0,10100101001011010010,376.0,10100101001011010010
20,376.0,10100101001011010010,312.0,10111001000011010011
20,312.0,10111001000011010011,312.0,10111001000011010011
20,312.0,10111001000011010011,312.0,10111001000011010011
20,312.0,10111001000011010011,312.0,10111001000011010011
20,312.0,10111001000011010011,312.0,10111001000011010011
20,312.0,10111001000011010011,312.0,10111001000011010011
20,312.0,10111001000011010011,312.0,10111001000011010011
20,312.0,10111001000011010011,312.0,10111001000011010011
20,312.0,10111001000011010011,312.0,10111001000011010011
20,312.0,10111001000011010011,170.0,10110110000111000011
20,170.0,10110110000111000011,170.0,10110110000111000011
20,170.0,10110110000111000011,170.0,10110110000111000011
20,170.0,10110110000111000011,16.0,10011110010111010011
20,16.0,10011110010111010011,14.0,10111010110011000010
20,14.0,10111010110011000010,14.0,10111010110011000010
20,14.0,10111010110011000010,14.0,10111010110011000010
20,14.0,10111010110011000010,2.0,10110010001001000010
20,2.0,10110010001001000010,2.0,10110010001001000010
20,2.0,10110010001001000010,2.0,10110010001001000010
20,2.0,10110010001001000010,2.0,10110010001001000010
20,2.0,10110010001001000010,2.0,10110010001001000010
20,2.0,10110010001001000010,2.0,10110010001001000010
20,2.0,10110010001001000010,2.0,10110010001001000010
20,2.0,10110010001001000010,2.0,10110010001001000010
20,2.0,10110010001001000010,2.0,10110010001001000010
20,2.0,10110010001001000010,2.0,10110010001001000010
20,2.0,10110010001001000010,2.0,10110010001001000010
20,2.0,10110010001001000010,2.0,10110010001001000010
20,2.0,10110010001001000010,2.0,10110010001001000010
20,2.0,10110010001001000010,2.0,10110010001001000010
20,2.0,10110010001001000010,2.0,10110010001001000010
20,2.0,10110010001001000010,2.0,10110010001001000010
20,2.0,10110010001001000010,2.0,10110010001001000010
20,2.0,10110010001001000010,2.0,10110010001001000010
20,2.0,10110010001001000010,2.0,10110010001001000010
20,2.0,10110010001001000010,2.0,10110010001001000010
20,2.0,10110010001001000010,2.0,10110010001001000010
20,2.0,10110010001001000010,2.0,10110010001001000010
20,2.0,10110010001001000010,2.0,10110010001001000010
20,2.0,10110010001001000010,2.0,10110010001001000010
20,2.0,10110010001001000010,2.0,10110010001001000010
20,2.0,10110010001001000010,2.0,10110010001001000010
20,2.0,10110010001001000010,2.0,10110010001001000010
20,2.0,10110010001001000010,2.0,10110010001001000010
20,2.0,10110010001001000010,2.0,10110010001001000010
20,2.0,10110010001001000010,2.0,10110010001001000010
20,2.0,10110010001001000010,2.0,10110010001001000010
20,2.0,10110010001001000010,2.0,10110010001001000010
20,2.0,10110010001001000010,2.0,10110010001001000010
20,2.0,10110010001001000010,2.0,10110010001001000010
20,2.0,10110010001001000010,2.0,10110010001001000010
20,2.0,10110010001001000010,2.0,10110010001001000010
20,2.0,10110010001001000010,2.0,10110010001001000010
20,2.0,10110010001001000010,2.0,10110010001001000010
20,2.0,10110010001001000010,2.0,10110010001001000010
20,2.0,10110010001001000010,2.0,10110010001001000010
20,2.0,10110010001001000010,2.0,10110010001001000010
20,2.0,10110010001001000010,2.0,10110010001001000010
20,2.0,10110010001001000010,2.0,10110010001001000010
20,2.0,10110010001001000010,2.0,10110010001001000010
20,2.0,10110010001001000010,2.0,10110010001001000010
20,2.0,10110010001001000010,2.0,10110010001001000010
20,2.0,10110010001001000010,2.0,10110010001001000010
20,2.0,10110010001001000010,2.0,10110010001001000010
20,2.0,10110010001001000010,2.0,10110010001001000010
20,2.0,10110010001001000010,2.0,10110010001001000010
21,2534.0,11011000111000111010,440.0,01110000111000011010
21,440.0,01110000111000011010,224.0,00100010111110011001
21,224.0,00100010111110011001,224.0,00100010111110011001
21,224.0,00100010111110011001,224.0,00100010111110011001
21,224.0,00100010111110011001,224.0,00100010111110011001
21,224.0,00100010111110011001,224.0,00100010111110011001
21,224.0,00100010111110011001,224.0,00100010111110011001
21,224.0,00100010111110011001,92.0,00110100111100011001
21,92.0,00110100111100011001,92.0,00110100111100011001
21,92.0,00110100111100011001,92.0,00110100111100011001
21,92.0,00110100111100011001,92.0,00110100111100011001
21,92.0,00110100111100011001,92.0,00110100111100011001
21,92.0,00110100111100011001,92.0,00110100111100011001
21,92.0,00110100111100011001,92.0,00110100111100011001
21,92.0,00110100111100011001,92.0,00110100111100011001
21,92.0,00110100111100011001,86.0,00101110011100111011
21,86.0,00101110011100111011,86.0,00101110011100111011
21,86.0,00101110011100111011,86.0,00101110011100111011
21,86.0,00101110011100111011,80.0,00100110011001011000
21,80.0,00100110011001011000,80.0,00100110011001011000
21,80.0,00100110011001011000,80.0,00100110011001011000
21,80.0,00100110011001011000,80.0,00100110011001011000
21,80.0,00100110011001011000,80.0,00100110011001011000
21,80.0,00100110011001011000,80.0,00100110011001011000
21,80.0,00100110011001011000,80.0,00100110011001011000
21,80.0,00100110011001011000,80.0,00100110011001011000
21,80.0,00100110011001011000,80.0,00100110011001011000
21,80.0,00100110011001011000,80.0,00100110011001011000
21,80.0,00100110011001011000,80.0,00100110011001011000
21,80.0,00100110011001011000,80.0,00100110011001011000
21,80.0,00100110011001011000,36.0,00000111011101010001
21,36.0,00000111011101010001,36.0,00000111011101010001
21,36.0,00000111011101010001,36.0,00000111011101010001
21,36.0,00000111011101010001,36.0,00000111011101010001
21,36.0,00000111011101010001,36.0,00000111011101010001
21,36.0,00000111011101010001,36.0,00000111011101010001
21,36.0,00000111011101010001,36.0,00000111011101010001
21,36.0,00000111011101010001,36.0,00000111011101010001
21,36.0,00000111011101010001,36.0,00000111011101010001
21,36.0,00000111011101010001,36.0,00000111011101010001
21,36.0,00000111011101010001,36.0,00000111011101010001
21,36.0,00000111011101010001,36.0,00000111011101010001
21,36.0,00000111011101010001,36.0,00000111011101010001
21,36.0,00000111011101010001,36.0,00000111011101010001
21,36.0,00000111011101010001,36.0,00000111011101010001
21,36.0,00000111011101010001,36.0,00000111011101010001
21,36.0,00000111011101010001,36.0,00000111011101010001
21,36.0,00000111011101010001,36.0,00000111011101010001
22,530.0,01100001100011001101,480.0,01100011100010001101
22,480.0,01100011100010001101,60.0,00110011000000001111
22,60.0,00110011000000001111,52.0,10110101001000001000
22,52.0,10110101001000001000,52.0,10110101001000001000
22,52.0,10110101001000001000,52.0,10110101001000001000
22,52.0,10110101001000001000,38.0,11110100001000011001
22,38.0,11110100001000011001,38.0,11110100001000011001
22,38.0,11110100001000011001,22.0,10111100001001001010
22,22.0,10111100001001001010,22.0,10111100001001001010
22,22.0,10111100001001001010,22.0,10111100001001001010
22,22.0,10111100001001001010,22.0,10111100001001001010
22,22.0,10111100001001001010,22.0,10111100001001001010
22,22.0,10111100001001001010,22.0,10111100001001001010
22,22.0,10111100001001001010,22.0,10111100001001001010
22,22.0,10111100001001001010,22.0,10111100001001001010
22,22.0,10111100001001001010,22.0,10111100001001001010
22,22.0,10111100001001001010,2.0,10110010001001000010
22,2.0,10110010001001000010,2.0,10110010001001000010
22,2.0,10110010001001000010,2.0,10110010001001000010
22,2.0,10110010001001000010,2.0,10110010001001000010
22,2.0,10110010001001000010,2.0,10110010001001000010
22,2.0,10110010001001000010,2.0,10110010001001000010
22,2.0,10110010001001000010,2.0,10110010001001000010
22,2.0,10110010001001000010,2.0,10110010001001000010
22,2.0,10110010001001000010,2.0,10110010001001000010
22,2.0,10110010001001000010,2.0,10110010001001000010
22,2.0,10110010001001000010,2.0,10110010001001000010
22,2.0,10110010001001000010,2.0,10110010001001000010
22,2.0,10110010001001000010,2.0,10110010001001000010
22,2.0,10110010001001000010,2.0,10110010001001000010
22,2.0,10110010001001000010,2.0,10110010001001000010
22,2.0,10110010001001000010,2.0,10110010001001000010
22,2.0,10110010001001000010,2.0,10110010001001000010
22,2.0,10110010001001000010,2.0,10110010001001000010
22,2.0,10110010001001000010,2.0,10110010001001000010
22,2.0,10110010001001000010,2.0,10110010001001000010
22,2.0,10110010001001000010,2.0,10110010001001000010
22,2.0,10110010001001000010,2.0,10110010001001000010
22,2.0,10110010001001000010,2.0,10110010001001000010
22,2.0,10110010001001000010,2.0,10110010001001000010
22,2.0,10110010001001000010,2.0,10110010001001000010
22,2.0,10110010001001000010,2.0,10110010001001000010
22,2.0,10110010001001000010,2.0,10110010001001000010
22,2.0,10110010001001000010,2.0,10110010001001000010
22,2.0,10110010001001000010,2.0,10110010001001000010
22,2.0,10110010001001000010,2.0,10110010001001000010
22,2.0,10110010001001000010,2.0,10110010001001000010
22,2.0,10110010001001000010,2.0,10110010001001000010
22,2.0,10110010001001000010,2.0,10110010001001000010
22,2.0,10110010001001000010,2.0,10110010001001000010
22,2.0,10110010001001000010,2.0,10110010001001000010
22,2.0,10110010001001000010,2.0,10110010001001000010
22,2.0,10110010001001000010,2.0,10110010001001000010
22,2.0,10110010001001000010,2.0,10110010001001000010
22,2.0,10110010001001000010,2.0,10110010001001000010
22,2.0,10110010001001000010,2.0,10110010001001000010
22,2.0,10110010001001000010,2.0,10110010001001000010
22,2.0,10110010001001000010,2.0,10110010001001000010
22,2.0,10110010001001000010,2.0,10110010001001000010
22,2.0,10110010001001000010,2.0,10110010001001000010
22,2.0,10110010001001000010,2.0,10110010001001000010
22,2.0,10110010001001000010,2.0,10110010001001000010
22,2.0,10110010001001000010,2.0,10110010001001000010
22,2.0,10110010001001000010,2.0,10110010001001000010
23,6120.0,01011110110100001111,1042.0,00010110110100111101
23,1042.0,00010110110100111101,386.0,01011100110110111101
23,386.0,01011100110110111101,386.0,01011100110110111101
23,386.0,01011100110110111101,378.0,01100110100110011100
23,378.0,01100110100110011100,130.0,01100010100101001100
23,130.0,01100010100101001100,130.0,01100010100101001100
23,130.0,01100010100101001100,16.0,00100011100101001011
23,16.0,00100011100101001011,16.0,00100011100101001011
23,16.0,00100011100101001011,16.0,00100011100101001011
23,16.0,00100011100101001011,16.0,00100011100101001011
23,16.0,00100011100101001011,16.0,00100011100101001011
23,16.0,00100011100101001011,16.0,00100011100101001011
23,16.0,00100011100101001011,16.0,00100011100101001011
23,16.0,00100011100101001011,16.0,00100011100101001011
23,16.0,00100011100101001011,16.0,00100011100101001011
23,16.0,00100011100101001011,16.0,00100011100101001011
23,16.0,00100011100101001011,16.0,00100011100101001011
23,16.0,00100011100101001011,16.0,00100011100101001011
23,16.0,00100011100101001011,16.0,00100011100101001011
23,16.0,00100011100101001011,16.0,00100011100101001011
23,16.0,00100011100101001011,16.0,00100011100101001011
23,16.0,00100011100101001011,16.0,00100011100101001011
23,16.0,00100011100101001011,16.0,00100011100101001011
23,16.0,00100011100101001011,16.0,00100011100101001011
23,16.0,00100011100101001011,16.0,00100011100101001011
23,16.0,00100011100101001011,16.0,00100011100101001011
23,16.0,00100011100101001011,16.0,00100011100101001011
23,16.0,00100011100101001011,16.0,00100011100101001011
23,16.0,00100011100101001011,16.0,00100011100101001011
23,16.0,00100011100101001011,16.0,00100011100101001011
23,16.0,00100011100101001011,16.0,00100011100101001011
23,16.0,00100011100101001011,16.0,00100011100101001011
23,16.0,00100011100101001011,16.0,00100011100101001011
23,16.0,00100011100101001011,16.0,00100011100101001011
23,16.0,00100011100101001011,16.0,00100011100101001011
24,34.0,10100011101000110000,34.0,10100011101000110000
24,34.0,10100011101000110000,34.0,10100011101000110000
24,34.0,10100011101000110000,14.0,10101101101000111000
24,14.0,10101101101000111000,14.0,10101101101000111000
24,14.0,10101101101000111000,14.0,10101101101000111000
24,14.0,10101101101000111000,14.0,10101101101000111000
24,14.0,10101101101000111000,14.0,10101101101000111000
24,14.0,10101101101000111000,14.0,10101101101000111000
24,14.0,10101101101000111000,14.0,10101101101000111000
24,14.0,10101101101000111000,14.0,10101101101000111000
24,14.0,10101101101000111000,2.0,10100001101010110100
24,2.0,10100001101010110100,2.0,10100001101010110100
24,2.0,10100001101010110100,2.0,10100001101010110100
24,2.0,10100001101010110100,2.0,10100001101010110100
24,2.0,10100001101010110100,2.0,10100001101010110100
24,2.0,10100001101010110100,2.0,10100001101010110100
24,2.0,10100001101010110100,2.0,10100001101010110100
24,2.0,10100001101010110100,2.0,10100001101010110100
24,2.0,10100001101010110100,2.0,10100001101010110100
24,2.0,10100001101010110100,2.0,10100001101010110100
24,2.0,10100001101010110100,2.0,10100001101010110100
24,2.0,10100001101010110100,2.0,10100001101010110100
24,2.0,10100001101010110100,2.0,10100001101010110100
24,2.0,10100001101010110100,2.0,10100001101010110100
24,2.0,10100001101010110100,2.0,10100001101010110100
24,2.0,10100001101010110100,2.0,10100001101010110100
24,2.0,10100001101010110100,2.0,10100001101010110100
24,2.0,10100001101010110100,2.0,10100001101010110100
24,2.0,10100001101010110100,2.0,10100001101010110100
24,2.0,10100001101010110100,2.0,10100001101010110100
24,2.0,10100001101010110100,2.0,10100001101010110100
24,2.0,10100001101010110100,2.0,10100001101010110100
24,2.0,10100001101010110100,2.0,10100001101010110100
24,2.0,10100001101010110100,2.0,10100001101010110100
24,2.0,10100001101010110100,2.0,10100001101010110100
24,2.0,10100001101010110100,2.0,10100001101010110100
24,2.0,10100001101010110100,2.0,10100001101010110100
24,2.0,10100001101010110100,2.0,10100001101010110100
24,2.0,10100001101010110100,2.0,10100001101010110100
24,2.0,10100001101010110100,2.0,10100001101010110100
24,2.0,10100001101010110100,2.0,10100001101010110100
24,2.0,10100001101010110100,2.0,10100001101010110100
24,2.0,10100001101010110100,2.0,10100001101010110100
24,2.0,10100001101010110100,2.0,10100001101010110100
24,2.0,10100001101010110100,2.0,10100001101010110100
24,2.0,10100001101010110100,2.0,10100001101010110100
24,2.0,10100001101010110100,2.0,10100001101010110100
24,2.0,10100001101010110100,2.0,10100001101010110100
24,2.0,10100001101010110100,2.0,10100001101010110100
24,2.0,10100001101010110100,2.0,10100001101010110100
24,2.0,10100001101010110100,2.0,10100001101010110100
24,2.0,10100001101010110100,2.0,10100001101010110100
24,2.0,10100001101010110100,2.0,10100001101010110100
24,2.0,10100001101010110100,2.0,10100001101010110100
24,2.0,10100001101010110100,2.0,10100001101010110100
25,136.0,10000111100011010110,136.0,10000111100011010110
25,136.0,10000111100011010110,136.0,10000111100011010110
25,136.0,10000111100011010110,136.0,10000111100011010110
25,136.0,10000111100011010110,136.0,10000111100011010110
25,136.0,10000111100011010110,136.0,10000111100011010110
25,136.0,10000111100011010110,136.0,10000111100011010110
25,136.0,10000111100011010110,136.0,10000111100011010110
25,136.0,10000111100011010110,52.0,11000111110001010010
25,52.0,11000111110001010010,16.0,11000101110011010110
25,16.0,11000101110011010110,16.0,11000101110011010110
25,16.0,11000101110011010110,16.0,11000101110011010110
25,16.0,11000101110011010110,16.0,11000101110011010110
25,16.0,11000101110011010110,16.0,11000101110011010110
25,16.0,11000101110011010110,16.0,11000101110011010110
25,16.0,11000101110011010110,16.0,11000101110011010110
25,16.0,11000101110011010110,16.0,11000101110011010110
25,16.0,11000101110011010110,16.0,11000101110011010110
25,16.0,11000101110011010110,4.0,11100000110111010100
25,4.0,11100000110111010100,4.0,11100000110111010100
25,4.0,11100000110111010100,4.0,11100000110111010100
25,4.0,11100000110111010100,4.0,11100000110111010100
25,4.0,11100000110111010100,4.0,11100000110111010100
25,4.0,11100000110111010100,4.0,11100000110111010100
25,4.0,11100000110111010100,4.0,11100000110111010100
25,4.0,11100000110111010100,4.0,11100000110111010100
25,4.0,11100000110111010100,4.0,11100000110111010100
25,4.0,11100000110111010100,4.0,11100000110111010100
25,4.0,11100000110111010100,4.0,11100000110111010100
25,4.0,11100000110111010100,4.0,11100000110111010100
25,4.0,11100000110111010100,4.0,11100000110111010100
25,4.0,11100000110111010100,4.0,11100000110111010100
25,4.0,11100000110111010100,4.0,11100000110111010100
25,4.0,11100000110111010100,4.0,11100000110111010100
25,4.0,11100000110111010100,4.0,11100000110111010100
25,4.0,11100000110111010100,4.0,11100000110111010100
25,4.0,11100000110111010100,4.0,11100000110111010100
25,4.0,11100000110111010100,4.0,11100000110111010100
25,4.0,11100000110111010100,4.0,11100000110111010100
25,4.0,11100000110111010100,4.0,11100000110111010100
25,4.0,11100000110111010100,4.0,11100000110111010100
25,4.0,11100000110111010100,4.0,11100000110111010100
25,4.0,11100000110111010100,4.0,11100000110111010100
25,4.0,11100000110111010100,4.0,11100000110111010100
25,4.0,11100000110111010100,4.0,11100000110111010100
25,4.0,11100000110111010100,4.0,11100000110111010100
25,4.0,11100000110111010100,4.0,11100000110111010100
25,4.0,11100000110111010100,4.0,11100000110111010100
25,4.0,11100000110111010100,4.0,11100000110111010100
25,4.0,11100000110111010100,4.0,11100000110111010100
25,4.0,11100000110111010100,4.0,11100000110111010100
25,4.0,11100000110111010100,4.0,11100000110111010100
25,4.0,11100000110111010100,4.0,11100000110111010100
25,4.0,11100000110111010100,4.0,11100000110111010100
25,4.0,11100000110111010100,4.0,11100000110111010100
25,4.0,11100000110111010100,4.0,11100000110111010100
25,4.0,11100000110111010100,4.0,11100000110111010100
25,4.0,11100000110111010100,4.0,11100000110111010100
25,4.0,11100000110111010100,4.0,11100000110111010100
25,4.0,11100000110111010100,4.0,11100000110111010100
26,1664.0,00000011111010110110,1106.0,00000111111011100010
26,1106.0,00000111111011100010,1106.0,00000111111011100010
26,1106.0,00000111111011100010,1106.0,00000111111011100010
26,1106.0,00000111111011100010,1106.0,00000111111011100010
26,1106.0,00000111111011100010,294.0,01000010111011100111
26,294.0,01000010111011100111,294.0,01000010111011100111
26,294.0,01000010111011100111,162.0,00000110011011101110
26,162.0,00000110011011101110,162.0,00000110011011101110
26,162.0,00000110011011101110,62.0,00001010111011111010
26,62.0,00001010111011111010,62.0,00001010111011111010
26,62.0,00001010111011111010,62.0,00001010111011111010
26,62.0,00001010111011111010,60.0,00011010101011001011
26,60.0,00011010101011001011,60.0,00011010101011001011
26,60.0,00011010101011001011,60.0,00011010101011001011
26,60.0,00011010101011001011,60.0,00011010101011001011
26,60.0,00011010101011001011,60.0,00011010101011001011
26,60.0,00011010101011001011,60.0,00011010101011001011
26,60.0,00011010101011001011,60.0,00011010101011001011
26,60.0,00011010101011001011,60.0,00011010101011001011
26,60.0,00011010101011001011,60.0,00011010101011001011
26,60.0,00011010101011001011,60.0,00011010101011001011
26,60.0,00011010101011001011,60.0,00011010101011001011
26,60.0,00011010101011001011,60.0,00011010101011001011
26,60.0,00011010101011001011,60.0,00011010101011001011
26,60.0,00011010101011001011,60.0,00011010101011001011
26,60.0,00011010101011001011,60.0,00011010101011001011
26,60.0,00011010101011001011,60.0,00011010101011001011
26,60.0,00011010101011001011,60.0,00011010101011001011
26,60.0,00011010101011001011,60.0,00011010101011001011
26,60.0,00011010101011001011,60.0,00011010101011001011
26,60.0,00011010101011001011,18.0,00011010001001001110
26,18.0,00011010001001001110,18.0,00011010001001001110
26,18.0,00011010001001001110,18.0,00011010001001001110
26,18.0,00011010001001001110,18.0,00011010001001001110
26,18.0,00011010001001001110,18.0,00011010001001001110
26,18.0,00011010001001001110,18.0,00011010001001001110
26,18.0,00011010001001001110,18.0,00011010001001001110
26,18.0,00011010001001001110,18.0,00011010001001001110
26,18.0,00011010001001001110,18.0,00011010001001001110
26,18.0,00011010001001001110,18.0,00011010001001001110
26,18.0,00011010001001001110,18.0,00011010001001001110
26,18.0,00011010001001001110,18.0,00011010001001001110
26,18.0,00011010001001001110,18.0,00011010001001001110
26,18.0,00011010001001001110,18.0,00011010001001001110
26,18.0,00011010001001001110,18.0,00011010001001001110
26,18.0,00011010001001001110,18.0,00011010001001001110
26,18.0,00011010001001001110,18.0,00011010001001001110
26,18.0,00011010001001001110,18.0,00011010001001001110
26,18.0,00011010001001001110,18.0,00011010001001001110
26,18.0,00011010001001001110,18.0,00011010001001001110
26,18.0,00011010001001001110,18.0,00011010001001001110
26,18.0,00011010001001001110,18.0,00011010001001001110
26,18.0,00011010001001001110,18.0,00011010001001001110
26,18.0,00011010001001001110,18.0,00011010001001001110
26,18.0,00011010001001001110,18.0,00011010001001001110
26,18.0,00011010001001001110,18.0,00011010001001001110
26,18.0,00011010001001001110,18.0,00011010001001001110
26,18.0,00011010001001001110,18.0,00011010001001001110
26,18.0,00011010001001001110,18.0,00011010001001001110
26,18.0,00011010001001001110,18.0,00011010001001001110
26,18.0,00011010001001001110,18.0,00011010001001001110
26,18.0,00011010001001001110,18.0,00011010001001001110
27,1066.0,00111110011000101000,866.0,00010010001001111000
27,866.0,00010010001001111000,866.0,00010010001001111000
27,866.0,00010010001001111000,854.0,00010111001000011000
27,854.0,00010111001000011000,266.0,00011110001010011110
27,266.0,00011110001010011110,266.0,00011110001010011110
27,266.0,00011110001010011110,266.0,00011110001010011110
27,266.0,00011110001010011110,266.0,00011110001010011110
27,266.0,00011110001010011110,266.0,00011110001010011110
27,266.0,00011110001010011110,266.0,00011110001010011110
27,266.0,00011110001010011110,266.0,00011110001010011110
27,266.0,00011110001010011110,266.0,00011110001010011110
27,266.0,00011110001010011110,266.0,00011110001010011110
27,266.0,00011110001010011110,266.0,00011110001010011110
27,266.0,00011110001010011110,266.0,00011110001010011110
27,266.0,00011110001010011110,266.0,00011110001010011110
27,266.0,00011110001010011110,18.0,00011010001001001110
27,18.0,00011010001001001110,18.0,00011010001001001110
27,18.0,00011010001001001110,18.0,00011010001001001110
27,18.0,00011010001001001110,18.0,00011010001001001110
27,18.0,00011010001001001110,18.0,00011010001001001110
27,18.0,00011010001001001110,18.0,00011010001001001110
27,18.0,00011010001001001110,18.0,00011010001001001110
27,18.0,00011010001001001110,18.0,00011010001001001110
27,18.0,00011010001001001110,18.0,00011010001001001110
27,18.0,00011010001001001110,18.0,00011010001001001110
27,18.0,00011010001001001110,18.0,00011010001001001110
27,18.0,00011010001001001110,18.0,00011010001001001110
27,18.0,00011010001001001110,18.0,00011010001001001110
27,18.0,00011010001001001110,18.0,00011010001001001110
27,18.0,00011010001001001110,18.0,00011010001001001110
27,18.0,00011010001001001110,18.0,00011010001001001110
27,18.0,00011010001001001110,18.0,00011010001001001110
27,18.0,00011010001001001110,18.0,00011010001001001110
27,18.0,00011010001001001110,18.0,00011010001001001110
27,18.0,00011010001001001110,18.0,00011010001001001110
27,18.0,00011010001001001110,18.0,00011010001001001110
27,18.0,00011010001001001110,18.0,00011010001001001110
27,18.0,00011010001001001110,18.0,00011010001001001110
27,18.0,00011010001001001110,18.0,00011010001001001110
27,18.0,00011010001001001110,18.0,00011010001001001110
27,18.0,00011010001001001110,18.0,00011010001001001110
27,18.0,00011010001001001110,18.0,00011010001001001110
27,18.0,00011010001001001110,18.0,00011010001001001110
27,18.0,00011010001001001110,18.0,00011010001001001110
27,18.0,00011010001001001110,18.0,00011010001001001110
27,18.0,00011010001001001110,18.0,00011010001001001110
27,18.0,00011010001001001110,18.0,00011010001001001110
27,18.0,00011010001001001110,18.0,00011010001001001110
27,18.0,00011010001001001110,18.0,00011010001001001110
27,18.0,00011010001001001110,18.0,00011010001001001110
27,18.0,00011010001001001110,18.0,00011010001001001110
27,18.0,00011010001001001110,18.0,00011010001001001110
27,18.0,00011010001001001110,18.0,00011010001001001110
27,18.0,00011010001001001110,18.0,00011010001001001110
27,18.0,00011010001001001110,18.0,00011010001001001110
27,18.0,00011010001001001110,18.0,00011010001001001110
28,22802.0,11100001101001100000,2266.0,11101001100101000100
28,2266.0,11101001100101000100,1300.0,11100011000101000001
28,1300.0,11100011000101000001,1280.0,11101101000101001001
28,1280.0,11101101000101001001,270.0,11101111000100001001
28,270.0,11101111000100001001,270.0,11101111000100001001
28,270.0,11101111000100001001,180.0,01001111001110001011
28,180.0,01001111001110001011,68.0,11000111001000101011
28,68.0,11000111001000101011,68.0,11000111001000101011
28,68.0,11000111001000101011,68.0,11000111001000101011
28,68.0,11000111001000101011,68.0,11000111001000101011
28,68.0,11000111001000101011,68.0,11000111001000101011
28,68.0,11000111001000101011,4.0,00011111001000101011
28,4.0,00011111001000101011,4.0,00011111001000101011
28,4.0,00011111001000101011,4.0,00011111001000101011
28,4.0,00011111001000101011,4.0,00011111001000101011
28,4.0,00011111001000101011,4.0,00011111001000101011
28,4.0,00011111001000101011,4.0,00011111001000101011
28,4.0,00011111001000101011,4.0,00011111001000101011
28,4.0,00011111001000101011,4.0,00011111001000101011
28,4.0,00011111001000101011,4.0,00011111001000101011
28,4.0,00011111001000101011,4.0,00011111001000101011
28,4.0,00011111001000101011,4.0,00011111001000101011
28,4.0,00011111001000101011,4.0,00011111001000101011
28,4.0,00011111001000101011,4.0,00011111001000101011
28,4.0,00011111001000101011,4.0,00011111001000101011
28,4.0,00011111001000101011,4.0,00011111001000101011
28,4.0,00011111001000101011,4.0,00011111001000101011
28,4.0,00011111001000101011,4.0,00011111001000101011
28,4.0,00011111001000101011,4.0,00011111001000101011
28,4.0,00011111001000101011,4.0,00011111001000101011
28,4.0,00011111001000101011,4.0,00011111001000101011
28,4.0,00011111001000101011,4.0,00011111001000101011
28,4.0,00011111001000101011,4.0,00011111001000101011
28,4.0,00011111001000101011,4.0,00011111001000101011
28,4.0,00011111001000101011,4.0,00011111001000101011
28,4.0,00011111001000101011,4.0,00011111001000101011
28,4.0,00011111001000101011,4.0,00011111001000101011
28,4.0,00011111001000101011,4.0,00011111001000101011
28,4.0,00011111001000101011,4.0,00011111001000101011
28,4.0,00011111001000101011,4.0,00011111001000101011
28,4.0,00011111001000101011,4.0,00011111001000101011
28,4.0,00011111001000101011,4.0,00011111001000101011
28,4.0,00011111001000101011,4.0,00011111001000101011
28,4.0,00011111001000101011,4.0,00011111001000101011
28,4.0,00011111001000101011,4.0,00011111001000101011
28,4.0,00011111001000101011,4.0,00011111001000101011
28,4.0,00011111001000101011,4.0,00011111001000101011
28,4.0,00011111001000101011,4.0,00011111001000101011
28,4.0,00011111001000101011,4.0,00011111001000101011
28,4.0,00011111001000101011,4.0,00011111001000101011
28,4.0,00011111001000101011,4.0,00011111001000101011
28,4.0,00011111001000101011,4.0,00011111001000101011
28,4.0,00011111001000101011,4.0,00011111001000101011
28,4.0,00011111001000101011,4.0,00011111001000101011
28,4.0,00011111001000101011,4.0,00011111001000101011
28,4.0,00011111001000101011,4.0,00011111001000101011
28,4.0,00011111001000101011,0.0,01010110011010101000
28,0.0,01010110011010101000,0.0,01010110011010101000
28,0.0,01010110011010101000,0.0,01010110011010101000
28,0.0,01010110011010101000,0.0,01010110011010101000
28,0.0,01010110011010101000,0.0,01010110011010101000
28,0.0,01010110011010101000,0.0,01010110011010101000
28,0.0,01010110011010101000,0.0,01010110011010101000
28,0.0,01010110011010101000,0.0,01010110011010101000
28,0.0,01010110011010101000,0.0,01010110011010101000
28,0.0,01010110011010101000,0.0,01010110011010101000
28,0.0,01010110011010101000,0.0,01010110011010101000
28,0.0,01010110011010101000,0.0,01010110011010101000
28,0.0,01010110011010101000,0.0,01010110011010101000
28,0.0,01010110011010101000,0.0,01010110011010101000
28,0.0,01010110011010101000,0.0,01010110011010101000
28,0.0,01010110011010101000,0.0,01010110011010101000
28,0.0,01010110011010101000,0.0,01010110011010101000
28,0.0,01010110011010101000,0.0,01010110011010101000
28,0.0,01010110011010101000,0.0,01010110011010101000
28,0.0,01010110011010101000,0.0,01010110011010101000
28,0.0,01010110011010101000,0.0,01010110011010101000
28,0.0,01010110011010101000,0.0,01010110011010101000
28,0.0,01010110011010101000,0.0,01010110011010101000
28,0.0,01010110011010101000,0.0,01010110011010101000
28,0.0,01010110011010101000,0.0,01010110011010101000
29,1020.0,01000101111011001000,458.0,01001110011011101010
29,458.0,01001110011011101010,384.0,01000111011010101000
29,384.0,01000111011010101000,68.0,11000111001000101011
29,68.0,11000111001000101011,68.0,11000111001000101011
29,68.0,11000111001000101011,52.0,11001111110010101011
29,52.0,11001111110010101011,52.0,11001111110010101011
29,52.0,11001111110010101011,52.0,11001111110010101011
29,52.0,11001111110010101011,52.0,11001111110010101011
29,52.0,11001111110010101011,52.0,11001111110010101011
29,52.0,11001111110010101011,52.0,11001111110010101011
29,52.0,11001111110010101011,20.0,00100111110010001110
29,20.0,00100111110010001110,20.0,00100111110010001110
29,20.0,00100111110010001110,20.0,00100111110010001110
29,20.0,00100111110010001110,20.0,00100111110010001110
29,20.0,00100111110010001110,20.0,00100111110010001110
29,20.0,00100111110010001110,20.0,00100111110010001110
29,20.0,00100111110010001110,20.0,00100111110010001110
29,20.0,00100111110010001110,20.0,00100111110010001110
29,20.0,00100111110010001110,20.0,00100111110010001110
29,20.0,00100111110010001110,20.0,00100111110010001110
29,20.0,00100111110010001110,20.0,00100111110010001110
29,20.0,00100111110010001110,20.0,00100111110010001110
29,20.0,00100111110010001110,20.0,00100111110010001110
29,20.0,00100111110010001110,20.0,00100111110010001110
29,20.0,00100111110010001110,20.0,00100111110010001110
29,20.0,00100111110010001110,20.0,00100111110010001110
29,20.0,00100111110010001110,20.0,00100111110010001110
29,20.0,00100111110010001110,20.0,00100111110010001110
29,20.0,00100111110010001110,20.0,00100111110010001110
29,20.0,00100111110010001110,20.0,00100111110010001110
29,20.0,00100111110010001110,20.0,00100111110010001110
29,20.0,00100111110010001110,20.0,00100111110010001110
29,20.0,00100111110010001110,20.0,00100111110010001110
29,20.0,00100111110010001110,20.0,00100111110010001110
29,20.0,00100111110010001110,20.0,00100111110010001110
29,20.0,00100111110010001110,20.0,00100111110010001110
29,20.0,00100111110010001110,20.0,00100111110010001110
29,20.0,00100111110010001110,20.0,00100111110010001110
29,20.0,00100111110010001110,20.0,00100111110010001110
29,20.0,00100111110010001110,20.0,00100111110010001110
29,20.0,00100111110010001110,20.0,00100111110010001110
29,20.0,00100111110010001110,20.0,00100111110010001110
29,20.0,00100111110010001110,20.0,00100111110010001110
29,20.0,00100111110010001110,20.0,00100111110010001110
29,20.0,00100111110010001110,20.0,00100111110010001110
29,20.0,00100111110010001110,20.0,00100111110010001110
29,20.0,00100111110010001110,20.0,00100111110010001110
29,20.0,00100111110010001110,20.0,00100011110010111011
29,20.0,00100011110010111011,20.0,00100011110010111011
29,20.0,00100011110010111011,20.0,00100011110010111011
29,20.0,00100011110010111011,20.0,00100011110010111011
29,20.0,00100011110010111011,20.0,00100111110010001110
29,20.0,00100111110010001110,20.0,00100111110010001110
29,20.0,00100111110010001110,20.0,00100111110010001110
30,10710.0,10000011010001101100,2720.0,10101011010000101100
30,2720.0,10101011010000101100,2124.0,10101010010100111111
30,2124.0,10101010010100111111,556.0,10100010110110101101
30,556.0,10100010110110101101,556.0,10100010110110101101
30,556.0,10100010110110101101,556.0,10100010110110101101
30,556.0,10100010110110101101,184.0,10000111100110101100
30,184.0,10000111100110101100,110.0,10001110100111101110
30,110.0,10001110100111101110,110.0,10001110100111101110
30,110.0,10001110100111101110,110.0,10001110100111101110
30,110.0,10001110100111101110,110.0,10001110100111101110
30,110.0,10001110100111101110,110.0,10001110100111101110
30,110.0,10001110100111101110,110.0,10001110100111101110
30,110.0,10001110100111101110,110.0,10001110100111101110
30,110.0,10001110100111101110,110.0,10001110100111101110
30,110.0,10001110100111101110,110.0,10001110100111101110
30,110.0,10001110100111101110,110.0,10001110100111101110
30,110.0,10001110100111101110,110.0,10001110100111101110
30,110.0,10001110100111101110,110.0,10001110100111101110
30,110.0,10001110100111101110,110.0,10001110100111101110
30,110.0,10001110100111101110,110.0,10001110100111101110
30,110.0,10001110100111101110,110.0,10001110100111101110
30,110.0,10001110100111101110,110.0,10001110100111101110
30,110.0,10001110100111101110,110.0,10001110100111101110
30,110.0,10001110100111101110,110.0,10001110100111101110
30,110.0,10001110100111101110,110.0,10001110100111101110
30,110.0,10001110100111101110,110.0,10001110100111101110
30,110.0,10001110100111101110,110.0,10001110100111101110
30,110.0,10001110100111101110,110.0,10001110100111101110
30,110.0,10001110100111101110,110.0,10001110100111101110
30,110.0,10001110100111101110,110.0,10001110100111101110
30,110.0,10001110100111101110,110.0,10001110100111101110
30,110.0,10001110100111101110,110.0,10001110100111101110
30,110.0,10001110100111101110,110.0,10001110100111101110
30,110.0,10001110100111101110,110.0,10001110100111101110
30,110.0,10001110100111101110,110.0,10001110100111101110
30,110.0,10001110100111101110,110.0,10001110100111101110
30,110.0,10001110100111101110,110.0,10001110100111101110
31,14796.0,00101110110100111111,8654.0,00101010100101011101
31,8654.0,00101010100101011101,2136.0,00100010100101011111
31,2136.0,00100010100101011111,1368.0,00100010000111011110
31,1368.0,00100010000111011110,794.0,10101010100111101001
31,794.0,10101010100111101001,350.0,11001010100111011011
31,350.0,11001010100111011011,350.0,11001010100111011011
31,350.0,11001010100111011011,324.0,11000100101111101011
31,324.0,11000100101111101011,324.0,11000100101111101011
31,324.0,11000100101111101011,324.0,11000100101111101011
31,324.0,11000100101111101011,324.0,11000100101111101011
31,324.0,11000100101111101011,220.0,11000001101100111000
31,220.0,11000001101100111000,220.0,11000001101100111000
31,220.0,11000001101100111000,220.0,11000001101100111000
31,220.0,11000001101100111000,146.0,11001000101101111010
31,146.0,11001000101101111010,146.0,11001000101101111010
31,146.0,11001000101101111010,146.0,11001000101101111010
31,146.0,11001000101101111010,110.0,01001100101111101100
31,110.0,01001100101111101100,88.0,01001100001101111111
31,88.0,01001100001101111111,88.0,01001100001101111111
31,88.0,01001100001101111111,88.0,01001100001101111111
31,88.0,01001100001101111111,88.0,01001100001101111111
31,88.0,01001100001101111111,88.0,01001100001101111111
31,88.0,01001100001101111111,74.0,00001101001101101110
31,74.0,00001101001101101110,74.0,00001101001101101110
31,74.0,00001101001101101110,74.0,00001101001101101110
31,74.0,00001101001101101110,74.0,00001101001101101110
31,74.0,00001101001101101110,74.0,00001101001101101110
31,74.0,00001101001101101110,74.0,00001101001101101110
31,74.0,00001101001101101110,44.0,00000101011111101010
31,44.0,00000101011111101010,44.0,00000101011111101010
31,44.0,00000101011111101010,44.0,00000101011111101010
31,44.0,00000101011111101010,4.0,00001101101111101011
31,4.0,00001101101111101011,4.0,00001101101111101011
31,4.0,00001101101111101011,4.0,00001101101111101011
31,4.0,00001101101111101011,4.0,00001101101111101011
31,4.0,00001101101111101011,4.0,00001101101111101011
31,4.0,00001101101111101011,4.0,00001101101111101011
31,4.0,00001101101111101011,4.0,00001101101111101011
31,4.0,00001101101111101011,4.0,00001101101111101011
31,4.0,00001101101111101011,4.0,00001101101111101011
31,4.0,00001101101111101011,4.0,00001101101111101011
31,4.0,00001101101111101011,4.0,00001101101111101011
31,4.0,00001101101111101011,4.0,00001101101111101011
31,4.0,00001101101111101011,4.0,00001101101111101011
31,4.0,00001101101111101011,4.0,00001101101111101011
31,4.0,00001101101111101011,4.0,00001101101111101011
31,4.0,00001101101111101011,4.0,00001101101111101011
31,4.0,00001101101111101011,4.0,00001101101111101011
31,4.0,00001101101111101011,4.0,00001101101111101011
31,4.0,00001101101111101011,4.0,00001101101111101011
31,4.0,00001101101111101011,4.0,00001101101111101011
31,4.0,00001101101111101011,4.0,00001101101111101011
31,4.0,00001101101111101011,4.0,00001101101111101011
31,4.0,00001101101111101011,4.0,00001101101111101011
31,4.0,00001101101111101011,4.0,00001101101111101011
31,4.0,00001101101111101011,4.0,00001101101111101011
31,4.0,00001101101111101011,4.0,00001101101111101011
31,4.0,00001101101111101011,4.0,00001101101111101011
31,4.0,00001101101111101011,4.0,00001101101111101011
31,4.0,00001101101111101011,4.0,00001101101111101011
31,4.0,00001101101111101011,4.0,00001101101111101011
31,4.0,00001101101111101011,4.0,00001101101111101011
31,4.0,00001101101111101011,4.0,00001101101111101011
31,4.0,00001101101111101011,4.0,00001101101111101011
31,4.0,00001101101111101011,4.0,00001101101111101011
31,4.0,00001101101111101011,4.0,00001101101111101011
31,4.0,00001101101111101011,4.0,00001101101111101011
31,4.0,00001101101111101011,4.0,00001101101111101011
31,4.0,00001101101111101011,4.0,00001101101111101011
31,4.0,00001101101111101011,4.0,00001101101111101011
31,4.0,00001101101111101011,4.0,00001101101111101011
31,4.0,00001101101111101011,4.0,00001101101111101011
31,4.0,00001101101111101011,4.0,00001101101111101011
31,4.0,00001101101111101011,4.0,00001101101111101011
31,4.0,00001101101111101011,4.0,00001101101111101011
31,4.0,00001101101111101011,4.0,00001101101111101011
31,4.0,00001101101111101011,4.0,00001101101111101011
31,4.0,00001101101111101011,4.0,00001101101111101011
31,4.0,00001101101111101011,4.0,00001101101111101011
31,4.0,00001101101111101011,4.0,00001101101111101011
31,4.0,00001101101111101011,4.0,00001101101111101011
31,4.0,00001101101111101011,4.0,00001101101111101011
32,8328.0,01101010001010101101,5476.0,01110000001010101100
32,5476.0,01110000001010101100,3674.0,10111100001010110110
32,3674.0,10111100001010110110,720.0,10110100001110100110
32,720.0,10110100001110100110,720.0,10110100001110100110
32,720.0,10110100001110100110,268.0,00110100111110100100
32,268.0,00110100111110100100,268.0,00110100111110100100
32,268.0,00110100111110100100,48.0,10110100101100100111
32,48.0,10110100101100100111,48.0,10110100101100100111
32,48.0,10110100101100100111,48.0,10110100101100100111
32,48.0,10110100101100100111,48.0,10110100101100100111
32,48.0,10110100101100100111,48.0,10110100101100100111
32,48.0,10110100101100100111,48.0,10110100101100100111
32,48.0,10110100101100100111,48.0,10110100101100100111
32,48.0,10110100101100100111,30.0,00111100101111100000
32,30.0,00111100101111100000,30.0,00111100101111100000
32,30.0,00111100101111100000,30.0,00111100101111100000
32,30.0,00111100101111100000,30.0,00111100101111100000
32,30.0,00111100101111100000,30.0,00111100101111100000
32,30.0,00111100101111100000,30.0,00111100101111100000
32,30.0,00111100101111100000,30.0,00111100101111100000
32,30.0,00111100101111100000,30.0,00111100101111100000
32,30.0,00111100101111100000,30.0,00111100101111100000
32,30.0,00111100101111100000,30.0,00111100101111100000
32,30.0,00111100101111100000,30.0,00111100101111100000
32,30.0,00111100101111100000,30.0,00111100101111100000
32,30.0,00111100101111100000,30.0,00111100101111100000
32,30.0,00111100101111100000,30.0,00111100101111100000
32,30.0,00111100101111100000,30.0,00111100101111100000
32,30.0,00111100101111100000,30.0,00111100101111100000
32,30.0,00111100101111100000,30.0,00111100101111100000
32,30.0,00111100101111100000,30.0,00111100101111100000
32,30.0,00111100101111100000,30.0,00111100101111100000
32,30.0,00111100101111100000,8.0,00111100001101110011
32,8.0,00111100001101110011,8.0,00111100001101110011
32,8.0,00111100001101110011,8.0,00111100001101110011
32,8.0,00111100001101110011,8.0,00111100001101110011
32,8.0,00111100001101110011,8.0,00111100001101110011
32,8.0,00111100001101110011,8.0,00111100001101110011
32,8.0,00111100001101110011,8.0,00111100001101110011
32,8.0,00111100001101110011,8.0,00111100001101110011
32,8.0,00111100001101110011,8.0,00111100001101110011
32,8.0,00111100001101110011,8.0,00111100001101110011
32,8.0,00111100001101110011,8.0,00111100001101110011
32,8.0,00111100001101110011,8.0,00111100001101110011
32,8.0,00111100001101110011,8.0,00111100001101110011
32,8.0,00111100001101110011,8.0,00111100001101110011
32,8.0,00111100001101110011,8.0,00111100001101110011
32,8.0,00111100001101110011,8.0,00111100001101110011
32,8.0,00111100001101110011,8.0,00111100001101110011
32,8.0,00111100001101110011,8.0,00111100001101110011
32,8.0,00111100001101110011,8.0,00111100001101110011
32,8.0,00111100001101110011,8.0,00111100001101110011
32,8.0,00111100001101110011,8.0,00111100001101110011
32,8.0,00111100001101110011,8.0,00111100001101110011
32,8.0,00111100001101110011,8.0,00111100001101110011
32,8.0,00111100001101110011,8.0,00111100001101110011
32,8.0,00111100001101110011,8.0,00111100001101110011
32,8.0,00111100001101110011,8.0,00111100001101110011
32,8.0,00111100001101110011,8.0,00111100001101110011
32,8.0,00111100001101110011,8.0,00111100001101110011
32,8.0,00111100001101110011,8.0,00111100001101110011
32,8.0,00111100001101110011,8.0,00111100001101110011
32,8.0,00111100001101110011,8.0,00111100001101110011
32,8.0,00111100001101110011,8.0,00111100001101110011
32,8.0,00111100001101110011,8.0,00111100001101110011
32,8.0,00111100001101110011,8.0,00111100001101110011
32,8.0,00111100001101110011,8.0,00111100001101110011
32,8.0,00111100001101110011,8.0,00111100001101110011
32,8.0,00111100001101110011,8.0,00111100001101110011
33,7866.0,01101010010100111101,1660.0,00101010111100111000
33,1660.0,00101010111100111000,1522.0,10100010111000111000
33,1522.0,10100010111000111000,714.0,10101010101010111000
33,714.0,10101010101010111000,316.0,10000011001010111010
33,316.0,10000011001010111010,136.0,00000011111010111000
33,136.0,00000011111010111000,136.0,00000011111010111000
33,136.0,00000011111010111000,100.0,00011001011010111010
33,100.0,00011001011010111010,100.0,00011001011010111010
33,100.0,00011001011010111010,100.0,00011001011010111010
33,100.0,00011001011010111010,100.0,00011001011010111010
33,100.0,00011001011010111010,56.0,01100001111000011010
33,56.0,01100001111000011010,56.0,01100001111000011010
33,56.0,01100001111000011010,56.0,01100001111000011010
33,56.0,01100001111000011010,56.0,01100001111000011010
33,56.0,01100001111000011010,56.0,01100001111000011010
33,56.0,01100001111000011010,54.0,01101001110000111111
33,54.0,01101001110000111111,54.0,01101001110000111111
33,54.0,01101001110000111111,54.0,01101001110000111111
33,54.0,01101001110000111111,54.0,01101001110000111111
33,54.0,01101001110000111111,54.0,01101001110000111111
33,54.0,01101001110000111111,54.0,01101001110000111111
33,54.0,01101001110000111111,54.0,01101001110000111111
33,54.0,01101001110000111111,54.0,01101001110000111111
33,54.0,01101001110000111111,54.0,01101001110000111111
33,54.0,01101001110000111111,54.0,01101001110000111111
33,54.0,01101001110000111111,54.0,01101001110000111111
33,54.0,01101001110000111111,54.0,01101001110000111111
33,54.0,01101001110000111111,54.0,01101001110000111111
33,54.0,01101001110000111111,54.0,01101001110000111111
33,54.0,01101001110000111111,54.0,01101001110000111111
33,54.0,01101001110000111111,54.0,01101001110000111111
33,54.0,01101001110000111111,54.0,01101001110000111111
33,54.0,01101001110000111111,54.0,01101001110000111111
33,54.0,01101001110000111111,54.0,01101001110000111111
33,54.0,01101001110000111111,54.0,01101001110000111111
33,54.0,01101001110000111111,54.0,01101001110000111111
33,54.0,01101001110000111111,54.0,01101001110000111111
33,54.0,01101001110000111111,54.0,01101001110000111111
33,54.0,01101001110000111111,54.0,01101001110000111111
33,54.0,01101001110000111111,54.0,01101001110000111111
33,54.0,01101001110000111111,54.0,01101001110000111111
33,54.0,01101001110000111111,16.0,01100001101000101100
33,16.0,01100001101000101100,16.0,01100001101000101100
33,16.0,01100001101000101100,16.0,01100001101000101100
33,16.0,01100001101000101100,16.0,01100001101000101100
33,16.0,01100001101000101100,16.0,01100001101000101100
33,16.0,01100001101000101100,16.0,01100001101000101100
33,16.0,01100001101000101100,16.0,01100001101000101100
33,16.0,01100001101000101100,16.0,01100001101000101100
33,16.0,01100001101000101100,16.0,01100001101000101100
33,16.0,01100001101000101100,16.0,01100001101000101100
33,16.0,01100001101000101100,16.0,01100001101000101100
33,16.0,01100001101000101100,16.0,01100001101000101100
33,16.0,01100001101000101100,16.0,01100001101000101100
33,16.0,01100001101000101100,16.0,01100001101000101100
33,16.0,01100001101000101100,16.0,01100001101000101100
33,16.0,01100001101000101100,16.0,01100001101000101100
33,16.0,01100001101000101100,16.0,01100001101000101100
33,16.0,01100001101000101100,16.0,01100001101000101100
33,16.0,01100001101000101100,16.0,01100001101000101100
33,16.0,01100001101000101100,16.0,01100001101000101100
33,16.0,01100001101000101100,16.0,01100001101000101100
33,16.0,01100001101000101100,16.0,01100001101000101100
33,16.0,01100001101000101100,16.0,01100001101000101100
33,16.0,01100001101000101100,16.0,01100001101000101100
33,16.0,01100001101000101100,16.0,01100001101000101100
33,16.0,01100001101000101100,16.0,01100001101000101100
33,16.0,01100001101000101100,16.0,01100001101000101100
33,16.0,01100001101000101100,16.0,01100001101000101100
33,16.0,01100001101000101100,16.0,01100001101000101100
33,16.0,01100001101000101100,16.0,01100001101000101100
33,16.0,01100001101000101100,16.0,01100001101000101100
33,16.0,01100001101000101100,16.0,01100001101000101100
33,16.0,01100001101000101100,16.0,01100001101000101100
34,138.0,00000011010101101100,138.0,00000011010101101100
34,138.0,00000011010101101100,138.0,00000011010101101100
34,138.0,00000011010101101100,38.0,00001011110111100110
34,38.0,00001011110111100110,38.0,00001011110111100110
34,38.0,00001011110111100110,38.0,00001011110111100110
34,38.0,00001011110111100110,38.0,00001011110111100110
34,38.0,00001011110111100110,38.0,00001011110111100110
34,38.0,00001011110111100110,38.0,00001011110111100110
34,38.0,00001011110111100110,38.0,00001011110111100110
34,38.0,00001011110111100110,38.0,00001011110111100110
34,38.0,00001011110111100110,38.0,00001011110111100110
34,38.0,00001011110111100110,38.0,00001011110111100110
34,38.0,00001011110111100110,38.0,00001011110111100110
34,38.0,00001011110111100110,38.0,00001011110111100110
34,38.0,00001011110111100110,38.0,00001011110111100110
34,38.0,00001011110111100110,38.0,00001011110111100110
34,38.0,00001011110111100110,38.0,00001011110111100110
34,38.0,00001011110111100110,38.0,00001011110111100110
34,38.0,00001011110111100110,38.0,00001011110111100110
35,2442.0,10101011010110001010,28.0,10101011010100101011
35,28.0,10101011010100101011,28.0,10101011010100101011
35,28.0,10101011010100101011,28.0,10101011010100101011
35,28.0,10101011010100101011,28.0,10101011010100101011
35,28.0,10101011010100101011,28.0,10101011010100101011
35,28.0,10101011010100101011,28.0,10101011010100101011
35,28.0,10101011010100101011,28.0,10101011010100101011
35,28.0,10101011010100101011,28.0,10101011010100101011
35,28.0,10101011010100101011,28.0,10101011010100101011
35,28.0,10101011010100101011,28.0,10101011010100101011
35,28.0,10101011010100101011,28.0,10101011010100101011
35,28.0,10101011010100101011,28.0,10101011010100101011
35,28.0,10101011010100101011,28.0,10101011010100101011
35,28.0,10101011010100101011,28.0,10101011010100101011
35,28.0,10101011010100101011,28.0,10101011010100101011
35,28.0,10101011010100101011,28.0,10101011010100101011
35,28.0,10101011010100101011,28.0,10101011010100101011
35,28.0,10101011010100101011,16.0,10011111000100101010
35,16.0,10011111000100101010,16.0,10011111000100101010
35,16.0,10011111000100101010,16.0,10011111000100101010
35,16.0,10011111000100101010,16.0,10011111000100101010
35,16.0,10011111000100101010,16.0,10011111000100101010
35,16.0,10011111000100101010,16.0,10011111000100101010
35,16.0,10011111000100101010,16.0,10011111000100101010
35,16.0,10011111000100101010,16.0,10011111000100101010
35,16.0,10011111000100101010,16.0,10011111000100101010
35,16.0,10011111000100101010,4.0,00011111001000101011
35,4.0,00011111001000101011,4.0,00011111001000101011
35,4.0,00011111001000101011,4.0,00011111001000101011
35,4.0,00011111001000101011,4.0,00011111001000101011
35,4.0,00011111001000101011,4.0,00011111001000101011
35,4.0,00011111001000101011,4.0,00011111001000101011
35,4.0,00011111001000101011,4.0,00011111001000101011
35,4.0,00011111001000101011,4.0,00011111001000101011
35,4.0,00011111001000101011,4.0,00011111001000101011
35,4.0,00011111001000101011,4.0,00011111001000101011
35,4.0,00011111001000101011,4.0,00011111001000101011
35,4.0,00011111001000101011,4.0,00011111001000101011
35,4.0,00011111001000101011,4.0,00011111001000101011
35,4.0,00011111001000101011,4.0,00011111001000101011
35,4.0,00011111001000101011,4.0,00011111001000101011
35,4.0,00011111001000101011,4.0,00011111001000101011
35,4.0,00011111001000101011,4.0,00011111001000101011
35,4.0,00011111001000101011,4.0,00011111001000101011
35,4.0,00011111001000101011,4.0,00011111001000101011
35,4.0,00011111001000101011,4.0,00011111001000101011
35,4.0,00011111001000101011,0.0,01010110011010101000
35,0.0,01010110011010101000,0.0,01010110011010101000
35,0.0,01010110011010101000,0.0,01010110011010101000
35,0.0,01010110011010101000,0.0,01010110011010101000
35,0.0,01010110011010101000,0.0,01010110011010101000
35,0.0,01010110011010101000,0.0,01010110011010101000
35,0.0,01010110011010101000,0.0,01010110011010101000
35,0.0,01010110011010101000,0.0,01010110011010101000
35,0.0,01010110011010101000,0.0,01010110011010101000
35,0.0,01010110011010101000,0.0,01010110011010101000
35,0.0,01010110011010101000,0.0,01010110011010101000
35,0.0,01010110011010101000,0.0,01010110011010101000
35,0.0,01010110011010101000,0.0,01010110011010101000
35,0.0,01010110011010101000,0.0,01010110011010101000
35,0.0,01010110011010101000,0.0,01010110011010101000
35,0.0,01010110011010101000,0.0,01010110011010101000
35,0.0,01010110011010101000,0.0,01010110011010101000
35,0.0,01010110011010101000,0.0,01010110011010101000
35,0.0,01010110011010101000,0.0,01010110011010101000
35,0.0,01010110011010101000,0.0,01010110011010101000
35,0.0,01010110011010101000,0.0,01010110011010101000
35,0.0,01010110011010101000,0.0,01010110011010101000
35,0.0,01010110011010101000,0.0,01010110011010101000
35,0.0,01010110011010101000,0.0,01010110011010101000
35,0.0,01010110011010101000,0.0,01010110011010101000
35,0.0,01010110011010101000,0.0,01010110011010101000
35,0.0,01010110011010101000,0.0,01010110011010101000
35,0.0,01010110011010101000,0.0,01010110011010101000
35,0.0,01010110011010101000,0.0,01010110011010101000
35,0.0,01010110011010101000,0.0,01010110011010101000
35,0.0,01010110011010101000,0.0,01010110011010101000
36,18282.0,10111101001000010011,338.0,10111101110100010010
36,338.0,10111101110100010010,338.0,10111101110100010010
36,338.0,10111101110100010010,338.0,10111101110100010010
36,338.0,10111101110100010010,338.0,10111101110100010010
36,338.0,10111101110100010010,122.0,11110001010100010000
36,122.0,11110001010100010000,122.0,11110001010100010000
36,122.0,11110001010100010000,122.0,11110001010100010000
36,122.0,11110001010100010000,92.0,11011101010100010101
36,92.0,11011101010100010101,92.0,11011101010100010101
36,92.0,11011101010100010101,62.0,11110101000100000101
36,62.0,11110101000100000101,62.0,11110101000100000101
36,62.0,11110101000100000101,62.0,11110101000100000101
36,62.0,11110101000100000101,62.0,11110101000100000101
36,62.0,11110101000100000101,62.0,11110101000100000101
36,62.0,11110101000100000101,32.0,10010011000110100110
36,32.0,10010011000110100110,32.0,10010011000110100110
36,32.0,10010011000110100110,32.0,10010011000110100110
36,32.0,10010011000110100110,32.0,10010011000110100110
36,32.0,10010011000110100110,32.0,10010011000110100110
36,32.0,10010011000110100110,32.0,10010011000110100110
36,32.0,10010011000110100110,32.0,10010011000110100110
36,32.0,10010011000110100110,20.0,00010011001010100111
36,20.0,00010011001010100111,20.0,00010011001010100111
36,20.0,00010011001010100111,20.0,00010011001010100111
36,20.0,00010011001010100111,20.0,00010011001010100111
36,20.0,00010011001010100111,20.0,00010011001010100111
36,20.0,00010011001010100111,20.0,00010011001010100111
36,20.0,00010011001010100111,20.0,00010011001010100111
36,20.0,00010011001010100111,20.0,00010011001010100111
36,20.0,00010011001010100111,20.0,00010011001010100111
36,20.0,00010011001010100111,20.0,00010011001010100111
36,20.0,00010011001010100111,20.0,00010011001010100111
36,20.0,00010011001010100111,20.0,00010011001010100111
36,20.0,00010011001010100111,20.0,00010011001010100111
36,20.0,00010011001010100111,20.0,00010011001010100111
36,20.0,00010011001010100111,20.0,00010011001010100111
36,20.0,00010011001010100111,20.0,00010011001010100111
36,20.0,00010011001010100111,20.0,00010011001010100111
36,20.0,00010011001010100111,20.0,00010011001010100111
36,20.0,00010011001010100111,20.0,00010011001010100111
36,20.0,00010011001010100111,4.0,00011111001000101011
36,4.0,00011111001000101011,4.0,00011111001000101011
36,4.0,00011111001000101011,4.0,00011111001000101011
36,4.0,00011111001000101011,0.0,01010110011010101000
36,0.0,01010110011010101000,0.0,01010110011010101000
36,0.0,01010110011010101000,0.0,01010110011010101000
36,0.0,01010110011010101000,0.0,01010110011010101000
36,0.0,01010110011010101000,0.0,01010110011010101000
36,0.0,01010110011010101000,0.0,01010110011010101000
36,0.0,01010110011010101000,0.0,01010110011010101000
36,0.0,01010110011010101000,0.0,01010110011010101000
36,0.0,01010110011010101000,0.0,01010110011010101000
36,0.0,01010110011010101000,0.0,01010110011010101000
36,0.0,01010110011010101000,0.0,01010110011010101000
36,0.0,01010110011010101000,0.0,01010110011010101000
36,0.0,01010110011010101000,0.0,01010110011010101000
36,0.0,01010110011010101000,0.0,01010110011010101000
36,0.0,01010110011010101000,0.0,01010110011010101000
36,0.0,01010110011010101000,0.0,01010110011010101000
36,0.0,01010110011010101000,0.0,01010110011010101000
36,0.0,01010110011010101000,0.0,01010110011010101000
36,0.0,01010110011010101000,0.0,01010110011010101000
36,0.0,01010110011010101000,0.0,01010110011010101000
36,0.0,01010110011010101000,0.0,01010110011010101000
36,0.0,01010110011010101000,0.0,01010110011010101000
36,0.0,01010110011010101000,0.0,01010110011010101000
36,0.0,01010110011010101000,0.0,01010110011010101000
36,0.0,01010110011010101000,0.0,01010110011010101000
37,2654.0,01001111011011000001,564.0,01011011001000001000
37,564.0,01011011001000001000,56.0,00010011001000001100
37,56.0,00010011001000001100,56.0,00010011001000001100
37,56.0,00010011001000001100,56.0,00010011001000001100
37,56.0,00010011001000001100,56.0,00010011001000001100
37,56.0,00010011001000001100,56.0,00010011001000001100
37,56.0,00010011001000001100,56.0,00010011001000001100
37,56.0,00010011001000001100,56.0,00010011001000001100
37,56.0,00010011001000001100,56.0,00010011001000001100
37,56.0,00010011001000001100,56.0,00010011001000001100
37,56.0,00010011001000001100,56.0,00010011001000001100
37,56.0,00010011001000001100,56.0,00010011001000001100
37,56.0,00010011001000001100,56.0,00010011001000001100
37,56.0,00010011001000001100,56.0,00010011001000001100
37,56.0,00010011001000001100,56.0,00010011001000001100
37,56.0,00010011001000001100,56.0,00010011001000001100
37,56.0,00010011001000001100,56.0,00010011001000001100
37,56.0,00010011001000001100,56.0,00010011001000001100
37,56.0,00010011001000001100,18.0,00011010001001001110
37,18.0,00011010001001001110,18.0,00011010001001001110
37,18.0,00011010001001001110,18.0,00011010001001001110
37,18.0,00011010001001001110,18.0,00011010001001001110
37,18.0,00011010001001001110,18.0,00011010001001001110
37,18.0,00011010001001001110,18.0,00011010001001001110
37,18.0,00011010001001001110,18.0,00011010001001001110
37,18.0,00011010001001001110,18.0,00011010001001001110
37,18.0,00011010001001001110,18.0,00011010001001001110
37,18.0,00011010001001001110,18.0,00011010001001001110
37,18.0,00011010001001001110,18.0,00011010001001001110
37,18.0,00011010001001001110,18.0,00011010001001001110
37,18.0,00011010001001001110,18.0,00011010001001001110
37,18.0,00011010001001001110,18.0,00011010001001001110
37,18.0,00011010001001001110,18.0,00011010001001001110
37,18.0,00011010001001001110,18.0,00011010001001001110
37,18.0,00011010001001001110,18.0,00011010001001001110
37,18.0,00011010001001001110,18.0,00011010001001001110
37,18.0,00011010001001001110,18.0,00011010001001001110
37,18.0,00011010001001001110,18.0,00011010001001001110
37,18.0,00011010001001001110,18.0,00011010001001001110
37,18.0,00011010001001001110,18.0,00011010001001001110
37,18.0,00011010001001001110,18.0,00011010001001001110
37,18.0,00011010001001001110,18.0,00011010001001001110
37,18.0,00011010001001001110,18.0,00011010001001001110
37,18.0,00011010001001001110,18.0,00011010001001001110
37,18.0,00011010001001001110,18.0,00011010001001001110
37,18.0,00011010001001001110,18.0,00011010001001001110
37,18.0,00011010001001001110,18.0,00011010001001001110
37,18.0,00011010001001001110,18.0,00011010001001001110
37,18.0,00011010001001001110,18.0,00011010001001001110
37,18.0,00011010001001001110,18.0,00011010001001001110
37,18.0,00011010001001001110,18.0,00011010001001001110
37,18.0,00011010001001001110,18.0,00011010001001001110
37,18.0,00011010001001001110,18.0,00011010001001001110
37,18.0,00011010001001001110,18.0,00011010001001001110
37,18.0,00011010001001001110,18.0,00011010001001001110
37,18.0,00011010001001001110,18.0,00011010001001001110
37,18.0,00011010001001001110,18.0,00011010001001001110
37,18.0,00011010001001001110,18.0,00011010001001001110
37,18.0,00011010001001001110,18.0,00011010001001001110
37,18.0,00011010001001001110,18.0,00011010001001001110
37,18.0,00011010001001001110,18.0,00011010001001001110
38,878.0,00100010011001001100,878.0,00100010011001001100
38,878.0,00100010011001001100,878.0,00100010011001001100
38,878.0,00100010011001001100,878.0,00100010011001001100
38,878.0,00100010011001001100,546.0,10101010110001001111
38,546.0,10101010110001001111,546.0,10101010110001001111
38,546.0,10101010110001001111,546.0,10101010110001001111
38,546.0,10101010110001001111,254.0,01100010110001001111
38,254.0,01100010110001001111,130.0,01100010100101001100
38,130.0,01100010100101001100,130.0,01100010100101001100
38,130.0,01100010100101001100,106.0,00101010101100011101
38,106.0,00101010101100011101,106.0,00101010101100011101
38,106.0,00101010101100011101,42.0,01010010001000011101
38,42.0,01010010001000011101,42.0,01010010001000011101
38,42.0,01010010001000011101,42.0,01010010001000011101
38,42.0,01010010001000011101,42.0,01010010001000011101
38,42.0,01010010001000011101,42.0,01010010001000011101
38,42.0,01010010001000011101,42.0,01010010001000011101
38,42.0,01010010001000011101,42.0,01010010001000011101
38,42.0,01010010001000011101,42.0,01010010001000011101
38,42.0,01010010001000011101,42.0,01010010001000011101
38,42.0,01010010001000011101,42.0,01010010001000011101
38,42.0,01010010001000011101,42.0,01010010001000011101
38,42.0,01010010001000011101,42.0,01010010001000011101
38,42.0,01010010001000011101,42.0,01010010001000011101
38,42.0,01010010001000011101,42.0,01010010001000011101
38,42.0,01010010001000011101,42.0,01010010001000011101
38,42.0,01010010001000011101,42.0,01010010001000011101
38,42.0,01010010001000011101,42.0,01010010001000011101
38,42.0,01010010001000011101,42.0,01010010001000011101
38,42.0,01010010001000011101,42.0,01010010001000011101
38,42.0,01010010001000011101,42.0,01010010001000011101
38,42.0,01010010001000011101,42.0,01010010001000011101
38,42.0,01010010001000011101,42.0,01010010001000011101
38,42.0,01010010001000011101,42.0,01010010001000011101
38,42.0,01010010001000011101,18.0,00011010001001001110
38,18.0,00011010001001001110,18.0,00011010001001001110
38,18.0,00011010001001001110,18.0,00011010001001001110
38,18.0,00011010001001001110,18.0,00011010001001001110
38,18.0,00011010001001001110,18.0,00011010001001001110
38,18.0,00011010001001001110,18.0,00011010001001001110
38,18.0,00011010001001001110,18.0,00011010001001001110
38,18.0,00011010001001001110,18.0,00011010001001001110
38,18.0,00011010001001001110,18.0,00011010001001001110
38,18.0,00011010001001001110,18.0,00011010001001001110
38,18.0,00011010001001001110,18.0,00011010001001001110
38,18.0,00011010001001001110,18.0,00011010001001001110
38,18.0,00011010001001001110,18.0,00011010001001001110
38,18.0,00011010001001001110,18.0,00011010001001001110
38,18.0,00011010001001001110,18.0,00011010001001001110
38,18.0,00011010001001001110,18.0,00011010001001001110
38,18.0,00011010001001001110,18.0,00011010001001001110
38,18.0,00011010001001001110,18.0,00011010001001001110
38,18.0,00011010001001001110,18.0,00011010001001001110
38,18.0,00011010001001001110,18.0,00011010001001001110
38,18.0,00011010001001001110,18.0,00011010001001001110
38,18.0,00011010001001001110,18.0,00011010001001001110
38,18.0,00011010001001001110,18.0,00011010001001001110
38,18.0,00011010001001001110,18.0,00011010001001001110
38,18.0,00011010001001001110,18.0,00011010001001001110
38,18.0,00011010001001001110,18.0,00011010001001001110
38,18.0,00011010001001001110,18.0,00011010001001001110
38,18.0,00011010001001001110,18.0,00011010001001001110
38,18.0,00011010001001001110,18.0,00011010001001001110
38,18.0,00011010001001001110,18.0,00011010001001001110
38,18.0,00011010001001001110,18.0,00011010001001001110
38,18.0,00011010001001001110,18.0,00011010001001001110
38,18.0,00011010001001001110,18.0,00011010001001001110
38,18.0,00011010001001001110,2.0,10110010001001000010
38,2.0,10110010001001000010,2.0,10110010001001000010
38,2.0,10110010001001000010,2.0,10110010001001000010
38,2.0,10110010001001000010,2.0,10110010001001000010
38,2.0,10110010001001000010,2.0,10110010001001000010
38,2.0,10110010001001000010,2.0,10110010001001000010
38,2.0,10110010001001000010,2.0,10110010001001000010
38,2.0,10110010001001000010,2.0,10110010001001000010
38,2.0,10110010001001000010,2.0,10110010001001000010
38,2.0,10110010001001000010,2.0,10110010001001000010
38,2.0,10110010001001000010,2.0,10110010001001000010
38,2.0,10110010001001000010,2.0,10110010001001000010
38,2.0,10110010001001000010,2.0,10110010001001000010
38,2.0,10110010001001000010,2.0,10110010001001000010
38,2.0,10110010001001000010,2.0,10110010001001000010
38,2.0,10110010001001000010,2.0,10110010001001000010
38,2.0,10110010001001000010,2.0,10110010001001000010
38,2.0,10110010001001000010,2.0,10110010001001000010
38,2.0,10110010001001000010,2.0,10110010001001000010
38,2.0,10110010001001000010,2.0,10110010001001000010
38,2.0,10110010001001000010,2.0,10110010001001000010
38,2.0,10110010001001000010,2.0,10110010001001000010
38,2.0,10110010001001000010,2.0,10110010001001000010
38,2.0,10110010001001000010,2.0,10110010001001000010
38,2.0,10110010001001000010,2.0,10110010001001000010
38,2.0,10110010001001000010,2.0,10110010001001000010
38,2.0,10110010001001000010,2.0,10110010001001000010
38,2.0,10110010001001000010,2.0,10110010001001000010
38,2.0,10110010001001000010,2.0,10110010001001000010
38,2.0,10110010001001000010,2.0,10110010001001000010
38,2.0,10110010001001000010,2.0,10110010001001000010
38,2.0,10110010001001000010,2.0,10110010001001000010
38,2.0,10110010001001000010,2.0,10110010001001000010
38,2.0,10110010001001000010,2.0,10110010001001000010
38,2.0,10110010001001000010,2.0,10110010001001000010
38,2.0,10110010001001000010,2.0,10110010001001000010
38,2.0,10110010001001000010,2.0,10110010001001000010
38,2.0,10110010001001000010,2.0,10110010001001000010
38,2.0,10110010001001000010,2.0,10110010001001000010
38,2.0,10110010001001000010,2.0,10110010001001000010
38,2.0,10110010001001000010,2.0,10110010001001000010
38,2.0,10110010001001000010,2.0,10110010001001000010
38,2.0,10110010001001000010,2.0,10110010001001000010
38,2.0,10110010001001000010,2.0,10110010001001000010
38,2.0,10110010001001000010,2.0,10110010001001000010
38,2.0,10110010001001000010,2.0,10110010001001000010
38,2.0,10110010001001000010,2.0,10110010001001000010
38,2.0,10110010001001000010,2.0,10110010001001000010
39,7752.0,10111000110000111111,772.0,11110000110000101110
39,772.0,11110000110000101110,0.0,11111010100000101010
39,0.0,11111010100000101010,0.0,11111010100000101010
39,0.0,11111010100000101010,0.0,11111010100000101010
39,0.0,11111010100000101010,0.0,11111010100000101010
39,0.0,11111010100000101010,0.0,11111010100000101010
39,0.0,11111010100000101010,0.0,11111010100000101010
39,0.0,11111010100000101010,0.0,11111010100000101010
39,0.0,11111010100000101010,0.0,11111010100000101010
39,0.0,11111010100000101010,0.0,11111010100000101010
39,0.0,11111010100000101010,0.0,11111010100000101010
39,0.0,11111010100000101010,0.0,11111010100000101010
39,0.0,11111010100000101010,0.0,11111010100000101010
39,0.0,11111010100000101010,0.0,11111010100000101010
40,618.0,01000101111100110111,144.0,11000101101110100110
40,144.0,11000101101110100110,58.0,01001001101101100111
40,58.0,01001001101101100111,58.0,01001001101101100111
40,58.0,01001001101101100111,58.0,01001001101101100111
40,58.0,01001001101101100111,58.0,01001001101101100111
40,58.0,01001001101101100111,58.0,01001001101101100111
40,58.0,01001001101101100111,58.0,01001001101101100111
40,58.0,01001001101101100111,58.0,01001001101101100111
40,58.0,01001001101101100111,58.0,01001001101101100111
40,58.0,01001001101101100111,58.0,01001001101101100111
40,58.0,01001001101101100111,42.0,11001001111011100001
40,42.0,11001001111011100001,42.0,11001001111011100001
40,42.0,11001001111011100001,20.0,11001101011001000111
40,20.0,11001101011001000111,20.0,11001101011001000111
40,20.0,11001101011001000111,20.0,11001101011001000111
40,20.0,11001101011001000111,20.0,11001101011001000111
40,20.0,11001101011001000111,20.0,11001101011001000111
40,20.0,11001101011001000111,20.0,11001101011001000111
40,20.0,11001101011001000111,20.0,11001101011001000111
40,20.0,11001101011001000111,20.0,11001101011001000111
40,20.0,11001101011001000111,20.0,11001101011001000111
40,20.0,11001101011001000111,20.0,11001101011001000111
40,20.0,11001101011001000111,20.0,11001101011001000111
40,20.0,11001101011001000111,20.0,11001101011001000111
40,20.0,11001101011001000111,20.0,11001101011001000111
40,20.0,11001101011001000111,20.0,11001101011001000111
40,20.0,11001101011001000111,20.0,11001101011001000111
40,20.0,11001101011001000111,20.0,11001101011001000111
40,20.0,11001101011001000111,20.0,11001101011001000111
40,20.0,11001101011001000111,20.0,11001101011001000111
40,20.0,11001101011001000111,20.0,11001101011001000111
40,20.0,11001101011001000111,20.0,11001101011001000111
40,20.0,11001101011001000111,20.0,11001101011001000111
40,20.0,11001101011001000111,20.0,11001101011001000111
40,20.0,11001101011001000111,20.0,11001101011001000111
40,20.0,11001101011001000111,20.0,11001101011001000111
40,20.0,11001101011001000111,20.0,11001101011001000111
40,20.0,11001101011001000111,20.0,11001101011001000111
40,20.0,11001101011001000111,20.0,11001101011001000111
40,20.0,11001101011001000111,20.0,11001101011001000111
40,20.0,11001101011001000111,20.0,11001101011001000111
40,20.0,11001101011001000111,20.0,11001101011001000111
40,20.0,11001101011001000111,20.0,11001101011001000111
40,20.0,11001101011001000111,20.0,11001101011001000111
40,20.0,11001101011001000111,20.0,11001101011001000111
40,20.0,11001101011001000111,20.0,11001101011001000111
40,20.0,11001101011001000111,20.0,11001101011001000111
40,20.0,11001101011001000111,20.0,11001101011001000111
40,20.0,11001101011001000111,20.0,11001101011001000111
40,20.0,11001101011001000111,20.0,11001101011001000111
41,1284.0,01001011000101001101,906.0,01000111100100011110
41,906.0,01000111100100011110,658.0,00000111110100111101
41,658.0,00000111110100111101,658.0,00000111110100111101
41,658.0,00000111110100111101,658.0,00000111110100111101
41,658.0,00000111110100111101,422.0,01011110110100111001
41,422.0,01011110110100111001,30.0,11011110000100111011
41,30.0,11011110000100111011,30.0,11011110000100111011
41,30.0,11011110000100111011,30.0,11010010000100011100
41,30.0,11010010000100011100,30.0,11010010000100011100
41,30.0,11010010000100011100,30.0,11010010000100011100
41,30.0,11010010000100011100,30.0,11010010000100011100
41,30.0,11010010000100011100,30.0,11010010000100011100
41,30.0,11010010000100011100,30.0,11010010000100011100
41,30.0,11010010000100011100,30.0,11010010000100011100
41,30.0,11010010000100011100,30.0,11010010000100011100
41,30.0,11010010000100011100,30.0,11010010000100011100
41,30.0,11010010000100011100,30.0,11010010000100011100
41,30.0,11010010000100011100,30.0,11010010000100011100
41,30.0,11010010000100011100,30.0,11010010000100011100
41,30.0,11010010000100011100,30.0,11010010000100011100
41,30.0,11010010000100011100,30.0,11010010000100011100
41,30.0,11010010000100011100,30.0,11010010000100011100
41,30.0,11010010000100011100,30.0,11010010000100011100
41,30.0,11010010000100011100,30.0,11010010000100011100
41,30.0,11010010000100011100,30.0,11010010000100011100
41,30.0,11010010000100011100,30.0,11010010000100011100
41,30.0,11010010000100011100,30.0,11010010000100011100
41,30.0,11010010000100011100,30.0,11010010000100011100
41,30.0,11010010000100011100,30.0,11010010000100011100
41,30.0,11010010000100011100,30.0,11010010000100011100
41,30.0,11010010000100011100,30.0,11010010000100011100
41,30.0,11010010000100011100,30.0,11010010000100011100
41,30.0,11010010000100011100,30.0,11010010000100011100
41,30.0,11010010000100011100,30.0,11010010000100011100
41,30.0,11010010000100011100,30.0,11010010000100011100
41,30.0,11010010000100011100,30.0,11010010000100011100
41,30.0,11010010000100011100,30.0,11010010000100011100
41,30.0,11010010000100011100,30.0,11010010000100011100
41,30.0,11010010000100011100,30.0,11010010000100011100
41,30.0,11010010000100011100,30.0,11010010000100011100
41,30.0,11010010000100011100,30.0,11010010000100011100
41,30.0,11010010000100011100,30.0,11010010000100011100
41,30.0,11010010000100011100,30.0,11010010000100011100
41,30.0,11010010000100011100,30.0,11010010000100011100
41,30.0,11010010000100011100,30.0,11000011010000011111
41,30.0,11000011010000011111,30.0,11000011010000011111
41,30.0,11000011010000011111,30.0,11000011010000011111
41,30.0,11000011010000011111,30.0,11000011010000011111
41,30.0,11000011010000011111,8.0,11000011110010001100
41,8.0,11000011110010001100,8.0,11000011110010001100
41,8.0,11000011110010001100,8.0,11000011110010001100
41,8.0,11000011110010001100,8.0,11000011110010001100
41,8.0,11000011110010001100,8.0,11000011110010001100
41,8.0,11000011110010001100,8.0,11000011110010001100
41,8.0,11000011110010001100,8.0,11000011110010001100
41,8.0,11000011110010001100,8.0,11000011110010001100
41,8.0,11000011110010001100,8.0,11000011110010001100
41,8.0,11000011110010001100,8.0,11000011110010001100
41,8.0,11000011110010001100,8.0,11000011110010001100
41,8.0,11000011110010001100,8.0,11000011110010001100
41,8.0,11000011110010001100,8.0,11000011110010001100
41,8.0,11000011110010001100,8.0,11000011110010001100
41,8.0,11000011110010001100,8.0,11000011110010001100
41,8.0,11000011110010001100,8.0,11000011110010001100
41,8.0,11000011110010001100,8.0,11000011110010001100
41,8.0,11000011110010001100,8.0,11000011110010001100
41,8.0,11000011110010001100,8.0,11000011110010001100
41,8.0,11000011110010001100,8.0,11000011110010001100
41,8.0,11000011110010001100,8.0,11000011110010001100
41,8.0,11000011110010001100,8.0,11000011110010001100
41,8.0,11000011110010001100,8.0,11000011110010001100
41,8.0,11000011110010001100,8.0,11000011110010001100
41,8.0,11000011110010001100,8.0,11000011110010001100
41,8.0,11000011110010001100,8.0,11000011110010001100
41,8.0,11000011110010001100,8.0,11000011110010001100
41,8.0,11000011110010001100,8.0,11000011110010001100
42,6466.0,00011011100001100111,3136.0,01011111100010100101
42,3136.0,01011111100010100101,1666.0,00010011101010000111
42,1666.0,00010011101010000111,756.0,00101001001011010111
42,756.0,00101001001011010111,756.0,00101001001011010111
42,756.0,00101001001011010111,756.0,00101001001011010111
42,756.0,00101001001011010111,356.0,01000101101011010100
42,356.0,01000101101011010100,356.0,01000101101011010100
42,356.0,01000101101011010100,356.0,01000101101011010100
42,356.0,01000101101011010100,356.0,01000101101011010100
42,356.0,01000101101011010100,356.0,01000101101011010100
42,356.0,01000101101011010100,356.0,01000101101011010100
42,356.0,01000101101011010100,356.0,01000101101011010100
42,356.0,01000101101011010100,16.0,11000101110011010110
42,16.0,11000101110011010110,16.0,11000101110011010110
42,16.0,11000101110011010110,16.0,11000101110011010110
42,16.0,11000101110011010110,16.0,11000101110011010110
42,16.0,11000101110011010110,16.0,11000101110011010110
42,16.0,11000101110011010110,16.0,11000101110011010110
42,16.0,11000101110011010110,16.0,11000101110011010110
42,16.0,11000101110011010110,16.0,11000101110011010110
42,16.0,11000101110011010110,16.0,11000101110011010110
42,16.0,11000101110011010110,16.0,11000101110011010110
42,16.0,11000101110011010110,16.0,11000101110011010110
42,16.0,11000101110011010110,16.0,11000101110011010110
42,16.0,11000101110011010110,16.0,11000101110011010110
42,16.0,11000101110011010110,16.0,11000101110011010110
42,16.0,11000101110011010110,16.0,11000101110011010110
42,16.0,11000101110011010110,16.0,11000101110011010110
42,16.0,11000101110011010110,16.0,11000101110011010110
42,16.0,11000101110011010110,16.0,11000101110011010110
42,16.0,11000101110011010110,16.0,11000101110011010110
42,16.0,11000101110011010110,16.0,11000101110011010110
42,16.0,11000101110011010110,16.0,11000101110011010110
42,16.0,11000101110011010110,16.0,11000101110011010110
42,16.0,11000101110011010110,16.0,11000101110011010110
42,16.0,11000101110011010110,4.0,11100000110111010100
42,4.0,11100000110111010100,4.0,11100000110111010100
42,4.0,11100000110111010100,4.0,11100000110111010100
42,4.0,11100000110111010100,4.0,11100000110111010100
42,4.0,11100000110111010100,4.0,11100000110111010100
42,4.0,11100000110111010100,4.0,11100000110111010100
42,4.0,11100000110111010100,4.0,11100000110111010100
42,4.0,11100000110111010100,4.0,11100000110111010100
42,4.0,11100000110111010100,4.0,11100000110111010100
42,4.0,11100000110111010100,4.0,11100000110111010100
42,4.0,11100000110111010100,4.0,11100000110111010100
42,4.0,11100000110111010100,4.0,11100000110111010100
42,4.0,11100000110111010100,4.0,11100000110111010100
42,4.0,11100000110111010100,4.0,11100000110111010100
42,4.0,11100000110111010100,4.0,11100000110111010100
42,4.0,11100000110111010100,4.0,11100000110111010100
42,4.0,11100000110111010100,4.0,11100000110111010100
42,4.0,11100000110111010100,4.0,11100000110111010100
42,4.0,11100000110111010100,4.0,11100000110111010100
42,4.0,11100000110111010100,4.0,11100000110111010100
42,4.0,11100000110111010100,4.0,11100000110111010100
42,4.0,11100000110111010100,4.0,11100000110111010100
42,4.0,11100000110111010100,4.0,11100000110111010100
42,4.0,11100000110111010100,4.0,11100000110111010100
42,4.0,11100000110111010100,4.0,11100000110111010100
42,4.0,11100000110111010100,4.0,11100000110111010100
42,4.0,11100000110111010100,4.0,11100000110111010100
42,4.0,11100000110111010100,4.0,11100000110111010100
42,4.0,11100000110111010100,4.0,11100000110111010100
42,4.0,11100000110111010100,4.0,11100000110111010100
42,4.0,11100000110111010100,4.0,11100000110111010100
42,4.0,11100000110111010100,4.0,11100000110111010100
42,4.0,11100000110111010100,4.0,11100000110111010100
42,4.0,11100000110111010100,4.0,11100000110111010100
42,4.0,11100000110111010100,4.0,11100000110111010100
42,4.0,11100000110111010100,4.0,11100000110111010100
42,4.0,11100000110111010100,4.0,11100000110111010100
42,4.0,11100000110111010100,4.0,11100000110111010100
42,4.0,11100000110111010100,4.0,11100000110111010100
42,4.0,11100000110111010100,4.0,11100000110111010100
42,4.0,11100000110111010100,4.0,11100000110111010100
42,4.0,11100000110111010100,4.0,11100000110111010100
42,4.0,11100000110111010100,4.0,11100000110111010100
42,4.0,11100000110111010100,4.0,11100000110111010100
43,2900.0,01010001001001000111,628.0,01000111001001000111
43,628.0,01000111001001000111,628.0,01000111001001000111
43,628.0,01000111001001000111,628.0,01000111001001000111
43,628.0,01000111001001000111,418.0,01001101010111001111
43,418.0,01001101010111001111,12.0,01001111000011001101
43,12.0,01001111000011001101,12.0,01001111000011001101
43,12.0,01001111000011001101,12.0,01001111000011001101
43,12.0,01001111000011001101,12.0,01001111000011001101
43,12.0,01001111000011001101,12.0,01001111000011001101
43,12.0,01001111000011001101,12.0,01001111000011001101
43,12.0,01001111000011001101,12.0,01001111000011001101
43,12.0,01001111000011001101,12.0,01001111000011001101
43,12.0,01001111000011001101,12.0,01001111000011001101
43,12.0,01001111000011001101,12.0,01001111000011001101
43,12.0,01001111000011001101,12.0,01001111000011001101
43,12.0,01001111000011001101,12.0,01001111000011001101
43,12.0,01001111000011001101,12.0,01001111000011001101
43,12.0,01001111000011001101,12.0,01001111000011001101
43,12.0,01001111000011001101,12.0,01001111000011001101
43,12.0,01001111000011001101,12.0,01001111000011001101
43,12.0,01001111000011001101,12.0,01001111000011001101
43,12.0,01001111000011001101,12.0,01001111000011001101
43,12.0,01001111000011001101,12.0,01001111000011001101
43,12.0,01001111000011001101,12.0,01001111000011001101
43,12.0,01001111000011001101,12.0,01001111000011001101
43,12.0,01001111000011001101,12.0,01001111000011001101
43,12.0,01001111000011001101,12.0,01001111000011001101
43,12.0,01001111000011001101,12.0,01001111000011001101
43,12.0,01001111000011001101,12.0,01001111000011001101
43,12.0,01001111000011001101,12.0,01001111000011001101
43,12.0,01001111000011001101,12.0,01001111000011001101
44,12470.0,11000001011001101000,2130.0,00000011011001101011
44,2130.0,00000011011001101011,198.0,00000111111100101011
44,198.0,00000111111100101011,198.0,00000111111100101011
44,198.0,00000111111100101011,198.0,00000111111100101011
44,198.0,00000111111100101011,198.0,00000111111100101011
44,198.0,00000111111100101011,188.0,10001111011100001011
44,188.0,10001111011100001011,188.0,10001111011100001011
44,188.0,10001111011100001011,88.0,10001011011100101000
44,88.0,10001011011100101000,28.0,10101011010100101011
44,28.0,10101011010100101011,16.0,10011111000100101010
44,16.0,10011111000100101010,4.0,00011111001000101011
44,4.0,00011111001000101011,4.0,00011111001000101011
44,4.0,00011111001000101011,4.0,00011111001000101011
44,4.0,00011111001000101011,4.0,00011111001000101011
44,4.0,00011111001000101011,4.0,00011111001000101011
44,4.0,00011111001000101011,4.0,00011111001000101011
44,4.0,00011111001000101011,4.0,00011111001000101011
44,4.0,00011111001000101011,4.0,00011111001000101011
44,4.0,00011111001000101011,4.0,00011111001000101011
44,4.0,00011111001000101011,4.0,00011111001000101011
44,4.0,00011111001000101011,4.0,00011111001000101011
44,4.0,00011111001000101011,4.0,00011111001000101011
44,4.0,00011111001000101011,4.0,00011111001000101011
44,4.0,00011111001000101011,4.0,00011111001000101011
44,4.0,00011111001000101011,4.0,00011111001000101011
44,4.0,00011111001000101011,4.0,00011111001000101011
44,4.0,00011111001000101011,4.0,00011111001000101011
44,4.0,00011111001000101011,4.0,00011111001000101011
44,4.0,00011111001000101011,4.0,00011111001000101011
44,4.0,00011111001000101011,4.0,00011111001000101011
44,4.0,00011111001000101011,4.0,00011111001000101011
44,4.0,00011111001000101011,4.0,00011111001000101011
44,4.0,00011111001000101011,4.0,00011111001000101011
44,4.0,00011111001000101011,4.0,00011111001000101011
44,4.0,00011111001000101011,4.0,00011111001000101011
44,4.0,00011111001000101011,4.0,00011111001000101011
44,4.0,00011111001000101011,4.0,00011111001000101011
44,4.0,00011111001000101011,4.0,00011111001000101011
44,4.0,00011111001000101011,4.0,00011111001000101011
44,4.0,00011111001000101011,4.0,00011111001000101011
44,4.0,00011111001000101011,4.0,00011111001000101011
44,4.0,00011111001000101011,4.0,00011111001000101011
44,4.0,00011111001000101011,4.0,00011111001000101011
44,4.0,00011111001000101011,4.0,00011111001000101011
44,4.0,00011111001000101011,4.0,00011111001000101011
44,4.0,00011111001000101011,4.0,00011111001000101011
44,4.0,00011111001000101011,4.0,00011111001000101011
44,4.0,00011111001000101011,4.0,00011111001000101011
44,4.0,00011111001000101011,4.0,00011111001000101011
44,4.0,00011111001000101011,4.0,00011111001000101011
44,4.0,00011111001000101011,4.0,00011111001000101011
44,4.0,00011111001000101011,4.0,00011111001000101011
44,4.0,00011111001000101011,4.0,00011111001000101011
44,4.0,00011111001000101011,4.0,00011111001000101011
44,4.0,00011111001000101011,4.0,00011111001000101011
45,4576.0,00011010011101010011,4576.0,00011010011101010011
45,4576.0,00011010011101010011,1442.0,00110010110101010001
45,1442.0,00110010110101010001,530.0,00100010111101010011
45,530.0,00100010111101010011,358.0,00111010101011000000
45,358.0,00111010101011000000,358.0,00111010101011000000
45,358.0,00111010101011000000,358.0,00111010101011000000
45,358.0,00111010101011000000,66.0,00100011111001000000
45,66.0,00100011111001000000,66.0,00100011111001000000
45,66.0,00100011111001000000,66.0,00100011111001000000
45,66.0,00100011111001000000,66.0,00100011111001000000
45,66.0,00100011111001000000,66.0,00100011111001000000
45,66.0,00100011111001000000,66.0,00100011111001000000
45,66.0,00100011111001000000,66.0,00100011111001000000
45,66.0,00100011111001000000,46.0,00101101111001001000
45,46.0,00101101111001001000,30.0,00100001111011000100
45,30.0,00100001111011000100,30.0,00100001111011000100
45,30.0,00100001111011000100,30.0,00100001111011000100
45,30.0,00100001111011000100,30.0,00100001111011000100
45,30.0,00100001111011000100,30.0,00101101111011100011
45,30.0,00101101111011100011,30.0,00101101111011100011
45,30.0,00101101111011100011,30.0,00101101111011100011
45,30.0,00101101111011100011,30.0,00101101111011100011
45,30.0,00101101111011100011,30.0,00101101111011100011
45,30.0,00101101111011100011,30.0,00100001111011000100
45,30.0,00100001111011000100,30.0,00100001111011000100
45,30.0,00100001111011000100,30.0,00100001111011000100
45,30.0,00100001111011000100,30.0,00100001111011000100
45,30.0,00100001111011000100,30.0,00100001111011000100
45,30.0,00100001111011000100,30.0,00101101111011100011
45,30.0,00101101111011100011,30.0,00101101111011100011
45,30.0,00101101111011100011,30.0,00101101111011100011
45,30.0,00101101111011100011,30.0,00101101111011100011
45,30.0,00101101111011100011,30.0,00101101111011100011
45,30.0,00101101111011100011,30.0,00101101111011100011
45,30.0,00101101111011100011,30.0,00101101111011100011
45,30.0,00101101111011100011,30.0,00101101111011100011
45,30.0,00101101111011100011,30.0,00101101111011100011
45,30.0,00101101111011100011,30.0,00101101111011100011
45,30.0,00101101111011100011,30.0,00101101111011100011
45,30.0,00101101111011100011,30.0,00101101111011100011
45,30.0,00101101111011100011,30.0,00101101111011100011
45,30.0,00101101111011100011,30.0,00101101111011100011
45,30.0,00101101111011100011,30.0,00101101111011100011
45,30.0,00101101111011100011,30.0,00101101111011100011
45,30.0,00101101111011100011,30.0,00100001111011000100
45,30.0,00100001111011000100,30.0,00101101111011100011
45,30.0,00101101111011100011,30.0,00101101111011100011
45,30.0,00101101111011100011,30.0,00101101111011100011
45,30.0,00101101111011100011,30.0,00101101111011100011
45,30.0,00101101111011100011,30.0,00101101111011100011
45,30.0,00101101111011100011,30.0,00101101111011100011
45,30.0,00101101111011100011,30.0,00101101111011100011
45,30.0,00101101111011100011,30.0,00101101111011100011
45,30.0,00101101111011100011,30.0,00101101111011100011
45,30.0,00101101111011100011,4.0,00001101101111101011
45,4.0,00001101101111101011,4.0,00001101101111101011
45,4.0,00001101101111101011,4.0,00001101101111101011
45,4.0,00001101101111101011,4.0,00001101101111101011
45,4.0,00001101101111101011,4.0,00001101101111101011
45,4.0,00001101101111101011,4.0,00001101101111101011
45,4.0,00001101101111101011,4.0,00001101101111101011
45,4.0,00001101101111101011,4.0,00001101101111101011
45,4.0,00001101101111101011,4.0,00001101101111101011
45,4.0,00001101101111101011,4.0,00001101101111101011
45,4.0,00001101101111101011,4.0,00001101101111101011
45,4.0,00001101101111101011,4.0,00001101101111101011
45,4.0,00001101101111101011,4.0,00001101101111101011
45,4.0,00001101101111101011,4.0,00001101101111101011
45,4.0,00001101101111101011,4.0,00001101101111101011
45,4.0,00001101101111101011,4.0,00001101101111101011
45,4.0,00001101101111101011,4.0,00001101101111101011
45,4.0,00001101101111101011,4.0,00001101101111101011
45,4.0,00001101101111101011,4.0,00001101101111101011
45,4.0,00001101101111101011,4.0,00001101101111101011
45,4.0,00001101101111101011,4.0,00001101101111101011
45,4.0,00001101101111101011,4.0,00001101101111101011
45,4.0,00001101101111101011,4.0,00001101101111101011
45,4.0,00001101101111101011,4.0,00001101101111101011
45,4.0,00001101101111101011,4.0,00001101101111101011
45,4.0,00001101101111101011,4.0,00001101101111101011
45,4.0,00001101101111101011,4.0,00001101101111101011
45,4.0,00001101101111101011,4.0,00001101101111101011
45,4.0,00001101101111101011,4.0,00001101101111101011
45,4.0,00001101101111101011,4.0,00001101101111101011
45,4.0,00001101101111101011,4.0,00001101101111101011
45,4.0,00001101101111101011,4.0,00001101101111101011
45,4.0,00001101101111101011,4.0,00001101101111101011
45,4.0,00001101101111101011,4.0,00001101101111101011
45,4.0,00001101101111101011,4.0,00001101101111101011
45,4.0,00001101101111101011,4.0,00001101101111101011
45,4.0,00001101101111101011,4.0,00001101101111101011
45,4.0,00001101101111101011,4.0,00001101101111101011
45,4.0,00001101101111101011,4.0,00001101101111101011
45,4.0,00001101101111101011,4.0,00001101101111101011
45,4.0,00001101101111101011,4.0,00001101101111101011
46,2824.0,01111100100101101000,2824.0,01111100100101101000
46,2824.0,01111100100101101000,1800.0,01111100000100111111
46,1800.0,01111100000100111111,1218.0,01111100100010111100
46,1218.0,01111100100010111100,1218.0,01111100100010111100
46,1218.0,01111100100010111100,1182.0,11100000100011011110
46,1182.0,11100000100011011110,530.0,01100001100011001101
46,530.0,01100001100011001101,224.0,01100100101111001010
46,224.0,01100100101111001010,224.0,01100100101111001010
46,224.0,01100100101111001010,224.0,01100100101111001010
46,224.0,01100100101111001010,172.0,01011000101111001000
46,172.0,01011000101111001000,110.0,01001100101111101100
46,110.0,01001100101111101100,72.0,01010000001111101001
46,72.0,01010000001111101001,72.0,01010000001111101001
46,72.0,01010000001111101001,72.0,01010000001111101001
46,72.0,01010000001111101001,72.0,01010000001111101001
46,72.0,01010000001111101001,72.0,01010000001111101001
46,72.0,01010000001111101001,72.0,01010000001111101001
46,72.0,01010000001111101001,72.0,01010000001111101001
46,72.0,01010000001111101001,30.0,01000100011111111011
46,30.0,01000100011111111011,30.0,01000100011111111011
46,30.0,01000100011111111011,30.0,01000100011111111011
46,30.0,01000100011111111011,30.0,01000100011111111011
46,30.0,01000100011111111011,30.0,01000100011111111011
46,30.0,01000100011111111011,30.0,01000100011111111011
46,30.0,01000100011111111011,30.0,01000100011111111011
46,30.0,01000100011111111011,30.0,01000100011111111011
46,30.0,01000100011111111011,30.0,01000100011111111011
46,30.0,01000100011111111011,30.0,01000100011111111011
46,30.0,01000100011111111011,30.0,01000100011111111011
46,30.0,01000100011111111011,30.0,01000100011111111011
46,30.0,01000100011111111011,30.0,01000100011111111011
46,30.0,01000100011111111011,30.0,01000100011111111011
46,30.0,01000100011111111011,30.0,01000100011111111011
46,30.0,01000100011111111011,30.0,01000100011111111011
46,30.0,01000100011111111011,30.0,01000100011111111011
46,30.0,01000100011111111011,30.0,01000100011111111011
46,30.0,01000100011111111011,30.0,01000100011111111011
46,30.0,01000100011111111011,30.0,01000100011111111011
46,30.0,01000100011111111011,30.0,01000100011111111011
46,30.0,01000100011111111011,30.0,01000100011111111011
46,30.0,01000100011111111011,30.0,01000100011111111011
46,30.0,01000100011111111011,30.0,01000100011111111011
46,30.0,01000100011111111011,30.0,01000100011111111011
46,30.0,01000100011111111011,30.0,01000100011111111011
46,30.0,01000100011111111011,30.0,01000100011111111011
46,30.0,01000100011111111011,30.0,01000100011111111011
46,30.0,01000100011111111011,30.0,01000100011111111011
46,30.0,01000100011111111011,30.0,01000100011111111011
46,30.0,01000100011111111011,30.0,01000100011111111011
46,30.0,01000100011111111011,30.0,01000100011111111011
46,30.0,01000100011111111011,30.0,01000100011111111011
46,30.0,01000100011111111011,30.0,01000100011111111011
47,12472.0,10101000011111001011,4040.0,10110000011011100010
47,4040.0,10110000011011100010,1036.0,10110000111001100010
47,1036.0,10110000111001100010,12.0,10110000111100110010
47,12.0,10110000111100110010,12.0,10110000111100110010
47,12.0,10110000111100110010,12.0,10110000111100110010
47,12.0,10110000111100110010,12.0,10110000111100110010
47,12.0,10110000111100110010,12.0,10110000111100110010
47,12.0,10110000111100110010,12.0,10110000111100110010
47,12.0,10110000111100110010,12.0,10110000111100110010
47,12.0,10110000111100110010,12.0,10110000111100110010
47,12.0,10110000111100110010,12.0,10110000111100110010
47,12.0,10110000111100110010,12.0,10110000111100110010
47,12.0,10110000111100110010,12.0,10110000111100110010
47,12.0,10110000111100110010,12.0,10110000111100110010
47,12.0,10110000111100110010,12.0,10110000111100110010
47,12.0,10110000111100110010,12.0,10110000111100110010
47,12.0,10110000111100110010,12.0,10110000111100110010
47,12.0,10110000111100110010,12.0,10110000111100110010
47,12.0,10110000111100110010,12.0,10110000111100110010
47,12.0,10110000111100110010,12.0,10110000111100110010
47,12.0,10110000111100110010,12.0,10110000111100110010
47,12.0,10110000111100110010,12.0,10110000111100110010
47,12.0,10110000111100110010,12.0,10110000111100110010
47,12.0,10110000111100110010,12.0,10110000111100110010
47,12.0,10110000111100110010,12.0,10110000111100110010
47,12.0,10110000111100110010,12.0,10110000111100110010
47,12.0,10110000111100110010,12.0,10110000111100110010
47,12.0,10110000111100110010,12.0,10110000111100110010
47,12.0,10110000111100110010,12.0,10110000111100110010
47,12.0,10110000111100110010,12.0,10110000111100110010
47,12.0,10110000111100110010,12.0,10110000111100110010
47,12.0,10110000111100110010,12.0,10110000111100110010
47,12.0,10110000111100110010,12.0,10110000111100110010
47,12.0,10110000111100110010,12.0,10110000111100110010
47,12.0,10110000111100110010,12.0,10110000111100110010
47,12.0,10110000111100110010,12.0,10110000111100110010
47,12.0,10110000111100110010,12.0,10110000111100110010
47,12.0,10110000111100110010,12.0,10110000111100110010
47,12.0,10110000111100110010,12.0,10110000111100110010
47,12.0,10110000111100110010,12.0,10110000111100110010
47,12.0,10110000111100110010,12.0,10110000111100110010
48,16132.0,10010010001011001000,3844.0,10101010011001001001
48,3844.0,10101010011001001001,1252.0,10100010001011001011
48,1252.0,10100010001011001011,294.0,10101010001011001010
48,294.0,10101010001011001010,150.0,10111010100001001001
48,150.0,10111010100001001001,150.0,10111010100001001001
48,150.0,10111010100001001001,48.0,10011010100111001010
48,48.0,10011010100111001010,48.0,10011010100111001010
48,48.0,10011010100111001010,48.0,10011010100111001010
48,48.0,10011010100111001010,48.0,10011010100111001010
48,48.0,10011010100111001010,48.0,10011010100111001010
48,48.0,10011010100111001010,48.0,10011010100111001010
48,48.0,10011010100111001010,48.0,10011010100111001010
48,48.0,10011010100111001010,48.0,10011010100111001010
48,48.0,10011010100111001010,48.0,10011010100111001010
48,48.0,10011010100111001010,48.0,10011010100111001010
48,48.0,10011010100111001010,48.0,10011010100111001010
48,48.0,10011010100111001010,48.0,10011010100111001010
48,48.0,10011010100111001010,48.0,10011010100111001010
48,48.0,10011010100111001010,48.0,10011010100111001010
48,48.0,10011010100111001010,48.0,10011010100111001010
48,48.0,10011010100111001010,48.0,10011010100111001010
48,48.0,10011010100111001010,48.0,10011010100111001010
48,48.0,10011010100111001010,48.0,10011010100111001010
48,48.0,10011010100111001010,48.0,10011010100111001010
48,48.0,10011010100111001010,48.0,10011010100111001010
48,48.0,10011010100111001010,14.0,10111010110011000010
48,14.0,10111010110011000010,14.0,10111010110011000010
48,14.0,10111010110011000010,14.0,10111010110011000010
48,14.0,10111010110011000010,14.0,10111010110011000010
48,14.0,10111010110011000010,14.0,10111010110011000010
48,14.0,10111010110011000010,14.0,10111010110011000010
48,14.0,10111010110011000010,2.0,10110010001001000010
48,2.0,10110010001001000010,2.0,10110010001001000010
48,2.0,10110010001001000010,2.0,10110010001001000010
48,2.0,10110010001001000010,2.0,10110010001001000010
48,2.0,10110010001001000010,2.0,10110010001001000010
48,2.0,10110010001001000010,2.0,10110010001001000010
48,2.0,10110010001001000010,2.0,10110010001001000010
48,2.0,10110010001001000010,2.0,10110010001001000010
48,2.0,10110010001001000010,2.0,10110010001001000010
48,2.0,10110010001001000010,2.0,10110010001001000010
48,2.0,10110010001001000010,2.0,10110010001001000010
48,2.0,10110010001001000010,2.0,10110010001001000010
48,2.0,10110010001001000010,2.0,10110010001001000010
48,2.0,10110010001001000010,2.0,10110010001001000010
48,2.0,10110010001001000010,2.0,10110010001001000010
48,2.0,10110010001001000010,2.0,10110010001001000010
48,2.0,10110010001001000010,2.0,10110010001001000010
48,2.0,10110010001001000010,2.0,10110010001001000010
48,2.0,10110010001001000010,2.0,10110010001001000010
48,2.0,10110010001001000010,2.0,10110010001001000010
48,2.0,10110010001001000010,2.0,10110010001001000010
48,2.0,10110010001001000010,2.0,10110010001001000010
48,2.0,10110010001001000010,2.0,10110010001001000010
48,2.0,10110010001001000010,2.0,10110010001001000010
48,2.0,10110010001001000010,2.0,10110010001001000010
48,2.0,10110010001001000010,2.0,10110010001001000010
48,2.0,10110010001001000010,2.0,10110010001001000010
48,2.0,10110010001001000010,2.0,10110010001001000010
48,2.0,10110010001001000010,2.0,10110010001001000010
48,2.0,10110010001001000010,2.0,10110010001001000010
48,2.0,10110010001001000010,2.0,10110010001001000010
48,2.0,10110010001001000010,2.0,10110010001001000010
48,2.0,10110010001001000010,2.0,10110010001001000010
48,2.0,10110010001001000010,2.0,10110010001001000010
48,2.0,10110010001001000010,2.0,10110010001001000010
48,2.0,10110010001001000010,2.0,10110010001001000010
48,2.0,10110010001001000010,2.0,10110010001001000010
48,2.0,10110010001001000010,2.0,10110010001001000010
48,2.0,10110010001001000010,2.0,10110010001001000010
48,2.0,10110010001001000010,2.0,10110010001001000010
48,2.0,10110010001001000010,2.0,10110010001001000010
48,2.0,10110010001001000010,2.0,10110010001001000010
48,2.0,10110010001001000010,2.0,10110010001001000010
48,2.0,10110010001001000010,2.0,10110010001001000010
48,2.0,10110010001001000010,2.0,10110010001001000010
48,2.0,10110010001001000010,2.0,10110010001001000010
48,2.0,10110010001001000010,2.0,10110010001001000010
48,2.0,10110010001001000010,2.0,10110010001001000010
48,2.0,10110010001001000010,2.0,10110010001001000010
48,2.0,10110010001001000010,2.0,10110010001001000010
48,2.0,10110010001001000010,2.0,10110010001001000010
48,2.0,10110010001001000010,2.0,10110010001001000010
48,2.0,10110010001001000010,2.0,10110010001001000010
48,2.0,10110010001001000010,2.0,10110010001001000010
48,2.0,10110010001001000010,2.0,10110010001001000010
49,17804.0,01110010001000010100,6978.0,01111110001000000111
49,6978.0,01111110001000000111,1614.0,00111010001110000111
49,1614.0,00111010001110000111,60.0,00110011000000001111
49,60.0,00110011000000001111,60.0,00110011000000001111
49,60.0,00110011000000001111,60.0,00110011000000001111
49,60.0,00110011000000001111,60.0,00110011000000001111
49,60.0,00110011000000001111,60.0,00110011000000001111
49,60.0,00110011000000001111,56.0,00010011001000001100
49,56.0,00010011001000001100,56.0,00010011001000001100
49,56.0,00010011001000001100,56.0,00010011001000001100
49,56.0,00010011001000001100,56.0,00010011001000001100
49,56.0,00010011001000001100,56.0,00010011001000001100
49,56.0,00010011001000001100,56.0,00010011001000001100
49,56.0,00010011001000001100,56.0,00010011001000001100
49,56.0,00010011001000001100,56.0,00010011001000001100
49,56.0,00010011001000001100,56.0,00010011001000001100
49,56.0,00010011001000001100,56.0,00010011001000001100
49,56.0,00010011001000001100,56.0,00010011001000001100
49,56.0,00010011001000001100,56.0,00010011001000001100
49,56.0,00010011001000001100,56.0,00010011001000001100
49,56.0,00010011001000001100,56.0,00010011001000001100
49,56.0,00010011001000001100,56.0,00010011001000001100
49,56.0,00010011001000001100,56.0,00010011001000001100
49,56.0,00010011001000001100,56.0,00010011001000001100
49,56.0,00010011001000001100,56.0,00010011001000001100
49,56.0,00010011001000001100,56.0,00010011001000001100
49,56.0,00010011001000001100,56.0,00010011001000001100
49,56.0,00010011001000001100,4.0,00011111001000101011
49,4.0,00011111001000101011,4.0,00011111001000101011
49,4.0,00011111001000101011,4.0,00011111001000101011
49,4.0,00011111001000101011,4.0,00011111001000101011
49,4.0,00011111001000101011,4.0,00011111001000101011
49,4.0,00011111001000101011,4.0,00011111001000101011
49,4.0,00011111001000101011,4.0,00011111001000101011
49,4.0,00011111001000101011,4.0,00011111001000101011
49,4.0,00011111001000101011,4.0,00011111001000101011
49,4.0,00011111001000101011,4.0,00011111001000101011
49,4.0,00011111001000101011,4.0,00011111001000101011
49,4.0,00011111001000101011,4.0,00011111001000101011
49,4.0,00011111001000101011,4.0,00011111001000101011
49,4.0,00011111001000101011,4.0,00011111001000101011
49,4.0,00011111001000101011,4.0,00011111001000101011
49,4.0,00011111001000101011,4.0,00011111001000101011
49,4.0,00011111001000101011,4.0,00011111001000101011
49,4.0,00011111001000101011,4.0,00011111001000101011
49,4.0,00011111001000101011,4.0,00011111001000101011
49,4.0,00011111001000101011,4.0,00011111001000101011
49,4.0,00011111001000101011,4.0,00011111001000101011
49,4.0,00011111001000101011,4.0,00011111001000101011
49,4.0,00011111001000101011,4.0,00011111001000101011
49,4.0,00011111001000101011,4.0,00011111001000101011
49,4.0,00011111001000101011,4.0,00011111001000101011
49,4.0,00011111001000101011,4.0,00011111001000101011
49,4.0,00011111001000101011,4.0,00011111001000101011
49,4.0,00011111001000101011,4.0,00011111001000101011
49,4.0,00011111001000101011,4.0,00011111001000101011
49,4.0,00011111001000101011,0.0,01010110011010101000
49,0.0,01010110011010101000,0.0,01010110011010101000
49,0.0,01010110011010101000,0.0,01010110011010101000
49,0.0,01010110011010101000,0.0,01010110011010101000
49,0.0,01010110011010101000,0.0,01010110011010101000
49,0.0,01010110011010101000,0.0,01010110011010101000
49,0.0,01010110011010101000,0.0,01010110011010101000
49,0.0,01010110011010101000,0.0,01010110011010101000
49,0.0,01010110011010101000,0.0,01010110011010101000
49,0.0,01010110011010101000,0.0,01010110011010101000
49,0.0,01010110011010101000,0.0,01010110011010101000
49,0.0,01010110011010101000,0.0,01010110011010101000
49,0.0,01010110011010101000,0.0,01010110011010101000
49,0.0,01010110011010101000,0.0,01010110011010101000
49,0.0,01010110011010101000,0.0,01010110011010101000
49,0.0,01010110011010101000,0.0,01010110011010101000
49,0.0,01010110011010101000,0.0,01010110011010101000
49,0.0,01010110011010101000,0.0,01010110011010101000
49,0.0,01010110011010101000,0.0,01010110011010101000
49,0.0,01010110011010101000,0.0,01010110011010101000
49,0.0,01010110011010101000,0.0,01010110011010101000
49,0.0,01010110011010101000,0.0,01010110011010101000
49,0.0,01010110011010101000,0.0,01010110011010101000
49,0.0,01010110011010101000,0.0,01010110011010101000
49,0.0,01010110011010101000,0.0,01010110011010101000
49,0.0,01010110011010101000,0.0,01010110011010101000
49,0.0,01010110011010101000,0.0,01010110011010101000
49,0.0,01010110011010101000,0.0,01010110011010101000
49,0.0,01010110011010101000,0.0,01010110011010101000
49,0.0,01010110011010101000,0.0,01010110011010101000
49,0.0,01010110011010101000,0.0,01010110011010101000
49,0.0,01010110011010101000,0.0,01010110011010101000
49,0.0,01010110011010101000,0.0,01010110011010101000
49,0.0,01010110011010101000,0.0,01010110011010101000
49,0.0,01010110011010101000,0.0,01010110011010101000
49,0.0,01010110011010101000,0.0,01010110011010101000
50,2146.0,00110101000110001110,974.0,10110001010110001000
50,974.0,10110001010110001000,974.0,10110001010110001000
50,974.0,10110001010110001000,974.0,10110001010110001000
50,974.0,10110001010110001000,62.0,10100001011110001010
50,62.0,10100001011110001010,62.0,10100001011110001010
50,62.0,10100001011110001010,62.0,10100001011110001010
50,62.0,10100001011110001010,62.0,10100001011110001010
50,62.0,10100001011110001010,62.0,10100001011110001010
50,62.0,10100001011110001010,28.0,10101011010100101011
50,28.0,10101011010100101011,28.0,10101011010100101011
50,28.0,10101011010100101011,28.0,10101011010100101011
50,28.0,10101011010100101011,28.0,10101011010100101011
50,28.0,10101011010100101011,28.0,10101011010100101011
50,28.0,10101011010100101011,28.0,10101011010100101011
50,28.0,10101011010100101011,16.0,10011111000100101010
50,16.0,10011111000100101010,16.0,10011111000100101010
50,16.0,10011111000100101010,16.0,10011111000100101010
50,16.0,10011111000100101010,16.0,10011111000100101010
50,16.0,10011111000100101010,16.0,10011111000100101010
50,16.0,10011111000100101010,16.0,10011111000100101010
50,16.0,10011111000100101010,16.0,10011111000100101010
50,16.0,10011111000100101010,16.0,10011111000100101010
50,16.0,10011111000100101010,16.0,10011111000100101010
50,16.0,10011111000100101010,16.0,10011111000100101010
50,16.0,10011111000100101010,16.0,10011111000100101010
50,16.0,10011111000100101010,16.0,10011111000100101010
50,16.0,10011111000100101010,16.0,10011111000100101010
50,16.0,10011111000100101010,16.0,10011111000100101010
50,16.0,10011111000100101010,16.0,10011111000100101010
50,16.0,10011111000100101010,16.0,10011111000100101010
50,16.0,10011111000100101010,4.0,00011111001000101011
50,4.0,00011111001000101011,4.0,00011111001000101011
50,4.0,00011111001000101011,4.0,00011111001000101011
50,4.0,00011111001000101011,4.0,00011111001000101011
50,4.0,00011111001000101011,4.0,00011111001000101011
50,4.0,00011111001000101011,4.0,00011111001000101011
50,4.0,00011111001000101011,4.0,00011111001000101011
50,4.0,00011111001000101011,4.0,00011111001000101011
50,4.0,00011111001000101011,4.0,00011111001000101011
50,4.0,00011111001000101011,4.0,00011111001000101011
50,4.0,00011111001000101011,4.0,00011111001000101011
50,4.0,00011111001000101011,4.0,00011111001000101011
50,4.0,00011111001000101011,4.0,00011111001000101011
50,4.0,00011111001000101011,4.0,00011111001000101011
50,4.0,00011111001000101011,4.0,00011111001000101011
50,4.0,00011111001000101011,4.0,00011111001000101011
50,4.0,00011111001000101011,4.0,00011111001000101011
50,4.0,00011111001000101011,4.0,00011111001000101011
50,4.0,00011111001000101011,4.0,00011111001000101011
50,4.0,00011111001000101011,4.0,00011111001000101011
50,4.0,00011111001000101011,4.0,00011111001000101011
50,4.0,00011111001000101011,4.0,00011111001000101011
50,4.0,00011111001000101011,4.0,00011111001000101011
50,4.0,00011111001000101011,4.0,00011111001000101011
50,4.0,00011111001000101011,4.0,00011111001000101011
50,4.0,00011111001000101011,4.0,00011111001000101011
50,4.0,00011111001000101011,4.0,00011111001000101011
50,4.0,00011111001000101011,4.0,00011111001000101011
50,4.0,00011111001000101011,4.0,00011111001000101011
50,4.0,00011111001000101011,4.0,00011111001000101011
50,4.0,00011111001000101011,4.0,00011111001000101011
50,4.0,00011111001000101011,4.0,00011111001000101011
50,4.0,00011111001000101011,4.0,00011111001000101011
50,4.0,00011111001000101011,4.0,00011111001000101011
50,4.0,00011111001000101011,4.0,00011111001000101011
50,4.0,00011111001000101011,4.0,00011111001000101011
50,4.0,00011111001000101011,4.0,00011111001000101011
50,4.0,00011111001000101011,4.0,00011111001000101011
50,4.0,00011111001000101011,4.0,00011111001000101011
50,4.0,00011111001000101011,4.0,00011111001000101011
50,4.0,00011111001000101011,4.0,00011111001000101011
50,4.0,00011111001000101011,4.0,00011111001000101011
50,4.0,00011111001000101011,4.0,00011111001000101011
50,4.0,00011111001000101011,4.0,00011111001000101011
50,4.0,00011111001000101011,4.0,00011111001000101011
51,5610.0,00010110111001000110,1650.0,00010110011011000101
51,1650.0,00010110011011000101,1570.0,00001011001111000101
51,1570.0,00001011001111000101,222.0,00011101011111000000
51,222.0,00011101011111000000,44.0,00000101011111101010
51,44.0,00000101011111101010,44.0,00000101011111101010
51,44.0,00000101011111101010,4.0,00001101101111101011
51,4.0,00001101101111101011,4.0,00001101101111101011
51,4.0,00001101101111101011,4.0,00001101101111101011
51,4.0,00001101101111101011,4.0,00001101101111101011
51,4.0,00001101101111101011,4.0,00001101101111101011
51,4.0,00001101101111101011,4.0,00001101101111101011
51,4.0,00001101101111101011,4.0,00001101101111101011
51,4.0,00001101101111101011,4.0,00001101101111101011
51,4.0,00001101101111101011,4.0,00001101101111101011
51,4.0,00001101101111101011,4.0,00001101101111101011
51,4.0,00001101101111101011,4.0,00001101101111101011
51,4.0,00001101101111101011,4.0,00001101101111101011
51,4.0,00001101101111101011,4.0,00001101101111101011
51,4.0,00001101101111101011,4.0,00001101101111101011
51,4.0,00001101101111101011,4.0,00001101101111101011
51,4.0,00001101101111101011,4.0,00001101101111101011
51,4.0,00001101101111101011,4.0,00001101101111101011
51,4.0,00001101101111101011,4.0,00001101101111101011
51,4.0,00001101101111101011,4.0,00001101101111101011
51,4.0,00001101101111101011,4.0,00001101101111101011
51,4.0,00001101101111101011,4.0,00001101101111101011
51,4.0,00001101101111101011,4.0,00001101101111101011
51,4.0,00001101101111101011,4.0,00001101101111101011
51,4.0,00001101101111101011,4.0,00001101101111101011
51,4.0,00001101101111101011,4.0,00001101101111101011
51,4.0,00001101101111101011,4.0,00001101101111101011
51,4.0,00001101101111101011,4.0,00001101101111101011
51,4.0,00001101101111101011,4.0,00001101101111101011
51,4.0,00001101101111101011,4.0,00001101101111101011
51,4.0,00001101101111101011,4.0,00001101101111101011
51,4.0,00001101101111101011,4.0,00001101101111101011
51,4.0,00001101101111101011,4.0,00001101101111101011
51,4.0,00001101101111101011,4.0,00001101101111101011
51,4.0,00001101101111101011,4.0,00001101101111101011
51,4.0,00001101101111101011,4.0,00001101101111101011
51,4.0,00001101101111101011,4.0,00001101101111101011
51,4.0,00001101101111101011,4.0,00001101101111101011
51,4.0,00001101101111101011,4.0,00001101101111101011
52,5562.0,01101111001000001001,1244.0,11100011011000000010
52,1244.0,11100011011000000010,204.0,11101010111000001011
52,204.0,11101010111000001011,64.0,11101010110110101001
52,64.0,11101010110110101001,64.0,11101010110110101001
52,64.0,11101010110110101001,64.0,11101010110110101001
52,64.0,11101010110110101001,64.0,11101010110110101001
52,64.0,11101010110110101001,64.0,11101010110110101001
52,64.0,11101010110110101001,64.0,11101010110110101001
52,64.0,11101010110110101001,56.0,11101100110111110011
52,56.0,11101100110111110011,56.0,11101100110111110011
52,56.0,11101100110111110011,56.0,11101100110111110011
52,56.0,11101100110111110011,56.0,11101100110111110011
52,56.0,11101100110111110011,56.0,11101100110111110011
52,56.0,11101100110111110011,56.0,11101100110111110011
52,56.0,11101100110111110011,56.0,11101100110111110011
52,56.0,11101100110111110011,56.0,11101100110111110011
52,56.0,11101100110111110011,56.0,11101100110111110011
52,56.0,11101100110111110011,56.0,11101100110111110011
52,56.0,11101100110111110011,56.0,11101100110111110011
52,56.0,11101100110111110011,56.0,11101100110111110011
52,56.0,11101100110111110011,56.0,11101100110111110011
52,56.0,11101100110111110011,56.0,11101100110111110011
52,56.0,11101100110111110011,56.0,11101100110111110011
52,56.0,11101100110111110011,56.0,11101100110111110011
52,56.0,11101100110111110011,56.0,11101100110111110011
52,56.0,11101100110111110011,56.0,11101100110111110011
52,56.0,11101100110111110011,40.0,11100010110101010000
52,40.0,11100010110101010000,40.0,11100010110101010000
52,40.0,11100010110101010000,40.0,11100010110101010000
52,40.0,11100010110101010000,40.0,11100010110101010000
52,40.0,11100010110101010000,40.0,11100010110101010000
52,40.0,11100010110101010000,40.0,11100010110101010000
52,40.0,11100010110101010000,40.0,11100010110101010000
52,40.0,11100010110101010000,40.0,11100010110101010000
52,40.0,11100010110101010000,40.0,11100010110101010000
52,40.0,11100010110101010000,40.0,11100010110101010000
52,40.0,11100010110101010000,40.0,11100010110101010000
52,40.0,11100010110101010000,40.0,11100010110101010000
52,40.0,11100010110101010000,40.0,11100010110101010000
52,40.0,11100010110101010000,40.0,11100010110101010000
52,40.0,11100010110101010000,40.0,11100010110101010000
52,40.0,11100010110101010000,40.0,11100010110101010000
52,40.0,11100010110101010000,40.0,11100010110101010000
52,40.0,11100010110101010000,40.0,11100010110101010000
52,40.0,11100010110101010000,40.0,11100010110101010000
52,40.0,11100010110101010000,40.0,11100010110101010000
52,40.0,11100010110101010000,40.0,11100010110101010000
52,40.0,11100010110101010000,40.0,11100010110101010000
52,40.0,11100010110101010000,40.0,11100010110101010000
52,40.0,11100010110101010000,40.0,11100010110101010000
52,40.0,11100010110101010000,40.0,11100010110101010000
52,40.0,11100010110101010000,40.0,11100010110101010000
52,40.0,11100010110101010000,40.0,11100010110101010000
52,40.0,11100010110101010000,40.0,11100010110101010000
52,40.0,11100010110101010000,40.0,11100010110101010000
52,40.0,11100010110101010000,40.0,11100010110101010000
52,40.0,11100010110101010000,40.0,11100010110101010000
52,40.0,11100010110101010000,40.0,11100010110101010000
52,40.0,11100010110101010000,40.0,11100010110101010000
52,40.0,11100010110101010000,40.0,11100010110101010000
52,40.0,11100010110101010000,40.0,11100010110101010000
52,40.0,11100010110101010000,40.0,11100010110101010000
52,40.0,11100010110101010000,40.0,11100010110101010000
52,40.0,11100010110101010000,40.0,11100010110101010000
52,40.0,11100010110101010000,40.0,11100010110101010000
52,40.0,11100010110101010000,40.0,11100010110101010000
52,40.0,11100010110101010000,4.0,11100000110111010100
52,4.0,11100000110111010100,4.0,11100000110111010100
52,4.0,11100000110111010100,4.0,11100000110111010100
52,4.0,11100000110111010100,4.0,11100000110111010100
52,4.0,11100000110111010100,4.0,11100000110111010100
52,4.0,11100000110111010100,4.0,11100000110111010100
52,4.0,11100000110111010100,4.0,11100000110111010100
52,4.0,11100000110111010100,4.0,11100000110111010100
52,4.0,11100000110111010100,4.0,11100000110111010100
52,4.0,11100000110111010100,4.0,11100000110111010100
52,4.0,11100000110111010100,4.0,11100000110111010100
52,4.0,11100000110111010100,4.0,11100000110111010100
52,4.0,11100000110111010100,4.0,11100000110111010100
52,4.0,11100000110111010100,4.0,11100000110111010100
52,4.0,11100000110111010100,4.0,11100000110111010100
52,4.0,11100000110111010100,4.0,11100000110111010100
52,4.0,11100000110111010100,4.0,11100000110111010100
52,4.0,11100000110111010100,4.0,11100000110111010100
52,4.0,11100000110111010100,4.0,11100000110111010100
52,4.0,11100000110111010100,4.0,11100000110111010100
52,4.0,11100000110111010100,4.0,11100000110111010100
52,4.0,11100000110111010100,4.0,11100000110111010100
52,4.0,11100000110111010100,4.0,11100000110111010100
52,4.0,11100000110111010100,4.0,11100000110111010100
52,4.0,11100000110111010100,4.0,11100000110111010100
52,4.0,11100000110111010100,4.0,11100000110111010100
52,4.0,11100000110111010100,4.0,11100000110111010100
52,4.0,11100000110111010100,4.0,11100000110111010100
52,4.0,11100000110111010100,4.0,11100000110111010100
52,4.0,11100000110111010100,4.0,11100000110111010100
52,4.0,11100000110111010100,4.0,11100000110111010100
52,4.0,11100000110111010100,4.0,11100000110111010100
52,4.0,11100000110111010100,4.0,11100000110111010100
52,4.0,11100000110111010100,4.0,11100000110111010100
52,4.0,11100000110111010100,4.0,11100000110111010100
52,4.0,11100000110111010100,4.0,11100000110111010100
52,4.0,11100000110111010100,4.0,11100000110111010100
52,4.0,11100000110111010100,4.0,11100000110111010100
52,4.0,11100000110111010100,4.0,11100000110111010100
52,4.0,11100000110111010100,4.0,11100000110111010100
52,4.0,11100000110111010100,4.0,11100000110111010100
52,4.0,11100000110111010100,4.0,11100000110111010100
52,4.0,11100000110111010100,4.0,11100000110111010100
52,4.0,11100000110111010100,4.0,11100000110111010100
53,3640.0,10110101000100010111,2004.0,10111001100100010100
53,2004.0,10111001100100010100,1858.0,10100111100100010100
53,1858.0,10100111100100010100,1358.0,10000111111000010100
53,1358.0,10000111111000010100,348.0,10000101111001010100
53,348.0,10000101111001010100,116.0,10011000011011010110
53,116.0,10011000011011010110,116.0,10011000011011010110
53,116.0,10011000011011010110,116.0,10011000011011010110
53,116.0,10011000011011010110,116.0,10011000011011010110
53,116.0,10011000011011010110,116.0,10011000011011010110
53,116.0,10011000011011010110,116.0,10011000011011010110
53,116.0,10011000011011010110,116.0,10011000011011010110
53,116.0,10011000011011010110,116.0,10011000011011010110
53,116.0,10011000011011010110,116.0,10011000011011010110
53,116.0,10011000011011010110,116.0,10011000011011010110
53,116.0,10011000011011010110,116.0,10011000011011010110
53,116.0,10011000011011010110,116.0,10011000011011010110
53,116.0,10011000011011010110,116.0,10011000011011010110
53,116.0,10011000011011010110,76.0,10101000101011110110
53,76.0,10101000101011110110,2.0,10100001101010110100
53,2.0,10100001101010110100,2.0,10100001101010110100
53,2.0,10100001101010110100,2.0,10100001101010110100
53,2.0,10100001101010110100,2.0,10100001101010110100
53,2.0,10100001101010110100,2.0,10100001101010110100
53,2.0,10100001101010110100,2.0,10100001101010110100
53,2.0,10100001101010110100,2.0,10100001101010110100
53,2.0,10100001101010110100,2.0,10100001101010110100
53,2.0,10100001101010110100,2.0,10100001101010110100
53,2.0,10100001101010110100,2.0,10100001101010110100
53,2.0,10100001101010110100,2.0,10100001101010110100
53,2.0,10100001101010110100,2.0,10100001101010110100
53,2.0,10100001101010110100,2.0,10100001101010110100
53,2.0,10100001101010110100,2.0,10100001101010110100
53,2.0,10100001101010110100,2.0,10100001101010110100
53,2.0,10100001101010110100,2.0,10100001101010110100
53,2.0,10100001101010110100,2.0,10100001101010110100
53,2.0,10100001101010110100,2.0,10100001101010110100
53,2.0,10100001101010110100,2.0,10100001101010110100
53,2.0,10100001101010110100,2.0,10100001101010110100
53,2.0,10100001101010110100,2.0,10100001101010110100
53,2.0,10100001101010110100,2.0,10100001101010110100
53,2.0,10100001101010110100,2.0,10100001101010110100
53,2.0,10100001101010110100,2.0,10100001101010110100
53,2.0,10100001101010110100,2.0,10100001101010110100
53,2.0,10100001101010110100,2.0,10100001101010110100
53,2.0,10100001101010110100,2.0,10100001101010110100
53,2.0,10100001101010110100,2.0,10100001101010110100
53,2.0,10100001101010110100,2.0,10100001101010110100
53,2.0,10100001101010110100,2.0,10100001101010110100
53,2.0,10100001101010110100,2.0,10100001101010110100
53,2.0,10100001101010110100,2.0,10100001101010110100
53,2.0,10100001101010110100,2.0,10100001101010110100
53,2.0,10100001101010110100,2.0,10100001101010110100
53,2.0,10100001101010110100,2.0,10100001101010110100
53,2.0,10100001101010110100,2.0,10100001101010110100
54,4766.0,00100001100101011100,2246.0,10101100100101111101
54,2246.0,10101100100101111101,1478.0,10101100000111111100
54,1478.0,10101100000111111100,768.0,10101001000111010110
54,768.0,10101001000111010110,0.0,10101001100101010111
54,0.0,10101001100101010111,0.0,10101001100101010111
54,0.0,10101001100101010111,0.0,10101001100101010111
54,0.0,10101001100101010111,0.0,10101001100101010111
54,0.0,10101001100101010111,0.0,10101001100101010111
54,0.0,10101001100101010111,0.0,10101001100101010111
54,0.0,10101001100101010111,0.0,10101001100101010111
54,0.0,10101001100101010111,0.0,10101001100101010111
54,0.0,10101001100101010111,0.0,10101001100101010111
54,0.0,10101001100101010111,0.0,10101001100101010111
54,0.0,10101001100101010111,0.0,10101001100101010111
54,0.0,10101001100101010111,0.0,10101001100101010111
54,0.0,10101001100101010111,0.0,10101001100101010111
54,0.0,10101001100101010111,0.0,10101001100101010111
54,0.0,10101001100101010111,0.0,10101001100101010111
54,0.0,10101001100101010111,0.0,10101001100101010111
54,0.0,10101001100101010111,0.0,10101001100101010111
54,0.0,10101001100101010111,0.0,10101001100101010111
54,0.0,10101001100101010111,0.0,10101001100101010111
54,0.0,10101001100101010111,0.0,10101001100101010111
54,0.0,10101001100101010111,0.0,10101001100101010111
54,0.0,10101001100101010111,0.0,10101001100101010111
54,0.0,10101001100101010111,0.0,10101001100101010111
54,0.0,10101001100101010111,0.0,10101001100101010111
54,0.0,10101001100101010111,0.0,10101001100101010111
54,0.0,10101001100101010111,0.0,10101001100101010111
54,0.0,10101001100101010111,0.0,10101001100101010111
54,0.0,10101001100101010111,0.0,10101001100101010111
55,2676.0,01000111101101000000,2568.0,00001011111101100001
55,2568.0,00001011111101100001,1322.0,00001011001011101011
55,1322.0,00001011001011101011,474.0,00000111001011101000
55,474.0,00000111001011101000,474.0,00000111001011101000
55,474.0,00000111001011101000,194.0,10001011101011100001
55,194.0,10001011101011100001,54.0,10000111011011000011
55,54.0,10000111011011000011,54.0,10000111011011000011
55,54.0,10000111011011000011,54.0,10000111011011000011
55,54.0,10000111011011000011,54.0,10000111011011000011
55,54.0,10000111011011000011,54.0,10000111011011000011
55,54.0,10000111011011000011,54.0,10000111011011000011
55,54.0,10000111011011000011,54.0,10000111011011000011
55,54.0,10000111011011000011,54.0,10000111011011000011
55,54.0,10000111011011000011,54.0,10000111011011000011
55,54.0,10000111011011000011,54.0,10000111011011000011
55,54.0,10000111011011000011,54.0,10000111011011000011
55,54.0,10000111011011000011,54.0,10000111011011000011
55,54.0,10000111011011000011,54.0,10000111011011000011
55,54.0,10000111011011000011,44.0,00000101011111101010
55,44.0,00000101011111101010,20.0,00011001010111101011
55,20.0,00011001010111101011,20.0,00011001010111101011
55,20.0,00011001010111101011,20.0,00011001010111101011
55,20.0,00011001010111101011,20.0,00011001010111101011
55,20.0,00011001010111101011,20.0,00011001010111101011
55,20.0,00011001010111101011,20.0,00011001010111101011
55,20.0,00011001010111101011,20.0,00011001010111101011
55,20.0,00011001010111101011,20.0,00011001010111101011
55,20.0,00011001010111101011,20.0,00011001010111101011
55,20.0,00011001010111101011,20.0,00011001010111101011
55,20.0,00011001010111101011,20.0,00011001010111101011
55,20.0,00011001010111101011,20.0,00011001010111101011
55,20.0,00011001010111101011,20.0,00011001010111101011
55,20.0,00011001010111101011,20.0,00011001010111101011
55,20.0,00011001010111101011,20.0,00011001010111101011
55,20.0,00011001010111101011,20.0,00011001010111101011
55,20.0,00011001010111101011,20.0,00011001010111101011
55,20.0,00011001010111101011,20.0,00011001010111101011
55,20.0,00011001010111101011,20.0,00011001010111101011
55,20.0,00011001010111101011,20.0,00011001010111101011
55,20.0,00011001010111101011,20.0,00011001010111101011
55,20.0,00011001010111101011,20.0,00011001010111101011
55,20.0,00011001010111101011,20.0,00011001010111101011
55,20.0,00011001010111101011,20.0,00011001010111101011
55,20.0,00011001010111101011,20.0,00011001010111101011
55,20.0,00011001010111101011,20.0,00011001010111101011
55,20.0,00011001010111101011,20.0,00011001010111101011
55,20.0,00011001010111101011,20.0,00011001010111101011
55,20.0,00011001010111101011,20.0,00011001010111101011
55,20.0,00011001010111101011,20.0,00011001010111101011
55,20.0,00011001010111101011,20.0,00011001010111101011
55,20.0,00011001010111101011,20.0,00011001010111101011
55,20.0,00011001010111101011,20.0,00011001010111101011
55,20.0,00011001010111101011,20.0,00011001010111101011
55,20.0,00011001010111101011,20.0,00011001010111101011
56,868.0,00010101010111101000,388.0,00011100101111101011
56,388.0,00011100101111101011,110.0,01001100101111101100
56,110.0,01001100101111101100,60.0,11001100111111110000
56,60.0,11001100111111110000,60.0,11001100111111110000
56,60.0,11001100111111110000,60.0,11001100111111110000
56,60.0,11001100111111110000,56.0,11101100110111110011
56,56.0,11101100110111110011,56.0,11101100110111110011
56,56.0,11101100110111110011,56.0,11101100110111110011
56,56.0,11101100110111110011,56.0,11101100110111110011
56,56.0,11101100110111110011,56.0,11101100110111110011
56,56.0,11101100110111110011,56.0,11101100110111110011
56,56.0,11101100110111110011,56.0,11101100110111110011
56,56.0,11101100110111110011,56.0,11101100110111110011
56,56.0,11101100110111110011,56.0,11101100110111110011
56,56.0,11101100110111110011,56.0,11101100110111110011
56,56.0,11101100110111110011,4.0,11100000110111010100
56,4.0,11100000110111010100,4.0,11100000110111010100
56,4.0,11100000110111010100,4.0,11100000110111010100
56,4.0,11100000110111010100,4.0,11100000110111010100
56,4.0,11100000110111010100,4.0,11100000110111010100
56,4.0,11100000110111010100,4.0,11100000110111010100
56,4.0,11100000110111010100,4.0,11100000110111010100
56,4.0,11100000110111010100,4.0,11100000110111010100
56,4.0,11100000110111010100,4.0,11100000110111010100
56,4.0,11100000110111010100,4.0,11100000110111010100
56,4.0,11100000110111010100,4.0,11100000110111010100
56,4.0,11100000110111010100,4.0,11100000110111010100
56,4.0,11100000110111010100,4.0,11100000110111010100
56,4.0,11100000110111010100,4.0,11100000110111010100
56,4.0,11100000110111010100,4.0,11100000110111010100
56,4.0,11100000110111010100,4.0,11100000110111010100
56,4.0,11100000110111010100,4.0,11100000110111010100
56,4.0,11100000110111010100,4.0,11100000110111010100
56,4.0,11100000110111010100,4.0,11100000110111010100
56,4.0,11100000110111010100,4.0,11100000110111010100
56,4.0,11100000110111010100,4.0,11100000110111010100
56,4.0,11100000110111010100,4.0,11100000110111010100
56,4.0,11100000110111010100,4.0,11100000110111010100
56,4.0,11100000110111010100,4.0,11100000110111010100
56,4.0,11100000110111010100,4.0,11100000110111010100
56,4.0,11100000110111010100,4.0,11100000110111010100
56,4.0,11100000110111010100,4.0,11100000110111010100
56,4.0,11100000110111010100,4.0,11100000110111010100
56,4.0,11100000110111010100,4.0,11100000110111010100
56,4.0,11100000110111010100,4.0,11100000110111010100
56,4.0,11100000110111010100,4.0,11100000110111010100
56,4.0,11100000110111010100,4.0,11100000110111010100
56,4.0,11100000110111010100,4.0,11100000110111010100
56,4.0,11100000110111010100,4.0,11100000110111010100
56,4.0,11100000110111010100,4.0,11100000110111010100
56,4.0,11100000110111010100,4.0,11100000110111010100
56,4.0,11100000110111010100,4.0,11100000110111010100
56,4.0,11100000110111010100,4.0,11100000110111010100
56,4.0,11100000110111010100,4.0,11100000110111010100
56,4.0,11100000110111010100,4.0,11100000110111010100
56,4.0,11100000110111010100,4.0,11100000110111010100
56,4.0,11100000110111010100,4.0,11100000110111010100
56,4.0,11100000110111010100,4.0,11100000110111010100
56,4.0,11100000110111010100,4.0,11100000110111010100
56,4.0,11100000110111010100,4.0,11100000110111010100
56,4.0,11100000110111010100,4.0,11100000110111010100
56,4.0,11100000110111010100,4.0,11100000110111010100
56,4.0,11100000110111010100,4.0,11100000110111010100
56,4.0,11100000110111010100,4.0,11100000110111010100
56,4.0,11100000110111010100,4.0,11100000110111010100
56,4.0,11100000110111010100,4.0,11100000110111010100
56,4.0,11100000110111010100,4.0,11100000110111010100
56,4.0,11100000110111010100,4.0,11100000110111010100
56,4.0,11100000110111010100,4.0,11100000110111010100
56,4.0,11100000110111010100,4.0,11100000110111010100
56,4.0,11100000110111010100,4.0,11100000110111010100
57,1658.0,01101110101001000101,296.0,00101110101011100100
57,296.0,00101110101011100100,178.0,10100100101011001100
57,178.0,10100100101011001100,178.0,10100100101011001100
57,178.0,10100100101011001100,178.0,10100100101011001100
57,178.0,10100100101011001100,30.0,00100001111011000100
57,30.0,00100001111011000100,30.0,00100001111011000100
57,30.0,00100001111011000100,30.0,00100001111011000100
57,30.0,00100001111011000100,30.0,00100001111011000100
57,30.0,00100001111011000100,30.0,00100001111011000100
57,30.0,00100001111011000100,30.0,00100001111011000100
57,30.0,00100001111011000100,30.0,00100001111011000100
57,30.0,00100001111011000100,30.0,00100001111011000100
57,30.0,00100001111011000100,30.0,00100001111011000100
57,30.0,00100001111011000100,30.0,00100001111011000100
57,30.0,00100001111011000100,16.0,10101010101010001111
57,16.0,10101010101010001111,16.0,10101010101010001111
57,16.0,10101010101010001111,16.0,10101010101010001111
57,16.0,10101010101010001111,16.0,10101010101010001111
57,16.0,10101010101010001111,16.0,10101010101010001111
57,16.0,10101010101010001111,16.0,10101010101010001111
57,16.0,10101010101010001111,16.0,10101010101010001111
57,16.0,10101010101010001111,16.0,10101010101010001111
57,16.0,10101010101010001111,16.0,10101010101010001111
57,16.0,10101010101010001111,16.0,10101010101010001111
57,16.0,10101010101010001111,16.0,10101010101010001111
57,16.0,10101010101010001111,16.0,10101010101010001111
57,16.0,10101010101010001111,16.0,10101010101010001111
57,16.0,10101010101010001111,16.0,10101010101010001111
57,16.0,10101010101010001111,16.0,10101010101010001111
57,16.0,10101010101010001111,16.0,10101010101010001111
57,16.0,10101010101010001111,16.0,10101010101010001111
57,16.0,10101010101010001111,16.0,10101010101010001111
57,16.0,10101010101010001111,16.0,10101010101010001111
57,16.0,10101010101010001111,16.0,10101010101010001111
57,16.0,10101010101010001111,16.0,10101010101010001111
57,16.0,10101010101010001111,16.0,10101010101010001111
57,16.0,10101010101010001111,16.0,10101010101010001111
57,16.0,10101010101010001111,16.0,10101010101010001111
57,16.0,10101010101010001111,16.0,10101010101010001111
57,16.0,10101010101010001111,16.0,10101010101010001111
57,16.0,10101010101010001111,16.0,10101010101010001111
57,16.0,10101010101010001111,16.0,10101010101010001111
57,16.0,10101010101010001111,16.0,10101010101010001111
57,16.0,10101010101010001111,16.0,10101010101010001111
58,420.0,10101100111101110001,20.0,11101100110101011000
58,20.0,11101100110101011000,20.0,11101100110101011000
58,20.0,11101100110101011000,20.0,11101100110101011000
58,20.0,11101100110101011000,20.0,11101100110101011000
58,20.0,11101100110101011000,20.0,11101100110101011000
58,20.0,11101100110101011000,20.0,11101100110101011000
58,20.0,11101100110101011000,20.0,11101100110101011000
58,20.0,11101100110101011000,4.0,11100000110111010100
58,4.0,11100000110111010100,4.0,11100000110111010100
58,4.0,11100000110111010100,4.0,11100000110111010100
58,4.0,11100000110111010100,4.0,11100000110111010100
58,4.0,11100000110111010100,4.0,11100000110111010100
58,4.0,11100000110111010100,4.0,11100000110111010100
58,4.0,11100000110111010100,4.0,11100000110111010100
58,4.0,11100000110111010100,4.0,11100000110111010100
58,4.0,11100000110111010100,4.0,11100000110111010100
58,4.0,11100000110111010100,4.0,11100000110111010100
58,4.0,11100000110111010100,4.0,11100000110111010100
58,4.0,11100000110111010100,4.0,11100000110111010100
58,4.0,11100000110111010100,4.0,11100000110111010100
58,4.0,11100000110111010100,4.0,11100000110111010100
58,4.0,11100000110111010100,4.0,11100000110111010100
58,4.0,11100000110111010100,0.0,10101001100101010111
58,0.0,10101001100101010111,0.0,10101001100101010111
58,0.0,10101001100101010111,0.0,10101001100101010111
58,0.0,10101001100101010111,0.0,10101001100101010111
58,0.0,10101001100101010111,0.0,10101001100101010111
58,0.0,10101001100101010111,0.0,10101001100101010111
58,0.0,10101001100101010111,0.0,10101001100101010111
58,0.0,10101001100101010111,0.0,10101001100101010111
58,0.0,10101001100101010111,0.0,10101001100101010111
58,0.0,10101001100101010111,0.0,10101001100101010111
58,0.0,10101001100101010111,0.0,10101001100101010111
58,0.0,10101001100101010111,0.0,10101001100101010111
58,0.0,10101001100101010111,0.0,10101001100101010111
58,0.0,10101001100101010111,0.0,10101001100101010111
58,0.0,10101001100101010111,0.0,10101001100101010111
58,0.0,10101001100101010111,0.0,10101001100101010111
58,0.0,10101001100101010111,0.0,10101001100101010111
58,0.0,10101001100101010111,0.0,10101001100101010111
58,0.0,10101001100101010111,0.0,10101001100101010111
58,0.0,10101001100101010111,0.0,10101001100101010111
58,0.0,10101001100101010111,0.0,10101001100101010111
58,0.0,10101001100101010111,0.0,10101001100101010111
58,0.0,10101001100101010111,0.0,10101001100101010111
58,0.0,10101001100101010111,0.0,10101001100101010111
58,0.0,10101001100101010111,0.0,10101001100101010111
58,0.0,10101001100101010111,0.0,10101001100101010111
58,0.0,10101001100101010111,0.0,10101001100101010111
59,2396.0,11100001010011001001,1010.0,11000101010101011010
59,1010.0,11000101010101011010,832.0,01011001010101110011
59,832.0,01011001010101110011,400.0,01000111010111010011
59,400.0,01000111010111010011,182.0,11001111010011010001
59,182.0,11001111010011010001,150.0,11101011000001010000
59,150.0,11101011000001010000,150.0,11101011000001010000
59,150.0,11101011000001010000,150.0,11101011000001010000
59,150.0,11101011000001010000,150.0,11101011000001010000
59,150.0,11101011000001010000,150.0,11101011000001010000
59,150.0,11101011000001010000,150.0,11101011000001010000
59,150.0,11101011000001010000,150.0,11101011000001010000
59,150.0,11101011000001010000,150.0,11101011000001010000
59,150.0,11101011000001010000,150.0,11101011000001010000
59,150.0,11101011000001010000,68.0,01100011000101010010
59,68.0,01100011000101010010,68.0,01100011000101010010
59,68.0,01100011000101010010,68.0,01100011000101010010
59,68.0,01100011000101010010,68.0,01100011000101010010
59,68.0,01100011000101010010,68.0,01100011000101010010
59,68.0,01100011000101010010,68.0,01100011000101010010
59,68.0,01100011000101010010,68.0,01100011000101010010
59,68.0,01100011000101010010,48.0,01101101000101011010
59,48.0,01101101000101011010,48.0,01101101000101011010
59,48.0,01101101000101011010,36.0,01101011000110101011
59,36.0,01101011000110101011,36.0,01101011000110101011
59,36.0,01101011000110101011,36.0,01101011000110101011
59,36.0,01101011000110101011,36.0,01101011000110101011
59,36.0,01101011000110101011,36.0,01101011000110101011
59,36.0,01101011000110101011,36.0,01101011000110101011
59,36.0,01101011000110101011,36.0,01101011000110101011
59,36.0,01101011000110101011,36.0,01101011000110101011
59,36.0,01101011000110101011,36.0,01101011000110101011
59,36.0,01101011000110101011,36.0,01101011000110101011
59,36.0,01101011000110101011,36.0,01101011000110101011
59,36.0,01101011000110101011,36.0,01101011000110101011
59,36.0,01101011000110101011,36.0,01101011000110101011
59,36.0,01101011000110101011,36.0,01101011000110101011
59,36.0,01101011000110101011,36.0,01101011000110101011
59,36.0,01101011000110101011,36.0,01101011000110101011
59,36.0,01101011000110101011,36.0,01101011000110101011
59,36.0,01101011000110101011,36.0,01101011000110101011
59,36.0,01101011000110101011,36.0,01101011000110101011
59,36.0,01101011000110101011,36.0,01101011000110101011
60,208.0,11100010010001011001,208.0,11100010010001011001
60,208.0,11100010010001011001,38.0,11110100001000011001
60,38.0,11110100001000011001,22.0,10111100001001001010
60,22.0,10111100001001001010,22.0,10111100001001001010
60,22.0,10111100001001001010,22.0,10111100001001001010
60,22.0,10111100001001001010,22.0,10111100001001001010
60,22.0,10111100001001001010,22.0,10111100001001001010
60,22.0,10111100001001001010,22.0,10111100001001001010
60,22.0,10111100001001001010,22.0,10111100001001001010
60,22.0,10111100001001001010,22.0,10111100001001001010
60,22.0,10111100001001001010,22.0,10111100001001001010
60,22.0,10111100001001001010,22.0,10111100001001001010
60,22.0,10111100001001001010,22.0,10111100001001001010
60,22.0,10111100001001001010,22.0,10111100001001001010
60,22.0,10111100001001001010,2.0,10110010001001000010
60,2.0,10110010001001000010,2.0,10110010001001000010
60,2.0,10110010001001000010,2.0,10110010001001000010
60,2.0,10110010001001000010,2.0,10110010001001000010
60,2.0,10110010001001000010,2.0,10110010001001000010
60,2.0,10110010001001000010,2.0,10110010001001000010
60,2.0,10110010001001000010,2.0,10110010001001000010
60,2.0,10110010001001000010,2.0,10110010001001000010
60,2.0,10110010001001000010,2.0,10110010001001000010
60,2.0,10110010001001000010,2.0,10110010001001000010
60,2.0,10110010001001000010,2.0,10110010001001000010
60,2.0,10110010001001000010,2.0,10110010001001000010
60,2.0,10110010001001000010,2.0,10110010001001000010
60,2.0,10110010001001000010,2.0,10110010001001000010
60,2.0,10110010001001000010,2.0,10110010001001000010
60,2.0,10110010001001000010,2.0,10110010001001000010
60,2.0,10110010001001000010,2.0,10110010001001000010
60,2.0,10110010001001000010,2.0,10110010001001000010
60,2.0,10110010001001000010,2.0,10110010001001000010
60,2.0,10110010001001000010,2.0,10110010001001000010
60,2.0,10110010001001000010,2.0,10110010001001000010
60,2.0,10110010001001000010,2.0,10110010001001000010
60,2.0,10110010001001000010,2.0,10110010001001000010
60,2.0,10110010001001000010,2.0,10110010001001000010
60,2.0,10110010001001000010,2.0,10110010001001000010
60,2.0,10110010001001000010,2.0,10110010001001000010
60,2.0,10110010001001000010,2.0,10110010001001000010
60,2.0,10110010001001000010,2.0,10110010001001000010
60,2.0,10110010001001000010,2.0,10110010001001000010
60,2.0,10110010001001000010,2.0,10110010001001000010
60,2.0,10110010001001000010,2.0,10110010001001000010
60,2.0,10110010001001000010,2.0,10110010001001000010
60,2.0,10110010001001000010,2.0,10110010001001000010
60,2.0,10110010001001000010,2.0,10110010001001000010
60,2.0,10110010001001000010,2.0,10110010001001000010
60,2.0,10110010001001000010,2.0,10110010001001000010
60,2.0,10110010001001000010,2.0,10110010001001000010
60,2.0,10110010001001000010,2.0,10110010001001000010
60,2.0,10110010001001000010,2.0,10110010001001000010
60,2.0,10110010001001000010,2.0,10110010001001000010
60,2.0,10110010001001000010,2.0,10110010001001000010
60,2.0,10110010001001000010,2.0,10110010001001000010
60,2.0,10110010001001000010,2.0,10110010001001000010
60,2.0,10110010001001000010,2.0,10110010001001000010
60,2.0,10110010001001000010,2.0,10110010001001000010
60,2.0,10110010001001000010,2.0,10110010001001000010
60,2.0,10110010001001000010,2.0,10110010001001000010
60,2.0,10110010001001000010,2.0,10110010001001000010
60,2.0,10110010001001000010,2.0,10110010001001000010
60,2.0,10110010001001000010,2.0,10110010001001000010
60,2.0,10110010001001000010,2.0,10110010001001000010
60,2.0,10110010001001000010,2.0,10110010001001000010
60,2.0,10110010001001000010,2.0,10110010001001000010
61,19980.0,10100001000101101100,8392.0,10100001000101111010
61,8392.0,10100001000101111010,8392.0,10100001000101111010
61,8392.0,10100001000101111010,2220.0,10100101000111101001
61,2220.0,10100101000111101001,1194.0,10000101100111101100
61,1194.0,10000101100111101100,1194.0,10000101100111101100
61,1194.0,10000101100111101100,862.0,00000101101111011000
61,862.0,00000101101111011000,734.0,11000001100111011001
61,734.0,11000001100111011001,672.0,01101001100111001011
61,672.0,01101001100111001011,672.0,01101001100111001011
61,672.0,01101001100111001011,542.0,11101001100111100001
61,542.0,11101001100111100001,42.0,10101101110111100010
61,42.0,10101101110111100010,42.0,10101101110111100010
61,42.0,10101101110111100010,42.0,10101101110111100010
61,42.0,10101101110111100010,42.0,10101101110111100010
61,42.0,10101101110111100010,42.0,10101101110111100010
61,42.0,10101101110111100010,42.0,10101101110111100010
61,42.0,10101101110111100010,42.0,10101101110111100010
61,42.0,10101101110111100010,30.0,00101101111011100011
61,30.0,00101101111011100011,30.0,00101101111011100011
61,30.0,00101101111011100011,30.0,00101101111011100011
61,30.0,00101101111011100011,30.0,00101101111011100011
61,30.0,00101101111011100011,30.0,00101101111011100011
61,30.0,00101101111011100011,30.0,00101101111011100011
61,30.0,00101101111011100011,30.0,00101101111011100011
61,30.0,00101101111011100011,30.0,00101101111011100011
61,30.0,00101101111011100011,30.0,00101101111011100011
61,30.0,00101101111011100011,30.0,00101101111011100011
61,30.0,00101101111011100011,30.0,00101101111011100011
61,30.0,00101101111011100011,30.0,00101101111011100011
61,30.0,00101101111011100011,30.0,00101101111011100011
61,30.0,00101101111011100011,30.0,00101101111011100011
61,30.0,00101101111011100011,30.0,00101101111011100011
61,30.0,00101101111011100011,30.0,00101101111011100011
61,30.0,00101101111011100011,30.0,00101101111011100011
61,30.0,00101101111011100011,30.0,00101101111011100011
61,30.0,00101101111011100011,30.0,00101101111011100011
61,30.0,00101101111011100011,30.0,00101101111011100011
61,30.0,00101101111011100011,30.0,00101101111011100011
61,30.0,00101101111011100011,30.0,00101101111011100011
61,30.0,00101101111011100011,30.0,00101101111011100011
61,30.0,00101101111011100011,30.0,00101101111011100011
61,30.0,00101101111011100011,30.0,00101101111011100011
61,30.0,00101101111011100011,30.0,00101101111011100011
61,30.0,00101101111011100011,30.0,00101101111011100011
61,30.0,00101101111011100011,30.0,00101101111011100011
61,30.0,00101101111011100011,30.0,00101101111011100011
61,30.0,00101101111011100011,30.0,00101101111011100011
61,30.0,00101101111011100011,30.0,00101101111011100011
61,30.0,00101101111011100011,30.0,00101101111011100011
61,30.0,00101101111011100011,30.0,00101101111011100011
61,30.0,00101101111011100011,30.0,00101101111011100011
61,30.0,00101101111011100011,30.0,00101101111011100011
61,30.0,00101101111011100011,30.0,00101101111011100011
61,30.0,00101101111011100011,30.0,00101101111011100011
61,30.0,00101101111011100011,30.0,00101101111011100011
61,30.0,00101101111011100011,30.0,00101101111011100011
61,30.0,00101101111011100011,30.0,00101101111011100011
62,19736.0,01101110100011010111,94.0,01100010110010111100
62,94.0,01100010110010111100,94.0,01100010110010111100
62,94.0,01100010110010111100,94.0,01100010110010111100
62,94.0,01100010110010111100,94.0,01100010110010111100
62,94.0,01100010110010111100,94.0,01100010110010111100
62,94.0,01100010110010111100,94.0,01100010110010111100
62,94.0,01100010110010111100,94.0,01100010110010111100
62,94.0,01100010110010111100,6.0,01100110110010011111
62,6.0,01100110110010011111,6.0,01100110110010011111
62,6.0,01100110110010011111,6.0,01100110110010011111
62,6.0,01100110110010011111,6.0,01100110110010011111
62,6.0,01100110110010011111,6.0,01100110110010011111
62,6.0,01100110110010011111,6.0,01100110110010011111
62,6.0,01100110110010011111,6.0,01100110110010011111
62,6.0,01100110110010011111,6.0,01100110110010011111
62,6.0,01100110110010011111,6.0,01100110110010011111
62,6.0,01100110110010011111,6.0,01100110110010011111
62,6.0,01100110110010011111,6.0,01100110110010011111
62,6.0,01100110110010011111,6.0,01100110110010011111
62,6.0,01100110110010011111,6.0,01100110110010011111
62,6.0,01100110110010011111,6.0,01100110110010011111
62,6.0,01100110110010011111,6.0,01100110110010011111
62,6.0,01100110110010011111,6.0,01100110110010011111
62,6.0,01100110110010011111,6.0,01100110110010011111
62,6.0,01100110110010011111,6.0,01100110110010011111
62,6.0,01100110110010011111,6.0,01100110110010011111
62,6.0,01100110110010011111,6.0,01100110110010011111
62,6.0,01100110110010011111,6.0,01100110110010011111
62,6.0,01100110110010011111,6.0,01100110110010011111
62,6.0,01100110110010011111,6.0,01100110110010011111
62,6.0,01100110110010011111,6.0,01100110110010011111
62,6.0,01100110110010011111,6.0,01100110110010011111
62,6.0,01100110110010011111,6.0,01100110110010011111
62,6.0,01100110110010011111,6.0,01100110110010011111
62,6.0,01100110110010011111,6.0,01100110110010011111
62,6.0,01100110110010011111,6.0,01100110110010011111
63,9698.0,00001101011011110111,1450.0,00010101111010010110
63,1450.0,00010101111010010110,1450.0,00010101111010010110
63,1450.0,00010101111010010110,946.0,00010111001000010110
63,946.0,00010111001000010110,542.0,00010110011000011110
63,542.0,00010110011000011110,542.0,00010110011000011110
63,542.0,00010110011000011110,542.0,00010110011000011110
63,542.0,00010110011000011110,266.0,00011110001010011110
63,266.0,00011110001010011110,266.0,00011110001010011110
63,266.0,00011110001010011110,120.0,00101110101001011001
63,120.0,00101110101001011001,80.0,00100110011001011000
63,80.0,00100110011001011000,80.0,00100110011001011000
63,80.0,00100110011001011000,80.0,00100110011001011000
63,80.0,00100110011001011000,80.0,00100110011001011000
63,80.0,00100110011001011000,80.0,00100110011001011000
63,80.0,00100110011001011000,80.0,00100110011001011000
63,80.0,00100110011001011000,66.0,00100011111001000000
63,66.0,00100011111001000000,66.0,00100011111001000000
63,66.0,00100011111001000000,66.0,00100011111001000000
63,66.0,00100011111001000000,66.0,00100011111001000000
63,66.0,00100011111001000000,66.0,00100011111001000000
63,66.0,00100011111001000000,66.0,00100011111001000000
63,66.0,00100011111001000000,66.0,00100011111001000000
63,66.0,00100011111001000000,66.0,00100011111001000000
63,66.0,00100011111001000000,66.0,00100011111001000000
63,66.0,00100011111001000000,66.0,00100011111001000000
63,66.0,00100011111001000000,38.0,00110111100001000010
63,38.0,00110111100001000010,38.0,00110111100001000010
63,38.0,00110111100001000010,38.0,00110111100001000010
63,38.0,00110111100001000010,38.0,00110111100001000010
63,38.0,00110111100001000010,38.0,00110111100001000010
63,38.0,00110111100001000010,38.0,00110111100001000010
63,38.0,00110111100001000010,38.0,00110111100001000010
63,38.0,00110111100001000010,38.0,00110111100001000010
63,38.0,00110111100001000010,38.0,00110111100001000010
63,38.0,00110111100001000010,38.0,00110111100001000010
63,38.0,00110111100001000010,38.0,00110111100001000010
63,38.0,00110111100001000010,38.0,00110111100001000010
63,38.0,00110111100001000010,38.0,00110111100001000010
63,38.0,00110111100001000010,38.0,00110111100001000010
63,38.0,00110111100001000010,38.0,00110111100001000010
63,38.0,00110111100001000010,2.0,00110001100001011000
63,2.0,00110001100001011000,2.0,00110001100001011000
63,2.0,00110001100001011000,2.0,00110001100001011000
63,2.0,00110001100001011000,2.0,00110001100001011000
63,2.0,00110001100001011000,2.0,00110001100001011000
63,2.0,00110001100001011000,2.0,00110001100001011000
63,2.0,00110001100001011000,2.0,00110001100001011000
63,2.0,00110001100001011000,2.0,00110001100001011000
63,2.0,00110001100001011000,2.0,00110001100001011000
63,2.0,00110001100001011000,2.0,00110001100001011000
63,2.0,00110001100001011000,2.0,00110001100001011000
63,2.0,00110001100001011000,2.0,00110001100001011000
63,2.0,00110001100001011000,2.0,00110001100001011000
63,2.0,00110001100001011000,2.0,00110001100001011000
63,2.0,00110001100001011000,2.0,00110001100001011000
63,2.0,00110001100001011000,2.0,00110001100001011000
63,2.0,00110001100001011000,2.0,00110001100001011000
63,2.0,00110001100001011000,2.0,00110001100001011000
63,2.0,00110001100001011000,2.0,00110001100001011000
63,2.0,00110001100001011000,2.0,00110001100001011000
63,2.0,00110001100001011000,2.0,00110001100001011000
63,2.0,00110001100001011000,2.0,00110001100001011000
63,2.0,00110001100001011000,2.0,00110001100001011000
63,2.0,00110001100001011000,2.0,00110001100001011000
63,2.0,00110001100001011000,2.0,00110001100001011000
63,2.0,00110001100001011000,2.0,00110001100001011000
63,2.0,00110001100001011000,2.0,00110001100001011000
63,2.0,00110001100001011000,2.0,00110001100001011000
63,2.0,00110001100001011000,2.0,00110001100001011000
63,2.0,00110001100001011000,2.0,00110001100001011000
63,2.0,00110001100001011000,2.0,00110001100001011000
63,2.0,00110001100001011000,2.0,00110001100001011000
63,2.0,00110001100001011000,2.0,00110001100001011000
63,2.0,00110001100001011000,2.0,00110001100001011000
63,2.0,00110001100001011000,2.0,00110001100001011000
64,1382.0,01000111001010001101,1260.0,01001011011000001110
64,1260.0,01001011011000001110,1138.0,11010010011010000101
64,1138.0,11010010011010000101,1138.0,11010010011010000101
64,1138.0,11010010011010000101,646.0,11011110011000000111
64,646.0,11011110011000000111,646.0,11011110011000000111
64,646.0,11011110011000000111,646.0,11011110011000000111
64,646.0,11011110011000000111,364.0,11011100011001000111
64,364.0,11011100011001000111,20.0,11001101011001000111
64,20.0,11001101011001000111,20.0,11001101011001000111
64,20.0,11001101011001000111,20.0,11001101011001000111
64,20.0,11001101011001000111,20.0,11001101011001000111
64,20.0,11001101011001000111,20.0,11001101011001000111
64,20.0,11001101011001000111,20.0,11001101011001000111
64,20.0,11001101011001000111,20.0,11001101011001000111
64,20.0,11001101011001000111,20.0,11001101011001000111
64,20.0,11001101011001000111,20.0,11001101011001000111
64,20.0,11001101011001000111,20.0,11001101011001000111
64,20.0,11001101011001000111,20.0,11001101011001000111
64,20.0,11001101011001000111,20.0,11001101011001000111
64,20.0,11001101011001000111,20.0,11001101011001000111
64,20.0,11001101011001000111,20.0,11001101011001000111
64,20.0,11001101011001000111,20.0,11001101011001000111
64,20.0,11001101011001000111,20.0,11001101011001000111
64,20.0,11001101011001000111,20.0,11001101011001000111
64,20.0,11001101011001000111,20.0,11001101011001000111
64,20.0,11001101011001000111,20.0,11001101011001000111
64,20.0,11001101011001000111,20.0,11001101011001000111
64,20.0,11001101011001000111,20.0,11001101011001000111
64,20.0,11001101011001000111,20.0,11001101011001000111
64,20.0,11001101011001000111,20.0,11001101011001000111
64,20.0,11001101011001000111,20.0,11001101011001000111
64,20.0,11001101011001000111,20.0,11001101011001000111
64,20.0,11001101011001000111,20.0,11001101011001000111
64,20.0,11001101011001000111,20.0,11001101011001000111
64,20.0,11001101011001000111,20.0,11001101011001000111
64,20.0,11001101011001000111,20.0,11001101011001000111
64,20.0,11001101011001000111,20.0,11001101011001000111
64,20.0,11001101011001000111,20.0,11001101011001000111
64,20.0,11001101011001000111,20.0,11001101011001000111
64,20.0,11001101011001000111,20.0,11001101011001000111
64,20.0,11001101011001000111,20.0,11001101011001000111
64,20.0,11001101011001000111,20.0,11001101011001000111
64,20.0,11001101011001000111,20.0,11001101011001000111
64,20.0,11001101011001000111,20.0,11001101011001000111
64,20.0,11001101011001000111,20.0,11001101011001000111
64,20.0,11001101011001000111,20.0,11001101011001000111
64,20.0,11001101011001000111,20.0,11001101011001000111
65,19284.0,10101101101110010011,1848.0,10111001101000010010
65,1848.0,10111001101000010010,274.0,10110011000100010000
65,274.0,10110011000100010000,116.0,11011011100100100011
65,116.0,11011011100100100011,116.0,11011011100100100011
65,116.0,11011011100100100011,116.0,11011011100100100011
65,116.0,11011011100100100011,50.0,11010011100001000000
65,50.0,11010011100001000000,50.0,11010011100001000000
65,50.0,11010011100001000000,50.0,11010011100001000000
65,50.0,11010011100001000000,50.0,11010011100001000000
65,50.0,11010011100001000000,50.0,11010011100001000000
65,50.0,11010011100001000000,50.0,11010011100001000000
65,50.0,11010011100001000000,50.0,11010011100001000000
65,50.0,11010011100001000000,50.0,11010011100001000000
65,50.0,11010011100001000000,50.0,11010011100001000000
65,50.0,11010011100001000000,50.0,11010011100001000000
65,50.0,11010011100001000000,50.0,11010011100001000000
65,50.0,11010011100001000000,50.0,11010011100001000000
65,50.0,11010011100001000000,50.0,11010011100001000000
65,50.0,11010011100001000000,50.0,11010011100001000000
65,50.0,11010011100001000000,50.0,11010011100001000000
65,50.0,11010011100001000000,50.0,11010011100001000000
65,50.0,11010011100001000000,50.0,11010011100001000000
65,50.0,11010011100001000000,50.0,11010011100001000000
65,50.0,11010011100001000000,50.0,11010011100001000000
65,50.0,11010011100001000000,50.0,11010011100001000000
65,50.0,11010011100001000000,50.0,11010011100001000000
65,50.0,11010011100001000000,50.0,11010011100001000000
65,50.0,11010011100001000000,50.0,11010011100001000000
65,50.0,11010011100001000000,50.0,11010011100001000000
65,50.0,11010011100001000000,50.0,11010011100001000000
65,50.0,11010011100001000000,50.0,11010011100001000000
65,50.0,11010011100001000000,50.0,11010011100001000000
65,50.0,11010011100001000000,50.0,11010011100001000000
65,50.0,11010011100001000000,50.0,11010011100001000000
65,50.0,11010011100001000000,50.0,11010011100001000000
65,50.0,11010011100001000000,50.0,11010011100001000000
65,50.0,11010011100001000000,50.0,11010011100001000000
65,50.0,11010011100001000000,50.0,11010011100001000000
65,50.0,11010011100001000000,50.0,11010011100001000000
65,50.0,11010011100001000000,50.0,11010011100001000000
65,50.0,11010011100001000000,50.0,11010011100001000000
65,50.0,11010011100001000000,50.0,11010011100001000000
65,50.0,11010011100001000000,12.0,11000111100001100100
65,12.0,11000111100001100100,12.0,11000111100001100100
65,12.0,11000111100001100100,12.0,11000111100001100100
65,12.0,11000111100001100100,12.0,11000111100001100100
65,12.0,11000111100001100100,12.0,11000111100001100100
65,12.0,11000111100001100100,12.0,11000111100001100100
65,12.0,11000111100001100100,12.0,11000111100001100100
65,12.0,11000111100001100100,12.0,11000111100001100100
65,12.0,11000111100001100100,12.0,11000111100001100100
65,12.0,11000111100001100100,12.0,11000111100001100100
65,12.0,11000111100001100100,12.0,11000111100001100100
65,12.0,11000111100001100100,12.0,11000111100001100100
65,12.0,11000111100001100100,12.0,11000111100001100100
65,12.0,11000111100001100100,12.0,11000111100001100100
65,12.0,11000111100001100100,12.0,11000111100001100100
65,12.0,11000111100001100100,12.0,11000111100001100100
65,12.0,11000111100001100100,12.0,11000111100001100100
65,12.0,11000111100001100100,12.0,11000111100001100100
65,12.0,11000111100001100100,12.0,11000111100001100100
65,12.0,11000111100001100100,12.0,11000111100001100100
65,12.0,11000111100001100100,12.0,11000111100001100100
65,12.0,11000111100001100100,12.0,11000111100001100100
65,12.0,11000111100001100100,12.0,11000111100001100100
65,12.0,11000111100001100100,12.0,11000111100001100100
66,14886.0,11100000011111010000,1750.0,11100100010111010111
66,1750.0,11100100010111010111,1680.0,11100100010101110111
66,1680.0,11100100010101110111,1646.0,10101001000101110111
66,1646.0,10101001000101110111,998.0,00101001010101101101
66,998.0,00101001010101101101,720.0,00011001000101011100
66,720.0,00011001000101011100,720.0,00011001000101011100
66,720.0,00011001000101011100,290.0,00011011000100011100
66,290.0,00011011000100011100,290.0,00011011000100011100
66,290.0,00011011000100011100,290.0,00011011000100011100
66,290.0,00011011000100011100,290.0,00011011000100011100
66,290.0,00011011000100011100,290.0,00011011000100011100
66,290.0,00011011000100011100,290.0,00011011000100011100
66,290.0,00011011000100011100,56.0,00010011001000001100
66,56.0,00010011001000001100,56.0,00010011001000001100
66,56.0,00010011001000001100,18.0,00011010001001001110
66,18.0,00011010001001001110,18.0,00011010001001001110
66,18.0,00011010001001001110,18.0,00011010001001001110
66,18.0,00011010001001001110,18.0,00011010001001001110
66,18.0,00011010001001001110,18.0,00011010001001001110
66,18.0,00011010001001001110,18.0,00011010001001001110
66,18.0,00011010001001001110,18.0,00011010001001001110
66,18.0,00011010001001001110,18.0,00011010001001001110
66,18.0,00011010001001001110,18.0,00011010001001001110
66,18.0,00011010001001001110,18.0,00011010001001001110
66,18.0,00011010001001001110,18.0,00011010001001001110
66,18.0,00011010001001001110,18.0,00011010001001001110
66,18.0,00011010001001001110,18.0,00011010001001001110
66,18.0,00011010001001001110,18.0,00011010001001001110
66,18.0,00011010001001001110,18.0,00011010001001001110
66,18.0,00011010001001001110,18.0,00011010001001001110
66,18.0,00011010001001001110,2.0,10110010001001000010
66,2.0,10110010001001000010,2.0,10110010001001000010
66,2.0,10110010001001000010,2.0,10110010001001000010
66,2.0,10110010001001000010,2.0,10110010001001000010
66,2.0,10110010001001000010,2.0,10110010001001000010
66,2.0,10110010001001000010,2.0,10110010001001000010
66,2.0,10110010001001000010,2.0,10110010001001000010
66,2.0,10110010001001000010,2.0,10110010001001000010
66,2.0,10110010001001000010,2.0,10110010001001000010
66,2.0,10110010001001000010,2.0,10110010001001000010
66,2.0,10110010001001000010,2.0,10110010001001000010
66,2.0,10110010001001000010,2.0,10110010001001000010
66,2.0,10110010001001000010,2.0,10110010001001000010
66,2.0,10110010001001000010,2.0,10110010001001000010
66,2.0,10110010001001000010,2.0,10110010001001000010
66,2.0,10110010001001000010,2.0,10110010001001000010
66,2.0,10110010001001000010,2.0,10110010001001000010
66,2.0,10110010001001000010,2.0,10110010001001000010
66,2.0,10110010001001000010,2.0,10110010001001000010
66,2.0,10110010001001000010,2.0,10110010001001000010
66,2.0,10110010001001000010,2.0,10110010001001000010
66,2.0,10110010001001000010,2.0,10110010001001000010
66,2.0,10110010001001000010,2.0,10110010001001000010
66,2.0,10110010001001000010,2.0,10110010001001000010
66,2.0,10110010001001000010,2.0,10110010001001000010
66,2.0,10110010001001000010,2.0,10110010001001000010
66,2.0,10110010001001000010,2.0,10110010001001000010
66,2.0,10110010001001000010,2.0,10110010001001000010
66,2.0,10110010001001000010,2.0,10110010001001000010
66,2.0,10110010001001000010,2.0,10110010001001000010
66,2.0,10110010001001000010,2.0,10110010001001000010
66,2.0,10110010001001000010,2.0,10110010001001000010
66,2.0,10110010001001000010,2.0,10110010001001000010
66,2.0,10110010001001000010,2.0,10110010001001000010
66,2.0,10110010001001000010,2.0,10110010001001000010
66,2.0,10110010001001000010,2.0,10110010001001000010
66,2.0,10110010001001000010,2.0,10110010001001000010
66,2.0,10110010001001000010,2.0,10110010001001000010
66,2.0,10110010001001000010,2.0,10110010001001000010
66,2.0,10110010001001000010,2.0,10110010001001000010
66,2.0,10110010001001000010,2.0,10110010001001000010
66,2.0,10110010001001000010,2.0,10110010001001000010
66,2.0,10110010001001000010,2.0,10110010001001000010
66,2.0,10110010001001000010,2.0,10110010001001000010
66,2.0,10110010001001000010,2.0,10110010001001000010
66,2.0,10110010001001000010,2.0,10110010001001000010
66,2.0,10110010001001000010,2.0,10110010001001000010
66,2.0,10110010001001000010,2.0,10110010001001000010
66,2.0,10110010001001000010,2.0,10110010001001000010
67,1610.0,10110010010001000110,812.0,10110110010001010010
67,812.0,10110110010001010010,208.0,11100010010001011001
67,208.0,11100010010001011001,208.0,11100010010001011001
67,208.0,11100010010001011001,40.0,11100010110101010000
67,40.0,11100010110101010000,40.0,11100010110101010000
67,40.0,11100010110101010000,40.0,11100010110101010000
67,40.0,11100010110101010000,40.0,11100010110101010000
67,40.0,11100010110101010000,40.0,11100010110101010000
67,40.0,11100010110101010000,40.0,11100010110101010000
67,40.0,11100010110101010000,40.0,11100010110101010000
67,40.0,11100010110101010000,40.0,11100010110101010000
67,40.0,11100010110101010000,40.0,11100010110101010000
67,40.0,11100010110101010000,40.0,11100010110101010000
67,40.0,11100010110101010000,40.0,11100010110101010000
67,40.0,11100010110101010000,40.0,11100010110101010000
67,40.0,11100010110101010000,40.0,11100010110101010000
67,40.0,11100010110101010000,40.0,11100010110101010000
67,40.0,11100010110101010000,40.0,11100010110101010000
67,40.0,11100010110101010000,40.0,11100010110101010000
67,40.0,11100010110101010000,40.0,11100010110101010000
67,40.0,11100010110101010000,40.0,11100010110101010000
67,40.0,11100010110101010000,40.0,11100010110101010000
67,40.0,11100010110101010000,40.0,11100010110101010000
67,40.0,11100010110101010000,40.0,11100010110101010000
67,40.0,11100010110101010000,40.0,11100010110101010000
67,40.0,11100010110101010000,40.0,11100010110101010000
67,40.0,11100010110101010000,40.0,11100010110101010000
67,40.0,11100010110101010000,40.0,11100010110101010000
67,40.0,11100010110101010000,40.0,11100010110101010000
67,40.0,11100010110101010000,40.0,11100010110101010000
67,40.0,11100010110101010000,40.0,11100010110101010000
67,40.0,11100010110101010000,40.0,11100010110101010000
67,40.0,11100010110101010000,40.0,11100010110101010000
67,40.0,11100010110101010000,40.0,11100010110101010000
67,40.0,11100010110101010000,40.0,11100010110101010000
67,40.0,11100010110101010000,40.0,11100010110101010000
67,40.0,11100010110101010000,40.0,10100001010101010110
67,40.0,10100001010101010110,40.0,10100001010101010110
67,40.0,10100001010101010110,40.0,10100001010101010110
67,40.0,10100001010101010110,40.0,10100001010101010110
67,40.0,10100001010101010110,40.0,10100001010101010110
68,1402.0,00100001000011111111,952.0,00100001010001111110
68,952.0,00100001010001111110,602.0,00110001000010111100
68,602.0,00110001000010111100,602.0,00110001000010111100
68,602.0,00110001000010111100,602.0,00110001000010111100
68,602.0,00110001000010111100,362.0,00101101001110111001
68,362.0,00101101001110111001,34.0,00101011001010011001
68,34.0,00101011001010011001,34.0,00101011001010011001
68,34.0,00101011001010011001,34.0,00101011001010011001
68,34.0,00101011001010011001,34.0,00101011001010011001
68,34.0,00101011001010011001,34.0,00101011001010011001
68,34.0,00101011001010011001,34.0,00101011001010011001
68,34.0,00101011001010011001,34.0,00101011001010011001
68,34.0,00101011001010011001,34.0,00101011001010011001
68,34.0,00101011001010011001,34.0,00101011001010011001
68,34.0,00101011001010011001,34.0,00101011001010011001
68,34.0,00101011001010011001,34.0,00101011001010011001
68,34.0,00101011001010011001,34.0,00101011001010011001
68,34.0,00101011001010011001,34.0,00101011001010011001
68,34.0,00101011001010011001,34.0,00101011001010011001
68,34.0,00101011001010011001,34.0,00101011001010011001
68,34.0,00101011001010011001,34.0,00101011001010011001
68,34.0,00101011001010011001,34.0,00101011001010011001
68,34.0,00101011001010011001,34.0,00101011001010011001
68,34.0,00101011001010011001,34.0,00101011001010011001
68,34.0,00101011001010011001,34.0,00101011001010011001
68,34.0,00101011001010011001,34.0,00101011001010011001
68,34.0,00101011001010011001,34.0,00101011001010011001
68,34.0,00101011001010011001,34.0,00101011001010011001
68,34.0,00101011001010011001,34.0,00101011001010011001
68,34.0,00101011001010011001,34.0,00101011001010011001
68,34.0,00101011001010011001,34.0,00101011001010011001
68,34.0,00101011001010011001,34.0,00101011001010011001
68,34.0,00101011001010011001,34.0,00101011001010011001
68,34.0,00101011001010011001,34.0,00101011001010011001
68,34.0,00101011001010011001,34.0,00101011001010011001
68,34.0,00101011001010011001,34.0,00101011001010011001
68,34.0,00101011001010011001,34.0,00101011001010011001
68,34.0,00101011001010011001,22.0,10101011000110011000
68,22.0,10101011000110011000,22.0,10101011000110011000
68,22.0,10101011000110011000,22.0,10101011000110011000
68,22.0,10101011000110011000,22.0,10101011000110011000
68,22.0,10101011000110011000,22.0,10101011000110011000
68,22.0,10101011000110011000,22.0,10101011000110011000
68,22.0,10101011000110011000,22.0,10101011000110011000
68,22.0,10101011000110011000,22.0,10101011000110011000
68,22.0,10101011000110011000,22.0,10101011000110011000
68,22.0,10101011000110011000,22.0,10101011000110011000
68,22.0,10101011000110011000,22.0,10101011000110011000
68,22.0,10101011000110011000,22.0,10101011000110011000
68,22.0,10101011000110011000,22.0,10101011000110011000
68,22.0,10101011000110011000,22.0,10101011000110011000
68,22.0,10101011000110011000,22.0,10101011000110011000
68,22.0,10101011000110011000,22.0,10101011000110011000
68,22.0,10101011000110011000,22.0,10101011000110011000
68,22.0,10101011000110011000,22.0,10101011000110011000
68,22.0,10101011000110011000,22.0,10101011000110011000
68,22.0,10101011000110011000,22.0,10101011000110011000
68,22.0,10101011000110011000,22.0,10101011000110011000
68,22.0,10101011000110011000,22.0,10101011000110011000
69,6168.0,11101110100011000111,6168.0,11101110100011000111
69,6168.0,11101110100011000111,284.0,11100110010011000111
69,284.0,11100110010011000111,28.0,11100111000011000001
69,28.0,11100111000011000001,28.0,11100111000011000001
69,28.0,11100111000011000001,28.0,11100111000011000001
69,28.0,11100111000011000001,28.0,11100111000011000001
69,28.0,11100111000011000001,28.0,11100111000011000001
69,28.0,11100111000011000001,28.0,11100111000011000001
69,28.0,11100111000011000001,28.0,11100111000011000001
69,28.0,11100111000011000001,28.0,11100111000011000001
69,28.0,11100111000011000001,28.0,11100111000011000001
69,28.0,11100111000011000001,28.0,11100111000011000001
69,28.0,11100111000011000001,28.0,11100111000011000001
69,28.0,11100111000011000001,28.0,11100111000011000001
69,28.0,11100111000011000001,28.0,11100111000011000001
69,28.0,11100111000011000001,28.0,11100111000011000001
69,28.0,11100111000011000001,28.0,11100111000011000001
69,28.0,11100111000011000001,28.0,11100111000011000001
69,28.0,11100111000011000001,28.0,11100111000011000001
69,28.0,11100111000011000001,28.0,11100111000011000001
69,28.0,11100111000011000001,28.0,11100111000011000001
69,28.0,11100111000011000001,28.0,11100111000011000001
69,28.0,11100111000011000001,28.0,11100111000011000001
69,28.0,11100111000011000001,28.0,11100111000011000001
69,28.0,11100111000011000001,28.0,11100111000011000001
69,28.0,11100111000011000001,28.0,11100111000011000001
69,28.0,11100111000011000001,28.0,11100111000011000001
69,28.0,11100111000011000001,28.0,11100111000011000001
69,28.0,11100111000011000001,28.0,11100111000011000001
69,28.0,11100111000011000001,28.0,11100111000011000001
69,28.0,11100111000011000001,28.0,11100111000011000001
70,2598.0,01011000001001011100,2598.0,01011000001001011100
70,2598.0,01011000001001011100,1796.0,01010000001101001100
70,1796.0,01010000001101001100,1412.0,01010000011001001111
70,1412.0,01010000011001001111,600.0,00010101011001001010
70,600.0,00010101011001001010,600.0,00010101011001001010
70,600.0,00010101011001001010,580.0,00111110111000001000
70,580.0,00111110111000001000,214.0,10100110101001001000
70,214.0,10100110101001001000,214.0,10100110101001001000
70,214.0,10100110101001001000,150.0,10111010100001001001
70,150.0,10111010100001001001,150.0,10111010100001001001
70,150.0,10111010100001001001,150.0,10111010100001001001
70,150.0,10111010100001001001,150.0,10111010100001001001
70,150.0,10111010100001001001,150.0,10111010100001001001
70,150.0,10111010100001001001,114.0,10111000100011001101
70,114.0,10111000100011001101,114.0,10111000100011001101
70,114.0,10111000100011001101,114.0,10111000100011001101
70,114.0,10111000100011001101,114.0,10111000100011001101
70,114.0,10111000100011001101,98.0,10111110100010011001
70,98.0,10111110100010011001,98.0,10111110100010011001
70,98.0,10111110100010011001,98.0,10111110100010011001
70,98.0,10111110100010011001,98.0,10111110100010011001
70,98.0,10111110100010011001,98.0,10111110100010011001
70,98.0,10111110100010011001,96.0,00100011101000011010
70,96.0,00100011101000011010,96.0,00100011101000011010
70,96.0,00100011101000011010,18.0,00001011101000111100
70,18.0,00001011101000111100,18.0,00001011101000111100
70,18.0,00001011101000111100,18.0,00001011101000111100
70,18.0,00001011101000111100,18.0,00001011101000111100
70,18.0,00001011101000111100,18.0,00001011101000111100
70,18.0,00001011101000111100,18.0,00001011101000111100
70,18.0,00001011101000111100,18.0,00001011101000111100
70,18.0,00001011101000111100,18.0,00001011101000111100
70,18.0,00001011101000111100,18.0,00001011101000111100
70,18.0,00001011101000111100,18.0,00001011101000111100
70,18.0,00001011101000111100,18.0,00001011101000111100
70,18.0,00001011101000111100,18.0,00001011101000111100
70,18.0,00001011101000111100,18.0,00001011101000111100
70,18.0,00001011101000111100,18.0,00001011101000111100
70,18.0,00001011101000111100,18.0,00001011101000111100
70,18.0,00001011101000111100,18.0,00001011101000111100
70,18.0,00001011101000111100,18.0,00001011101000111100
70,18.0,00001011101000111100,18.0,00001011101000111100
70,18.0,00001011101000111100,18.0,00001011101000111100
70,18.0,00001011101000111100,18.0,00001011101000111100
70,18.0,00001011101000111100,18.0,00001011101000111100
71,14190.0,10010010110001110100,1418.0,10011010110011100101
71,1418.0,10011010110011100101,1418.0,10011010110011100101
71,1418.0,10011010110011100101,790.0,00011110100011101101
71,790.0,00011110100011101101,396.0,01011110000011001101
71,396.0,01011110000011001101,396.0,01011110000011001101
71,396.0,01011110000011001101,12.0,01001111000011001101
71,12.0,01001111000011001101,12.0,01001111000011001101
71,12.0,01001111000011001101,12.0,01001111000011001101
71,12.0,01001111000011001101,12.0,01001111000011001101
71,12.0,01001111000011001101,12.0,01001111000011001101
71,12.0,01001111000011001101,12.0,01001111000011001101
71,12.0,01001111000011001101,12.0,01001111000011001101
71,12.0,01001111000011001101,12.0,01001111000011001101
71,12.0,01001111000011001101,12.0,01001111000011001101
71,12.0,01001111000011001101,12.0,01001111000011001101
71,12.0,01001111000011001101,12.0,01001111000011001101
71,12.0,01001111000011001101,12.0,01001111000011001101
71,12.0,01001111000011001101,12.0,01001111000011001101
71,12.0,01001111000011001101,12.0,01001111000011001101
71,12.0,01001111000011001101,12.0,01001111000011001101
71,12.0,01001111000011001101,12.0,01001111000011001101
71,12.0,01001111000011001101,12.0,01001111000011001101
71,12.0,01001111000011001101,12.0,01001111000011001101
71,12.0,01001111000011001101,12.0,01001111000011001101
71,12.0,01001111000011001101,12.0,01001111000011001101
71,12.0,01001111000011001101,12.0,01001111000011001101
71,12.0,01001111000011001101,12.0,01001111000011001101
71,12.0,01001111000011001101,12.0,01001111000011001101
71,12.0,01001111000011001101,12.0,01001111000011001101
71,12.0,01001111000011001101,12.0,01001111000011001101
71,12.0,01001111000011001101,12.0,01001111000011001101
71,12.0,01001111000011001101,12.0,01001111000011001101
71,12.0,01001111000011001101,12.0,01001111000011001101
72,226.0,01101100100111101111,226.0,01101100100111101111
72,226.0,01101100100111101111,226.0,01101100100111101111
72,226.0,01101100100111101111,186.0,01100100010111101110
72,186.0,01100100010111101110,120.0,11100100010101111001
72,120.0,11100100010101111001,120.0,11100100010101111001
72,120.0,11100100010101111001,120.0,11100100010101111001
72,120.0,11100100010101111001,120.0,11100100010101111001
72,120.0,11100100010101111001,120.0,11100100010101111001
72,120.0,11100100010101111001,120.0,11100100010101111001
72,120.0,11100100010101111001,56.0,11101100110111110011
72,56.0,11101100110111110011,56.0,11101100110111110011
72,56.0,11101100110111110011,56.0,11101100110111110011
72,56.0,11101100110111110011,56.0,11101100110111110011
72,56.0,11101100110111110011,56.0,11101100110111110011
72,56.0,11101100110111110011,56.0,11101100110111110011
72,56.0,11101100110111110011,4.0,11100000110111010100
72,4.0,11100000110111010100,4.0,11100000110111010100
72,4.0,11100000110111010100,4.0,11100000110111010100
72,4.0,11100000110111010100,4.0,11100000110111010100
72,4.0,11100000110111010100,4.0,11100000110111010100
72,4.0,11100000110111010100,4.0,11100000110111010100
72,4.0,11100000110111010100,4.0,11100000110111010100
72,4.0,11100000110111010100,4.0,11100000110111010100
72,4.0,11100000110111010100,4.0,11100000110111010100
72,4.0,11100000110111010100,4.0,11100000110111010100
72,4.0,11100000110111010100,4.0,11100000110111010100
72,4.0,11100000110111010100,4.0,11100000110111010100
72,4.0,11100000110111010100,4.0,11100000110111010100
72,4.0,11100000110111010100,4.0,11100000110111010100
72,4.0,11100000110111010100,4.0,11100000110111010100
72,4.0,11100000110111010100,4.0,11100000110111010100
72,4.0,11100000110111010100,4.0,11100000110111010100
72,4.0,11100000110111010100,4.0,11100000110111010100
72,4.0,11100000110111010100,4.0,11100000110111010100
72,4.0,11100000110111010100,4.0,11100000110111010100
72,4.0,11100000110111010100,4.0,11100000110111010100
72,4.0,11100000110111010100,4.0,11100000110111010100
72,4.0,11100000110111010100,4.0,11100000110111010100
72,4.0,11100000110111010100,4.0,11100000110111010100
72,4.0,11100000110111010100,4.0,11100000110111010100
72,4.0,11100000110111010100,4.0,11100000110111010100
72,4.0,11100000110111010100,4.0,11100000110111010100
72,4.0,11100000110111010100,4.0,11100000110111010100
72,4.0,11100000110111010100,4.0,11100000110111010100
72,4.0,11100000110111010100,4.0,11100000110111010100
72,4.0,11100000110111010100,4.0,11100000110111010100
72,4.0,11100000110111010100,4.0,11100000110111010100
72,4.0,11100000110111010100,4.0,11100000110111010100
72,4.0,11100000110111010100,4.0,11100000110111010100
72,4.0,11100000110111010100,4.0,11100000110111010100
72,4.0,11100000110111010100,4.0,11100000110111010100
72,4.0,11100000110111010100,4.0,11100000110111010100
72,4.0,11100000110111010100,4.0,11100000110111010100
72,4.0,11100000110111010100,4.0,11100000110111010100
72,4.0,11100000110111010100,4.0,11100000110111010100
72,4.0,11100000110111010100,4.0,11100000110111010100
72,4.0,11100000110111010100,4.0,11100000110111010100
72,4.0,11100000110111010100,4.0,11100000110111010100
72,4.0,11100000110111010100,4.0,11100000110111010100
72,4.0,11100000110111010100,4.0,11100000110111010100
72,4.0,11100000110111010100,4.0,11100000110111010100
73,820.0,10111000101110110010,420.0,10101100111101110001
73,420.0,10101100111101110001,420.0,10101100111101110001
73,420.0,10101100111101110001,420.0,10101100111101110001
73,420.0,10101100111101110001,112.0,11101000111001110010
73,112.0,11101000111001110010,112.0,11101000111001110010
73,112.0,11101000111001110010,112.0,11101000111001110010
73,112.0,11101000111001110010,112.0,11101000111001110010
73,112.0,11101000111001110010,56.0,11101100110111110011
73,56.0,11101100110111110011,56.0,11101100110111110011
73,56.0,11101100110111110011,56.0,11101100110111110011
73,56.0,11101100110111110011,56.0,11101100110111110011
73,56.0,11101100110111110011,56.0,11101100110111110011
73,56.0,11101100110111110011,56.0,11101100110111110011
73,56.0,11101100110111110011,56.0,11101100110111110011
73,56.0,11101100110111110011,56.0,11101100110111110011
73,56.0,11101100110111110011,18.0,11100101110110110001
73,18.0,11100101110110110001,18.0,11100101110110110001
73,18.0,11100101110110110001,18.0,11100101110110110001
73,18.0,11100101110110110001,18.0,11100101110110110001
73,18.0,11100101110110110001,18.0,11100101110110110001
73,18.0,11100101110110110001,18.0,11100101110110110001
73,18.0,11100101110110110001,18.0,11100101110110110001
73,18.0,11100101110110110001,18.0,11100101110110110001
73,18.0,11100101110110110001,18.0,11100101110110110001
73,18.0,11100101110110110001,18.0,11100101110110110001
73,18.0,11100101110110110001,18.0,11100101110110110001
73,18.0,11100101110110110001,18.0,11100101110110110001
73,18.0,11100101110110110001,18.0,11100101110110110001
73,18.0,11100101110110110001,18.0,11100101110110110001
73,18.0,11100101110110110001,18.0,11100101110110110001
73,18.0,11100101110110110001,18.0,11100101110110110001
73,18.0,11100101110110110001,18.0,11100101110110110001
73,18.0,11100101110110110001,18.0,11100101110110110001
73,18.0,11100101110110110001,18.0,11100101110110110001
73,18.0,11100101110110110001,18.0,11100101110110110001
73,18.0,11100101110110110001,18.0,11100101110110110001
73,18.0,11100101110110110001,18.0,11100101110110110001
73,18.0,11100101110110110001,18.0,11100101110110110001
73,18.0,11100101110110110001,18.0,11100101110110110001
73,18.0,11100101110110110001,18.0,11100101110110110001
73,18.0,11100101110110110001,18.0,11100101110110110001
73,18.0,11100101110110110001,18.0,11100101110110110001
73,18.0,11100101110110110001,18.0,11100101110110110001
73,18.0,11100101110110110001,18.0,11100101110110110001
73,18.0,11100101110110110001,18.0,11100101110110110001
73,18.0,11100101110110110001,18.0,11100101110110110001
73,18.0,11100101110110110001,18.0,11100101110110110001
73,18.0,11100101110110110001,18.0,11100101110110110001
73,18.0,11100101110110110001,4.0,11100000110111010100
73,4.0,11100000110111010100,4.0,11100000110111010100
73,4.0,11100000110111010100,4.0,11100000110111010100
73,4.0,11100000110111010100,4.0,11100000110111010100
73,4.0,11100000110111010100,4.0,11100000110111010100
73,4.0,11100000110111010100,4.0,11100000110111010100
73,4.0,11100000110111010100,4.0,11100000110111010100
73,4.0,11100000110111010100,4.0,11100000110111010100
73,4.0,11100000110111010100,4.0,11100000110111010100
73,4.0,11100000110111010100,4.0,11100000110111010100
73,4.0,11100000110111010100,4.0,11100000110111010100
73,4.0,11100000110111010100,4.0,11100000110111010100
73,4.0,11100000110111010100,4.0,11100000110111010100
73,4.0,11100000110111010100,4.0,11100000110111010100
73,4.0,11100000110111010100,4.0,11100000110111010100
73,4.0,11100000110111010100,4.0,11100000110111010100
73,4.0,11100000110111010100,4.0,11100000110111010100
73,4.0,11100000110111010100,4.0,11100000110111010100
73,4.0,11100000110111010100,4.0,11100000110111010100
73,4.0,11100000110111010100,4.0,11100000110111010100
73,4.0,11100000110111010100,4.0,11100000110111010100
73,4.0,11100000110111010100,4.0,11100000110111010100
73,4.0,11100000110111010100,4.0,11100000110111010100
73,4.0,11100000110111010100,4.0,11100000110111010100
73,4.0,11100000110111010100,4.0,11100000110111010100
73,4.0,11100000110111010100,4.0,11100000110111010100
73,4.0,11100000110111010100,4.0,11100000110111010100
73,4.0,11100000110111010100,4.0,11100000110111010100
73,4.0,11100000110111010100,4.0,11100000110111010100
73,4.0,11100000110111010100,4.0,11100000110111010100
73,4.0,11100000110111010100,4.0,11100000110111010100
73,4.0,11100000110111010100,4.0,11100000110111010100
73,4.0,11100000110111010100,4.0,11100000110111010100
73,4.0,11100000110111010100,4.0,11100000110111010100
73,4.0,11100000110111010100,4.0,11100000110111010100
73,4.0,11100000110111010100,4.0,11100000110111010100
73,4.0,11100000110111010100,4.0,11100000110111010100
73,4.0,11100000110111010100,4.0,11100000110111010100
73,4.0,11100000110111010100,4.0,11100000110111010100
73,4.0,11100000110111010100,4.0,11100000110111010100
73,4.0,11100000110111010100,4.0,11100000110111010100
73,4.0,11100000110111010100,4.0,11100000110111010100
73,4.0,11100000110111010100,4.0,11100000110111010100
73,4.0,11100000110111010100,4.0,11100000110111010100
73,4.0,11100000110111010100,4.0,11100000110111010100
73,4.0,11100000110111010100,4.0,11100000110111010100
73,4.0,11100000110111010100,4.0,11100000110111010100
73,4.0,11100000110111010100,4.0,11100000110111010100
73,4.0,11100000110111010100,4.0,11100000110111010100
73,4.0,11100000110111010100,4.0,11100000110111010100
73,4.0,11100000110111010100,4.0,11100000110111010100
73,4.0,11100000110111010100,4.0,11100000110111010100
73,4.0,11100000110111010100,4.0,11100000110111010100
73,4.0,11100000110111010100,4.0,11100000110111010100
74,4414.0,10110110100100101010,4414.0,10110110100100101010
74,4414.0,10110110100100101010,4378.0,10110100100110101110
74,4378.0,10110100100110101110,2654.0,10110000100100111110
74,2654.0,10110000100100111110,1800.0,00111100100110111110
74,1800.0,00111100100110111110,1382.0,10110100100010111110
74,1382.0,10110100100010111110,1382.0,10110100100010111110
74,1382.0,10110100100010111110,1382.0,10110100100010111110
74,1382.0,10110100100010111110,284.0,11111100100100110101
74,284.0,11111100100100110101,36.0,11111000100010101110
74,36.0,11111000100010101110,36.0,11111000100010101110
74,36.0,11111000100010101110,36.0,11111000100010101110
74,36.0,11111000100010101110,36.0,11111000100010101110
74,36.0,11111000100010101110,36.0,11111000100010101110
74,36.0,11111000100010101110,36.0,11111000100010101110
74,36.0,11111000100010101110,36.0,11111000100010101110
74,36.0,11111000100010101110,36.0,11111000100010101110
74,36.0,11111000100010101110,36.0,11111000100010101110
74,36.0,11111000100010101110,36.0,11111000100010101110
74,36.0,11111000100010101110,36.0,11111000100010101110
74,36.0,11111000100010101110,30.0,10111011100000000100
74,30.0,10111011100000000100,30.0,10111011100000000100
74,30.0,10111011100000000100,30.0,10111011100000000100
74,30.0,10111011100000000100,30.0,10111011100000000100
74,30.0,10111011100000000100,30.0,10111011100000000100
74,30.0,10111011100000000100,30.0,10111011100000000100
74,30.0,10111011100000000100,30.0,10111011100000000100
74,30.0,10111011100000000100,30.0,10111011100000000100
74,30.0,10111011100000000100,30.0,10111011100000000100
74,30.0,10111011100000000100,30.0,10111011100000000100
74,30.0,10111011100000000100,30.0,10111011100000000100
74,30.0,10111011100000000100,30.0,10111011100000000100
74,30.0,10111011100000000100,30.0,10111011100000000100
74,30.0,10111011100000000100,30.0,10111011100000000100
74,30.0,10111011100000000100,30.0,10111011100000000100
74,30.0,10111011100000000100,30.0,10111011100000000100
74,30.0,10111011100000000100,30.0,10111011100000000100
74,30.0,10111011100000000100,30.0,10111011100000000100
74,30.0,10111011100000000100,30.0,10111011100000000100
74,30.0,10111011100000000100,30.0,10111011100000000100
75,1084.0,10100110001100110110,878.0,11101010000111110000
75,878.0,11101010000111110000,878.0,11101010000111110000
75,878.0,11101010000111110000,878.0,11101010000111110000
75,878.0,11101010000111110000,640.0,11100010010110110100
75,640.0,11100010010110110100,446.0,10100110110110110111
75,446.0,10100110110110110111,446.0,10100110110110110111
75,446.0,10100110110110110111,446.0,10100110110110110111
75,446.0,10100110110110110111,136.0,11100110110010110101
75,136.0,11100110110010110101,136.0,11100110110010110101
75,136.0,11100110110010110101,136.0,11100110110010110101
75,136.0,11100110110010110101,136.0,11100110110010110101
75,136.0,11100110110010110101,6.0,01100110110010011111
75,6.0,01100110110010011111,6.0,01100110110010011111
75,6.0,01100110110010011111,6.0,01100110110010011111
75,6.0,01100110110010011111,6.0,01100110110010011111
75,6.0,01100110110010011111,6.0,01100110110010011111
75,6.0,01100110110010011111,6.0,01100110110010011111
75,6.0,01100110110010011111,6.0,01100110110010011111
75,6.0,01100110110010011111,6.0,01100110110010011111
75,6.0,01100110110010011111,6.0,01100110110010011111
75,6.0,01100110110010011111,6.0,01100110110010011111
75,6.0,01100110110010011111,6.0,01100110110010011111
75,6.0,01100110110010011111,6.0,01100110110010011111
75,6.0,01100110110010011111,6.0,01100110110010011111
75,6.0,01100110110010011111,6.0,01100110110010011111
75,6.0,01100110110010011111,6.0,01100110110010011111
75,6.0,01100110110010011111,6.0,01100110110010011111
75,6.0,01100110110010011111,6.0,01100110110010011111
75,6.0,01100110110010011111,6.0,01100110110010011111
75,6.0,01100110110010011111,6.0,01100110110010011111
75,6.0,01100110110010011111,6.0,01100110110010011111
75,6.0,01100110110010011111,6.0,01100110110010011111
75,6.0,01100110110010011111,6.0,01100110110010011111
75,6.0,01100110110010011111,6.0,01100110110010011111
75,6.0,01100110110010011111,6.0,01100110110010011111
75,6.0,01100110110010011111,6.0,01100110110010011111
75,6.0,01100110110010011111,6.0,01100110110010011111
75,6.0,01100110110010011111,6.0,01100110110010011111
75,6.0,01100110110010011111,6.0,01100110110010011111
75,6.0,01100110110010011111,6.0,01100110110010011111
75,6.0,01100110110010011111,6.0,01100110110010011111
75,6.0,01100110110010011111,6.0,01100110110010011111
75,6.0,01100110110010011111,6.0,01100110110010011111
75,6.0,01100110110010011111,6.0,01100110110010011111
75,6.0,01100110110010011111,6.0,01100110110010011111
75,6.0,01100110110010011111,6.0,01100110110010011111
76,602.0,11001110111101000011,482.0,11000101111101000001
76,482.0,11000101111101000001,176.0,01000001111111100011
76,176.0,01000001111111100011,172.0,01001001111011001011
76,172.0,01001001111011001011,60.0,01100000111011101010
76,60.0,01100000111011101010,60.0,01100000111011101010
76,60.0,01100000111011101010,60.0,01100000111011101010
76,60.0,01100000111011101010,60.0,01100000111011101010
76,60.0,01100000111011101010,60.0,01100000111011101010
76,60.0,01100000111011101010,60.0,01100000111011101010
76,60.0,01100000111011101010,58.0,01101000101001101110
76,58.0,01101000101001101110,58.0,01101000101001101110
76,58.0,01101000101001101110,58.0,01101000101001101110
76,58.0,01101000101001101110,58.0,01101000101001101110
76,58.0,01101000101001101110,58.0,01101000101001101110
76,58.0,01101000101001101110,58.0,01101000101001101110
76,58.0,01101000101001101110,58.0,01101000101001101110
76,58.0,01101000101001101110,58.0,01101000101001101110
76,58.0,01101000101001101110,58.0,01101000101001101110
76,58.0,01101000101001101110,58.0,01101000101001101110
76,58.0,01101000101001101110,58.0,01101000101001101110
76,58.0,01101000101001101110,58.0,01101000101001101110
76,58.0,01101000101001101110,58.0,01101000101001101110
76,58.0,01101000101001101110,58.0,01101000101001101110
76,58.0,01101000101001101110,58.0,01101000101001101110
76,58.0,01101000101001101110,32.0,01101100111001011001
76,32.0,01101100111001011001,32.0,01101100111001011001
76,32.0,01101100111001011001,32.0,01101100111001011001
76,32.0,01101100111001011001,32.0,01101100111001011001
76,32.0,01101100111001011001,32.0,01101100111001011001
76,32.0,01101100111001011001,32.0,01101100111001011001
76,32.0,01101100111001011001,30.0,01000100011111111011
76,30.0,01000100011111111011,30.0,01000100011111111011
76,30.0,01000100011111111011,30.0,01000100011111111011
76,30.0,01000100011111111011,30.0,01000100011111111011
76,30.0,01000100011111111011,30.0,01000100011111111011
76,30.0,01000100011111111011,30.0,01000100011111111011
76,30.0,01000100011111111011,30.0,01000100011111111011
76,30.0,01000100011111111011,30.0,01000100011111111011
76,30.0,01000100011111111011,30.0,01000100011111111011
76,30.0,01000100011111111011,30.0,01000100011111111011
76,30.0,01000100011111111011,30.0,01000100011111111011
76,30.0,01000100011111111011,30.0,01000100011111111011
76,30.0,01000100011111111011,30.0,01000100011111111011
76,30.0,01000100011111111011,30.0,01000100011111111011
76,30.0,01000100011111111011,30.0,01000100011111111011
76,30.0,01000100011111111011,30.0,01000100011111111011
76,30.0,01000100011111111011,30.0,01000100011111111011
76,30.0,01000100011111111011,30.0,01000100011111111011
76,30.0,01000100011111111011,30.0,01000100011111111011
76,30.0,01000100011111111011,30.0,01000100011111111011
76,30.0,01000100011111111011,4.0,01000101111110011000
76,4.0,01000101111110011000,4.0,01000101111110011000
76,4.0,01000101111110011000,4.0,01000101111110011000
76,4.0,01000101111110011000,4.0,01000101111110011000
76,4.0,01000101111110011000,4.0,01000101111110011000
76,4.0,01000101111110011000,4.0,01000101111110011000
76,4.0,01000101111110011000,4.0,01000101111110011000
76,4.0,01000101111110011000,4.0,01000101111110011000
76,4.0,01000101111110011000,4.0,01000101111110011000
76,4.0,01000101111110011000,4.0,01000101111110011000
76,4.0,01000101111110011000,4.0,01000101111110011000
76,4.0,01000101111110011000,4.0,01000101111110011000
76,4.0,01000101111110011000,4.0,01000101111110011000
76,4.0,01000101111110011000,4.0,01000101111110011000
76,4.0,01000101111110011000,4.0,01000101111110011000
76,4.0,01000101111110011000,4.0,01000101111110011000
76,4.0,01000101111110011000,4.0,01000101111110011000
76,4.0,01000101111110011000,4.0,01000101111110011000
76,4.0,01000101111110011000,4.0,01000101111110011000
76,4.0,01000101111110011000,4.0,01000101111110011000
76,4.0,01000101111110011000,4.0,01000101111110011000
76,4.0,01000101111110011000,4.0,01000101111110011000
76,4.0,01000101111110011000,4.0,01000101111110011000
76,4.0,01000101111110011000,4.0,01000101111110011000
76,4.0,01000101111110011000,4.0,01000101111110011000
76,4.0,01000101111110011000,4.0,01000101111110011000
76,4.0,01000101111110011000,4.0,01000101111110011000
76,4.0,01000101111110011000,4.0,01000101111110011000
76,4.0,01000101111110011000,4.0,01000101111110011000
76,4.0,01000101111110011000,4.0,01000101111110011000
76,4.0,01000101111110011000,4.0,01000101111110011000
76,4.0,01000101111110011000,4.0,01000101111110011000
76,4.0,01000101111110011000,2.0,01001101110110111101
76,2.0,01001101110110111101,2.0,01001101110110111101
76,2.0,01001101110110111101,2.0,01001101110110111101
76,2.0,01001101110110111101,2.0,01001101110110111101
76,2.0,01001101110110111101,2.0,01001101110110111101
76,2.0,01001101110110111101,2.0,01001101110110111101
76,2.0,01001101110110111101,2.0,01001101110110111101
76,2.0,01001101110110111101,2.0,01001101110110111101
76,2.0,01001101110110111101,2.0,01001101110110111101
76,2.0,01001101110110111101,2.0,01001101110110111101
76,2.0,01001101110110111101,2.0,01001101110110111101
76,2.0,01001101110110111101,2.0,01001101110110111101
76,2.0,01001101110110111101,2.0,01001101110110111101
76,2.0,01001101110110111101,2.0,01001101110110111101
76,2.0,01001101110110111101,2.0,01001101110110111101
76,2.0,01001101110110111101,2.0,01001101110110111101
76,2.0,01001101110110111101,2.0,01001101110110111101
76,2.0,01001101110110111101,2.0,01001101110110111101
76,2.0,01001101110110111101,2.0,01001101110110111101
76,2.0,01001101110110111101,2.0,01001101110110111101
76,2.0,01001101110110111101,2.0,01001101110110111101
76,2.0,01001101110110111101,2.0,01001101110110111101
76,2.0,01001101110110111101,2.0,01001101110110111101
76,2.0,01001101110110111101,2.0,01001101110110111101
76,2.0,01001101110110111101,2.0,01001101110110111101
76,2.0,01001101110110111101,2.0,01001101110110111101
76,2.0,01001101110110111101,2.0,01001101110110111101
76,2.0,01001101110110111101,2.0,01001101110110111101
76,2.0,01001101110110111101,2.0,01001101110110111101
76,2.0,01001101110110111101,2.0,01001101110110111101
76,2.0,01001101110110111101,2.0,01001101110110111101
76,2.0,01001101110110111101,2.0,01001101110110111101
76,2.0,01001101110110111101,2.0,01001101110110111101
76,2.0,01001101110110111101,2.0,01001101110110111101
76,2.0,01001101110110111101,2.0,01001101110110111101
76,2.0,01001101110110111101,2.0,01001101110110111101
76,2.0,01001101110110111101,2.0,01001101110110111101
76,2.0,01001101110110111101,2.0,01001101110110111101
76,2.0,01001101110110111101,2.0,01001101110110111101
76,2.0,01001101110110111101,2.0,01001101110110111101
76,2.0,01001101110110111101,2.0,01001101110110111101
76,2.0,01001101110110111101,2.0,01001101110110111101
76,2.0,01001101110110111101,2.0,01001101110110111101
76,2.0,01001101110110111101,2.0,01001101110110111101
76,2.0,01001101110110111101,2.0,01001101110110111101
76,2.0,01001101110110111101,2.0,01001101110110111101
76,2.0,01001101110110111101,2.0,01001101110110111101
76,2.0,01001101110110111101,2.0,01001101110110111101
77,9662.0,00001111011001110011,6016.0,10001011001001110011
77,6016.0,10001011001001110011,272.0,10001011001001100100
77,272.0,10001011001001100100,272.0,10001011001001100100
77,272.0,10001011001001100100,112.0,10011010001001100100
77,112.0,10011010001001100100,112.0,10011010001001100100
77,112.0,10011010001001100100,112.0,10011010001001100100
77,112.0,10011010001001100100,56.0,10011110000111100101
77,56.0,10011110000111100101,56.0,10011110000111100101
77,56.0,10011110000111100101,56.0,10011110000111100101
77,56.0,10011110000111100101,56.0,10011110000111100101
77,56.0,10011110000111100101,56.0,10011110000111100101
77,56.0,10011110000111100101,56.0,10011110000111100101
77,56.0,10011110000111100101,56.0,10011110000111100101
77,56.0,10011110000111100101,56.0,10011110000111100101
77,56.0,10011110000111100101,56.0,10011110000111100101
77,56.0,10011110000111100101,56.0,10011110000111100101
77,56.0,10011110000111100101,56.0,10011110000111100101
77,56.0,10011110000111100101,32.0,10010011000110100110
77,32.0,10010011000110100110,32.0,10010011000110100110
77,32.0,10010011000110100110,32.0,10010011000110100110
77,32.0,10010011000110100110,32.0,10010011000110100110
77,32.0,10010011000110100110,32.0,10010011000110100110
77,32.0,10010011000110100110,32.0,10010011000110100110
77,32.0,10010011000110100110,32.0,10010011000110100110
77,32.0,10010011000110100110,32.0,10010011000110100110
77,32.0,10010011000110100110,32.0,10010011000110100110
77,32.0,10010011000110100110,32.0,10010011000110100110
77,32.0,10010011000110100110,16.0,10011111000100101010
77,16.0,10011111000100101010,16.0,10011111000100101010
77,16.0,10011111000100101010,16.0,10011111000100101010
77,16.0,10011111000100101010,16.0,10011111000100101010
77,16.0,10011111000100101010,16.0,10011111000100101010
77,16.0,10011111000100101010,16.0,10011111000100101010
77,16.0,10011111000100101010,16.0,10011111000100101010
77,16.0,10011111000100101010,16.0,10011111000100101010
77,16.0,10011111000100101010,16.0,10011111000100101010
77,16.0,10011111000100101010,16.0,10011111000100101010
77,16.0,10011111000100101010,16.0,10011111000100101010
77,16.0,10011111000100101010,4.0,00011111001000101011
77,4.0,00011111001000101011,4.0,00011111001000101011
77,4.0,00011111001000101011,4.0,00011111001000101011
77,4.0,00011111001000101011,4.0,00011111001000101011
77,4.0,00011111001000101011,4.0,00011111001000101011
77,4.0,00011111001000101011,4.0,00011111001000101011
77,4.0,00011111001000101011,4.0,00011111001000101011
77,4.0,00011111001000101011,4.0,00011111001000101011
77,4.0,00011111001000101011,4.0,00011111001000101011
77,4.0,00011111001000101011,4.0,00011111001000101011
77,4.0,00011111001000101011,4.0,00011111001000101011
77,4.0,00011111001000101011,4.0,00011111001000101011
77,4.0,00011111001000101011,4.0,00011111001000101011
77,4.0,00011111001000101011,4.0,00011111001000101011
77,4.0,00011111001000101011,0.0,01010110011010101000
77,0.0,01010110011010101000,0.0,01010110011010101000
77,0.0,01010110011010101000,0.0,01010110011010101000
77,0.0,01010110011010101000,0.0,01010110011010101000
77,0.0,01010110011010101000,0.0,01010110011010101000
77,0.0,01010110011010101000,0.0,01010110011010101000
77,0.0,01010110011010101000,0.0,01010110011010101000
77,0.0,01010110011010101000,0.0,01010110011010101000
77,0.0,01010110011010101000,0.0,01010110011010101000
77,0.0,01010110011010101000,0.0,01010110011010101000
77,0.0,01010110011010101000,0.0,01010110011010101000
77,0.0,01010110011010101000,0.0,01010110011010101000
77,0.0,01010110011010101000,0.0,01010110011010101000
77,0.0,01010110011010101000,0.0,01010110011010101000
77,0.0,01010110011010101000,0.0,01010110011010101000
77,0.0,01010110011010101000,0.0,01010110011010101000
77,0.0,01010110011010101000,0.0,01010110011010101000
77,0.0,01010110011010101000,0.0,01010110011010101000
77,0.0,01010110011010101000,0.0,01010110011010101000
77,0.0,01010110011010101000,0.0,01010110011010101000
77,0.0,01010110011010101000,0.0,01010110011010101000
77,0.0,01010110011010101000,0.0,01010110011010101000
77,0.0,01010110011010101000,0.0,01010110011010101000
77,0.0,01010110011010101000,0.0,01010110011010101000
77,0.0,01010110011010101000,0.0,01010110011010101000
77,0.0,01010110011010101000,0.0,01010110011010101000
77,0.0,01010110011010101000,0.0,01010110011010101000
77,0.0,01010110011010101000,0.0,01010110011010101000
77,0.0,01010110011010101000,0.0,01010110011010101000
77,0.0,01010110011010101000,0.0,01010110011010101000
77,0.0,01010110011010101000,0.0,01010110011010101000
78,2860.0,11101100111110110010,434.0,01101001111110010000
78,434.0,01101001111110010000,434.0,01101001111110010000
78,434.0,01101001111110010000,434.0,01101001111110010000
78,434.0,01101001111110010000,404.0,01100001101110110010
78,404.0,01100001101110110010,368.0,01110001000110100111
78,368.0,01110001000110100111,168.0,00110000010111110101
78,168.0,00110000010111110101,168.0,00110000010111110101
78,168.0,00110000010111110101,168.0,00110000010111110101
78,168.0,00110000010111110101,168.0,00110000010111110101
78,168.0,00110000010111110101,168.0,00110000010111110101
78,168.0,00110000010111110101,168.0,00110000010111110101
78,168.0,00110000010111110101,168.0,00110000010111110101
78,168.0,00110000010111110101,168.0,00110000010111110101
78,168.0,00110000010111110101,168.0,00110000010111110101
78,168.0,00110000010111110101,68.0,00111000110111010100
78,68.0,00111000110111010100,68.0,00111000110111010100
78,68.0,00111000110111010100,68.0,00111000110111010100
78,68.0,00111000110111010100,68.0,00111000110111010100
78,68.0,00111000110111010100,68.0,00111000110111010100
78,68.0,00111000110111010100,68.0,00111000110111010100
78,68.0,00111000110111010100,68.0,00111000110111010100
78,68.0,00111000110111010100,68.0,00111000110111010100
78,68.0,00111000110111010100,68.0,00111000110111010100
78,68.0,00111000110111010100,68.0,00111000110111010100
78,68.0,00111000110111010100,4.0,11100000110111010100
78,4.0,11100000110111010100,4.0,11100000110111010100
78,4.0,11100000110111010100,4.0,11100000110111010100
78,4.0,11100000110111010100,4.0,11100000110111010100
78,4.0,11100000110111010100,4.0,11100000110111010100
78,4.0,11100000110111010100,4.0,11100000110111010100
78,4.0,11100000110111010100,4.0,11100000110111010100
78,4.0,11100000110111010100,4.0,11100000110111010100
78,4.0,11100000110111010100,4.0,11100000110111010100
78,4.0,11100000110111010100,4.0,11100000110111010100
78,4.0,11100000110111010100,4.0,11100000110111010100
78,4.0,11100000110111010100,4.0,11100000110111010100
78,4.0,11100000110111010100,4.0,11100000110111010100
78,4.0,11100000110111010100,4.0,11100000110111010100
78,4.0,11100000110111010100,4.0,11100000110111010100
78,4.0,11100000110111010100,4.0,11100000110111010100
78,4.0,11100000110111010100,4.0,11100000110111010100
78,4.0,11100000110111010100,4.0,11100000110111010100
78,4.0,11100000110111010100,4.0,11100000110111010100
78,4.0,11100000110111010100,4.0,11100000110111010100
78,4.0,11100000110111010100,4.0,11100000110111010100
78,4.0,11100000110111010100,4.0,11100000110111010100
78,4.0,11100000110111010100,4.0,11100000110111010100
78,4.0,11100000110111010100,4.0,11100000110111010100
78,4.0,11100000110111010100,4.0,11100000110111010100
78,4.0,11100000110111010100,4.0,11100000110111010100
78,4.0,11100000110111010100,4.0,11100000110111010100
78,4.0,11100000110111010100,4.0,11100000110111010100
78,4.0,11100000110111010100,4.0,11100000110111010100
78,4.0,11100000110111010100,4.0,11100000110111010100
78,4.0,11100000110111010100,4.0,11100000110111010100
78,4.0,11100000110111010100,4.0,11100000110111010100
78,4.0,11100000110111010100,4.0,11100000110111010100
78,4.0,11100000110111010100,4.0,11100000110111010100
78,4.0,11100000110111010100,4.0,11100000110111010100
78,4.0,11100000110111010100,4.0,11100000110111010100
78,4.0,11100000110111010100,4.0,11100000110111010100
78,4.0,11100000110111010100,4.0,11100000110111010100
78,4.0,11100000110111010100,4.0,11100000110111010100
78,4.0,11100000110111010100,4.0,11100000110111010100
78,4.0,11100000110111010100,4.0,11100000110111010100
78,4.0,11100000110111010100,4.0,11100000110111010100
78,4.0,11100000110111010100,4.0,11100000110111010100
78,4.0,11100000110111010100,4.0,11100000110111010100
79,7568.0,11101000110110011111,3392.0,11110000110010110101
79,3392.0,11110000110010110101,3392.0,11110000110010110101
79,3392.0,11110000110010110101,1846.0,11111000110010110100
79,1846.0,11111000110010110100,744.0,11111000110010001101
79,744.0,11111000110010001101,36.0,11111000100010101110
79,36.0,11111000100010101110,36.0,11111000100010101110
79,36.0,11111000100010101110,0.0,11111010100000101010
79,0.0,11111010100000101010,0.0,11111010100000101010
79,0.0,11111010100000101010,0.0,11111010100000101010
79,0.0,11111010100000101010,0.0,11111010100000101010
79,0.0,11111010100000101010,0.0,11111010100000101010
79,0.0,11111010100000101010,0.0,11111010100000101010
79,0.0,11111010100000101010,0.0,11111010100000101010
79,0.0,11111010100000101010,0.0,11111010100000101010
79,0.0,11111010100000101010,0.0,11111010100000101010
79,0.0,11111010100000101010,0.0,11111010100000101010
79,0.0,11111010100000101010,0.0,11111010100000101010
79,0.0,11111010100000101010,0.0,11111010100000101010
79,0.0,11111010100000101010,0.0,11111010100000101010
79,0.0,11111010100000101010,0.0,11111010100000101010
79,0.0,11111010100000101010,0.0,11111010100000101010
79,0.0,11111010100000101010,0.0,11111010100000101010
79,0.0,11111010100000101010,0.0,11111010100000101010
79,0.0,11111010100000101010,0.0,11111010100000101010
79,0.0,11111010100000101010,0.0,11111010100000101010
79,0.0,11111010100000101010,0.0,11111010100000101010
79,0.0,11111010100000101010,0.0,11111010100000101010
79,0.0,11111010100000101010,0.0,11111010100000101010
79,0.0,11111010100000101010,0.0,11111010100000101010
79,0.0,11111010100000101010,0.0,11111010100000101010
80,12374.0,10110100111100110000,3418.0,10110000111110010010
80,3418.0,10110000111110010010,1378.0,00111100111110110011
80,1378.0,00111100111110110011,1378.0,00111100111110110011
80,1378.0,00111100111110110011,1378.0,00111100111110110011
80,1378.0,00111100111110110011,1378.0,00111100111110110011
80,1378.0,00111100111110110011,1378.0,00111100111110110011
80,1378.0,00111100111110110011,866.0,01111100011100110011
80,866.0,01111100011100110011,866.0,01111100011100110011
80,866.0,01111100011100110011,324.0,11110100010100110100
80,324.0,11110100010100110100,100.0,11111100010010110111
80,100.0,11111100010010110111,100.0,11111100010010110111
80,100.0,11111100010010110111,16.0,11011100011010110100
80,16.0,11011100011010110100,16.0,11011100011010110100
80,16.0,11011100011010110100,16.0,11011100011010110100
80,16.0,11011100011010110100,16.0,11011100011010110100
80,16.0,11011100011010110100,16.0,11011100011010110100
80,16.0,11011100011010110100,16.0,11011100011010110100
80,16.0,11011100011010110100,16.0,11011100011010110100
80,16.0,11011100011010110100,16.0,11011100011010110100
80,16.0,11011100011010110100,16.0,11011100011010110100
80,16.0,11011100011010110100,16.0,11011100011010110100
80,16.0,11011100011010110100,16.0,11011100011010110100
80,16.0,11011100011010110100,16.0,11011100011010110100
80,16.0,11011100011010110100,16.0,11011100011010110100
80,16.0,11011100011010110100,16.0,11011100011010110100
80,16.0,11011100011010110100,16.0,11011100011010110100
80,16.0,11011100011010110100,16.0,11011100011010110100
80,16.0,11011100011010110100,16.0,11011100011010110100
80,16.0,11011100011010110100,16.0,11011100011010110100
80,16.0,11011100011010110100,16.0,11011100011010110100
80,16.0,11011100011010110100,16.0,11011100011010110100
80,16.0,11011100011010110100,16.0,11011100011010110100
80,16.0,11011100011010110100,16.0,11011100011010110100
80,16.0,11011100011010110100,16.0,11011100011010110100
80,16.0,11011100011010110100,16.0,11011100011010110100
80,16.0,11011100011010110100,16.0,11011100011010110100
81,9014.0,11010010100100111010,2268.0,11011010100100110111
81,2268.0,11011010100100110111,662.0,11010010110100010110
81,662.0,11010010110100010110,610.0,11010110110010010110
81,610.0,11010110110010010110,610.0,11010110110010010110
81,610.0,11010110110010010110,298.0,11010111100010010000
81,298.0,11010111100010010000,150.0,10011001101010010101
81,150.0,10011001101010010101,150.0,10011001101010010101
81,150.0,10011001101010010101,150.0,10011001101010010101
81,150.0,10011001101010010101,98.0,10100101101010010111
81,98.0,10100101101010010111,98.0,10100101101010010111
81,98.0,10100101101010010111,98.0,10100101101010010111
81,98.0,10100101101010010111,2.0,10100001101010110100
81,2.0,10100001101010110100,2.0,10100001101010110100
81,2.0,10100001101010110100,2.0,10100001101010110100
81,2.0,10100001101010110100,2.0,10100001101010110100
81,2.0,10100001101010110100,2.0,10100001101010110100
81,2.0,10100001101010110100,2.0,10100001101010110100
81,2.0,10100001101010110100,2.0,10100001101010110100
81,2.0,10100001101010110100,2.0,10100001101010110100
81,2.0,10100001101010110100,2.0,10100001101010110100
81,2.0,10100001101010110100,2.0,10100001101010110100
81,2.0,10100001101010110100,2.0,10100001101010110100
81,2.0,10100001101010110100,2.0,10100001101010110100
81,2.0,10100001101010110100,2.0,10100001101010110100
81,2.0,10100001101010110100,2.0,10100001101010110100
81,2.0,10100001101010110100,2.0,10100001101010110100
81,2.0,10100001101010110100,2.0,10100001101010110100
81,2.0,10100001101010110100,2.0,10100001101010110100
81,2.0,10100001101010110100,2.0,10100001101010110100
81,2.0,10100001101010110100,2.0,10100001101010110100
81,2.0,10100001101010110100,2.0,10100001101010110100
81,2.0,10100001101010110100,2.0,10100001101010110100
81,2.0,10100001101010110100,2.0,10100001101010110100
81,2.0,10100001101010110100,2.0,10100001101010110100
81,2.0,10100001101010110100,2.0,10100001101010110100
81,2.0,10100001101010110100,2.0,10100001101010110100
81,2.0,10100001101010110100,2.0,10100001101010110100
81,2.0,10100001101010110100,2.0,10100001101010110100
81,2.0,10100001101010110100,2.0,10100001101010110100
81,2.0,10100001101010110100,2.0,10100001101010110100
81,2.0,10100001101010110100,2.0,10100001101010110100
81,2.0,10100001101010110100,2.0,10100001101010110100
81,2.0,10100001101010110100,2.0,10100001101010110100
81,2.0,10100001101010110100,2.0,10100001101010110100
81,2.0,10100001101010110100,2.0,10100001101010110100
81,2.0,10100001101010110100,2.0,10100001101010110100
82,2564.0,10000011100001101100,1398.0,11101110000001001101
82,1398.0,11101110000001001101,932.0,11001110100001011111
82,932.0,11001110100001011111,820.0,01000111010001001101
82,820.0,01000111010001001101,382.0,01001111010101001011
82,382.0,01001111010101001011,2.0,01011110010101001011
82,2.0,01011110010101001011,2.0,01011110010101001011
82,2.0,01011110010101001011,2.0,01011110010101001011
82,2.0,01011110010101001011,2.0,01011110010101001011
82,2.0,01011110010101001011,2.0,01011110010101001011
82,2.0,01011110010101001011,2.0,01011110010101001011
82,2.0,01011110010101001011,2.0,01011110010101001011
82,2.0,01011110010101001011,2.0,01011110010101001011
82,2.0,01011110010101001011,2.0,01011110010101001011
82,2.0,01011110010101001011,2.0,01011110010101001011
82,2.0,01011110010101001011,2.0,01011110010101001011
82,2.0,01011110010101001011,2.0,01011110010101001011
82,2.0,01011110010101001011,2.0,01011110010101001011
82,2.0,01011110010101001011,2.0,01011110010101001011
82,2.0,01011110010101001011,2.0,01011110010101001011
82,2.0,01011110010101001011,2.0,01011110010101001011
82,2.0,01011110010101001011,2.0,01011110010101001011
82,2.0,01011110010101001011,2.0,01011110010101001011
82,2.0,01011110010101001011,2.0,01011110010101001011
82,2.0,01011110010101001011,2.0,01011110010101001011
82,2.0,01011110010101001011,2.0,01011110010101001011
82,2.0,01011110010101001011,2.0,01011110010101001011
82,2.0,01011110010101001011,2.0,01011110010101001011
82,2.0,01011110010101001011,2.0,01011110010101001011
82,2.0,01011110010101001011,2.0,01011110010101001011
82,2.0,01011110010101001011,2.0,01011110010101001011
82,2.0,01011110010101001011,2.0,01011110010101001011
82,2.0,01011110010101001011,2.0,01011110010101001011
82,2.0,01011110010101001011,2.0,01011110010101001011
82,2.0,01011110010101001011,2.0,01011110010101001011
82,2.0,01011110010101001011,2.0,01011110010101001011
82,2.0,01011110010101001011,2.0,01011110010101001011
82,2.0,01011110010101001011,2.0,01011110010101001011
82,2.0,01011110010101001011,2.0,01011110010101001011
82,2.0,01011110010101001011,2.0,01011110010101001011
82,2.0,01011110010101001011,2.0,01011110010101001011
82,2.0,01011110010101001011,2.0,01011110010101001011
83,3098.0,00110000100101101111,2566.0,00100110100001111111
83,2566.0,00100110100001111111,1976.0,00101110100101101110
83,1976.0,00101110100101101110,298.0,00101000011101101111
83,298.0,00101000011101101111,298.0,00101000011101101111
83,298.0,00101000011101101111,298.0,00101000011101101111
83,298.0,00101000011101101111,298.0,00101000011101101111
83,298.0,00101000011101101111,58.0,01101000101001101110
83,58.0,01101000101001101110,18.0,00010110110001101101
83,18.0,00010110110001101101,18.0,00010110110001101101
83,18.0,00010110110001101101,18.0,00010110110001101101
83,18.0,00010110110001101101,18.0,00010110110001101101
83,18.0,00010110110001101101,18.0,00010110110001101101
83,18.0,00010110110001101101,18.0,00010110110001101101
83,18.0,00010110110001101101,18.0,00010110110001101101
83,18.0,00010110110001101101,18.0,00010110110001101101
83,18.0,00010110110001101101,18.0,00010110110001101101
83,18.0,00010110110001101101,18.0,00010110110001101101
83,18.0,00010110110001101101,18.0,00010110110001101101
84,32020.0,10001101111010110111,14752.0,10011101110010110111
84,14752.0,10011101110010110111,1050.0,10011001100010111100
84,1050.0,10011001100010111100,72.0,00011011110010001100
84,72.0,00011011110010001100,20.0,00100111110010001110
84,20.0,00100111110010001110,20.0,00100111110010001110
84,20.0,00100111110010001110,20.0,00100111110010001110
84,20.0,00100111110010001110,20.0,00100111110010001110
84,20.0,00100111110010001110,20.0,00100111110010001110
84,20.0,00100111110010001110,20.0,00100111110010001110
84,20.0,00100111110010001110,20.0,00100111110010001110
84,20.0,00100111110010001110,20.0,00100111110010001110
84,20.0,00100111110010001110,20.0,00100111110010001110
84,20.0,00100111110010001110,8.0,11000011110010001100
84,8.0,11000011110010001100,8.0,11000011110010001100
84,8.0,11000011110010001100,8.0,11000011110010001100
84,8.0,11000011110010001100,8.0,11000011110010001100
84,8.0,11000011110010001100,8.0,11000011110010001100
84,8.0,11000011110010001100,8.0,11000011110010001100
84,8.0,11000011110010001100,8.0,11000011110010001100
84,8.0,11000011110010001100,8.0,11000011110010001100
84,8.0,11000011110010001100,8.0,11000011110010001100
84,8.0,11000011110010001100,8.0,11000011110010001100
84,8.0,11000011110010001100,8.0,11000011110010001100
84,8.0,11000011110010001100,8.0,11000011110010001100
84,8.0,11000011110010001100,8.0,11000011110010001100
84,8.0,11000011110010001100,8.0,11000011110010001100
84,8.0,11000011110010001100,8.0,11000011110010001100
84,8.0,11000011110010001100,8.0,11000011110010001100
84,8.0,11000011110010001100,8.0,11000011110010001100
84,8.0,11000011110010001100,8.0,11000011110010001100
84,8.0,11000011110010001100,8.0,11000011110010001100
84,8.0,11000011110010001100,8.0,11000011110010001100
84,8.0,11000011110010001100,8.0,11000011110010001100
84,8.0,11000011110010001100,8.0,11000011110010001100
84,8.0,11000011110010001100,8.0,11000011110010001100
84,8.0,11000011110010001100,8.0,11000011110010001100
84,8.0,11000011110010001100,8.0,11000011110010001100
84,8.0,11000011110010001100,8.0,11000011110010001100
84,8.0,11000011110010001100,8.0,11000011110010001100
84,8.0,11000011110010001100,8.0,11000011110010001100
84,8.0,11000011110010001100,8.0,11000011110010001100
84,8.0,11000011110010001100,8.0,11000011110010001100
85,2796.0,00100001011101000110,2198.0,10000001001111010100
85,2198.0,10000001001111010100,1182.0,10000001011111000111
85,1182.0,10000001011111000111,216.0,00100001010111110101
85,216.0,00100001010111110101,216.0,00100001010111110101
85,216.0,00100001010111110101,168.0,00110000010111110101
85,168.0,00110000010111110101,168.0,00110000010111110101
85,168.0,00110000010111110101,130.0,10110000000111011001
85,130.0,10110000000111011001,130.0,10110000000111011001
85,130.0,10110000000111011001,130.0,10110000000111011001
85,130.0,10110000000111011001,130.0,10110000000111011001
85,130.0,10110000000111011001,130.0,10110000000111011001
85,130.0,10110000000111011001,130.0,10110000000111011001
85,130.0,10110000000111011001,130.0,10110000000111011001
85,130.0,10110000000111011001,130.0,10110000000111011001
85,130.0,10110000000111011001,130.0,10110000000111011001
85,130.0,10110000000111011001,54.0,10010110001111000000
85,54.0,10010110001111000000,54.0,10010110001111000000
85,54.0,10010110001111000000,54.0,10010110001111000000
85,54.0,10010110001111000000,16.0,10011110010111010011
85,16.0,10011110010111010011,16.0,10011110010111010011
85,16.0,10011110010111010011,16.0,10011110010111010011
85,16.0,10011110010111010011,16.0,10011110010111010011
85,16.0,10011110010111010011,16.0,10011110010111010011
85,16.0,10011110010111010011,16.0,10011110010111010011
85,16.0,10011110010111010011,16.0,10011110010111010011
85,16.0,10011110010111010011,16.0,10011110010111010011
85,16.0,10011110010111010011,16.0,10011110010111010011
85,16.0,10011110010111010011,16.0,10011110010111010011
85,16.0,10011110010111010011,16.0,10011110010111010011
85,16.0,10011110010111010011,16.0,10011110010111010011
85,16.0,10011110010111010011,16.0,10011110010111010011
85,16.0,10011110010111010011,16.0,10011110010111010011
85,16.0,10011110010111010011,16.0,10011110010111010011
85,16.0,10011110010111010011,16.0,10011110010111010011
85,16.0,10011110010111010011,16.0,10011110010111010011
85,16.0,10011110010111010011,16.0,10011110010111010011
85,16.0,10011110010111010011,16.0,10011110010111010011
85,16.0,10011110010111010011,16.0,10011110010111010011
85,16.0,10011110010111010011,16.0,10011110010111010011
85,16.0,10011110010111010011,16.0,10011110010111010011
85,16.0,10011110010111010011,16.0,10011110010111010011
85,16.0,10011110010111010011,16.0,10011110010111010011
85,16.0,10011110010111010011,16.0,10011110010111010011
85,16.0,10011110010111010011,16.0,10011110010111010011
85,16.0,10011110010111010011,16.0,10011110010111010011
85,16.0,10011110010111010011,16.0,10011110010111010011
85,16.0,10011110010111010011,16.0,10011110010111010011
85,16.0,10011110010111010011,16.0,10011110010111010011
85,16.0,10011110010111010011,16.0,10011110010111010011
85,16.0,10011110010111010011,16.0,10011110010111010011
85,16.0,10011110010111010011,16.0,10011110010111010011
85,16.0,10011110010111010011,16.0,10011110010111010011
85,16.0,10011110010111010011,16.0,10011110010111010011
86,1982.0,00111000011001010110,1880.0,00100110011001010110
86,1880.0,00100110011001010110,878.0,00100010011001001100
86,878.0,00100010011001001100,330.0,10000010011001101101
86,330.0,10000010011001101101,330.0,10000010011001101101
86,330.0,10000010011001101101,330.0,10000010011001101101
86,330.0,10000010011001101101,82.0,11000010001001001110
86,82.0,11000010001001001110,18.0,00011010001001001110
86,18.0,00011010001001001110,18.0,00011010001001001110
86,18.0,00011010001001001110,18.0,00011010001001001110
86,18.0,00011010001001001110,18.0,00011010001001001110
86,18.0,00011010001001001110,18.0,00011010001001001110
86,18.0,00011010001001001110,18.0,00011010001001001110
86,18.0,00011010001001001110,18.0,00011010001001001110
86,18.0,00011010001001001110,18.0,00011010001001001110
86,18.0,00011010001001001110,18.0,00011010001001001110
86,18.0,00011010001001001110,18.0,00011010001001001110
86,18.0,00011010001001001110,18.0,00011010001001001110
86,18.0,00011010001001001110,18.0,00011010001001001110
86,18.0,00011010001001001110,18.0,00011010001001001110
86,18.0,00011010001001001110,18.0,00011010001001001110
86,18.0,00011010001001001110,18.0,00011010001001001110
86,18.0,00011010001001001110,18.0,00011010001001001110
86,18.0,00011010001001001110,18.0,00011010001001001110
86,18.0,00011010001001001110,18.0,00011010001001001110
86,18.0,00011010001001001110,18.0,00011010001001001110
86,18.0,00011010001001001110,18.0,00011010001001001110
86,18.0,00011010001001001110,18.0,00011010001001001110
86,18.0,00011010001001001110,18.0,00011010001001001110
86,18.0,00011010001001001110,18.0,00011010001001001110
86,18.0,00011010001001001110,18.0,00011010001001001110
86,18.0,00011010001001001110,18.0,00011010001001001110
86,18.0,00011010001001001110,18.0,00011010001001001110
86,18.0,00011010001001001110,18.0,00011010001001001110
86,18.0,00011010001001001110,18.0,00010110110001101101
86,18.0,00010110110001101101,18.0,00010110110001101101
86,18.0,00010110110001101101,18.0,00010110110001101101
86,18.0,00010110110001101101,18.0,00010110110001101101
86,18.0,00010110110001101101,18.0,00010110110001101101
86,18.0,00010110110001101101,18.0,00010110110001101101
86,18.0,00010110110001101101,18.0,00010110110001101101
86,18.0,00010110110001101101,18.0,00010110110001101101
86,18.0,00010110110001101101,18.0,00010110110001101101
86,18.0,00010110110001101101,18.0,00010110110001101101
86,18.0,00010110110001101101,18.0,00010110110001101101
86,18.0,00010110110001101101,18.0,00010110110001101101
87,8396.0,10010010000111011000,1302.0,10011010000011111010
87,1302.0,10011010000011111010,570.0,10011000100011111111
87,570.0,10011000100011111111,382.0,11011000110001111011
87,382.0,11011000110001111011,382.0,11011000110001111011
87,382.0,11011000110001111011,382.0,11011000110001111011
87,382.0,11011000110001111011,382.0,11011000110001111011
87,382.0,11011000110001111011,266.0,01010110100001001110
87,266.0,01010110100001001110,266.0,01010110100001001110
87,266.0,01010110100001001110,266.0,01010110100001001110
87,266.0,01010110100001001110,266.0,01010110100001001110
87,266.0,01010110100001001110,266.0,01010110100001001110
87,266.0,01010110100001001110,266.0,01010110100001001110
87,266.0,01010110100001001110,266.0,01010110100001001110
87,266.0,01010110100001001110,266.0,01010110100001001110
87,266.0,01010110100001001110,266.0,01010110100001001110
87,266.0,01010110100001001110,266.0,01010110100001001110
87,266.0,01010110100001001110,266.0,01010110100001001110
87,266.0,01010110100001001110,174.0,00010110101001100111
87,174.0,00010110101001100111,174.0,00010110101001100111
87,174.0,00010110101001100111,18.0,00010110110001101101
87,18.0,00010110110001101101,18.0,00010110110001101101
87,18.0,00010110110001101101,18.0,00010110110001101101
87,18.0,00010110110001101101,18.0,00010110110001101101
87,18.0,00010110110001101101,18.0,00010110110001101101
87,18.0,00010110110001101101,18.0,00010110110001101101
87,18.0,00010110110001101101,18.0,00010110110001101101
87,18.0,00010110110001101101,18.0,00010110110001101101
87,18.0,00010110110001101101,18.0,00010110110001101101
87,18.0,00010110110001101101,18.0,00010110110001101101
87,18.0,00010110110001101101,18.0,00010110110001101101
87,18.0,00010110110001101101,18.0,00010110110001101101
87,18.0,00010110110001101101,18.0,00011010001001001110
87,18.0,00011010001001001110,18.0,00011010001001001110
87,18.0,00011010001001001110,18.0,00011010001001001110
87,18.0,00011010001001001110,18.0,00011010001001001110
87,18.0,00011010001001001110,18.0,00011010001001001110
87,18.0,00011010001001001110,18.0,00011010001001001110
87,18.0,00011010001001001110,18.0,00011010001001001110
87,18.0,00011010001001001110,18.0,00011010001001001110
87,18.0,00011010001001001110,18.0,00011010001001001110
87,18.0,00011010001001001110,18.0,00011010001001001110
87,18.0,00011010001001001110,18.0,00011010001001001110
87,18.0,00011010001001001110,18.0,00011010001001001110
87,18.0,00011010001001001110,18.0,00011010001001001110
87,18.0,00011010001001001110,18.0,00011010001001001110
87,18.0,00011010001001001110,18.0,00011010001001001110
87,18.0,00011010001001001110,18.0,00011010001001001110
87,18.0,00011010001001001110,18.0,00011010001001001110
87,18.0,00011010001001001110,18.0,00011010001001001110
87,18.0,00011010001001001110,18.0,00011010001001001110
88,2560.0,01101001010101010100,1250.0,01100101000001011100
88,1250.0,01100101000001011100,432.0,01111100000101011010
88,432.0,01111100000101011010,432.0,01111100000101011010
88,432.0,01111100000101011010,432.0,01111100000101011010
88,432.0,01111100000101011010,432.0,01111100000101011010
88,432.0,01111100000101011010,280.0,11110000000110111010
88,280.0,11110000000110111010,280.0,11110000000110111010
88,280.0,11110000000110111010,280.0,11110000000110111010
88,280.0,11110000000110111010,280.0,11110000000110111010
88,280.0,11110000000110111010,18.0,11100101110110110001
88,18.0,11100101110110110001,18.0,11100101110110110001
88,18.0,11100101110110110001,18.0,11100101110110110001
88,18.0,11100101110110110001,18.0,11100101110110110001
88,18.0,11100101110110110001,18.0,11100101110110110001
88,18.0,11100101110110110001,18.0,11100101110110110001
88,18.0,11100101110110110001,18.0,11100101110110110001
88,18.0,11100101110110110001,18.0,11100101110110110001
88,18.0,11100101110110110001,18.0,11100101110110110001
88,18.0,11100101110110110001,18.0,11100101110110110001
88,18.0,11100101110110110001,18.0,11100101110110110001
88,18.0,11100101110110110001,18.0,11100101110110110001
88,18.0,11100101110110110001,18.0,11100101110110110001
88,18.0,11100101110110110001,18.0,11100101110110110001
88,18.0,11100101110110110001,18.0,11100101110110110001
88,18.0,11100101110110110001,18.0,11100101110110110001
88,18.0,11100101110110110001,18.0,11100101110110110001
88,18.0,11100101110110110001,18.0,11100101110110110001
88,18.0,11100101110110110001,18.0,11100101110110110001
88,18.0,11100101110110110001,18.0,11100101110110110001
88,18.0,11100101110110110001,18.0,11100101110110110001
88,18.0,11100101110110110001,18.0,11100101110110110001
88,18.0,11100101110110110001,18.0,11100101110110110001
88,18.0,11100101110110110001,18.0,11100101110110110001
88,18.0,11100101110110110001,18.0,11100101110110110001
88,18.0,11100101110110110001,18.0,11100101110110110001
88,18.0,11100101110110110001,18.0,11100101110110110001
88,18.0,11100101110110110001,18.0,11100101110110110001
88,18.0,11100101110110110001,18.0,11100101110110110001
88,18.0,11100101110110110001,18.0,11100101110110110001
88,18.0,11100101110110110001,18.0,11100101110110110001
88,18.0,11100101110110110001,18.0,11100101110110110001
88,18.0,11100101110110110001,18.0,11100101110110110001
88,18.0,11100101110110110001,18.0,11100101110110110001
88,18.0,11100101110110110001,18.0,11100101110110110001
88,18.0,11100101110110110001,18.0,11100101110110110001
88,18.0,11100101110110110001,18.0,11100101110110110001
88,18.0,11100101110110110001,18.0,11100101110110110001
88,18.0,11100101110110110001,18.0,11100101110110110001
88,18.0,11100101110110110001,18.0,11100101110110110001
88,18.0,11100101110110110001,18.0,11100101110110110001
88,18.0,11100101110110110001,18.0,11100101110110110001
88,18.0,11100101110110110001,18.0,11100101110110110001
89,1362.0,11010010110011100011,998.0,10010010111001100001
89,998.0,10010010111001100001,306.0,10010011010101000001
89,306.0,10010011010101000001,306.0,10010011010101000001
89,306.0,10010011010101000001,306.0,10010011010101000001
89,306.0,10010011010101000001,274.0,10110011000100010000
89,274.0,10110011000100010000,274.0,10110011000100010000
89,274.0,10110011000100010000,274.0,10110011000100010000
89,274.0,10110011000100010000,274.0,10110011000100010000
89,274.0,10110011000100010000,122.0,11110001010100010000
89,122.0,11110001010100010000,122.0,11110001010100010000
89,122.0,11110001010100010000,122.0,11110001010100010000
89,122.0,11110001010100010000,122.0,11110001010100010000
89,122.0,11110001010100010000,122.0,11110001010100010000
89,122.0,11110001010100010000,60.0,11100101010100110100
89,60.0,11100101010100110100,60.0,11100101010100110100
89,60.0,11100101010100110100,60.0,11100101010100110100
89,60.0,11100101010100110100,60.0,11100101010100110100
89,60.0,11100101010100110100,60.0,11100101010100110100
89,60.0,11100101010100110100,18.0,11100101110110110001
89,18.0,11100101110110110001,18.0,11100101110110110001
89,18.0,11100101110110110001,18.0,11100101110110110001
89,18.0,11100101110110110001,18.0,11100101110110110001
89,18.0,11100101110110110001,18.0,11100101110110110001
89,18.0,11100101110110110001,18.0,11100101110110110001
89,18.0,11100101110110110001,18.0,11100101110110110001
89,18.0,11100101110110110001,18.0,11100101110110110001
89,18.0,11100101110110110001,18.0,11100101110110110001
89,18.0,11100101110110110001,2.0,01001101110110111101
89,2.0,01001101110110111101,2.0,01001101110110111101
89,2.0,01001101110110111101,2.0,01001101110110111101
89,2.0,01001101110110111101,2.0,01001101110110111101
89,2.0,01001101110110111101,2.0,01001101110110111101
89,2.0,01001101110110111101,2.0,01001101110110111101
89,2.0,01001101110110111101,2.0,01001101110110111101
89,2.0,01001101110110111101,2.0,01001101110110111101
89,2.0,01001101110110111101,2.0,01001101110110111101
89,2.0,01001101110110111101,2.0,01001101110110111101
89,2.0,01001101110110111101,2.0,01001101110110111101
89,2.0,01001101110110111101,2.0,01001101110110111101
89,2.0,01001101110110111101,2.0,01001101110110111101
89,2.0,01001101110110111101,2.0,01001101110110111101
89,2.0,01001101110110111101,2.0,01001101110110111101
89,2.0,01001101110110111101,2.0,01001101110110111101
89,2.0,01001101110110111101,2.0,01001101110110111101
89,2.0,01001101110110111101,2.0,01001101110110111101
89,2.0,01001101110110111101,2.0,01001101110110111101
89,2.0,01001101110110111101,2.0,01001101110110111101
89,2.0,01001101110110111101,2.0,01001101110110111101
89,2.0,01001101110110111101,2.0,01001101110110111101
89,2.0,01001101110110111101,2.0,01001101110110111101
89,2.0,01001101110110111101,2.0,01001101110110111101
89,2.0,01001101110110111101,2.0,01001101110110111101
89,2.0,01001101110110111101,2.0,01001101110110111101
89,2.0,01001101110110111101,2.0,01001101110110111101
89,2.0,01001101110110111101,2.0,01001101110110111101
89,2.0,01001101110110111101,2.0,01001101110110111101
89,2.0,01001101110110111101,2.0,01001101110110111101
89,2.0,01001101110110111101,2.0,01001101110110111101
89,2.0,01001101110110111101,2.0,01001101110110111101
89,2.0,01001101110110111101,2.0,01001101110110111101
89,2.0,01001101110110111101,2.0,01001101110110111101
89,2.0,01001101110110111101,2.0,01001101110110111101
89,2.0,01001101110110111101,2.0,01001101110110111101
89,2.0,01001101110110111101,2.0,01001101110110111101
89,2.0,01001101110110111101,2.0,01001101110110111101
89,2.0,01001101110110111101,2.0,01001101110110111101
89,2.0,01001101110110111101,2.0,01001101110110111101
89,2.0,01001101110110111101,2.0,01001101110110111101
89,2.0,01001101110110111101,2.0,01001101110110111101
89,2.0,01001101110110111101,2.0,01001101110110111101
89,2.0,01001101110110111101,2.0,01001101110110111101
89,2.0,01001101110110111101,2.0,01001101110110111101
89,2.0,01001101110110111101,2.0,01001101110110111101
89,2.0,01001101110110111101,2.0,01001101110110111101
89,2.0,01001101110110111101,2.0,01001101110110111101
89,2.0,01001101110110111101,2.0,01001101110110111101
89,2.0,01001101110110111101,2.0,01001101110110111101
89,2.0,01001101110110111101,2.0,01001101110110111101
89,2.0,01001101110110111101,2.0,01001101110110111101
89,2.0,01001101110110111101,2.0,01001101110110111101
89,2.0,01001101110110111101,2.0,01001101110110111101
89,2.0,01001101110110111101,2.0,01001101110110111101
89,2.0,01001101110110111101,2.0,01001101110110111101
89,2.0,01001101110110111101,2.0,01001101110110111101
89,2.0,01001101110110111101,2.0,01001101110110111101
89,2.0,01001101110110111101,2.0,01001101110110111101
89,2.0,01001101110110111101,2.0,01001101110110111101
89,2.0,01001101110110111101,2.0,01001101110110111101
89,2.0,01001101110110111101,2.0,01001101110110111101
89,2.0,01001101110110111101,2.0,01001101110110111101
89,2.0,01001101110110111101,2.0,01001101110110111101
90,6286.0,01010111100011000010,1380.0,01010111010011000000
90,1380.0,01010111010011000000,716.0,01100010011011010000
90,716.0,01100010011011010000,716.0,01100010011011010000
90,716.0,01100010011011010000,716.0,01100010011011010000
90,716.0,01100010011011010000,716.0,01100010011011010000
90,716.0,01100010011011010000,50.0,01000010111111010010
90,50.0,01000010111111010010,50.0,01000010111111010010
90,50.0,01000010111111010010,50.0,01000010111111010010
90,50.0,01000010111111010010,50.0,01000010111111010010
90,50.0,01000010111111010010,50.0,01000010111111010010
90,50.0,01000010111111010010,50.0,01000010111111010010
90,50.0,01000010111111010010,50.0,01000010111111010010
90,50.0,01000010111111010010,50.0,01000010111111010010
90,50.0,01000010111111010010,50.0,01000010111111010010
90,50.0,01000010111111010010,50.0,01000010111111010010
90,50.0,01000010111111010010,50.0,01000010111111010010
90,50.0,01000010111111010010,50.0,01000010111111010010
90,50.0,01000010111111010010,40.0,11100010110101010000
90,40.0,11100010110101010000,40.0,11100010110101010000
90,40.0,11100010110101010000,40.0,11100010110101010000
90,40.0,11100010110101010000,40.0,11100010110101010000
90,40.0,11100010110101010000,40.0,11100010110101010000
90,40.0,11100010110101010000,40.0,11100010110101010000
90,40.0,11100010110101010000,40.0,11100010110101010000
90,40.0,11100010110101010000,40.0,11100010110101010000
90,40.0,11100010110101010000,40.0,11100010110101010000
90,40.0,11100010110101010000,40.0,11100010110101010000
90,40.0,11100010110101010000,4.0,11100000110111010100
90,4.0,11100000110111010100,4.0,11100000110111010100
90,4.0,11100000110111010100,4.0,11100000110111010100
90,4.0,11100000110111010100,4.0,11100000110111010100
90,4.0,11100000110111010100,4.0,11100000110111010100
90,4.0,11100000110111010100,4.0,11100000110111010100
90,4.0,11100000110111010100,4.0,11100000110111010100
90,4.0,11100000110111010100,4.0,11100000110111010100
90,4.0,11100000110111010100,4.0,11100000110111010100
90,4.0,11100000110111010100,4.0,11100000110111010100
90,4.0,11100000110111010100,4.0,11100000110111010100
90,4.0,11100000110111010100,4.0,11100000110111010100
90,4.0,11100000110111010100,4.0,11100000110111010100
90,4.0,11100000110111010100,4.0,11100000110111010100
90,4.0,11100000110111010100,4.0,11100000110111010100
90,4.0,11100000110111010100,4.0,11100000110111010100
90,4.0,11100000110111010100,4.0,11100000110111010100
90,4.0,11100000110111010100,4.0,11100000110111010100
90,4.0,11100000110111010100,4.0,11100000110111010100
90,4.0,11100000110111010100,4.0,11100000110111010100
90,4.0,11100000110111010100,4.0,11100000110111010100
90,4.0,11100000110111010100,4.0,11100000110111010100
90,4.0,11100000110111010100,4.0,11100000110111010100
90,4.0,11100000110111010100,4.0,11100000110111010100
90,4.0,11100000110111010100,4.0,11100000110111010100
90,4.0,11100000110111010100,4.0,11100000110111010100
90,4.0,11100000110111010100,4.0,11100000110111010100
90,4.0,11100000110111010100,4.0,11100000110111010100
90,4.0,11100000110111010100,4.0,11100000110111010100
90,4.0,11100000110111010100,4.0,11100000110111010100
90,4.0,11100000110111010100,4.0,11100000110111010100
90,4.0,11100000110111010100,4.0,11100000110111010100
90,4.0,11100000110111010100,4.0,11100000110111010100
90,4.0,11100000110111010100,4.0,11100000110111010100
90,4.0,11100000110111010100,4.0,11100000110111010100
90,4.0,11100000110111010100,4.0,11100000110111010100
90,4.0,11100000110111010100,4.0,11100000110111010100
90,4.0,11100000110111010100,4.0,11100000110111010100
90,4.0,11100000110111010100,4.0,11100000110111010100
90,4.0,11100000110111010100,4.0,11100000110111010100
90,4.0,11100000110111010100,4.0,11100000110111010100
90,4.0,11100000110111010100,4.0,11100000110111010100
90,4.0,11100000110111010100,4.0,11100000110111010100
90,4.0,11100000110111010100,4.0,11100000110111010100
90,4.0,11100000110111010100,4.0,11100000110111010100
90,4.0,11100000110111010100,4.0,11100000110111010100
90,4.0,11100000110111010100,4.0,11100000110111010100
90,4.0,11100000110111010100,4.0,11100000110111010100
91,2856.0,11010000001011100110,1560.0,11010001000011100100
91,1560.0,11010001000011100100,1084.0,10011111000001000101
91,1084.0,10011111000001000101,994.0,11010010000001001100
91,994.0,11010010000001001100,994.0,11010010000001001100
91,994.0,11010010000001001100,994.0,11010010000001001100
91,994.0,11010010000001001100,994.0,11010010000001001100
91,994.0,11010010000001001100,852.0,11000010100011011101
91,852.0,11000010100011011101,852.0,11000010100011011101
91,852.0,11000010100011011101,632.0,01100100100111011100
91,632.0,01100100100111011100,632.0,01100100100111011100
91,632.0,01100100100111011100,614.0,01111100000110011110
91,614.0,01111100000110011110,348.0,01111010000110101011
91,348.0,01111010000110101011,348.0,01111010000110101011
91,348.0,01111010000110101011,182.0,01110010000011001000
91,182.0,01110010000011001000,182.0,01110010000011001000
91,182.0,01110010000011001000,182.0,01110010000011001000
91,182.0,01110010000011001000,92.0,00111111000011000001
91,92.0,00111111000011000001,92.0,00111111000011000001
91,92.0,00111111000011000001,92.0,00111111000011000001
91,92.0,00111111000011000001,38.0,00110111100001000010
91,38.0,00110111100001000010,38.0,00110111100001000010
91,38.0,00110111100001000010,38.0,00110111100001000010
91,38.0,00110111100001000010,38.0,00110111100001000010
91,38.0,00110111100001000010,38.0,00110111100001000010
91,38.0,00110111100001000010,38.0,00110111100001000010
91,38.0,00110111100001000010,38.0,00110111100001000010
91,38.0,00110111100001000010,38.0,00110111100001000010
91,38.0,00110111100001000010,38.0,00110111100001000010
91,38.0,00110111100001000010,38.0,00110111100001000010
91,38.0,00110111100001000010,38.0,00110111100001000010
91,38.0,00110111100001000010,38.0,00110111100001000010
91,38.0,00110111100001000010,38.0,00110111100001000010
91,38.0,00110111100001000010,38.0,00110111100001000010
91,38.0,00110111100001000010,38.0,00110111100001000010
91,38.0,00110111100001000010,38.0,00110111100001000010
91,38.0,00110111100001000010,38.0,00110111100001000010
91,38.0,00110111100001000010,38.0,00110111100001000010
91,38.0,00110111100001000010,38.0,00110111100001000010
91,38.0,00110111100001000010,38.0,00110111100001000010
91,38.0,00110111100001000010,38.0,00110111100001000010
91,38.0,00110111100001000010,38.0,00110111100001000010
91,38.0,00110111100001000010,38.0,00110111100001000010
91,38.0,00110111100001000010,38.0,00110111100001000010
91,38.0,00110111100001000010,2.0,10110010001001000010
91,2.0,10110010001001000010,2.0,10110010001001000010
91,2.0,10110010001001000010,2.0,10110010001001000010
91,2.0,10110010001001000010,2.0,10110010001001000010
91,2.0,10110010001001000010,2.0,10110010001001000010
91,2.0,10110010001001000010,2.0,10110010001001000010
91,2.0,10110010001001000010,2.0,10110010001001000010
91,2.0,10110010001001000010,2.0,10110010001001000010
91,2.0,10110010001001000010,2.0,10110010001001000010
91,2.0,10110010001001000010,2.0,10110010001001000010
91,2.0,10110010001001000010,2.0,10110010001001000010
91,2.0,10110010001001000010,2.0,10110010001001000010
91,2.0,10110010001001000010,2.0,10110010001001000010
91,2.0,10110010001001000010,2.0,10110010001001000010
91,2.0,10110010001001000010,2.0,10110010001001000010
91,2.0,10110010001001000010,2.0,10110010001001000010
91,2.0,10110010001001000010,2.0,10110010001001000010
91,2.0,10110010001001000010,2.0,10110010001001000010
91,2.0,10110010001001000010,2.0,10110010001001000010
91,2.0,10110010001001000010,2.0,10110010001001000010
91,2.0,10110010001001000010,2.0,10110010001001000010
91,2.0,10110010001001000010,2.0,10110010001001000010
91,2.0,10110010001001000010,2.0,10110010001001000010
91,2.0,10110010001001000010,2.0,10110010001001000010
91,2.0,10110010001001000010,2.0,10110010001001000010
91,2.0,10110010001001000010,2.0,10110010001001000010
91,2.0,10110010001001000010,2.0,10110010001001000010
91,2.0,10110010001001000010,2.0,10110010001001000010
91,2.0,10110010001001000010,2.0,10110010001001000010
91,2.0,10110010001001000010,2.0,10110010001001000010
91,2.0,10110010001001000010,2.0,10110010001001000010
91,2.0,10110010001001000010,2.0,10110010001001000010
91,2.0,10110010001001000010,2.0,10110010001001000010
91,2.0,10110010001001000010,2.0,10110010001001000010
91,2.0,10110010001001000010,2.0,10110010001001000010
91,2.0,10110010001001000010,2.0,10110010001001000010
91,2.0,10110010001001000010,2.0,10110010001001000010
91,2.0,10110010001001000010,2.0,10110010001001000010
91,2.0,10110010001001000010,2.0,10110010001001000010
91,2.0,10110010001001000010,2.0,10110010001001000010
91,2.0,10110010001001000010,2.0,10110010001001000010
91,2.0,10110010001001000010,2.0,10110010001001000010
91,2.0,10110010001001000010,2.0,10110010001001000010
91,2.0,10110010001001000010,2.0,10110010001001000010
91,2.0,10110010001001000010,2.0,10110010001001000010
91,2.0,10110010001001000010,2.0,10110010001001000010
91,2.0,10110010001001000010,2.0,10110010001001000010
91,2.0,10110010001001000010,2.0,10110010001001000010
91,2.0,10110010001001000010,2.0,10110010001001000010
91,2.0,10110010001001000010,2.0,10110010001001000010
91,2.0,10110010001001000010,2.0,10110010001001000010
92,2842.0,00110001101010110010,1428.0,01100001101011100010
92,1428.0,01100001101011100010,1214.0,01001101101011100111
92,1214.0,01001101101011100111,1214.0,01001101101011100111
92,1214.0,01001101101011100111,586.0,01001101101011101001
92,586.0,01001101101011101001,508.0,01001101001001101100
92,508.0,01001101001001101100,508.0,01001101001001101100
92,508.0,01001101001001101100,508.0,01001101001001101100
92,508.0,01001101001001101100,74.0,00001101001101101110
92,74.0,00001101001101101110,74.0,00001101001101101110
92,74.0,00001101001101101110,14.0,01000101001100111101
92,14.0,01000101001100111101,14.0,01000101001100111101
92,14.0,01000101001100111101,14.0,01000101001100111101
92,14.0,01000101001100111101,14.0,01000101001100111101
92,14.0,01000101001100111101,14.0,01000101001100111101
92,14.0,01000101001100111101,14.0,01000101001100111101
92,14.0,01000101001100111101,14.0,01000101001100111101
92,14.0,01000101001100111101,14.0,01000101001100111101
92,14.0,01000101001100111101,14.0,01000101001100111101
92,14.0,01000101001100111101,14.0,01000101001100111101
92,14.0,01000101001100111101,14.0,01000101001100111101
92,14.0,01000101001100111101,14.0,01000101001100111101
92,14.0,01000101001100111101,2.0,01001101110110111101
92,2.0,01001101110110111101,2.0,01001101110110111101
92,2.0,01001101110110111101,2.0,01001101110110111101
92,2.0,01001101110110111101,2.0,01001101110110111101
92,2.0,01001101110110111101,2.0,01001101110110111101
92,2.0,01001101110110111101,2.0,01001101110110111101
92,2.0,01001101110110111101,2.0,01001101110110111101
92,2.0,01001101110110111101,2.0,01001101110110111101
92,2.0,01001101110110111101,2.0,01001101110110111101
92,2.0,01001101110110111101,2.0,01001101110110111101
92,2.0,01001101110110111101,2.0,01001101110110111101
92,2.0,01001101110110111101,2.0,01001101110110111101
92,2.0,01001101110110111101,2.0,01001101110110111101
92,2.0,01001101110110111101,2.0,01001101110110111101
92,2.0,01001101110110111101,2.0,01001101110110111101
92,2.0,01001101110110111101,2.0,01001101110110111101
92,2.0,01001101110110111101,2.0,01001101110110111101
92,2.0,01001101110110111101,2.0,01001101110110111101
92,2.0,01001101110110111101,2.0,01001101110110111101
92,2.0,01001101110110111101,2.0,01001101110110111101
92,2.0,01001101110110111101,2.0,01001101110110111101
92,2.0,01001101110110111101,2.0,01001101110110111101
92,2.0,01001101110110111101,2.0,01001101110110111101
92,2.0,01001101110110111101,2.0,01001101110110111101
92,2.0,01001101110110111101,2.0,01001101110110111101
92,2.0,01001101110110111101,2.0,01001101110110111101
92,2.0,01001101110110111101,2.0,01001101110110111101
92,2.0,01001101110110111101,2.0,01001101110110111101
92,2.0,01001101110110111101,2.0,01001101110110111101
92,2.0,01001101110110111101,2.0,01001101110110111101
92,2.0,01001101110110111101,2.0,01001101110110111101
92,2.0,01001101110110111101,2.0,01001101110110111101
92,2.0,01001101110110111101,2.0,01001101110110111101
92,2.0,01001101110110111101,2.0,01001101110110111101
92,2.0,01001101110110111101,2.0,01001101110110111101
92,2.0,01001101110110111101,2.0,01001101110110111101
92,2.0,01001101110110111101,2.0,01001101110110111101
92,2.0,01001101110110111101,2.0,01001101110110111101
92,2.0,01001101110110111101,2.0,01001101110110111101
92,2.0,01001101110110111101,2.0,01001101110110111101
92,2.0,01001101110110111101,2.0,01001101110110111101
92,2.0,01001101110110111101,2.0,01001101110110111101
92,2.0,01001101110110111101,2.0,01001101110110111101
92,2.0,01001101110110111101,2.0,01001101110110111101
92,2.0,01001101110110111101,2.0,01001101110110111101
92,2.0,01001101110110111101,2.0,01001101110110111101
92,2.0,01001101110110111101,2.0,01001101110110111101
92,2.0,01001101110110111101,2.0,01001101110110111101
92,2.0,01001101110110111101,2.0,01001101110110111101
92,2.0,01001101110110111101,2.0,01001101110110111101
92,2.0,01001101110110111101,2.0,01001101110110111101
92,2.0,01001101110110111101,2.0,01001101110110111101
92,2.0,01001101110110111101,2.0,01001101110110111101
92,2.0,01001101110110111101,2.0,01001101110110111101
92,2.0,01001101110110111101,2.0,01001101110110111101
92,2.0,01001101110110111101,2.0,01001101110110111101
92,2.0,01001101110110111101,2.0,01001101110110111101
92,2.0,01001101110110111101,2.0,01001101110110111101
93,1348.0,00001111111100101010,38.0,01001111110100111001
93,38.0,01001111110100111001,38.0,01001111110100111001
93,38.0,01001111110100111001,38.0,01001111110100111001
93,38.0,01001111110100111001,38.0,01001111110100111001
93,38.0,01001111110100111001,2.0,01001101110110111101
93,2.0,01001101110110111101,2.0,01001101110110111101
93,2.0,01001101110110111101,2.0,01001101110110111101
93,2.0,01001101110110111101,2.0,01001101110110111101
93,2.0,01001101110110111101,2.0,01001101110110111101
93,2.0,01001101110110111101,2.0,01001101110110111101
93,2.0,01001101110110111101,2.0,01001101110110111101
93,2.0,01001101110110111101,2.0,01001101110110111101
93,2.0,01001101110110111101,2.0,01001101110110111101
93,2.0,01001101110110111101,2.0,01001101110110111101
93,2.0,01001101110110111101,2.0,01001101110110111101
93,2.0,01001101110110111101,2.0,01001101110110111101
93,2.0,01001101110110111101,2.0,01001101110110111101
93,2.0,01001101110110111101,2.0,01001101110110111101
93,2.0,01001101110110111101,2.0,01001101110110111101
93,2.0,01001101110110111101,2.0,01001101110110111101
93,2.0,01001101110110111101,2.0,01001101110110111101
93,2.0,01001101110110111101,2.0,01001101110110111101
93,2.0,01001101110110111101,2.0,01001101110110111101
93,2.0,01001101110110111101,2.0,01001101110110111101
93,2.0,01001101110110111101,2.0,01001101110110111101
93,2.0,01001101110110111101,2.0,01001101110110111101
93,2.0,01001101110110111101,2.0,01001101110110111101
93,2.0,01001101110110111101,2.0,01001101110110111101
93,2.0,01001101110110111101,2.0,01001101110110111101
93,2.0,01001101110110111101,2.0,01001101110110111101
93,2.0,01001101110110111101,2.0,01001101110110111101
93,2.0,01001101110110111101,2.0,01001101110110111101
93,2.0,01001101110110111101,2.0,01001101110110111101
93,2.0,01001101110110111101,2.0,01001101110110111101
93,2.0,01001101110110111101,2.0,01001101110110111101
93,2.0,01001101110110111101,2.0,01001101110110111101
93,2.0,01001101110110111101,2.0,01001101110110111101
93,2.0,01001101110110111101,2.0,01001101110110111101
93,2.0,01001101110110111101,2.0,01001101110110111101
93,2.0,01001101110110111101,2.0,01001101110110111101
93,2.0,01001101110110111101,2.0,01001101110110111101
93,2.0,01001101110110111101,2.0,01001101110110111101
93,2.0,01001101110110111101,2.0,01001101110110111101
93,2.0,01001101110110111101,2.0,01001101110110111101
93,2.0,01001101110110111101,2.0,01001101110110111101
93,2.0,01001101110110111101,2.0,01001101110110111101
93,2.0,01001101110110111101,2.0,01001101110110111101
93,2.0,01001101110110111101,2.0,01001101110110111101
93,2.0,01001101110110111101,2.0,01001101110110111101
93,2.0,01001101110110111101,2.0,01001101110110111101
93,2.0,01001101110110111101,2.0,01001101110110111101
93,2.0,01001101110110111101,2.0,01001101110110111101
93,2.0,01001101110110111101,2.0,01001101110110111101
93,2.0,01001101110110111101,2.0,01001101110110111101
93,2.0,01001101110110111101,2.0,01001101110110111101
93,2.0,01001101110110111101,2.0,01001101110110111101
93,2.0,01001101110110111101,2.0,01001101110110111101
93,2.0,01001101110110111101,2.0,01001101110110111101
93,2.0,01001101110110111101,2.0,01001101110110111101
93,2.0,01001101110110111101,2.0,01001101110110111101
93,2.0,01001101110110111101,2.0,01001101110110111101
93,2.0,01001101110110111101,2.0,01001101110110111101
93,2.0,01001101110110111101,2.0,01001101110110111101
93,2.0,01001101110110111101,2.0,01001101110110111101
93,2.0,01001101110110111101,2.0,01001101110110111101
93,2.0,01001101110110111101,2.0,01001101110110111101
93,2.0,01001101110110111101,2.0,01001101110110111101
93,2.0,01001101110110111101,2.0,01001101110110111101
94,18882.0,01111100101100001011,1510.0,01111000111100001001
94,1510.0,01111000111100001001,532.0,11101100111100101011
94,532.0,11101100111100101011,236.0,11101100011110101010
94,236.0,11101100011110101010,236.0,11101100011110101010
94,236.0,11101100011110101010,42.0,11101110010100001111
94,42.0,11101110010100001111,42.0,11101110010100001111
94,42.0,11101110010100001111,42.0,11101110010100001111
94,42.0,11101110010100001111,42.0,11101110010100001111
94,42.0,11101110010100001111,42.0,11101110010100001111
94,42.0,11101110010100001111,42.0,11101110010100001111
94,42.0,11101110010100001111,42.0,11101110010100001111
94,42.0,11101110010100001111,42.0,11101110010100001111
94,42.0,11101110010100001111,42.0,11101110010100001111
94,42.0,11101110010100001111,42.0,11101110010100001111
94,42.0,11101110010100001111,42.0,11101110010100001111
94,42.0,11101110010100001111,42.0,11101110010100001111
94,42.0,11101110010100001111,42.0,11101110010100001111
94,42.0,11101110010100001111,14.0,01111110100100100110
94,14.0,01111110100100100110,14.0,01111110100100100110
94,14.0,01111110100100100110,14.0,01111110100100100110
94,14.0,01111110100100100110,14.0,01111110100100100110
94,14.0,01111110100100100110,14.0,01111110100100100110
94,14.0,01111110100100100110,14.0,01111110100100100110
94,14.0,01111110100100100110,14.0,01111110100100100110
94,14.0,01111110100100100110,14.0,01111110100100100110
94,14.0,01111110100100100110,14.0,01111110100100100110
94,14.0,01111110100100100110,14.0,01111110100100100110
94,14.0,01111110100100100110,14.0,01111110100100100110
94,14.0,01111110100100100110,14.0,01111110100100100110
94,14.0,01111110100100100110,14.0,01111110100100100110
94,14.0,01111110100100100110,14.0,01111110100100100110
94,14.0,01111110100100100110,14.0,01111110100100100110
94,14.0,01111110100100100110,14.0,01111110100100100110
94,14.0,01111110100100100110,14.0,01111110100100100110
94,14.0,01111110100100100110,14.0,01111110100100100110
94,14.0,01111110100100100110,14.0,01111110100100100110
94,14.0,01111110100100100110,14.0,01111110100100100110
94,14.0,01111110100100100110,14.0,01111110100100100110
94,14.0,01111110100100100110,14.0,01111110100100100110
94,14.0,01111110100100100110,14.0,01111110100100100110
94,14.0,01111110100100100110,14.0,01111110100100100110
94,14.0,01111110100100100110,14.0,01111110100100100110
94,14.0,01111110100100100110,14.0,01111110100100100110
94,14.0,01111110100100100110,14.0,01111110100100100110
95,92.0,00111111000011000001,92.0,00111111000011000001
95,92.0,00111111000011000001,38.0,00110111100001000010
95,38.0,00110111100001000010,38.0,00110111100001000010
95,38.0,00110111100001000010,38.0,00110111100001000010
95,38.0,00110111100001000010,38.0,00110111100001000010
95,38.0,00110111100001000010,38.0,00110111100001000010
95,38.0,00110111100001000010,38.0,00110111100001000010
95,38.0,00110111100001000010,38.0,00110111100001000010
95,38.0,00110111100001000010,38.0,00110111100001000010
95,38.0,00110111100001000010,38.0,00110111100001000010
95,38.0,00110111100001000010,38.0,00110111100001000010
95,38.0,00110111100001000010,38.0,00110111100001000010
95,38.0,00110111100001000010,38.0,00110111100001000010
95,38.0,00110111100001000010,38.0,00110111100001000010
95,38.0,00110111100001000010,38.0,00110111100001000010
95,38.0,00110111100001000010,38.0,00110111100001000010
95,38.0,00110111100001000010,38.0,00110111100001000010
95,38.0,00110111100001000010,38.0,00110111100001000010
95,38.0,00110111100001000010,38.0,00110111100001000010
95,38.0,00110111100001000010,38.0,00110111100001000010
95,38.0,00110111100001000010,38.0,00110111100001000010
95,38.0,00110111100001000010,38.0,00110111100001000010
95,38.0,00110111100001000010,38.0,00110111100001000010
95,38.0,00110111100001000010,38.0,00110111100001000010
95,38.0,00110111100001000010,38.0,00110111100001000010
95,38.0,00110111100001000010,38.0,00110111100001000010
95,38.0,00110111100001000010,38.0,00110111100001000010
95,38.0,00110111100001000010,38.0,00110111100001000010
95,38.0,00110111100001000010,16.0,00100011100101001011
95,16.0,00100011100101001011,16.0,00100011100101001011
95,16.0,00100011100101001011,16.0,00100011100101001011
95,16.0,00100011100101001011,16.0,00100011100101001011
95,16.0,00100011100101001011,16.0,00100011100101001011
95,16.0,00100011100101001011,16.0,00100011100101001011
95,16.0,00100011100101001011,16.0,00100011100101001011
95,16.0,00100011100101001011,16.0,00100011100101001011
95,16.0,00100011100101001011,16.0,00100011100101001011
95,16.0,00100011100101001011,16.0,00100011100101001011
95,16.0,00100011100101001011,16.0,00100011100101001011
95,16.0,00100011100101001011,16.0,00100011100101001011
95,16.0,00100011100101001011,16.0,00100011100101001011
95,16.0,00100011100101001011,16.0,00100011100101001011
95,16.0,00100011100101001011,16.0,00100011100101001011
95,16.0,00100011100101001011,16.0,00100011100101001011
95,16.0,00100011100101001011,16.0,00100011100101001011
95,16.0,00100011100101001011,16.0,00100011100101001011
95,16.0,00100011100101001011,16.0,00100011100101001011
95,16.0,00100011100101001011,16.0,00100011100101001011
95,16.0,00100011100101001011,16.0,00100011100101001011
95,16.0,00100011100101001011,16.0,00100011100101001011
95,16.0,00100011100101001011,16.0,00100011100101001011
95,16.0,00100011100101001011,16.0,00100011100101001011
95,16.0,00100011100101001011,16.0,00100011100101001011
95,16.0,00100011100101001011,16.0,00100011100101001011
96,2648.0,10000001111101110001,96.0,10001101011101110010
96,96.0,10001101011101110010,96.0,10001101011101110010
96,96.0,10001101011101110010,96.0,10001101011101110010
96,96.0,10001101011101110010,96.0,10001101011101110010
96,96.0,10001101011101110010,96.0,10001101011101110010
96,96.0,10001101011101110010,96.0,10001101011101110010
96,96.0,10001101011101110010,96.0,10001101011101110010
96,96.0,10001101011101110010,94.0,10011101001101000011
96,94.0,10011101001101000011,94.0,10011101001101000011
96,94.0,10011101001101000011,58.0,10100101001101100010
96,58.0,10100101001101100010,58.0,10100101001101100010
96,58.0,10100101001101100010,58.0,10100101001101100010
96,58.0,10100101001101100010,58.0,10100101001101100010
96,58.0,10100101001101100010,58.0,10100101001101100010
96,58.0,10100101001101100010,58.0,10100101001101100010
96,58.0,10100101001101100010,58.0,10100101001101100010
96,58.0,10100101001101100010,8.0,00111100001101110011
96,8.0,00111100001101110011,8.0,00111100001101110011
96,8.0,00111100001101110011,8.0,00111100001101110011
96,8.0,00111100001101110011,8.0,00111100001101110011
96,8.0,00111100001101110011,8.0,00111100001101110011
96,8.0,00111100001101110011,8.0,00111100001101110011
96,8.0,00111100001101110011,8.0,00111100001101110011
96,8.0,00111100001101110011,8.0,00111100001101110011
96,8.0,00111100001101110011,8.0,00111100001101110011
96,8.0,00111100001101110011,8.0,00111100001101110011
96,8.0,00111100001101110011,8.0,00111100001101110011
96,8.0,00111100001101110011,8.0,00111100001101110011
96,8.0,00111100001101110011,8.0,00111100001101110011
96,8.0,00111100001101110011,8.0,00111100001101110011
96,8.0,00111100001101110011,8.0,00111100001101110011
96,8.0,00111100001101110011,8.0,00111100001101110011
96,8.0,00111100001101110011,8.0,00111100001101110011
96,8.0,00111100001101110011,8.0,00111100001101110011
96,8.0,00111100001101110011,8.0,00111100001101110011
96,8.0,00111100001101110011,8.0,00111100001101110011
96,8.0,00111100001101110011,8.0,00111100001101110011
96,8.0,00111100001101110011,8.0,00111100001101110011
96,8.0,00111100001101110011,8.0,00111100001101110011
96,8.0,00111100001101110011,8.0,00111100001101110011
96,8.0,00111100001101110011,8.0,00111100001101110011
96,8.0,00111100001101110011,8.0,00111100001101110011
96,8.0,00111100001101110011,8.0,00111100001101110011
96,8.0,00111100001101110011,8.0,00111100001101110011
96,8.0,00111100001101110011,8.0,00111100001101110011
96,8.0,00111100001101110011,8.0,00111100001101110011
96,8.0,00111100001101110011,8.0,00111100001101110011
96,8.0,00111100001101110011,8.0,00111100001101110011
96,8.0,00111100001101110011,8.0,00111100001101110011
96,8.0,00111100001101110011,8.0,00111100001101110011
97,312.0,01000110111100101100,118.0,01101010111100100100
97,118.0,01101010111100100100,118.0,01101010111100100100
97,118.0,01101010111100100100,118.0,01101010111100100100
97,118.0,01101010111100100100,118.0,01101010111100100100
97,118.0,01101010111100100100,118.0,01101010111100100100
97,118.0,01101010111100100100,118.0,01101010111100100100
97,118.0,01101010111100100100,118.0,01101010111100100100
97,118.0,01101010111100100100,118.0,01101010111100100100
97,118.0,01101010111100100100,118.0,01101010111100100100
97,118.0,01101010111100100100,118.0,01101010111100100100
97,118.0,01101010111100100100,64.0,00101011110001100101
97,64.0,00101011110001100101,64.0,00101011110001100101
97,64.0,00101011110001100101,30.0,00100001111011000100
97,30.0,00100001111011000100,30.0,00100001111011000100
97,30.0,00100001111011000100,30.0,00101101111011100011
97,30.0,00101101111011100011,30.0,00101101111011100011
97,30.0,00101101111011100011,30.0,00101101111011100011
97,30.0,00101101111011100011,30.0,00101101111011100011
97,30.0,00101101111011100011,4.0,00001101101111101011
97,4.0,00001101101111101011,4.0,00001101101111101011
97,4.0,00001101101111101011,4.0,00001101101111101011
97,4.0,00001101101111101011,4.0,00001101101111101011
97,4.0,00001101101111101011,4.0,00001101101111101011
97,4.0,00001101101111101011,4.0,00001101101111101011
97,4.0,00001101101111101011,4.0,00001101101111101011
97,4.0,00001101101111101011,4.0,00001101101111101011
97,4.0,00001101101111101011,4.0,00001101101111101011
97,4.0,00001101101111101011,4.0,00001101101111101011
97,4.0,00001101101111101011,4.0,00001101101111101011
97,4.0,00001101101111101011,4.0,00001101101111101011
97,4.0,00001101101111101011,4.0,00001101101111101011
97,4.0,00001101101111101011,4.0,00001101101111101011
97,4.0,00001101101111101011,4.0,00001101101111101011
97,4.0,00001101101111101011,4.0,00001101101111101011
97,4.0,00001101101111101011,4.0,00001101101111101011
97,4.0,00001101101111101011,4.0,00001101101111101011
97,4.0,00001101101111101011,4.0,00001101101111101011
97,4.0,00001101101111101011,4.0,00001101101111101011
97,4.0,00001101101111101011,4.0,00001101101111101011
97,4.0,00001101101111101011,4.0,00001101101111101011
97,4.0,00001101101111101011,4.0,00001101101111101011
97,4.0,00001101101111101011,4.0,00001101101111101011
97,4.0,00001101101111101011,4.0,00001101101111101011
97,4.0,00001101101111101011,4.0,00001101101111101011
97,4.0,00001101101111101011,4.0,00001101101111101011
97,4.0,00001101101111101011,4.0,00001101101111101011
97,4.0,00001101101111101011,4.0,00001101101111101011
97,4.0,00001101101111101011,4.0,00001101101111101011
97,4.0,00001101101111101011,4.0,00001101101111101011
97,4.0,00001101101111101011,4.0,00001101101111101011
97,4.0,00001101101111101011,4.0,00001101101111101011
97,4.0,00001101101111101011,4.0,00001101101111101011
97,4.0,00001101101111101011,4.0,00001101101111101011
97,4.0,00001101101111101011,4.0,00001101101111101011
97,4.0,00001101101111101011,4.0,00001101101111101011
97,4.0,00001101101111101011,4.0,00001101101111101011
97,4.0,00001101101111101011,4.0,00001101101111101011
97,4.0,00001101101111101011,4.0,00001101101111101011
97,4.0,00001101101111101011,4.0,00001101101111101011
97,4.0,00001101101111101011,4.0,00001101101111101011
97,4.0,00001101101111101011,4.0,00001101101111101011
97,4.0,00001101101111101011,4.0,00001101101111101011
97,4.0,00001101101111101011,4.0,00001101101111101011
97,4.0,00001101101111101011,4.0,00001101101111101011
97,4.0,00001101101111101011,4.0,00001101101111101011
98,1618.0,01110010000011000110,320.0,00111010010011100100
98,320.0,00111010010011100100,104.0,00011110011011000100
98,104.0,00011110011011000100,104.0,00011110011011000100
98,104.0,00011110011011000100,104.0,00011110011011000100
98,104.0,00011110011011000100,104.0,00011110011011000100
98,104.0,00011110011011000100,100.0,00010010011011001010
98,100.0,00010010011011001010,100.0,00010010011011001010
98,100.0,00010010011011001010,100.0,00010010011011001010
98,100.0,00010010011011001010,56.0,10100010011010001110
98,56.0,10100010011010001110,56.0,10100010011010001110
98,56.0,10100010011010001110,16.0,10101010101010001111
98,16.0,10101010101010001111,16.0,10101010101010001111
98,16.0,10101010101010001111,16.0,10101010101010001111
98,16.0,10101010101010001111,16.0,10101010101010001111
98,16.0,10101010101010001111,16.0,10101010101010001111
98,16.0,10101010101010001111,16.0,10101010101010001111
98,16.0,10101010101010001111,16.0,10101010101010001111
98,16.0,10101010101010001111,16.0,10101010101010001111
98,16.0,10101010101010001111,16.0,10101010101010001111
98,16.0,10101010101010001111,16.0,10101010101010001111
98,16.0,10101010101010001111,16.0,10101010101010001111
98,16.0,10101010101010001111,16.0,10101010101010001111
98,16.0,10101010101010001111,16.0,10101010101010001111
98,16.0,10101010101010001111,16.0,10101010101010001111
98,16.0,10101010101010001111,16.0,10101010101010001111
98,16.0,10101010101010001111,16.0,10101010101010001111
98,16.0,10101010101010001111,16.0,10101010101010001111
98,16.0,10101010101010001111,16.0,10101010101010001111
98,16.0,10101010101010001111,16.0,10101010101010001111
98,16.0,10101010101010001111,16.0,10101010101010001111
98,16.0,10101010101010001111,16.0,10101010101010001111
98,16.0,10101010101010001111,16.0,10101010101010001111
98,16.0,10101010101010001111,16.0,10101010101010001111
98,16.0,10101010101010001111,16.0,10101010101010001111
98,16.0,10101010101010001111,16.0,10101010101010001111
98,16.0,10101010101010001111,16.0,10101010101010001111
98,16.0,10101010101010001111,16.0,10101010101010001111
98,16.0,10101010101010001111,16.0,10101010101010001111
98,16.0,10101010101010001111,16.0,10101010101010001111
98,16.0,10101010101010001111,16.0,10101010101010001111
98,16.0,10101010101010001111,16.0,10101010101010001111
98,16.0,10101010101010001111,16.0,10101010101010001111
99,1134.0,00000111010011101100,286.0,00001011010011101111
99,286.0,00001011010011101111,286.0,00001011010011101111
99,286.0,00001011010011101111,162.0,00000110011011101110
99,162.0,00000110011011101110,98.0,00011010010011101111
99,98.0,00011010010011101111,18.0,00011010001001001110
99,18.0,00011010001001001110,18.0,00011010001001001110
99,18.0,00011010001001001110,18.0,00011010001001001110
99,18.0,00011010001001001110,18.0,00011010001001001110
99,18.0,00011010001001001110,18.0,00011010001001001110
99,18.0,00011010001001001110,18.0,00011010001001001110
99,18.0,00011010001001001110,18.0,00011010001001001110
99,18.0,00011010001001001110,18.0,00011010001001001110
99,18.0,00011010001001001110,18.0,00011010001001001110
99,18.0,00011010001001001110,18.0,00011010001001001110
99,18.0,00011010001001001110,18.0,00011010001001001110
99,18.0,00011010001001001110,18.0,00011010001001001110
99,18.0,00011010001001001110,18.0,00011010001001001110
99,18.0,00011010001001001110,18.0,00011010001001001110
99,18.0,00011010001001001110,18.0,00011010001001001110
99,18.0,00011010001001001110,18.0,00011010001001001110
99,18.0,00011010001001001110,18.0,00011010001001001110
99,18.0,00011010001001001110,18.0,00011010001001001110
99,18.0,00011010001001001110,18.0,00011010001001001110
99,18.0,00011010001001001110,18.0,00011010001001001110
99,18.0,00011010001001001110,18.0,00011010001001001110
99,18.0,00011010001001001110,18.0,00011010001001001110
99,18.0,00011010001001001110,18.0,00011010001001001110
99,18.0,00011010001001001110,18.0,00011010001001001110
99,18.0,00011010001001001110,18.0,00011010001001001110
99,18.0,00011010001001001110,18.0,00011010001001001110
99,18.0,00011010001001001110,18.0,00011010001001001110
99,18.0,00011010001001001110,18.0,00011010001001001110
99,18.0,00011010001001001110,18.0,00011010001001001110
99,18.0,00011010001001001110,18.0,00011010001001001110
99,18.0,00011010001001001110,4.0,00011111001000101011
99,4.0,00011111001000101011,4.0,00011111001000101011
99,4.0,00011111001000101011,4.0,00011111001000101011
99,4.0,00011111001000101011,4.0,00011111001000101011
99,4.0,00011111001000101011,4.0,00011111001000101011
99,4.0,00011111001000101011,4.0,00011111001000101011
99,4.0,00011111001000101011,4.0,00011111001000101011
99,4.0,00011111001000101011,4.0,00011111001000101011
99,4.0,00011111001000101011,4.0,00011111001000101011
99,4.0,00011111001000101011,4.0,00011111001000101011
99,4.0,00011111001000101011,4.0,00011111001000101011
99,4.0,00011111001000101011,4.0,00011111001000101011
99,4.0,00011111001000101011,4.0,00011111001000101011
99,4.0,00011111001000101011,4.0,00011111001000101011
99,4.0,00011111001000101011,4.0,00011111001000101011
99,4.0,00011111001000101011,4.0,00011111001000101011
99,4.0,00011111001000101011,4.0,00011111001000101011
99,4.0,00011111001000101011,4.0,00011111001000101011
99,4.0,00011111001000101011,4.0,00011111001000101011
99,4.0,00011111001000101011,4.0,00011111001000101011
99,4.0,00011111001000101011,4.0,00011111001000101011
99,4.0,00011111001000101011,4.0,00011111001000101011
99,4.0,00011111001000101011,4.0,00011111001000101011
99,4.0,00011111001000101011,4.0,00011111001000101011
99,4.0,00011111001000101011,4.0,00011111001000101011
99,4.0,00011111001000101011,4.0,00011111001000101011
99,4.0,00011111001000101011,4.0,00011111001000101011
99,4.0,00011111001000101011,4.0,00011111001000101011
99,4.0,00011111001000101011,4.0,00011111001000101011
99,4.0,00011111001000101011,4.0,00011111001000101011
99,4.0,00011111001000101011,4.0,00011111001000101011
99,4.0,00011111001000101011,4.0,00011111001000101011
99,4.0,00011111001000101011,4.0,00011111001000101011
99,4.0,00011111001000101011,4.0,00011111001000101011
99,4.0,00011111001000101011,4.0,00011111001000101011
99,4.0,00011111001000101011,4.0,00011111001000101011
99,4.0,00011111001000101011,4.0,00011111001000101011
99,4.0,00011111001000101011,4.0,00011111001000101011
99,4.0,00011111001000101011,4.0,00011111001000101011
99,4.0,00011111001000101011,4.0,00011111001000101011
99,4.0,00011111001000101011,4.0,00011111001000101011
99,4.0,00011111001000101011,4.0,00011111001000101011
99,4.0,00011111001000101011,4.0,00011111001000101011
99,4.0,00011111001000101011,4.0,00011111001000101011
100,2730.0,11110000010011110001,114.0,10110010010011100011
100,114.0,10110010010011100011,114.0,10110010010011100011
100,114.0,10110010010011100011,114.0,10110010010011100011
100,114.0,10110010010011100011,76.0,10101110110011100110
100,76.0,10101110110011100110,20.0,10001111010001001101
100,20.0,10001111010001001101,20.0,10001111010001001101
100,20.0,10001111010001001101,20.0,10001111010001001101
100,20.0,10001111010001001101,20.0,10001111010001001101
100,20.0,10001111010001001101,20.0,10001111010001001101
100,20.0,10001111010001001101,20.0,10001111010001001101
100,20.0,10001111010001001101,20.0,10001111010001001101
100,20.0,10001111010001001101,20.0,10001111010001001101
100,20.0,10001111010001001101,20.0,10001111010001001101
100,20.0,10001111010001001101,20.0,10001111010001001101
100,20.0,10001111010001001101,20.0,11001101011001000111
100,20.0,11001101011001000111,20.0,11001101011001000111
100,20.0,11001101011001000111,20.0,11001101011001000111
100,20.0,11001101011001000111,20.0,11001101011001000111
100,20.0,11001101011001000111,20.0,11001101011001000111
100,20.0,11001101011001000111,20.0,11001101011001000111
100,20.0,11001101011001000111,20.0,11001101011001000111
100,20.0,11001101011001000111,20.0,11001101011001000111
100,20.0,11001101011001000111,16.0,11000101110011010110
100,16.0,11000101110011010110,16.0,11000101110011010110
100,16.0,11000101110011010110,16.0,11000101110011010110
100,16.0,11000101110011010110,16.0,11000101110011010110
100,16.0,11000101110011010110,16.0,11000101110011010110
100,16.0,11000101110011010110,16.0,11000101110011010110
100,16.0,11000101110011010110,16.0,11000101110011010110
100,16.0,11000101110011010110,16.0,11000101110011010110
100,16.0,11000101110011010110,16.0,11000101110011010110
100,16.0,11000101110011010110,16.0,11000101110011010110
100,16.0,11000101110011010110,16.0,11000101110011010110
100,16.0,11000101110011010110,16.0,11000101110011010110
100,16.0,11000101110011010110,16.0,11000101110011010110
100,16.0,11000101110011010110,16.0,11000101110011010110
100,16.0,11000101110011010110,16.0,11000101110011010110
100,16.0,11000101110011010110,16.0,11000101110011010110
100,16.0,11000101110011010110,16.0,11000101110011010110
100,16.0,11000101110011010110,16.0,11000101110011010110
100,16.0,11000101110011010110,16.0,11000101110011010110
100,16.0,11000101110011010110,16.0,11000101110011010110
100,16.0,11000101110011010110,16.0,11000101110011010110
100,16.0,11000101110011010110,16.0,11000101110011010110
100,16.0,11000101110011010110,16.0,11000101110011010110
100,16.0,11000101110011010110,16.0,11000101110011010110
100,16.0,11000101110011010110,16.0,11000101110011010110
100,16.0,11000101110011010110,16.0,11000101110011010110
100,16.0,11000101110011010110,16.0,11000101110011010110
100,16.0,11000101110011010110,16.0,11000101110011010110
100,16.0,11000101110011010110,16.0,11000101110011010110
100,16.0,11000101110011010110,16.0,11000101110011010110
100,16.0,11000101110011010110,16.0,11000101110011010110
100,16.0,11000101110011010110,16.0,11000101110011010110
100,16.0,11000101110011010110,16.0,11000101110011010110
100,16.0,11000101110011010110,16.0,11000101110011010110
100,16.0,11000101110011010110,16.0,11000101110011010110
100,16.0,11000101110011010110,16.0,11000101110011010110
100,16.0,11000101110011010110,16.0,11000101110011010110
