run,fit1,node1,fit2,node2
1,1066.0,01100101101100101000,796.0,01101001111100110001
1,796.0,01101001111100110001,50.0,11100001111000110000
1,50.0,11100001111000110000,50.0,11100001111000110000
1,50.0,11100001111000110000,14.0,01100101011000110101
1,14.0,01100101011000110101,14.0,01100101011000110101
1,14.0,01100101011000110101,14.0,01100101011000110101
1,14.0,01100101011000110101,14.0,01100101011000110101
1,14.0,01100101011000110101,14.0,01100101011000110101
1,14.0,01100101011000110101,14.0,01100101011000110101
1,14.0,01100101011000110101,14.0,01101011011010100000
1,14.0,01101011011010100000,14.0,01101011011010100000
1,14.0,01101011011010100000,14.0,01101011011010100000
1,14.0,01101011011010100000,14.0,01101011011010100000
1,14.0,01101011011010100000,14.0,01111111000010100010
1,14.0,01111111000010100010,14.0,01111111000010100010
1,14.0,01111111000010100010,14.0,01111111000010100010
1,14.0,01111111000010100010,14.0,01111111000010100010
1,14.0,01111111000010100010,14.0,01111111000010100010
1,14.0,01111111000010100010,14.0,01111111000010100010
1,14.0,01111111000010100010,14.0,01111111000010100010
1,14.0,01111111000010100010,14.0,01111111000010100010
1,14.0,01111111000010100010,14.0,01111111000010100010
2,332.0,01100110101100101011,84.0,01100000001101111010
2,84.0,01100000001101111010,34.0,11100100010101111001
2,34.0,11100100010101111001,8.0,10100110000101111001
2,8.0,10100110000101111001,8.0,10100110000101111001
2,8.0,10100110000101111001,8.0,10100110000101111001
2,8.0,10100110000101111001,6.0,10101011000110011000
2,6.0,10101011000110011000,6.0,10101011000110011000
2,6.0,10101011000110011000,6.0,10101011000110011000
2,6.0,10101011000110011000,6.0,10101011000110011000
2,6.0,10101011000110011000,6.0,10101011000110011000
2,6.0,10101011000110011000,6.0,10101011000110011000
2,6.0,10101011000110011000,6.0,10101011000110011000
2,6.0,10101011000110011000,6.0,10101011000110011000
2,6.0,10101011000110011000,6.0,10101011000110011000
2,6.0,10101011000110011000,6.0,10101011000110011000
2,6.0,10101011000110011000,6.0,10101011000110011000
2,6.0,10101011000110011000,6.0,10101011000110011000
2,6.0,10101011000110011000,6.0,10101011000110011000
2,6.0,10101011000110011000,6.0,10101011000110011000
2,6.0,10101011000110011000,6.0,10101011000110011000
2,6.0,10101011000110011000,6.0,10101011000110011000
2,6.0,10101011000110011000,6.0,10101011000110011000
2,6.0,10101011000110011000,6.0,10101011000110011000
2,6.0,10101011000110011000,6.0,10101011000110011000
2,6.0,10101011000110011000,6.0,10101011000110011000
2,6.0,10101011000110011000,6.0,10101011000110011000
2,6.0,10101011000110011000,6.0,10101011000110011000
2,6.0,10101011000110011000,6.0,10101011000110011000
2,6.0,10101011000110011000,6.0,10101011000110011000
2,6.0,10101011000110011000,6.0,10101011000110011000
2,6.0,10101011000110011000,6.0,10101011000110011000
2,6.0,10101011000110011000,6.0,10101011000110011000
2,6.0,10101011000110011000,6.0,10101011000110011000
2,6.0,10101011000110011000,6.0,10101011000110011000
2,6.0,10101011000110011000,6.0,10101011000110011000
2,6.0,10101011000110011000,6.0,10101011000110011000
3,3202.0,10001111001100101011,114.0,10001011001111000011
3,114.0,10001011001111000011,114.0,10001011001111000011
3,114.0,10001011001111000011,44.0,10000011011011100000
3,44.0,10000011011011100000,44.0,10000011011011100000
3,44.0,10000011011011100000,44.0,10000011011011100000
3,44.0,10000011011011100000,44.0,10000011011011100000
3,44.0,10000011011011100000,44.0,10000011011011100000
3,44.0,10000011011011100000,44.0,10000011011011100000
3,44.0,10000011011011100000,44.0,10000011011011100000
3,44.0,10000011011011100000,44.0,10000011011011100000
3,44.0,10000011011011100000,44.0,10000011011011100000
3,44.0,10000011011011100000,44.0,10000011011011100000
3,44.0,10000011011011100000,44.0,10000011011011100000
3,44.0,10000011011011100000,44.0,10000011011011100000
3,44.0,10000011011011100000,44.0,10000011011011100000
3,44.0,10000011011011100000,44.0,10000011011011100000
3,44.0,10000011011011100000,44.0,10000011011011100000
3,44.0,10000011011011100000,44.0,10000011011011100000
3,44.0,10000011011011100000,44.0,10000011011011100000
3,44.0,10000011011011100000,44.0,10000011011011100000
3,44.0,10000011011011100000,44.0,10000011011011100000
3,44.0,10000011011011100000,44.0,10000011011011100000
3,44.0,10000011011011100000,44.0,10000011011011100000
3,44.0,10000011011011100000,12.0,11001001111011100001
3,12.0,11001001111011100001,12.0,11001001111011100001
3,12.0,11001001111011100001,12.0,11001001111011100001
3,12.0,11001001111011100001,12.0,11001001111011100001
3,12.0,11001001111011100001,12.0,11001001111011100001
3,12.0,11001001111011100001,12.0,11001001111011100001
3,12.0,11001001111011100001,12.0,11001001111011100001
3,12.0,11001001111011100001,12.0,11001001111011100001
3,12.0,11001001111011100001,12.0,11001001111011100001
3,12.0,11001001111011100001,8.0,00101101111011100011
3,8.0,00101101111011100011,8.0,00101101111011100011
3,8.0,00101101111011100011,8.0,00101101111011100011
3,8.0,00101101111011100011,8.0,00101101111011100011
3,8.0,00101101111011100011,8.0,00101101111011100011
3,8.0,00101101111011100011,8.0,00101101111011100011
3,8.0,00101101111011100011,8.0,00101101111011100011
3,8.0,00101101111011100011,8.0,00101101111011100011
3,8.0,00101101111011100011,8.0,00101101111011100011
3,8.0,00101101111011100011,8.0,00101101111011100011
3,8.0,00101101111011100011,8.0,00101101111011100011
3,8.0,00101101111011100011,8.0,00101101111011100011
3,8.0,00101101111011100011,8.0,00101101111011100011
3,8.0,00101101111011100011,8.0,00101101111011100011
3,8.0,00101101111011100011,8.0,00101101111011100011
3,8.0,00101101111011100011,8.0,00101101111011100011
3,8.0,00101101111011100011,8.0,00101101111011100011
3,8.0,00101101111011100011,8.0,00101101111011100011
3,8.0,00101101111011100011,8.0,00101101111011100011
3,8.0,00101101111011100011,8.0,00101101111011100011
3,8.0,00101101111011100011,8.0,00101101111011100011
3,8.0,00101101111011100011,8.0,00101101111011100011
3,8.0,00101101111011100011,8.0,00101101111011100011
3,8.0,00101101111011100011,8.0,00101101111011100011
3,8.0,00101101111011100011,8.0,00101101111011100011
3,8.0,00101101111011100011,8.0,00101101111011100011
3,8.0,00101101111011100011,8.0,00101101111011100011
3,8.0,00101101111011100011,8.0,00101101111011100011
3,8.0,00101101111011100011,8.0,00101101111011100011
3,8.0,00101101111011100011,8.0,00101101111011100011
3,8.0,00101101111011100011,8.0,00101101111011100011
3,8.0,00101101111011100011,8.0,00101101111011100011
3,8.0,00101101111011100011,6.0,00000011101111100011
3,6.0,00000011101111100011,6.0,00000011101111100011
3,6.0,00000011101111100011,6.0,00000011101111100011
3,6.0,00000011101111100011,6.0,00000011101111100011
3,6.0,00000011101111100011,6.0,00000011101111100011
3,6.0,00000011101111100011,2.0,00001101101111101011
3,2.0,00001101101111101011,2.0,00001101101111101011
3,2.0,00001101101111101011,2.0,00001101101111101011
3,2.0,00001101101111101011,2.0,00001101101111101011
3,2.0,00001101101111101011,2.0,00001101101111101011
3,2.0,00001101101111101011,2.0,00001101101111101011
3,2.0,00001101101111101011,2.0,00001101101111101011
3,2.0,00001101101111101011,2.0,00001101101111101011
3,2.0,00001101101111101011,2.0,00001101101111101011
3,2.0,00001101101111101011,2.0,00001101101111101011
3,2.0,00001101101111101011,2.0,00001101101111101011
3,2.0,00001101101111101011,2.0,00001101101111101011
3,2.0,00001101101111101011,2.0,00001101101111101011
3,2.0,00001101101111101011,2.0,00001101101111101011
3,2.0,00001101101111101011,2.0,00001101101111101011
3,2.0,00001101101111101011,2.0,00001101101111101011
3,2.0,00001101101111101011,2.0,00001101101111101011
3,2.0,00001101101111101011,2.0,00001101101111101011
3,2.0,00001101101111101011,2.0,00001101101111101011
3,2.0,00001101101111101011,2.0,00001101101111101011
3,2.0,00001101101111101011,2.0,00001101101111101011
3,2.0,00001101101111101011,2.0,00001101101111101011
3,2.0,00001101101111101011,2.0,00001101101111101011
3,2.0,00001101101111101011,2.0,00001101101111101011
3,2.0,00001101101111101011,2.0,00001101101111101011
3,2.0,00001101101111101011,2.0,00001101101111101011
3,2.0,00001101101111101011,2.0,00001101101111101011
3,2.0,00001101101111101011,2.0,00001101101111101011
3,2.0,00001101101111101011,2.0,00001101101111101011
3,2.0,00001101101111101011,2.0,00001101101111101011
3,2.0,00001101101111101011,2.0,00001101101111101011
3,2.0,00001101101111101011,2.0,00001101101111101011
3,2.0,00001101101111101011,2.0,00001101101111101011
3,2.0,00001101101111101011,2.0,00001101101111101011
3,2.0,00001101101111101011,2.0,00001101101111101011
3,2.0,00001101101111101011,2.0,00001101101111101011
3,2.0,00001101101111101011,2.0,00001101101111101011
3,2.0,00001101101111101011,2.0,00001101101111101011
4,258.0,01111001001010010001,210.0,01101001101010011010
4,210.0,01101001101010011010,134.0,11101001101010001001
4,134.0,11101001101010001001,134.0,11101001101010001001
4,134.0,11101001101010001001,102.0,10100011001010001000
4,102.0,10100011001010001000,102.0,10100011001010001000
4,102.0,10100011001010001000,102.0,10100011001010001000
4,102.0,10100011001010001000,102.0,10100011001010001000
4,102.0,10100011001010001000,102.0,10100011001010001000
4,102.0,10100011001010001000,102.0,10100011001010001000
4,102.0,10100011001010001000,102.0,10100011001010001000
4,102.0,10100011001010001000,102.0,10100011001010001000
4,102.0,10100011001010001000,102.0,10100011001010001000
4,102.0,10100011001010001000,10.0,00101011001010011001
4,10.0,00101011001010011001,10.0,00101011001010011001
4,10.0,00101011001010011001,10.0,00101011001010011001
4,10.0,00101011001010011001,10.0,00101011001010011001
4,10.0,00101011001010011001,10.0,00101011001010011001
4,10.0,00101011001010011001,10.0,00101011001010011001
4,10.0,00101011001010011001,10.0,00101011001010011001
4,10.0,00101011001010011001,10.0,00101011001010011001
4,10.0,00101011001010011001,10.0,00101011001010011001
4,10.0,00101011001010011001,6.0,10101011000110011000
4,6.0,10101011000110011000,6.0,10101011000110011000
4,6.0,10101011000110011000,6.0,10101011000110011000
4,6.0,10101011000110011000,6.0,10101011000110011000
4,6.0,10101011000110011000,6.0,10101011000110011000
4,6.0,10101011000110011000,6.0,10101011000110011000
4,6.0,10101011000110011000,6.0,10101011000110011000
4,6.0,10101011000110011000,6.0,10101011000110011000
4,6.0,10101011000110011000,6.0,10101011000110011000
4,6.0,10101011000110011000,6.0,10101011000110011000
4,6.0,10101011000110011000,6.0,10101011000110011000
4,6.0,10101011000110011000,6.0,10101011000110011000
4,6.0,10101011000110011000,6.0,10101011000110011000
4,6.0,10101011000110011000,6.0,10101011000110011000
4,6.0,10101011000110011000,6.0,10101011000110011000
4,6.0,10101011000110011000,6.0,10101011000110011000
4,6.0,10101011000110011000,6.0,10101011000110011000
4,6.0,10101011000110011000,6.0,10101011000110011000
4,6.0,10101011000110011000,6.0,10101011000110011000
4,6.0,10101011000110011000,6.0,10101011000110011000
4,6.0,10101011000110011000,6.0,00110010100110111000
4,6.0,00110010100110111000,6.0,00110010100110111000
4,6.0,00110010100110111000,6.0,00110010100110111000
4,6.0,00110010100110111000,6.0,00110010100110111000
4,6.0,00110010100110111000,6.0,00110010100110111000
4,6.0,00110010100110111000,6.0,00110010100110111000
5,280.0,10100101100010111110,280.0,10100101100010111110
5,280.0,10100101100010111110,260.0,10110001100010011010
5,260.0,10110001100010011010,148.0,10111100110110011011
5,148.0,10111100110110011011,116.0,10011100111110011000
5,116.0,10011100111110011000,116.0,10011100111110011000
5,116.0,10011100111110011000,52.0,10110100111010001011
5,52.0,10110100111010001011,52.0,10110100111010001011
5,52.0,10110100111010001011,52.0,10110100111010001011
5,52.0,10110100111010001011,52.0,10110100111010001011
5,52.0,10110100111010001011,52.0,10110100111010001011
5,52.0,10110100111010001011,52.0,10110100111010001011
5,52.0,10110100111010001011,52.0,10110100111010001011
5,52.0,10110100111010001011,52.0,10110100111010001011
5,52.0,10110100111010001011,52.0,10110100111010001011
5,52.0,10110100111010001011,52.0,10110100111010001011
5,52.0,10110100111010001011,52.0,10110100111010001011
5,52.0,10110100111010001011,16.0,11111100110010011001
5,16.0,11111100110010011001,16.0,11111100110010011001
5,16.0,11111100110010011001,16.0,11111100110010011001
5,16.0,11111100110010011001,16.0,11111100110010011001
5,16.0,11111100110010011001,10.0,11110100001000011001
5,10.0,11110100001000011001,10.0,11110100001000011001
5,10.0,11110100001000011001,10.0,11110100001000011001
5,10.0,11110100001000011001,10.0,11110100001000011001
5,10.0,11110100001000011001,10.0,11110100001000011001
5,10.0,11110100001000011001,10.0,11110100001000011001
5,10.0,11110100001000011001,10.0,11110100001000011001
5,10.0,11110100001000011001,6.0,10111100001001001010
5,6.0,10111100001001001010,6.0,10111100001001001010
5,6.0,10111100001001001010,6.0,10111100001001001010
5,6.0,10111100001001001010,6.0,10111100001001001010
5,6.0,10111100001001001010,6.0,10111100001001001010
5,6.0,10111100001001001010,6.0,10111100001001001010
5,6.0,10111100001001001010,6.0,10111100001001001010
5,6.0,10111100001001001010,6.0,10111100001001001010
5,6.0,10111100001001001010,6.0,10111100001001001010
5,6.0,10111100001001001010,6.0,10111100001001001010
5,6.0,10111100001001001010,6.0,10111100001001001010
5,6.0,10111100001001001010,6.0,10111100001001001010
5,6.0,10111100001001001010,6.0,10111100001001001010
5,6.0,10111100001001001010,6.0,10111100001001001010
5,6.0,10111100001001001010,6.0,10111100001001001010
5,6.0,10111100001001001010,6.0,10111100001001001010
5,6.0,10111100001001001010,6.0,10111100001001001010
5,6.0,10111100001001001010,6.0,10111100001001001010
5,6.0,10111100001001001010,6.0,10111100001001001010
5,6.0,10111100001001001010,6.0,10111100001001001010
5,6.0,10111100001001001010,6.0,10111100001001001010
5,6.0,10111100001001001010,6.0,10111100001001001010
5,6.0,10111100001001001010,6.0,10111100001001001010
5,6.0,10111100001001001010,6.0,10111100001001001010
5,6.0,10111100001001001010,6.0,10111100001001001010
5,6.0,10111100001001001010,6.0,10111100001001001010
5,6.0,10111100001001001010,6.0,10111100001001001010
5,6.0,10111100001001001010,6.0,10111100001001001010
5,6.0,10111100001001001010,6.0,10111100001001001010
5,6.0,10111100001001001010,6.0,10111100001001001010
5,6.0,10111100001001001010,2.0,10110010001001000010
5,2.0,10110010001001000010,2.0,10110010001001000010
5,2.0,10110010001001000010,2.0,10110010001001000010
5,2.0,10110010001001000010,2.0,10110010001001000010
5,2.0,10110010001001000010,2.0,10110010001001000010
5,2.0,10110010001001000010,2.0,10110010001001000010
5,2.0,10110010001001000010,2.0,10110010001001000010
5,2.0,10110010001001000010,2.0,10110010001001000010
5,2.0,10110010001001000010,2.0,10110010001001000010
5,2.0,10110010001001000010,2.0,10110010001001000010
5,2.0,10110010001001000010,2.0,10110010001001000010
5,2.0,10110010001001000010,2.0,10110010001001000010
5,2.0,10110010001001000010,2.0,10110010001001000010
5,2.0,10110010001001000010,2.0,10110010001001000010
5,2.0,10110010001001000010,2.0,10110010001001000010
5,2.0,10110010001001000010,2.0,10110010001001000010
5,2.0,10110010001001000010,2.0,10110010001001000010
5,2.0,10110010001001000010,2.0,10110010001001000010
5,2.0,10110010001001000010,2.0,10110010001001000010
5,2.0,10110010001001000010,2.0,10110010001001000010
5,2.0,10110010001001000010,2.0,10110010001001000010
5,2.0,10110010001001000010,2.0,10110010001001000010
5,2.0,10110010001001000010,2.0,10110010001001000010
5,2.0,10110010001001000010,2.0,10110010001001000010
5,2.0,10110010001001000010,2.0,10110010001001000010
5,2.0,10110010001001000010,2.0,10110010001001000010
5,2.0,10110010001001000010,2.0,10110010001001000010
5,2.0,10110010001001000010,2.0,10110010001001000010
5,2.0,10110010001001000010,2.0,10110010001001000010
5,2.0,10110010001001000010,2.0,10110010001001000010
5,2.0,10110010001001000010,2.0,10110010001001000010
5,2.0,10110010001001000010,2.0,10110010001001000010
5,2.0,10110010001001000010,2.0,10110010001001000010
5,2.0,10110010001001000010,2.0,10110010001001000010
5,2.0,10110010001001000010,2.0,10110010001001000010
5,2.0,10110010001001000010,2.0,10110010001001000010
5,2.0,10110010001001000010,2.0,10110010001001000010
5,2.0,10110010001001000010,2.0,10110010001001000010
5,2.0,10110010001001000010,2.0,10110010001001000010
5,2.0,10110010001001000010,2.0,10110010001001000010
5,2.0,10110010001001000010,2.0,10110010001001000010
5,2.0,10110010001001000010,2.0,10110010001001000010
5,2.0,10110010001001000010,2.0,10110010001001000010
5,2.0,10110010001001000010,2.0,10110010001001000010
5,2.0,10110010001001000010,2.0,10110010001001000010
5,2.0,10110010001001000010,2.0,10110010001001000010
5,2.0,10110010001001000010,2.0,10110010001001000010
6,750.0,00100101010011101110,168.0,00101111010011000111
6,168.0,00101111010011000111,168.0,00101111010011000111
6,168.0,00101111010011000111,56.0,01000111110011110001
6,56.0,01000111110011110001,56.0,01000111110011110001
6,56.0,01000111110011110001,56.0,01000111110011110001
6,56.0,01000111110011110001,32.0,00011111110001010010
6,32.0,00011111110001010010,22.0,00011101110011010110
6,22.0,00011101110011010110,22.0,00011101110011010110
6,22.0,00011101110011010110,22.0,00011101110011010110
6,22.0,00011101110011010110,22.0,00011101110011010110
6,22.0,00011101110011010110,22.0,00011101110011010110
6,22.0,00011101110011010110,22.0,00011101110011010110
6,22.0,00011101110011010110,22.0,00011101110011010110
6,22.0,00011101110011010110,22.0,00011101110011010110
6,22.0,00011101110011010110,22.0,00011101110011010110
6,22.0,00011101110011010110,22.0,00110101100011000110
6,22.0,00110101100011000110,22.0,00110101100011000110
6,22.0,00110101100011000110,22.0,00110101100011000110
6,22.0,00110101100011000110,22.0,00110101100011000110
6,22.0,00110101100011000110,12.0,00110111100001000010
6,12.0,00110111100001000010,12.0,00110111100001000010
6,12.0,00110111100001000010,12.0,00110111100001000010
6,12.0,00110111100001000010,12.0,00110111100001000010
6,12.0,00110111100001000010,12.0,00110111100001000010
6,12.0,00110111100001000010,12.0,00110111100001000010
6,12.0,00110111100001000010,12.0,00110111100001000010
6,12.0,00110111100001000010,12.0,00110111100001000010
6,12.0,00110111100001000010,12.0,00110111100001000010
6,12.0,00110111100001000010,12.0,00110111100001000010
6,12.0,00110111100001000010,12.0,00110111100001000010
6,12.0,00110111100001000010,12.0,00110111100001000010
6,12.0,00110111100001000010,12.0,00110111100001000010
6,12.0,00110111100001000010,12.0,00110111100001000010
6,12.0,00110111100001000010,12.0,00110111100001000010
6,12.0,00110111100001000010,12.0,00110111100001000010
6,12.0,00110111100001000010,12.0,00110111100001000010
6,12.0,00110111100001000010,12.0,00110111100001000010
6,12.0,00110111100001000010,12.0,00110111100001000010
6,12.0,00110111100001000010,12.0,00110111100001000010
6,12.0,00110111100001000010,12.0,00110111100001000010
6,12.0,00110111100001000010,12.0,00110111100001000010
6,12.0,00110111100001000010,12.0,00110111100001000010
6,12.0,00110111100001000010,12.0,00110111100001000010
6,12.0,00110111100001000010,12.0,00110111100001000010
6,12.0,00110111100001000010,12.0,00110111100001000010
6,12.0,00110111100001000010,12.0,00110111100001000010
6,12.0,00110111100001000010,12.0,00110111100001000010
6,12.0,00110111100001000010,12.0,00110111100001000010
6,12.0,00110111100001000010,12.0,00110111100001000010
6,12.0,00110111100001000010,12.0,00110111100001000010
6,12.0,00110111100001000010,12.0,00110111100001000010
6,12.0,00110111100001000010,12.0,00110111100001000010
6,12.0,00110111100001000010,12.0,00110111100001000010
6,12.0,00110111100001000010,12.0,00110111100001000010
6,12.0,00110111100001000010,2.0,00110001100001011000
6,2.0,00110001100001011000,2.0,00110001100001011000
6,2.0,00110001100001011000,2.0,00110001100001011000
6,2.0,00110001100001011000,2.0,00110001100001011000
6,2.0,00110001100001011000,2.0,00110001100001011000
6,2.0,00110001100001011000,2.0,00110001100001011000
6,2.0,00110001100001011000,2.0,00110001100001011000
6,2.0,00110001100001011000,2.0,00110001100001011000
6,2.0,00110001100001011000,2.0,00110001100001011000
6,2.0,00110001100001011000,2.0,00110001100001011000
6,2.0,00110001100001011000,2.0,00110001100001011000
6,2.0,00110001100001011000,2.0,00110001100001011000
6,2.0,00110001100001011000,2.0,00110001100001011000
6,2.0,00110001100001011000,2.0,00110001100001011000
6,2.0,00110001100001011000,2.0,00110001100001011000
6,2.0,00110001100001011000,2.0,00110001100001011000
6,2.0,00110001100001011000,2.0,00110001100001011000
6,2.0,00110001100001011000,2.0,00110001100001011000
6,2.0,00110001100001011000,2.0,00110001100001011000
6,2.0,00110001100001011000,2.0,00110001100001011000
6,2.0,00110001100001011000,2.0,00110001100001011000
6,2.0,00110001100001011000,2.0,00110001100001011000
6,2.0,00110001100001011000,2.0,00110001100001011000
6,2.0,00110001100001011000,2.0,00110001100001011000
6,2.0,00110001100001011000,2.0,00110001100001011000
6,2.0,00110001100001011000,2.0,00110001100001011000
6,2.0,00110001100001011000,2.0,00110001100001011000
6,2.0,00110001100001011000,2.0,00110001100001011000
6,2.0,00110001100001011000,2.0,00110001100001011000
6,2.0,00110001100001011000,2.0,00110001100001011000
6,2.0,00110001100001011000,2.0,00110001100001011000
6,2.0,00110001100001011000,2.0,00110001100001011000
6,2.0,00110001100001011000,2.0,00110001100001011000
6,2.0,00110001100001011000,2.0,00110001100001011000
6,2.0,00110001100001011000,2.0,00110001100001011000
6,2.0,00110001100001011000,2.0,00110001100001011000
6,2.0,00110001100001011000,2.0,00110001100001011000
6,2.0,00110001100001011000,2.0,00110001100001011000
6,2.0,00110001100001011000,2.0,00110001100001011000
6,2.0,00110001100001011000,2.0,00110001100001011000
6,2.0,00110001100001011000,2.0,00110001100001011000
6,2.0,00110001100001011000,2.0,00110001100001011000
6,2.0,00110001100001011000,2.0,00110001100001011000
6,2.0,00110001100001011000,2.0,00110001100001011000
7,364.0,11000111011110000000,150.0,01111110011010000011
7,150.0,01111110011010000011,122.0,01111010011010100000
7,122.0,01111010011010100000,42.0,01111110001110000000
7,42.0,01111110001110000000,42.0,01111110001110000000
7,42.0,01111110001110000000,42.0,01111110001110000000
7,42.0,01111110001110000000,42.0,01111110001110000000
7,42.0,01111110001110000000,42.0,01111110001110000000
7,42.0,01111110001110000000,42.0,01111110001110000000
7,42.0,01111110001110000000,42.0,01111110001110000000
7,42.0,01111110001110000000,42.0,01111110001110000000
7,42.0,01111110001110000000,16.0,10010110001111000000
7,16.0,10010110001111000000,16.0,10010110001111000000
7,16.0,10010110001111000000,16.0,10010110001111000000
7,16.0,10010110001111000000,16.0,10010110001111000000
7,16.0,10010110001111000000,4.0,10011110010111010011
7,4.0,10011110010111010011,4.0,10011110010111010011
7,4.0,10011110010111010011,4.0,10011110010111010011
7,4.0,10011110010111010011,4.0,10011110010111010011
7,4.0,10011110010111010011,4.0,10011110010111010011
7,4.0,10011110010111010011,4.0,10011110010111010011
7,4.0,10011110010111010011,4.0,10011110010111010011
7,4.0,10011110010111010011,4.0,10011110010111010011
7,4.0,10011110010111010011,4.0,10011110010111010011
7,4.0,10011110010111010011,4.0,10011110010111010011
7,4.0,10011110010111010011,4.0,10011110010111010011
7,4.0,10011110010111010011,4.0,10011110010111010011
7,4.0,10011110010111010011,4.0,10011110010111010011
7,4.0,10011110010111010011,4.0,10011110010111010011
7,4.0,10011110010111010011,4.0,10011110010111010011
7,4.0,10011110010111010011,4.0,10011110010111010011
7,4.0,10011110010111010011,4.0,10011110010111010011
7,4.0,10011110010111010011,4.0,10011110010111010011
7,4.0,10011110010111010011,4.0,10011110010111010011
7,4.0,10011110010111010011,4.0,10011110010111010011
7,4.0,10011110010111010011,4.0,10011110010111010011
7,4.0,10011110010111010011,4.0,10011110010111010011
7,4.0,10011110010111010011,4.0,10011110010111010011
7,4.0,10011110010111010011,4.0,10011110010111010011
7,4.0,10011110010111010011,4.0,10011110010111010011
7,4.0,10011110010111010011,4.0,10011110010111010011
7,4.0,10011110010111010011,4.0,10011110010111010011
7,4.0,10011110010111010011,4.0,10011110010111010011
7,4.0,10011110010111010011,4.0,10011110010111010011
7,4.0,10011110010111010011,4.0,10011110010111010011
7,4.0,10011110010111010011,4.0,10011110010111010011
7,4.0,10011110010111010011,4.0,10011110010111010011
7,4.0,10011110010111010011,4.0,10011110010111010011
8,2192.0,00100011110100111000,584.0,00100111110100011010
8,584.0,00100111110100011010,584.0,00100111110100011010
8,584.0,00100111110100011010,386.0,00100101110100111110
8,386.0,00100101110100111110,362.0,11000101110100011111
8,362.0,11000101110100011111,332.0,11001001110110101111
8,332.0,11001001110110101111,332.0,11001001110110101111
8,332.0,11001001110110101111,100.0,11000101010100111111
8,100.0,11000101010100111111,2.0,01001101110110111101
8,2.0,01001101110110111101,2.0,01001101110110111101
8,2.0,01001101110110111101,2.0,01001101110110111101
8,2.0,01001101110110111101,2.0,01001101110110111101
8,2.0,01001101110110111101,2.0,01001101110110111101
8,2.0,01001101110110111101,2.0,01001101110110111101
8,2.0,01001101110110111101,2.0,01001101110110111101
8,2.0,01001101110110111101,2.0,01001101110110111101
8,2.0,01001101110110111101,2.0,01001101110110111101
8,2.0,01001101110110111101,2.0,01001101110110111101
8,2.0,01001101110110111101,2.0,01001101110110111101
8,2.0,01001101110110111101,2.0,01001101110110111101
8,2.0,01001101110110111101,2.0,01001101110110111101
8,2.0,01001101110110111101,2.0,01001101110110111101
8,2.0,01001101110110111101,2.0,01001101110110111101
8,2.0,01001101110110111101,2.0,01001101110110111101
8,2.0,01001101110110111101,2.0,01001101110110111101
8,2.0,01001101110110111101,2.0,01001101110110111101
8,2.0,01001101110110111101,2.0,01001101110110111101
8,2.0,01001101110110111101,2.0,01001101110110111101
8,2.0,01001101110110111101,2.0,01001101110110111101
8,2.0,01001101110110111101,2.0,01001101110110111101
8,2.0,01001101110110111101,2.0,01001101110110111101
8,2.0,01001101110110111101,2.0,01001101110110111101
8,2.0,01001101110110111101,2.0,01001101110110111101
8,2.0,01001101110110111101,2.0,01001101110110111101
8,2.0,01001101110110111101,2.0,01001101110110111101
8,2.0,01001101110110111101,2.0,01001101110110111101
8,2.0,01001101110110111101,2.0,01001101110110111101
8,2.0,01001101110110111101,2.0,01001101110110111101
8,2.0,01001101110110111101,2.0,01001101110110111101
8,2.0,01001101110110111101,2.0,01001101110110111101
8,2.0,01001101110110111101,2.0,01001101110110111101
8,2.0,01001101110110111101,2.0,01001101110110111101
8,2.0,01001101110110111101,2.0,01001101110110111101
8,2.0,01001101110110111101,2.0,01001101110110111101
8,2.0,01001101110110111101,2.0,01001101110110111101
8,2.0,01001101110110111101,2.0,01001101110110111101
8,2.0,01001101110110111101,2.0,01001101110110111101
8,2.0,01001101110110111101,2.0,01001101110110111101
8,2.0,01001101110110111101,2.0,01001101110110111101
8,2.0,01001101110110111101,2.0,01001101110110111101
8,2.0,01001101110110111101,2.0,01001101110110111101
8,2.0,01001101110110111101,2.0,01001101110110111101
8,2.0,01001101110110111101,2.0,01001101110110111101
8,2.0,01001101110110111101,2.0,01001101110110111101
8,2.0,01001101110110111101,2.0,01001101110110111101
8,2.0,01001101110110111101,2.0,01001101110110111101
9,978.0,00111110110001001001,308.0,00101100011101111011
9,308.0,00101100011101111011,260.0,00101110011001101011
9,260.0,00101110011001101011,260.0,00101110011001101011
9,260.0,00101110011001101011,48.0,00000110011011101110
9,48.0,00000110011011101110,48.0,00000110011011101110
9,48.0,00000110011011101110,48.0,00000110011011101110
9,48.0,00000110011011101110,48.0,00000110011011101110
9,48.0,00000110011011101110,38.0,00001110101011101111
9,38.0,00001110101011101111,38.0,00001110101011101111
9,38.0,00001110101011101111,38.0,00001110101011101111
9,38.0,00001110101011101111,38.0,00001110101011101111
9,38.0,00001110101011101111,38.0,00001110101011101111
9,38.0,00001110101011101111,24.0,00100010101011101010
9,24.0,00100010101011101010,0.0,11000010101011001011
9,0.0,11000010101011001011,0.0,11000010101011001011
9,0.0,11000010101011001011,0.0,11000010101011001011
9,0.0,11000010101011001011,0.0,11000010101011001011
9,0.0,11000010101011001011,0.0,11000010101011001011
9,0.0,11000010101011001011,0.0,11000010101011001011
9,0.0,11000010101011001011,0.0,11000010101011001011
9,0.0,11000010101011001011,0.0,11000010101011001011
9,0.0,11000010101011001011,0.0,11000010101011001011
9,0.0,11000010101011001011,0.0,11000010101011001011
9,0.0,11000010101011001011,0.0,11000010101011001011
9,0.0,11000010101011001011,0.0,11000010101011001011
9,0.0,11000010101011001011,0.0,11000010101011001011
9,0.0,11000010101011001011,0.0,11000010101011001011
9,0.0,11000010101011001011,0.0,11000010101011001011
9,0.0,11000010101011001011,0.0,11000010101011001011
9,0.0,11000010101011001011,0.0,11000010101011001011
9,0.0,11000010101011001011,0.0,11000010101011001011
9,0.0,11000010101011001011,0.0,11000010101011001011
9,0.0,11000010101011001011,0.0,11000010101011001011
9,0.0,11000010101011001011,0.0,11000010101011001011
10,3262.0,10011100111010111011,146.0,10011001111010001001
10,146.0,10011001111010001001,92.0,11011001111000010001
10,92.0,11011001111000010001,50.0,10011011101000010001
10,50.0,10011011101000010001,50.0,10011011101000010001
10,50.0,10011011101000010001,50.0,10011011101000010001
10,50.0,10011011101000010001,50.0,10011011101000010001
10,50.0,10011011101000010001,50.0,10011011101000010001
10,50.0,10011011101000010001,50.0,10011011101000010001
10,50.0,10011011101000010001,50.0,10011011101000010001
10,50.0,10011011101000010001,50.0,10011011101000010001
10,50.0,10011011101000010001,50.0,10011011101000010001
10,50.0,10011011101000010001,24.0,00111110101000010100
10,24.0,00111110101000010100,24.0,00111110101000010100
10,24.0,00111110101000010100,24.0,00111110101000010100
10,24.0,00111110101000010100,6.0,11100110101000010100
10,6.0,11100110101000010100,6.0,11100110101000010100
10,6.0,11100110101000010100,6.0,11100110101000010100
10,6.0,11100110101000010100,6.0,11100110101000010100
10,6.0,11100110101000010100,6.0,11100110101000010100
10,6.0,11100110101000010100,6.0,11100110101000010100
10,6.0,11100110101000010100,6.0,11100110101000010100
10,6.0,11100110101000010100,6.0,11100110101000010100
10,6.0,11100110101000010100,6.0,11100110101000010100
10,6.0,11100110101000010100,6.0,11100110101000010100
10,6.0,11100110101000010100,6.0,11100110101000010100
10,6.0,11100110101000010100,6.0,11100110101000010100
10,6.0,11100110101000010100,6.0,11100110101000010100
10,6.0,11100110101000010100,6.0,11100110101000010100
10,6.0,11100110101000010100,6.0,11100110101000010100
10,6.0,11100110101000010100,6.0,11100110101000010100
10,6.0,11100110101000010100,6.0,11100110101000010100
10,6.0,11100110101000010100,6.0,11100110101000010100
10,6.0,11100110101000010100,6.0,11100110101000010100
10,6.0,11100110101000010100,6.0,11100110101000010100
10,6.0,11100110101000010100,6.0,11100110101000010100
10,6.0,11100110101000010100,6.0,11100110101000010100
10,6.0,11100110101000010100,6.0,11100110101000010100
10,6.0,11100110101000010100,6.0,11100110101000010100
10,6.0,11100110101000010100,6.0,11100110101000010100
10,6.0,11100110101000010100,6.0,11100110101000010100
10,6.0,11100110101000010100,6.0,11100110101000010100
10,6.0,11100110101000010100,6.0,11100110101000010100
10,6.0,11100110101000010100,6.0,11100110101000010100
10,6.0,11100110101000010100,6.0,11100110101000010100
10,6.0,11100110101000010100,6.0,11100110101000010100
10,6.0,11100110101000010100,6.0,11100110101000010100
11,172.0,10000110001101001101,172.0,10000110001101001101
11,172.0,10000110001101001101,22.0,11000010001001001110
11,22.0,11000010001001001110,22.0,11000010001001001110
11,22.0,11000010001001001110,22.0,11000010001001001110
11,22.0,11000010001001001110,22.0,11000010001001001110
11,22.0,11000010001001001110,22.0,11000010001001001110
11,22.0,11000010001001001110,22.0,11000010001001001110
11,22.0,11000010001001001110,22.0,11000010001001001110
11,22.0,11000010001001001110,22.0,11000010001001001110
11,22.0,11000010001001001110,22.0,11000010001001001110
11,22.0,11000010001001001110,22.0,11000010001001001110
11,22.0,11000010001001001110,22.0,11000010001001001110
11,22.0,11000010001001001110,22.0,11000010001001001110
11,22.0,11000010001001001110,22.0,11000010001001001110
11,22.0,11000010001001001110,22.0,11000010001001001110
11,22.0,11000010001001001110,22.0,11000010001001001110
11,22.0,11000010001001001110,22.0,11000010001001001110
11,22.0,11000010001001001110,22.0,11000010001001001110
11,22.0,11000010001001001110,22.0,11000010001001001110
11,22.0,11000010001001001110,22.0,11000010001001001110
11,22.0,11000010001001001110,22.0,11000010001001001110
11,22.0,11000010001001001110,22.0,11000010001001001110
11,22.0,11000010001001001110,22.0,11000010001001001110
11,22.0,11000010001001001110,22.0,11000010001001001110
11,22.0,11000010001001001110,22.0,11000010001001001110
11,22.0,11000010001001001110,22.0,11000010001001001110
11,22.0,11000010001001001110,22.0,11000010001001001110
11,22.0,11000010001001001110,22.0,11000010001001001110
11,22.0,11000010001001001110,22.0,11000010001001001110
11,22.0,11000010001001001110,4.0,00011010001001001110
11,4.0,00011010001001001110,4.0,00011010001001001110
11,4.0,00011010001001001110,4.0,00011010001001001110
11,4.0,00011010001001001110,4.0,00011010001001001110
11,4.0,00011010001001001110,4.0,00011010001001001110
11,4.0,00011010001001001110,4.0,00011010001001001110
11,4.0,00011010001001001110,4.0,00011010001001001110
11,4.0,00011010001001001110,4.0,00011010001001001110
11,4.0,00011010001001001110,4.0,00011010001001001110
11,4.0,00011010001001001110,4.0,00011010001001001110
11,4.0,00011010001001001110,4.0,00011010001001001110
11,4.0,00011010001001001110,4.0,00011010001001001110
11,4.0,00011010001001001110,4.0,00011010001001001110
11,4.0,00011010001001001110,4.0,00011010001001001110
11,4.0,00011010001001001110,4.0,00011010001001001110
11,4.0,00011010001001001110,4.0,00011010001001001110
11,4.0,00011010001001001110,2.0,10110010001001000010
11,2.0,10110010001001000010,2.0,10110010001001000010
11,2.0,10110010001001000010,2.0,10110010001001000010
11,2.0,10110010001001000010,2.0,10110010001001000010
11,2.0,10110010001001000010,2.0,10110010001001000010
11,2.0,10110010001001000010,2.0,10110010001001000010
11,2.0,10110010001001000010,2.0,10110010001001000010
11,2.0,10110010001001000010,2.0,10110010001001000010
11,2.0,10110010001001000010,2.0,10110010001001000010
11,2.0,10110010001001000010,2.0,10110010001001000010
11,2.0,10110010001001000010,2.0,10110010001001000010
11,2.0,10110010001001000010,2.0,10110010001001000010
11,2.0,10110010001001000010,2.0,10110010001001000010
11,2.0,10110010001001000010,2.0,10110010001001000010
11,2.0,10110010001001000010,2.0,10110010001001000010
11,2.0,10110010001001000010,2.0,10110010001001000010
11,2.0,10110010001001000010,2.0,10110010001001000010
11,2.0,10110010001001000010,2.0,10110010001001000010
11,2.0,10110010001001000010,2.0,10110010001001000010
11,2.0,10110010001001000010,2.0,10110010001001000010
11,2.0,10110010001001000010,2.0,10110010001001000010
11,2.0,10110010001001000010,2.0,10110010001001000010
11,2.0,10110010001001000010,2.0,10110010001001000010
11,2.0,10110010001001000010,2.0,10110010001001000010
11,2.0,10110010001001000010,2.0,10110010001001000010
11,2.0,10110010001001000010,2.0,10110010001001000010
11,2.0,10110010001001000010,2.0,10110010001001000010
11,2.0,10110010001001000010,2.0,10110010001001000010
11,2.0,10110010001001000010,2.0,10110010001001000010
11,2.0,10110010001001000010,2.0,10110010001001000010
11,2.0,10110010001001000010,2.0,10110010001001000010
11,2.0,10110010001001000010,2.0,10110010001001000010
11,2.0,10110010001001000010,2.0,10110010001001000010
11,2.0,10110010001001000010,2.0,10110010001001000010
11,2.0,10110010001001000010,2.0,10110010001001000010
11,2.0,10110010001001000010,0.0,10111010000001100111
11,0.0,10111010000001100111,0.0,10111010000001100111
11,0.0,10111010000001100111,0.0,10111010000001100111
11,0.0,10111010000001100111,0.0,10111010000001100111
11,0.0,10111010000001100111,0.0,10111010000001100111
11,0.0,10111010000001100111,0.0,10111010000001100111
11,0.0,10111010000001100111,0.0,10111010000001100111
11,0.0,10111010000001100111,0.0,10111010000001100111
11,0.0,10111010000001100111,0.0,10111010000001100111
11,0.0,10111010000001100111,0.0,10111010000001100111
11,0.0,10111010000001100111,0.0,10111010000001100111
11,0.0,10111010000001100111,0.0,10111010000001100111
11,0.0,10111010000001100111,0.0,10111010000001100111
11,0.0,10111010000001100111,0.0,10111010000001100111
11,0.0,10111010000001100111,0.0,10111010000001100111
11,0.0,10111010000001100111,0.0,10111010000001100111
11,0.0,10111010000001100111,0.0,10111010000001100111
11,0.0,10111010000001100111,0.0,10111010000001100111
11,0.0,10111010000001100111,0.0,10111010000001100111
11,0.0,10111010000001100111,0.0,10111010000001100111
11,0.0,10111010000001100111,0.0,10111010000001100111
11,0.0,10111010000001100111,0.0,10111010000001100111
11,0.0,10111010000001100111,0.0,10111010000001100111
11,0.0,10111010000001100111,0.0,10111010000001100111
11,0.0,10111010000001100111,0.0,10111010000001100111
11,0.0,10111010000001100111,0.0,10111010000001100111
11,0.0,10111010000001100111,0.0,10111010000001100111
12,844.0,10111100011010101010,20.0,10100001011110001010
12,20.0,10100001011110001010,20.0,10100001011110001010
12,20.0,10100001011110001010,20.0,10100001011110001010
12,20.0,10100001011110001010,20.0,10100001011110001010
12,20.0,10100001011110001010,20.0,10100001011110001010
12,20.0,10100001011110001010,20.0,10100001011110001010
12,20.0,10100001011110001010,18.0,10101001010110101111
12,18.0,10101001010110101111,18.0,10101001010110101111
12,18.0,10101001010110101111,8.0,10101011010100101011
12,8.0,10101011010100101011,8.0,10101011010100101011
12,8.0,10101011010100101011,8.0,10101011010100101011
12,8.0,10101011010100101011,8.0,10101011010100101011
12,8.0,10101011010100101011,8.0,10101011010100101011
12,8.0,10101011010100101011,8.0,10101011010100101011
12,8.0,10101011010100101011,8.0,10101011010100101011
12,8.0,10101011010100101011,8.0,10101011010100101011
12,8.0,10101011010100101011,8.0,10101011010100101011
12,8.0,10101011010100101011,8.0,10101011010100101011
12,8.0,10101011010100101011,8.0,10101011010100101011
12,8.0,10101011010100101011,8.0,10101011010100101011
12,8.0,10101011010100101011,8.0,10101011010100101011
12,8.0,10101011010100101011,8.0,10101011010100101011
12,8.0,10101011010100101011,8.0,10101011010100101011
12,8.0,10101011010100101011,8.0,10101011010100101011
12,8.0,10101011010100101011,8.0,10101011010100101011
12,8.0,10101011010100101011,8.0,10101011010100101011
12,8.0,10101011010100101011,8.0,10101011010100101011
12,8.0,10101011010100101011,8.0,10101011010100101011
12,8.0,10101011010100101011,8.0,10101011010100101011
12,8.0,10101011010100101011,8.0,10101011010100101011
12,8.0,10101011010100101011,8.0,10101011010100101011
12,8.0,10101011010100101011,8.0,10101011010100101011
12,8.0,10101011010100101011,8.0,10101011010100101011
12,8.0,10101011010100101011,8.0,10101011010100101011
13,288.0,00011011010110101011,116.0,00010011110110100100
13,116.0,00010011110110100100,20.0,00011011110010001100
13,20.0,00011011110010001100,6.0,00100111110010001110
13,6.0,00100111110010001110,6.0,00100111110010001110
13,6.0,00100111110010001110,6.0,00100111110010001110
13,6.0,00100111110010001110,6.0,00100111110010001110
13,6.0,00100111110010001110,6.0,00100111110010001110
13,6.0,00100111110010001110,6.0,00100111110010001110
13,6.0,00100111110010001110,6.0,00100111110010001110
13,6.0,00100111110010001110,6.0,00100111110010001110
13,6.0,00100111110010001110,6.0,00100111110010001110
13,6.0,00100111110010001110,6.0,00100111110010001110
13,6.0,00100111110010001110,6.0,00100111110010001110
13,6.0,00100111110010001110,6.0,00100111110010001110
13,6.0,00100111110010001110,6.0,00100111110010001110
13,6.0,00100111110010001110,6.0,00100111110010001110
13,6.0,00100111110010001110,6.0,00100111110010001110
13,6.0,00100111110010001110,6.0,00100111110010001110
13,6.0,00100111110010001110,6.0,00100111110010001110
13,6.0,00100111110010001110,6.0,00100111110010001110
13,6.0,00100111110010001110,6.0,00100111110010001110
13,6.0,00100111110010001110,6.0,00100111110010001110
13,6.0,00100111110010001110,6.0,00100011110010111011
13,6.0,00100011110010111011,6.0,00100011110010111011
13,6.0,00100011110010111011,6.0,00100011110010111011
13,6.0,00100011110010111011,6.0,00100011110010111011
13,6.0,00100011110010111011,6.0,00100011110010111011
13,6.0,00100011110010111011,6.0,00100011110010111011
13,6.0,00100011110010111011,6.0,00100011110010111011
13,6.0,00100011110010111011,6.0,00100011110010111011
13,6.0,00100011110010111011,6.0,00100011110010111011
13,6.0,00100011110010111011,6.0,00100011110010111011
14,5012.0,10000010001011011100,4052.0,10000010001001111100
14,4052.0,10000010001001111100,954.0,10101010101000101111
14,954.0,10101010101000101111,954.0,10101010101000101111
14,954.0,10101010101000101111,612.0,10100110001100001111
14,612.0,10100110001100001111,518.0,10001011001100001101
14,518.0,10001011001100001101,518.0,10001011001100001101
14,518.0,10001011001100001101,52.0,10101001001100001110
14,52.0,10101001001100001110,52.0,10101001001100001110
14,52.0,10101001001100001110,28.0,11100101100100001110
14,28.0,11100101100100001110,28.0,11100101100100001110
14,28.0,11100101100100001110,16.0,00100001100111001111
14,16.0,00100001100111001111,16.0,00100001100111001111
14,16.0,00100001100111001111,16.0,00100001100111001111
14,16.0,00100001100111001111,6.0,00100001111011000100
14,6.0,00100001111011000100,6.0,00100001111011000100
14,6.0,00100001111011000100,6.0,00100001111011000100
14,6.0,00100001111011000100,6.0,00100001111011000100
14,6.0,00100001111011000100,6.0,00100001111011000100
14,6.0,00100001111011000100,6.0,00100001111011000100
14,6.0,00100001111011000100,6.0,00100001111011000100
14,6.0,00100001111011000100,6.0,00100001111011000100
14,6.0,00100001111011000100,6.0,00100001111011000100
14,6.0,00100001111011000100,6.0,00100001111011000100
14,6.0,00100001111011000100,6.0,00100001111011000100
14,6.0,00100001111011000100,6.0,00100001111011000100
14,6.0,00100001111011000100,6.0,00100001111011000100
14,6.0,00100001111011000100,6.0,00100001111011000100
14,6.0,00100001111011000100,6.0,00100001111011000100
14,6.0,00100001111011000100,6.0,00100001111011000100
14,6.0,00100001111011000100,6.0,00100001111011000100
14,6.0,00100001111011000100,6.0,00100001111011000100
14,6.0,00100001111011000100,6.0,00100001111011000100
14,6.0,00100001111011000100,6.0,00100001111011000100
14,6.0,00100001111011000100,6.0,00100001111011000100
14,6.0,00100001111011000100,6.0,00100001111011000100
14,6.0,00100001111011000100,6.0,00100001111011000100
14,6.0,00100001111011000100,6.0,00100001111011000100
14,6.0,00100001111011000100,6.0,00100001111011000100
14,6.0,00100001111011000100,6.0,00100001111011000100
14,6.0,00100001111011000100,6.0,00100001111011000100
14,6.0,00100001111011000100,6.0,00100001111011000100
14,6.0,00100001111011000100,6.0,00100001111011000100
14,6.0,00100001111011000100,6.0,00100001111011000100
14,6.0,00100001111011000100,6.0,00100001111011000100
15,2584.0,10011110010110001111,1066.0,10111110010110000101
15,1066.0,10111110010110000101,620.0,10110110110110100011
15,620.0,10110110110110100011,288.0,11110110010110000011
15,288.0,11110110010110000011,146.0,11111110010110000010
15,146.0,11111110010110000010,38.0,11101111010110000010
15,38.0,11101111010110000010,8.0,11100111000011000001
15,8.0,11100111000011000001,8.0,11100111000011000001
15,8.0,11100111000011000001,8.0,11100111000011000001
15,8.0,11100111000011000001,8.0,11100111000011000001
15,8.0,11100111000011000001,8.0,11100111000011000001
15,8.0,11100111000011000001,8.0,11100111000011000001
15,8.0,11100111000011000001,8.0,11100111000011000001
15,8.0,11100111000011000001,8.0,11100111000011000001
15,8.0,11100111000011000001,8.0,11100111000011000001
15,8.0,11100111000011000001,8.0,11100111000011000001
15,8.0,11100111000011000001,8.0,11100111000011000001
15,8.0,11100111000011000001,8.0,11100111000011000001
15,8.0,11100111000011000001,8.0,11100111000011000001
15,8.0,11100111000011000001,8.0,11100111000011000001
15,8.0,11100111000011000001,8.0,11100111000011000001
15,8.0,11100111000011000001,8.0,11100111000011000001
15,8.0,11100111000011000001,8.0,11100111000011000001
15,8.0,11100111000011000001,8.0,11100111000011000001
15,8.0,11100111000011000001,8.0,11100111000011000001
15,8.0,11100111000011000001,8.0,11100111000011000001
16,1390.0,10111000111100110001,954.0,10110000111110010010
16,954.0,10110000111110010010,226.0,10111101011010000001
16,226.0,10111101011010000001,226.0,10111101011010000001
16,226.0,10111101011010000001,114.0,10110101110110100000
16,114.0,10110101110110100000,114.0,10110101110110100000
16,114.0,10110101110110100000,90.0,00111001110101100001
16,90.0,00111001110101100001,50.0,00111001011001000010
16,50.0,00111001011001000010,50.0,00111001011001000010
16,50.0,00111001011001000010,50.0,00111001011001000010
16,50.0,00111001011001000010,50.0,00111001011001000010
16,50.0,00111001011001000010,50.0,00111001011001000010
16,50.0,00111001011001000010,50.0,00111001011001000010
16,50.0,00111001011001000010,12.0,00110111100001000010
16,12.0,00110111100001000010,12.0,00110111100001000010
16,12.0,00110111100001000010,12.0,00110111100001000010
16,12.0,00110111100001000010,12.0,00110111100001000010
16,12.0,00110111100001000010,12.0,00110111100001000010
16,12.0,00110111100001000010,12.0,00110111100001000010
16,12.0,00110111100001000010,12.0,00110111100001000010
16,12.0,00110111100001000010,12.0,00110111100001000010
16,12.0,00110111100001000010,12.0,00110111100001000010
16,12.0,00110111100001000010,12.0,00110111100001000010
16,12.0,00110111100001000010,12.0,00110111100001000010
16,12.0,00110111100001000010,12.0,00110111100001000010
16,12.0,00110111100001000010,12.0,00110111100001000010
16,12.0,00110111100001000010,12.0,00110111100001000010
16,12.0,00110111100001000010,12.0,00110111100001000010
16,12.0,00110111100001000010,12.0,00110111100001000010
16,12.0,00110111100001000010,12.0,00110111100001000010
16,12.0,00110111100001000010,12.0,00110111100001000010
16,12.0,00110111100001000010,12.0,00110111100001000010
16,12.0,00110111100001000010,12.0,00110111100001000010
16,12.0,00110111100001000010,12.0,00110111100001000010
16,12.0,00110111100001000010,12.0,00110111100001000010
16,12.0,00110111100001000010,12.0,00110111100001000010
16,12.0,00110111100001000010,12.0,00110111100001000010
16,12.0,00110111100001000010,12.0,00110111100001000010
16,12.0,00110111100001000010,2.0,10110010001001000010
16,2.0,10110010001001000010,2.0,10110010001001000010
16,2.0,10110010001001000010,2.0,10110010001001000010
16,2.0,10110010001001000010,2.0,10110010001001000010
16,2.0,10110010001001000010,2.0,10110010001001000010
16,2.0,10110010001001000010,2.0,10110010001001000010
16,2.0,10110010001001000010,2.0,10110010001001000010
16,2.0,10110010001001000010,2.0,10110010001001000010
16,2.0,10110010001001000010,2.0,10110010001001000010
16,2.0,10110010001001000010,2.0,10110010001001000010
16,2.0,10110010001001000010,2.0,10110010001001000010
16,2.0,10110010001001000010,2.0,10110010001001000010
16,2.0,10110010001001000010,2.0,10110010001001000010
16,2.0,10110010001001000010,2.0,10110010001001000010
16,2.0,10110010001001000010,2.0,10110010001001000010
16,2.0,10110010001001000010,2.0,10110010001001000010
16,2.0,10110010001001000010,2.0,10110010001001000010
16,2.0,10110010001001000010,2.0,10110010001001000010
16,2.0,10110010001001000010,2.0,10110010001001000010
16,2.0,10110010001001000010,2.0,10110010001001000010
16,2.0,10110010001001000010,2.0,10110010001001000010
16,2.0,10110010001001000010,2.0,10110010001001000010
16,2.0,10110010001001000010,2.0,10110010001001000010
16,2.0,10110010001001000010,2.0,10110010001001000010
16,2.0,10110010001001000010,2.0,10110010001001000010
16,2.0,10110010001001000010,2.0,10110010001001000010
16,2.0,10110010001001000010,2.0,10110010001001000010
16,2.0,10110010001001000010,2.0,10110010001001000010
16,2.0,10110010001001000010,0.0,10111010000001100111
16,0.0,10111010000001100111,0.0,10111010000001100111
16,0.0,10111010000001100111,0.0,10111010000001100111
16,0.0,10111010000001100111,0.0,10111010000001100111
16,0.0,10111010000001100111,0.0,10111010000001100111
16,0.0,10111010000001100111,0.0,10111010000001100111
16,0.0,10111010000001100111,0.0,10111010000001100111
16,0.0,10111010000001100111,0.0,10111010000001100111
16,0.0,10111010000001100111,0.0,10111010000001100111
16,0.0,10111010000001100111,0.0,10111010000001100111
16,0.0,10111010000001100111,0.0,10111010000001100111
16,0.0,10111010000001100111,0.0,10111010000001100111
16,0.0,10111010000001100111,0.0,10111010000001100111
16,0.0,10111010000001100111,0.0,10111010000001100111
16,0.0,10111010000001100111,0.0,10111010000001100111
16,0.0,10111010000001100111,0.0,10111010000001100111
16,0.0,10111010000001100111,0.0,10111010000001100111
16,0.0,10111010000001100111,0.0,10111010000001100111
16,0.0,10111010000001100111,0.0,10111010000001100111
16,0.0,10111010000001100111,0.0,10111010000001100111
16,0.0,10111010000001100111,0.0,10111010000001100111
16,0.0,10111010000001100111,0.0,10111010000001100111
16,0.0,10111010000001100111,0.0,10111010000001100111
16,0.0,10111010000001100111,0.0,10111010000001100111
16,0.0,10111010000001100111,0.0,10111010000001100111
16,0.0,10111010000001100111,0.0,10111010000001100111
16,0.0,10111010000001100111,0.0,10111010000001100111
16,0.0,10111010000001100111,0.0,10111010000001100111
16,0.0,10111010000001100111,0.0,10111010000001100111
16,0.0,10111010000001100111,0.0,10111010000001100111
16,0.0,10111010000001100111,0.0,10111010000001100111
16,0.0,10111010000001100111,0.0,10111010000001100111
16,0.0,10111010000001100111,0.0,10111010000001100111
16,0.0,10111010000001100111,0.0,10111010000001100111
16,0.0,10111010000001100111,0.0,10111010000001100111
16,0.0,10111010000001100111,0.0,10111010000001100111
16,0.0,10111010000001100111,0.0,10111010000001100111
17,802.0,00010111100110010100,802.0,00010111100110010100
17,802.0,00010111100110010100,264.0,00110101100110010110
17,264.0,00110101100110010110,264.0,00110101100110010110
17,264.0,00110101100110010110,264.0,00110101100110010110
17,264.0,00110101100110010110,12.0,00111101101100010000
17,12.0,00111101101100010000,12.0,00111101101100010000
17,12.0,00111101101100010000,12.0,00111101101100010000
17,12.0,00111101101100010000,12.0,00111101101100010000
17,12.0,00111101101100010000,12.0,00111101101100010000
17,12.0,00111101101100010000,12.0,00111101101100010000
17,12.0,00111101101100010000,12.0,00111101101100010000
17,12.0,00111101101100010000,12.0,00111101101100010000
17,12.0,00111101101100010000,12.0,00111101101100010000
17,12.0,00111101101100010000,12.0,00111101101100010000
17,12.0,00111101101100010000,12.0,00111101101100010000
17,12.0,00111101101100010000,12.0,00111101101100010000
17,12.0,00111101101100010000,12.0,00111101101100010000
17,12.0,00111101101100010000,12.0,00111101101100010000
17,12.0,00111101101100010000,12.0,00111101101100010000
17,12.0,00111101101100010000,12.0,00111101101100010000
17,12.0,00111101101100010000,12.0,00111101101100010000
17,12.0,00111101101100010000,12.0,00111101101100010000
17,12.0,00111101101100010000,12.0,00111101101100010000
18,554.0,11011001011000110001,554.0,11011001011000110001
18,554.0,11011001011000110001,92.0,11001111011000110000
18,92.0,11001111011000110000,66.0,10001011011001010010
18,66.0,10001011011001010010,42.0,10011010011001010010
18,42.0,10011010011001010010,42.0,10011010011001010010
18,42.0,10011010011001010010,28.0,00011010011011110001
18,28.0,00011010011011110001,28.0,00011010011011110001
18,28.0,00011010011011110001,28.0,00011010011011110001
18,28.0,00011010011011110001,28.0,00011010011011110001
18,28.0,00011010011011110001,28.0,00011010011011110001
18,28.0,00011010011011110001,28.0,00011010011011110001
18,28.0,00011010011011110001,4.0,10011110010111010011
18,4.0,10011110010111010011,4.0,10011110010111010011
18,4.0,10011110010111010011,4.0,10011110010111010011
18,4.0,10011110010111010011,4.0,10011110010111010011
18,4.0,10011110010111010011,4.0,10011110010111010011
18,4.0,10011110010111010011,4.0,10011110010111010011
18,4.0,10011110010111010011,4.0,10011110010111010011
18,4.0,10011110010111010011,4.0,10011110010111010011
18,4.0,10011110010111010011,4.0,10011110010111010011
18,4.0,10011110010111010011,4.0,10011110010111010011
18,4.0,10011110010111010011,4.0,10011110010111010011
18,4.0,10011110010111010011,4.0,10011110010111010011
18,4.0,10011110010111010011,4.0,10011110010111010011
18,4.0,10011110010111010011,4.0,10011110010111010011
18,4.0,10011110010111010011,4.0,10011110010111010011
18,4.0,10011110010111010011,4.0,10011110010111010011
18,4.0,10011110010111010011,4.0,10011110010111010011
18,4.0,10011110010111010011,4.0,10011110010111010011
18,4.0,10011110010111010011,4.0,10011110010111010011
18,4.0,10011110010111010011,4.0,10011110010111010011
18,4.0,10011110010111010011,4.0,10011110010111010011
18,4.0,10011110010111010011,4.0,10011110010111010011
18,4.0,10011110010111010011,4.0,10011110010111010011
18,4.0,10011110010111010011,4.0,10011110010111010011
18,4.0,10011110010111010011,4.0,10011110010111010011
18,4.0,10011110010111010011,4.0,10011110010111010011
18,4.0,10011110010111010011,4.0,10011110010111010011
18,4.0,10011110010111010011,4.0,10011110010111010011
18,4.0,10011110010111010011,4.0,10011110010111010011
18,4.0,10011110010111010011,4.0,10011110010111010011
18,4.0,10011110010111010011,4.0,10011110010111010011
18,4.0,10011110010111010011,4.0,10011110010111010011
18,4.0,10011110010111010011,4.0,10011110010111010011
18,4.0,10011110010111010011,4.0,10011110010111010011
18,4.0,10011110010111010011,4.0,10011110010111010011
18,4.0,10011110010111010011,4.0,10011110010111010011
18,4.0,10011110010111010011,4.0,10011110010111010011
18,4.0,10011110010111010011,4.0,10011110010111010011
18,4.0,10011110010111010011,4.0,10011110010111010011
18,4.0,10011110010111010011,4.0,10011110010111010011
18,4.0,10011110010111010011,4.0,10011110010111010011
18,4.0,10011110010111010011,4.0,10011110010111010011
18,4.0,10011110010111010011,4.0,10011110010111010011
19,3646.0,00010101001111010000,580.0,01111001001110000001
19,580.0,01111001001110000001,52.0,01001111001110001011
19,52.0,01001111001110001011,24.0,01001011001110101000
19,24.0,01001011001110101000,24.0,01001011001110101000
19,24.0,01001011001110101000,18.0,01001110101101101000
19,18.0,01001110101101101000,18.0,01001110101101101000
19,18.0,01001110101101101000,18.0,01001110101101101000
19,18.0,01001110101101101000,18.0,01001110101101101000
19,18.0,01001110101101101000,18.0,01001110101101101000
19,18.0,01001110101101101000,18.0,01001110101101101000
19,18.0,01001110101101101000,18.0,01001110101101101000
19,18.0,01001110101101101000,18.0,01001110101101101000
19,18.0,01001110101101101000,18.0,01001110101101101000
19,18.0,01001110101101101000,18.0,01001110101101101000
19,18.0,01001110101101101000,18.0,01001110101101101000
19,18.0,01001110101101101000,18.0,01001110101101101000
19,18.0,01001110101101101000,18.0,01001110101101101000
19,18.0,01001110101101101000,18.0,01001110101101101000
19,18.0,01001110101101101000,18.0,01001110101101101000
19,18.0,01001110101101101000,18.0,01001110101101101000
19,18.0,01001110101101101000,18.0,01001110101101101000
19,18.0,01001110101101101000,18.0,01001110101101101000
19,18.0,01001110101101101000,18.0,01001110101101101000
20,228.0,10011010010111000111,4.0,01010010010111000111
20,4.0,01010010010111000111,4.0,01010010010111000111
20,4.0,01010010010111000111,4.0,01010010010111000111
20,4.0,01010010010111000111,4.0,01010010010111000111
20,4.0,01010010010111000111,2.0,01011110010101001011
20,2.0,01011110010101001011,2.0,01011110010101001011
20,2.0,01011110010101001011,2.0,01011110010101001011
20,2.0,01011110010101001011,2.0,01011110010101001011
20,2.0,01011110010101001011,2.0,01011110010101001011
20,2.0,01011110010101001011,2.0,01011110010101001011
20,2.0,01011110010101001011,2.0,01011110010101001011
20,2.0,01011110010101001011,2.0,01011110010101001011
20,2.0,01011110010101001011,2.0,01011110010101001011
20,2.0,01011110010101001011,2.0,01011110010101001011
20,2.0,01011110010101001011,2.0,01011110010101001011
20,2.0,01011110010101001011,2.0,01011110010101001011
20,2.0,01011110010101001011,2.0,01011110010101001011
20,2.0,01011110010101001011,2.0,01011110010101001011
20,2.0,01011110010101001011,2.0,01011110010101001011
20,2.0,01011110010101001011,2.0,01011110010101001011
20,2.0,01011110010101001011,2.0,01011110010101001011
20,2.0,01011110010101001011,2.0,01011110010101001011
20,2.0,01011110010101001011,2.0,01011110010101001011
20,2.0,01011110010101001011,2.0,01011110010101001011
20,2.0,01011110010101001011,2.0,01011110010101001011
20,2.0,01011110010101001011,2.0,01011110010101001011
20,2.0,01011110010101001011,2.0,01011110010101001011
20,2.0,01011110010101001011,2.0,01011110010101001011
20,2.0,01011110010101001011,2.0,01011110010101001011
20,2.0,01011110010101001011,2.0,01011110010101001011
20,2.0,01011110010101001011,2.0,01011110010101001011
20,2.0,01011110010101001011,2.0,01011110010101001011
20,2.0,01011110010101001011,2.0,01011110010101001011
20,2.0,01011110010101001011,2.0,01011110010101001011
20,2.0,01011110010101001011,2.0,01011110010101001011
20,2.0,01011110010101001011,2.0,01011110010101001011
20,2.0,01011110010101001011,2.0,01011110010101001011
20,2.0,01011110010101001011,2.0,01011110010101001011
20,2.0,01011110010101001011,2.0,01011110010101001011
20,2.0,01011110010101001011,2.0,01011110010101001011
20,2.0,01011110010101001011,2.0,01011110010101001011
20,2.0,01011110010101001011,2.0,01011110010101001011
20,2.0,01011110010101001011,2.0,01011110010101001011
20,2.0,01011110010101001011,2.0,01011110010101001011
20,2.0,01011110010101001011,2.0,01011110010101001011
20,2.0,01011110010101001011,2.0,01011110010101001011
21,4196.0,00111100101110101011,666.0,00111000111110101001
21,666.0,00111000111110101001,480.0,00111100011110101011
21,480.0,00111100011110101011,172.0,00111000111010111001
21,172.0,00111000111010111001,74.0,10110000011000111011
21,74.0,10110000011000111011,32.0,10111000011110110001
21,32.0,10111000011110110001,32.0,10111000011110110001
21,32.0,10111000011110110001,32.0,10111000011110110001
21,32.0,10111000011110110001,32.0,10111000011110110001
21,32.0,10111000011110110001,14.0,00111000001110101101
21,14.0,00111000001110101101,14.0,00111000001110101101
21,14.0,00111000001110101101,14.0,00111000001110101101
21,14.0,00111000001110101101,14.0,00111000001110101101
21,14.0,00111000001110101101,14.0,00111000001110101101
21,14.0,00111000001110101101,14.0,00111000001110101101
21,14.0,00111000001110101101,14.0,00111000001110101101
21,14.0,00111000001110101101,14.0,00111000001110101101
21,14.0,00111000001110101101,4.0,00111000011110011011
21,4.0,00111000011110011011,4.0,00111000011110011011
21,4.0,00111000011110011011,4.0,00111000011110011011
21,4.0,00111000011110011011,4.0,00111000011110011011
21,4.0,00111000011110011011,4.0,00111000011110011011
21,4.0,00111000011110011011,4.0,00111000011110011011
21,4.0,00111000011110011011,4.0,00111000011110011011
21,4.0,00111000011110011011,4.0,00111000011110011011
21,4.0,00111000011110011011,4.0,00111000011110011011
21,4.0,00111000011110011011,4.0,00111000011110011011
21,4.0,00111000011110011011,4.0,00111000011110011011
21,4.0,00111000011110011011,4.0,00111000011110011011
21,4.0,00111000011110011011,4.0,00111000011110011011
21,4.0,00111000011110011011,4.0,00111000011110011011
21,4.0,00111000011110011011,4.0,00111000011110011011
21,4.0,00111000011110011011,4.0,00111000011110011011
21,4.0,00111000011110011011,4.0,00111000011110011011
21,4.0,00111000011110011011,4.0,00111000011110011011
21,4.0,00111000011110011011,4.0,00111000011110011011
21,4.0,00111000011110011011,4.0,00111000011110011011
21,4.0,00111000011110011011,4.0,00111000011110011011
21,4.0,00111000011110011011,4.0,00111000011110011011
21,4.0,00111000011110011011,4.0,00111000011110011011
21,4.0,00111000011110011011,4.0,00111000011110011011
21,4.0,00111000011110011011,4.0,00111000011110011011
21,4.0,00111000011110011011,4.0,00111000011110011011
21,4.0,00111000011110011011,4.0,00111000011110011011
21,4.0,00111000011110011011,4.0,00111000011110011011
21,4.0,00111000011110011011,4.0,00111000011110011011
21,4.0,00111000011110011011,4.0,00111000011110011011
21,4.0,00111000011110011011,4.0,00111000011110011011
21,4.0,00111000011110011011,4.0,00111000011110011011
21,4.0,00111000011110011011,4.0,00111000011110011011
22,468.0,01001111110110010111,448.0,01010011010110000100
22,448.0,01010011010110000100,32.0,11010001010110100110
22,32.0,11010001010110100110,30.0,11010101010011100010
22,30.0,11010101010011100010,30.0,11010101010011100010
22,30.0,11010101010011100010,30.0,11010101010011100010
22,30.0,11010101010011100010,30.0,11010101010011100010
22,30.0,11010101010011100010,30.0,11010101010011100010
22,30.0,11010101010011100010,30.0,11010101010011100010
22,30.0,11010101010011100010,30.0,11010101010011100010
22,30.0,11010101010011100010,30.0,11010101010011100010
22,30.0,11010101010011100010,8.0,11010101000001101001
22,8.0,11010101000001101001,8.0,11010101000001101001
22,8.0,11010101000001101001,8.0,11010101000001101001
22,8.0,11010101000001101001,8.0,11010101000001101001
22,8.0,11010101000001101001,8.0,11010101000001101001
22,8.0,11010101000001101001,8.0,11010101000001101001
22,8.0,11010101000001101001,8.0,11010101000001101001
22,8.0,11010101000001101001,8.0,11010101000001101001
22,8.0,11010101000001101001,8.0,11010101000001101001
22,8.0,11010101000001101001,8.0,11010101000001101001
22,8.0,11010101000001101001,8.0,11010101000001101001
22,8.0,11010101000001101001,8.0,11010101000001101001
22,8.0,11010101000001101001,8.0,11010101000001101001
22,8.0,11010101000001101001,8.0,11010101000001101001
22,8.0,11010101000001101001,8.0,11010101000001101001
22,8.0,11010101000001101001,8.0,11010101000001101001
22,8.0,11010101000001101001,8.0,11010101000001101001
22,8.0,11010101000001101001,8.0,11010101000001101001
22,8.0,11010101000001101001,8.0,11010101000001101001
22,8.0,11010101000001101001,8.0,11010101000001101001
22,8.0,11010101000001101001,8.0,11010101000001101001
22,8.0,11010101000001101001,8.0,11010101000001101001
22,8.0,11010101000001101001,8.0,11010101000001101001
22,8.0,11010101000001101001,8.0,11010101000001101001
23,72.0,00110010001011100001,72.0,00110010001011100001
23,72.0,00110010001011100001,72.0,00110010001011100001
23,72.0,00110010001011100001,72.0,00110010001011100001
23,72.0,00110010001011100001,72.0,00110010001011100001
23,72.0,00110010001011100001,52.0,01110010000011001000
23,52.0,01110010000011001000,2.0,10110010001001000010
23,2.0,10110010001001000010,2.0,10110010001001000010
23,2.0,10110010001001000010,2.0,10110010001001000010
23,2.0,10110010001001000010,2.0,10110010001001000010
23,2.0,10110010001001000010,2.0,10110010001001000010
23,2.0,10110010001001000010,2.0,10110010001001000010
23,2.0,10110010001001000010,2.0,10110010001001000010
23,2.0,10110010001001000010,2.0,10110010001001000010
23,2.0,10110010001001000010,2.0,10110010001001000010
23,2.0,10110010001001000010,2.0,10110010001001000010
23,2.0,10110010001001000010,2.0,10110010001001000010
23,2.0,10110010001001000010,2.0,10110010001001000010
23,2.0,10110010001001000010,2.0,10110010001001000010
23,2.0,10110010001001000010,2.0,10110010001001000010
23,2.0,10110010001001000010,2.0,10110010001001000010
23,2.0,10110010001001000010,2.0,10110010001001000010
23,2.0,10110010001001000010,0.0,10111010000001100111
23,0.0,10111010000001100111,0.0,10111010000001100111
23,0.0,10111010000001100111,0.0,10111010000001100111
23,0.0,10111010000001100111,0.0,10111010000001100111
23,0.0,10111010000001100111,0.0,10111010000001100111
23,0.0,10111010000001100111,0.0,10111010000001100111
23,0.0,10111010000001100111,0.0,10111010000001100111
23,0.0,10111010000001100111,0.0,10111010000001100111
23,0.0,10111010000001100111,0.0,10111010000001100111
23,0.0,10111010000001100111,0.0,10111010000001100111
23,0.0,10111010000001100111,0.0,10111010000001100111
23,0.0,10111010000001100111,0.0,10111010000001100111
23,0.0,10111010000001100111,0.0,10111010000001100111
23,0.0,10111010000001100111,0.0,10111010000001100111
23,0.0,10111010000001100111,0.0,10111010000001100111
23,0.0,10111010000001100111,0.0,10111010000001100111
23,0.0,10111010000001100111,0.0,10111010000001100111
23,0.0,10111010000001100111,0.0,10111010000001100111
23,0.0,10111010000001100111,0.0,10111010000001100111
23,0.0,10111010000001100111,0.0,10111010000001100111
23,0.0,10111010000001100111,0.0,10111010000001100111
23,0.0,10111010000001100111,0.0,10111010000001100111
23,0.0,10111010000001100111,0.0,10111010000001100111
23,0.0,10111010000001100111,0.0,10111010000001100111
23,0.0,10111010000001100111,0.0,10111010000001100111
23,0.0,10111010000001100111,0.0,10111010000001100111
23,0.0,10111010000001100111,0.0,10111010000001100111
23,0.0,10111010000001100111,0.0,10111010000001100111
23,0.0,10111010000001100111,0.0,10111010000001100111
23,0.0,10111010000001100111,0.0,10111010000001100111
23,0.0,10111010000001100111,0.0,10111010000001100111
23,0.0,10111010000001100111,0.0,10111010000001100111
23,0.0,10111010000001100111,0.0,10111010000001100111
23,0.0,10111010000001100111,0.0,10111010000001100111
23,0.0,10111010000001100111,0.0,10111010000001100111
23,0.0,10111010000001100111,0.0,10111010000001100111
23,0.0,10111010000001100111,0.0,10111010000001100111
24,330.0,01001110110001111101,226.0,01000010100101111110
24,226.0,01000010100101111110,50.0,11000110100110111101
24,50.0,11000110100110111101,50.0,11000110100110111101
24,50.0,11000110100110111101,30.0,11010010100110011001
24,30.0,11010010100110011001,30.0,11010010100110011001
24,30.0,11010010100110011001,20.0,11110010110010010001
24,20.0,11110010110010010001,20.0,11110010110010010001
24,20.0,11110010110010010001,16.0,11111100110010011001
24,16.0,11111100110010011001,16.0,11111100110010011001
24,16.0,11111100110010011001,16.0,11111100110010011001
24,16.0,11111100110010011001,6.0,11111100010000011100
24,6.0,11111100010000011100,2.0,11110010010000010100
24,2.0,11110010010000010100,2.0,11110010010000010100
24,2.0,11110010010000010100,2.0,11110010010000010100
24,2.0,11110010010000010100,2.0,11110010010000010100
24,2.0,11110010010000010100,2.0,11110010010000010100
24,2.0,11110010010000010100,2.0,11110010010000010100
24,2.0,11110010010000010100,2.0,11110010010000010100
24,2.0,11110010010000010100,2.0,11110010010000010100
24,2.0,11110010010000010100,2.0,11110010010000010100
24,2.0,11110010010000010100,2.0,11110010010000010100
24,2.0,11110010010000010100,2.0,11110010010000010100
24,2.0,11110010010000010100,2.0,11110010010000010100
24,2.0,11110010010000010100,2.0,11110010010000010100
24,2.0,11110010010000010100,2.0,11110010010000010100
24,2.0,11110010010000010100,2.0,11110010010000010100
24,2.0,11110010010000010100,2.0,11110010010000010100
24,2.0,11110010010000010100,2.0,11110010010000010100
24,2.0,11110010010000010100,2.0,11110010010000010100
24,2.0,11110010010000010100,2.0,11110010010000010100
24,2.0,11110010010000010100,2.0,11110010010000010100
24,2.0,11110010010000010100,2.0,11110010010000010100
24,2.0,11110010010000010100,2.0,11110010010000010100
24,2.0,11110010010000010100,2.0,11110010010000010100
24,2.0,11110010010000010100,2.0,11110010010000010100
24,2.0,11110010010000010100,2.0,11110010010000010100
24,2.0,11110010010000010100,2.0,11110010010000010100
24,2.0,11110010010000010100,2.0,11110010010000010100
24,2.0,11110010010000010100,2.0,11110010010000010100
24,2.0,11110010010000010100,2.0,11110010010000010100
24,2.0,11110010010000010100,2.0,11110010010000010100
24,2.0,11110010010000010100,2.0,11110010010000010100
24,2.0,11110010010000010100,2.0,11110010010000010100
24,2.0,11110010010000010100,2.0,11110010010000010100
24,2.0,11110010010000010100,2.0,11110010010000010100
24,2.0,11110010010000010100,2.0,11110010010000010100
24,2.0,11110010010000010100,2.0,11110010010000010100
24,2.0,11110010010000010100,2.0,11110010010000010100
25,84.0,00000111001110110110,84.0,00000111001110110110
25,84.0,00000111001110110110,40.0,00001111100110111101
25,40.0,00001111100110111101,10.0,00010111100010111010
25,10.0,00010111100010111010,10.0,00010111100010111010
25,10.0,00010111100010111010,10.0,00010111100010111010
25,10.0,00010111100010111010,10.0,00010111100010111010
25,10.0,00010111100010111010,10.0,00010111100010111010
25,10.0,00010111100010111010,10.0,00010111100010111010
25,10.0,00010111100010111010,10.0,00010111100010111010
25,10.0,00010111100010111010,10.0,00010111100010111010
25,10.0,00010111100010111010,10.0,00010111100010111010
25,10.0,00010111100010111010,10.0,00010111100010111010
25,10.0,00010111100010111010,10.0,00010111100010111010
25,10.0,00010111100010111010,10.0,00010111100010111010
25,10.0,00010111100010111010,0.0,00011111001000101011
25,0.0,00011111001000101011,0.0,00011111001000101011
25,0.0,00011111001000101011,0.0,00011111001000101011
25,0.0,00011111001000101011,0.0,00011111001000101011
25,0.0,00011111001000101011,0.0,00011111001000101011
25,0.0,00011111001000101011,0.0,00011111001000101011
25,0.0,00011111001000101011,0.0,00011111001000101011
25,0.0,00011111001000101011,0.0,00011111001000101011
25,0.0,00011111001000101011,0.0,00011111001000101011
25,0.0,00011111001000101011,0.0,00011111001000101011
25,0.0,00011111001000101011,0.0,00011111001000101011
25,0.0,00011111001000101011,0.0,00011111001000101011
25,0.0,00011111001000101011,0.0,00011111001000101011
25,0.0,00011111001000101011,0.0,00011111001000101011
25,0.0,00011111001000101011,0.0,00011111001000101011
25,0.0,00011111001000101011,0.0,00011111001000101011
25,0.0,00011111001000101011,0.0,00011111001000101011
25,0.0,00011111001000101011,0.0,00011111001000101011
25,0.0,00011111001000101011,0.0,00011111001000101011
25,0.0,00011111001000101011,0.0,00011111001000101011
25,0.0,00011111001000101011,0.0,00011111001000101011
25,0.0,00011111001000101011,0.0,00011111001000101011
25,0.0,00011111001000101011,0.0,00011111001000101011
25,0.0,00011111001000101011,0.0,00011111001000101011
25,0.0,00011111001000101011,0.0,00011111001000101011
25,0.0,00011111001000101011,0.0,00011111001000101011
25,0.0,00011111001000101011,0.0,00011111001000101011
25,0.0,00011111001000101011,0.0,00011111001000101011
25,0.0,00011111001000101011,0.0,00011111001000101011
25,0.0,00011111001000101011,0.0,00011111001000101011
25,0.0,00011111001000101011,0.0,00011111001000101011
25,0.0,00011111001000101011,0.0,00011111001000101011
25,0.0,00011111001000101011,0.0,00011111001000101011
25,0.0,00011111001000101011,0.0,00011111001000101011
25,0.0,00011111001000101011,0.0,00011111001000101011
25,0.0,00011111001000101011,0.0,00011111001000101011
25,0.0,00011111001000101011,0.0,00011111001000101011
25,0.0,00011111001000101011,0.0,00011111001000101011
25,0.0,00011111001000101011,0.0,00011111001000101011
26,734.0,01000110111110011011,376.0,01001110111100111011
26,376.0,01001110111100111011,324.0,01011010001100011011
26,324.0,01011010001100011011,288.0,01010111010100110000
26,288.0,01010111010100110000,120.0,01011110110100111001
26,120.0,01011110110100111001,82.0,00011011000100011100
26,82.0,00011011000100011100,82.0,00011011000100011100
26,82.0,00011011000100011100,82.0,00011011000100011100
26,82.0,00011011000100011100,82.0,00011011000100011100
26,82.0,00011011000100011100,18.0,10011111000100010101
26,18.0,10011111000100010101,18.0,10011111000100010101
26,18.0,10011111000100010101,18.0,10011111000100010101
26,18.0,10011111000100010101,18.0,10011111000100010101
26,18.0,10011111000100010101,14.0,10010111010110010001
26,14.0,10010111010110010001,14.0,10010111010110010001
26,14.0,10010111010110010001,14.0,10010111010110010001
26,14.0,10010111010110010001,14.0,10010111010110010001
26,14.0,10010111010110010001,14.0,10010111010110010001
26,14.0,10010111010110010001,14.0,10010111010110010001
26,14.0,10010111010110010001,4.0,10011110010111010011
26,4.0,10011110010111010011,4.0,10011110010111010011
26,4.0,10011110010111010011,4.0,10011110010111010011
26,4.0,10011110010111010011,4.0,10011110010111010011
26,4.0,10011110010111010011,4.0,10011110010111010011
26,4.0,10011110010111010011,4.0,10011110010111010011
26,4.0,10011110010111010011,4.0,10011110010111010011
26,4.0,10011110010111010011,4.0,10011110010111010011
26,4.0,10011110010111010011,4.0,10011110010111010011
26,4.0,10011110010111010011,4.0,10011110010111010011
26,4.0,10011110010111010011,4.0,10011110010111010011
26,4.0,10011110010111010011,4.0,10011110010111010011
26,4.0,10011110010111010011,4.0,10011110010111010011
26,4.0,10011110010111010011,4.0,10011110010111010011
26,4.0,10011110010111010011,4.0,10011110010111010011
26,4.0,10011110010111010011,4.0,10011110010111010011
26,4.0,10011110010111010011,4.0,10011110010111010011
26,4.0,10011110010111010011,4.0,10011110010111010011
26,4.0,10011110010111010011,4.0,10011110010111010011
26,4.0,10011110010111010011,4.0,10011110010111010011
26,4.0,10011110010111010011,4.0,10011110010111010011
26,4.0,10011110010111010011,4.0,10011110010111010011
26,4.0,10011110010111010011,4.0,10011110010111010011
26,4.0,10011110010111010011,4.0,10011110010111010011
26,4.0,10011110010111010011,4.0,10011110010111010011
26,4.0,10011110010111010011,4.0,10011110010111010011
26,4.0,10011110010111010011,4.0,10011110010111010011
26,4.0,10011110010111010011,4.0,10011110010111010011
26,4.0,10011110010111010011,4.0,10011110010111010011
26,4.0,10011110010111010011,4.0,10011110010111010011
26,4.0,10011110010111010011,4.0,10011110010111010011
26,4.0,10011110010111010011,4.0,10011110010111010011
26,4.0,10011110010111010011,4.0,10011110010111010011
26,4.0,10011110010111010011,4.0,10011110010111010011
26,4.0,10011110010111010011,4.0,10011110010111010011
27,1384.0,10011011010110010011,70.0,00111011110010010001
27,70.0,00111011110010010001,6.0,00100011110010111011
27,6.0,00100011110010111011,6.0,00100011110010111011
27,6.0,00100011110010111011,6.0,00100011110010111011
27,6.0,00100011110010111011,6.0,00100011110010111011
27,6.0,00100011110010111011,6.0,00100111110010001110
27,6.0,00100111110010001110,6.0,00100111110010001110
27,6.0,00100111110010001110,6.0,00100111110010001110
27,6.0,00100111110010001110,6.0,00100111110010001110
27,6.0,00100111110010001110,6.0,00100111110010001110
27,6.0,00100111110010001110,6.0,00100111110010001110
27,6.0,00100111110010001110,6.0,00100111110010001110
27,6.0,00100111110010001110,6.0,00100111110010001110
27,6.0,00100111110010001110,6.0,00100111110010001110
27,6.0,00100111110010001110,6.0,00100111110010001110
27,6.0,00100111110010001110,6.0,00100111110010001110
27,6.0,00100111110010001110,6.0,00100111110010001110
27,6.0,00100111110010001110,6.0,00100111110010001110
27,6.0,00100111110010001110,6.0,00100111110010001110
27,6.0,00100111110010001110,6.0,00100111110010001110
27,6.0,00100111110010001110,2.0,11000011110010001100
27,2.0,11000011110010001100,2.0,11000011110010001100
27,2.0,11000011110010001100,2.0,11000011110010001100
27,2.0,11000011110010001100,2.0,11000011110010001100
27,2.0,11000011110010001100,2.0,11000011110010001100
27,2.0,11000011110010001100,2.0,11000011110010001100
27,2.0,11000011110010001100,2.0,11000011110010001100
27,2.0,11000011110010001100,2.0,11000011110010001100
27,2.0,11000011110010001100,2.0,11000011110010001100
27,2.0,11000011110010001100,2.0,11000011110010001100
27,2.0,11000011110010001100,2.0,11000011110010001100
27,2.0,11000011110010001100,2.0,11000011110010001100
27,2.0,11000011110010001100,2.0,11000011110010001100
27,2.0,11000011110010001100,2.0,11000011110010001100
27,2.0,11000011110010001100,2.0,11000011110010001100
27,2.0,11000011110010001100,2.0,11000011110010001100
27,2.0,11000011110010001100,2.0,11000011110010001100
27,2.0,11000011110010001100,2.0,11000011110010001100
27,2.0,11000011110010001100,2.0,11000011110010001100
27,2.0,11000011110010001100,2.0,11000011110010001100
27,2.0,11000011110010001100,2.0,11000011110010001100
27,2.0,11000011110010001100,2.0,11000011110010001100
27,2.0,11000011110010001100,2.0,11000011110010001100
27,2.0,11000011110010001100,2.0,11000011110010001100
27,2.0,11000011110010001100,2.0,11000011110010001100
27,2.0,11000011110010001100,2.0,11000011110010001100
27,2.0,11000011110010001100,2.0,11000011110010001100
27,2.0,11000011110010001100,2.0,11000011110010001100
27,2.0,11000011110010001100,2.0,11000011110010001100
27,2.0,11000011110010001100,2.0,11000011110010001100
27,2.0,11000011110010001100,2.0,11000011110010001100
27,2.0,11000011110010001100,2.0,11000011110010001100
27,2.0,11000011110010001100,2.0,11000011110010001100
27,2.0,11000011110010001100,2.0,11000011110010001100
27,2.0,11000011110010001100,2.0,11000011110010001100
27,2.0,11000011110010001100,2.0,11000011110010001100
27,2.0,11000011110010001100,2.0,11000011110010001100
27,2.0,11000011110010001100,2.0,11000011110010001100
28,342.0,01101110100110101111,76.0,01110110100100101001
28,76.0,01110110100100101001,38.0,01110110110110100010
28,38.0,01110110110110100010,38.0,01110110110110100010
28,38.0,01110110110110100010,22.0,11111110110010100000
28,22.0,11111110110010100000,22.0,11111110110010100000
28,22.0,11111110110010100000,22.0,11110101100000110010
28,22.0,11110101100000110010,22.0,11110101100000110010
28,22.0,11110101100000110010,22.0,11110101100000110010
28,22.0,11110101100000110010,22.0,11110101100000110010
28,22.0,11110101100000110010,22.0,11110101100000110010
28,22.0,11110101100000110010,4.0,10101101101000111000
28,4.0,10101101101000111000,4.0,10101101101000111000
28,4.0,10101101101000111000,4.0,10101101101000111000
28,4.0,10101101101000111000,4.0,10101101101000111000
28,4.0,10101101101000111000,4.0,10101101101000111000
28,4.0,10101101101000111000,4.0,10101101101000111000
28,4.0,10101101101000111000,4.0,10101101101000111000
28,4.0,10101101101000111000,4.0,10101101101000111000
28,4.0,10101101101000111000,4.0,10101101101000111000
28,4.0,10101101101000111000,4.0,10101101101000111000
28,4.0,10101101101000111000,4.0,10101101101000111000
28,4.0,10101101101000111000,4.0,10101101101000111000
28,4.0,10101101101000111000,4.0,10101101101000111000
28,4.0,10101101101000111000,4.0,10101101101000111000
28,4.0,10101101101000111000,4.0,10101101101000111000
28,4.0,10101101101000111000,4.0,10101101101000111000
28,4.0,10101101101000111000,4.0,10101101101000111000
28,4.0,10101101101000111000,4.0,10101101101000111000
28,4.0,10101101101000111000,4.0,10101101101000111000
28,4.0,10101101101000111000,4.0,10101101101000111000
29,678.0,10011110011000011011,454.0,01010110011000011011
29,454.0,01010110011000011011,334.0,01111010011000010011
29,334.0,01111010011000010011,160.0,01111000011010011001
29,160.0,01111000011010011001,2.0,01010110011010101000
29,2.0,01010110011010101000,2.0,01010110011010101000
29,2.0,01010110011010101000,2.0,01010110011010101000
29,2.0,01010110011010101000,2.0,01010110011010101000
29,2.0,01010110011010101000,2.0,01010110011010101000
29,2.0,01010110011010101000,2.0,01010110011010101000
29,2.0,01010110011010101000,0.0,00011111001000101011
29,0.0,00011111001000101011,0.0,00011111001000101011
29,0.0,00011111001000101011,0.0,00011111001000101011
29,0.0,00011111001000101011,0.0,00011111001000101011
29,0.0,00011111001000101011,0.0,00011111001000101011
29,0.0,00011111001000101011,0.0,00011111001000101011
29,0.0,00011111001000101011,0.0,00011111001000101011
29,0.0,00011111001000101011,0.0,00011111001000101011
29,0.0,00011111001000101011,0.0,00011111001000101011
29,0.0,00011111001000101011,0.0,00011111001000101011
29,0.0,00011111001000101011,0.0,00011111001000101011
29,0.0,00011111001000101011,0.0,00011111001000101011
29,0.0,00011111001000101011,0.0,00011111001000101011
29,0.0,00011111001000101011,0.0,00011111001000101011
29,0.0,00011111001000101011,0.0,00011111001000101011
29,0.0,00011111001000101011,0.0,00011111001000101011
29,0.0,00011111001000101011,0.0,00011111001000101011
29,0.0,00011111001000101011,0.0,00011111001000101011
29,0.0,00011111001000101011,0.0,00011111001000101011
29,0.0,00011111001000101011,0.0,00011111001000101011
29,0.0,00011111001000101011,0.0,00011111001000101011
29,0.0,00011111001000101011,0.0,00011111001000101011
29,0.0,00011111001000101011,0.0,00011111001000101011
29,0.0,00011111001000101011,0.0,00011111001000101011
29,0.0,00011111001000101011,0.0,00011111001000101011
29,0.0,00011111001000101011,0.0,00011111001000101011
29,0.0,00011111001000101011,0.0,00011111001000101011
29,0.0,00011111001000101011,0.0,00011111001000101011
29,0.0,00011111001000101011,0.0,00011111001000101011
29,0.0,00011111001000101011,0.0,00011111001000101011
29,0.0,00011111001000101011,0.0,00011111001000101011
29,0.0,00011111001000101011,0.0,00011111001000101011
29,0.0,00011111001000101011,0.0,00011111001000101011
29,0.0,00011111001000101011,0.0,00011111001000101011
29,0.0,00011111001000101011,0.0,00011111001000101011
29,0.0,00011111001000101011,0.0,00011111001000101011
29,0.0,00011111001000101011,0.0,00011111001000101011
29,0.0,00011111001000101011,0.0,00011111001000101011
29,0.0,00011111001000101011,0.0,00011111001000101011
29,0.0,00011111001000101011,0.0,00011111001000101011
29,0.0,00011111001000101011,0.0,00011111001000101011
29,0.0,00011111001000101011,0.0,00011111001000101011
29,0.0,00011111001000101011,0.0,00011111001000101011
30,272.0,01101110111000011001,72.0,01101110101000111010
30,72.0,01101110101000111010,72.0,01101110101000111010
30,72.0,01101110101000111010,72.0,01101110101000111010
30,72.0,01101110101000111010,72.0,01101110101000111010
30,72.0,01101110101000111010,72.0,01101110101000111010
30,72.0,01101110101000111010,72.0,01101110101000111010
30,72.0,01101110101000111010,72.0,01101110101000111010
30,72.0,01101110101000111010,64.0,00100101101100111010
30,64.0,00100101101100111010,64.0,00100101101100111010
30,64.0,00100101101100111010,64.0,00100101101100111010
30,64.0,00100101101100111010,64.0,00100101101100111010
30,64.0,00100101101100111010,64.0,00100101101100111010
30,64.0,00100101101100111010,46.0,00111001100100111011
30,46.0,00111001100100111011,46.0,00111001100100111011
30,46.0,00111001100100111011,8.0,10100011101000110000
30,8.0,10100011101000110000,8.0,10100011101000110000
30,8.0,10100011101000110000,8.0,10100011101000110000
30,8.0,10100011101000110000,8.0,10100011101000110000
30,8.0,10100011101000110000,8.0,10100011101000110000
30,8.0,10100011101000110000,8.0,10100011101000110000
30,8.0,10100011101000110000,8.0,10100011101000110000
30,8.0,10100011101000110000,8.0,10100011101000110000
30,8.0,10100011101000110000,8.0,10100011101000110000
30,8.0,10100011101000110000,8.0,10100011101000110000
30,8.0,10100011101000110000,2.0,10100001101010110100
30,2.0,10100001101010110100,2.0,10100001101010110100
30,2.0,10100001101010110100,2.0,10100001101010110100
30,2.0,10100001101010110100,2.0,10100001101010110100
30,2.0,10100001101010110100,2.0,10100001101010110100
30,2.0,10100001101010110100,2.0,10100001101010110100
30,2.0,10100001101010110100,2.0,10100001101010110100
30,2.0,10100001101010110100,2.0,10100001101010110100
30,2.0,10100001101010110100,2.0,10100001101010110100
30,2.0,10100001101010110100,2.0,10100001101010110100
30,2.0,10100001101010110100,2.0,10100001101010110100
30,2.0,10100001101010110100,2.0,10100001101010110100
30,2.0,10100001101010110100,2.0,10100001101010110100
30,2.0,10100001101010110100,2.0,10100001101010110100
30,2.0,10100001101010110100,2.0,10100001101010110100
30,2.0,10100001101010110100,2.0,10100001101010110100
30,2.0,10100001101010110100,2.0,10100001101010110100
30,2.0,10100001101010110100,2.0,10100001101010110100
30,2.0,10100001101010110100,2.0,10100001101010110100
30,2.0,10100001101010110100,2.0,10100001101010110100
30,2.0,10100001101010110100,2.0,10100001101010110100
30,2.0,10100001101010110100,2.0,10100001101010110100
30,2.0,10100001101010110100,2.0,10100001101010110100
30,2.0,10100001101010110100,2.0,10100001101010110100
30,2.0,10100001101010110100,2.0,10100001101010110100
30,2.0,10100001101010110100,2.0,10100001101010110100
30,2.0,10100001101010110100,2.0,10100001101010110100
30,2.0,10100001101010110100,2.0,10100001101010110100
30,2.0,10100001101010110100,2.0,10100001101010110100
30,2.0,10100001101010110100,2.0,10100001101010110100
30,2.0,10100001101010110100,2.0,10100001101010110100
31,344.0,01100110101110001010,304.0,01001110001100111111
31,304.0,01001110001100111111,282.0,00011010001100011110
31,282.0,00011010001100011110,68.0,10000010101100111110
31,68.0,10000010101100111110,68.0,10000010101100111110
31,68.0,10000010101100111110,30.0,10001010001110111101
31,30.0,10001010001110111101,30.0,10001010001110111101
31,30.0,10001010001110111101,30.0,10001010001110111101
31,30.0,10001010001110111101,30.0,10001010001110111101
31,30.0,10001010001110111101,30.0,10001010001110111101
31,30.0,10001010001110111101,30.0,10001010001110111101
31,30.0,10001010001110111101,30.0,10001010001110111101
31,30.0,10001010001110111101,30.0,10001010001110111101
31,30.0,10001010001110111101,20.0,10010010001010111010
31,20.0,10010010001010111010,18.0,11010100001110011010
31,18.0,11010100001110011010,18.0,11010100001110011010
31,18.0,11010100001110011010,18.0,11010100001110011010
31,18.0,11010100001110011010,18.0,11010100001110011010
31,18.0,11010100001110011010,18.0,11010100001110011010
31,18.0,11010100001110011010,4.0,00111000011110011011
31,4.0,00111000011110011011,4.0,00111000011110011011
31,4.0,00111000011110011011,4.0,00111000011110011011
31,4.0,00111000011110011011,4.0,00111000011110011011
31,4.0,00111000011110011011,4.0,00111000011110011011
31,4.0,00111000011110011011,4.0,00111000011110011011
31,4.0,00111000011110011011,4.0,00111000011110011011
31,4.0,00111000011110011011,4.0,00111000011110011011
31,4.0,00111000011110011011,4.0,00111000011110011011
31,4.0,00111000011110011011,4.0,00111000011110011011
31,4.0,00111000011110011011,4.0,00111000011110011011
31,4.0,00111000011110011011,4.0,00111000011110011011
31,4.0,00111000011110011011,4.0,00111000011110011011
31,4.0,00111000011110011011,4.0,00111000011110011011
31,4.0,00111000011110011011,4.0,00111000011110011011
31,4.0,00111000011110011011,4.0,00111000011110011011
31,4.0,00111000011110011011,4.0,00111000011110011011
31,4.0,00111000011110011011,4.0,00111000011110011011
31,4.0,00111000011110011011,4.0,00111000011110011011
31,4.0,00111000011110011011,4.0,00111000011110011011
32,4558.0,11001100001101111011,2406.0,01101100101101101001
32,2406.0,01101100101101101001,594.0,01110110000100011011
32,594.0,01110110000100011011,496.0,00110110000110111011
32,496.0,00110110000110111011,10.0,00010111100010111010
32,10.0,00010111100010111010,10.0,00010111100010111010
32,10.0,00010111100010111010,10.0,00010111100010111010
32,10.0,00010111100010111010,10.0,00010111100010111010
32,10.0,00010111100010111010,10.0,00010111100010111010
32,10.0,00010111100010111010,10.0,00010111100010111010
32,10.0,00010111100010111010,10.0,00010111100010111010
32,10.0,00010111100010111010,10.0,00010111100010111010
32,10.0,00010111100010111010,10.0,00010111100010111010
32,10.0,00010111100010111010,10.0,00010111100010111010
32,10.0,00010111100010111010,10.0,00010111100010111010
32,10.0,00010111100010111010,10.0,00010111100010111010
32,10.0,00010111100010111010,10.0,00010111100010111010
32,10.0,00010111100010111010,10.0,00010111100010111010
32,10.0,00010111100010111010,10.0,00010111100010111010
32,10.0,00010111100010111010,10.0,00010111100010111010
32,10.0,00010111100010111010,10.0,00010111100010111010
32,10.0,00010111100010111010,10.0,00010111100010111010
32,10.0,00010111100010111010,0.0,00011111001000101011
32,0.0,00011111001000101011,0.0,00011111001000101011
32,0.0,00011111001000101011,0.0,00011111001000101011
32,0.0,00011111001000101011,0.0,00011111001000101011
32,0.0,00011111001000101011,0.0,00011111001000101011
32,0.0,00011111001000101011,0.0,00011111001000101011
32,0.0,00011111001000101011,0.0,00011111001000101011
32,0.0,00011111001000101011,0.0,00011111001000101011
32,0.0,00011111001000101011,0.0,00011111001000101011
32,0.0,00011111001000101011,0.0,00011111001000101011
32,0.0,00011111001000101011,0.0,00011111001000101011
32,0.0,00011111001000101011,0.0,00011111001000101011
32,0.0,00011111001000101011,0.0,00011111001000101011
32,0.0,00011111001000101011,0.0,00011111001000101011
32,0.0,00011111001000101011,0.0,00011111001000101011
32,0.0,00011111001000101011,0.0,00011111001000101011
32,0.0,00011111001000101011,0.0,00011111001000101011
32,0.0,00011111001000101011,0.0,00011111001000101011
32,0.0,00011111001000101011,0.0,00011111001000101011
32,0.0,00011111001000101011,0.0,00011111001000101011
32,0.0,00011111001000101011,0.0,00011111001000101011
32,0.0,00011111001000101011,0.0,00011111001000101011
32,0.0,00011111001000101011,0.0,00011111001000101011
32,0.0,00011111001000101011,0.0,00011111001000101011
32,0.0,00011111001000101011,0.0,00011111001000101011
32,0.0,00011111001000101011,0.0,00011111001000101011
32,0.0,00011111001000101011,0.0,00011111001000101011
32,0.0,00011111001000101011,0.0,00011111001000101011
32,0.0,00011111001000101011,0.0,00011111001000101011
32,0.0,00011111001000101011,0.0,00011111001000101011
32,0.0,00011111001000101011,0.0,00011111001000101011
32,0.0,00011111001000101011,0.0,00011111001000101011
32,0.0,00011111001000101011,0.0,00011111001000101011
32,0.0,00011111001000101011,0.0,00011111001000101011
32,0.0,00011111001000101011,0.0,00011111001000101011
32,0.0,00011111001000101011,0.0,00011111001000101011
32,0.0,00011111001000101011,0.0,00011111001000101011
32,0.0,00011111001000101011,0.0,00011111001000101011
32,0.0,00011111001000101011,0.0,00011111001000101011
32,0.0,00011111001000101011,0.0,00011111001000101011
32,0.0,00011111001000101011,0.0,00011111001000101011
32,0.0,00011111001000101011,0.0,00011111001000101011
32,0.0,00011111001000101011,0.0,00011111001000101011
32,0.0,00011111001000101011,0.0,00011111001000101011
32,0.0,00011111001000101011,0.0,00011111001000101011
32,0.0,00011111001000101011,0.0,00011111001000101011
32,0.0,00011111001000101011,0.0,00011111001000101011
32,0.0,00011111001000101011,0.0,00011111001000101011
33,102.0,00100011100110111000,10.0,00101011001010011001
33,10.0,00101011001010011001,10.0,00101011001010011001
33,10.0,00101011001010011001,10.0,00101011001010011001
33,10.0,00101011001010011001,10.0,00101011001010011001
33,10.0,00101011001010011001,10.0,00101011001010011001
33,10.0,00101011001010011001,10.0,00101011001010011001
33,10.0,00101011001010011001,10.0,00101011001010011001
33,10.0,00101011001010011001,10.0,00101011001010011001
33,10.0,00101011001010011001,6.0,10101011000110011000
33,6.0,10101011000110011000,6.0,10101011000110011000
33,6.0,10101011000110011000,6.0,10101011000110011000
33,6.0,10101011000110011000,6.0,10101011000110011000
33,6.0,10101011000110011000,6.0,10101011000110011000
33,6.0,10101011000110011000,6.0,10101011000110011000
33,6.0,10101011000110011000,6.0,10101011000110011000
33,6.0,10101011000110011000,6.0,10101011000110011000
33,6.0,10101011000110011000,6.0,10101011000110011000
33,6.0,10101011000110011000,6.0,10101011000110011000
33,6.0,10101011000110011000,6.0,10101011000110011000
33,6.0,10101011000110011000,6.0,10101011000110011000
33,6.0,10101011000110011000,6.0,10101011000110011000
33,6.0,10101011000110011000,6.0,10101011000110011000
33,6.0,10101011000110011000,6.0,10101011000110011000
33,6.0,10101011000110011000,6.0,10101011000110011000
33,6.0,10101011000110011000,6.0,10101011000110011000
33,6.0,10101011000110011000,6.0,10101011000110011000
33,6.0,10101011000110011000,6.0,10101011000110011000
33,6.0,10101011000110011000,6.0,10101011000110011000
33,6.0,10101011000110011000,6.0,10101011000110011000
33,6.0,10101011000110011000,6.0,10101011000110011000
33,6.0,10101011000110011000,6.0,10101011000110011000
33,6.0,10101011000110011000,6.0,10101011000110011000
33,6.0,10101011000110011000,6.0,10101011000110011000
33,6.0,10101011000110011000,6.0,10101011000110011000
33,6.0,10101011000110011000,6.0,10101011000110011000
34,1612.0,01100011111000100010,492.0,00101001111001110011
34,492.0,00101001111001110011,366.0,00110001111000110001
34,366.0,00110001111000110001,50.0,00111001011001000010
34,50.0,00111001011001000010,50.0,00111001011001000010
34,50.0,00111001011001000010,12.0,00110111100001000010
34,12.0,00110111100001000010,6.0,00100011100101001011
34,6.0,00100011100101001011,6.0,00100011100101001011
34,6.0,00100011100101001011,6.0,00100011100101001011
34,6.0,00100011100101001011,6.0,00100011100101001011
34,6.0,00100011100101001011,6.0,00100011100101001011
34,6.0,00100011100101001011,6.0,00100011100101001011
34,6.0,00100011100101001011,6.0,00100011100101001011
34,6.0,00100011100101001011,6.0,00100011100101001011
34,6.0,00100011100101001011,6.0,00100011100101001011
34,6.0,00100011100101001011,6.0,00100011100101001011
34,6.0,00100011100101001011,6.0,00100011100101001011
34,6.0,00100011100101001011,6.0,00100011100101001011
34,6.0,00100011100101001011,6.0,00100011100101001011
34,6.0,00100011100101001011,6.0,00100011100101001011
34,6.0,00100011100101001011,6.0,00100011100101001011
34,6.0,00100011100101001011,6.0,00100011100101001011
34,6.0,00100011100101001011,6.0,00100011100101001011
34,6.0,00100011100101001011,6.0,00100011100101001011
34,6.0,00100011100101001011,6.0,00100011100101001011
34,6.0,00100011100101001011,6.0,00100011100101001011
34,6.0,00100011100101001011,6.0,00100011100101001011
34,6.0,00100011100101001011,6.0,00100011100101001011
34,6.0,00100011100101001011,6.0,00100011100101001011
34,6.0,00100011100101001011,6.0,00100011100101001011
34,6.0,00100011100101001011,6.0,00100011100101001011
34,6.0,00100011100101001011,6.0,00100011100101001011
34,6.0,00100011100101001011,6.0,00100011100101001011
34,6.0,00100011100101001011,6.0,00100011100101001011
34,6.0,00100011100101001011,6.0,00100011100101001011
34,6.0,00100011100101001011,6.0,00100011100101001011
35,618.0,10010011100001010011,238.0,10111110100001010011
35,238.0,10111110100001010011,238.0,10111110100001010011
35,238.0,10111110100001010011,10.0,10101010101001110010
35,10.0,10101010101001110010,10.0,10101010101001110010
35,10.0,10101010101001110010,10.0,10101010101001110010
35,10.0,10101010101001110010,8.0,10100011101000110000
35,8.0,10100011101000110000,8.0,10100011101000110000
35,8.0,10100011101000110000,8.0,10100011101000110000
35,8.0,10100011101000110000,8.0,10100011101000110000
35,8.0,10100011101000110000,2.0,10100001101010110100
35,2.0,10100001101010110100,2.0,10100001101010110100
35,2.0,10100001101010110100,2.0,10100001101010110100
35,2.0,10100001101010110100,2.0,10100001101010110100
35,2.0,10100001101010110100,2.0,10100001101010110100
35,2.0,10100001101010110100,2.0,10100001101010110100
35,2.0,10100001101010110100,2.0,10100001101010110100
35,2.0,10100001101010110100,2.0,10100001101010110100
35,2.0,10100001101010110100,2.0,10100001101010110100
35,2.0,10100001101010110100,2.0,10100001101010110100
35,2.0,10100001101010110100,2.0,10100001101010110100
35,2.0,10100001101010110100,2.0,10100001101010110100
35,2.0,10100001101010110100,2.0,10100001101010110100
35,2.0,10100001101010110100,2.0,10100001101010110100
35,2.0,10100001101010110100,2.0,10100001101010110100
35,2.0,10100001101010110100,2.0,10100001101010110100
35,2.0,10100001101010110100,2.0,10100001101010110100
35,2.0,10100001101010110100,2.0,10100001101010110100
35,2.0,10100001101010110100,2.0,10100001101010110100
35,2.0,10100001101010110100,2.0,10100001101010110100
35,2.0,10100001101010110100,2.0,10100001101010110100
35,2.0,10100001101010110100,2.0,10100001101010110100
35,2.0,10100001101010110100,2.0,10100001101010110100
35,2.0,10100001101010110100,2.0,10100001101010110100
35,2.0,10100001101010110100,2.0,10100001101010110100
35,2.0,10100001101010110100,2.0,10100001101010110100
35,2.0,10100001101010110100,2.0,10100001101010110100
35,2.0,10100001101010110100,2.0,10100001101010110100
35,2.0,10100001101010110100,2.0,10100001101010110100
35,2.0,10100001101010110100,2.0,10100001101010110100
35,2.0,10100001101010110100,2.0,10100001101010110100
35,2.0,10100001101010110100,2.0,10100001101010110100
35,2.0,10100001101010110100,2.0,10100001101010110100
35,2.0,10100001101010110100,2.0,10100001101010110100
35,2.0,10100001101010110100,2.0,10100001101010110100
35,2.0,10100001101010110100,2.0,10100001101010110100
36,2344.0,11000101100011111010,292.0,00010101100011111010
36,292.0,00010101100011111010,22.0,00110001100011110011
36,22.0,00110001100011110011,22.0,00110001100011110011
36,22.0,00110001100011110011,10.0,00010001101011110000
36,10.0,00010001101011110000,10.0,00010001101011110000
36,10.0,00010001101011110000,10.0,00010001101011110000
36,10.0,00010001101011110000,10.0,00010001101011110000
36,10.0,00010001101011110000,10.0,00010001101011110000
36,10.0,00010001101011110000,10.0,00010001101011110000
36,10.0,00010001101011110000,10.0,00010001101011110000
36,10.0,00010001101011110000,10.0,00010001101011110000
36,10.0,00010001101011110000,10.0,00010001101011110000
36,10.0,00010001101011110000,10.0,00010001101011110000
36,10.0,00010001101011110000,10.0,00010001101011110000
36,10.0,00010001101011110000,10.0,00010001101011110000
36,10.0,00010001101011110000,10.0,00010001101011110000
36,10.0,00010001101011110000,10.0,00010001101011110000
36,10.0,00010001101011110000,10.0,00010001101011110000
36,10.0,00010001101011110000,10.0,00010001101011110000
36,10.0,00010001101011110000,10.0,00010001101011110000
36,10.0,00010001101011110000,10.0,00010001101011110000
36,10.0,00010001101011110000,10.0,00010001101011110000
36,10.0,00010001101011110000,10.0,00010001101011110000
36,10.0,00010001101011110000,10.0,00010001101011110000
36,10.0,00010001101011110000,10.0,00010001101011110000
36,10.0,00010001101011110000,10.0,00010001101011110000
36,10.0,00010001101011110000,10.0,00010001101011110000
36,10.0,00010001101011110000,10.0,00010001101011110000
36,10.0,00010001101011110000,10.0,00010001101011110000
36,10.0,00010001101011110000,10.0,00010001101011110000
36,10.0,00010001101011110000,10.0,00010001101011110000
36,10.0,00010001101011110000,10.0,00010001101011110000
36,10.0,00010001101011110000,10.0,00010001101011110000
36,10.0,00010001101011110000,10.0,00010001101011110000
36,10.0,00010001101011110000,10.0,00010001101011110000
36,10.0,00010001101011110000,10.0,00010001101011110000
36,10.0,00010001101011110000,10.0,00010001101011110000
36,10.0,00010001101011110000,10.0,00010001101011110000
36,10.0,00010001101011110000,10.0,00010001101011110000
36,10.0,00010001101011110000,10.0,00010001101011110000
36,10.0,00010001101011110000,10.0,00010001101011110000
36,10.0,00010001101011110000,10.0,00010001101011110000
36,10.0,00010001101011110000,10.0,00010001101011110000
37,506.0,00110001100001010110,506.0,00110001100001010110
37,506.0,00110001100001010110,506.0,00110001100001010110
37,506.0,00110001100001010110,162.0,10110001100001000101
37,162.0,10110001100001000101,162.0,10110001100001000101
37,162.0,10110001100001000101,162.0,10110001100001000101
37,162.0,10110001100001000101,94.0,10100001101001000111
37,94.0,10100001101001000111,94.0,10100001101001000111
37,94.0,10100001101001000111,94.0,10100001101001000111
37,94.0,10100001101001000111,94.0,10100001101001000111
37,94.0,10100001101001000111,94.0,10100001101001000111
37,94.0,10100001101001000111,48.0,10001111001001000111
37,48.0,10001111001001000111,24.0,10011101001101000011
37,24.0,10011101001101000011,24.0,10011101001101000011
37,24.0,10011101001101000011,16.0,10010110001111000000
37,16.0,10010110001111000000,2.0,10110010001001000010
37,2.0,10110010001001000010,2.0,10110010001001000010
37,2.0,10110010001001000010,2.0,10110010001001000010
37,2.0,10110010001001000010,2.0,10110010001001000010
37,2.0,10110010001001000010,2.0,10110010001001000010
37,2.0,10110010001001000010,2.0,10110010001001000010
37,2.0,10110010001001000010,2.0,10110010001001000010
37,2.0,10110010001001000010,2.0,10110010001001000010
37,2.0,10110010001001000010,2.0,10110010001001000010
37,2.0,10110010001001000010,2.0,10110010001001000010
37,2.0,10110010001001000010,2.0,10110010001001000010
37,2.0,10110010001001000010,2.0,10110010001001000010
37,2.0,10110010001001000010,2.0,10110010001001000010
37,2.0,10110010001001000010,2.0,10110010001001000010
37,2.0,10110010001001000010,2.0,10110010001001000010
37,2.0,10110010001001000010,2.0,10110010001001000010
37,2.0,10110010001001000010,2.0,10110010001001000010
37,2.0,10110010001001000010,2.0,10110010001001000010
37,2.0,10110010001001000010,2.0,10110010001001000010
37,2.0,10110010001001000010,2.0,10110010001001000010
37,2.0,10110010001001000010,2.0,10110010001001000010
37,2.0,10110010001001000010,2.0,10110010001001000010
37,2.0,10110010001001000010,2.0,10110010001001000010
37,2.0,10110010001001000010,2.0,10110010001001000010
37,2.0,10110010001001000010,2.0,10110010001001000010
37,2.0,10110010001001000010,2.0,10110010001001000010
37,2.0,10110010001001000010,0.0,10111010000001100111
37,0.0,10111010000001100111,0.0,10111010000001100111
37,0.0,10111010000001100111,0.0,10111010000001100111
37,0.0,10111010000001100111,0.0,10111010000001100111
37,0.0,10111010000001100111,0.0,10111010000001100111
37,0.0,10111010000001100111,0.0,10111010000001100111
37,0.0,10111010000001100111,0.0,10111010000001100111
37,0.0,10111010000001100111,0.0,10111010000001100111
37,0.0,10111010000001100111,0.0,10111010000001100111
37,0.0,10111010000001100111,0.0,10111010000001100111
37,0.0,10111010000001100111,0.0,10111010000001100111
37,0.0,10111010000001100111,0.0,10111010000001100111
37,0.0,10111010000001100111,0.0,10111010000001100111
37,0.0,10111010000001100111,0.0,10111010000001100111
37,0.0,10111010000001100111,0.0,10111010000001100111
37,0.0,10111010000001100111,0.0,10111010000001100111
37,0.0,10111010000001100111,0.0,10111010000001100111
37,0.0,10111010000001100111,0.0,10111010000001100111
37,0.0,10111010000001100111,0.0,10111010000001100111
37,0.0,10111010000001100111,0.0,10111010000001100111
37,0.0,10111010000001100111,0.0,10111010000001100111
37,0.0,10111010000001100111,0.0,10111010000001100111
37,0.0,10111010000001100111,0.0,10111010000001100111
37,0.0,10111010000001100111,0.0,10111010000001100111
37,0.0,10111010000001100111,0.0,10111010000001100111
37,0.0,10111010000001100111,0.0,10111010000001100111
37,0.0,10111010000001100111,0.0,10111010000001100111
37,0.0,10111010000001100111,0.0,10111010000001100111
37,0.0,10111010000001100111,0.0,10111010000001100111
37,0.0,10111010000001100111,0.0,10111010000001100111
37,0.0,10111010000001100111,0.0,10111010000001100111
37,0.0,10111010000001100111,0.0,10111010000001100111
37,0.0,10111010000001100111,0.0,10111010000001100111
37,0.0,10111010000001100111,0.0,10111010000001100111
37,0.0,10111010000001100111,0.0,10111010000001100111
37,0.0,10111010000001100111,0.0,10111010000001100111
37,0.0,10111010000001100111,0.0,10111010000001100111
37,0.0,10111010000001100111,0.0,10111010000001100111
37,0.0,10111010000001100111,0.0,10111010000001100111
37,0.0,10111010000001100111,0.0,10111010000001100111
37,0.0,10111010000001100111,0.0,10111010000001100111
37,0.0,10111010000001100111,0.0,10111010000001100111
37,0.0,10111010000001100111,0.0,10111010000001100111
38,38.0,10001001001001011101,38.0,10001001001001011101
38,38.0,10001001001001011101,38.0,10001001001001011101
38,38.0,10001001001001011101,38.0,10001001001001011101
38,38.0,10001001001001011101,38.0,10001001001001011101
38,38.0,10001001001001011101,22.0,00000001001101011111
38,22.0,00000001001101011111,22.0,00000001001101011111
38,22.0,00000001001101011111,16.0,00000001101111001100
38,16.0,00000001101111001100,2.0,00001101101111101011
38,2.0,00001101101111101011,2.0,00001101101111101011
38,2.0,00001101101111101011,2.0,00001101101111101011
38,2.0,00001101101111101011,2.0,00001101101111101011
38,2.0,00001101101111101011,2.0,00001101101111101011
38,2.0,00001101101111101011,2.0,00001101101111101011
38,2.0,00001101101111101011,2.0,00001101101111101011
38,2.0,00001101101111101011,2.0,00001101101111101011
38,2.0,00001101101111101011,2.0,00001101101111101011
38,2.0,00001101101111101011,2.0,00001101101111101011
38,2.0,00001101101111101011,2.0,00001101101111101011
38,2.0,00001101101111101011,2.0,00001101101111101011
38,2.0,00001101101111101011,2.0,00001101101111101011
38,2.0,00001101101111101011,2.0,00001101101111101011
38,2.0,00001101101111101011,2.0,00001101101111101011
38,2.0,00001101101111101011,2.0,00001101101111101011
38,2.0,00001101101111101011,2.0,00001101101111101011
38,2.0,00001101101111101011,2.0,00001101101111101011
38,2.0,00001101101111101011,2.0,00001101101111101011
38,2.0,00001101101111101011,2.0,00001101101111101011
38,2.0,00001101101111101011,2.0,00001101101111101011
38,2.0,00001101101111101011,2.0,00001101101111101011
38,2.0,00001101101111101011,2.0,00001101101111101011
38,2.0,00001101101111101011,2.0,00001101101111101011
38,2.0,00001101101111101011,2.0,00001101101111101011
38,2.0,00001101101111101011,2.0,00001101101111101011
38,2.0,00001101101111101011,2.0,00001101101111101011
38,2.0,00001101101111101011,2.0,00001101101111101011
38,2.0,00001101101111101011,2.0,00001101101111101011
38,2.0,00001101101111101011,2.0,00001101101111101011
38,2.0,00001101101111101011,2.0,00001101101111101011
38,2.0,00001101101111101011,2.0,00001101101111101011
38,2.0,00001101101111101011,2.0,00001101101111101011
38,2.0,00001101101111101011,2.0,00001101101111101011
38,2.0,00001101101111101011,2.0,00001101101111101011
38,2.0,00001101101111101011,2.0,00001101101111101011
38,2.0,00001101101111101011,2.0,00001101101111101011
38,2.0,00001101101111101011,2.0,00001101101111101011
38,2.0,00001101101111101011,2.0,00001101101111101011
38,2.0,00001101101111101011,2.0,00001101101111101011
38,2.0,00001101101111101011,2.0,00001101101111101011
39,3282.0,01100000001011011100,2122.0,11100000101010011110
39,2122.0,11100000101010011110,330.0,11100000100011011110
39,330.0,11100000100011011110,190.0,11100000111010111001
39,190.0,11100000111010111001,190.0,11100000111010111001
39,190.0,11100000111010111001,190.0,11100000111010111001
39,190.0,11100000111010111001,82.0,10101100111000111110
39,82.0,10101100111000111110,82.0,10101100111000111110
39,82.0,10101100111000111110,82.0,10101100111000111110
39,82.0,10101100111000111110,26.0,11000000111100111110
39,26.0,11000000111100111110,26.0,11000000111100111110
39,26.0,11000000111100111110,26.0,11000000111100111110
39,26.0,11000000111100111110,26.0,11000000111100111110
39,26.0,11000000111100111110,8.0,00011000111100111110
39,8.0,00011000111100111110,8.0,00011000111100111110
39,8.0,00011000111100111110,8.0,00011000111100111110
39,8.0,00011000111100111110,8.0,00011000111100111110
39,8.0,00011000111100111110,8.0,00011000111100111110
39,8.0,00011000111100111110,8.0,00011000111100111110
39,8.0,00011000111100111110,8.0,00011000111100111110
39,8.0,00011000111100111110,8.0,00011000111100111110
39,8.0,00011000111100111110,8.0,00011000111100111110
39,8.0,00011000111100111110,8.0,00011000111100111110
39,8.0,00011000111100111110,8.0,00011000111100111110
39,8.0,00011000111100111110,8.0,00011000111100111110
39,8.0,00011000111100111110,8.0,00011000111100111110
39,8.0,00011000111100111110,8.0,00011000111100111110
39,8.0,00011000111100111110,8.0,00011000111100111110
39,8.0,00011000111100111110,8.0,00011000111100111110
39,8.0,00011000111100111110,8.0,00011000111100111110
39,8.0,00011000111100111110,8.0,00011000111100111110
39,8.0,00011000111100111110,8.0,00011000111100111110
39,8.0,00011000111100111110,8.0,00011000111100111110
39,8.0,00011000111100111110,8.0,00011000111100111110
39,8.0,00011000111100111110,8.0,00011000111100111110
39,8.0,00011000111100111110,8.0,00011000111100111110
39,8.0,00011000111100111110,8.0,00011000111100111110
39,8.0,00011000111100111110,8.0,00011000111100111110
39,8.0,00011000111100111110,8.0,00011000111100111110
40,552.0,00110101011010010011,258.0,10111001011000010001
40,258.0,10111001011000010001,258.0,10111001011000010001
40,258.0,10111001011000010001,50.0,10010001011010010100
40,50.0,10010001011010010100,50.0,10010001011010010100
40,50.0,10010001011010010100,50.0,10010001011010010100
40,50.0,10010001011010010100,50.0,10010001011010010100
40,50.0,10010001011010010100,40.0,10011001101010010101
40,40.0,10011001101010010101,26.0,10100101101010010111
40,26.0,10100101101010010111,26.0,10100101101010010111
40,26.0,10100101101010010111,26.0,10100101101010010111
40,26.0,10100101101010010111,8.0,10100011101000110000
40,8.0,10100011101000110000,8.0,10100011101000110000
40,8.0,10100011101000110000,8.0,10100011101000110000
40,8.0,10100011101000110000,8.0,10100011101000110000
40,8.0,10100011101000110000,8.0,10100011101000110000
40,8.0,10100011101000110000,8.0,10100011101000110000
40,8.0,10100011101000110000,8.0,10100011101000110000
40,8.0,10100011101000110000,8.0,10100011101000110000
40,8.0,10100011101000110000,2.0,10100001101010110100
40,2.0,10100001101010110100,2.0,10100001101010110100
40,2.0,10100001101010110100,2.0,10100001101010110100
40,2.0,10100001101010110100,2.0,10100001101010110100
40,2.0,10100001101010110100,2.0,10100001101010110100
40,2.0,10100001101010110100,2.0,10100001101010110100
40,2.0,10100001101010110100,2.0,10100001101010110100
40,2.0,10100001101010110100,2.0,10100001101010110100
40,2.0,10100001101010110100,2.0,10100001101010110100
40,2.0,10100001101010110100,2.0,10100001101010110100
40,2.0,10100001101010110100,2.0,10100001101010110100
40,2.0,10100001101010110100,2.0,10100001101010110100
40,2.0,10100001101010110100,2.0,10100001101010110100
40,2.0,10100001101010110100,2.0,10100001101010110100
40,2.0,10100001101010110100,2.0,10100001101010110100
40,2.0,10100001101010110100,2.0,10100001101010110100
40,2.0,10100001101010110100,2.0,10100001101010110100
40,2.0,10100001101010110100,2.0,10100001101010110100
40,2.0,10100001101010110100,2.0,10100001101010110100
40,2.0,10100001101010110100,2.0,10100001101010110100
40,2.0,10100001101010110100,2.0,10100001101010110100
40,2.0,10100001101010110100,2.0,10100001101010110100
40,2.0,10100001101010110100,2.0,10100001101010110100
40,2.0,10100001101010110100,2.0,10100001101010110100
40,2.0,10100001101010110100,2.0,10100001101010110100
40,2.0,10100001101010110100,2.0,10100001101010110100
40,2.0,10100001101010110100,2.0,10100001101010110100
40,2.0,10100001101010110100,2.0,10100001101010110100
40,2.0,10100001101010110100,2.0,10100001101010110100
40,2.0,10100001101010110100,2.0,10100001101010110100
40,2.0,10100001101010110100,2.0,10100001101010110100
40,2.0,10100001101010110100,2.0,10100001101010110100
40,2.0,10100001101010110100,2.0,10100001101010110100
41,604.0,10110100010100011111,134.0,10101010110100011111
41,134.0,10101010110100011111,104.0,10100110110100011100
41,104.0,10100110110100011100,104.0,10100110110100011100
41,104.0,10100110110100011100,30.0,00101010101100011101
41,30.0,00101010101100011101,30.0,00101010101100011101
41,30.0,00101010101100011101,30.0,00101010101100011101
41,30.0,00101010101100011101,30.0,00101010101100011101
41,30.0,00101010101100011101,30.0,00101010101100011101
41,30.0,00101010101100011101,4.0,01100110110010011111
41,4.0,01100110110010011111,4.0,01100110110010011111
41,4.0,01100110110010011111,4.0,01100110110010011111
41,4.0,01100110110010011111,4.0,01100110110010011111
41,4.0,01100110110010011111,4.0,01100110110010011111
41,4.0,01100110110010011111,4.0,01100110110010011111
41,4.0,01100110110010011111,4.0,01100110110010011111
41,4.0,01100110110010011111,4.0,01100110110010011111
41,4.0,01100110110010011111,4.0,01100110110010011111
41,4.0,01100110110010011111,4.0,01100110110010011111
41,4.0,01100110110010011111,4.0,01100110110010011111
41,4.0,01100110110010011111,4.0,01100110110010011111
41,4.0,01100110110010011111,4.0,01100110110010011111
41,4.0,01100110110010011111,4.0,01100110110010011111
41,4.0,01100110110010011111,4.0,01100110110010011111
41,4.0,01100110110010011111,4.0,01100110110010011111
41,4.0,01100110110010011111,4.0,01100110110010011111
41,4.0,01100110110010011111,4.0,01100110110010011111
41,4.0,01100110110010011111,4.0,01100110110010011111
41,4.0,01100110110010011111,4.0,01100110110010011111
41,4.0,01100110110010011111,4.0,01100110110010011111
41,4.0,01100110110010011111,4.0,01100110110010011111
41,4.0,01100110110010011111,4.0,01100110110010011111
41,4.0,01100110110010011111,4.0,01100110110010011111
42,708.0,10100000111001111000,640.0,10100000111011101011
42,640.0,10100000111011101011,400.0,10100001111001100010
42,400.0,10100001111001100010,170.0,10000011111001100001
42,170.0,10000011111001100001,160.0,10000001111011100101
42,160.0,10000001111011100101,160.0,10000001111011100101
42,160.0,10000001111011100101,80.0,10000101101111000101
42,80.0,10000101101111000101,56.0,11001110101011000101
42,56.0,11001110101011000101,46.0,11000110011011000100
42,46.0,11000110011011000100,46.0,11000110011011000100
42,46.0,11000110011011000100,46.0,11000110011011000100
42,46.0,11000110011011000100,46.0,11000110011011000100
42,46.0,11000110011011000100,46.0,11000110011011000100
42,46.0,11000110011011000100,28.0,00011110011011000100
42,28.0,00011110011011000100,28.0,00011110011011000100
42,28.0,00011110011011000100,4.0,01010010010111000111
42,4.0,01010010010111000111,4.0,01010010010111000111
42,4.0,01010010010111000111,4.0,01010010010111000111
42,4.0,01010010010111000111,4.0,01010010010111000111
42,4.0,01010010010111000111,4.0,01010010010111000111
42,4.0,01010010010111000111,4.0,01010010010111000111
42,4.0,01010010010111000111,2.0,01011110010101001011
42,2.0,01011110010101001011,2.0,01011110010101001011
42,2.0,01011110010101001011,2.0,01011110010101001011
42,2.0,01011110010101001011,2.0,01011110010101001011
42,2.0,01011110010101001011,2.0,01011110010101001011
42,2.0,01011110010101001011,2.0,01011110010101001011
42,2.0,01011110010101001011,2.0,01011110010101001011
42,2.0,01011110010101001011,2.0,01011110010101001011
42,2.0,01011110010101001011,2.0,01011110010101001011
42,2.0,01011110010101001011,2.0,01011110010101001011
42,2.0,01011110010101001011,2.0,01011110010101001011
42,2.0,01011110010101001011,2.0,01011110010101001011
42,2.0,01011110010101001011,2.0,01011110010101001011
42,2.0,01011110010101001011,2.0,01011110010101001011
42,2.0,01011110010101001011,2.0,01011110010101001011
42,2.0,01011110010101001011,2.0,01011110010101001011
42,2.0,01011110010101001011,2.0,01011110010101001011
42,2.0,01011110010101001011,2.0,01011110010101001011
42,2.0,01011110010101001011,2.0,01011110010101001011
42,2.0,01011110010101001011,2.0,01011110010101001011
42,2.0,01011110010101001011,2.0,01011110010101001011
42,2.0,01011110010101001011,2.0,01011110010101001011
42,2.0,01011110010101001011,2.0,01011110010101001011
42,2.0,01011110010101001011,2.0,01011110010101001011
42,2.0,01011110010101001011,2.0,01011110010101001011
42,2.0,01011110010101001011,2.0,01011110010101001011
42,2.0,01011110010101001011,2.0,01011110010101001011
42,2.0,01011110010101001011,2.0,01011110010101001011
42,2.0,01011110010101001011,2.0,01011110010101001011
42,2.0,01011110010101001011,2.0,01011110010101001011
42,2.0,01011110010101001011,2.0,01011110010101001011
42,2.0,01011110010101001011,2.0,01011110010101001011
42,2.0,01011110010101001011,2.0,01011110010101001011
42,2.0,01011110010101001011,2.0,01011110010101001011
42,2.0,01011110010101001011,2.0,01011110010101001011
42,2.0,01011110010101001011,2.0,01011110010101001011
42,2.0,01011110010101001011,2.0,01011110010101001011
42,2.0,01011110010101001011,2.0,01011110010101001011
42,2.0,01011110010101001011,2.0,01011110010101001011
42,2.0,01011110010101001011,2.0,01011110010101001011
43,2556.0,11001100011100111111,458.0,11000100111110101110
43,458.0,11000100111110101110,94.0,11000101110110101100
43,94.0,11000101110110101100,94.0,11000101110110101100
43,94.0,11000101110110101100,94.0,11000101110110101100
43,94.0,11000101110110101100,94.0,11000101110110101100
43,94.0,11000101110110101100,14.0,10001001011110101100
43,14.0,10001001011110101100,14.0,10001001011110101100
43,14.0,10001001011110101100,14.0,10001001011110101100
43,14.0,10001001011110101100,14.0,10001001011110101100
43,14.0,10001001011110101100,14.0,10001001011110101100
43,14.0,10001001011110101100,14.0,10001001011110101100
43,14.0,10001001011110101100,12.0,11001000011110111101
43,12.0,11001000011110111101,12.0,11001000011110111101
43,12.0,11001000011110111101,2.0,01001101110110111101
43,2.0,01001101110110111101,2.0,01001101110110111101
43,2.0,01001101110110111101,2.0,01001101110110111101
43,2.0,01001101110110111101,2.0,01001101110110111101
43,2.0,01001101110110111101,2.0,01001101110110111101
43,2.0,01001101110110111101,2.0,01001101110110111101
43,2.0,01001101110110111101,2.0,01001101110110111101
43,2.0,01001101110110111101,2.0,01001101110110111101
43,2.0,01001101110110111101,2.0,01001101110110111101
43,2.0,01001101110110111101,2.0,01001101110110111101
43,2.0,01001101110110111101,2.0,01001101110110111101
43,2.0,01001101110110111101,2.0,01001101110110111101
43,2.0,01001101110110111101,2.0,01001101110110111101
43,2.0,01001101110110111101,2.0,01001101110110111101
43,2.0,01001101110110111101,2.0,01001101110110111101
43,2.0,01001101110110111101,2.0,01001101110110111101
43,2.0,01001101110110111101,2.0,01001101110110111101
43,2.0,01001101110110111101,2.0,01001101110110111101
43,2.0,01001101110110111101,2.0,01001101110110111101
43,2.0,01001101110110111101,2.0,01001101110110111101
43,2.0,01001101110110111101,2.0,01001101110110111101
43,2.0,01001101110110111101,2.0,01001101110110111101
43,2.0,01001101110110111101,2.0,01001101110110111101
43,2.0,01001101110110111101,2.0,01001101110110111101
43,2.0,01001101110110111101,2.0,01001101110110111101
43,2.0,01001101110110111101,2.0,01001101110110111101
43,2.0,01001101110110111101,2.0,01001101110110111101
43,2.0,01001101110110111101,2.0,01001101110110111101
43,2.0,01001101110110111101,2.0,01001101110110111101
43,2.0,01001101110110111101,2.0,01001101110110111101
43,2.0,01001101110110111101,2.0,01001101110110111101
43,2.0,01001101110110111101,2.0,01001101110110111101
43,2.0,01001101110110111101,2.0,01001101110110111101
43,2.0,01001101110110111101,2.0,01001101110110111101
43,2.0,01001101110110111101,2.0,01001101110110111101
43,2.0,01001101110110111101,2.0,01001101110110111101
43,2.0,01001101110110111101,2.0,01001101110110111101
43,2.0,01001101110110111101,2.0,01001101110110111101
43,2.0,01001101110110111101,2.0,01001101110110111101
43,2.0,01001101110110111101,2.0,01001101110110111101
43,2.0,01001101110110111101,2.0,01001101110110111101
43,2.0,01001101110110111101,2.0,01001101110110111101
43,2.0,01001101110110111101,2.0,01001101110110111101
43,2.0,01001101110110111101,2.0,01001101110110111101
43,2.0,01001101110110111101,2.0,01001101110110111101
43,2.0,01001101110110111101,2.0,01001101110110111101
43,2.0,01001101110110111101,2.0,01001101110110111101
43,2.0,01001101110110111101,2.0,01001101110110111101
43,2.0,01001101110110111101,2.0,01001101110110111101
44,1170.0,00010010101110110100,648.0,00111010001110110000
44,648.0,00111010001110110000,214.0,00110010001110110001
44,214.0,00110010001110110001,214.0,00110010001110110001
44,214.0,00110010001110110001,118.0,00111010001010011001
44,118.0,00111010001010011001,20.0,10010010001010111010
44,20.0,10010010001010111010,20.0,10010010001010111010
44,20.0,10010010001010111010,20.0,10010010001010111010
44,20.0,10010010001010111010,20.0,10010010001010111010
44,20.0,10010010001010111010,20.0,10010010001010111010
44,20.0,10010010001010111010,20.0,10010010001010111010
44,20.0,10010010001010111010,20.0,10010010001010111010
44,20.0,10010010001010111010,20.0,10010010001010111010
44,20.0,10010010001010111010,20.0,10010010001010111010
44,20.0,10010010001010111010,20.0,10010010001010111010
44,20.0,10010010001010111010,20.0,10010010001010111010
44,20.0,10010010001010111010,4.0,10111001010000111000
44,4.0,10111001010000111000,4.0,10111001010000111000
44,4.0,10111001010000111000,4.0,10111001010000111000
44,4.0,10111001010000111000,4.0,10111001010000111000
44,4.0,10111001010000111000,4.0,10111001010000111000
44,4.0,10111001010000111000,4.0,10111001010000111000
44,4.0,10111001010000111000,4.0,10111001010000111000
44,4.0,10111001010000111000,4.0,10111001010000111000
44,4.0,10111001010000111000,4.0,10111001010000111000
44,4.0,10111001010000111000,4.0,10111001010000111000
44,4.0,10111001010000111000,4.0,10111001010000111000
44,4.0,10111001010000111000,4.0,10111001010000111000
44,4.0,10111001010000111000,4.0,10111001010000111000
44,4.0,10111001010000111000,4.0,10111001010000111000
44,4.0,10111001010000111000,4.0,10111001010000111000
44,4.0,10111001010000111000,4.0,10111001010000111000
44,4.0,10111001010000111000,4.0,10111001010000111000
44,4.0,10111001010000111000,4.0,10111001010000111000
44,4.0,10111001010000111000,4.0,10111001010000111000
44,4.0,10111001010000111000,4.0,10111001010000111000
44,4.0,10111001010000111000,4.0,10111001010000111000
44,4.0,10111001010000111000,4.0,10111001010000111000
45,1544.0,10100010001110001100,230.0,10100110001010101100
45,230.0,10100110001010101100,208.0,10101110001000011110
45,208.0,10101110001000011110,208.0,10101110001000011110
45,208.0,10101110001000011110,208.0,10101110001000011110
45,208.0,10101110001000011110,208.0,10101110001000011110
45,208.0,10101110001000011110,24.0,00111110101000010100
45,24.0,00111110101000010100,24.0,00111110101000010100
45,24.0,00111110101000010100,24.0,00111110101000010100
45,24.0,00111110101000010100,12.0,11111010100000010101
45,12.0,11111010100000010101,12.0,11111010100000010101
45,12.0,11111010100000010101,12.0,11111010100000010101
45,12.0,11111010100000010101,12.0,11111010100000010101
45,12.0,11111010100000010101,12.0,11111010100000010101
45,12.0,11111010100000010101,12.0,11111010100000010101
45,12.0,11111010100000010101,2.0,11110010010000010100
45,2.0,11110010010000010100,2.0,11110010010000010100
45,2.0,11110010010000010100,2.0,11110010010000010100
45,2.0,11110010010000010100,2.0,11110010010000010100
45,2.0,11110010010000010100,2.0,11110010010000010100
45,2.0,11110010010000010100,2.0,11110010010000010100
45,2.0,11110010010000010100,2.0,11110010010000010100
45,2.0,11110010010000010100,2.0,11110010010000010100
45,2.0,11110010010000010100,2.0,11110010010000010100
45,2.0,11110010010000010100,2.0,11110010010000010100
45,2.0,11110010010000010100,2.0,11110010010000010100
45,2.0,11110010010000010100,2.0,11110010010000010100
45,2.0,11110010010000010100,2.0,11110010010000010100
45,2.0,11110010010000010100,2.0,11110010010000010100
45,2.0,11110010010000010100,2.0,11110010010000010100
45,2.0,11110010010000010100,2.0,11110010010000010100
45,2.0,11110010010000010100,2.0,11110010010000010100
45,2.0,11110010010000010100,2.0,11110010010000010100
45,2.0,11110010010000010100,2.0,11110010010000010100
45,2.0,11110010010000010100,2.0,11110010010000010100
45,2.0,11110010010000010100,2.0,11110010010000010100
45,2.0,11110010010000010100,2.0,11110010010000010100
45,2.0,11110010010000010100,2.0,11110010010000010100
45,2.0,11110010010000010100,2.0,11110010010000010100
45,2.0,11110010010000010100,2.0,11110010010000010100
45,2.0,11110010010000010100,2.0,11110010010000010100
45,2.0,11110010010000010100,2.0,11110010010000010100
45,2.0,11110010010000010100,2.0,11110010010000010100
45,2.0,11110010010000010100,2.0,11110010010000010100
45,2.0,11110010010000010100,2.0,11110010010000010100
45,2.0,11110010010000010100,2.0,11110010010000010100
45,2.0,11110010010000010100,2.0,11110010010000010100
45,2.0,11110010010000010100,2.0,11110010010000010100
45,2.0,11110010010000010100,2.0,11110010010000010100
45,2.0,11110010010000010100,2.0,11110010010000010100
45,2.0,11110010010000010100,2.0,11110010010000010100
45,2.0,11110010010000010100,2.0,11110010010000010100
45,2.0,11110010010000010100,2.0,11110010010000010100
45,2.0,11110010010000010100,2.0,11110010010000010100
45,2.0,11110010010000010100,2.0,11110010010000010100
45,2.0,11110010010000010100,2.0,11110010010000010100
45,2.0,11110010010000010100,2.0,11110010010000010100
45,2.0,11110010010000010100,2.0,11110010010000010100
45,2.0,11110010010000010100,2.0,11110010010000010100
45,2.0,11110010010000010100,2.0,11110010010000010100
45,2.0,11110010010000010100,2.0,11110010010000010100
45,2.0,11110010010000010100,2.0,11110010010000010100
45,2.0,11110010010000010100,2.0,11110010010000010100
45,2.0,11110010010000010100,2.0,11110010010000010100
45,2.0,11110010010000010100,2.0,11110010010000010100
46,110.0,01100101001001001010,36.0,01100101000111101000
46,36.0,01100101000111101000,36.0,01100101000111101000
46,36.0,01100101000111101000,36.0,01100101000111101000
46,36.0,01100101000111101000,36.0,01100101000111101000
46,36.0,01100101000111101000,36.0,01100101000111101000
46,36.0,01100101000111101000,36.0,01100101000111101000
46,36.0,01100101000111101000,36.0,01100101000111101000
46,36.0,01100101000111101000,36.0,01100101000111101000
46,36.0,01100101000111101000,36.0,01100101000111101000
46,36.0,01100101000111101000,8.0,01101011000110101011
46,8.0,01101011000110101011,8.0,01101011000110101011
46,8.0,01101011000110101011,8.0,01101011000110101011
46,8.0,01101011000110101011,8.0,01101011000110101011
46,8.0,01101011000110101011,8.0,01101011000110101011
46,8.0,01101011000110101011,8.0,01101011000110101011
46,8.0,01101011000110101011,8.0,01101011000110101011
46,8.0,01101011000110101011,8.0,01101011000110101011
46,8.0,01101011000110101011,8.0,01101011000110101011
46,8.0,01101011000110101011,8.0,01101011000110101011
46,8.0,01101011000110101011,8.0,01101011000110101011
46,8.0,01101011000110101011,8.0,01101011000110101011
46,8.0,01101011000110101011,8.0,01101011000110101011
46,8.0,01101011000110101011,8.0,01101011000110101011
46,8.0,01101011000110101011,8.0,01101011000110101011
46,8.0,01101011000110101011,8.0,01101011000110101011
46,8.0,01101011000110101011,8.0,01101011000110101011
46,8.0,01101011000110101011,8.0,01101011000110101011
46,8.0,01101011000110101011,8.0,01101011000110101011
46,8.0,01101011000110101011,8.0,01101011000110101011
46,8.0,01101011000110101011,8.0,01101011000110101011
46,8.0,01101011000110101011,8.0,01101011000110101011
46,8.0,01101011000110101011,8.0,01101011000110101011
46,8.0,01101011000110101011,8.0,01101011000110101011
46,8.0,01101011000110101011,8.0,01101011000110101011
46,8.0,01101011000110101011,8.0,01101011000110101011
46,8.0,01101011000110101011,8.0,01101011000110101011
46,8.0,01101011000110101011,8.0,01101011000110101011
46,8.0,01101011000110101011,8.0,01101011000110101011
46,8.0,01101011000110101011,8.0,01101011000110101011
47,7194.0,00110000001111100100,686.0,10110000001100110110
47,686.0,10110000001100110110,686.0,10110000001100110110
47,686.0,10110000001100110110,586.0,10100100001101110110
47,586.0,10100100001101110110,384.0,10100000101111100111
47,384.0,10100000101111100111,212.0,11101000101111100011
47,212.0,11101000101111100011,108.0,01100100011111110000
47,108.0,01100100011111110000,108.0,01100100011111110000
47,108.0,01100100011111110000,32.0,01101100011001110111
47,32.0,01101100011001110111,32.0,01101100011001110111
47,32.0,01101100011001110111,32.0,01101100011001110111
47,32.0,01101100011001110111,32.0,01101100011001110111
47,32.0,01101100011001110111,32.0,01101100011001110111
47,32.0,01101100011001110111,14.0,01100101011000110101
47,14.0,01100101011000110101,14.0,01100101011000110101
47,14.0,01100101011000110101,14.0,01100101011000110101
47,14.0,01100101011000110101,14.0,01100101011000110101
47,14.0,01100101011000110101,14.0,01100101011000110101
47,14.0,01100101011000110101,14.0,01100101011000110101
47,14.0,01100101011000110101,14.0,01100101011000110101
47,14.0,01100101011000110101,12.0,00100001011001010111
47,12.0,00100001011001010111,12.0,00100001011001010111
47,12.0,00100001011001010111,12.0,00100001011001010111
47,12.0,00100001011001010111,8.0,00101101111011100011
47,8.0,00101101111011100011,8.0,00101101111011100011
47,8.0,00101101111011100011,8.0,00101101111011100011
47,8.0,00101101111011100011,8.0,00101101111011100011
47,8.0,00101101111011100011,8.0,00101101111011100011
47,8.0,00101101111011100011,8.0,00101101111011100011
47,8.0,00101101111011100011,8.0,00101101111011100011
47,8.0,00101101111011100011,8.0,00101101111011100011
47,8.0,00101101111011100011,8.0,00101101111011100011
47,8.0,00101101111011100011,8.0,00101101111011100011
47,8.0,00101101111011100011,8.0,00101101111011100011
47,8.0,00101101111011100011,8.0,00101101111011100011
47,8.0,00101101111011100011,8.0,00101101111011100011
47,8.0,00101101111011100011,8.0,00101101111011100011
47,8.0,00101101111011100011,8.0,00101101111011100011
47,8.0,00101101111011100011,8.0,00101101111011100011
47,8.0,00101101111011100011,8.0,00101101111011100011
47,8.0,00101101111011100011,8.0,00101101111011100011
47,8.0,00101101111011100011,8.0,00101101111011100011
47,8.0,00101101111011100011,8.0,00101101111011100011
47,8.0,00101101111011100011,8.0,00101101111011100011
47,8.0,00101101111011100011,8.0,00101101111011100011
47,8.0,00101101111011100011,6.0,00100001111011000100
47,6.0,00100001111011000100,6.0,00100001111011000100
47,6.0,00100001111011000100,6.0,00100001111011000100
47,6.0,00100001111011000100,6.0,00100001111011000100
47,6.0,00100001111011000100,6.0,00100001111011000100
47,6.0,00100001111011000100,6.0,00100001111011000100
47,6.0,00100001111011000100,6.0,00100001111011000100
47,6.0,00100001111011000100,6.0,00100001111011000100
47,6.0,00100001111011000100,6.0,00100001111011000100
47,6.0,00100001111011000100,6.0,00100001111011000100
47,6.0,00100001111011000100,6.0,00100001111011000100
47,6.0,00100001111011000100,6.0,00100001111011000100
47,6.0,00100001111011000100,6.0,00100001111011000100
47,6.0,00100001111011000100,6.0,00100001111011000100
47,6.0,00100001111011000100,6.0,00100001111011000100
47,6.0,00100001111011000100,6.0,00100001111011000100
47,6.0,00100001111011000100,4.0,01100000111011010101
47,4.0,01100000111011010101,4.0,01100000111011010101
47,4.0,01100000111011010101,4.0,01100000111011010101
47,4.0,01100000111011010101,4.0,01100000111011010101
47,4.0,01100000111011010101,4.0,01100000111011010101
47,4.0,01100000111011010101,4.0,01100000111011010101
47,4.0,01100000111011010101,4.0,01100000111011010101
47,4.0,01100000111011010101,0.0,11100000110111010100
47,0.0,11100000110111010100,0.0,11100000110111010100
47,0.0,11100000110111010100,0.0,11100000110111010100
47,0.0,11100000110111010100,0.0,11100000110111010100
47,0.0,11100000110111010100,0.0,11100000110111010100
47,0.0,11100000110111010100,0.0,11100000110111010100
47,0.0,11100000110111010100,0.0,11100000110111010100
47,0.0,11100000110111010100,0.0,11100000110111010100
47,0.0,11100000110111010100,0.0,11100000110111010100
47,0.0,11100000110111010100,0.0,11100000110111010100
47,0.0,11100000110111010100,0.0,11100000110111010100
47,0.0,11100000110111010100,0.0,11100000110111010100
47,0.0,11100000110111010100,0.0,11100000110111010100
47,0.0,11100000110111010100,0.0,11100000110111010100
47,0.0,11100000110111010100,0.0,11100000110111010100
47,0.0,11100000110111010100,0.0,11100000110111010100
47,0.0,11100000110111010100,0.0,11100000110111010100
47,0.0,11100000110111010100,0.0,11100000110111010100
47,0.0,11100000110111010100,0.0,11100000110111010100
47,0.0,11100000110111010100,0.0,11100000110111010100
47,0.0,11100000110111010100,0.0,11100000110111010100
47,0.0,11100000110111010100,0.0,11100000110111010100
47,0.0,11100000110111010100,0.0,11100000110111010100
47,0.0,11100000110111010100,0.0,11100000110111010100
47,0.0,11100000110111010100,0.0,11100000110111010100
47,0.0,11100000110111010100,0.0,11100000110111010100
47,0.0,11100000110111010100,0.0,11100000110111010100
47,0.0,11100000110111010100,0.0,11100000110111010100
47,0.0,11100000110111010100,0.0,11100000110111010100
47,0.0,11100000110111010100,0.0,11100000110111010100
47,0.0,11100000110111010100,0.0,11100000110111010100
47,0.0,11100000110111010100,0.0,11100000110111010100
47,0.0,11100000110111010100,0.0,11100000110111010100
47,0.0,11100000110111010100,0.0,11100000110111010100
47,0.0,11100000110111010100,0.0,11100000110111010100
47,0.0,11100000110111010100,0.0,11100000110111010100
47,0.0,11100000110111010100,0.0,11100000110111010100
47,0.0,11100000110111010100,0.0,11100000110111010100
47,0.0,11100000110111010100,0.0,11100000110111010100
48,424.0,01100111100110000111,60.0,01100011100100010111
48,60.0,01100011100100010111,28.0,01000011101100010100
48,28.0,01000011101100010100,28.0,01000011101100010100
48,28.0,01000011101100010100,28.0,01000011101100010100
48,28.0,01000011101100010100,28.0,01000011101100010100
48,28.0,01000011101100010100,28.0,01000011101100010100
48,28.0,01000011101100010100,28.0,01000011101100010100
48,28.0,01000011101100010100,28.0,01000011101100010100
48,28.0,01000011101100010100,28.0,01000011101100010100
48,28.0,01000011101100010100,28.0,01000011101100010100
48,28.0,01000011101100010100,28.0,01000011101100010100
48,28.0,01000011101100010100,28.0,01000011101100010100
48,28.0,01000011101100010100,28.0,01000011101100010100
48,28.0,01000011101100010100,28.0,01000011101100010100
48,28.0,01000011101100010100,28.0,01000011101100010100
48,28.0,01000011101100010100,28.0,01000011101100010100
48,28.0,01000011101100010100,28.0,01000011101100010100
48,28.0,01000011101100010100,28.0,01000011101100010100
48,28.0,01000011101100010100,28.0,01000011101100010100
48,28.0,01000011101100010100,18.0,01000010001101110111
48,18.0,01000010001101110111,18.0,01000010001101110111
48,18.0,01000010001101110111,16.0,00000011001101100110
48,16.0,00000011001101100110,6.0,00000011101111100011
48,6.0,00000011101111100011,6.0,00000011101111100011
48,6.0,00000011101111100011,2.0,00001101101111101011
48,2.0,00001101101111101011,2.0,00001101101111101011
48,2.0,00001101101111101011,2.0,00001101101111101011
48,2.0,00001101101111101011,2.0,00001101101111101011
48,2.0,00001101101111101011,2.0,00001101101111101011
48,2.0,00001101101111101011,2.0,00001101101111101011
48,2.0,00001101101111101011,2.0,00001101101111101011
48,2.0,00001101101111101011,2.0,00001101101111101011
48,2.0,00001101101111101011,2.0,00001101101111101011
48,2.0,00001101101111101011,2.0,00001101101111101011
48,2.0,00001101101111101011,2.0,00001101101111101011
48,2.0,00001101101111101011,2.0,00001101101111101011
48,2.0,00001101101111101011,2.0,00001101101111101011
48,2.0,00001101101111101011,2.0,00001101101111101011
48,2.0,00001101101111101011,2.0,00001101101111101011
48,2.0,00001101101111101011,2.0,00001101101111101011
48,2.0,00001101101111101011,2.0,00001101101111101011
48,2.0,00001101101111101011,2.0,00001101101111101011
48,2.0,00001101101111101011,2.0,00001101101111101011
48,2.0,00001101101111101011,2.0,00001101101111101011
48,2.0,00001101101111101011,2.0,00001101101111101011
48,2.0,00001101101111101011,2.0,00001101101111101011
48,2.0,00001101101111101011,2.0,00001101101111101011
48,2.0,00001101101111101011,2.0,00001101101111101011
48,2.0,00001101101111101011,2.0,00001101101111101011
48,2.0,00001101101111101011,2.0,00001101101111101011
48,2.0,00001101101111101011,2.0,00001101101111101011
48,2.0,00001101101111101011,2.0,00001101101111101011
48,2.0,00001101101111101011,2.0,00001101101111101011
48,2.0,00001101101111101011,2.0,00001101101111101011
48,2.0,00001101101111101011,2.0,00001101101111101011
48,2.0,00001101101111101011,2.0,00001101101111101011
48,2.0,00001101101111101011,2.0,00001101101111101011
48,2.0,00001101101111101011,2.0,00001101101111101011
48,2.0,00001101101111101011,2.0,00001101101111101011
48,2.0,00001101101111101011,2.0,00001101101111101011
48,2.0,00001101101111101011,2.0,00001101101111101011
48,2.0,00001101101111101011,2.0,00001101101111101011
48,2.0,00001101101111101011,2.0,00001101101111101011
48,2.0,00001101101111101011,2.0,00001101101111101011
48,2.0,00001101101111101011,2.0,00001101101111101011
49,252.0,01101110001011000100,164.0,11101100001011100110
49,164.0,11101100001011100110,144.0,11100000111110100111
49,144.0,11100000111110100111,144.0,11100000111110100111
49,144.0,11100000111110100111,144.0,11100000111110100111
49,144.0,11100000111110100111,144.0,11100000111110100111
49,144.0,11100000111110100111,2.0,11001110011110100111
49,2.0,11001110011110100111,2.0,11001110011110100111
49,2.0,11001110011110100111,2.0,11001110011110100111
49,2.0,11001110011110100111,2.0,11001110011110100111
49,2.0,11001110011110100111,2.0,11001110011110100111
49,2.0,11001110011110100111,2.0,11001110011110100111
49,2.0,11001110011110100111,2.0,11001110011110100111
49,2.0,11001110011110100111,2.0,11001110011110100111
49,2.0,11001110011110100111,2.0,11001110011110100111
49,2.0,11001110011110100111,2.0,11001110011110100111
49,2.0,11001110011110100111,2.0,11001110011110100111
49,2.0,11001110011110100111,2.0,11001110011110100111
49,2.0,11001110011110100111,2.0,11001110011110100111
49,2.0,11001110011110100111,2.0,11001110011110100111
49,2.0,11001110011110100111,2.0,11001110011110100111
49,2.0,11001110011110100111,2.0,11001110011110100111
49,2.0,11001110011110100111,2.0,11001110011110100111
49,2.0,11001110011110100111,2.0,11001110011110100111
49,2.0,11001110011110100111,2.0,11001110011110100111
49,2.0,11001110011110100111,2.0,11001110011110100111
49,2.0,11001110011110100111,2.0,11001110011110100111
49,2.0,11001110011110100111,2.0,11001110011110100111
49,2.0,11001110011110100111,2.0,11001110011110100111
49,2.0,11001110011110100111,2.0,11001110011110100111
49,2.0,11001110011110100111,2.0,11001110011110100111
49,2.0,11001110011110100111,2.0,11001110011110100111
49,2.0,11001110011110100111,2.0,11001110011110100111
49,2.0,11001110011110100111,2.0,11001110011110100111
49,2.0,11001110011110100111,2.0,11001110011110100111
49,2.0,11001110011110100111,2.0,11001110011110100111
49,2.0,11001110011110100111,2.0,11001110011110100111
49,2.0,11001110011110100111,2.0,11001110011110100111
49,2.0,11001110011110100111,2.0,11001110011110100111
50,3384.0,10101110111110100011,84.0,10001110111011110011
50,84.0,10001110111011110011,62.0,10001110011001110110
50,62.0,10001110011001110110,62.0,10001110011001110110
50,62.0,10001110011001110110,62.0,10001110011001110110
50,62.0,10001110011001110110,62.0,10001110011001110110
50,62.0,10001110011001110110,62.0,10001110011001110110
50,62.0,10001110011001110110,48.0,10001111001001000111
50,48.0,10001111001001000111,48.0,10001111001001000111
50,48.0,10001111001001000111,48.0,10001111001001000111
50,48.0,10001111001001000111,48.0,10001111001001000111
50,48.0,10001111001001000111,48.0,10001111001001000111
50,48.0,10001111001001000111,48.0,10001111001001000111
50,48.0,10001111001001000111,16.0,00000011001101100110
50,16.0,00000011001101100110,16.0,00000011001101100110
50,16.0,00000011001101100110,16.0,00000011001101100110
50,16.0,00000011001101100110,16.0,00000011001101100110
50,16.0,00000011001101100110,16.0,00000011001101100110
50,16.0,00000011001101100110,16.0,00000011001101100110
50,16.0,00000011001101100110,16.0,00000011001101100110
50,16.0,00000011001101100110,16.0,00000011001101100110
50,16.0,00000011001101100110,16.0,00000011001101100110
50,16.0,00000011001101100110,16.0,00000011001101100110
50,16.0,00000011001101100110,16.0,00000011001101100110
50,16.0,00000011001101100110,16.0,00000011001101100110
50,16.0,00000011001101100110,6.0,00000011101111100011
50,6.0,00000011101111100011,2.0,00001101101111101011
50,2.0,00001101101111101011,2.0,00001101101111101011
50,2.0,00001101101111101011,2.0,00001101101111101011
50,2.0,00001101101111101011,2.0,00001101101111101011
50,2.0,00001101101111101011,2.0,00001101101111101011
50,2.0,00001101101111101011,2.0,00001101101111101011
50,2.0,00001101101111101011,2.0,00001101101111101011
50,2.0,00001101101111101011,2.0,00001101101111101011
50,2.0,00001101101111101011,2.0,00001101101111101011
50,2.0,00001101101111101011,2.0,00001101101111101011
50,2.0,00001101101111101011,2.0,00001101101111101011
50,2.0,00001101101111101011,2.0,00001101101111101011
50,2.0,00001101101111101011,2.0,00001101101111101011
50,2.0,00001101101111101011,2.0,00001101101111101011
50,2.0,00001101101111101011,2.0,00001101101111101011
50,2.0,00001101101111101011,2.0,00001101101111101011
50,2.0,00001101101111101011,2.0,00001101101111101011
50,2.0,00001101101111101011,2.0,00001101101111101011
50,2.0,00001101101111101011,2.0,00001101101111101011
50,2.0,00001101101111101011,2.0,00001101101111101011
50,2.0,00001101101111101011,2.0,00001101101111101011
50,2.0,00001101101111101011,2.0,00001101101111101011
50,2.0,00001101101111101011,2.0,00001101101111101011
50,2.0,00001101101111101011,2.0,00001101101111101011
50,2.0,00001101101111101011,2.0,00001101101111101011
50,2.0,00001101101111101011,2.0,00001101101111101011
50,2.0,00001101101111101011,2.0,00001101101111101011
50,2.0,00001101101111101011,2.0,00001101101111101011
50,2.0,00001101101111101011,2.0,00001101101111101011
50,2.0,00001101101111101011,2.0,00001101101111101011
50,2.0,00001101101111101011,2.0,00001101101111101011
50,2.0,00001101101111101011,2.0,00001101101111101011
50,2.0,00001101101111101011,2.0,00001101101111101011
50,2.0,00001101101111101011,2.0,00001101101111101011
50,2.0,00001101101111101011,2.0,00001101101111101011
50,2.0,00001101101111101011,2.0,00001101101111101011
50,2.0,00001101101111101011,2.0,00001101101111101011
50,2.0,00001101101111101011,2.0,00001101101111101011
50,2.0,00001101101111101011,2.0,00001101101111101011
50,2.0,00001101101111101011,2.0,00001101101111101011
50,2.0,00001101101111101011,2.0,00001101101111101011
51,174.0,00001011001100011110,174.0,00001011001100011110
51,174.0,00001011001100011110,102.0,10100011001010001000
51,102.0,10100011001010001000,102.0,10100011001010001000
51,102.0,10100011001010001000,102.0,10100011001010001000
51,102.0,10100011001010001000,102.0,10100011001010001000
51,102.0,10100011001010001000,102.0,10100011001010001000
51,102.0,10100011001010001000,102.0,10100011001010001000
51,102.0,10100011001010001000,102.0,10100011001010001000
51,102.0,10100011001010001000,20.0,10100001011110001010
51,20.0,10100001011110001010,18.0,10101001010110101111
51,18.0,10101001010110101111,18.0,10101001010110101111
51,18.0,10101001010110101111,18.0,10101001010110101111
51,18.0,10101001010110101111,14.0,10001001011110101100
51,14.0,10001001011110101100,14.0,10001001011110101100
51,14.0,10001001011110101100,12.0,11001000011110111101
51,12.0,11001000011110111101,12.0,11001000011110111101
51,12.0,11001000011110111101,12.0,11001000011110111101
51,12.0,11001000011110111101,12.0,11001000011110111101
51,12.0,11001000011110111101,12.0,11001000011110111101
51,12.0,11001000011110111101,12.0,11001000011110111101
51,12.0,11001000011110111101,12.0,11001000011110111101
51,12.0,11001000011110111101,12.0,11001000011110111101
51,12.0,11001000011110111101,12.0,11001000011110111101
51,12.0,11001000011110111101,12.0,11001000011110111101
51,12.0,11001000011110111101,12.0,11001000011110111101
51,12.0,11001000011110111101,12.0,11001000011110111101
51,12.0,11001000011110111101,2.0,11001110011110100111
51,2.0,11001110011110100111,2.0,11001110011110100111
51,2.0,11001110011110100111,2.0,11001110011110100111
51,2.0,11001110011110100111,2.0,11001110011110100111
51,2.0,11001110011110100111,2.0,11001110011110100111
51,2.0,11001110011110100111,2.0,11001110011110100111
51,2.0,11001110011110100111,2.0,11001110011110100111
51,2.0,11001110011110100111,2.0,11001110011110100111
51,2.0,11001110011110100111,2.0,11001110011110100111
51,2.0,11001110011110100111,2.0,11001110011110100111
51,2.0,11001110011110100111,2.0,11001110011110100111
51,2.0,11001110011110100111,2.0,11001110011110100111
51,2.0,11001110011110100111,2.0,11001110011110100111
51,2.0,11001110011110100111,2.0,11001110011110100111
51,2.0,11001110011110100111,2.0,11001110011110100111
51,2.0,11001110011110100111,2.0,11001110011110100111
51,2.0,11001110011110100111,2.0,11001110011110100111
51,2.0,11001110011110100111,2.0,11001110011110100111
51,2.0,11001110011110100111,2.0,11001110011110100111
51,2.0,11001110011110100111,2.0,11001110011110100111
51,2.0,11001110011110100111,2.0,11001110011110100111
51,2.0,11001110011110100111,2.0,11001110011110100111
51,2.0,11001110011110100111,2.0,11001110011110100111
51,2.0,11001110011110100111,2.0,11001110011110100111
51,2.0,11001110011110100111,2.0,11001110011110100111
51,2.0,11001110011110100111,2.0,11001110011110100111
51,2.0,11001110011110100111,2.0,11001110011110100111
51,2.0,11001110011110100111,2.0,11001110011110100111
51,2.0,11001110011110100111,2.0,11001110011110100111
51,2.0,11001110011110100111,2.0,11001110011110100111
51,2.0,11001110011110100111,2.0,11001110011110100111
51,2.0,11001110011110100111,2.0,11001110011110100111
51,2.0,11001110011110100111,2.0,11001110011110100111
51,2.0,11001110011110100111,2.0,11001110011110100111
51,2.0,11001110011110100111,2.0,11001110011110100111
51,2.0,11001110011110100111,2.0,11001110011110100111
51,2.0,11001110011110100111,2.0,11001110011110100111
51,2.0,11001110011110100111,2.0,11001110011110100111
51,2.0,11001110011110100111,2.0,11001110011110100111
51,2.0,11001110011110100111,2.0,11001110011110100111
51,2.0,11001110011110100111,2.0,11001110011110100111
51,2.0,11001110011110100111,2.0,11001110011110100111
51,2.0,11001110011110100111,2.0,11001110011110100111
51,2.0,11001110011110100111,2.0,11001110011110100111
51,2.0,11001110011110100111,2.0,11001110011110100111
51,2.0,11001110011110100111,2.0,11001110011110100111
51,2.0,11001110011110100111,2.0,11001110011110100111
52,518.0,10100011110010010100,300.0,10101011110000001100
52,300.0,10101011110000001100,20.0,00011011110010001100
52,20.0,00011011110010001100,14.0,00010011001000001100
52,14.0,00010011001000001100,10.0,00011101001010101111
52,10.0,00011101001010101111,10.0,00011101001010101111
52,10.0,00011101001010101111,10.0,00011101001010101111
52,10.0,00011101001010101111,10.0,00011101001010101111
52,10.0,00011101001010101111,10.0,00011101001010101111
52,10.0,00011101001010101111,0.0,00011111001000101011
52,0.0,00011111001000101011,0.0,00011111001000101011
52,0.0,00011111001000101011,0.0,00011111001000101011
52,0.0,00011111001000101011,0.0,00011111001000101011
52,0.0,00011111001000101011,0.0,00011111001000101011
52,0.0,00011111001000101011,0.0,00011111001000101011
52,0.0,00011111001000101011,0.0,00011111001000101011
52,0.0,00011111001000101011,0.0,00011111001000101011
52,0.0,00011111001000101011,0.0,00011111001000101011
52,0.0,00011111001000101011,0.0,00011111001000101011
52,0.0,00011111001000101011,0.0,00011111001000101011
52,0.0,00011111001000101011,0.0,00011111001000101011
52,0.0,00011111001000101011,0.0,00011111001000101011
52,0.0,00011111001000101011,0.0,00011111001000101011
52,0.0,00011111001000101011,0.0,00011111001000101011
52,0.0,00011111001000101011,0.0,00011111001000101011
52,0.0,00011111001000101011,0.0,00011111001000101011
52,0.0,00011111001000101011,0.0,00011111001000101011
52,0.0,00011111001000101011,0.0,00011111001000101011
52,0.0,00011111001000101011,0.0,00011111001000101011
52,0.0,00011111001000101011,0.0,00011111001000101011
52,0.0,00011111001000101011,0.0,00011111001000101011
52,0.0,00011111001000101011,0.0,00011111001000101011
52,0.0,00011111001000101011,0.0,00011111001000101011
52,0.0,00011111001000101011,0.0,00011111001000101011
52,0.0,00011111001000101011,0.0,00011111001000101011
52,0.0,00011111001000101011,0.0,00011111001000101011
52,0.0,00011111001000101011,0.0,00011111001000101011
52,0.0,00011111001000101011,0.0,00011111001000101011
52,0.0,00011111001000101011,0.0,00011111001000101011
52,0.0,00011111001000101011,0.0,00011111001000101011
52,0.0,00011111001000101011,0.0,00011111001000101011
52,0.0,00011111001000101011,0.0,00011111001000101011
52,0.0,00011111001000101011,0.0,00011111001000101011
52,0.0,00011111001000101011,0.0,00011111001000101011
52,0.0,00011111001000101011,0.0,00011111001000101011
52,0.0,00011111001000101011,0.0,00011111001000101011
52,0.0,00011111001000101011,0.0,00011111001000101011
52,0.0,00011111001000101011,0.0,00011111001000101011
52,0.0,00011111001000101011,0.0,00011111001000101011
52,0.0,00011111001000101011,0.0,00011111001000101011
52,0.0,00011111001000101011,0.0,00011111001000101011
52,0.0,00011111001000101011,0.0,00011111001000101011
52,0.0,00011111001000101011,0.0,00011111001000101011
52,0.0,00011111001000101011,0.0,00011111001000101011
52,0.0,00011111001000101011,0.0,00011111001000101011
52,0.0,00011111001000101011,0.0,00011111001000101011
52,0.0,00011111001000101011,0.0,00011111001000101011
52,0.0,00011111001000101011,0.0,00011111001000101011
52,0.0,00011111001000101011,0.0,00011111001000101011
52,0.0,00011111001000101011,0.0,00011111001000101011
52,0.0,00011111001000101011,0.0,00011111001000101011
52,0.0,00011111001000101011,0.0,00011111001000101011
53,1192.0,10100100111011101000,640.0,10100000111011101011
53,640.0,10100000111011101011,82.0,11100100111011100011
53,82.0,11100100111011100011,50.0,11101100101001100111
53,50.0,11101100101001100111,50.0,11101100101001100111
53,50.0,11101100101001100111,50.0,11101100101001100111
53,50.0,11101100101001100111,50.0,11101100101001100111
53,50.0,11101100101001100111,50.0,11101100101001100111
53,50.0,11101100101001100111,50.0,11101100101001100111
53,50.0,11101100101001100111,26.0,11100100101111100000
53,26.0,11100100101111100000,26.0,11100100101111100000
53,26.0,11100100101111100000,20.0,11100100001101110011
53,20.0,11100100001101110011,18.0,11001100111111110000
53,18.0,11001100111111110000,18.0,11001100111111110000
53,18.0,11001100111111110000,18.0,11001100111111110000
53,18.0,11001100111111110000,18.0,11001100111111110000
53,18.0,11001100111111110000,18.0,11001100111111110000
53,18.0,11001100111111110000,18.0,11001100111111110000
53,18.0,11001100111111110000,16.0,11011100101111000001
53,16.0,11011100101111000001,16.0,11011100101111000001
53,16.0,11011100101111000001,16.0,11011100101111000001
53,16.0,11011100101111000001,16.0,11011100101111000001
53,16.0,11011100101111000001,16.0,11011100101111000001
53,16.0,11011100101111000001,16.0,11011100101111000001
53,16.0,11011100101111000001,16.0,11011100101111000001
53,16.0,11011100101111000001,16.0,11011100101111000001
53,16.0,11011100101111000001,16.0,11011100101111000001
53,16.0,11011100101111000001,16.0,11011100101111000001
53,16.0,11011100101111000001,16.0,11011100101111000001
53,16.0,11011100101111000001,8.0,00111100101111100000
53,8.0,00111100101111100000,8.0,00111100101111100000
53,8.0,00111100101111100000,8.0,00111100101111100000
53,8.0,00111100101111100000,8.0,00111100101111100000
53,8.0,00111100101111100000,8.0,00111100101111100000
53,8.0,00111100101111100000,8.0,00111100101111100000
53,8.0,00111100101111100000,8.0,00111100101111100000
53,8.0,00111100101111100000,8.0,00111100101111100000
53,8.0,00111100101111100000,2.0,00111100001101110011
53,2.0,00111100001101110011,2.0,00111100001101110011
53,2.0,00111100001101110011,2.0,00111100001101110011
53,2.0,00111100001101110011,2.0,00111100001101110011
53,2.0,00111100001101110011,2.0,00111100001101110011
53,2.0,00111100001101110011,2.0,00111100001101110011
53,2.0,00111100001101110011,2.0,00111100001101110011
53,2.0,00111100001101110011,2.0,00111100001101110011
53,2.0,00111100001101110011,2.0,00111100001101110011
53,2.0,00111100001101110011,2.0,00111100001101110011
53,2.0,00111100001101110011,2.0,00111100001101110011
53,2.0,00111100001101110011,2.0,00111100001101110011
53,2.0,00111100001101110011,2.0,00111100001101110011
53,2.0,00111100001101110011,2.0,00111100001101110011
53,2.0,00111100001101110011,2.0,00111100001101110011
53,2.0,00111100001101110011,2.0,00111100001101110011
53,2.0,00111100001101110011,2.0,00111100001101110011
53,2.0,00111100001101110011,2.0,00111100001101110011
53,2.0,00111100001101110011,2.0,00111100001101110011
53,2.0,00111100001101110011,2.0,00111100001101110011
53,2.0,00111100001101110011,2.0,00111100001101110011
53,2.0,00111100001101110011,2.0,00111100001101110011
53,2.0,00111100001101110011,2.0,00111100001101110011
53,2.0,00111100001101110011,2.0,00111100001101110011
53,2.0,00111100001101110011,2.0,00111100001101110011
53,2.0,00111100001101110011,2.0,00111100001101110011
53,2.0,00111100001101110011,2.0,00111100001101110011
53,2.0,00111100001101110011,2.0,00111100001101110011
53,2.0,00111100001101110011,2.0,00111100001101110011
53,2.0,00111100001101110011,2.0,00111100001101110011
53,2.0,00111100001101110011,2.0,00111100001101110011
53,2.0,00111100001101110011,2.0,00111100001101110011
54,1130.0,11101010011000010101,530.0,11000010011001010100
54,530.0,11000010011001010100,438.0,11000100011101110100
54,438.0,11000100011101110100,438.0,11000100011101110100
54,438.0,11000100011101110100,252.0,11001001011100110100
54,252.0,11001001011100110100,252.0,11001001011100110100
54,252.0,11001001011100110100,252.0,11001001011100110100
54,252.0,11001001011100110100,182.0,11000001011100110101
54,182.0,11000001011100110101,100.0,11000101010100111111
54,100.0,11000101010100111111,100.0,11000011000100011100
54,100.0,11000011000100011100,100.0,11000011000100011100
54,100.0,11000011000100011100,100.0,11000101010100111111
54,100.0,11000101010100111111,18.0,11100101010100110100
54,18.0,11100101010100110100,18.0,11100101010100110100
54,18.0,11100101010100110100,0.0,00111101010100110100
54,0.0,00111101010100110100,0.0,00111101010100110100
54,0.0,00111101010100110100,0.0,00111101010100110100
54,0.0,00111101010100110100,0.0,00111101010100110100
54,0.0,00111101010100110100,0.0,00111101010100110100
54,0.0,00111101010100110100,0.0,00111101010100110100
54,0.0,00111101010100110100,0.0,00111101010100110100
54,0.0,00111101010100110100,0.0,00111101010100110100
54,0.0,00111101010100110100,0.0,00111101010100110100
54,0.0,00111101010100110100,0.0,00111101010100110100
54,0.0,00111101010100110100,0.0,00111101010100110100
54,0.0,00111101010100110100,0.0,00111101010100110100
54,0.0,00111101010100110100,0.0,00111101010100110100
54,0.0,00111101010100110100,0.0,00111101010100110100
54,0.0,00111101010100110100,0.0,00111101010100110100
54,0.0,00111101010100110100,0.0,00111101010100110100
54,0.0,00111101010100110100,0.0,00111101010100110100
54,0.0,00111101010100110100,0.0,00111101010100110100
54,0.0,00111101010100110100,0.0,00111101010100110100
54,0.0,00111101010100110100,0.0,00111101010100110100
54,0.0,00111101010100110100,0.0,00111101010100110100
54,0.0,00111101010100110100,0.0,00111101010100110100
54,0.0,00111101010100110100,0.0,00111101010100110100
54,0.0,00111101010100110100,0.0,00111101010100110100
55,2396.0,01100011001010001000,2138.0,11101011000010101001
55,2138.0,11101011000010101001,104.0,10101011000010101101
55,104.0,10101011000010101101,14.0,10111101000000101101
55,14.0,10111101000000101101,14.0,10111101000000101101
55,14.0,10111101000000101101,4.0,10111001010000111000
55,4.0,10111001010000111000,4.0,10111001010000111000
55,4.0,10111001010000111000,4.0,10111001010000111000
55,4.0,10111001010000111000,4.0,10111001010000111000
55,4.0,10111001010000111000,4.0,10111001010000111000
55,4.0,10111001010000111000,4.0,10111001010000111000
55,4.0,10111001010000111000,4.0,10111001010000111000
55,4.0,10111001010000111000,4.0,10111001010000111000
55,4.0,10111001010000111000,4.0,10111001010000111000
55,4.0,10111001010000111000,4.0,10111001010000111000
55,4.0,10111001010000111000,4.0,10111001010000111000
55,4.0,10111001010000111000,4.0,10111001010000111000
55,4.0,10111001010000111000,4.0,10111001010000111000
55,4.0,10111001010000111000,4.0,10111001010000111000
55,4.0,10111001010000111000,4.0,10111001010000111000
55,4.0,10111001010000111000,4.0,10111001010000111000
55,4.0,10111001010000111000,4.0,10111001010000111000
55,4.0,10111001010000111000,4.0,10111001010000111000
55,4.0,10111001010000111000,4.0,10111001010000111000
55,4.0,10111001010000111000,4.0,10111001010000111000
55,4.0,10111001010000111000,4.0,10111001010000111000
55,4.0,10111001010000111000,4.0,10111001010000111000
55,4.0,10111001010000111000,4.0,10111001010000111000
56,1952.0,10000001110111111000,810.0,11001001100101110111
56,810.0,11001001100101110111,444.0,11000001101100110110
56,444.0,11000001101100110110,444.0,11000001101100110110
56,444.0,11000001101100110110,444.0,11000001101100110110
56,444.0,11000001101100110110,172.0,01000101111100110111
56,172.0,01000101111100110111,172.0,01000101111100110111
56,172.0,01000101111100110111,172.0,01000101111100110111
56,172.0,01000101111100110111,32.0,01001101101100011100
56,32.0,01001101101100011100,32.0,01001101101100011100
56,32.0,01001101101100011100,2.0,01001101110110111101
56,2.0,01001101110110111101,2.0,01001101110110111101
56,2.0,01001101110110111101,2.0,01001101110110111101
56,2.0,01001101110110111101,2.0,01001101110110111101
56,2.0,01001101110110111101,2.0,01001101110110111101
56,2.0,01001101110110111101,2.0,01001101110110111101
56,2.0,01001101110110111101,2.0,01001101110110111101
56,2.0,01001101110110111101,2.0,01001101110110111101
56,2.0,01001101110110111101,2.0,01001101110110111101
56,2.0,01001101110110111101,2.0,01001101110110111101
56,2.0,01001101110110111101,2.0,01001101110110111101
56,2.0,01001101110110111101,2.0,01001101110110111101
56,2.0,01001101110110111101,2.0,01001101110110111101
56,2.0,01001101110110111101,2.0,01001101110110111101
56,2.0,01001101110110111101,2.0,01001101110110111101
56,2.0,01001101110110111101,2.0,01001101110110111101
56,2.0,01001101110110111101,2.0,01001101110110111101
56,2.0,01001101110110111101,2.0,01001101110110111101
56,2.0,01001101110110111101,2.0,01001101110110111101
56,2.0,01001101110110111101,2.0,01001101110110111101
56,2.0,01001101110110111101,2.0,01001101110110111101
56,2.0,01001101110110111101,2.0,01001101110110111101
56,2.0,01001101110110111101,2.0,01001101110110111101
56,2.0,01001101110110111101,2.0,01001101110110111101
56,2.0,01001101110110111101,2.0,01001101110110111101
56,2.0,01001101110110111101,0.0,01000101111110011000
56,0.0,01000101111110011000,0.0,01000101111110011000
56,0.0,01000101111110011000,0.0,01000101111110011000
56,0.0,01000101111110011000,0.0,01000101111110011000
56,0.0,01000101111110011000,0.0,01000101111110011000
56,0.0,01000101111110011000,0.0,01000101111110011000
56,0.0,01000101111110011000,0.0,01000101111110011000
56,0.0,01000101111110011000,0.0,01000101111110011000
56,0.0,01000101111110011000,0.0,01000101111110011000
56,0.0,01000101111110011000,0.0,01000101111110011000
56,0.0,01000101111110011000,0.0,01000101111110011000
56,0.0,01000101111110011000,0.0,01000101111110011000
56,0.0,01000101111110011000,0.0,01000101111110011000
56,0.0,01000101111110011000,0.0,01000101111110011000
56,0.0,01000101111110011000,0.0,01000101111110011000
56,0.0,01000101111110011000,0.0,01000101111110011000
56,0.0,01000101111110011000,0.0,01000101111110011000
56,0.0,01000101111110011000,0.0,01000101111110011000
56,0.0,01000101111110011000,0.0,01000101111110011000
56,0.0,01000101111110011000,0.0,01000101111110011000
56,0.0,01000101111110011000,0.0,01000101111110011000
56,0.0,01000101111110011000,0.0,01000101111110011000
56,0.0,01000101111110011000,0.0,01000101111110011000
56,0.0,01000101111110011000,0.0,01000101111110011000
56,0.0,01000101111110011000,0.0,01000101111110011000
56,0.0,01000101111110011000,0.0,01000101111110011000
56,0.0,01000101111110011000,0.0,01000101111110011000
56,0.0,01000101111110011000,0.0,01000101111110011000
56,0.0,01000101111110011000,0.0,01000101111110011000
56,0.0,01000101111110011000,0.0,01000101111110011000
56,0.0,01000101111110011000,0.0,01000101111110011000
56,0.0,01000101111110011000,0.0,01000101111110011000
56,0.0,01000101111110011000,0.0,01000101111110011000
56,0.0,01000101111110011000,0.0,01000101111110011000
57,1524.0,00011011100100110111,564.0,00011011100110010111
57,564.0,00011011100110010111,554.0,00010011010110010110
57,554.0,00010011010110010110,554.0,00010011010110010110
57,554.0,00010011010110010110,448.0,01010011010110000100
57,448.0,01010011010110000100,298.0,01010101010110110100
57,298.0,01010101010110110100,6.0,01000011110110110101
57,6.0,01000011110110110101,6.0,01000011110110110101
57,6.0,01000011110110110101,6.0,01000011110110110101
57,6.0,01000011110110110101,2.0,01001101110110111101
57,2.0,01001101110110111101,2.0,01001101110110111101
57,2.0,01001101110110111101,2.0,01001101110110111101
57,2.0,01001101110110111101,2.0,01001101110110111101
57,2.0,01001101110110111101,2.0,01001101110110111101
57,2.0,01001101110110111101,2.0,01001101110110111101
57,2.0,01001101110110111101,2.0,01001101110110111101
57,2.0,01001101110110111101,2.0,01001101110110111101
57,2.0,01001101110110111101,2.0,01001101110110111101
57,2.0,01001101110110111101,2.0,01001101110110111101
57,2.0,01001101110110111101,2.0,01001101110110111101
57,2.0,01001101110110111101,2.0,01001101110110111101
57,2.0,01001101110110111101,2.0,01001101110110111101
57,2.0,01001101110110111101,2.0,01001101110110111101
57,2.0,01001101110110111101,2.0,01001101110110111101
57,2.0,01001101110110111101,2.0,01001101110110111101
57,2.0,01001101110110111101,2.0,01001101110110111101
57,2.0,01001101110110111101,2.0,01001101110110111101
57,2.0,01001101110110111101,2.0,01001101110110111101
57,2.0,01001101110110111101,2.0,01001101110110111101
57,2.0,01001101110110111101,2.0,01001101110110111101
57,2.0,01001101110110111101,2.0,01001101110110111101
57,2.0,01001101110110111101,2.0,01001101110110111101
57,2.0,01001101110110111101,2.0,01001101110110111101
57,2.0,01001101110110111101,2.0,01001101110110111101
57,2.0,01001101110110111101,2.0,01001101110110111101
57,2.0,01001101110110111101,2.0,01001101110110111101
57,2.0,01001101110110111101,2.0,01001101110110111101
57,2.0,01001101110110111101,2.0,01001101110110111101
57,2.0,01001101110110111101,0.0,01000101111110011000
57,0.0,01000101111110011000,0.0,01000101111110011000
57,0.0,01000101111110011000,0.0,01000101111110011000
57,0.0,01000101111110011000,0.0,01000101111110011000
57,0.0,01000101111110011000,0.0,01000101111110011000
57,0.0,01000101111110011000,0.0,01000101111110011000
57,0.0,01000101111110011000,0.0,01000101111110011000
57,0.0,01000101111110011000,0.0,01000101111110011000
57,0.0,01000101111110011000,0.0,01000101111110011000
57,0.0,01000101111110011000,0.0,01000101111110011000
57,0.0,01000101111110011000,0.0,01000101111110011000
57,0.0,01000101111110011000,0.0,01000101111110011000
57,0.0,01000101111110011000,0.0,01000101111110011000
57,0.0,01000101111110011000,0.0,01000101111110011000
57,0.0,01000101111110011000,0.0,01000101111110011000
57,0.0,01000101111110011000,0.0,01000101111110011000
57,0.0,01000101111110011000,0.0,01000101111110011000
57,0.0,01000101111110011000,0.0,01000101111110011000
57,0.0,01000101111110011000,0.0,01000101111110011000
57,0.0,01000101111110011000,0.0,01000101111110011000
57,0.0,01000101111110011000,0.0,01000101111110011000
57,0.0,01000101111110011000,0.0,01000101111110011000
57,0.0,01000101111110011000,0.0,01000101111110011000
57,0.0,01000101111110011000,0.0,01000101111110011000
57,0.0,01000101111110011000,0.0,01000101111110011000
57,0.0,01000101111110011000,0.0,01000101111110011000
57,0.0,01000101111110011000,0.0,01000101111110011000
57,0.0,01000101111110011000,0.0,01000101111110011000
57,0.0,01000101111110011000,0.0,01000101111110011000
57,0.0,01000101111110011000,0.0,01000101111110011000
57,0.0,01000101111110011000,0.0,01000101111110011000
57,0.0,01000101111110011000,0.0,01000101111110011000
57,0.0,01000101111110011000,0.0,01000101111110011000
57,0.0,01000101111110011000,0.0,01000101111110011000
57,0.0,01000101111110011000,0.0,01000101111110011000
57,0.0,01000101111110011000,0.0,01000101111110011000
57,0.0,01000101111110011000,0.0,01000101111110011000
57,0.0,01000101111110011000,0.0,01000101111110011000
57,0.0,01000101111110011000,0.0,01000101111110011000
57,0.0,01000101111110011000,0.0,01000101111110011000
57,0.0,01000101111110011000,0.0,01000101111110011000
57,0.0,01000101111110011000,0.0,01000101111110011000
57,0.0,01000101111110011000,0.0,01000101111110011000
57,0.0,01000101111110011000,0.0,01000101111110011000
57,0.0,01000101111110011000,0.0,01000101111110011000
57,0.0,01000101111110011000,0.0,01000101111110011000
57,0.0,01000101111110011000,0.0,01000101111110011000
57,0.0,01000101111110011000,0.0,01000101111110011000
57,0.0,01000101111110011000,0.0,01000101111110011000
57,0.0,01000101111110011000,0.0,01000101111110011000
57,0.0,01000101111110011000,0.0,01000101111110011000
58,282.0,00011101001001101011,282.0,00011101001001101011
58,282.0,00011101001001101011,208.0,00011001101001101000
58,208.0,00011001101001101000,166.0,10001101111001101001
58,166.0,10001101111001101001,154.0,01001101011001011010
58,154.0,01001101011001011010,150.0,01001001001101011011
58,150.0,01001001001101011011,150.0,01001001001101011011
58,150.0,01001001001101011011,126.0,11000101001110011010
58,126.0,11000101001110011010,88.0,11000101101100011011
58,88.0,11000101101100011011,60.0,11000001101100111000
58,60.0,11000001101100111000,60.0,11000001101100111000
58,60.0,11000001101100111000,60.0,11000001101100111000
58,60.0,11000001101100111000,60.0,11000001101100111000
58,60.0,11000001101100111000,60.0,11000001101100111000
58,60.0,11000001101100111000,56.0,11001001101010111011
58,56.0,11001001101010111011,56.0,11001001101010111011
58,56.0,11001001101010111011,56.0,11001001101010111011
58,56.0,11001001101010111011,56.0,11001001101010111011
58,56.0,11001001101010111011,52.0,01010101110010111010
58,52.0,01010101110010111010,52.0,01010101110010111010
58,52.0,01010101110010111010,52.0,01010101110010111010
58,52.0,01010101110010111010,52.0,01010101110010111010
58,52.0,01010101110010111010,52.0,01010101110010111010
58,52.0,01010101110010111010,52.0,01010101110010111010
58,52.0,01010101110010111010,52.0,01010101110010111010
58,52.0,01010101110010111010,52.0,01010101110010111010
58,52.0,01010101110010111010,2.0,01001101110110111101
58,2.0,01001101110110111101,2.0,01001101110110111101
58,2.0,01001101110110111101,2.0,01001101110110111101
58,2.0,01001101110110111101,2.0,01001101110110111101
58,2.0,01001101110110111101,2.0,01001101110110111101
58,2.0,01001101110110111101,2.0,01001101110110111101
58,2.0,01001101110110111101,2.0,01001101110110111101
58,2.0,01001101110110111101,2.0,01001101110110111101
58,2.0,01001101110110111101,2.0,01001101110110111101
58,2.0,01001101110110111101,2.0,01001101110110111101
58,2.0,01001101110110111101,2.0,01001101110110111101
58,2.0,01001101110110111101,2.0,01001101110110111101
58,2.0,01001101110110111101,2.0,01001101110110111101
58,2.0,01001101110110111101,2.0,01001101110110111101
58,2.0,01001101110110111101,2.0,01001101110110111101
58,2.0,01001101110110111101,2.0,01001101110110111101
58,2.0,01001101110110111101,2.0,01001101110110111101
58,2.0,01001101110110111101,2.0,01001101110110111101
58,2.0,01001101110110111101,2.0,01001101110110111101
58,2.0,01001101110110111101,2.0,01001101110110111101
58,2.0,01001101110110111101,2.0,01001101110110111101
58,2.0,01001101110110111101,2.0,01001101110110111101
58,2.0,01001101110110111101,2.0,01001101110110111101
58,2.0,01001101110110111101,2.0,01001101110110111101
58,2.0,01001101110110111101,2.0,01001101110110111101
58,2.0,01001101110110111101,2.0,01001101110110111101
58,2.0,01001101110110111101,2.0,01001101110110111101
58,2.0,01001101110110111101,0.0,01000101111110011000
58,0.0,01000101111110011000,0.0,01000101111110011000
58,0.0,01000101111110011000,0.0,01000101111110011000
58,0.0,01000101111110011000,0.0,01000101111110011000
58,0.0,01000101111110011000,0.0,01000101111110011000
58,0.0,01000101111110011000,0.0,01000101111110011000
58,0.0,01000101111110011000,0.0,01000101111110011000
58,0.0,01000101111110011000,0.0,01000101111110011000
58,0.0,01000101111110011000,0.0,01000101111110011000
58,0.0,01000101111110011000,0.0,01000101111110011000
58,0.0,01000101111110011000,0.0,01000101111110011000
58,0.0,01000101111110011000,0.0,01000101111110011000
58,0.0,01000101111110011000,0.0,01000101111110011000
58,0.0,01000101111110011000,0.0,01000101111110011000
58,0.0,01000101111110011000,0.0,01000101111110011000
58,0.0,01000101111110011000,0.0,01000101111110011000
58,0.0,01000101111110011000,0.0,01000101111110011000
58,0.0,01000101111110011000,0.0,01000101111110011000
58,0.0,01000101111110011000,0.0,01000101111110011000
58,0.0,01000101111110011000,0.0,01000101111110011000
58,0.0,01000101111110011000,0.0,01000101111110011000
58,0.0,01000101111110011000,0.0,01000101111110011000
58,0.0,01000101111110011000,0.0,01000101111110011000
58,0.0,01000101111110011000,0.0,01000101111110011000
58,0.0,01000101111110011000,0.0,01000101111110011000
58,0.0,01000101111110011000,0.0,01000101111110011000
58,0.0,01000101111110011000,0.0,01000101111110011000
58,0.0,01000101111110011000,0.0,01000101111110011000
58,0.0,01000101111110011000,0.0,01000101111110011000
58,0.0,01000101111110011000,0.0,01000101111110011000
58,0.0,01000101111110011000,0.0,01000101111110011000
58,0.0,01000101111110011000,0.0,01000101111110011000
58,0.0,01000101111110011000,0.0,01000101111110011000
58,0.0,01000101111110011000,0.0,01000101111110011000
58,0.0,01000101111110011000,0.0,01000101111110011000
58,0.0,01000101111110011000,0.0,01000101111110011000
59,958.0,00101010011110111000,456.0,00110010011100001000
59,456.0,00110010011100001000,4.0,00111010001100101001
59,4.0,00111010001100101001,4.0,00111010001100101001
59,4.0,00111010001100101001,4.0,00111010001100101001
59,4.0,00111010001100101001,4.0,00111010001100101001
59,4.0,00111010001100101001,4.0,00111010001100101001
59,4.0,00111010001100101001,4.0,00111010001100101001
59,4.0,00111010001100101001,4.0,00111010001100101001
59,4.0,00111010001100101001,4.0,00111010001100101001
59,4.0,00111010001100101001,4.0,00111010001100101001
59,4.0,00111010001100101001,4.0,00111010001100101001
59,4.0,00111010001100101001,4.0,00111010001100101001
59,4.0,00111010001100101001,4.0,00111010001100101001
59,4.0,00111010001100101001,4.0,00111010001100101001
59,4.0,00111010001100101001,4.0,00111010001100101001
59,4.0,00111010001100101001,4.0,00111010001100101001
59,4.0,00111010001100101001,4.0,00111010001100101001
59,4.0,00111010001100101001,4.0,00111010001100101001
59,4.0,00111010001100101001,4.0,00111010001100101001
59,4.0,00111010001100101001,4.0,00111010001100101001
59,4.0,00111010001100101001,4.0,00111010001100101001
59,4.0,00111010001100101001,4.0,00111010001100101001
59,4.0,00111010001100101001,4.0,00111010001100101001
59,4.0,00111010001100101001,2.0,00111100001101110011
59,2.0,00111100001101110011,2.0,00111100001101110011
59,2.0,00111100001101110011,2.0,00111100001101110011
59,2.0,00111100001101110011,2.0,00111100001101110011
59,2.0,00111100001101110011,2.0,00111100001101110011
59,2.0,00111100001101110011,2.0,00111100001101110011
59,2.0,00111100001101110011,2.0,00111100001101110011
59,2.0,00111100001101110011,2.0,00111100001101110011
59,2.0,00111100001101110011,2.0,00111100001101110011
59,2.0,00111100001101110011,2.0,00111100001101110011
59,2.0,00111100001101110011,2.0,00111100001101110011
59,2.0,00111100001101110011,2.0,00111100001101110011
59,2.0,00111100001101110011,2.0,00111100001101110011
59,2.0,00111100001101110011,2.0,00111100001101110011
59,2.0,00111100001101110011,2.0,00111100001101110011
59,2.0,00111100001101110011,2.0,00111100001101110011
59,2.0,00111100001101110011,2.0,00111100001101110011
59,2.0,00111100001101110011,2.0,00111100001101110011
59,2.0,00111100001101110011,2.0,00111100001101110011
59,2.0,00111100001101110011,2.0,00111100001101110011
59,2.0,00111100001101110011,2.0,00111100001101110011
59,2.0,00111100001101110011,2.0,00111100001101110011
59,2.0,00111100001101110011,2.0,00111100001101110011
59,2.0,00111100001101110011,2.0,00111100001101110011
59,2.0,00111100001101110011,2.0,00111100001101110011
59,2.0,00111100001101110011,2.0,00111100001101110011
59,2.0,00111100001101110011,2.0,00111100001101110011
59,2.0,00111100001101110011,2.0,00111100001101110011
59,2.0,00111100001101110011,2.0,00111100001101110011
59,2.0,00111100001101110011,2.0,00111100001101110011
59,2.0,00111100001101110011,2.0,00111100001101110011
59,2.0,00111100001101110011,2.0,00111100001101110011
59,2.0,00111100001101110011,2.0,00111100001101110011
59,2.0,00111100001101110011,2.0,00111100001101110011
59,2.0,00111100001101110011,2.0,00111100001101110011
60,52.0,00100111111010010000,32.0,00100100011011011100
60,32.0,00100100011011011100,32.0,00100100011011011100
60,32.0,00100100011011011100,32.0,00100100011011011100
60,32.0,00100100011011011100,32.0,00100100011011011100
60,32.0,00100100011011011100,32.0,00100100011011011100
60,32.0,00100100011011011100,30.0,10001010001110111101
60,30.0,10001010001110111101,30.0,10001010001110111101
60,30.0,10001010001110111101,30.0,10001010001110111101
60,30.0,10001010001110111101,30.0,10001010001110111101
60,30.0,10001010001110111101,30.0,10001010001110111101
60,30.0,10001010001110111101,30.0,10001010001110111101
60,30.0,10001010001110111101,30.0,10001010001110111101
60,30.0,10001010001110111101,30.0,10001010001110111101
60,30.0,10001010001110111101,12.0,11001000011110111101
60,12.0,11001000011110111101,12.0,11001000011110111101
60,12.0,11001000011110111101,12.0,11001000011110111101
60,12.0,11001000011110111101,12.0,11001000011110111101
60,12.0,11001000011110111101,12.0,11001000011110111101
60,12.0,11001000011110111101,12.0,11001000011110111101
60,12.0,11001000011110111101,12.0,11001000011110111101
60,12.0,11001000011110111101,12.0,11001000011110111101
60,12.0,11001000011110111101,12.0,11001000011110111101
60,12.0,11001000011110111101,12.0,11001000011110111101
60,12.0,11001000011110111101,12.0,11001000011110111101
60,12.0,11001000011110111101,12.0,11001000011110111101
60,12.0,11001000011110111101,12.0,11001000011110111101
60,12.0,11001000011110111101,12.0,11001000011110111101
60,12.0,11001000011110111101,12.0,11001000011110111101
60,12.0,11001000011110111101,12.0,11001000011110111101
60,12.0,11001000011110111101,12.0,11001000011110111101
60,12.0,11001000011110111101,12.0,11001000011110111101
60,12.0,11001000011110111101,12.0,11001000011110111101
60,12.0,11001000011110111101,12.0,11001000011110111101
60,12.0,11001000011110111101,12.0,11001000011110111101
60,12.0,11001000011110111101,12.0,11001000011110111101
60,12.0,11001000011110111101,10.0,01000100011111111011
60,10.0,01000100011111111011,10.0,01000100011111111011
60,10.0,01000100011111111011,10.0,01000100011111111011
60,10.0,01000100011111111011,10.0,01000100011111111011
60,10.0,01000100011111111011,10.0,01000100011111111011
60,10.0,01000100011111111011,2.0,01001101110110111101
60,2.0,01001101110110111101,2.0,01001101110110111101
60,2.0,01001101110110111101,2.0,01001101110110111101
60,2.0,01001101110110111101,2.0,01001101110110111101
60,2.0,01001101110110111101,2.0,01001101110110111101
60,2.0,01001101110110111101,2.0,01001101110110111101
60,2.0,01001101110110111101,2.0,01001101110110111101
60,2.0,01001101110110111101,2.0,01001101110110111101
60,2.0,01001101110110111101,2.0,01001101110110111101
60,2.0,01001101110110111101,2.0,01001101110110111101
60,2.0,01001101110110111101,2.0,01001101110110111101
60,2.0,01001101110110111101,2.0,01001101110110111101
60,2.0,01001101110110111101,2.0,01001101110110111101
60,2.0,01001101110110111101,2.0,01001101110110111101
60,2.0,01001101110110111101,2.0,01001101110110111101
60,2.0,01001101110110111101,2.0,01001101110110111101
60,2.0,01001101110110111101,2.0,01001101110110111101
60,2.0,01001101110110111101,2.0,01001101110110111101
60,2.0,01001101110110111101,2.0,01001101110110111101
60,2.0,01001101110110111101,2.0,01001101110110111101
60,2.0,01001101110110111101,2.0,01001101110110111101
60,2.0,01001101110110111101,2.0,01001101110110111101
60,2.0,01001101110110111101,2.0,01001101110110111101
60,2.0,01001101110110111101,2.0,01001101110110111101
60,2.0,01001101110110111101,2.0,01001101110110111101
60,2.0,01001101110110111101,2.0,01001101110110111101
60,2.0,01001101110110111101,2.0,01001101110110111101
60,2.0,01001101110110111101,2.0,01001101110110111101
60,2.0,01001101110110111101,2.0,01001101110110111101
60,2.0,01001101110110111101,2.0,01001101110110111101
60,2.0,01001101110110111101,2.0,01001101110110111101
60,2.0,01001101110110111101,2.0,01001101110110111101
60,2.0,01001101110110111101,2.0,01001101110110111101
60,2.0,01001101110110111101,2.0,01001101110110111101
60,2.0,01001101110110111101,2.0,01001101110110111101
60,2.0,01001101110110111101,2.0,01001101110110111101
60,2.0,01001101110110111101,2.0,01001101110110111101
60,2.0,01001101110110111101,2.0,01001101110110111101
60,2.0,01001101110110111101,2.0,01001101110110111101
60,2.0,01001101110110111101,2.0,01001101110110111101
60,2.0,01001101110110111101,2.0,01001101110110111101
60,2.0,01001101110110111101,2.0,01001101110110111101
60,2.0,01001101110110111101,2.0,01001101110110111101
60,2.0,01001101110110111101,2.0,01001101110110111101
60,2.0,01001101110110111101,2.0,01001101110110111101
60,2.0,01001101110110111101,2.0,01001101110110111101
60,2.0,01001101110110111101,2.0,01001101110110111101
60,2.0,01001101110110111101,2.0,01001101110110111101
61,2900.0,11100001110010111000,92.0,11101101110010011001
61,92.0,11101101110010011001,4.0,01100110110010011111
61,4.0,01100110110010011111,4.0,01100110110010011111
61,4.0,01100110110010011111,4.0,01100110110010011111
61,4.0,01100110110010011111,4.0,01100110110010011111
61,4.0,01100110110010011111,4.0,01100110110010011111
61,4.0,01100110110010011111,4.0,01100110110010011111
61,4.0,01100110110010011111,4.0,01100110110010011111
61,4.0,01100110110010011111,4.0,01100110110010011111
61,4.0,01100110110010011111,4.0,01100110110010011111
61,4.0,01100110110010011111,4.0,01100110110010011111
61,4.0,01100110110010011111,4.0,01100110110010011111
61,4.0,01100110110010011111,4.0,01100110110010011111
61,4.0,01100110110010011111,4.0,01100110110010011111
61,4.0,01100110110010011111,4.0,01100110110010011111
61,4.0,01100110110010011111,4.0,01100110110010011111
61,4.0,01100110110010011111,4.0,01100110110010011111
61,4.0,01100110110010011111,4.0,01100110110010011111
61,4.0,01100110110010011111,4.0,01100110110010011111
61,4.0,01100110110010011111,4.0,01100110110010011111
61,4.0,01100110110010011111,4.0,01100110110010011111
61,4.0,01100110110010011111,4.0,01100110110010011111
61,4.0,01100110110010011111,4.0,01100110110010011111
61,4.0,01100110110010011111,4.0,01100110110010011111
61,4.0,01100110110010011111,4.0,01100110110010011111
61,4.0,01100110110010011111,4.0,01100110110010011111
61,4.0,01100110110010011111,4.0,01100110110010011111
62,142.0,11100001010111100000,4.0,11100101110110110001
62,4.0,11100101110110110001,4.0,11100101110110110001
62,4.0,11100101110110110001,4.0,11100101110110110001
62,4.0,11100101110110110001,4.0,11100101110110110001
62,4.0,11100101110110110001,4.0,11100101110110110001
62,4.0,11100101110110110001,4.0,11100101110110110001
62,4.0,11100101110110110001,4.0,11100101110110110001
62,4.0,11100101110110110001,4.0,11100101110110110001
62,4.0,11100101110110110001,4.0,11100101110110110001
62,4.0,11100101110110110001,4.0,11100101110110110001
62,4.0,11100101110110110001,4.0,11100101110110110001
62,4.0,11100101110110110001,4.0,11100101110110110001
62,4.0,11100101110110110001,2.0,01001101110110111101
62,2.0,01001101110110111101,2.0,01001101110110111101
62,2.0,01001101110110111101,2.0,01001101110110111101
62,2.0,01001101110110111101,0.0,01000101111110011000
62,0.0,01000101111110011000,0.0,01000101111110011000
62,0.0,01000101111110011000,0.0,01000101111110011000
62,0.0,01000101111110011000,0.0,01000101111110011000
62,0.0,01000101111110011000,0.0,01000101111110011000
62,0.0,01000101111110011000,0.0,01000101111110011000
62,0.0,01000101111110011000,0.0,01000101111110011000
62,0.0,01000101111110011000,0.0,01000101111110011000
62,0.0,01000101111110011000,0.0,01000101111110011000
62,0.0,01000101111110011000,0.0,01000101111110011000
62,0.0,01000101111110011000,0.0,01000101111110011000
62,0.0,01000101111110011000,0.0,01000101111110011000
62,0.0,01000101111110011000,0.0,01000101111110011000
62,0.0,01000101111110011000,0.0,01000101111110011000
62,0.0,01000101111110011000,0.0,01000101111110011000
62,0.0,01000101111110011000,0.0,01000101111110011000
62,0.0,01000101111110011000,0.0,01000101111110011000
62,0.0,01000101111110011000,0.0,01000101111110011000
62,0.0,01000101111110011000,0.0,01000101111110011000
62,0.0,01000101111110011000,0.0,01000101111110011000
62,0.0,01000101111110011000,0.0,01000101111110011000
62,0.0,01000101111110011000,0.0,01000101111110011000
62,0.0,01000101111110011000,0.0,01000101111110011000
62,0.0,01000101111110011000,0.0,01000101111110011000
62,0.0,01000101111110011000,0.0,01000101111110011000
62,0.0,01000101111110011000,0.0,01000101111110011000
62,0.0,01000101111110011000,0.0,01000101111110011000
62,0.0,01000101111110011000,0.0,01000101111110011000
62,0.0,01000101111110011000,0.0,01000101111110011000
62,0.0,01000101111110011000,0.0,01000101111110011000
62,0.0,01000101111110011000,0.0,01000101111110011000
63,704.0,01111100111100010011,442.0,01111010001100010000
63,442.0,01111010001100010000,358.0,00111011001000010000
63,358.0,00111011001000010000,76.0,00110011001000010001
63,76.0,00110011001000010001,50.0,10011011101000010001
63,50.0,10011011101000010001,50.0,10011011101000010001
63,50.0,10011011101000010001,50.0,10011011101000010001
63,50.0,10011011101000010001,50.0,10011011101000010001
63,50.0,10011011101000010001,50.0,10011011101000010001
63,50.0,10011011101000010001,40.0,10011001101010010101
63,40.0,10011001101010010101,40.0,10011001101010010101
63,40.0,10011001101010010101,40.0,10011001101010010101
63,40.0,10011001101010010101,40.0,10011001101010010101
63,40.0,10011001101010010101,40.0,10011001101010010101
63,40.0,10011001101010010101,40.0,10011001101010010101
63,40.0,10011001101010010101,40.0,10011001101010010101
63,40.0,10011001101010010101,40.0,10011001101010010101
63,40.0,10011001101010010101,40.0,10011001101010010101
63,40.0,10011001101010010101,40.0,10011001101010010101
63,40.0,10011001101010010101,40.0,10011001101010010101
63,40.0,10011001101010010101,40.0,10011001101010010101
63,40.0,10011001101010010101,32.0,10011000011011010110
63,32.0,10011000011011010110,32.0,10011000011011010110
63,32.0,10011000011011010110,32.0,10011000011011010110
63,32.0,10011000011011010110,32.0,10011000011011010110
63,32.0,10011000011011010110,32.0,10011000011011010110
63,32.0,10011000011011010110,28.0,00011010011011110001
63,28.0,00011010011011110001,28.0,00011010011011110001
63,28.0,00011010011011110001,28.0,00011010011011110001
63,28.0,00011010011011110001,28.0,00011010011011110001
63,28.0,00011010011011110001,20.0,00001010111011111010
63,20.0,00001010111011111010,20.0,00001010111011111010
63,20.0,00001010111011111010,20.0,00001010111011111010
63,20.0,00001010111011111010,20.0,00001010111011111010
63,20.0,00001010111011111010,20.0,00001010111011111010
63,20.0,00001010111011111010,20.0,00001010111011111010
63,20.0,00001010111011111010,20.0,00001010111011111010
63,20.0,00001010111011111010,20.0,00001010111011111010
63,20.0,00001010111011111010,20.0,00001010111011111010
63,20.0,00001010111011111010,20.0,00001010111011111010
63,20.0,00001010111011111010,20.0,00001010111011111010
63,20.0,00001010111011111010,20.0,00001010111011111010
63,20.0,00001010111011111010,20.0,00001010111011111010
63,20.0,00001010111011111010,20.0,00001010111011111010
63,20.0,00001010111011111010,20.0,00001010111011111010
63,20.0,00001010111011111010,20.0,00001010111011111010
63,20.0,00001010111011111010,20.0,00001010111011111010
63,20.0,00001010111011111010,20.0,00001010111011111010
63,20.0,00001010111011111010,20.0,00001010111011111010
64,684.0,00001011111000101110,682.0,10100011111000100010
64,682.0,10100011111000100010,110.0,10100011001001000010
64,110.0,10100011001001000010,110.0,10100011001001000010
64,110.0,10100011001001000010,102.0,11101011001000100011
64,102.0,11101011001000100011,102.0,11101011001000100011
64,102.0,11101011001000100011,102.0,11101011001000100011
64,102.0,11101011001000100011,102.0,11101011001000100011
64,102.0,11101011001000100011,102.0,11101011001000100011
64,102.0,11101011001000100011,102.0,11101011001000100011
64,102.0,11101011001000100011,92.0,11101010001100100110
64,92.0,11101010001100100110,92.0,11101010001100100110
64,92.0,11101010001100100110,70.0,11101010101110100011
64,70.0,11101010101110100011,70.0,11101010101110100011
64,70.0,11101010101110100011,70.0,11101010101110100011
64,70.0,11101010101110100011,70.0,11101010101110100011
64,70.0,11101010101110100011,70.0,11101010101110100011
64,70.0,11101010101110100011,70.0,11101010101110100011
64,70.0,11101010101110100011,70.0,11101010101110100011
64,70.0,11101010101110100011,70.0,11101010101110100011
64,70.0,11101010101110100011,70.0,11101010101110100011
64,70.0,11101010101110100011,22.0,11100010001100101001
64,22.0,11100010001100101001,18.0,11000111001000101011
64,18.0,11000111001000101011,18.0,11000111001000101011
64,18.0,11000111001000101011,18.0,11000111001000101011
64,18.0,11000111001000101011,18.0,11000111001000101011
64,18.0,11000111001000101011,18.0,11000111001000101011
64,18.0,11000111001000101011,18.0,11000111001000101011
64,18.0,11000111001000101011,18.0,11000111001000101011
64,18.0,11000111001000101011,18.0,11000111001000101011
64,18.0,11000111001000101011,18.0,11000111001000101011
64,18.0,11000111001000101011,0.0,00011111001000101011
64,0.0,00011111001000101011,0.0,00011111001000101011
64,0.0,00011111001000101011,0.0,00011111001000101011
64,0.0,00011111001000101011,0.0,00011111001000101011
64,0.0,00011111001000101011,0.0,00011111001000101011
64,0.0,00011111001000101011,0.0,00011111001000101011
64,0.0,00011111001000101011,0.0,00011111001000101011
64,0.0,00011111001000101011,0.0,00011111001000101011
64,0.0,00011111001000101011,0.0,00011111001000101011
64,0.0,00011111001000101011,0.0,00011111001000101011
64,0.0,00011111001000101011,0.0,00011111001000101011
64,0.0,00011111001000101011,0.0,00011111001000101011
64,0.0,00011111001000101011,0.0,00011111001000101011
64,0.0,00011111001000101011,0.0,00011111001000101011
64,0.0,00011111001000101011,0.0,00011111001000101011
64,0.0,00011111001000101011,0.0,00011111001000101011
64,0.0,00011111001000101011,0.0,00011111001000101011
64,0.0,00011111001000101011,0.0,00011111001000101011
64,0.0,00011111001000101011,0.0,00011111001000101011
64,0.0,00011111001000101011,0.0,00011111001000101011
64,0.0,00011111001000101011,0.0,00011111001000101011
64,0.0,00011111001000101011,0.0,00011111001000101011
64,0.0,00011111001000101011,0.0,00011111001000101011
64,0.0,00011111001000101011,0.0,00011111001000101011
64,0.0,00011111001000101011,0.0,00011111001000101011
64,0.0,00011111001000101011,0.0,00011111001000101011
64,0.0,00011111001000101011,0.0,00011111001000101011
64,0.0,00011111001000101011,0.0,00011111001000101011
64,0.0,00011111001000101011,0.0,00011111001000101011
64,0.0,00011111001000101011,0.0,00011111001000101011
64,0.0,00011111001000101011,0.0,00011111001000101011
64,0.0,00011111001000101011,0.0,00011111001000101011
64,0.0,00011111001000101011,0.0,00011111001000101011
64,0.0,00011111001000101011,0.0,00011111001000101011
64,0.0,00011111001000101011,0.0,00011111001000101011
64,0.0,00011111001000101011,0.0,00011111001000101011
64,0.0,00011111001000101011,0.0,00011111001000101011
64,0.0,00011111001000101011,0.0,00011111001000101011
64,0.0,00011111001000101011,0.0,00011111001000101011
64,0.0,00011111001000101011,0.0,00011111001000101011
64,0.0,00011111001000101011,0.0,00011111001000101011
64,0.0,00011111001000101011,0.0,00011111001000101011
64,0.0,00011111001000101011,0.0,00011111001000101011
64,0.0,00011111001000101011,0.0,00011111001000101011
64,0.0,00011111001000101011,0.0,00011111001000101011
64,0.0,00011111001000101011,0.0,00011111001000101011
64,0.0,00011111001000101011,0.0,00011111001000101011
64,0.0,00011111001000101011,0.0,00011111001000101011
64,0.0,00011111001000101011,0.0,00011111001000101011
64,0.0,00011111001000101011,0.0,00011111001000101011
65,450.0,00110111000001100010,450.0,00110111000001100010
65,450.0,00110111000001100010,44.0,00110001000001110110
65,44.0,00110001000001110110,44.0,00110001000001110110
65,44.0,00110001000001110110,44.0,00110001000001110110
65,44.0,00110001000001110110,44.0,00110001000001110110
65,44.0,00110001000001110110,44.0,00110001000001110110
65,44.0,00110001000001110110,44.0,00110001000001110110
65,44.0,00110001000001110110,44.0,00110001000001110110
65,44.0,00110001000001110110,44.0,00110001000001110110
65,44.0,00110001000001110110,44.0,00110001000001110110
65,44.0,00110001000001110110,44.0,00110001000001110110
65,44.0,00110001000001110110,44.0,00110001000001110110
65,44.0,00110001000001110110,44.0,00110001000001110110
65,44.0,00110001000001110110,44.0,00110001000001110110
65,44.0,00110001000001110110,22.0,00110001100011110011
65,22.0,00110001100011110011,22.0,00110001100011110011
65,22.0,00110001100011110011,22.0,00110001100011110011
65,22.0,00110001100011110011,22.0,00110001100011110011
65,22.0,00110001100011110011,22.0,00110001100011110011
65,22.0,00110001100011110011,22.0,00110101100011000110
65,22.0,00110101100011000110,22.0,00110101100011000110
65,22.0,00110101100011000110,22.0,00011101110011010110
65,22.0,00011101110011010110,22.0,00011101110011010110
65,22.0,00011101110011010110,22.0,00011101110011010110
65,22.0,00011101110011010110,22.0,00011101110011010110
65,22.0,00011101110011010110,22.0,00011101110011010110
65,22.0,00011101110011010110,22.0,00011111100001100100
65,22.0,00011111100001100100,22.0,00011111100001100100
65,22.0,00011111100001100100,22.0,00011111100001100100
65,22.0,00011111100001100100,22.0,00011111100001100100
65,22.0,00011111100001100100,22.0,00011111100001100100
65,22.0,00011111100001100100,4.0,11000111100001100100
65,4.0,11000111100001100100,4.0,11000111100001100100
65,4.0,11000111100001100100,4.0,11000111100001100100
65,4.0,11000111100001100100,4.0,11000111100001100100
65,4.0,11000111100001100100,4.0,11000111100001100100
65,4.0,11000111100001100100,4.0,11000111100001100100
65,4.0,11000111100001100100,4.0,11000111100001100100
65,4.0,11000111100001100100,4.0,11000111100001100100
65,4.0,11000111100001100100,4.0,11000111100001100100
65,4.0,11000111100001100100,4.0,11000111100001100100
65,4.0,11000111100001100100,4.0,11000111100001100100
65,4.0,11000111100001100100,4.0,11000111100001100100
65,4.0,11000111100001100100,4.0,11000111100001100100
65,4.0,11000111100001100100,4.0,11000111100001100100
65,4.0,11000111100001100100,4.0,11000111100001100100
65,4.0,11000111100001100100,4.0,11000111100001100100
65,4.0,11000111100001100100,4.0,11000111100001100100
65,4.0,11000111100001100100,4.0,11000111100001100100
65,4.0,11000111100001100100,4.0,11000111100001100100
65,4.0,11000111100001100100,4.0,11000111100001100100
65,4.0,11000111100001100100,4.0,11000111100001100100
65,4.0,11000111100001100100,4.0,11000111100001100100
65,4.0,11000111100001100100,4.0,11000111100001100100
65,4.0,11000111100001100100,4.0,11000111100001100100
65,4.0,11000111100001100100,4.0,11000111100001100100
65,4.0,11000111100001100100,4.0,11000111100001100100
65,4.0,11000111100001100100,4.0,11000111100001100100
65,4.0,11000111100001100100,4.0,11000111100001100100
65,4.0,11000111100001100100,4.0,11000111100001100100
65,4.0,11000111100001100100,4.0,11000111100001100100
65,4.0,11000111100001100100,4.0,11000111100001100100
65,4.0,11000111100001100100,4.0,11000111100001100100
65,4.0,11000111100001100100,4.0,11000111100001100100
66,2930.0,00100011100101100100,688.0,01100011100101100000
66,688.0,01100011100101100000,12.0,00110111100001000010
66,12.0,00110111100001000010,12.0,00110111100001000010
66,12.0,00110111100001000010,12.0,00110111100001000010
66,12.0,00110111100001000010,12.0,00110111100001000010
66,12.0,00110111100001000010,12.0,00110111100001000010
66,12.0,00110111100001000010,12.0,00110111100001000010
66,12.0,00110111100001000010,12.0,00110111100001000010
66,12.0,00110111100001000010,12.0,00110111100001000010
66,12.0,00110111100001000010,12.0,00110111100001000010
66,12.0,00110111100001000010,12.0,00110111100001000010
66,12.0,00110111100001000010,12.0,00110111100001000010
66,12.0,00110111100001000010,12.0,00110111100001000010
66,12.0,00110111100001000010,12.0,00110111100001000010
66,12.0,00110111100001000010,12.0,00110111100001000010
66,12.0,00110111100001000010,12.0,00110111100001000010
66,12.0,00110111100001000010,12.0,00110111100001000010
66,12.0,00110111100001000010,12.0,00110111100001000010
66,12.0,00110111100001000010,12.0,00110111100001000010
66,12.0,00110111100001000010,12.0,00110111100001000010
66,12.0,00110111100001000010,12.0,00110111100001000010
66,12.0,00110111100001000010,12.0,00110111100001000010
66,12.0,00110111100001000010,12.0,00110111100001000010
66,12.0,00110111100001000010,12.0,00110111100001000010
66,12.0,00110111100001000010,12.0,00110111100001000010
66,12.0,00110111100001000010,12.0,00110111100001000010
66,12.0,00110111100001000010,12.0,00110111100001000010
66,12.0,00110111100001000010,12.0,00110111100001000010
66,12.0,00110111100001000010,12.0,00110111100001000010
66,12.0,00110111100001000010,12.0,00110111100001000010
66,12.0,00110111100001000010,12.0,00110111100001000010
66,12.0,00110111100001000010,2.0,00110001100001011000
66,2.0,00110001100001011000,2.0,00110001100001011000
66,2.0,00110001100001011000,2.0,00110001100001011000
66,2.0,00110001100001011000,2.0,00110001100001011000
66,2.0,00110001100001011000,2.0,00110001100001011000
66,2.0,00110001100001011000,2.0,00110001100001011000
66,2.0,00110001100001011000,2.0,00110001100001011000
66,2.0,00110001100001011000,2.0,00110001100001011000
66,2.0,00110001100001011000,2.0,00110001100001011000
66,2.0,00110001100001011000,2.0,00110001100001011000
66,2.0,00110001100001011000,2.0,00110001100001011000
66,2.0,00110001100001011000,2.0,00110001100001011000
66,2.0,00110001100001011000,2.0,00110001100001011000
66,2.0,00110001100001011000,2.0,00110001100001011000
66,2.0,00110001100001011000,2.0,00110001100001011000
66,2.0,00110001100001011000,2.0,00110001100001011000
66,2.0,00110001100001011000,2.0,00110001100001011000
66,2.0,00110001100001011000,2.0,00110001100001011000
66,2.0,00110001100001011000,2.0,00110001100001011000
66,2.0,00110001100001011000,2.0,00110001100001011000
66,2.0,00110001100001011000,2.0,00110001100001011000
66,2.0,00110001100001011000,2.0,00110001100001011000
66,2.0,00110001100001011000,2.0,00110001100001011000
66,2.0,00110001100001011000,2.0,00110001100001011000
66,2.0,00110001100001011000,2.0,00110001100001011000
66,2.0,00110001100001011000,2.0,00110001100001011000
66,2.0,00110001100001011000,2.0,00110001100001011000
66,2.0,00110001100001011000,2.0,00110001100001011000
66,2.0,00110001100001011000,2.0,00110001100001011000
66,2.0,00110001100001011000,2.0,00110001100001011000
66,2.0,00110001100001011000,2.0,00110001100001011000
66,2.0,00110001100001011000,2.0,00110001100001011000
66,2.0,00110001100001011000,2.0,00110001100001011000
66,2.0,00110001100001011000,2.0,00110001100001011000
66,2.0,00110001100001011000,2.0,00110001100001011000
66,2.0,00110001100001011000,2.0,00110001100001011000
66,2.0,00110001100001011000,2.0,00110001100001011000
66,2.0,00110001100001011000,2.0,00110001100001011000
66,2.0,00110001100001011000,2.0,00110001100001011000
66,2.0,00110001100001011000,2.0,00110001100001011000
66,2.0,00110001100001011000,2.0,00110001100001011000
66,2.0,00110001100001011000,2.0,00110001100001011000
66,2.0,00110001100001011000,2.0,00110001100001011000
66,2.0,00110001100001011000,2.0,00110001100001011000
66,2.0,00110001100001011000,2.0,00110001100001011000
66,2.0,00110001100001011000,2.0,00110001100001011000
66,2.0,00110001100001011000,2.0,00110001100001011000
66,2.0,00110001100001011000,2.0,00110001100001011000
67,566.0,11000001011101010000,566.0,11000001011101010000
67,566.0,11000001011101010000,200.0,11001000011101110111
67,200.0,11001000011101110111,200.0,11001000011101110111
67,200.0,11001000011101110111,70.0,11000100001101101110
67,70.0,11000100001101101110,22.0,11000010001001001110
67,22.0,11000010001001001110,22.0,11000010001001001110
67,22.0,11000010001001001110,22.0,11000010001001001110
67,22.0,11000010001001001110,22.0,11000010001001001110
67,22.0,11000010001001001110,22.0,11000010001001001110
67,22.0,11000010001001001110,22.0,11000010001001001110
67,22.0,11000010001001001110,4.0,00011010001001001110
67,4.0,00011010001001001110,4.0,00011010001001001110
67,4.0,00011010001001001110,4.0,00011010001001001110
67,4.0,00011010001001001110,4.0,00011010001001001110
67,4.0,00011010001001001110,4.0,00011010001001001110
67,4.0,00011010001001001110,4.0,00011010001001001110
67,4.0,00011010001001001110,4.0,00011010001001001110
67,4.0,00011010001001001110,4.0,00011010001001001110
67,4.0,00011010001001001110,4.0,00011010001001001110
67,4.0,00011010001001001110,4.0,00011010001001001110
67,4.0,00011010001001001110,4.0,00011010001001001110
67,4.0,00011010001001001110,4.0,00011010001001001110
67,4.0,00011010001001001110,4.0,00011010001001001110
67,4.0,00011010001001001110,4.0,00011010001001001110
67,4.0,00011010001001001110,4.0,00011010001001001110
67,4.0,00011010001001001110,4.0,00011010001001001110
67,4.0,00011010001001001110,4.0,00011010001001001110
67,4.0,00011010001001001110,4.0,00011010001001001110
67,4.0,00011010001001001110,4.0,00011010001001001110
67,4.0,00011010001001001110,4.0,00011010001001001110
67,4.0,00011010001001001110,4.0,00011010001001001110
67,4.0,00011010001001001110,4.0,00111010001100101001
67,4.0,00111010001100101001,4.0,00111010001100101001
67,4.0,00111010001100101001,4.0,00111010001100101001
67,4.0,00111010001100101001,4.0,00111010001100101001
67,4.0,00111010001100101001,4.0,00111010001100101001
67,4.0,00111010001100101001,4.0,00111010001100101001
67,4.0,00111010001100101001,4.0,00111010001100101001
67,4.0,00111010001100101001,4.0,00111010001100101001
67,4.0,00111010001100101001,4.0,00111010001100101001
67,4.0,00111010001100101001,4.0,00111010001100101001
67,4.0,00111010001100101001,4.0,00111010001100101001
67,4.0,00111010001100101001,4.0,00111010001100101001
67,4.0,00111010001100101001,4.0,00111010001100101001
67,4.0,00111010001100101001,4.0,00111010001100101001
68,678.0,00111100001111010010,34.0,00110000101111010001
68,34.0,00110000101111010001,2.0,00111100001101110011
68,2.0,00111100001101110011,2.0,00111100001101110011
68,2.0,00111100001101110011,2.0,00111100001101110011
68,2.0,00111100001101110011,2.0,00111100001101110011
68,2.0,00111100001101110011,2.0,00111100001101110011
68,2.0,00111100001101110011,2.0,00111100001101110011
68,2.0,00111100001101110011,2.0,00111100001101110011
68,2.0,00111100001101110011,2.0,00111100001101110011
68,2.0,00111100001101110011,2.0,00111100001101110011
68,2.0,00111100001101110011,2.0,00111100001101110011
68,2.0,00111100001101110011,2.0,00111100001101110011
68,2.0,00111100001101110011,2.0,00111100001101110011
68,2.0,00111100001101110011,2.0,00111100001101110011
68,2.0,00111100001101110011,2.0,00111100001101110011
68,2.0,00111100001101110011,2.0,00111100001101110011
68,2.0,00111100001101110011,2.0,00111100001101110011
68,2.0,00111100001101110011,2.0,00111100001101110011
68,2.0,00111100001101110011,2.0,00111100001101110011
68,2.0,00111100001101110011,2.0,00111100001101110011
68,2.0,00111100001101110011,2.0,00111100001101110011
68,2.0,00111100001101110011,2.0,00111100001101110011
68,2.0,00111100001101110011,2.0,00111100001101110011
68,2.0,00111100001101110011,2.0,00111100001101110011
68,2.0,00111100001101110011,2.0,00111100001101110011
69,3104.0,10111110011000100011,574.0,10110010111000100010
69,574.0,10110010111000100010,426.0,10011010011000110111
69,426.0,10011010011000110111,36.0,10011010111000010111
69,36.0,10011010111000010111,36.0,10011010111000010111
69,36.0,10011010111000010111,36.0,10011010111000010111
69,36.0,10011010111000010111,36.0,10011010111000010111
69,36.0,10011010111000010111,36.0,10011010111000010111
69,36.0,10011010111000010111,36.0,10011010111000010111
69,36.0,10011010111000010111,36.0,10011010111000010111
69,36.0,10011010111000010111,36.0,10011010111000010111
69,36.0,10011010111000010111,36.0,10011010111000010111
69,36.0,10011010111000010111,36.0,10011010111000010111
69,36.0,10011010111000010111,36.0,10011010111000010111
69,36.0,10011010111000010111,36.0,10011010111000010111
69,36.0,10011010111000010111,36.0,10011010111000010111
69,36.0,10011010111000010111,14.0,10010010111010100101
69,14.0,10010010111010100101,6.0,00010110110001101101
69,6.0,00010110110001101101,6.0,00010110110001101101
69,6.0,00010110110001101101,6.0,00010110110001101101
69,6.0,00010110110001101101,6.0,00010110110001101101
69,6.0,00010110110001101101,6.0,00010110110001101101
69,6.0,00010110110001101101,6.0,00010110110001101101
69,6.0,00010110110001101101,6.0,00010110110001101101
69,6.0,00010110110001101101,6.0,00010110110001101101
69,6.0,00010110110001101101,6.0,00010110110001101101
69,6.0,00010110110001101101,0.0,10111010000001100111
69,0.0,10111010000001100111,0.0,10111010000001100111
69,0.0,10111010000001100111,0.0,10111010000001100111
69,0.0,10111010000001100111,0.0,10111010000001100111
69,0.0,10111010000001100111,0.0,10111010000001100111
69,0.0,10111010000001100111,0.0,10111010000001100111
69,0.0,10111010000001100111,0.0,10111010000001100111
69,0.0,10111010000001100111,0.0,10111010000001100111
69,0.0,10111010000001100111,0.0,10111010000001100111
69,0.0,10111010000001100111,0.0,10111010000001100111
69,0.0,10111010000001100111,0.0,10111010000001100111
69,0.0,10111010000001100111,0.0,10111010000001100111
69,0.0,10111010000001100111,0.0,10111010000001100111
69,0.0,10111010000001100111,0.0,10111010000001100111
69,0.0,10111010000001100111,0.0,10111010000001100111
69,0.0,10111010000001100111,0.0,10111010000001100111
69,0.0,10111010000001100111,0.0,10111010000001100111
69,0.0,10111010000001100111,0.0,10111010000001100111
69,0.0,10111010000001100111,0.0,10111010000001100111
69,0.0,10111010000001100111,0.0,10111010000001100111
69,0.0,10111010000001100111,0.0,10111010000001100111
69,0.0,10111010000001100111,0.0,10111010000001100111
69,0.0,10111010000001100111,0.0,10111010000001100111
69,0.0,10111010000001100111,0.0,10111010000001100111
69,0.0,10111010000001100111,0.0,10111010000001100111
69,0.0,10111010000001100111,0.0,10111010000001100111
69,0.0,10111010000001100111,0.0,10111010000001100111
69,0.0,10111010000001100111,0.0,10111010000001100111
69,0.0,10111010000001100111,0.0,10111010000001100111
69,0.0,10111010000001100111,0.0,10111010000001100111
69,0.0,10111010000001100111,0.0,10111010000001100111
69,0.0,10111010000001100111,0.0,10111010000001100111
69,0.0,10111010000001100111,0.0,10111010000001100111
69,0.0,10111010000001100111,0.0,10111010000001100111
69,0.0,10111010000001100111,0.0,10111010000001100111
69,0.0,10111010000001100111,0.0,10111010000001100111
69,0.0,10111010000001100111,0.0,10111010000001100111
69,0.0,10111010000001100111,0.0,10111010000001100111
69,0.0,10111010000001100111,0.0,10111010000001100111
70,3632.0,11000000111001011100,258.0,01100000110011111100
70,258.0,01100000110011111100,24.0,01100010110010111100
70,24.0,01100010110010111100,24.0,01100010110010111100
70,24.0,01100010110010111100,24.0,01100010110010111100
70,24.0,01100010110010111100,24.0,01100010110010111100
70,24.0,01100010110010111100,24.0,01100010110010111100
70,24.0,01100010110010111100,24.0,01100010110010111100
70,24.0,01100010110010111100,24.0,01100010110010111100
70,24.0,01100010110010111100,24.0,01100010110010111100
70,24.0,01100010110010111100,24.0,01100010110010111100
70,24.0,01100010110010111100,24.0,01100010110010111100
70,24.0,01100010110010111100,6.0,00100111110010001110
70,6.0,00100111110010001110,6.0,00100111110010001110
70,6.0,00100111110010001110,6.0,00100111110010001110
70,6.0,00100111110010001110,6.0,00100111110010001110
70,6.0,00100111110010001110,6.0,00100111110010001110
70,6.0,00100111110010001110,6.0,00100111110010001110
70,6.0,00100111110010001110,6.0,00100111110010001110
70,6.0,00100111110010001110,6.0,00100111110010001110
70,6.0,00100111110010001110,6.0,00100111110010001110
70,6.0,00100111110010001110,6.0,00100111110010001110
70,6.0,00100111110010001110,6.0,00100111110010001110
70,6.0,00100111110010001110,6.0,00100111110010001110
70,6.0,00100111110010001110,6.0,00100111110010001110
70,6.0,00100111110010001110,6.0,00100111110010001110
70,6.0,00100111110010001110,6.0,00100111110010001110
70,6.0,00100111110010001110,6.0,00100111110010001110
70,6.0,00100111110010001110,6.0,00100111110010001110
70,6.0,00100111110010001110,6.0,00100111110010001110
70,6.0,00100111110010001110,6.0,00100111110010001110
70,6.0,00100111110010001110,6.0,00100111110010001110
70,6.0,00100111110010001110,6.0,00100111110010001110
70,6.0,00100111110010001110,6.0,00100111110010001110
70,6.0,00100111110010001110,6.0,00100111110010001110
70,6.0,00100111110010001110,6.0,00100111110010001110
70,6.0,00100111110010001110,6.0,00100111110010001110
70,6.0,00100111110010001110,6.0,00100111110010001110
70,6.0,00100111110010001110,6.0,00100111110010001110
70,6.0,00100111110010001110,6.0,00100111110010001110
70,6.0,00100111110010001110,6.0,00100111110010001110
70,6.0,00100111110010001110,6.0,00100111110010001110
70,6.0,00100111110010001110,6.0,00100111110010001110
70,6.0,00100111110010001110,6.0,00100111110010001110
70,6.0,00100111110010001110,6.0,00100111110010001110
70,6.0,00100111110010001110,6.0,00100111110010001110
70,6.0,00100111110010001110,6.0,00100011110010111011
70,6.0,00100011110010111011,6.0,00100011110010111011
70,6.0,00100011110010111011,6.0,00100011110010111011
71,252.0,11001111000011110010,252.0,11001111000011110010
71,252.0,11001111000011110010,238.0,10000111010011101010
71,238.0,10000111010011101010,238.0,10000111010011101010
71,238.0,10000111010011101010,238.0,10000111010011101010
71,238.0,10000111010011101010,116.0,10001111111000101001
71,116.0,10001111111000101001,0.0,00011111001000101011
71,0.0,00011111001000101011,0.0,00011111001000101011
71,0.0,00011111001000101011,0.0,00011111001000101011
71,0.0,00011111001000101011,0.0,00011111001000101011
71,0.0,00011111001000101011,0.0,00011111001000101011
71,0.0,00011111001000101011,0.0,00011111001000101011
71,0.0,00011111001000101011,0.0,00011111001000101011
71,0.0,00011111001000101011,0.0,00011111001000101011
71,0.0,00011111001000101011,0.0,00011111001000101011
71,0.0,00011111001000101011,0.0,00011111001000101011
71,0.0,00011111001000101011,0.0,00011111001000101011
71,0.0,00011111001000101011,0.0,00011111001000101011
71,0.0,00011111001000101011,0.0,00011111001000101011
71,0.0,00011111001000101011,0.0,00011111001000101011
71,0.0,00011111001000101011,0.0,00011111001000101011
71,0.0,00011111001000101011,0.0,00011111001000101011
71,0.0,00011111001000101011,0.0,00011111001000101011
71,0.0,00011111001000101011,0.0,00011111001000101011
71,0.0,00011111001000101011,0.0,00011111001000101011
71,0.0,00011111001000101011,0.0,00011111001000101011
71,0.0,00011111001000101011,0.0,00011111001000101011
71,0.0,00011111001000101011,0.0,00011111001000101011
71,0.0,00011111001000101011,0.0,00011111001000101011
71,0.0,00011111001000101011,0.0,00011111001000101011
71,0.0,00011111001000101011,0.0,00011111001000101011
71,0.0,00011111001000101011,0.0,00011111001000101011
71,0.0,00011111001000101011,0.0,00011111001000101011
71,0.0,00011111001000101011,0.0,00011111001000101011
71,0.0,00011111001000101011,0.0,00011111001000101011
71,0.0,00011111001000101011,0.0,00011111001000101011
71,0.0,00011111001000101011,0.0,00011111001000101011
71,0.0,00011111001000101011,0.0,00011111001000101011
71,0.0,00011111001000101011,0.0,00011111001000101011
71,0.0,00011111001000101011,0.0,00011111001000101011
71,0.0,00011111001000101011,0.0,00011111001000101011
71,0.0,00011111001000101011,0.0,00011111001000101011
71,0.0,00011111001000101011,0.0,00011111001000101011
71,0.0,00011111001000101011,0.0,00011111001000101011
71,0.0,00011111001000101011,0.0,00011111001000101011
71,0.0,00011111001000101011,0.0,00011111001000101011
71,0.0,00011111001000101011,0.0,00011111001000101011
71,0.0,00011111001000101011,0.0,00011111001000101011
71,0.0,00011111001000101011,0.0,00011111001000101011
71,0.0,00011111001000101011,0.0,00011111001000101011
71,0.0,00011111001000101011,0.0,00011111001000101011
71,0.0,00011111001000101011,0.0,00011111001000101011
71,0.0,00011111001000101011,0.0,00011111001000101011
71,0.0,00011111001000101011,0.0,00011111001000101011
72,274.0,11010101010010011011,16.0,11111100110010011001
72,16.0,11111100110010011001,16.0,11111100110010011001
72,16.0,11111100110010011001,16.0,11111100110010011001
72,16.0,11111100110010011001,16.0,11111100110010011001
72,16.0,11111100110010011001,16.0,11111100110010011001
72,16.0,11111100110010011001,16.0,11111100110010011001
72,16.0,11111100110010011001,16.0,11111100110010011001
72,16.0,11111100110010011001,16.0,11111100110010011001
72,16.0,11111100110010011001,16.0,11111100110010011001
72,16.0,11111100110010011001,16.0,11111100110010011001
72,16.0,11111100110010011001,16.0,11111100110010011001
72,16.0,11111100110010011001,16.0,11111100110010011001
72,16.0,11111100110010011001,16.0,11111100110010011001
72,16.0,11111100110010011001,16.0,11111100110010011001
72,16.0,11111100110010011001,16.0,11111100110010011001
72,16.0,11111100110010011001,16.0,11111100110010011001
72,16.0,11111100110010011001,16.0,11111100110010011001
72,16.0,11111100110010011001,16.0,11111100110010011001
72,16.0,11111100110010011001,16.0,11111100110010011001
72,16.0,11111100110010011001,16.0,10110110010010011000
72,16.0,10110110010010011000,16.0,10110110010010011000
72,16.0,10110110010010011000,16.0,10110110010010011000
72,16.0,10110110010010011000,16.0,10110110010010011000
72,16.0,10110110010010011000,16.0,11111100110010011001
72,16.0,11111100110010011001,16.0,11111100110010011001
72,16.0,11111100110010011001,16.0,11111100110010011001
72,16.0,11111100110010011001,16.0,11111100110010011001
72,16.0,11111100110010011001,6.0,11111100010000011100
72,6.0,11111100010000011100,6.0,11111100010000011100
72,6.0,11111100010000011100,6.0,11111100010000011100
72,6.0,11111100010000011100,6.0,11111100010000011100
72,6.0,11111100010000011100,6.0,11111100010000011100
72,6.0,11111100010000011100,6.0,11111100010000011100
72,6.0,11111100010000011100,6.0,11111100010000011100
72,6.0,11111100010000011100,2.0,11110010010000010100
72,2.0,11110010010000010100,2.0,11110010010000010100
72,2.0,11110010010000010100,2.0,11110010010000010100
72,2.0,11110010010000010100,2.0,11110010010000010100
72,2.0,11110010010000010100,2.0,11110010010000010100
72,2.0,11110010010000010100,2.0,11110010010000010100
72,2.0,11110010010000010100,2.0,11110010010000010100
72,2.0,11110010010000010100,2.0,11110010010000010100
72,2.0,11110010010000010100,2.0,11110010010000010100
72,2.0,11110010010000010100,2.0,11110010010000010100
72,2.0,11110010010000010100,2.0,11110010010000010100
72,2.0,11110010010000010100,2.0,11110010010000010100
72,2.0,11110010010000010100,2.0,11110010010000010100
72,2.0,11110010010000010100,2.0,11110010010000010100
72,2.0,11110010010000010100,2.0,11110010010000010100
72,2.0,11110010010000010100,2.0,11110010010000010100
72,2.0,11110010010000010100,2.0,11110010010000010100
72,2.0,11110010010000010100,2.0,11110010010000010100
72,2.0,11110010010000010100,2.0,11110010010000010100
72,2.0,11110010010000010100,2.0,11110010010000010100
72,2.0,11110010010000010100,2.0,11110010010000010100
72,2.0,11110010010000010100,2.0,11110010010000010100
72,2.0,11110010010000010100,2.0,11110010010000010100
72,2.0,11110010010000010100,2.0,11110010010000010100
72,2.0,11110010010000010100,2.0,11110010010000010100
72,2.0,11110010010000010100,2.0,11110010010000010100
72,2.0,11110010010000010100,2.0,11110010010000010100
72,2.0,11110010010000010100,2.0,11110010010000010100
72,2.0,11110010010000010100,2.0,11110010010000010100
72,2.0,11110010010000010100,2.0,11110010010000010100
72,2.0,11110010010000010100,2.0,11110010010000010100
72,2.0,11110010010000010100,2.0,11110010010000010100
72,2.0,11110010010000010100,2.0,11110010010000010100
72,2.0,11110010010000010100,2.0,11110010010000010100
72,2.0,11110010010000010100,2.0,11110010010000010100
72,2.0,11110010010000010100,2.0,11110010010000010100
72,2.0,11110010010000010100,2.0,11110010010000010100
72,2.0,11110010010000010100,2.0,11110010010000010100
72,2.0,11110010010000010100,2.0,11110010010000010100
72,2.0,11110010010000010100,2.0,11110010010000010100
72,2.0,11110010010000010100,2.0,11110010010000010100
73,4158.0,01110110010011100000,238.0,01110000110011101000
73,238.0,01110000110011101000,18.0,01100000111011101010
73,18.0,01100000111011101010,18.0,01100000111011101010
73,18.0,01100000111011101010,18.0,01100000111011101010
73,18.0,01100000111011101010,18.0,01100000111011101010
73,18.0,01100000111011101010,18.0,01100000111011101010
73,18.0,01100000111011101010,8.0,00101101111011100011
73,8.0,00101101111011100011,8.0,00101101111011100011
73,8.0,00101101111011100011,8.0,00101101111011100011
73,8.0,00101101111011100011,8.0,00101101111011100011
73,8.0,00101101111011100011,8.0,00101101111011100011
73,8.0,00101101111011100011,8.0,00101101111011100011
73,8.0,00101101111011100011,8.0,00101101111011100011
73,8.0,00101101111011100011,8.0,00101101111011100011
73,8.0,00101101111011100011,8.0,00101101111011100011
73,8.0,00101101111011100011,8.0,00101101111011100011
73,8.0,00101101111011100011,8.0,00101101111011100011
73,8.0,00101101111011100011,8.0,00101101111011100011
73,8.0,00101101111011100011,8.0,00101101111011100011
73,8.0,00101101111011100011,8.0,00101101111011100011
73,8.0,00101101111011100011,8.0,00101101111011100011
73,8.0,00101101111011100011,8.0,00101101111011100011
73,8.0,00101101111011100011,8.0,00101101111011100011
73,8.0,00101101111011100011,8.0,00101101111011100011
73,8.0,00101101111011100011,8.0,00101101111011100011
73,8.0,00101101111011100011,8.0,00101101111011100011
73,8.0,00101101111011100011,8.0,00101101111011100011
73,8.0,00101101111011100011,8.0,00101101111011100011
73,8.0,00101101111011100011,8.0,00101101111011100011
73,8.0,00101101111011100011,8.0,00101101111011100011
73,8.0,00101101111011100011,8.0,00101101111011100011
73,8.0,00101101111011100011,8.0,00101101111011100011
73,8.0,00101101111011100011,8.0,00101101111011100011
73,8.0,00101101111011100011,8.0,00101101111011100011
73,8.0,00101101111011100011,8.0,00101101111011100011
73,8.0,00101101111011100011,8.0,00101101111011100011
73,8.0,00101101111011100011,8.0,00101101111011100011
73,8.0,00101101111011100011,8.0,00101101111011100011
73,8.0,00101101111011100011,8.0,00101101111011100011
73,8.0,00101101111011100011,8.0,00101101111011100011
73,8.0,00101101111011100011,8.0,00101101111011100011
73,8.0,00101101111011100011,6.0,00100001111011000100
73,6.0,00100001111011000100,6.0,00100001111011000100
73,6.0,00100001111011000100,6.0,00100001111011000100
73,6.0,00100001111011000100,6.0,00100001111011000100
73,6.0,00100001111011000100,6.0,00100001111011000100
73,6.0,00100001111011000100,6.0,00100001111011000100
73,6.0,00100001111011000100,6.0,00100001111011000100
73,6.0,00100001111011000100,6.0,00100001111011000100
73,6.0,00100001111011000100,6.0,00100001111011000100
73,6.0,00100001111011000100,6.0,00100001111011000100
73,6.0,00100001111011000100,6.0,00100001111011000100
73,6.0,00100001111011000100,6.0,00100001111011000100
73,6.0,00100001111011000100,6.0,00100001111011000100
73,6.0,00100001111011000100,6.0,00100001111011000100
73,6.0,00100001111011000100,6.0,00100001111011000100
73,6.0,00100001111011000100,6.0,00100001111011000100
73,6.0,00100001111011000100,6.0,00100001111011000100
73,6.0,00100001111011000100,6.0,00100001111011000100
73,6.0,00100001111011000100,6.0,00100001111011000100
73,6.0,00100001111011000100,6.0,00100001111011000100
73,6.0,00100001111011000100,6.0,00100001111011000100
73,6.0,00100001111011000100,6.0,00100001111011000100
73,6.0,00100001111011000100,6.0,00100001111011000100
73,6.0,00100001111011000100,6.0,00100001111011000100
73,6.0,00100001111011000100,6.0,00100001111011000100
73,6.0,00100001111011000100,6.0,00100001111011000100
73,6.0,00100001111011000100,6.0,00100001111011000100
73,6.0,00100001111011000100,6.0,00100001111011000100
73,6.0,00100001111011000100,6.0,00100001111011000100
73,6.0,00100001111011000100,6.0,00100001111011000100
73,6.0,00100001111011000100,6.0,00100001111011000100
73,6.0,00100001111011000100,6.0,00100001111011000100
74,28.0,00111010110101010000,28.0,00111010110101010000
74,28.0,00111010110101010000,28.0,00111010110101010000
74,28.0,00111010110101010000,28.0,00111010110101010000
74,28.0,00111010110101010000,28.0,00111010110101010000
74,28.0,00111010110101010000,28.0,00111010110101010000
74,28.0,00111010110101010000,28.0,00111010110101010000
74,28.0,00111010110101010000,28.0,00111010110101010000
74,28.0,00111010110101010000,28.0,00111010110101010000
74,28.0,00111010110101010000,28.0,00111010110101010000
74,28.0,00111010110101010000,28.0,00111010110101010000
74,28.0,00111010110101010000,28.0,00111010110101010000
74,28.0,00111010110101010000,28.0,00111010110101010000
74,28.0,00111010110101010000,4.0,10011110010111010011
74,4.0,10011110010111010011,4.0,10011110010111010011
74,4.0,10011110010111010011,4.0,10011110010111010011
74,4.0,10011110010111010011,4.0,10011110010111010011
74,4.0,10011110010111010011,4.0,10011110010111010011
74,4.0,10011110010111010011,4.0,10011110010111010011
74,4.0,10011110010111010011,4.0,10011110010111010011
74,4.0,10011110010111010011,4.0,10011110010111010011
74,4.0,10011110010111010011,4.0,10011110010111010011
74,4.0,10011110010111010011,4.0,10011110010111010011
74,4.0,10011110010111010011,4.0,10011110010111010011
74,4.0,10011110010111010011,4.0,10011110010111010011
74,4.0,10011110010111010011,4.0,10011110010111010011
74,4.0,10011110010111010011,4.0,10011110010111010011
74,4.0,10011110010111010011,4.0,10011110010111010011
74,4.0,10011110010111010011,4.0,10011110010111010011
74,4.0,10011110010111010011,4.0,10011110010111010011
74,4.0,10011110010111010011,4.0,10011110010111010011
74,4.0,10011110010111010011,4.0,10011110010111010011
74,4.0,10011110010111010011,4.0,10011110010111010011
74,4.0,10011110010111010011,4.0,10011110010111010011
74,4.0,10011110010111010011,4.0,10011110010111010011
74,4.0,10011110010111010011,4.0,10011110010111010011
74,4.0,10011110010111010011,4.0,10011110010111010011
74,4.0,10011110010111010011,4.0,10011110010111010011
74,4.0,10011110010111010011,4.0,10011110010111010011
74,4.0,10011110010111010011,4.0,10011110010111010011
74,4.0,10011110010111010011,4.0,10011110010111010011
74,4.0,10011110010111010011,4.0,10011110010111010011
74,4.0,10011110010111010011,4.0,10011110010111010011
74,4.0,10011110010111010011,4.0,10011110010111010011
74,4.0,10011110010111010011,4.0,10011110010111010011
74,4.0,10011110010111010011,4.0,10011110010111010011
74,4.0,10011110010111010011,4.0,10011110010111010011
74,4.0,10011110010111010011,4.0,10011110010111010011
74,4.0,10011110010111010011,4.0,10011110010111010011
74,4.0,10011110010111010011,4.0,10011110010111010011
74,4.0,10011110010111010011,4.0,10011110010111010011
74,4.0,10011110010111010011,4.0,10011110010111010011
75,708.0,00110100001100011101,194.0,00111000011000111100
75,194.0,00111000011000111100,30.0,11011000001000111110
75,30.0,11011000001000111110,30.0,11011000001000111110
75,30.0,11011000001000111110,30.0,11011000001000111110
75,30.0,11011000001000111110,30.0,11011000001000111110
75,30.0,11011000001000111110,30.0,11011000001000111110
75,30.0,11011000001000111110,30.0,11011000001000111110
75,30.0,11011000001000111110,30.0,11011000001000111110
75,30.0,11011000001000111110,30.0,11011000001000111110
75,30.0,11011000001000111110,30.0,11011000001000111110
75,30.0,11011000001000111110,30.0,11011000001000111110
75,30.0,11011000001000111110,30.0,11011000001000111110
75,30.0,11011000001000111110,30.0,11011000001000111110
75,30.0,11011000001000111110,30.0,11011000001000111110
75,30.0,11011000001000111110,30.0,11011000001000111110
75,30.0,11011000001000111110,30.0,11011000001000111110
75,30.0,11011000001000111110,30.0,11011000001000111110
75,30.0,11011000001000111110,30.0,11011000001000111110
75,30.0,11011000001000111110,30.0,11011000001000111110
75,30.0,11011000001000111110,30.0,11011000001000111110
75,30.0,11011000001000111110,26.0,11000000111100111110
75,26.0,11000000111100111110,26.0,11000000111100111110
75,26.0,11000000111100111110,26.0,11000000111100111110
75,26.0,11000000111100111110,26.0,11000000111100111110
75,26.0,11000000111100111110,26.0,11000000111100111110
75,26.0,11000000111100111110,26.0,11000000111100111110
75,26.0,11000000111100111110,26.0,11000000111100111110
75,26.0,11000000111100111110,26.0,11000000111100111110
75,26.0,11000000111100111110,26.0,11000000111100111110
75,26.0,11000000111100111110,26.0,11000000111100111110
75,26.0,11000000111100111110,26.0,11000000111100111110
75,26.0,11000000111100111110,12.0,11001000011110111101
75,12.0,11001000011110111101,12.0,11001000011110111101
75,12.0,11001000011110111101,12.0,11001000011110111101
75,12.0,11001000011110111101,12.0,11001000011110111101
75,12.0,11001000011110111101,12.0,11001000011110111101
75,12.0,11001000011110111101,12.0,11001000011110111101
75,12.0,11001000011110111101,12.0,11001000011110111101
75,12.0,11001000011110111101,12.0,11001000011110111101
75,12.0,11001000011110111101,12.0,11001000011110111101
75,12.0,11001000011110111101,12.0,11001000011110111101
75,12.0,11001000011110111101,2.0,11001110011110100111
75,2.0,11001110011110100111,2.0,11001110011110100111
75,2.0,11001110011110100111,2.0,11001110011110100111
75,2.0,11001110011110100111,2.0,11001110011110100111
75,2.0,11001110011110100111,2.0,11001110011110100111
75,2.0,11001110011110100111,2.0,11001110011110100111
75,2.0,11001110011110100111,2.0,11001110011110100111
75,2.0,11001110011110100111,2.0,11001110011110100111
75,2.0,11001110011110100111,2.0,11001110011110100111
75,2.0,11001110011110100111,2.0,11001110011110100111
75,2.0,11001110011110100111,2.0,11001110011110100111
75,2.0,11001110011110100111,2.0,11001110011110100111
75,2.0,11001110011110100111,2.0,11001110011110100111
75,2.0,11001110011110100111,2.0,11001110011110100111
75,2.0,11001110011110100111,2.0,11001110011110100111
75,2.0,11001110011110100111,2.0,11001110011110100111
75,2.0,11001110011110100111,2.0,11001110011110100111
75,2.0,11001110011110100111,2.0,11001110011110100111
75,2.0,11001110011110100111,2.0,11001110011110100111
75,2.0,11001110011110100111,2.0,11001110011110100111
75,2.0,11001110011110100111,2.0,11001110011110100111
75,2.0,11001110011110100111,2.0,11001110011110100111
75,2.0,11001110011110100111,2.0,11001110011110100111
75,2.0,11001110011110100111,2.0,11001110011110100111
75,2.0,11001110011110100111,2.0,11001110011110100111
75,2.0,11001110011110100111,2.0,11001110011110100111
75,2.0,11001110011110100111,2.0,11001110011110100111
75,2.0,11001110011110100111,2.0,11001110011110100111
75,2.0,11001110011110100111,2.0,11001110011110100111
75,2.0,11001110011110100111,2.0,11001110011110100111
75,2.0,11001110011110100111,2.0,11001110011110100111
75,2.0,11001110011110100111,2.0,11001110011110100111
75,2.0,11001110011110100111,2.0,11001110011110100111
75,2.0,11001110011110100111,2.0,11001110011110100111
75,2.0,11001110011110100111,2.0,11001110011110100111
75,2.0,11001110011110100111,2.0,11001110011110100111
75,2.0,11001110011110100111,2.0,11001110011110100111
75,2.0,11001110011110100111,2.0,11001110011110100111
75,2.0,11001110011110100111,2.0,11001110011110100111
75,2.0,11001110011110100111,2.0,11001110011110100111
75,2.0,11001110011110100111,2.0,11001110011110100111
75,2.0,11001110011110100111,2.0,11001110011110100111
75,2.0,11001110011110100111,2.0,11001110011110100111
75,2.0,11001110011110100111,2.0,11001110011110100111
75,2.0,11001110011110100111,2.0,11001110011110100111
76,294.0,11001011111010100001,294.0,11001011111010100001
76,294.0,11001011111010100001,126.0,11001011011110000011
76,126.0,11001011011110000011,18.0,11011010011110000011
76,18.0,11011010011110000011,18.0,11011010011110000011
76,18.0,11011010011110000011,18.0,11011010011110000011
76,18.0,11011010011110000011,18.0,11011010011110000011
76,18.0,11011010011110000011,18.0,11011010011110000011
76,18.0,11011010011110000011,18.0,11011010011110000011
76,18.0,11011010011110000011,18.0,11011010011110000011
76,18.0,11011010011110000011,6.0,11110100010111000011
76,6.0,11110100010111000011,6.0,11110100010111000011
76,6.0,11110100010111000011,6.0,11110100010111000011
76,6.0,11110100010111000011,4.0,10111010110011000010
76,4.0,10111010110011000010,4.0,10111010110011000010
76,4.0,10111010110011000010,4.0,10111010110011000010
76,4.0,10111010110011000010,4.0,10111010110011000010
76,4.0,10111010110011000010,4.0,10111010110011000010
76,4.0,10111010110011000010,4.0,10111010110011000010
76,4.0,10111010110011000010,4.0,10111010110011000010
76,4.0,10111010110011000010,4.0,10111010110011000010
76,4.0,10111010110011000010,4.0,10111010110011000010
76,4.0,10111010110011000010,4.0,10111010110011000010
76,4.0,10111010110011000010,4.0,10111010110011000010
76,4.0,10111010110011000010,4.0,10111010110011000010
76,4.0,10111010110011000010,4.0,10111010110011000010
76,4.0,10111010110011000010,2.0,10110010001001000010
76,2.0,10110010001001000010,2.0,10110010001001000010
76,2.0,10110010001001000010,2.0,10110010001001000010
76,2.0,10110010001001000010,2.0,10110010001001000010
76,2.0,10110010001001000010,2.0,10110010001001000010
76,2.0,10110010001001000010,2.0,10110010001001000010
76,2.0,10110010001001000010,2.0,10110010001001000010
76,2.0,10110010001001000010,2.0,10110010001001000010
76,2.0,10110010001001000010,2.0,10110010001001000010
76,2.0,10110010001001000010,0.0,10111010000001100111
76,0.0,10111010000001100111,0.0,10111010000001100111
76,0.0,10111010000001100111,0.0,10111010000001100111
76,0.0,10111010000001100111,0.0,10111010000001100111
76,0.0,10111010000001100111,0.0,10111010000001100111
76,0.0,10111010000001100111,0.0,10111010000001100111
76,0.0,10111010000001100111,0.0,10111010000001100111
76,0.0,10111010000001100111,0.0,10111010000001100111
76,0.0,10111010000001100111,0.0,10111010000001100111
76,0.0,10111010000001100111,0.0,10111010000001100111
76,0.0,10111010000001100111,0.0,10111010000001100111
76,0.0,10111010000001100111,0.0,10111010000001100111
76,0.0,10111010000001100111,0.0,10111010000001100111
76,0.0,10111010000001100111,0.0,10111010000001100111
76,0.0,10111010000001100111,0.0,10111010000001100111
76,0.0,10111010000001100111,0.0,10111010000001100111
76,0.0,10111010000001100111,0.0,10111010000001100111
76,0.0,10111010000001100111,0.0,10111010000001100111
76,0.0,10111010000001100111,0.0,10111010000001100111
76,0.0,10111010000001100111,0.0,10111010000001100111
76,0.0,10111010000001100111,0.0,10111010000001100111
76,0.0,10111010000001100111,0.0,10111010000001100111
76,0.0,10111010000001100111,0.0,10111010000001100111
76,0.0,10111010000001100111,0.0,10111010000001100111
76,0.0,10111010000001100111,0.0,10111010000001100111
76,0.0,10111010000001100111,0.0,10111010000001100111
76,0.0,10111010000001100111,0.0,10111010000001100111
76,0.0,10111010000001100111,0.0,10111010000001100111
76,0.0,10111010000001100111,0.0,10111010000001100111
76,0.0,10111010000001100111,0.0,10111010000001100111
76,0.0,10111010000001100111,0.0,10111010000001100111
76,0.0,10111010000001100111,0.0,10111010000001100111
76,0.0,10111010000001100111,0.0,10111010000001100111
76,0.0,10111010000001100111,0.0,10111010000001100111
76,0.0,10111010000001100111,0.0,10111010000001100111
76,0.0,10111010000001100111,0.0,10111010000001100111
76,0.0,10111010000001100111,0.0,10111010000001100111
76,0.0,10111010000001100111,0.0,10111010000001100111
76,0.0,10111010000001100111,0.0,10111010000001100111
76,0.0,10111010000001100111,0.0,10111010000001100111
76,0.0,10111010000001100111,0.0,10111010000001100111
76,0.0,10111010000001100111,0.0,10111010000001100111
76,0.0,10111010000001100111,0.0,10111010000001100111
77,5212.0,00011101011100101011,728.0,00010001010101111000
77,728.0,00010001010101111000,448.0,01100001000101111000
77,448.0,01100001000101111000,36.0,01100101000111101000
77,36.0,01100101000111101000,36.0,01100101000111101000
77,36.0,01100101000111101000,36.0,01100101000111101000
77,36.0,01100101000111101000,36.0,01100101000111101000
77,36.0,01100101000111101000,36.0,01100101000111101000
77,36.0,01100101000111101000,36.0,01100101000111101000
77,36.0,01100101000111101000,36.0,01100101000111101000
77,36.0,01100101000111101000,8.0,01101011000110101011
77,8.0,01101011000110101011,8.0,01101011000110101011
77,8.0,01101011000110101011,8.0,01101011000110101011
77,8.0,01101011000110101011,8.0,01101011000110101011
77,8.0,01101011000110101011,8.0,01101011000110101011
77,8.0,01101011000110101011,8.0,01101011000110101011
77,8.0,01101011000110101011,8.0,01101011000110101011
77,8.0,01101011000110101011,8.0,01101011000110101011
77,8.0,01101011000110101011,8.0,01101011000110101011
77,8.0,01101011000110101011,8.0,01101011000110101011
77,8.0,01101011000110101011,8.0,01101011000110101011
77,8.0,01101011000110101011,8.0,01101011000110101011
77,8.0,01101011000110101011,8.0,01101011000110101011
77,8.0,01101011000110101011,8.0,01101011000110101011
77,8.0,01101011000110101011,8.0,01101011000110101011
77,8.0,01101011000110101011,6.0,00000011101111100011
77,6.0,00000011101111100011,6.0,00000011101111100011
77,6.0,00000011101111100011,6.0,00000011101111100011
77,6.0,00000011101111100011,2.0,00001101101111101011
77,2.0,00001101101111101011,2.0,00001101101111101011
77,2.0,00001101101111101011,2.0,00001101101111101011
77,2.0,00001101101111101011,2.0,00001101101111101011
77,2.0,00001101101111101011,2.0,00001101101111101011
77,2.0,00001101101111101011,2.0,00001101101111101011
77,2.0,00001101101111101011,2.0,00001101101111101011
77,2.0,00001101101111101011,2.0,00001101101111101011
77,2.0,00001101101111101011,2.0,00001101101111101011
77,2.0,00001101101111101011,2.0,00001101101111101011
77,2.0,00001101101111101011,2.0,00001101101111101011
77,2.0,00001101101111101011,2.0,00001101101111101011
77,2.0,00001101101111101011,2.0,00001101101111101011
77,2.0,00001101101111101011,2.0,00001101101111101011
77,2.0,00001101101111101011,2.0,00001101101111101011
77,2.0,00001101101111101011,2.0,00001101101111101011
77,2.0,00001101101111101011,2.0,00001101101111101011
77,2.0,00001101101111101011,2.0,00001101101111101011
77,2.0,00001101101111101011,2.0,00001101101111101011
77,2.0,00001101101111101011,2.0,00001101101111101011
77,2.0,00001101101111101011,2.0,00001101101111101011
77,2.0,00001101101111101011,2.0,00001101101111101011
77,2.0,00001101101111101011,2.0,00001101101111101011
77,2.0,00001101101111101011,2.0,00001101101111101011
77,2.0,00001101101111101011,2.0,00001101101111101011
77,2.0,00001101101111101011,2.0,00001101101111101011
77,2.0,00001101101111101011,2.0,00001101101111101011
77,2.0,00001101101111101011,2.0,00001101101111101011
77,2.0,00001101101111101011,2.0,00001101101111101011
77,2.0,00001101101111101011,2.0,00001101101111101011
77,2.0,00001101101111101011,2.0,00001101101111101011
77,2.0,00001101101111101011,2.0,00001101101111101011
77,2.0,00001101101111101011,2.0,00001101101111101011
77,2.0,00001101101111101011,2.0,00001101101111101011
77,2.0,00001101101111101011,2.0,00001101101111101011
77,2.0,00001101101111101011,2.0,00001101101111101011
77,2.0,00001101101111101011,2.0,00001101101111101011
77,2.0,00001101101111101011,2.0,00001101101111101011
77,2.0,00001101101111101011,2.0,00001101101111101011
77,2.0,00001101101111101011,2.0,00001101101111101011
78,398.0,00011100111111110001,348.0,00010100101111011000
78,348.0,00010100101111011000,348.0,00010100101111011000
78,348.0,00010100101111011000,156.0,00010100101111010110
78,156.0,00010100101111010110,38.0,00010101101011010011
78,38.0,00010101101011010011,16.0,00010101001001010110
78,16.0,00010101001001010110,16.0,00010101001001010110
78,16.0,00010101001001010110,16.0,00010101001001010110
78,16.0,00010101001001010110,16.0,00010101001001010110
78,16.0,00010101001001010110,16.0,00010101001001010110
78,16.0,00010101001001010110,16.0,00010101001001010110
78,16.0,00010101001001010110,16.0,00010101001001010110
78,16.0,00010101001001010110,16.0,00010101001001010110
78,16.0,00010101001001010110,6.0,11001101011001000111
78,6.0,11001101011001000111,4.0,11000101110011010110
78,4.0,11000101110011010110,4.0,11000101110011010110
78,4.0,11000101110011010110,4.0,11000101110011010110
78,4.0,11000101110011010110,4.0,11000101110011010110
78,4.0,11000101110011010110,4.0,11000101110011010110
78,4.0,11000101110011010110,4.0,11000101110011010110
78,4.0,11000101110011010110,4.0,11000101110011010110
78,4.0,11000101110011010110,4.0,11000101110011010110
78,4.0,11000101110011010110,4.0,11000101110011010110
78,4.0,11000101110011010110,4.0,11000101110011010110
78,4.0,11000101110011010110,4.0,11000101110011010110
78,4.0,11000101110011010110,4.0,11000101110011010110
78,4.0,11000101110011010110,4.0,11000101110011010110
78,4.0,11000101110011010110,0.0,11100000110111010100
78,0.0,11100000110111010100,0.0,11100000110111010100
78,0.0,11100000110111010100,0.0,11100000110111010100
78,0.0,11100000110111010100,0.0,11100000110111010100
78,0.0,11100000110111010100,0.0,11100000110111010100
78,0.0,11100000110111010100,0.0,11100000110111010100
78,0.0,11100000110111010100,0.0,11100000110111010100
78,0.0,11100000110111010100,0.0,11100000110111010100
78,0.0,11100000110111010100,0.0,11100000110111010100
78,0.0,11100000110111010100,0.0,11100000110111010100
78,0.0,11100000110111010100,0.0,11100000110111010100
78,0.0,11100000110111010100,0.0,11100000110111010100
78,0.0,11100000110111010100,0.0,11100000110111010100
78,0.0,11100000110111010100,0.0,11100000110111010100
78,0.0,11100000110111010100,0.0,11100000110111010100
78,0.0,11100000110111010100,0.0,11100000110111010100
78,0.0,11100000110111010100,0.0,11100000110111010100
78,0.0,11100000110111010100,0.0,11100000110111010100
78,0.0,11100000110111010100,0.0,11100000110111010100
78,0.0,11100000110111010100,0.0,11100000110111010100
78,0.0,11100000110111010100,0.0,11100000110111010100
78,0.0,11100000110111010100,0.0,11100000110111010100
78,0.0,11100000110111010100,0.0,11100000110111010100
78,0.0,11100000110111010100,0.0,11100000110111010100
78,0.0,11100000110111010100,0.0,11100000110111010100
78,0.0,11100000110111010100,0.0,11100000110111010100
78,0.0,11100000110111010100,0.0,11100000110111010100
78,0.0,11100000110111010100,0.0,11100000110111010100
78,0.0,11100000110111010100,0.0,11100000110111010100
78,0.0,11100000110111010100,0.0,11100000110111010100
78,0.0,11100000110111010100,0.0,11100000110111010100
78,0.0,11100000110111010100,0.0,11100000110111010100
78,0.0,11100000110111010100,0.0,11100000110111010100
78,0.0,11100000110111010100,0.0,11100000110111010100
78,0.0,11100000110111010100,0.0,11100000110111010100
78,0.0,11100000110111010100,0.0,11100000110111010100
79,24.0,01111101000010011011,24.0,01111101000010011011
79,24.0,01111101000010011011,24.0,01111101000010011011
79,24.0,01111101000010011011,24.0,01111101000010011011
79,24.0,01111101000010011011,24.0,01111101000010011011
79,24.0,01111101000010011011,24.0,01111101000010011011
79,24.0,01111101000010011011,4.0,01111001000010111000
79,4.0,01111001000010111000,4.0,01111001000010111000
79,4.0,01111001000010111000,4.0,01111001000010111000
79,4.0,01111001000010111000,4.0,01111001000010111000
79,4.0,01111001000010111000,4.0,10111001010000111000
79,4.0,10111001010000111000,4.0,10111001010000111000
79,4.0,10111001010000111000,4.0,10111001010000111000
79,4.0,10111001010000111000,4.0,10111001010000111000
79,4.0,10111001010000111000,4.0,10111001010000111000
79,4.0,10111001010000111000,4.0,10111001010000111000
79,4.0,10111001010000111000,4.0,10111001010000111000
79,4.0,10111001010000111000,4.0,10111001010000111000
79,4.0,10111001010000111000,4.0,10111001010000111000
79,4.0,10111001010000111000,4.0,10111001010000111000
79,4.0,10111001010000111000,4.0,10111001010000111000
79,4.0,10111001010000111000,4.0,10111001010000111000
79,4.0,10111001010000111000,4.0,10111001010000111000
79,4.0,10111001010000111000,4.0,10111001010000111000
79,4.0,10111001010000111000,4.0,10111001010000111000
79,4.0,10111001010000111000,4.0,10111001010000111000
79,4.0,10111001010000111000,4.0,10111001010000111000
79,4.0,10111001010000111000,4.0,10111001010000111000
79,4.0,10111001010000111000,4.0,10111001010000111000
79,4.0,10111001010000111000,4.0,10111001010000111000
80,2320.0,11000010010011011100,90.0,11000110001010011110
80,90.0,11000110001010011110,90.0,11000110001010011110
80,90.0,11000110001010011110,90.0,11000110001010011110
80,90.0,11000110001010011110,90.0,11000110001010011110
80,90.0,11000110001010011110,90.0,11000110001010011110
80,90.0,11000110001010011110,90.0,11000110001010011110
80,90.0,11000110001010011110,90.0,11000110001010011110
80,90.0,11000110001010011110,4.0,00011010001001001110
80,4.0,00011010001001001110,4.0,00011010001001001110
80,4.0,00011010001001001110,4.0,00011010001001001110
80,4.0,00011010001001001110,4.0,00011010001001001110
80,4.0,00011010001001001110,4.0,00011010001001001110
80,4.0,00011010001001001110,4.0,00011010001001001110
80,4.0,00011010001001001110,4.0,00011010001001001110
80,4.0,00011010001001001110,4.0,00011010001001001110
80,4.0,00011010001001001110,4.0,00011010001001001110
80,4.0,00011010001001001110,4.0,00011010001001001110
80,4.0,00011010001001001110,4.0,00011010001001001110
80,4.0,00011010001001001110,4.0,00011010001001001110
80,4.0,00011010001001001110,4.0,00011010001001001110
80,4.0,00011010001001001110,4.0,00011010001001001110
80,4.0,00011010001001001110,4.0,00011010001001001110
80,4.0,00011010001001001110,4.0,00011010001001001110
80,4.0,00011010001001001110,4.0,00011010001001001110
80,4.0,00011010001001001110,4.0,00011010001001001110
80,4.0,00011010001001001110,4.0,00011010001001001110
80,4.0,00011010001001001110,4.0,00011010001001001110
80,4.0,00011010001001001110,4.0,00011010001001001110
80,4.0,00011010001001001110,4.0,00011010001001001110
80,4.0,00011010001001001110,4.0,00011010001001001110
80,4.0,00011010001001001110,4.0,00011010001001001110
80,4.0,00011010001001001110,4.0,00011010001001001110
80,4.0,00011010001001001110,4.0,00011010001001001110
80,4.0,00011010001001001110,4.0,00011010001001001110
80,4.0,00011010001001001110,4.0,00011010001001001110
80,4.0,00011010001001001110,4.0,00011010001001001110
80,4.0,00011010001001001110,4.0,00011010001001001110
80,4.0,00011010001001001110,4.0,00011010001001001110
80,4.0,00011010001001001110,4.0,00011010001001001110
80,4.0,00011010001001001110,4.0,00011010001001001110
80,4.0,00011010001001001110,4.0,00011010001001001110
80,4.0,00011010001001001110,4.0,00011010001001001110
80,4.0,00011010001001001110,4.0,00011010001001001110
80,4.0,00011010001001001110,4.0,00011010001001001110
80,4.0,00011010001001001110,4.0,00011010001001001110
81,4342.0,00011111001001000011,2038.0,10011010101001010011
81,2038.0,10011010101001010011,616.0,10011010001011010011
81,616.0,10011010001011010011,304.0,10011111000001000101
81,304.0,10011111000001000101,264.0,10011101000101010101
81,264.0,10011101000101010101,34.0,10010101100111010010
81,34.0,10010101100111010010,30.0,10100001110111010011
81,30.0,10100001110111010011,12.0,10101101110111100010
81,12.0,10101101110111100010,8.0,10101011010100101011
81,8.0,10101011010100101011,8.0,10101011010100101011
81,8.0,10101011010100101011,8.0,10101011010100101011
81,8.0,10101011010100101011,8.0,10101011010100101011
81,8.0,10101011010100101011,8.0,10101011010100101011
81,8.0,10101011010100101011,8.0,10101011010100101011
81,8.0,10101011010100101011,8.0,10101011010100101011
81,8.0,10101011010100101011,8.0,10101011010100101011
81,8.0,10101011010100101011,8.0,10101011010100101011
81,8.0,10101011010100101011,8.0,10101011010100101011
81,8.0,10101011010100101011,8.0,10101011010100101011
81,8.0,10101011010100101011,8.0,10101011010100101011
81,8.0,10101011010100101011,8.0,10101011010100101011
81,8.0,10101011010100101011,8.0,10101011010100101011
81,8.0,10101011010100101011,8.0,10101011010100101011
81,8.0,10101011010100101011,8.0,10101011010100101011
81,8.0,10101011010100101011,8.0,10101011010100101011
81,8.0,10101011010100101011,8.0,10101011010100101011
81,8.0,10101011010100101011,8.0,10101011010100101011
81,8.0,10101011010100101011,6.0,00100011100101001011
81,6.0,00100011100101001011,6.0,00100011100101001011
81,6.0,00100011100101001011,6.0,00100011100101001011
81,6.0,00100011100101001011,6.0,00100011100101001011
81,6.0,00100011100101001011,6.0,00100011100101001011
81,6.0,00100011100101001011,6.0,00100011100101001011
81,6.0,00100011100101001011,6.0,00100011100101001011
81,6.0,00100011100101001011,6.0,00110010100110111000
81,6.0,00110010100110111000,6.0,00110010100110111000
81,6.0,00110010100110111000,6.0,00110010100110111000
81,6.0,00110010100110111000,6.0,00110010100110111000
81,6.0,00110010100110111000,6.0,00110010100110111000
81,6.0,00110010100110111000,6.0,00110010100110111000
81,6.0,00110010100110111000,4.0,00111010001100101001
81,4.0,00111010001100101001,4.0,00111010001100101001
81,4.0,00111010001100101001,4.0,00111010001100101001
81,4.0,00111010001100101001,4.0,00111010001100101001
81,4.0,00111010001100101001,4.0,00111010001100101001
81,4.0,00111010001100101001,4.0,00111010001100101001
81,4.0,00111010001100101001,4.0,00111010001100101001
81,4.0,00111010001100101001,4.0,00111010001100101001
81,4.0,00111010001100101001,4.0,00111010001100101001
81,4.0,00111010001100101001,4.0,00111010001100101001
81,4.0,00111010001100101001,4.0,00111010001100101001
81,4.0,00111010001100101001,4.0,00111010001100101001
81,4.0,00111010001100101001,4.0,00111010001100101001
81,4.0,00111010001100101001,4.0,00111010001100101001
81,4.0,00111010001100101001,4.0,00111010001100101001
81,4.0,00111010001100101001,4.0,00111010001100101001
81,4.0,00111010001100101001,4.0,00111010001100101001
81,4.0,00111010001100101001,4.0,00111010001100101001
81,4.0,00111010001100101001,4.0,00111010001100101001
81,4.0,00111010001100101001,4.0,00111010001100101001
81,4.0,00111010001100101001,4.0,00111010001100101001
81,4.0,00111010001100101001,4.0,00111010001100101001
81,4.0,00111010001100101001,4.0,00111010001100101001
81,4.0,00111010001100101001,4.0,00111010001100101001
81,4.0,00111010001100101001,4.0,00111010001100101001
81,4.0,00111010001100101001,4.0,00111010001100101001
81,4.0,00111010001100101001,4.0,00111010001100101001
81,4.0,00111010001100101001,4.0,00111010001100101001
81,4.0,00111010001100101001,4.0,00111010001100101001
81,4.0,00111010001100101001,4.0,00111010001100101001
81,4.0,00111010001100101001,4.0,00111010001100101001
81,4.0,00111010001100101001,4.0,00111010001100101001
81,4.0,00111010001100101001,4.0,00111010001100101001
81,4.0,00111010001100101001,4.0,00111010001100101001
81,4.0,00111010001100101001,4.0,00111010001100101001
81,4.0,00111010001100101001,4.0,00111010001100101001
81,4.0,00111010001100101001,4.0,00111010001100101001
82,1902.0,01111100110011110001,742.0,01110000110011100110
82,742.0,01110000110011100110,256.0,01110000100011001101
82,256.0,01110000100011001101,152.0,01101010100011001111
82,152.0,01101010100011001111,56.0,01100011000011001000
82,56.0,01100011000011001000,56.0,01100011000011001000
82,56.0,01100011000011001000,56.0,01100011000011001000
82,56.0,01100011000011001000,56.0,01100011000011001000
82,56.0,01100011000011001000,56.0,01100011000011001000
82,56.0,01100011000011001000,52.0,01110010000011001000
82,52.0,01110010000011001000,52.0,01110010000011001000
82,52.0,01110010000011001000,52.0,01110010000011001000
82,52.0,01110010000011001000,52.0,01110010000011001000
82,52.0,01110010000011001000,52.0,01110010000011001000
82,52.0,01110010000011001000,52.0,01110010000011001000
82,52.0,01110010000011001000,52.0,01110010000011001000
82,52.0,01110010000011001000,52.0,01110010000011001000
82,52.0,01110010000011001000,52.0,01110010000011001000
82,52.0,01110010000011001000,52.0,01110010000011001000
82,52.0,01110010000011001000,52.0,01110010000011001000
82,52.0,01110010000011001000,52.0,01110010000011001000
82,52.0,01110010000011001000,52.0,01110010000011001000
82,52.0,01110010000011001000,52.0,01110010000011001000
82,52.0,01110010000011001000,42.0,10111010100001001001
82,42.0,10111010100001001001,42.0,10111010100001001001
82,42.0,10111010100001001001,42.0,10111010100001001001
82,42.0,10111010100001001001,42.0,10111010100001001001
82,42.0,10111010100001001001,42.0,10111010100001001001
82,42.0,10111010100001001001,42.0,10111010100001001001
82,42.0,10111010100001001001,42.0,10111010100001001001
82,42.0,10111010100001001001,42.0,10111010100001001001
82,42.0,10111010100001001001,42.0,10111010100001001001
82,42.0,10111010100001001001,42.0,10111010100001001001
82,42.0,10111010100001001001,42.0,10111010100001001001
82,42.0,10111010100001001001,42.0,10111010100001001001
82,42.0,10111010100001001001,42.0,10111010100001001001
82,42.0,10111010100001001001,42.0,10111010100001001001
82,42.0,10111010100001001001,36.0,10101110100101011000
82,36.0,10101110100101011000,36.0,10101110100101011000
82,36.0,10101110100101011000,36.0,10101110100101011000
82,36.0,10101110100101011000,36.0,10101110100101011000
82,36.0,10101110100101011000,36.0,10101110100101011000
82,36.0,10101110100101011000,36.0,10101110100101011000
82,36.0,10101110100101011000,36.0,10101110100101011000
82,36.0,10101110100101011000,36.0,10101110100101011000
82,36.0,10101110100101011000,36.0,10101110100101011000
82,36.0,10101110100101011000,10.0,11100010110101010000
82,10.0,11100010110101010000,10.0,11100010110101010000
82,10.0,11100010110101010000,10.0,11100010110101010000
82,10.0,11100010110101010000,10.0,11100010110101010000
82,10.0,11100010110101010000,10.0,11100010110101010000
82,10.0,11100010110101010000,10.0,11100010110101010000
82,10.0,11100010110101010000,10.0,11100010110101010000
82,10.0,11100010110101010000,10.0,11100010110101010000
82,10.0,11100010110101010000,0.0,11100000110111010100
82,0.0,11100000110111010100,0.0,11100000110111010100
82,0.0,11100000110111010100,0.0,11100000110111010100
82,0.0,11100000110111010100,0.0,11100000110111010100
82,0.0,11100000110111010100,0.0,11100000110111010100
82,0.0,11100000110111010100,0.0,11100000110111010100
82,0.0,11100000110111010100,0.0,11100000110111010100
82,0.0,11100000110111010100,0.0,11100000110111010100
82,0.0,11100000110111010100,0.0,11100000110111010100
82,0.0,11100000110111010100,0.0,11100000110111010100
82,0.0,11100000110111010100,0.0,11100000110111010100
82,0.0,11100000110111010100,0.0,11100000110111010100
82,0.0,11100000110111010100,0.0,11100000110111010100
82,0.0,11100000110111010100,0.0,11100000110111010100
82,0.0,11100000110111010100,0.0,11100000110111010100
82,0.0,11100000110111010100,0.0,11100000110111010100
82,0.0,11100000110111010100,0.0,11100000110111010100
82,0.0,11100000110111010100,0.0,11100000110111010100
82,0.0,11100000110111010100,0.0,11100000110111010100
82,0.0,11100000110111010100,0.0,11100000110111010100
82,0.0,11100000110111010100,0.0,11100000110111010100
82,0.0,11100000110111010100,0.0,11100000110111010100
82,0.0,11100000110111010100,0.0,11100000110111010100
82,0.0,11100000110111010100,0.0,11100000110111010100
82,0.0,11100000110111010100,0.0,11100000110111010100
82,0.0,11100000110111010100,0.0,11100000110111010100
82,0.0,11100000110111010100,0.0,11100000110111010100
82,0.0,11100000110111010100,0.0,11100000110111010100
82,0.0,11100000110111010100,0.0,11100000110111010100
82,0.0,11100000110111010100,0.0,11100000110111010100
82,0.0,11100000110111010100,0.0,11100000110111010100
82,0.0,11100000110111010100,0.0,11100000110111010100
82,0.0,11100000110111010100,0.0,11100000110111010100
82,0.0,11100000110111010100,0.0,11100000110111010100
82,0.0,11100000110111010100,0.0,11100000110111010100
82,0.0,11100000110111010100,0.0,11100000110111010100
82,0.0,11100000110111010100,0.0,11100000110111010100
82,0.0,11100000110111010100,0.0,11100000110111010100
82,0.0,11100000110111010100,0.0,11100000110111010100
82,0.0,11100000110111010100,0.0,11100000110111010100
82,0.0,11100000110111010100,0.0,11100000110111010100
82,0.0,11100000110111010100,0.0,11100000110111010100
82,0.0,11100000110111010100,0.0,11100000110111010100
82,0.0,11100000110111010100,0.0,11100000110111010100
82,0.0,11100000110111010100,0.0,11100000110111010100
82,0.0,11100000110111010100,0.0,11100000110111010100
82,0.0,11100000110111010100,0.0,11100000110111010100
83,3186.0,01101011010010010111,184.0,11000111010010110110
83,184.0,11000111010010110110,184.0,11000111010010110110
83,184.0,11000111010010110110,28.0,11001011000011100110
83,28.0,11001011000011100110,28.0,11001011000011100110
83,28.0,11001011000011100110,4.0,11000111100001100100
83,4.0,11000111100001100100,4.0,11000111100001100100
83,4.0,11000111100001100100,4.0,11000111100001100100
83,4.0,11000111100001100100,4.0,11000111100001100100
83,4.0,11000111100001100100,4.0,11000111100001100100
83,4.0,11000111100001100100,4.0,11000111100001100100
83,4.0,11000111100001100100,4.0,11000111100001100100
83,4.0,11000111100001100100,4.0,11000111100001100100
83,4.0,11000111100001100100,4.0,11000111100001100100
83,4.0,11000111100001100100,4.0,11000111100001100100
83,4.0,11000111100001100100,4.0,11000111100001100100
83,4.0,11000111100001100100,4.0,11000111100001100100
83,4.0,11000111100001100100,4.0,11000111100001100100
83,4.0,11000111100001100100,4.0,11000111100001100100
83,4.0,11000111100001100100,4.0,11000111100001100100
83,4.0,11000111100001100100,4.0,11000111100001100100
83,4.0,11000111100001100100,4.0,11000111100001100100
83,4.0,11000111100001100100,4.0,11000111100001100100
83,4.0,11000111100001100100,4.0,11000111100001100100
83,4.0,11000111100001100100,4.0,11000111100001100100
83,4.0,11000111100001100100,4.0,11000111100001100100
83,4.0,11000111100001100100,4.0,11000111100001100100
83,4.0,11000111100001100100,4.0,11000111100001100100
83,4.0,11000111100001100100,4.0,11000111100001100100
83,4.0,11000111100001100100,4.0,11000111100001100100
83,4.0,11000111100001100100,4.0,11000111100001100100
84,682.0,10000010101111100101,266.0,11100010101010100101
84,266.0,11100010101010100101,70.0,11101010101110100011
84,70.0,11101010101110100011,50.0,11101010101100001000
84,50.0,11101010101100001000,22.0,11100010001100101001
84,22.0,11100010001100101001,22.0,11100010001100101001
84,22.0,11100010001100101001,8.0,01101011000110101011
84,8.0,01101011000110101011,8.0,01101011000110101011
84,8.0,01101011000110101011,8.0,01101011000110101011
84,8.0,01101011000110101011,8.0,01101011000110101011
84,8.0,01101011000110101011,8.0,01101011000110101011
84,8.0,01101011000110101011,8.0,01101011000110101011
84,8.0,01101011000110101011,8.0,01101011000110101011
84,8.0,01101011000110101011,8.0,01101011000110101011
84,8.0,01101011000110101011,8.0,01101011000110101011
84,8.0,01101011000110101011,8.0,01101011000110101011
84,8.0,01101011000110101011,8.0,01101011000110101011
84,8.0,01101011000110101011,8.0,01101011000110101011
84,8.0,01101011000110101011,8.0,01101011000110101011
84,8.0,01101011000110101011,8.0,01101011000110101011
84,8.0,01101011000110101011,8.0,01101011000110101011
84,8.0,01101011000110101011,8.0,01101011000110101011
84,8.0,01101011000110101011,8.0,01101011000110101011
84,8.0,01101011000110101011,8.0,01101011000110101011
84,8.0,01101011000110101011,8.0,01101011000110101011
84,8.0,01101011000110101011,8.0,01101011000110101011
84,8.0,01101011000110101011,8.0,01101011000110101011
84,8.0,01101011000110101011,8.0,01101011000110101011
84,8.0,01101011000110101011,8.0,01101011000110101011
84,8.0,01101011000110101011,8.0,01101011000110101011
84,8.0,01101011000110101011,8.0,01101011000110101011
84,8.0,01101011000110101011,8.0,01101011000110101011
84,8.0,01101011000110101011,4.0,01111001000010111000
84,4.0,01111001000010111000,4.0,01111001000010111000
84,4.0,01111001000010111000,4.0,01111001000010111000
84,4.0,01111001000010111000,4.0,01111001000010111000
84,4.0,01111001000010111000,4.0,01111001000010111000
84,4.0,01111001000010111000,4.0,01111001000010111000
84,4.0,01111001000010111000,4.0,01111001000010111000
84,4.0,01111001000010111000,4.0,01111001000010111000
84,4.0,01111001000010111000,4.0,01111001000010111000
84,4.0,01111001000010111000,4.0,01111001000010111000
84,4.0,01111001000010111000,4.0,01111001000010111000
84,4.0,01111001000010111000,4.0,01111001000010111000
84,4.0,01111001000010111000,4.0,01111001000010111000
84,4.0,01111001000010111000,4.0,01111001000010111000
84,4.0,01111001000010111000,4.0,01111001000010111000
84,4.0,01111001000010111000,4.0,01111001000010111000
84,4.0,01111001000010111000,4.0,01111001000010111000
84,4.0,01111001000010111000,4.0,01111001000010111000
84,4.0,01111001000010111000,4.0,01111001000010111000
84,4.0,01111001000010111000,4.0,01111001000010111000
84,4.0,01111001000010111000,4.0,01111001000010111000
84,4.0,01111001000010111000,4.0,01111001000010111000
84,4.0,01111001000010111000,4.0,01111001000010111000
84,4.0,01111001000010111000,4.0,01111001000010111000
85,3358.0,01101110001100011011,3358.0,01101110001100011011
85,3358.0,01101110001100011011,132.0,01101010011100011000
85,132.0,01101010011100011000,26.0,00101110011100111011
85,26.0,00101110011100111011,20.0,00101110111110101000
85,20.0,00101110111110101000,20.0,00101110111110101000
85,20.0,00101110111110101000,20.0,00101110111110101000
85,20.0,00101110111110101000,20.0,00101110111110101000
85,20.0,00101110111110101000,16.0,11101010110110101001
85,16.0,11101010110110101001,16.0,11101010110110101001
85,16.0,11101010110110101001,12.0,11001111110010101011
85,12.0,11001111110010101011,12.0,11001111110010101011
85,12.0,11001111110010101011,12.0,11001111110010101011
85,12.0,11001111110010101011,12.0,11001111110010101011
85,12.0,11001111110010101011,12.0,11001111110010101011
85,12.0,11001111110010101011,12.0,11001111110010101011
85,12.0,11001111110010101011,2.0,11000011110010001100
85,2.0,11000011110010001100,2.0,11000011110010001100
85,2.0,11000011110010001100,2.0,11000011110010001100
85,2.0,11000011110010001100,2.0,11000011110010001100
85,2.0,11000011110010001100,2.0,11000011110010001100
85,2.0,11000011110010001100,2.0,11000011110010001100
85,2.0,11000011110010001100,2.0,11000011110010001100
85,2.0,11000011110010001100,2.0,11000011110010001100
85,2.0,11000011110010001100,2.0,11000011110010001100
85,2.0,11000011110010001100,2.0,11000011110010001100
85,2.0,11000011110010001100,2.0,11000011110010001100
85,2.0,11000011110010001100,2.0,11000011110010001100
85,2.0,11000011110010001100,2.0,11000011110010001100
85,2.0,11000011110010001100,2.0,11000011110010001100
85,2.0,11000011110010001100,2.0,11000011110010001100
85,2.0,11000011110010001100,2.0,11000011110010001100
85,2.0,11000011110010001100,2.0,11000011110010001100
85,2.0,11000011110010001100,2.0,11000011110010001100
85,2.0,11000011110010001100,2.0,11000011110010001100
85,2.0,11000011110010001100,2.0,11000011110010001100
85,2.0,11000011110010001100,2.0,11000011110010001100
85,2.0,11000011110010001100,2.0,11000011110010001100
85,2.0,11000011110010001100,2.0,11000011110010001100
85,2.0,11000011110010001100,2.0,11000011110010001100
85,2.0,11000011110010001100,2.0,11000011110010001100
85,2.0,11000011110010001100,2.0,11000011110010001100
85,2.0,11000011110010001100,2.0,11000011110010001100
85,2.0,11000011110010001100,2.0,11000011110010001100
85,2.0,11000011110010001100,2.0,11000011110010001100
85,2.0,11000011110010001100,2.0,11000011110010001100
85,2.0,11000011110010001100,2.0,11000011110010001100
85,2.0,11000011110010001100,2.0,11000011110010001100
85,2.0,11000011110010001100,2.0,11000011110010001100
85,2.0,11000011110010001100,2.0,11000011110010001100
85,2.0,11000011110010001100,2.0,11000011110010001100
85,2.0,11000011110010001100,2.0,11000011110010001100
85,2.0,11000011110010001100,2.0,11000011110010001100
85,2.0,11000011110010001100,2.0,11000011110010001100
85,2.0,11000011110010001100,2.0,11000011110010001100
85,2.0,11000011110010001100,2.0,11000011110010001100
85,2.0,11000011110010001100,2.0,11000011110010001100
85,2.0,11000011110010001100,2.0,11000011110010001100
86,452.0,01000110101101101001,452.0,01000110101101101001
86,452.0,01000110101101101001,344.0,11001110001101001001
86,344.0,11001110001101001001,284.0,10001110101111001001
86,284.0,10001110101111001001,284.0,10001110101111001001
86,284.0,10001110101111001001,26.0,00000011101101001000
86,26.0,00000011101101001000,16.0,00000001101111001100
86,16.0,00000001101111001100,16.0,00000001101111001100
86,16.0,00000001101111001100,2.0,00001101101111101011
86,2.0,00001101101111101011,2.0,00001101101111101011
86,2.0,00001101101111101011,2.0,00001101101111101011
86,2.0,00001101101111101011,2.0,00001101101111101011
86,2.0,00001101101111101011,2.0,00001101101111101011
86,2.0,00001101101111101011,2.0,00001101101111101011
86,2.0,00001101101111101011,2.0,00001101101111101011
86,2.0,00001101101111101011,2.0,00001101101111101011
86,2.0,00001101101111101011,2.0,00001101101111101011
86,2.0,00001101101111101011,2.0,00001101101111101011
86,2.0,00001101101111101011,2.0,00001101101111101011
86,2.0,00001101101111101011,2.0,00001101101111101011
86,2.0,00001101101111101011,2.0,00001101101111101011
86,2.0,00001101101111101011,2.0,00001101101111101011
86,2.0,00001101101111101011,2.0,00001101101111101011
86,2.0,00001101101111101011,2.0,00001101101111101011
86,2.0,00001101101111101011,2.0,00001101101111101011
86,2.0,00001101101111101011,2.0,00001101101111101011
86,2.0,00001101101111101011,2.0,00001101101111101011
86,2.0,00001101101111101011,2.0,00001101101111101011
86,2.0,00001101101111101011,2.0,00001101101111101011
86,2.0,00001101101111101011,2.0,00001101101111101011
86,2.0,00001101101111101011,2.0,00001101101111101011
86,2.0,00001101101111101011,2.0,00001101101111101011
86,2.0,00001101101111101011,2.0,00001101101111101011
86,2.0,00001101101111101011,2.0,00001101101111101011
86,2.0,00001101101111101011,2.0,00001101101111101011
86,2.0,00001101101111101011,2.0,00001101101111101011
86,2.0,00001101101111101011,2.0,00001101101111101011
86,2.0,00001101101111101011,2.0,00001101101111101011
86,2.0,00001101101111101011,2.0,00001101101111101011
86,2.0,00001101101111101011,2.0,00001101101111101011
86,2.0,00001101101111101011,2.0,00001101101111101011
86,2.0,00001101101111101011,2.0,00001101101111101011
86,2.0,00001101101111101011,2.0,00001101101111101011
86,2.0,00001101101111101011,2.0,00001101101111101011
86,2.0,00001101101111101011,2.0,00001101101111101011
86,2.0,00001101101111101011,2.0,00001101101111101011
87,3530.0,01110000101101100000,440.0,11010100101101100010
87,440.0,11010100101101100010,398.0,11010100101001110010
87,398.0,11010100101001110010,360.0,11011100001011110001
87,360.0,11011100001011110001,96.0,11011000111011100001
87,96.0,11011000111011100001,96.0,11011000111011100001
87,96.0,11011000111011100001,60.0,01011000111011001011
87,60.0,01011000111011001011,60.0,01011000111011001011
87,60.0,01011000111011001011,60.0,01011000111011001011
87,60.0,01011000111011001011,60.0,01011000111011001011
87,60.0,01011000111011001011,38.0,01011000011001001110
87,38.0,01011000011001001110,38.0,01011000011001001110
87,38.0,01011000011001001110,38.0,01011000011001001110
87,38.0,01011000011001001110,38.0,01011000011001001110
87,38.0,01011000011001001110,38.0,01011000011001001110
87,38.0,01011000011001001110,38.0,01011000011001001110
87,38.0,01011000011001001110,38.0,01011000011001001110
87,38.0,01011000011001001110,38.0,01011000011001001110
87,38.0,01011000011001001110,38.0,01011000011001001110
87,38.0,01011000011001001110,38.0,01011000011001001110
87,38.0,01011000011001001110,38.0,01011000011001001110
87,38.0,01011000011001001110,4.0,00011010001001001110
87,4.0,00011010001001001110,4.0,00011010001001001110
87,4.0,00011010001001001110,4.0,00011010001001001110
87,4.0,00011010001001001110,4.0,00011010001001001110
87,4.0,00011010001001001110,4.0,00011010001001001110
87,4.0,00011010001001001110,4.0,00011010001001001110
87,4.0,00011010001001001110,4.0,00011010001001001110
87,4.0,00011010001001001110,4.0,00011010001001001110
87,4.0,00011010001001001110,4.0,00011010001001001110
87,4.0,00011010001001001110,2.0,10110010001001000010
87,2.0,10110010001001000010,2.0,10110010001001000010
87,2.0,10110010001001000010,2.0,10110010001001000010
87,2.0,10110010001001000010,2.0,10110010001001000010
87,2.0,10110010001001000010,2.0,10110010001001000010
87,2.0,10110010001001000010,2.0,10110010001001000010
87,2.0,10110010001001000010,2.0,10110010001001000010
87,2.0,10110010001001000010,2.0,10110010001001000010
87,2.0,10110010001001000010,2.0,10110010001001000010
87,2.0,10110010001001000010,2.0,10110010001001000010
87,2.0,10110010001001000010,2.0,10110010001001000010
87,2.0,10110010001001000010,2.0,10110010001001000010
87,2.0,10110010001001000010,2.0,10110010001001000010
87,2.0,10110010001001000010,2.0,10110010001001000010
87,2.0,10110010001001000010,2.0,10110010001001000010
87,2.0,10110010001001000010,2.0,10110010001001000010
87,2.0,10110010001001000010,2.0,10110010001001000010
87,2.0,10110010001001000010,2.0,10110010001001000010
87,2.0,10110010001001000010,0.0,10111010000001100111
87,0.0,10111010000001100111,0.0,10111010000001100111
87,0.0,10111010000001100111,0.0,10111010000001100111
87,0.0,10111010000001100111,0.0,10111010000001100111
87,0.0,10111010000001100111,0.0,10111010000001100111
87,0.0,10111010000001100111,0.0,10111010000001100111
87,0.0,10111010000001100111,0.0,10111010000001100111
87,0.0,10111010000001100111,0.0,10111010000001100111
87,0.0,10111010000001100111,0.0,10111010000001100111
87,0.0,10111010000001100111,0.0,10111010000001100111
87,0.0,10111010000001100111,0.0,10111010000001100111
87,0.0,10111010000001100111,0.0,10111010000001100111
87,0.0,10111010000001100111,0.0,10111010000001100111
87,0.0,10111010000001100111,0.0,10111010000001100111
87,0.0,10111010000001100111,0.0,10111010000001100111
87,0.0,10111010000001100111,0.0,10111010000001100111
87,0.0,10111010000001100111,0.0,10111010000001100111
87,0.0,10111010000001100111,0.0,10111010000001100111
87,0.0,10111010000001100111,0.0,10111010000001100111
87,0.0,10111010000001100111,0.0,10111010000001100111
87,0.0,10111010000001100111,0.0,10111010000001100111
87,0.0,10111010000001100111,0.0,10111010000001100111
87,0.0,10111010000001100111,0.0,10111010000001100111
87,0.0,10111010000001100111,0.0,10111010000001100111
87,0.0,10111010000001100111,0.0,10111010000001100111
87,0.0,10111010000001100111,0.0,10111010000001100111
87,0.0,10111010000001100111,0.0,10111010000001100111
87,0.0,10111010000001100111,0.0,10111010000001100111
87,0.0,10111010000001100111,0.0,10111010000001100111
87,0.0,10111010000001100111,0.0,10111010000001100111
87,0.0,10111010000001100111,0.0,10111010000001100111
87,0.0,10111010000001100111,0.0,10111010000001100111
87,0.0,10111010000001100111,0.0,10111010000001100111
87,0.0,10111010000001100111,0.0,10111010000001100111
87,0.0,10111010000001100111,0.0,10111010000001100111
87,0.0,10111010000001100111,0.0,10111010000001100111
87,0.0,10111010000001100111,0.0,10111010000001100111
87,0.0,10111010000001100111,0.0,10111010000001100111
87,0.0,10111010000001100111,0.0,10111010000001100111
87,0.0,10111010000001100111,0.0,10111010000001100111
88,11698.0,10001111110010110111,160.0,10000111110010101111
88,160.0,10000111110010101111,160.0,10000111110010101111
88,160.0,10000111110010101111,42.0,10100111110010100100
88,42.0,10100111110010100100,42.0,10100111110010100100
88,42.0,10100111110010100100,42.0,10100111110010100100
88,42.0,10100111110010100100,42.0,10100111110010100100
88,42.0,10100111110010100100,42.0,10100111110010100100
88,42.0,10100111110010100100,42.0,10100111110010100100
88,42.0,10100111110010100100,40.0,11100110110010110101
88,40.0,11100110110010110101,40.0,11100110110010110101
88,40.0,11100110110010110101,40.0,11100110110010110101
88,40.0,11100110110010110101,40.0,11100110110010110101
88,40.0,11100110110010110101,40.0,11100110110010110101
88,40.0,11100110110010110101,40.0,11100110110010110101
88,40.0,11100110110010110101,40.0,11100110110010110101
88,40.0,11100110110010110101,40.0,11100110110010110101
88,40.0,11100110110010110101,40.0,11100110110010110101
88,40.0,11100110110010110101,40.0,11100110110010110101
88,40.0,11100110110010110101,40.0,11100110110010110101
88,40.0,11100110110010110101,40.0,11100110110010110101
88,40.0,11100110110010110101,4.0,01100110110010011111
88,4.0,01100110110010011111,4.0,01100110110010011111
88,4.0,01100110110010011111,4.0,01100110110010011111
88,4.0,01100110110010011111,4.0,01100110110010011111
88,4.0,01100110110010011111,4.0,01100110110010011111
88,4.0,01100110110010011111,4.0,01100110110010011111
88,4.0,01100110110010011111,4.0,01100110110010011111
88,4.0,01100110110010011111,4.0,01100110110010011111
88,4.0,01100110110010011111,4.0,01100110110010011111
88,4.0,01100110110010011111,4.0,01100110110010011111
88,4.0,01100110110010011111,4.0,01100110110010011111
88,4.0,01100110110010011111,4.0,01100110110010011111
88,4.0,01100110110010011111,4.0,01100110110010011111
88,4.0,01100110110010011111,4.0,01100110110010011111
88,4.0,01100110110010011111,4.0,01100110110010011111
88,4.0,01100110110010011111,4.0,01100110110010011111
88,4.0,01100110110010011111,4.0,01100110110010011111
88,4.0,01100110110010011111,4.0,01100110110010011111
88,4.0,01100110110010011111,4.0,01100110110010011111
88,4.0,01100110110010011111,4.0,01100110110010011111
88,4.0,01100110110010011111,4.0,01100110110010011111
89,642.0,00000011001010111100,642.0,00000011001010111100
89,642.0,00000011001010111100,12.0,01010010001000011101
89,12.0,01010010001000011101,12.0,01010010001000011101
89,12.0,01010010001000011101,8.0,11010010000100011100
89,8.0,11010010000100011100,8.0,11010010000100011100
89,8.0,11010010000100011100,8.0,11010010000100011100
89,8.0,11010010000100011100,8.0,11010010000100011100
89,8.0,11010010000100011100,8.0,11010010000100011100
89,8.0,11010010000100011100,8.0,11010010000100011100
89,8.0,11010010000100011100,6.0,11011110000100111011
89,6.0,11011110000100111011,6.0,11011110000100111011
89,6.0,11011110000100111011,6.0,11011110000100111011
89,6.0,11011110000100111011,6.0,11011110000100111011
89,6.0,11011110000100111011,6.0,11011110000100111011
89,6.0,11011110000100111011,6.0,11011110000100111011
89,6.0,11011110000100111011,6.0,11011110000100111011
89,6.0,11011110000100111011,6.0,11011110000100111011
89,6.0,11011110000100111011,6.0,11011110000100111011
89,6.0,11011110000100111011,6.0,11011110000100111011
89,6.0,11011110000100111011,6.0,11011110000100111011
89,6.0,11011110000100111011,6.0,11011110000100111011
89,6.0,11011110000100111011,6.0,11011110000100111011
89,6.0,11011110000100111011,6.0,11011110000100111011
89,6.0,11011110000100111011,6.0,11011110000100111011
89,6.0,11011110000100111011,6.0,11011110000100111011
89,6.0,11011110000100111011,6.0,11011110000100111011
89,6.0,11011110000100111011,6.0,11011110000100111011
89,6.0,11011110000100111011,6.0,11011110000100111011
89,6.0,11011110000100111011,6.0,11011110000100111011
89,6.0,11011110000100111011,6.0,11011110000100111011
89,6.0,11011110000100111011,6.0,11011110000100111011
89,6.0,11011110000100111011,6.0,11011110000100111011
89,6.0,11011110000100111011,6.0,11011110000100111011
89,6.0,11011110000100111011,6.0,11011110000100111011
89,6.0,11011110000100111011,6.0,11011110000100111011
89,6.0,11011110000100111011,6.0,11011110000100111011
89,6.0,11011110000100111011,6.0,11011110000100111011
89,6.0,11011110000100111011,6.0,11011110000100111011
89,6.0,11011110000100111011,2.0,01010110011010101000
89,2.0,01010110011010101000,2.0,01010110011010101000
89,2.0,01010110011010101000,2.0,01010110011010101000
89,2.0,01010110011010101000,2.0,01010110011010101000
89,2.0,01010110011010101000,2.0,01010110011010101000
89,2.0,01010110011010101000,2.0,01010110011010101000
89,2.0,01010110011010101000,2.0,01010110011010101000
89,2.0,01010110011010101000,2.0,01010110011010101000
89,2.0,01010110011010101000,2.0,01010110011010101000
89,2.0,01010110011010101000,2.0,01010110011010101000
89,2.0,01010110011010101000,2.0,01010110011010101000
89,2.0,01010110011010101000,2.0,01010110011010101000
89,2.0,01010110011010101000,2.0,01010110011010101000
89,2.0,01010110011010101000,2.0,01010110011010101000
89,2.0,01010110011010101000,2.0,01010110011010101000
89,2.0,01010110011010101000,2.0,01010110011010101000
89,2.0,01010110011010101000,2.0,01010110011010101000
89,2.0,01010110011010101000,2.0,01010110011010101000
89,2.0,01010110011010101000,2.0,01010110011010101000
89,2.0,01010110011010101000,2.0,01010110011010101000
89,2.0,01010110011010101000,2.0,01010110011010101000
89,2.0,01010110011010101000,2.0,01010110011010101000
89,2.0,01010110011010101000,2.0,01010110011010101000
89,2.0,01010110011010101000,2.0,01010110011010101000
89,2.0,01010110011010101000,2.0,01010110011010101000
89,2.0,01010110011010101000,2.0,01010110011010101000
89,2.0,01010110011010101000,2.0,01010110011010101000
89,2.0,01010110011010101000,2.0,01010110011010101000
89,2.0,01010110011010101000,2.0,01010110011010101000
89,2.0,01010110011010101000,2.0,01010110011010101000
89,2.0,01010110011010101000,2.0,01010110011010101000
89,2.0,01010110011010101000,2.0,01010110011010101000
89,2.0,01010110011010101000,2.0,01010110011010101000
90,1436.0,10011100110111010111,800.0,10010100110110111110
90,800.0,10010100110110111110,800.0,10010100110110111110
90,800.0,10010100110110111110,728.0,10000101110110111111
90,728.0,10000101110110111111,728.0,10000101110110111111
90,728.0,10000101110110111111,728.0,10000101110110111111
90,728.0,10000101110110111111,218.0,10001011110110110101
90,218.0,10001011110110110101,182.0,10101011110110010010
90,182.0,10101011110110010010,62.0,10000111110110011010
90,62.0,10000111110110011010,62.0,10000111110110011010
90,62.0,10000111110110011010,12.0,01001111110100111001
90,12.0,01001111110100111001,12.0,01001111110100111001
90,12.0,01001111110100111001,12.0,01001111110100111001
90,12.0,01001111110100111001,0.0,01000101111110011000
90,0.0,01000101111110011000,0.0,01000101111110011000
90,0.0,01000101111110011000,0.0,01000101111110011000
90,0.0,01000101111110011000,0.0,01000101111110011000
90,0.0,01000101111110011000,0.0,01000101111110011000
90,0.0,01000101111110011000,0.0,01000101111110011000
90,0.0,01000101111110011000,0.0,01000101111110011000
90,0.0,01000101111110011000,0.0,01000101111110011000
90,0.0,01000101111110011000,0.0,01000101111110011000
90,0.0,01000101111110011000,0.0,01000101111110011000
90,0.0,01000101111110011000,0.0,01000101111110011000
90,0.0,01000101111110011000,0.0,01000101111110011000
90,0.0,01000101111110011000,0.0,01000101111110011000
90,0.0,01000101111110011000,0.0,01000101111110011000
90,0.0,01000101111110011000,0.0,01000101111110011000
90,0.0,01000101111110011000,0.0,01000101111110011000
90,0.0,01000101111110011000,0.0,01000101111110011000
90,0.0,01000101111110011000,0.0,01000101111110011000
90,0.0,01000101111110011000,0.0,01000101111110011000
90,0.0,01000101111110011000,0.0,01000101111110011000
90,0.0,01000101111110011000,0.0,01000101111110011000
90,0.0,01000101111110011000,0.0,01000101111110011000
90,0.0,01000101111110011000,0.0,01000101111110011000
90,0.0,01000101111110011000,0.0,01000101111110011000
90,0.0,01000101111110011000,0.0,01000101111110011000
90,0.0,01000101111110011000,0.0,01000101111110011000
90,0.0,01000101111110011000,0.0,01000101111110011000
90,0.0,01000101111110011000,0.0,01000101111110011000
90,0.0,01000101111110011000,0.0,01000101111110011000
90,0.0,01000101111110011000,0.0,01000101111110011000
90,0.0,01000101111110011000,0.0,01000101111110011000
90,0.0,01000101111110011000,0.0,01000101111110011000
90,0.0,01000101111110011000,0.0,01000101111110011000
90,0.0,01000101111110011000,0.0,01000101111110011000
90,0.0,01000101111110011000,0.0,01000101111110011000
90,0.0,01000101111110011000,0.0,01000101111110011000
90,0.0,01000101111110011000,0.0,01000101111110011000
90,0.0,01000101111110011000,0.0,01000101111110011000
91,12.0,10110000001011000110,12.0,10110000001011000110
91,12.0,10110000001011000110,2.0,10110010001001000010
91,2.0,10110010001001000010,2.0,10110010001001000010
91,2.0,10110010001001000010,2.0,10110010001001000010
91,2.0,10110010001001000010,2.0,10110010001001000010
91,2.0,10110010001001000010,2.0,10110010001001000010
91,2.0,10110010001001000010,2.0,10110010001001000010
91,2.0,10110010001001000010,2.0,10110010001001000010
91,2.0,10110010001001000010,2.0,10110010001001000010
91,2.0,10110010001001000010,2.0,10110010001001000010
91,2.0,10110010001001000010,2.0,10110010001001000010
91,2.0,10110010001001000010,2.0,10110010001001000010
91,2.0,10110010001001000010,2.0,10110010001001000010
91,2.0,10110010001001000010,2.0,10110010001001000010
91,2.0,10110010001001000010,2.0,10110010001001000010
91,2.0,10110010001001000010,2.0,10110010001001000010
91,2.0,10110010001001000010,2.0,10110010001001000010
91,2.0,10110010001001000010,2.0,10110010001001000010
91,2.0,10110010001001000010,2.0,10110010001001000010
91,2.0,10110010001001000010,2.0,10110010001001000010
91,2.0,10110010001001000010,2.0,10110010001001000010
91,2.0,10110010001001000010,2.0,10110010001001000010
91,2.0,10110010001001000010,2.0,10110010001001000010
91,2.0,10110010001001000010,2.0,10110010001001000010
91,2.0,10110010001001000010,2.0,10110010001001000010
91,2.0,10110010001001000010,2.0,10110010001001000010
91,2.0,10110010001001000010,2.0,10110010001001000010
91,2.0,10110010001001000010,2.0,10110010001001000010
91,2.0,10110010001001000010,2.0,10110010001001000010
91,2.0,10110010001001000010,2.0,10110010001001000010
91,2.0,10110010001001000010,2.0,10110010001001000010
91,2.0,10110010001001000010,2.0,10110010001001000010
91,2.0,10110010001001000010,2.0,10110010001001000010
91,2.0,10110010001001000010,2.0,10110010001001000010
91,2.0,10110010001001000010,2.0,10110010001001000010
91,2.0,10110010001001000010,2.0,10110010001001000010
91,2.0,10110010001001000010,2.0,10110010001001000010
91,2.0,10110010001001000010,2.0,10110010001001000010
91,2.0,10110010001001000010,2.0,10110010001001000010
91,2.0,10110010001001000010,0.0,10111010000001100111
91,0.0,10111010000001100111,0.0,10111010000001100111
91,0.0,10111010000001100111,0.0,10111010000001100111
91,0.0,10111010000001100111,0.0,10111010000001100111
91,0.0,10111010000001100111,0.0,10111010000001100111
91,0.0,10111010000001100111,0.0,10111010000001100111
91,0.0,10111010000001100111,0.0,10111010000001100111
91,0.0,10111010000001100111,0.0,10111010000001100111
91,0.0,10111010000001100111,0.0,10111010000001100111
91,0.0,10111010000001100111,0.0,10111010000001100111
91,0.0,10111010000001100111,0.0,10111010000001100111
91,0.0,10111010000001100111,0.0,10111010000001100111
91,0.0,10111010000001100111,0.0,10111010000001100111
91,0.0,10111010000001100111,0.0,10111010000001100111
91,0.0,10111010000001100111,0.0,10111010000001100111
91,0.0,10111010000001100111,0.0,10111010000001100111
91,0.0,10111010000001100111,0.0,10111010000001100111
91,0.0,10111010000001100111,0.0,10111010000001100111
91,0.0,10111010000001100111,0.0,10111010000001100111
91,0.0,10111010000001100111,0.0,10111010000001100111
91,0.0,10111010000001100111,0.0,10111010000001100111
91,0.0,10111010000001100111,0.0,10111010000001100111
91,0.0,10111010000001100111,0.0,10111010000001100111
91,0.0,10111010000001100111,0.0,10111010000001100111
91,0.0,10111010000001100111,0.0,10111010000001100111
91,0.0,10111010000001100111,0.0,10111010000001100111
91,0.0,10111010000001100111,0.0,10111010000001100111
91,0.0,10111010000001100111,0.0,10111010000001100111
91,0.0,10111010000001100111,0.0,10111010000001100111
91,0.0,10111010000001100111,0.0,10111010000001100111
91,0.0,10111010000001100111,0.0,10111010000001100111
91,0.0,10111010000001100111,0.0,10111010000001100111
91,0.0,10111010000001100111,0.0,10111010000001100111
91,0.0,10111010000001100111,0.0,10111010000001100111
91,0.0,10111010000001100111,0.0,10111010000001100111
91,0.0,10111010000001100111,0.0,10111010000001100111
91,0.0,10111010000001100111,0.0,10111010000001100111
92,640.0,00111001001001010000,94.0,00111010001001010011
92,94.0,00111010001001010011,66.0,11111010000001010000
92,66.0,11111010000001010000,66.0,11111010000001010000
92,66.0,11111010000001010000,66.0,11111010000001010000
92,66.0,11111010000001010000,2.0,11110010010000010100
92,2.0,11110010010000010100,2.0,11110010010000010100
92,2.0,11110010010000010100,2.0,11110010010000010100
92,2.0,11110010010000010100,2.0,11110010010000010100
92,2.0,11110010010000010100,2.0,11110010010000010100
92,2.0,11110010010000010100,2.0,11110010010000010100
92,2.0,11110010010000010100,2.0,11110010010000010100
92,2.0,11110010010000010100,2.0,11110010010000010100
92,2.0,11110010010000010100,2.0,11110010010000010100
92,2.0,11110010010000010100,2.0,11110010010000010100
92,2.0,11110010010000010100,2.0,11110010010000010100
92,2.0,11110010010000010100,2.0,11110010010000010100
92,2.0,11110010010000010100,2.0,11110010010000010100
92,2.0,11110010010000010100,2.0,11110010010000010100
92,2.0,11110010010000010100,2.0,11110010010000010100
92,2.0,11110010010000010100,2.0,11110010010000010100
92,2.0,11110010010000010100,2.0,11110010010000010100
92,2.0,11110010010000010100,2.0,11110010010000010100
92,2.0,11110010010000010100,2.0,11110010010000010100
92,2.0,11110010010000010100,2.0,11110010010000010100
92,2.0,11110010010000010100,2.0,11110010010000010100
92,2.0,11110010010000010100,2.0,11110010010000010100
92,2.0,11110010010000010100,2.0,11110010010000010100
92,2.0,11110010010000010100,2.0,11110010010000010100
92,2.0,11110010010000010100,2.0,11110010010000010100
92,2.0,11110010010000010100,2.0,11110010010000010100
92,2.0,11110010010000010100,2.0,11110010010000010100
92,2.0,11110010010000010100,2.0,11110010010000010100
92,2.0,11110010010000010100,2.0,11110010010000010100
92,2.0,11110010010000010100,2.0,11110010010000010100
92,2.0,11110010010000010100,2.0,11110010010000010100
92,2.0,11110010010000010100,2.0,11110010010000010100
92,2.0,11110010010000010100,0.0,10111010000001100111
92,0.0,10111010000001100111,0.0,10111010000001100111
92,0.0,10111010000001100111,0.0,10111010000001100111
92,0.0,10111010000001100111,0.0,10111010000001100111
92,0.0,10111010000001100111,0.0,10111010000001100111
92,0.0,10111010000001100111,0.0,10111010000001100111
92,0.0,10111010000001100111,0.0,10111010000001100111
92,0.0,10111010000001100111,0.0,10111010000001100111
92,0.0,10111010000001100111,0.0,10111010000001100111
92,0.0,10111010000001100111,0.0,10111010000001100111
92,0.0,10111010000001100111,0.0,10111010000001100111
92,0.0,10111010000001100111,0.0,10111010000001100111
92,0.0,10111010000001100111,0.0,10111010000001100111
92,0.0,10111010000001100111,0.0,10111010000001100111
92,0.0,10111010000001100111,0.0,10111010000001100111
92,0.0,10111010000001100111,0.0,10111010000001100111
92,0.0,10111010000001100111,0.0,10111010000001100111
92,0.0,10111010000001100111,0.0,10111010000001100111
92,0.0,10111010000001100111,0.0,10111010000001100111
92,0.0,10111010000001100111,0.0,10111010000001100111
92,0.0,10111010000001100111,0.0,10111010000001100111
92,0.0,10111010000001100111,0.0,10111010000001100111
92,0.0,10111010000001100111,0.0,10111010000001100111
92,0.0,10111010000001100111,0.0,10111010000001100111
92,0.0,10111010000001100111,0.0,10111010000001100111
92,0.0,10111010000001100111,0.0,10111010000001100111
92,0.0,10111010000001100111,0.0,10111010000001100111
92,0.0,10111010000001100111,0.0,10111010000001100111
92,0.0,10111010000001100111,0.0,10111010000001100111
92,0.0,10111010000001100111,0.0,10111010000001100111
92,0.0,10111010000001100111,0.0,10111010000001100111
92,0.0,10111010000001100111,0.0,10111010000001100111
92,0.0,10111010000001100111,0.0,10111010000001100111
92,0.0,10111010000001100111,0.0,10111010000001100111
92,0.0,10111010000001100111,0.0,10111010000001100111
92,0.0,10111010000001100111,0.0,10111010000001100111
92,0.0,10111010000001100111,0.0,10111010000001100111
92,0.0,10111010000001100111,0.0,10111010000001100111
92,0.0,10111010000001100111,0.0,10111010000001100111
92,0.0,10111010000001100111,0.0,10111010000001100111
92,0.0,10111010000001100111,0.0,10111010000001100111
92,0.0,10111010000001100111,0.0,10111010000001100111
92,0.0,10111010000001100111,0.0,10111010000001100111
92,0.0,10111010000001100111,0.0,10111010000001100111
93,2000.0,00010001101101000100,242.0,01010001101101000000
93,242.0,01010001101101000000,242.0,01010001101101000000
93,242.0,01010001101101000000,178.0,01010100111011001000
93,178.0,01010100111011001000,178.0,01010100111011001000
93,178.0,01010100111011001000,114.0,01011110000011001101
93,114.0,01011110000011001101,76.0,01010110100001001110
93,76.0,01010110100001001110,76.0,01010110100001001110
93,76.0,01010110100001001110,76.0,01010110100001001110
93,76.0,01010110100001001110,76.0,01010110100001001110
93,76.0,01010110100001001110,76.0,01010110100001001110
93,76.0,01010110100001001110,76.0,01010110100001001110
93,76.0,01010110100001001110,6.0,00010110110001101101
93,6.0,00010110110001101101,6.0,00010110110001101101
93,6.0,00010110110001101101,6.0,00010110110001101101
93,6.0,00010110110001101101,4.0,00011010001001001110
93,4.0,00011010001001001110,4.0,00011010001001001110
93,4.0,00011010001001001110,4.0,00011010001001001110
93,4.0,00011010001001001110,4.0,00011010001001001110
93,4.0,00011010001001001110,4.0,00011010001001001110
93,4.0,00011010001001001110,4.0,00011010001001001110
93,4.0,00011010001001001110,4.0,00011010001001001110
93,4.0,00011010001001001110,4.0,00011010001001001110
93,4.0,00011010001001001110,4.0,00011010001001001110
93,4.0,00011010001001001110,4.0,00011010001001001110
93,4.0,00011010001001001110,4.0,00011010001001001110
93,4.0,00011010001001001110,4.0,00011010001001001110
93,4.0,00011010001001001110,4.0,00011010001001001110
93,4.0,00011010001001001110,4.0,00011010001001001110
93,4.0,00011010001001001110,4.0,00011010001001001110
93,4.0,00011010001001001110,4.0,00011010001001001110
93,4.0,00011010001001001110,4.0,00011010001001001110
93,4.0,00011010001001001110,4.0,00011010001001001110
93,4.0,00011010001001001110,4.0,00011010001001001110
93,4.0,00011010001001001110,4.0,00011010001001001110
93,4.0,00011010001001001110,4.0,00011010001001001110
93,4.0,00011010001001001110,4.0,00011010001001001110
93,4.0,00011010001001001110,4.0,00011010001001001110
93,4.0,00011010001001001110,4.0,00011010001001001110
93,4.0,00011010001001001110,4.0,00011010001001001110
93,4.0,00011010001001001110,4.0,00011010001001001110
93,4.0,00011010001001001110,4.0,00011010001001001110
93,4.0,00011010001001001110,4.0,00011010001001001110
93,4.0,00011010001001001110,4.0,00011010001001001110
93,4.0,00011010001001001110,4.0,00011010001001001110
93,4.0,00011010001001001110,4.0,00011010001001001110
93,4.0,00011010001001001110,4.0,00011010001001001110
93,4.0,00011010001001001110,4.0,00011010001001001110
93,4.0,00011010001001001110,4.0,00011010001001001110
93,4.0,00011010001001001110,4.0,00011010001001001110
93,4.0,00011010001001001110,4.0,00011010001001001110
93,4.0,00011010001001001110,4.0,00011010001001001110
93,4.0,00011010001001001110,4.0,00011010001001001110
93,4.0,00011010001001001110,4.0,00011010001001001110
93,4.0,00011010001001001110,4.0,00011010001001001110
93,4.0,00011010001001001110,4.0,00011010001001001110
93,4.0,00011010001001001110,4.0,00011010001001001110
93,4.0,00011010001001001110,4.0,00011010001001001110
93,4.0,00011010001001001110,4.0,00011010001001001110
93,4.0,00011010001001001110,4.0,00011010001001001110
93,4.0,00011010001001001110,4.0,00011010001001001110
93,4.0,00011010001001001110,4.0,00011010001001001110
93,4.0,00011010001001001110,4.0,00011010001001001110
93,4.0,00011010001001001110,4.0,00011010001001001110
93,4.0,00011010001001001110,4.0,00011010001001001110
93,4.0,00011010001001001110,4.0,00011010001001001110
93,4.0,00011010001001001110,4.0,00011010001001001110
93,4.0,00011010001001001110,4.0,00011010001001001110
94,240.0,01011010011010101011,240.0,01011010011010101011
94,240.0,01011010011010101011,122.0,01111010011010100000
94,122.0,01111010011010100000,28.0,11110110001000100000
94,28.0,11110110001000100000,28.0,11110110001000100000
94,28.0,11110110001000100000,28.0,11110110001000100000
94,28.0,11110110001000100000,28.0,11110110001000100000
94,28.0,11110110001000100000,28.0,11110110001000100000
94,28.0,11110110001000100000,28.0,11110110001000100000
94,28.0,11110110001000100000,22.0,11100010001100101001
94,22.0,11100010001100101001,22.0,11100010001100101001
94,22.0,11100010001100101001,22.0,11100010001100101001
94,22.0,11100010001100101001,22.0,11100010001100101001
94,22.0,11100010001100101001,22.0,11100010001100101001
94,22.0,11100010001100101001,10.0,11101110010100001111
94,10.0,11101110010100001111,10.0,11101110010100001111
94,10.0,11101110010100001111,10.0,11101110010100001111
94,10.0,11101110010100001111,10.0,11101110010100001111
94,10.0,11101110010100001111,10.0,11101110010100001111
94,10.0,11101110010100001111,10.0,11101110010100001111
94,10.0,11101110010100001111,10.0,11101110010100001111
94,10.0,11101110010100001111,10.0,11101110010100001111
94,10.0,11101110010100001111,10.0,11101110010100001111
94,10.0,11101110010100001111,10.0,11101110010100001111
94,10.0,11101110010100001111,10.0,11101110010100001111
94,10.0,11101110010100001111,10.0,11101110010100001111
94,10.0,11101110010100001111,10.0,11101110010100001111
94,10.0,11101110010100001111,10.0,11101110010100001111
94,10.0,11101110010100001111,10.0,11101110010100001111
94,10.0,11101110010100001111,10.0,11101110010100001111
94,10.0,11101110010100001111,10.0,11101110010100001111
94,10.0,11101110010100001111,10.0,11101110010100001111
94,10.0,11101110010100001111,10.0,11101110010100001111
94,10.0,11101110010100001111,10.0,11101110010100001111
94,10.0,11101110010100001111,10.0,11101110010100001111
94,10.0,11101110010100001111,10.0,11101110010100001111
94,10.0,11101110010100001111,10.0,11101110010100001111
94,10.0,11101110010100001111,10.0,11101110010100001111
94,10.0,11101110010100001111,10.0,11101110010100001111
94,10.0,11101110010100001111,10.0,11101110010100001111
94,10.0,11101110010100001111,10.0,11101110010100001111
94,10.0,11101110010100001111,10.0,11101110010100001111
94,10.0,11101110010100001111,10.0,11101110010100001111
94,10.0,11101110010100001111,10.0,11101110010100001111
94,10.0,11101110010100001111,10.0,11101110010100001111
94,10.0,11101110010100001111,10.0,11101110010100001111
94,10.0,11101110010100001111,10.0,11101110010100001111
94,10.0,11101110010100001111,10.0,11101110010100001111
94,10.0,11101110010100001111,10.0,11101110010100001111
94,10.0,11101110010100001111,10.0,11101110010100001111
94,10.0,11101110010100001111,10.0,11101110010100001111
94,10.0,11101110010100001111,10.0,11101110010100001111
94,10.0,11101110010100001111,10.0,11101110010100001111
94,10.0,11101110010100001111,10.0,11101110010100001111
95,86.0,10111001000011010011,60.0,11111101000010110001
95,60.0,11111101000010110001,60.0,11111100001000010110
95,60.0,11111100001000010110,60.0,11111100001000010110
95,60.0,11111100001000010110,28.0,11110100011010010010
95,28.0,11110100011010010010,28.0,11110100011010010010
95,28.0,11110100011010010010,28.0,11110100011010010010
95,28.0,11110100011010010010,6.0,11011100011010110100
95,6.0,11011100011010110100,6.0,11011100011010110100
95,6.0,11011100011010110100,6.0,11011100011010110100
95,6.0,11011100011010110100,6.0,11011100011010110100
95,6.0,11011100011010110100,6.0,11011100011010110100
95,6.0,11011100011010110100,6.0,11011100011010110100
95,6.0,11011100011010110100,6.0,11011100011010110100
95,6.0,11011100011010110100,6.0,11011100011010110100
95,6.0,11011100011010110100,6.0,11011100011010110100
95,6.0,11011100011010110100,6.0,11011100011010110100
95,6.0,11011100011010110100,6.0,11011100011010110100
95,6.0,11011100011010110100,6.0,11011100011010110100
95,6.0,11011100011010110100,6.0,11011100011010110100
95,6.0,11011100011010110100,6.0,11011100011010110100
95,6.0,11011100011010110100,6.0,11011100011010110100
95,6.0,11011100011010110100,6.0,11011100011010110100
95,6.0,11011100011010110100,6.0,11011100011010110100
95,6.0,11011100011010110100,6.0,11011100011010110100
95,6.0,11011100011010110100,6.0,11011100011010110100
95,6.0,11011100011010110100,6.0,11011100011010110100
95,6.0,11011100011010110100,6.0,11011100011010110100
95,6.0,11011100011010110100,6.0,11011100011010110100
95,6.0,11011100011010110100,6.0,11011100011010110100
95,6.0,11011100011010110100,6.0,11011100011010110100
95,6.0,11011100011010110100,6.0,11011100011010110100
95,6.0,11011100011010110100,6.0,11011100011010110100
96,394.0,00011101001011001010,296.0,00010001001001001100
96,296.0,00010001001001001100,38.0,10001001001001011101
96,38.0,10001001001001011101,38.0,10001001001001011101
96,38.0,10001001001001011101,38.0,10001001001001011101
96,38.0,10001001001001011101,38.0,10001001001001011101
96,38.0,10001001001001011101,38.0,10001001001001011101
96,38.0,10001001001001011101,38.0,10001001001001011101
96,38.0,10001001001001011101,22.0,00000001001101011111
96,22.0,00000001001101011111,22.0,00000001001101011111
96,22.0,00000001001101011111,22.0,00000001001101011111
96,22.0,00000001001101011111,22.0,00000001001101011111
96,22.0,00000001001101011111,22.0,00000001001101011111
96,22.0,00000001001101011111,22.0,00000001001101011111
96,22.0,00000001001101011111,22.0,00000001001101011111
96,22.0,00000001001101011111,14.0,10010100100101011111
96,14.0,10010100100101011111,14.0,10010100100101011111
96,14.0,10010100100101011111,14.0,10010100100101011111
96,14.0,10010100100101011111,14.0,10010100100101011111
96,14.0,10010100100101011111,14.0,10010100100101011111
96,14.0,10010100100101011111,14.0,10010100100101011111
96,14.0,10010100100101011111,14.0,10010100100101011111
96,14.0,10010100100101011111,14.0,10010100100101011111
96,14.0,10010100100101011111,14.0,10010100100101011111
96,14.0,10010100100101011111,14.0,10010100100101011111
96,14.0,10010100100101011111,14.0,10010100100101011111
96,14.0,10010100100101011111,14.0,10010100100101011111
96,14.0,10010100100101011111,14.0,10010100100101011111
96,14.0,10010100100101011111,14.0,10010100100101011111
96,14.0,10010100100101011111,14.0,10010100100101011111
96,14.0,10010100100101011111,14.0,10010100100101011111
96,14.0,10010100100101011111,14.0,10010100100101011111
96,14.0,10010100100101011111,14.0,10000000111101011101
96,14.0,10000000111101011101,14.0,10000000111101011101
96,14.0,10000000111101011101,14.0,10000000111101011101
96,14.0,10000000111101011101,14.0,10000000111101011101
96,14.0,10000000111101011101,14.0,10000000111101011101
96,14.0,10000000111101011101,14.0,10000000111101011101
96,14.0,10000000111101011101,14.0,10000000111101011101
96,14.0,10000000111101011101,14.0,10000000111101011101
96,14.0,10000000111101011101,14.0,10000000111101011101
96,14.0,10000000111101011101,14.0,10000000111101011101
96,14.0,10000000111101011101,14.0,10000000111101011101
97,906.0,10011000111011110011,492.0,10010100111011110001
97,492.0,10010100111011110001,206.0,10011110101001010000
97,206.0,10011110101001010000,60.0,10011110001001000111
97,60.0,10011110001001000111,60.0,10011110001001000111
97,60.0,10011110001001000111,60.0,10011110001001000111
97,60.0,10011110001001000111,60.0,10011110001001000111
97,60.0,10011110001001000111,48.0,10001111001001000111
97,48.0,10001111001001000111,48.0,10001111001001000111
97,48.0,10001111001001000111,48.0,10001111001001000111
97,48.0,10001111001001000111,48.0,10001111001001000111
97,48.0,10001111001001000111,48.0,10001111001001000111
97,48.0,10001111001001000111,48.0,10001111001001000111
97,48.0,10001111001001000111,48.0,10001111001001000111
97,48.0,10001111001001000111,48.0,10001111001001000111
97,48.0,10001111001001000111,18.0,10100110001001100110
97,18.0,10100110001001100110,0.0,10111010000001100111
97,0.0,10111010000001100111,0.0,10111010000001100111
97,0.0,10111010000001100111,0.0,10111010000001100111
97,0.0,10111010000001100111,0.0,10111010000001100111
97,0.0,10111010000001100111,0.0,10111010000001100111
97,0.0,10111010000001100111,0.0,10111010000001100111
97,0.0,10111010000001100111,0.0,10111010000001100111
97,0.0,10111010000001100111,0.0,10111010000001100111
97,0.0,10111010000001100111,0.0,10111010000001100111
97,0.0,10111010000001100111,0.0,10111010000001100111
97,0.0,10111010000001100111,0.0,10111010000001100111
97,0.0,10111010000001100111,0.0,10111010000001100111
97,0.0,10111010000001100111,0.0,10111010000001100111
97,0.0,10111010000001100111,0.0,10111010000001100111
97,0.0,10111010000001100111,0.0,10111010000001100111
97,0.0,10111010000001100111,0.0,10111010000001100111
97,0.0,10111010000001100111,0.0,10111010000001100111
97,0.0,10111010000001100111,0.0,10111010000001100111
97,0.0,10111010000001100111,0.0,10111010000001100111
97,0.0,10111010000001100111,0.0,10111010000001100111
97,0.0,10111010000001100111,0.0,10111010000001100111
97,0.0,10111010000001100111,0.0,10111010000001100111
97,0.0,10111010000001100111,0.0,10111010000001100111
97,0.0,10111010000001100111,0.0,10111010000001100111
97,0.0,10111010000001100111,0.0,10111010000001100111
97,0.0,10111010000001100111,0.0,10111010000001100111
97,0.0,10111010000001100111,0.0,10111010000001100111
97,0.0,10111010000001100111,0.0,10111010000001100111
97,0.0,10111010000001100111,0.0,10111010000001100111
97,0.0,10111010000001100111,0.0,10111010000001100111
97,0.0,10111010000001100111,0.0,10111010000001100111
97,0.0,10111010000001100111,0.0,10111010000001100111
97,0.0,10111010000001100111,0.0,10111010000001100111
97,0.0,10111010000001100111,0.0,10111010000001100111
97,0.0,10111010000001100111,0.0,10111010000001100111
97,0.0,10111010000001100111,0.0,10111010000001100111
97,0.0,10111010000001100111,0.0,10111010000001100111
97,0.0,10111010000001100111,0.0,10111010000001100111
97,0.0,10111010000001100111,0.0,10111010000001100111
97,0.0,10111010000001100111,0.0,10111010000001100111
97,0.0,10111010000001100111,0.0,10111010000001100111
98,988.0,00100111100001011000,698.0,00111001000001001110
98,698.0,00111001000001001110,40.0,00011001001101001010
98,40.0,00011001001101001010,40.0,00011001001101001010
98,40.0,00011001001101001010,26.0,00000011101101001000
98,26.0,00000011101101001000,26.0,00000011101101001000
98,26.0,00000011101101001000,26.0,00000011101101001000
98,26.0,00000011101101001000,26.0,00000011101101001000
98,26.0,00000011101101001000,26.0,00000011101101001000
98,26.0,00000011101101001000,26.0,00000011101101001000
98,26.0,00000011101101001000,16.0,00000001101111001100
98,16.0,00000001101111001100,16.0,00000001101111001100
98,16.0,00000001101111001100,16.0,00000001101111001100
98,16.0,00000001101111001100,16.0,00000001101111001100
98,16.0,00000001101111001100,16.0,00000001101111001100
98,16.0,00000001101111001100,16.0,00000001101111001100
98,16.0,00000001101111001100,16.0,00000001101111001100
98,16.0,00000001101111001100,16.0,00000001101111001100
98,16.0,00000001101111001100,16.0,00000001101111001100
98,16.0,00000001101111001100,16.0,00000001101111001100
98,16.0,00000001101111001100,16.0,00000001101111001100
98,16.0,00000001101111001100,16.0,00000001101111001100
98,16.0,00000001101111001100,16.0,00000001101111001100
98,16.0,00000001101111001100,16.0,00000001101111001100
98,16.0,00000001101111001100,16.0,00000001101111001100
98,16.0,00000001101111001100,16.0,00000001101111001100
98,16.0,00000001101111001100,16.0,00000001101111001100
98,16.0,00000001101111001100,16.0,00100001100111001111
98,16.0,00100001100111001111,16.0,00100001100111001111
98,16.0,00100001100111001111,16.0,00100001100111001111
98,16.0,00100001100111001111,16.0,00100001100111001111
98,16.0,00100001100111001111,16.0,00100001100111001111
98,16.0,00100001100111001111,16.0,00000001101111001100
98,16.0,00000001101111001100,16.0,00000001101111001100
98,16.0,00000001101111001100,16.0,00000001101111001100
98,16.0,00000001101111001100,16.0,00000001101111001100
98,16.0,00000001101111001100,16.0,00000001101111001100
98,16.0,00000001101111001100,16.0,00000001101111001100
98,16.0,00000001101111001100,16.0,00000001101111001100
98,16.0,00000001101111001100,16.0,00000001101111001100
98,16.0,00000001101111001100,2.0,00001101101111101011
98,2.0,00001101101111101011,2.0,00001101101111101011
98,2.0,00001101101111101011,2.0,00001101101111101011
98,2.0,00001101101111101011,2.0,00001101101111101011
98,2.0,00001101101111101011,2.0,00001101101111101011
98,2.0,00001101101111101011,2.0,00001101101111101011
98,2.0,00001101101111101011,2.0,00001101101111101011
98,2.0,00001101101111101011,2.0,00001101101111101011
98,2.0,00001101101111101011,2.0,00001101101111101011
98,2.0,00001101101111101011,2.0,00001101101111101011
98,2.0,00001101101111101011,2.0,00001101101111101011
98,2.0,00001101101111101011,2.0,00001101101111101011
98,2.0,00001101101111101011,2.0,00001101101111101011
98,2.0,00001101101111101011,2.0,00001101101111101011
98,2.0,00001101101111101011,2.0,00001101101111101011
98,2.0,00001101101111101011,2.0,00001101101111101011
98,2.0,00001101101111101011,2.0,00001101101111101011
98,2.0,00001101101111101011,2.0,00001101101111101011
98,2.0,00001101101111101011,2.0,00001101101111101011
98,2.0,00001101101111101011,2.0,00001101101111101011
98,2.0,00001101101111101011,2.0,00001101101111101011
98,2.0,00001101101111101011,2.0,00001101101111101011
98,2.0,00001101101111101011,2.0,00001101101111101011
98,2.0,00001101101111101011,2.0,00001101101111101011
98,2.0,00001101101111101011,2.0,00001101101111101011
98,2.0,00001101101111101011,0.0,00011111001000101011
98,0.0,00011111001000101011,0.0,00011111001000101011
98,0.0,00011111001000101011,0.0,00011111001000101011
98,0.0,00011111001000101011,0.0,00011111001000101011
98,0.0,00011111001000101011,0.0,00011111001000101011
98,0.0,00011111001000101011,0.0,00011111001000101011
98,0.0,00011111001000101011,0.0,00011111001000101011
98,0.0,00011111001000101011,0.0,00011111001000101011
98,0.0,00011111001000101011,0.0,00011111001000101011
98,0.0,00011111001000101011,0.0,00011111001000101011
98,0.0,00011111001000101011,0.0,00011111001000101011
98,0.0,00011111001000101011,0.0,00011111001000101011
98,0.0,00011111001000101011,0.0,00011111001000101011
98,0.0,00011111001000101011,0.0,00011111001000101011
98,0.0,00011111001000101011,0.0,00011111001000101011
98,0.0,00011111001000101011,0.0,00011111001000101011
98,0.0,00011111001000101011,0.0,00011111001000101011
98,0.0,00011111001000101011,0.0,00011111001000101011
98,0.0,00011111001000101011,0.0,00011111001000101011
98,0.0,00011111001000101011,0.0,00011111001000101011
98,0.0,00011111001000101011,0.0,00011111001000101011
98,0.0,00011111001000101011,0.0,00011111001000101011
98,0.0,00011111001000101011,0.0,00011111001000101011
98,0.0,00011111001000101011,0.0,00011111001000101011
98,0.0,00011111001000101011,0.0,00011111001000101011
98,0.0,00011111001000101011,0.0,00011111001000101011
98,0.0,00011111001000101011,0.0,00011111001000101011
98,0.0,00011111001000101011,0.0,00011111001000101011
98,0.0,00011111001000101011,0.0,00011111001000101011
98,0.0,00011111001000101011,0.0,00011111001000101011
98,0.0,00011111001000101011,0.0,00011111001000101011
98,0.0,00011111001000101011,0.0,00011111001000101011
98,0.0,00011111001000101011,0.0,00011111001000101011
99,2184.0,10011100110110111101,642.0,11011100010100111110
99,642.0,11011100010100111110,202.0,11010100110110101100
99,202.0,11010100110110101100,202.0,11010100110110101100
99,202.0,11010100110110101100,6.0,00010110110001101101
99,6.0,00010110110001101101,6.0,00010110110001101101
99,6.0,00010110110001101101,6.0,00010110110001101101
99,6.0,00010110110001101101,6.0,00010110110001101101
99,6.0,00010110110001101101,6.0,00010110110001101101
99,6.0,00010110110001101101,6.0,00010110110001101101
99,6.0,00010110110001101101,6.0,00010110110001101101
99,6.0,00010110110001101101,6.0,00010110110001101101
99,6.0,00010110110001101101,6.0,00010110110001101101
99,6.0,00010110110001101101,6.0,00010110110001101101
99,6.0,00010110110001101101,6.0,00010110110001101101
99,6.0,00010110110001101101,6.0,00010110110001101101
99,6.0,00010110110001101101,6.0,00010110110001101101
99,6.0,00010110110001101101,6.0,00010110110001101101
99,6.0,00010110110001101101,6.0,00010110110001101101
99,6.0,00010110110001101101,6.0,00010110110001101101
99,6.0,00010110110001101101,6.0,00010110110001101101
99,6.0,00010110110001101101,6.0,00010110110001101101
99,6.0,00010110110001101101,6.0,00010110110001101101
99,6.0,00010110110001101101,6.0,00010110110001101101
99,6.0,00010110110001101101,4.0,00011010001001001110
99,4.0,00011010001001001110,4.0,00011010001001001110
99,4.0,00011010001001001110,4.0,00011010001001001110
99,4.0,00011010001001001110,4.0,00011010001001001110
99,4.0,00011010001001001110,4.0,00011010001001001110
99,4.0,00011010001001001110,4.0,00011010001001001110
99,4.0,00011010001001001110,4.0,00011010001001001110
99,4.0,00011010001001001110,4.0,00011010001001001110
99,4.0,00011010001001001110,4.0,00011010001001001110
99,4.0,00011010001001001110,4.0,00011010001001001110
99,4.0,00011010001001001110,4.0,00011010001001001110
99,4.0,00011010001001001110,4.0,00011010001001001110
99,4.0,00011010001001001110,4.0,00011010001001001110
99,4.0,00011010001001001110,4.0,00011010001001001110
99,4.0,00011010001001001110,4.0,00011010001001001110
99,4.0,00011010001001001110,4.0,00011010001001001110
99,4.0,00011010001001001110,4.0,00011010001001001110
99,4.0,00011010001001001110,4.0,00011010001001001110
99,4.0,00011010001001001110,4.0,00011010001001001110
99,4.0,00011010001001001110,4.0,00011010001001001110
99,4.0,00011010001001001110,4.0,00011010001001001110
99,4.0,00011010001001001110,4.0,00011010001001001110
99,4.0,00011010001001001110,4.0,00011010001001001110
99,4.0,00011010001001001110,4.0,00011010001001001110
99,4.0,00011010001001001110,4.0,00011010001001001110
99,4.0,00011010001001001110,4.0,00011010001001001110
99,4.0,00011010001001001110,4.0,00011010001001001110
99,4.0,00011010001001001110,4.0,00011010001001001110
99,4.0,00011010001001001110,4.0,00011010001001001110
99,4.0,00011010001001001110,4.0,00011010001001001110
99,4.0,00011010001001001110,4.0,00011010001001001110
99,4.0,00011010001001001110,4.0,00011010001001001110
99,4.0,00011010001001001110,4.0,00011010001001001110
99,4.0,00011010001001001110,4.0,00011010001001001110
99,4.0,00011010001001001110,4.0,00011010001001001110
99,4.0,00011010001001001110,4.0,00011010001001001110
99,4.0,00011010001001001110,4.0,00011010001001001110
99,4.0,00011010001001001110,4.0,00011010001001001110
99,4.0,00011010001001001110,4.0,00011010001001001110
99,4.0,00011010001001001110,4.0,00011010001001001110
99,4.0,00011010001001001110,4.0,00011010001001001110
100,3152.0,00101101101100001111,3152.0,00101101101100001111
100,3152.0,00101101101100001111,564.0,00101101011100001111
100,564.0,00101101011100001111,74.0,00101001111100001100
100,74.0,00101001111100001100,30.0,00101010101100011101
100,30.0,00101010101100011101,8.0,00101010111110010110
100,8.0,00101010111110010110,8.0,00101010111110010110
100,8.0,00101010111110010110,8.0,00101010111110010110
100,8.0,00101010111110010110,8.0,00101010111110010110
100,8.0,00101010111110010110,8.0,00101010111110010110
100,8.0,00101010111110010110,8.0,00101010111110010110
100,8.0,00101010111110010110,8.0,00101010111110010110
100,8.0,00101010111110010110,8.0,00101010111110010110
100,8.0,00101010111110010110,6.0,10101010101010001111
100,6.0,10101010101010001111,6.0,10101010101010001111
100,6.0,10101010101010001111,6.0,10101010101010001111
100,6.0,10101010101010001111,6.0,10101010101010001111
100,6.0,10101010101010001111,6.0,10101010101010001111
100,6.0,10101010101010001111,6.0,10101010101010001111
100,6.0,10101010101010001111,6.0,10101010101010001111
100,6.0,10101010101010001111,6.0,10101010101010001111
100,6.0,10101010101010001111,6.0,10101010101010001111
100,6.0,10101010101010001111,6.0,10101010101010001111
100,6.0,10101010101010001111,6.0,10101010101010001111
100,6.0,10101010101010001111,6.0,10101010101010001111
100,6.0,10101010101010001111,6.0,10101010101010001111
100,6.0,10101010101010001111,6.0,10101010101010001111
100,6.0,10101010101010001111,6.0,10101010101010001111
100,6.0,10101010101010001111,6.0,10101010101010001111
100,6.0,10101010101010001111,6.0,10101010101010001111
100,6.0,10101010101010001111,6.0,10101010101010001111
100,6.0,10101010101010001111,6.0,10101010101010001111
100,6.0,10101010101010001111,6.0,10101010101010001111
100,6.0,10101010101010001111,6.0,10101010101010001111
100,6.0,10101010101010001111,6.0,10101010101010001111
100,6.0,10101010101010001111,6.0,10101010101010001111
100,6.0,10101010101010001111,6.0,10101010101010001111
100,6.0,10101010101010001111,6.0,10101010101010001111
100,6.0,10101010101010001111,6.0,10101010101010001111
100,6.0,10101010101010001111,6.0,10101010101010001111
100,6.0,10101010101010001111,6.0,10101010101010001111
100,6.0,10101010101010001111,6.0,10101010101010001111
100,6.0,10101010101010001111,6.0,10101010101010001111
100,6.0,10101010101010001111,6.0,10101010101010001111
100,6.0,10101010101010001111,6.0,10101010101010001111
100,6.0,10101010101010001111,6.0,10101010101010001111
100,6.0,10101010101010001111,6.0,10101010101010001111
100,6.0,10101010101010001111,6.0,10101010101010001111
100,6.0,10101010101010001111,6.0,10101010101010001111
