run,fit1,node1,fit2,node2
1,28.5,332.84_35.51_-43.47,1.07,-50.24_26.63_-32.60
1,1.07,-50.24_26.63_-32.60,1.07,-50.24_26.63_-32.60
1,1.07,-50.24_26.63_-32.60,1.07,-50.24_26.63_-32.60
1,1.07,-50.24_26.63_-32.60,0.93,-50.24_26.63_-21.73
1,0.93,-50.24_26.63_-21.73,0.93,-50.24_26.63_-21.73
1,0.93,-50.24_26.63_-21.73,0.92,-47.10_26.63_-27.17
1,0.92,-47.10_26.63_-27.17,0.83,43.96_35.51_10.87
1,0.83,43.96_35.51_10.87,0.8,40.82_35.51_16.30
1,0.8,40.82_35.51_16.30,0.69,40.82_31.07_10.87
1,0.69,40.82_31.07_10.87,0.27,21.98_22.19_10.87
1,0.27,21.98_22.19_10.87,0.2,18.84_17.75_10.87
1,0.2,18.84_17.75_10.87,0.2,18.84_17.75_10.87
1,0.2,18.84_17.75_10.87,0.2,18.84_17.75_10.87
1,0.2,18.84_17.75_10.87,0.14,18.84_13.32_5.43
1,0.14,18.84_13.32_5.43,0.1,18.84_4.44_5.43
1,0.1,18.84_4.44_5.43,0.1,18.84_4.44_5.43
1,0.1,18.84_4.44_5.43,0.09,15.70_8.88_5.43
1,0.09,15.70_8.88_5.43,0.09,3.14_17.75_5.43
1,0.09,3.14_17.75_5.43,0.09,3.14_17.75_5.43
1,0.09,3.14_17.75_5.43,0.08,3.14_13.32_10.87
1,0.08,3.14_13.32_10.87,0.03,3.14_8.88_5.43
1,0.03,3.14_8.88_5.43,0.01,3.14_4.44_0.00
1,0.01,3.14_4.44_0.00,0.01,3.14_4.44_0.00
1,0.01,3.14_4.44_0.00,0.0,0.00_0.00_0.00
1,0.0,0.00_0.00_0.00,0.0,0.00_0.00_0.00
1,0.0,0.00_0.00_0.00,0.0,0.00_0.00_0.00
1,0.0,0.00_0.00_0.00,0.0,0.00_0.00_0.00
1,0.0,0.00_0.00_0.00,0.0,0.00_0.00_0.00
2,151.19,229.19_-488.11_559.48,27.14,317.14_35.51_81.50
2,27.14,317.14_35.51_81.50,26.72,314.00_39.95_81.50
2,26.72,314.00_39.95_81.50,7.89,-21.98_-173.10_-32.60
2,7.89,-21.98_-173.10_-32.60,7.47,-18.84_-168.66_-32.60
2,7.47,-18.84_-168.66_-32.60,6.97,-12.56_-164.22_-27.17
2,6.97,-12.56_-164.22_-27.17,6.55,-12.56_-159.78_-21.73
2,6.55,-12.56_-159.78_-21.73,6.52,-15.70_-159.78_-16.30
2,6.52,-15.70_-159.78_-16.30,6.48,-18.84_-159.78_0.00
2,6.48,-18.84_-159.78_0.00,5.79,-18.84_-150.91_0.00
2,5.79,-18.84_-150.91_0.00,5.43,-15.70_-146.47_0.00
2,5.43,-15.70_-146.47_0.00,5.42,-9.42_-146.47_-10.87
2,5.42,-9.42_-146.47_-10.87,5.42,-9.42_-146.47_-10.87
2,5.42,-9.42_-146.47_-10.87,5.39,-9.42_-146.47_0.00
2,5.39,-9.42_-146.47_0.00,4.48,-12.56_-133.15_0.00
2,4.48,-12.56_-133.15_0.00,4.48,-12.56_-133.15_0.00
2,4.48,-12.56_-133.15_0.00,0.03,0.00_0.00_-10.87
2,0.03,0.00_0.00_-10.87,0.01,0.00_4.44_-5.43
2,0.01,0.00_4.44_-5.43,0.01,0.00_4.44_-5.43
2,0.01,0.00_4.44_-5.43,0.01,0.00_4.44_-5.43
2,0.01,0.00_4.44_-5.43,0.01,0.00_4.44_-5.43
2,0.01,0.00_4.44_-5.43,0.01,-3.14_4.44_0.00
2,0.01,-3.14_4.44_0.00,0.0,0.00_0.00_0.00
2,0.0,0.00_0.00_0.00,0.0,0.00_0.00_0.00
2,0.0,0.00_0.00_0.00,0.0,0.00_0.00_0.00
2,0.0,0.00_0.00_0.00,0.0,0.00_0.00_0.00
2,0.0,0.00_0.00_0.00,0.0,0.00_0.00_0.00
2,0.0,0.00_0.00_0.00,0.0,0.00_0.00_0.00
2,0.0,0.00_0.00_0.00,0.0,0.00_0.00_0.00
3,30.59,260.62_84.33_217.32,29.6,257.48_84.33_211.89
3,29.6,257.48_84.33_211.89,1.66,-21.98_75.45_-21.73
3,1.66,-21.98_75.45_-21.73,0.26,-9.42_22.19_21.73
3,0.26,-9.42_22.19_21.73,0.26,-9.42_22.19_21.73
3,0.26,-9.42_22.19_21.73,0.21,-6.28_17.75_21.73
3,0.21,-6.28_17.75_21.73,0.15,-9.42_-4.44_21.73
3,0.15,-9.42_-4.44_21.73,0.15,-9.42_-4.44_21.73
3,0.15,-9.42_-4.44_21.73,0.15,-9.42_-4.44_21.73
3,0.15,-9.42_-4.44_21.73,0.13,-6.28_0.00_21.73
3,0.13,-6.28_0.00_21.73,0.04,-6.28_0.00_10.87
3,0.04,-6.28_0.00_10.87,0.02,-6.28_4.44_5.43
3,0.02,-6.28_4.44_5.43,0.01,-3.14_0.00_5.43
3,0.01,-3.14_0.00_5.43,0.0,0.00_0.00_0.00
3,0.0,0.00_0.00_0.00,0.0,0.00_0.00_0.00
3,0.0,0.00_0.00_0.00,0.0,0.00_0.00_0.00
3,0.0,0.00_0.00_0.00,0.0,0.00_0.00_0.00
3,0.0,0.00_0.00_0.00,0.0,0.00_0.00_0.00
3,0.0,0.00_0.00_0.00,0.0,0.00_0.00_0.00
3,0.0,0.00_0.00_0.00,0.0,0.00_0.00_0.00
3,0.0,0.00_0.00_0.00,0.0,0.00_0.00_0.00
3,0.0,0.00_0.00_0.00,0.0,0.00_0.00_0.00
4,72.23,-59.66_-155.33_510.69,50.68,6.28_-93.20_440.07
4,50.68,6.28_-93.20_440.07,49.28,6.28_-88.76_434.64
4,49.28,6.28_-88.76_434.64,49.28,6.28_-88.76_434.64
4,49.28,6.28_-88.76_434.64,47.92,6.28_-84.32_429.21
4,47.92,6.28_-84.32_429.21,17.27,-69.08_-66.58_244.49
4,17.27,-69.08_-66.58_244.49,16.51,-65.94_-66.58_239.06
4,16.51,-65.94_-66.58_239.06,15.27,-59.66_-53.26_233.63
4,15.27,-59.66_-53.26_233.63,3.5,-116.18_-4.44_-21.73
4,3.5,-116.18_-4.44_-21.73,3.5,-116.18_-4.44_-21.73
4,3.5,-116.18_-4.44_-21.73,3.5,-116.18_-4.44_-21.73
4,3.5,-116.18_-4.44_-21.73,3.31,-113.04_0.00_-21.73
4,3.31,-113.04_0.00_-21.73,3.14,-109.90_4.44_-21.73
4,3.14,-109.90_4.44_-21.73,2.97,-106.76_0.00_-21.73
4,2.97,-106.76_0.00_-21.73,2.97,-106.76_0.00_-21.73
4,2.97,-106.76_0.00_-21.73,2.97,-106.76_0.00_-21.73
4,2.97,-106.76_0.00_-21.73,2.75,-103.62_0.00_-16.30
4,2.75,-103.62_0.00_-16.30,2.55,-100.48_0.00_-10.87
4,2.55,-100.48_0.00_-10.87,2.54,-100.48_-4.44_-5.43
4,2.54,-100.48_-4.44_-5.43,2.54,-100.48_-4.44_-5.43
4,2.54,-100.48_-4.44_-5.43,1.95,-87.92_-4.44_-5.43
4,1.95,-87.92_-4.44_-5.43,1.8,-84.78_-4.44_0.00
4,1.8,-84.78_-4.44_0.00,1.8,-84.78_-4.44_0.00
4,1.8,-84.78_-4.44_0.00,1.09,-65.94_4.44_0.00
4,1.09,-65.94_4.44_0.00,0.15,-12.56_13.32_-16.30
4,0.15,-12.56_13.32_-16.30,0.1,-9.42_13.32_-10.87
4,0.1,-9.42_13.32_-10.87,0.09,-12.56_8.88_-10.87
4,0.09,-12.56_8.88_-10.87,0.05,-9.42_8.88_-5.43
4,0.05,-9.42_8.88_-5.43,0.01,-6.28_0.00_0.00
4,0.01,-6.28_0.00_0.00,0.01,-3.14_4.44_0.00
4,0.01,-3.14_4.44_0.00,0.01,-3.14_4.44_0.00
4,0.01,-3.14_4.44_0.00,0.01,-3.14_4.44_0.00
4,0.01,-3.14_4.44_0.00,0.01,-3.14_4.44_0.00
4,0.01,-3.14_4.44_0.00,0.0,0.00_0.00_0.00
4,0.0,0.00_0.00_0.00,0.0,0.00_0.00_0.00
4,0.0,0.00_0.00_0.00,0.0,0.00_0.00_0.00
4,0.0,0.00_0.00_0.00,0.0,0.00_0.00_0.00
4,0.0,0.00_0.00_0.00,0.0,0.00_0.00_0.00
4,0.0,0.00_0.00_0.00,0.0,0.00_0.00_0.00
4,0.0,0.00_0.00_0.00,0.0,0.00_0.00_0.00
4,0.0,0.00_0.00_0.00,0.0,0.00_0.00_0.00
4,0.0,0.00_0.00_0.00,0.0,0.00_0.00_0.00
5,45.84,172.70_386.14_-65.19,45.84,172.70_386.14_-65.19
5,45.84,172.70_386.14_-65.19,45.01,175.84_377.26_-81.49
5,45.01,175.84_377.26_-81.49,17.93,9.42_119.84_239.06
5,17.93,9.42_119.84_239.06,10.02,12.56_115.40_163.00
5,10.02,12.56_115.40_163.00,8.71,18.84_88.77_163.00
5,8.71,18.84_88.77_163.00,1.94,-47.10_44.38_59.77
5,1.94,-47.10_44.38_59.77,1.86,-50.24_44.38_54.33
5,1.86,-50.24_44.38_54.33,1.65,-47.10_44.38_48.90
5,1.65,-47.10_44.38_48.90,1.41,-47.10_44.38_38.03
5,1.41,-47.10_44.38_38.03,1.27,-40.82_44.38_38.03
5,1.27,-40.82_44.38_38.03,1.27,-40.82_44.38_38.03
5,1.27,-40.82_44.38_38.03,1.24,-43.96_44.38_32.60
5,1.24,-43.96_44.38_32.60,1.24,-43.96_44.38_32.60
5,1.24,-43.96_44.38_32.60,1.09,-43.96_44.38_21.73
5,1.09,-43.96_44.38_21.73,1.09,-40.82_44.38_27.17
5,1.09,-40.82_44.38_27.17,1.09,-40.82_44.38_27.17
5,1.09,-40.82_44.38_27.17,0.94,-37.68_39.95_27.17
5,0.94,-37.68_39.95_27.17,0.62,-34.54_35.51_-5.43
5,0.62,-34.54_35.51_-5.43,0.62,-34.54_35.51_-5.43
5,0.62,-34.54_35.51_-5.43,0.57,-34.54_31.07_-10.87
5,0.57,-34.54_31.07_-10.87,0.47,-28.26_31.07_-10.87
5,0.47,-28.26_31.07_-10.87,0.47,-28.26_31.07_-10.87
5,0.47,-28.26_31.07_-10.87,0.47,-28.26_31.07_-10.87
5,0.47,-28.26_31.07_-10.87,0.47,-25.12_31.07_-16.30
5,0.47,-25.12_31.07_-16.30,0.47,-25.12_31.07_-16.30
5,0.47,-25.12_31.07_-16.30,0.36,-21.98_26.63_-16.30
5,0.36,-21.98_26.63_-16.30,0.35,-25.12_22.19_-16.30
5,0.35,-25.12_22.19_-16.30,0.35,-25.12_22.19_-16.30
5,0.35,-25.12_22.19_-16.30,0.21,-15.70_22.19_-10.87
5,0.21,-15.70_22.19_-10.87,0.17,-12.56_22.19_-5.43
5,0.17,-12.56_22.19_-5.43,0.17,-12.56_22.19_-5.43
5,0.17,-12.56_22.19_-5.43,0.11,-9.42_17.75_-5.43
5,0.11,-9.42_17.75_-5.43,0.09,-6.28_17.75_0.00
5,0.09,-6.28_17.75_0.00,0.09,-6.28_17.75_0.00
5,0.09,-6.28_17.75_0.00,0.07,-9.42_13.32_0.00
5,0.07,-9.42_13.32_0.00,0.07,-9.42_13.32_0.00
5,0.07,-9.42_13.32_0.00,0.03,-6.28_8.88_0.00
5,0.03,-6.28_8.88_0.00,0.03,-6.28_8.88_0.00
5,0.03,-6.28_8.88_0.00,0.02,-6.28_4.44_5.43
5,0.02,-6.28_4.44_5.43,0.01,-3.14_4.44_0.00
5,0.01,-3.14_4.44_0.00,0.0,0.00_0.00_0.00
5,0.0,0.00_0.00_0.00,0.0,0.00_0.00_0.00
5,0.0,0.00_0.00_0.00,0.0,0.00_0.00_0.00
5,0.0,0.00_0.00_0.00,0.0,0.00_0.00_0.00
5,0.0,0.00_0.00_0.00,0.0,0.00_0.00_0.00
5,0.0,0.00_0.00_0.00,0.0,0.00_0.00_0.00
6,95.75,-326.54_62.13_-521.55,95.5,-326.54_53.25_-521.55
6,95.5,-326.54_53.25_-521.55,45.66,-314.00_31.07_-287.95
6,45.66,-314.00_31.07_-287.95,4.36,94.20_-4.44_-92.36
6,4.36,94.20_-4.44_-92.36,4.27,97.34_-4.44_-86.93
6,4.27,97.34_-4.44_-86.93,4.11,94.20_0.00_-86.93
6,4.11,94.20_0.00_-86.93,4.11,94.20_0.00_-86.93
6,4.11,94.20_0.00_-86.93,3.97,91.06_4.44_-86.93
6,3.97,91.06_4.44_-86.93,3.97,91.06_4.44_-86.93
6,3.97,91.06_4.44_-86.93,2.52,91.06_-17.75_-38.03
6,2.52,91.06_-17.75_-38.03,1.24,65.94_-22.19_-10.87
6,1.24,65.94_-22.19_-10.87,1.09,47.10_-26.63_38.03
6,1.09,47.10_-26.63_38.03,0.94,47.10_-8.88_38.03
6,0.94,47.10_-8.88_38.03,0.94,47.10_-8.88_38.03
6,0.94,47.10_-8.88_38.03,0.92,47.10_0.00_38.03
6,0.92,47.10_0.00_38.03,0.33,15.70_-4.44_32.60
6,0.33,15.70_-4.44_32.60,0.23,12.56_-4.44_27.17
6,0.23,12.56_-4.44_27.17,0.03,-3.14_-8.88_5.43
6,0.03,-3.14_-8.88_5.43,0.02,-6.28_-4.44_5.43
6,0.02,-6.28_-4.44_5.43,0.01,-3.14_-4.44_0.00
6,0.01,-3.14_-4.44_0.00,0.01,-3.14_-4.44_0.00
6,0.01,-3.14_-4.44_0.00,0.01,-3.14_-4.44_0.00
6,0.01,-3.14_-4.44_0.00,0.01,-3.14_-4.44_0.00
6,0.01,-3.14_-4.44_0.00,0.01,-3.14_-4.44_0.00
6,0.01,-3.14_-4.44_0.00,0.01,-3.14_-4.44_0.00
6,0.01,-3.14_-4.44_0.00,0.0,0.00_0.00_0.00
6,0.0,0.00_0.00_0.00,0.0,0.00_0.00_0.00
6,0.0,0.00_0.00_0.00,0.0,0.00_0.00_0.00
6,0.0,0.00_0.00_0.00,0.0,0.00_0.00_0.00
7,1.12,-37.68_-39.95_38.03,0.98,-34.54_-35.51_38.03
7,0.98,-34.54_-35.51_38.03,0.83,-31.40_-35.51_32.60
7,0.83,-31.40_-35.51_32.60,0.83,-31.40_-35.51_32.60
7,0.83,-31.40_-35.51_32.60,0.67,-31.40_-31.07_27.17
7,0.67,-31.40_-31.07_27.17,0.67,-31.40_-31.07_27.17
7,0.67,-31.40_-31.07_27.17,0.67,-31.40_-31.07_27.17
7,0.67,-31.40_-31.07_27.17,0.67,-31.40_-31.07_27.17
7,0.67,-31.40_-31.07_27.17,0.66,-34.54_-26.63_27.17
7,0.66,-34.54_-26.63_27.17,0.66,-34.54_-26.63_27.17
7,0.66,-34.54_-26.63_27.17,0.57,-34.54_-31.07_10.87
7,0.57,-34.54_-31.07_10.87,0.5,-31.40_-31.07_5.43
7,0.5,-31.40_-31.07_5.43,0.44,-28.26_-31.07_0.00
7,0.44,-28.26_-31.07_0.00,0.42,-31.40_-26.63_0.00
7,0.42,-31.40_-26.63_0.00,0.38,-28.26_-26.63_-5.43
7,0.38,-28.26_-26.63_-5.43,0.38,-28.26_-26.63_-5.43
7,0.38,-28.26_-26.63_-5.43,0.06,-9.42_4.44_10.87
7,0.06,-9.42_4.44_10.87,0.06,-9.42_4.44_10.87
7,0.06,-9.42_4.44_10.87,0.04,-6.28_0.00_10.87
7,0.04,-6.28_0.00_10.87,0.04,-6.28_0.00_10.87
7,0.04,-6.28_0.00_10.87,0.01,-3.14_0.00_5.43
7,0.01,-3.14_0.00_5.43,0.01,-3.14_0.00_5.43
7,0.01,-3.14_0.00_5.43,0.01,-3.14_0.00_5.43
7,0.01,-3.14_0.00_5.43,0.01,-3.14_4.44_0.00
7,0.01,-3.14_4.44_0.00,0.0,0.00_0.00_0.00
7,0.0,0.00_0.00_0.00,0.0,0.00_0.00_0.00
7,0.0,0.00_0.00_0.00,0.0,0.00_0.00_0.00
7,0.0,0.00_0.00_0.00,0.0,0.00_0.00_0.00
7,0.0,0.00_0.00_0.00,0.0,0.00_0.00_0.00
8,21.4,-141.30_17.75_255.36,4.05,-72.22_-17.75_103.23
8,4.05,-72.22_-17.75_103.23,2.96,-62.80_-17.75_86.93
8,2.96,-62.80_-17.75_86.93,0.28,21.98_-13.32_21.73
8,0.28,21.98_-13.32_21.73,0.28,21.98_-13.32_21.73
8,0.28,21.98_-13.32_21.73,0.15,15.70_8.88_16.30
8,0.15,15.70_8.88_16.30,0.1,15.70_4.44_10.87
8,0.1,15.70_4.44_10.87,0.1,15.70_4.44_10.87
8,0.1,15.70_4.44_10.87,0.1,15.70_4.44_10.87
8,0.1,15.70_4.44_10.87,0.07,12.56_0.00_10.87
8,0.07,12.56_0.00_10.87,0.07,12.56_0.00_10.87
8,0.07,12.56_0.00_10.87,0.07,12.56_0.00_10.87
8,0.07,12.56_0.00_10.87,0.07,12.56_0.00_10.87
8,0.07,12.56_0.00_10.87,0.04,6.28_0.00_10.87
8,0.04,6.28_0.00_10.87,0.01,3.14_0.00_5.43
8,0.01,3.14_0.00_5.43,0.01,3.14_0.00_5.43
8,0.01,3.14_0.00_5.43,0.01,3.14_0.00_5.43
8,0.01,3.14_0.00_5.43,0.01,3.14_0.00_5.43
8,0.01,3.14_0.00_5.43,0.01,3.14_4.44_0.00
8,0.01,3.14_4.44_0.00,0.0,0.00_0.00_0.00
8,0.0,0.00_0.00_0.00,0.0,0.00_0.00_0.00
8,0.0,0.00_0.00_0.00,0.0,0.00_0.00_0.00
8,0.0,0.00_0.00_0.00,0.0,0.00_0.00_0.00
8,0.0,0.00_0.00_0.00,0.0,0.00_0.00_0.00
8,0.0,0.00_0.00_0.00,0.0,0.00_0.00_0.00
8,0.0,0.00_0.00_0.00,0.0,0.00_0.00_0.00
8,0.0,0.00_0.00_0.00,0.0,0.00_0.00_0.00
8,0.0,0.00_0.00_0.00,0.0,0.00_0.00_0.00
9,35.24,-144.44_-346.19_10.87,34.25,-141.30_-341.76_10.87
9,34.25,-141.30_-341.76_10.87,33.28,-138.16_-337.32_10.87
9,33.28,-138.16_-337.32_10.87,6.23,-113.04_17.75_-108.66
9,6.23,-113.04_17.75_-108.66,6.23,-113.04_17.75_-108.66
9,6.23,-113.04_17.75_-108.66,6.23,-113.04_17.75_-108.66
9,6.23,-113.04_17.75_-108.66,6.12,-116.18_17.75_-103.23
9,6.12,-116.18_17.75_-103.23,1.24,31.40_-39.95_-48.90
9,1.24,31.40_-39.95_-48.90,1.21,34.54_-35.51_-48.90
9,1.21,34.54_-35.51_-48.90,1.21,34.54_-35.51_-48.90
9,1.21,34.54_-35.51_-48.90,1.11,28.26_-35.51_-48.90
9,1.11,28.26_-35.51_-48.90,1.09,31.40_-31.07_-48.90
9,1.09,31.40_-31.07_-48.90,1.07,34.54_-26.63_-48.90
9,1.07,34.54_-26.63_-48.90,1.0,37.68_-13.32_-48.90
9,1.0,37.68_-13.32_-48.90,0.78,34.54_-4.44_-43.47
9,0.78,34.54_-4.44_-43.47,0.74,31.40_8.88_-43.47
9,0.74,31.40_8.88_-43.47,0.58,28.26_8.88_-38.03
9,0.58,28.26_8.88_-38.03,0.44,25.12_8.88_-32.60
9,0.44,25.12_8.88_-32.60,0.38,-9.42_31.07_-21.73
9,0.38,-9.42_31.07_-21.73,0.38,-9.42_31.07_-21.73
9,0.38,-9.42_31.07_-21.73,0.31,-6.28_26.63_-21.73
9,0.31,-6.28_26.63_-21.73,0.31,-6.28_26.63_-21.73
9,0.31,-6.28_26.63_-21.73,0.31,-6.28_26.63_-21.73
9,0.31,-6.28_26.63_-21.73,0.26,-9.42_22.19_-21.73
9,0.26,-9.42_22.19_-21.73,0.26,-9.42_22.19_-21.73
9,0.26,-9.42_22.19_-21.73,0.2,-6.28_4.44_-27.17
9,0.2,-6.28_4.44_-27.17,0.2,-6.28_4.44_-27.17
9,0.2,-6.28_4.44_-27.17,0.02,-6.28_4.44_5.43
9,0.02,-6.28_4.44_5.43,0.01,-3.14_4.44_0.00
9,0.01,-3.14_4.44_0.00,0.01,-3.14_4.44_0.00
9,0.01,-3.14_4.44_0.00,0.0,0.00_0.00_0.00
9,0.0,0.00_0.00_0.00,0.0,0.00_0.00_0.00
9,0.0,0.00_0.00_0.00,0.0,0.00_0.00_0.00
9,0.0,0.00_0.00_0.00,0.0,0.00_0.00_0.00
10,49.06,-335.98_-79.89_277.08,49.06,-335.98_-79.89_277.08
10,49.06,-335.98_-79.89_277.08,15.9,200.96_0.00_152.13
10,15.9,200.96_0.00_152.13,15.59,197.82_4.44_152.13
10,15.59,197.82_4.44_152.13,11.29,163.28_4.44_135.83
10,11.29,163.28_4.44_135.83,11.27,178.98_0.00_114.10
10,11.27,178.98_0.00_114.10,11.0,175.84_-4.44_114.10
10,11.0,175.84_-4.44_114.10,10.71,175.84_8.88_108.66
10,10.71,175.84_8.88_108.66,9.56,166.42_44.38_92.36
10,9.56,166.42_44.38_92.36,4.39,128.74_22.19_21.73
10,4.39,128.74_22.19_21.73,4.24,125.60_26.63_21.73
10,4.24,125.60_26.63_21.73,4.0,122.46_26.63_16.30
10,4.0,122.46_26.63_16.30,0.4,-9.42_35.51_-16.30
10,0.4,-9.42_35.51_-16.30,0.4,-9.42_35.51_-16.30
10,0.4,-9.42_35.51_-16.30,0.32,-6.28_31.07_-16.30
10,0.32,-6.28_31.07_-16.30,0.29,-9.42_31.07_-10.87
10,0.29,-9.42_31.07_-10.87,0.21,-9.42_26.63_-5.43
10,0.21,-9.42_26.63_-5.43,0.17,-12.56_22.19_-5.43
10,0.17,-12.56_22.19_-5.43,0.15,-12.56_17.75_-10.87
10,0.15,-12.56_17.75_-10.87,0.15,-12.56_17.75_-10.87
10,0.15,-12.56_17.75_-10.87,0.1,-9.42_13.32_-10.87
10,0.1,-9.42_13.32_-10.87,0.06,-6.28_13.32_-5.43
10,0.06,-6.28_13.32_-5.43,0.05,-9.42_8.88_-5.43
10,0.05,-9.42_8.88_-5.43,0.05,-9.42_8.88_-5.43
10,0.05,-9.42_8.88_-5.43,0.02,-6.28_4.44_-5.43
10,0.02,-6.28_4.44_-5.43,0.02,-6.28_4.44_-5.43
10,0.02,-6.28_4.44_-5.43,0.01,-6.28_0.00_0.00
10,0.01,-6.28_0.00_0.00,0.01,-6.28_0.00_0.00
10,0.01,-6.28_0.00_0.00,0.01,-6.28_0.00_0.00
10,0.01,-6.28_0.00_0.00,0.01,-3.14_0.00_5.43
10,0.01,-3.14_0.00_5.43,0.01,-3.14_0.00_5.43
10,0.01,-3.14_0.00_5.43,0.01,-3.14_-4.44_0.00
10,0.01,-3.14_-4.44_0.00,0.01,-3.14_-4.44_0.00
10,0.01,-3.14_-4.44_0.00,0.0,0.00_0.00_0.00
10,0.0,0.00_0.00_0.00,0.0,0.00_0.00_0.00
10,0.0,0.00_0.00_0.00,0.0,0.00_0.00_0.00
10,0.0,0.00_0.00_0.00,0.0,0.00_0.00_0.00
10,0.0,0.00_0.00_0.00,0.0,0.00_0.00_0.00
11,90.92,310.85_488.20_-168.41,18.55,185.26_-75.45_-184.73
11,18.55,185.26_-75.45_-184.73,14.84,150.72_-66.58_-179.29
11,14.84,150.72_-66.58_-179.29,3.66,25.12_-57.70_103.23
11,3.66,25.12_-57.70_103.23,3.26,25.12_-53.26_97.80
11,3.26,25.12_-53.26_97.80,3.05,28.26_-53.26_92.36
11,3.05,28.26_-53.26_92.36,1.55,15.70_13.32_76.07
11,1.55,15.70_13.32_76.07,1.55,15.70_13.32_76.07
11,1.55,15.70_13.32_76.07,1.51,12.56_8.88_76.07
11,1.51,12.56_8.88_76.07,1.51,12.56_8.88_76.07
11,1.51,12.56_8.88_76.07,0.53,12.56_-8.88_-43.47
11,0.53,12.56_-8.88_-43.47,0.52,3.14_13.32_43.47
11,0.52,3.14_13.32_43.47,0.52,3.14_13.32_43.47
11,0.52,3.14_13.32_43.47,0.52,3.14_13.32_43.47
11,0.52,3.14_13.32_43.47,0.5,6.28_8.88_43.47
11,0.5,6.28_8.88_43.47,0.5,6.28_8.88_43.47
11,0.5,6.28_8.88_43.47,0.48,3.14_4.44_43.47
11,0.48,3.14_4.44_43.47,0.48,3.14_4.44_43.47
11,0.48,3.14_4.44_43.47,0.38,6.28_4.44_38.03
11,0.38,6.28_4.44_38.03,0.38,6.28_4.44_38.03
11,0.38,6.28_4.44_38.03,0.27,3.14_4.44_32.60
11,0.27,3.14_4.44_32.60,0.27,0.00_0.00_32.60
11,0.27,0.00_0.00_32.60,0.27,0.00_0.00_32.60
11,0.27,0.00_0.00_32.60,0.19,0.00_4.44_27.17
11,0.19,0.00_4.44_27.17,0.13,3.14_4.44_21.73
11,0.13,3.14_4.44_21.73,0.07,0.00_4.44_16.30
11,0.07,0.00_4.44_16.30,0.07,3.14_0.00_16.30
11,0.07,3.14_0.00_16.30,0.07,3.14_0.00_16.30
11,0.07,3.14_0.00_16.30,0.07,3.14_0.00_16.30
11,0.07,3.14_0.00_16.30,0.06,-6.28_8.88_10.87
11,0.06,-6.28_8.88_10.87,0.06,-9.42_4.44_10.87
11,0.06,-9.42_4.44_10.87,0.03,-9.42_0.00_5.43
11,0.03,-9.42_0.00_5.43,0.03,-9.42_0.00_5.43
11,0.03,-9.42_0.00_5.43,0.03,-9.42_4.44_0.00
11,0.03,-9.42_4.44_0.00,0.01,-6.28_0.00_0.00
11,0.01,-6.28_0.00_0.00,0.01,-3.14_0.00_5.43
11,0.01,-3.14_0.00_5.43,0.01,-3.14_0.00_5.43
11,0.01,-3.14_0.00_5.43,0.0,0.00_0.00_0.00
11,0.0,0.00_0.00_0.00,0.0,0.00_0.00_0.00
11,0.0,0.00_0.00_0.00,0.0,0.00_0.00_0.00
11,0.0,0.00_0.00_0.00,0.0,0.00_0.00_0.00
11,0.0,0.00_0.00_0.00,0.0,0.00_0.00_0.00
11,0.0,0.00_0.00_0.00,0.0,0.00_0.00_0.00
11,0.0,0.00_0.00_0.00,0.0,0.00_0.00_0.00
12,7.61,-172.70_-17.75_-16.30,7.3,-169.56_-17.75_-10.87
12,7.3,-169.56_-17.75_-10.87,7.3,-169.56_-17.75_-10.87
12,7.3,-169.56_-17.75_-10.87,7.3,-169.56_-17.75_-10.87
12,7.3,-169.56_-17.75_-10.87,7.0,-166.42_-13.32_-10.87
12,7.0,-166.42_-13.32_-10.87,6.34,-157.00_-26.63_0.00
12,6.34,-157.00_-26.63_0.00,6.34,-157.00_-26.63_0.00
12,6.34,-157.00_-26.63_0.00,4.94,-135.02_-35.51_-16.30
12,4.94,-135.02_-35.51_-16.30,4.94,-135.02_-35.51_-16.30
12,4.94,-135.02_-35.51_-16.30,4.94,-135.02_-35.51_-16.30
12,4.94,-135.02_-35.51_-16.30,2.42,-50.24_-22.19_81.50
12,2.42,-50.24_-22.19_81.50,2.4,-47.10_-26.63_81.50
12,2.4,-47.10_-26.63_81.50,2.11,-43.96_-26.63_76.07
12,2.11,-43.96_-26.63_76.07,2.11,-43.96_-26.63_76.07
12,2.11,-43.96_-26.63_76.07,0.93,-40.82_-13.32_43.47
12,0.93,-40.82_-13.32_43.47,0.85,-37.68_-8.88_43.47
12,0.85,-37.68_-8.88_43.47,0.38,-34.54_-8.88_16.30
12,0.38,-34.54_-8.88_16.30,0.36,-34.54_0.00_16.30
12,0.36,-34.54_0.00_16.30,0.32,-31.40_-4.44_16.30
12,0.32,-31.40_-4.44_16.30,0.27,-28.26_0.00_16.30
12,0.27,-28.26_0.00_16.30,0.23,-25.12_-4.44_16.30
12,0.23,-25.12_-4.44_16.30,0.16,-21.98_-4.44_10.87
12,0.16,-21.98_-4.44_10.87,0.06,-9.42_-4.44_10.87
12,0.06,-9.42_-4.44_10.87,0.06,-9.42_-4.44_10.87
12,0.06,-9.42_-4.44_10.87,0.03,-9.42_0.00_5.43
12,0.03,-9.42_0.00_5.43,0.03,-9.42_0.00_5.43
12,0.03,-9.42_0.00_5.43,0.01,-6.28_0.00_0.00
12,0.01,-6.28_0.00_0.00,0.01,-6.28_0.00_0.00
12,0.01,-6.28_0.00_0.00,0.01,-3.14_-4.44_0.00
12,0.01,-3.14_-4.44_0.00,0.01,-3.14_-4.44_0.00
12,0.01,-3.14_-4.44_0.00,0.0,0.00_0.00_0.00
12,0.0,0.00_0.00_0.00,0.0,0.00_0.00_0.00
12,0.0,0.00_0.00_0.00,0.0,0.00_0.00_0.00
12,0.0,0.00_0.00_0.00,0.0,0.00_0.00_0.00
12,0.0,0.00_0.00_0.00,0.0,0.00_0.00_0.00
13,75.88,-442.73_-31.07_-325.97,75.88,-442.73_-31.07_-325.97
13,75.88,-442.73_-31.07_-325.97,2.15,-31.40_-31.07_81.50
13,2.15,-31.40_-31.07_81.50,1.99,-34.54_-31.07_76.07
13,1.99,-34.54_-31.07_76.07,1.98,-37.68_-26.63_76.07
13,1.98,-37.68_-26.63_76.07,1.87,-34.54_-22.19_76.07
13,1.87,-34.54_-22.19_76.07,1.87,-34.54_-22.19_76.07
13,1.87,-34.54_-22.19_76.07,1.73,-37.68_-22.19_70.63
13,1.73,-37.68_-22.19_70.63,0.69,-34.54_-22.19_32.60
13,0.69,-34.54_-22.19_32.60,0.69,-34.54_-22.19_32.60
13,0.69,-34.54_-22.19_32.60,0.59,-31.40_-17.75_32.60
13,0.59,-31.40_-17.75_32.60,0.59,-28.26_-22.19_32.60
13,0.59,-28.26_-22.19_32.60,0.31,-21.98_-26.63_-5.43
13,0.31,-21.98_-26.63_-5.43,0.31,-21.98_-26.63_-5.43
13,0.31,-21.98_-26.63_-5.43,0.22,-18.84_-22.19_-5.43
13,0.22,-18.84_-22.19_-5.43,0.21,-21.98_-17.75_-5.43
13,0.21,-21.98_-17.75_-5.43,0.14,-18.84_-13.32_-5.43
13,0.14,-18.84_-13.32_-5.43,0.14,-18.84_-13.32_-5.43
13,0.14,-18.84_-13.32_-5.43,0.14,-18.84_-13.32_-5.43
13,0.14,-18.84_-13.32_-5.43,0.11,-15.70_-13.32_0.00
13,0.11,-15.70_-13.32_0.00,0.09,-12.56_-13.32_-5.43
13,0.09,-12.56_-13.32_-5.43,0.09,-12.56_-13.32_-5.43
13,0.09,-12.56_-13.32_-5.43,0.09,-15.70_-8.88_-5.43
13,0.09,-15.70_-8.88_-5.43,0.07,-15.70_-4.44_0.00
13,0.07,-15.70_-4.44_0.00,0.07,-15.70_-4.44_0.00
13,0.07,-15.70_-4.44_0.00,0.04,-12.56_0.00_0.00
13,0.04,-12.56_0.00_0.00,0.03,-9.42_0.00_-5.43
13,0.03,-9.42_0.00_-5.43,0.03,-9.42_-4.44_0.00
13,0.03,-9.42_-4.44_0.00,0.02,-6.28_-4.44_5.43
13,0.02,-6.28_-4.44_5.43,0.01,-3.14_-4.44_0.00
13,0.01,-3.14_-4.44_0.00,0.01,-3.14_-4.44_0.00
13,0.01,-3.14_-4.44_0.00,0.0,0.00_0.00_0.00
13,0.0,0.00_0.00_0.00,0.0,0.00_0.00_0.00
13,0.0,0.00_0.00_0.00,0.0,0.00_0.00_0.00
13,0.0,0.00_0.00_0.00,0.0,0.00_0.00_0.00
13,0.0,0.00_0.00_0.00,0.0,0.00_0.00_0.00
13,0.0,0.00_0.00_0.00,0.0,0.00_0.00_0.00
13,0.0,0.00_0.00_0.00,0.0,0.00_0.00_0.00
13,0.0,0.00_0.00_0.00,0.0,0.00_0.00_0.00
13,0.0,0.00_0.00_0.00,0.0,0.00_0.00_0.00
13,0.0,0.00_0.00_0.00,0.0,0.00_0.00_0.00
13,0.0,0.00_0.00_0.00,0.0,0.00_0.00_0.00
13,0.0,0.00_0.00_0.00,0.0,0.00_0.00_0.00
14,51.69,197.81_-75.45_402.04,34.39,-9.42_-93.20_358.58
14,34.39,-9.42_-93.20_358.58,3.28,-69.08_88.77_-21.73
14,3.28,-69.08_88.77_-21.73,2.0,12.56_84.33_27.17
14,2.0,12.56_84.33_27.17,2.0,12.56_84.33_27.17
14,2.0,12.56_84.33_27.17,1.8,9.42_79.89_27.17
14,1.8,9.42_79.89_27.17,1.65,12.56_75.45_27.17
14,1.65,12.56_75.45_27.17,1.51,15.70_71.02_27.17
14,1.51,15.70_71.02_27.17,1.3,6.28_66.58_27.17
14,1.3,6.28_66.58_27.17,0.65,-12.56_44.38_21.73
14,0.65,-12.56_44.38_21.73,0.36,-3.14_26.63_-27.17
14,0.36,-3.14_26.63_-27.17,0.32,-6.28_22.19_-27.17
14,0.32,-6.28_22.19_-27.17,0.29,-9.42_17.75_-27.17
14,0.29,-9.42_17.75_-27.17,0.26,-9.42_22.19_-21.73
14,0.26,-9.42_22.19_-21.73,0.26,-9.42_22.19_-21.73
14,0.26,-9.42_22.19_-21.73,0.21,-6.28_17.75_-21.73
14,0.21,-6.28_17.75_-21.73,0.15,-6.28_8.88_-21.73
14,0.15,-6.28_8.88_-21.73,0.13,-3.14_4.44_-21.73
14,0.13,-3.14_4.44_-21.73,0.07,3.14_0.00_-16.30
14,0.07,3.14_0.00_-16.30,0.07,3.14_0.00_-16.30
14,0.07,3.14_0.00_-16.30,0.07,3.14_0.00_-16.30
14,0.07,3.14_0.00_-16.30,0.04,6.28_0.00_-10.87
14,0.04,6.28_0.00_-10.87,0.04,6.28_0.00_-10.87
14,0.04,6.28_0.00_-10.87,0.04,6.28_0.00_-10.87
14,0.04,6.28_0.00_-10.87,0.01,3.14_0.00_-5.43
14,0.01,3.14_0.00_-5.43,0.0,0.00_0.00_0.00
14,0.0,0.00_0.00_0.00,0.0,0.00_0.00_0.00
15,31.65,235.50_-137.59_228.19,22.94,207.24_-128.71_179.29
15,22.94,207.24_-128.71_179.29,22.13,204.10_-128.71_173.86
15,22.13,204.10_-128.71_173.86,22.11,200.96_-133.15_173.86
15,22.11,200.96_-133.15_173.86,21.94,197.82_-142.03_168.43
15,21.94,197.82_-142.03_168.43,21.8,200.96_-142.03_162.99
15,21.8,200.96_-142.03_162.99,19.71,191.54_-137.59_152.13
15,19.71,191.54_-137.59_152.13,15.79,178.98_-124.28_124.96
15,15.79,178.98_-124.28_124.96,13.5,178.98_-119.84_86.93
15,13.5,178.98_-119.84_86.93,7.39,169.56_-17.75_21.73
15,7.39,169.56_-17.75_21.73,7.39,169.56_-17.75_21.73
15,7.39,169.56_-17.75_21.73,5.83,147.58_-35.51_16.30
15,5.83,147.58_-35.51_16.30,5.53,144.44_-31.07_16.30
15,5.53,144.44_-31.07_16.30,5.24,141.30_-26.63_16.30
15,5.24,141.30_-26.63_16.30,4.98,138.16_-26.63_10.87
15,4.98,138.16_-26.63_10.87,4.0,122.46_-26.63_16.30
15,4.0,122.46_-26.63_16.30,0.56,47.10_0.00_5.43
15,0.56,47.10_0.00_5.43,0.56,47.10_-4.44_0.00
15,0.56,47.10_-4.44_0.00,0.56,47.10_-4.44_0.00
15,0.56,47.10_-4.44_0.00,0.56,47.10_4.44_0.00
15,0.56,47.10_4.44_0.00,0.54,43.96_13.32_-5.43
15,0.54,43.96_13.32_-5.43,0.38,-34.54_8.88_-16.30
15,0.38,-34.54_8.88_-16.30,0.32,-31.40_4.44_-16.30
15,0.32,-31.40_4.44_-16.30,0.3,-31.40_8.88_-10.87
15,0.3,-31.40_8.88_-10.87,0.23,-28.26_8.88_-5.43
15,0.23,-28.26_8.88_-5.43,0.18,-25.12_8.88_0.00
15,0.18,-25.12_8.88_0.00,0.15,-21.98_8.88_5.43
15,0.15,-21.98_8.88_5.43,0.14,-18.84_8.88_10.87
15,0.14,-18.84_8.88_10.87,0.09,-15.70_8.88_5.43
15,0.09,-15.70_8.88_5.43,0.09,-15.70_8.88_5.43
15,0.09,-15.70_8.88_5.43,0.03,3.14_8.88_5.43
15,0.03,3.14_8.88_5.43,0.03,3.14_8.88_5.43
15,0.03,3.14_8.88_5.43,0.02,0.00_8.88_0.00
15,0.02,0.00_8.88_0.00,0.01,-3.14_4.44_0.00
15,0.01,-3.14_4.44_0.00,0.01,-3.14_4.44_0.00
15,0.01,-3.14_4.44_0.00,0.01,-3.14_4.44_0.00
15,0.01,-3.14_4.44_0.00,0.0,0.00_0.00_0.00
15,0.0,0.00_0.00_0.00,0.0,0.00_0.00_0.00
15,0.0,0.00_0.00_0.00,0.0,0.00_0.00_0.00
15,0.0,0.00_0.00_0.00,0.0,0.00_0.00_0.00
15,0.0,0.00_0.00_0.00,0.0,0.00_0.00_0.00
15,0.0,0.00_0.00_0.00,0.0,0.00_0.00_0.00
15,0.0,0.00_0.00_0.00,0.0,0.00_0.00_0.00
16,45.79,351.68_-137.59_-201.02,44.7,348.54_-137.59_-195.59
16,44.7,348.54_-137.59_-195.59,34.31,320.28_-137.59_-124.96
16,34.31,320.28_-137.59_-124.96,7.24,-94.20_39.95_-135.83
16,7.24,-94.20_39.95_-135.83,7.19,-91.06_44.38_-135.83
16,7.19,-91.06_44.38_-135.83,6.95,-87.92_39.95_-135.83
16,6.95,-87.92_39.95_-135.83,6.51,-87.92_35.51_-130.40
16,6.51,-87.92_35.51_-130.40,6.51,-87.92_35.51_-130.40
16,6.51,-87.92_35.51_-130.40,6.3,-91.06_35.51_-124.96
16,6.3,-91.06_35.51_-124.96,6.24,-87.92_39.95_-124.96
16,6.24,-87.92_39.95_-124.96,6.24,-87.92_39.95_-124.96
16,6.24,-87.92_39.95_-124.96,4.3,-6.28_53.26_-119.53
16,4.3,-6.28_53.26_-119.53,1.5,-6.28_31.07_-70.63
16,1.5,-6.28_31.07_-70.63,1.45,-9.42_26.63_-70.63
16,1.45,-9.42_26.63_-70.63,1.41,-12.56_22.19_-70.63
16,1.41,-12.56_22.19_-70.63,1.41,-12.56_22.19_-70.63
16,1.41,-12.56_22.19_-70.63,1.41,-12.56_22.19_-70.63
16,1.41,-12.56_22.19_-70.63,1.21,-9.42_22.19_-65.20
16,1.21,-9.42_22.19_-65.20,1.0,-9.42_17.75_-59.77
16,1.0,-9.42_17.75_-59.77,0.88,-9.42_22.19_-54.33
16,0.88,-9.42_22.19_-54.33,0.21,9.42_-26.63_5.43
16,0.21,9.42_-26.63_5.43,0.14,6.28_-22.19_5.43
16,0.14,6.28_-22.19_5.43,0.11,9.42_-17.75_5.43
16,0.11,9.42_-17.75_5.43,0.1,9.42_-13.32_10.87
16,0.1,9.42_-13.32_10.87,0.09,12.56_-13.32_5.43
16,0.09,12.56_-13.32_5.43,0.05,9.42_-8.88_5.43
16,0.05,9.42_-8.88_5.43,0.05,9.42_-8.88_5.43
16,0.05,9.42_-8.88_5.43,0.02,6.28_-4.44_5.43
16,0.02,6.28_-4.44_5.43,0.01,3.14_0.00_5.43
16,0.01,3.14_0.00_5.43,0.01,3.14_0.00_5.43
16,0.01,3.14_0.00_5.43,0.01,3.14_4.44_0.00
16,0.01,3.14_4.44_0.00,0.0,0.00_0.00_0.00
16,0.0,0.00_0.00_0.00,0.0,0.00_0.00_0.00
16,0.0,0.00_0.00_0.00,0.0,0.00_0.00_0.00
16,0.0,0.00_0.00_0.00,0.0,0.00_0.00_0.00
16,0.0,0.00_0.00_0.00,0.0,0.00_0.00_0.00
16,0.0,0.00_0.00_0.00,0.0,0.00_0.00_0.00
16,0.0,0.00_0.00_0.00,0.0,0.00_0.00_0.00
17,90.32,216.65_-430.49_-358.55,34.31,263.76_248.55_-76.06
17,34.31,263.76_248.55_-76.06,32.53,254.34_248.55_-59.76
17,32.53,254.34_248.55_-59.76,31.59,251.20_244.11_-59.76
17,31.59,251.20_244.11_-59.76,26.72,248.06_204.17_-59.76
17,26.72,248.06_204.17_-59.76,6.62,100.48_57.70_114.10
17,6.62,100.48_57.70_114.10,6.16,97.34_57.70_108.66
17,6.16,97.34_57.70_108.66,6.14,94.20_62.14_108.66
17,6.14,94.20_62.14_108.66,4.41,72.22_62.14_92.36
17,4.41,72.22_62.14_92.36,4.39,75.36_57.70_92.36
17,4.39,75.36_57.70_92.36,4.39,75.36_57.70_92.36
17,4.39,75.36_57.70_92.36,3.18,91.06_-13.32_-65.20
17,3.18,91.06_-13.32_-65.20,3.18,91.06_-13.32_-65.20
17,3.18,91.06_-13.32_-65.20,3.02,87.92_-8.88_-65.20
17,3.02,87.92_-8.88_-65.20,2.99,91.06_-8.88_-59.77
17,2.99,91.06_-8.88_-59.77,2.86,91.06_-13.32_-54.33
17,2.86,91.06_-13.32_-54.33,2.69,91.06_-8.88_-48.90
17,2.69,91.06_-8.88_-48.90,2.69,87.92_-8.88_-54.33
17,2.69,87.92_-8.88_-54.33,2.43,87.92_-8.88_-43.47
17,2.43,87.92_-8.88_-43.47,2.43,87.92_-8.88_-43.47
17,2.43,87.92_-8.88_-43.47,2.3,87.92_-4.44_-38.03
17,2.3,87.92_-4.44_-38.03,2.16,84.78_0.00_-38.03
17,2.16,84.78_0.00_-38.03,2.16,84.78_0.00_-38.03
17,2.16,84.78_0.00_-38.03,2.03,81.64_-4.44_-38.03
17,2.03,81.64_-4.44_-38.03,1.92,78.50_-8.88_-38.03
17,1.92,78.50_-8.88_-38.03,1.83,75.36_-13.32_-38.03
17,1.83,75.36_-13.32_-38.03,1.62,72.22_-13.32_-32.60
17,1.62,72.22_-13.32_-32.60,1.62,72.22_-13.32_-32.60
17,1.62,72.22_-13.32_-32.60,1.54,69.08_-17.75_-32.60
17,1.54,69.08_-17.75_-32.60,1.53,65.94_-17.75_-38.03
17,1.53,65.94_-17.75_-38.03,1.39,62.80_-13.32_-38.03
17,1.39,62.80_-13.32_-38.03,1.39,62.80_-13.32_-38.03
17,1.39,62.80_-13.32_-38.03,1.04,62.80_-13.32_5.43
17,1.04,62.80_-13.32_5.43,1.04,62.80_-13.32_5.43
17,1.04,62.80_-13.32_5.43,1.04,62.80_-13.32_5.43
17,1.04,62.80_-13.32_5.43,0.98,59.66_-17.75_5.43
17,0.98,59.66_-17.75_5.43,0.85,56.52_-13.32_5.43
17,0.85,56.52_-13.32_5.43,0.8,53.38_-17.75_5.43
17,0.8,53.38_-17.75_5.43,0.8,53.38_-17.75_5.43
17,0.8,53.38_-17.75_5.43,0.68,50.24_-13.32_5.43
17,0.68,50.24_-13.32_5.43,0.63,47.10_-13.32_10.87
17,0.63,47.10_-13.32_10.87,0.63,47.10_-13.32_10.87
17,0.63,47.10_-13.32_10.87,0.59,43.96_-17.75_10.87
17,0.59,43.96_-17.75_10.87,0.57,40.82_-22.19_10.87
17,0.57,40.82_-22.19_10.87,0.5,40.82_-17.75_5.43
17,0.5,40.82_-17.75_5.43,0.37,37.68_4.44_5.43
17,0.37,37.68_4.44_5.43,0.31,34.54_0.00_5.43
17,0.31,34.54_0.00_5.43,0.26,31.40_-4.44_5.43
17,0.26,31.40_-4.44_5.43,0.23,28.26_-8.88_5.43
17,0.23,28.26_-8.88_5.43,0.23,28.26_-8.88_5.43
17,0.23,28.26_-8.88_5.43,0.18,25.12_-8.88_0.00
17,0.18,25.12_-8.88_0.00,0.13,21.98_-4.44_0.00
17,0.13,21.98_-4.44_0.00,0.09,18.84_0.00_0.00
17,0.09,18.84_0.00_0.00,0.09,15.70_-8.88_-5.43
17,0.09,15.70_-8.88_-5.43,0.09,12.56_-8.88_10.87
17,0.09,12.56_-8.88_10.87,0.05,12.56_-4.44_5.43
17,0.05,12.56_-4.44_5.43,0.03,3.14_8.88_5.43
17,0.03,3.14_8.88_5.43,0.03,3.14_8.88_5.43
17,0.03,3.14_8.88_5.43,0.03,0.00_0.00_10.87
17,0.03,0.00_0.00_10.87,0.03,0.00_0.00_10.87
17,0.03,0.00_0.00_10.87,0.03,0.00_0.00_10.87
17,0.03,0.00_0.00_10.87,0.01,3.14_0.00_5.43
17,0.01,3.14_0.00_5.43,0.01,3.14_0.00_5.43
17,0.01,3.14_0.00_5.43,0.01,3.14_-4.44_0.00
17,0.01,3.14_-4.44_0.00,0.01,3.14_-4.44_0.00
17,0.01,3.14_-4.44_0.00,0.0,0.00_0.00_0.00
17,0.0,0.00_0.00_0.00,0.0,0.00_0.00_0.00
17,0.0,0.00_0.00_0.00,0.0,0.00_0.00_0.00
17,0.0,0.00_0.00_0.00,0.0,0.00_0.00_0.00
18,126.73,-590.30_346.17_195.57,1.86,-50.24_62.14_32.60
18,1.86,-50.24_62.14_32.60,0.98,6.28_44.38_-43.47
18,0.98,6.28_44.38_-43.47,0.98,6.28_44.38_-43.47
18,0.98,6.28_44.38_-43.47,0.74,9.42_31.07_-43.47
18,0.74,9.42_31.07_-43.47,0.66,6.28_26.63_-43.47
18,0.66,6.28_26.63_-43.47,0.66,6.28_26.63_-43.47
18,0.66,6.28_26.63_-43.47,0.54,3.14_26.63_-38.03
18,0.54,3.14_26.63_-38.03,0.5,6.28_22.19_-38.03
18,0.5,6.28_22.19_-38.03,0.44,3.14_17.75_-38.03
18,0.44,3.14_17.75_-38.03,0.41,0.00_13.32_-38.03
18,0.41,0.00_13.32_-38.03,0.41,0.00_13.32_-38.03
18,0.41,0.00_13.32_-38.03,0.38,-6.28_-4.44_-38.03
18,0.38,-6.28_-4.44_-38.03,0.2,-6.28_4.44_-27.17
18,0.2,-6.28_4.44_-27.17,0.19,0.00_4.44_-27.17
18,0.19,0.00_4.44_-27.17,0.13,3.14_4.44_-21.73
18,0.13,3.14_4.44_-21.73,0.13,3.14_4.44_-21.73
18,0.13,3.14_4.44_-21.73,0.07,3.14_0.00_-16.30
18,0.07,3.14_0.00_-16.30,0.07,3.14_0.00_-16.30
18,0.07,3.14_0.00_-16.30,0.07,3.14_0.00_-16.30
18,0.07,3.14_0.00_-16.30,0.07,3.14_0.00_-16.30
18,0.07,3.14_0.00_-16.30,0.04,3.14_-4.44_-10.87
18,0.04,3.14_-4.44_-10.87,0.04,3.14_-4.44_-10.87
18,0.04,3.14_-4.44_-10.87,0.04,3.14_-4.44_-10.87
18,0.04,3.14_-4.44_-10.87,0.02,6.28_-4.44_-5.43
18,0.02,6.28_-4.44_-5.43,0.02,6.28_-4.44_-5.43
18,0.02,6.28_-4.44_-5.43,0.01,3.14_-4.44_0.00
18,0.01,3.14_-4.44_0.00,0.01,3.14_-4.44_0.00
18,0.01,3.14_-4.44_0.00,0.0,0.00_0.00_0.00
18,0.0,0.00_0.00_0.00,0.0,0.00_0.00_0.00
18,0.0,0.00_0.00_0.00,0.0,0.00_0.00_0.00
18,0.0,0.00_0.00_0.00,0.0,0.00_0.00_0.00
18,0.0,0.00_0.00_0.00,0.0,0.00_0.00_0.00
18,0.0,0.00_0.00_0.00,0.0,0.00_0.00_0.00
18,0.0,0.00_0.00_0.00,0.0,0.00_0.00_0.00
19,44.46,248.06_337.32_-48.90,43.33,244.92_332.88_-48.90
19,43.33,244.92_332.88_-48.90,43.33,244.92_332.88_-48.90
19,43.33,244.92_332.88_-48.90,6.6,75.36_-79.89_-119.53
19,6.6,75.36_-79.89_-119.53,6.54,78.50_-75.45_-119.53
19,6.54,78.50_-75.45_-119.53,6.26,75.36_-71.01_-119.53
19,6.26,75.36_-71.01_-119.53,5.83,72.22_-71.01_-114.10
19,5.83,72.22_-71.01_-114.10,5.83,72.22_-71.01_-114.10
19,5.83,72.22_-71.01_-114.10,4.65,62.80_-53.26_-108.66
19,4.65,62.80_-53.26_-108.66,4.27,59.66_-53.26_-103.23
19,4.27,59.66_-53.26_-103.23,4.06,56.52_-48.82_-103.23
19,4.06,56.52_-48.82_-103.23,3.87,53.38_-44.38_-103.23
19,3.87,53.38_-44.38_-103.23,3.69,56.52_-44.38_-97.80
19,3.69,56.52_-44.38_-97.80,3.51,53.38_-39.95_-97.80
19,3.51,53.38_-39.95_-97.80,3.33,56.52_-39.95_-92.36
19,3.33,56.52_-39.95_-92.36,3.33,56.52_-39.95_-92.36
19,3.33,56.52_-39.95_-92.36,3.33,56.52_-39.95_-92.36
19,3.33,56.52_-39.95_-92.36,3.18,59.66_-39.95_-86.93
19,3.18,59.66_-39.95_-86.93,2.86,56.52_-39.95_-81.50
19,2.86,56.52_-39.95_-81.50,2.56,53.38_-39.95_-76.07
19,2.56,53.38_-39.95_-76.07,0.61,-31.40_-4.44_-38.03
19,0.61,-31.40_-4.44_-38.03,0.56,-28.26_0.00_-38.03
19,0.56,-28.26_0.00_-38.03,0.56,-28.26_0.00_-38.03
19,0.56,-28.26_0.00_-38.03,0.56,-28.26_0.00_-38.03
19,0.56,-28.26_0.00_-38.03,0.42,-25.12_0.00_-32.60
19,0.42,-25.12_0.00_-32.60,0.39,-21.98_4.44_-32.60
19,0.39,-21.98_4.44_-32.60,0.35,-18.84_0.00_-32.60
19,0.35,-18.84_0.00_-32.60,0.33,-15.70_4.44_-32.60
19,0.33,-15.70_4.44_-32.60,0.23,-12.56_4.44_-27.17
19,0.23,-12.56_4.44_-27.17,0.15,-9.42_4.44_-21.73
19,0.15,-9.42_4.44_-21.73,0.13,-6.28_0.00_-21.73
19,0.13,-6.28_0.00_-21.73,0.13,-6.28_0.00_-21.73
19,0.13,-6.28_0.00_-21.73,0.13,-3.14_-4.44_-21.73
19,0.13,-3.14_-4.44_-21.73,0.12,0.00_0.00_-21.73
19,0.12,0.00_0.00_-21.73,0.07,0.00_-4.44_-16.30
19,0.07,0.00_-4.44_-16.30,0.07,3.14_0.00_-16.30
19,0.07,3.14_0.00_-16.30,0.0,0.00_0.00_0.00
19,0.0,0.00_0.00_0.00,0.0,0.00_0.00_0.00
19,0.0,0.00_0.00_0.00,0.0,0.00_0.00_0.00
19,0.0,0.00_0.00_0.00,0.0,0.00_0.00_0.00
20,101.45,81.63_-430.47_-461.76,12.57,141.30_4.44_-173.86
20,12.57,141.30_4.44_-173.86,10.17,125.60_57.70_-146.70
20,10.17,125.60_57.70_-146.70,10.06,119.32_66.58_-146.70
20,10.06,119.32_66.58_-146.70,10.01,113.04_75.45_-146.70
20,10.01,113.04_75.45_-146.70,10.01,113.04_75.45_-146.70
20,10.01,113.04_75.45_-146.70,10.01,109.90_79.89_-146.70
20,10.01,109.90_79.89_-146.70,9.44,109.90_75.45_-141.26
20,9.44,109.90_75.45_-141.26,9.11,106.76_71.01_-141.26
20,9.11,106.76_71.01_-141.26,8.52,103.62_57.70_-141.26
20,8.52,103.62_57.70_-141.26,0.3,-15.70_-22.19_-21.73
20,0.3,-15.70_-22.19_-21.73,0.3,-15.70_-22.19_-21.73
20,0.3,-15.70_-22.19_-21.73,0.21,-15.70_-17.75_-16.30
20,0.21,-15.70_-17.75_-16.30,0.2,-18.84_-13.32_-16.30
20,0.2,-18.84_-13.32_-16.30,0.15,-15.70_-8.88_-16.30
20,0.15,-15.70_-8.88_-16.30,0.14,-18.84_-8.88_-10.87
20,0.14,-18.84_-8.88_-10.87,0.09,-15.70_-8.88_-5.43
20,0.09,-15.70_-8.88_-5.43,0.03,-3.14_-8.88_-5.43
20,0.03,-3.14_-8.88_-5.43,0.03,-3.14_-8.88_-5.43
20,0.03,-3.14_-8.88_-5.43,0.02,-6.28_-4.44_-5.43
20,0.02,-6.28_-4.44_-5.43,0.01,-6.28_0.00_0.00
20,0.01,-6.28_0.00_0.00,0.01,-3.14_0.00_-5.43
20,0.01,-3.14_0.00_-5.43,0.01,-3.14_0.00_-5.43
20,0.01,-3.14_0.00_-5.43,0.0,0.00_0.00_0.00
20,0.0,0.00_0.00_0.00,0.0,0.00_0.00_0.00
20,0.0,0.00_0.00_0.00,0.0,0.00_0.00_0.00
20,0.0,0.00_0.00_0.00,0.0,0.00_0.00_0.00
20,0.0,0.00_0.00_0.00,0.0,0.00_0.00_0.00
20,0.0,0.00_0.00_0.00,0.0,0.00_0.00_0.00
20,0.0,0.00_0.00_0.00,0.0,0.00_0.00_0.00
20,0.0,0.00_0.00_0.00,0.0,0.00_0.00_0.00
20,0.0,0.00_0.00_0.00,0.0,0.00_0.00_0.00
20,0.0,0.00_0.00_0.00,0.0,0.00_0.00_0.00
21,11.87,200.96_-35.51_76.06,5.56,119.32_-66.58_-59.77
21,5.56,119.32_-66.58_-59.77,5.24,116.18_-62.14_-59.77
21,5.24,116.18_-62.14_-59.77,4.51,109.90_13.32_-76.07
21,4.51,109.90_13.32_-76.07,2.04,87.92_-17.75_-10.87
21,2.04,87.92_-17.75_-10.87,1.87,84.78_-13.32_-10.87
21,1.87,84.78_-13.32_-10.87,1.74,81.64_-4.44_-16.30
21,1.74,81.64_-4.44_-16.30,1.74,81.64_-4.44_-16.30
21,1.74,81.64_-4.44_-16.30,1.66,78.50_-4.44_-21.73
21,1.66,78.50_-4.44_-21.73,1.66,78.50_-4.44_-21.73
21,1.66,78.50_-4.44_-21.73,1.49,75.36_-4.44_-16.30
21,1.49,75.36_-4.44_-16.30,1.34,72.22_-4.44_-10.87
21,1.34,72.22_-4.44_-10.87,1.34,72.22_-4.44_-10.87
21,1.34,72.22_-4.44_-10.87,1.27,69.08_-4.44_-16.30
21,1.27,69.08_-4.44_-16.30,1.15,65.94_0.00_-16.30
21,1.15,65.94_0.00_-16.30,1.15,65.94_0.00_-16.30
21,1.15,65.94_0.00_-16.30,1.06,62.80_4.44_-16.30
21,1.06,62.80_4.44_-16.30,0.98,59.66_8.88_-16.30
21,0.98,59.66_8.88_-16.30,0.85,56.52_8.88_-10.87
21,0.85,56.52_8.88_-10.87,0.85,56.52_8.88_-10.87
21,0.85,56.52_8.88_-10.87,0.79,53.38_13.32_-10.87
21,0.79,53.38_13.32_-10.87,0.79,53.38_13.32_-10.87
21,0.79,53.38_13.32_-10.87,0.74,50.24_17.75_-10.87
21,0.74,50.24_17.75_-10.87,0.74,50.24_17.75_-10.87
21,0.74,50.24_17.75_-10.87,0.71,47.10_22.19_-10.87
21,0.71,47.10_22.19_-10.87,0.67,43.96_22.19_-16.30
21,0.67,43.96_22.19_-16.30,0.56,40.82_17.75_-16.30
21,0.56,40.82_17.75_-16.30,0.56,40.82_17.75_-16.30
21,0.56,40.82_17.75_-16.30,0.54,37.68_-4.44_27.17
21,0.54,37.68_-4.44_27.17,0.31,34.54_0.00_5.43
21,0.31,34.54_0.00_5.43,0.31,34.54_0.00_5.43
21,0.31,34.54_0.00_5.43,0.23,28.26_-4.44_10.87
21,0.23,28.26_-4.44_10.87,0.21,25.12_-8.88_10.87
21,0.21,25.12_-8.88_10.87,0.15,21.98_-8.88_5.43
21,0.15,21.98_-8.88_5.43,0.14,18.84_-13.32_5.43
21,0.14,18.84_-13.32_5.43,0.14,15.70_-13.32_10.87
21,0.14,15.70_-13.32_10.87,0.08,3.14_-13.32_10.87
21,0.08,3.14_-13.32_10.87,0.08,3.14_-13.32_10.87
21,0.08,3.14_-13.32_10.87,0.05,0.00_-8.88_10.87
21,0.05,0.00_-8.88_10.87,0.01,0.00_-4.44_5.43
21,0.01,0.00_-4.44_5.43,0.01,0.00_-4.44_5.43
21,0.01,0.00_-4.44_5.43,0.01,3.14_0.00_5.43
21,0.01,3.14_0.00_5.43,0.01,3.14_-4.44_0.00
21,0.01,3.14_-4.44_0.00,0.0,0.00_0.00_0.00
22,32.97,317.14_164.22_65.20,30.76,310.86_150.90_59.76
22,30.76,310.86_150.90_59.76,29.54,263.76_208.60_-70.63
22,29.54,263.76_208.60_-70.63,21.9,251.20_142.03_-65.20
22,21.9,251.20_142.03_-65.20,12.15,-28.26_-217.48_21.73
22,12.15,-28.26_-217.48_21.73,12.15,-28.26_-217.48_21.73
22,12.15,-28.26_-217.48_21.73,12.15,-31.40_-217.48_16.30
22,12.15,-31.40_-217.48_16.30,12.07,-28.26_-217.48_10.87
22,12.07,-28.26_-217.48_10.87,0.3,-34.54_4.44_0.00
22,0.3,-34.54_4.44_0.00,0.3,-34.54_4.44_0.00
22,0.3,-34.54_4.44_0.00,0.3,-34.54_4.44_0.00
22,0.3,-34.54_4.44_0.00,0.3,-34.54_4.44_0.00
22,0.3,-34.54_4.44_0.00,0.26,-31.40_4.44_5.43
22,0.26,-31.40_4.44_5.43,0.21,-28.26_0.00_5.43
22,0.21,-28.26_0.00_5.43,0.21,-28.26_0.00_5.43
22,0.21,-28.26_0.00_5.43,0.17,-25.12_-4.44_5.43
22,0.17,-25.12_-4.44_5.43,0.14,-18.84_13.32_5.43
22,0.14,-18.84_13.32_5.43,0.14,-15.70_13.32_10.87
22,0.14,-15.70_13.32_10.87,0.09,-12.56_8.88_10.87
22,0.09,-12.56_8.88_10.87,0.06,-9.42_4.44_10.87
22,0.06,-9.42_4.44_10.87,0.04,-6.28_0.00_10.87
22,0.04,-6.28_0.00_10.87,0.04,-6.28_0.00_10.87
22,0.04,-6.28_0.00_10.87,0.04,-3.14_-4.44_10.87
22,0.04,-3.14_-4.44_10.87,0.04,-3.14_-4.44_10.87
22,0.04,-3.14_-4.44_10.87,0.04,-3.14_-4.44_10.87
22,0.04,-3.14_-4.44_10.87,0.03,0.00_0.00_10.87
22,0.03,0.00_0.00_10.87,0.01,0.00_-4.44_5.43
22,0.01,0.00_-4.44_5.43,0.01,-3.14_0.00_5.43
22,0.01,-3.14_0.00_5.43,0.01,-3.14_0.00_5.43
22,0.01,-3.14_0.00_5.43,0.01,-3.14_4.44_0.00
22,0.01,-3.14_4.44_0.00,0.0,0.00_0.00_0.00
22,0.0,0.00_0.00_0.00,0.0,0.00_0.00_0.00
22,0.0,0.00_0.00_0.00,0.0,0.00_0.00_0.00
22,0.0,0.00_0.00_0.00,0.0,0.00_0.00_0.00
22,0.0,0.00_0.00_0.00,0.0,0.00_0.00_0.00
22,0.0,0.00_0.00_0.00,0.0,0.00_0.00_0.00
22,0.0,0.00_0.00_0.00,0.0,0.00_0.00_0.00
23,70.82,116.17_-275.16_-440.06,34.1,-175.84_-230.79_-228.19
23,34.1,-175.84_-230.79_-228.19,34.1,-175.84_-230.79_-228.19
23,34.1,-175.84_-230.79_-228.19,33.32,-172.70_-226.35_-228.19
23,33.32,-172.70_-226.35_-228.19,9.13,-188.40_-31.07_-5.43
23,9.13,-188.40_-31.07_-5.43,9.13,-188.40_-31.07_-5.43
23,9.13,-188.40_-31.07_-5.43,8.55,-182.12_-31.07_-5.43
23,8.55,-182.12_-31.07_-5.43,8.25,-178.98_-31.07_0.00
23,8.25,-178.98_-31.07_0.00,8.05,-175.84_-35.51_0.00
23,8.05,-175.84_-35.51_0.00,5.08,-94.20_-97.65_-43.47
23,5.08,-94.20_-97.65_-43.47,5.08,-94.20_-97.65_-43.47
23,5.08,-94.20_-97.65_-43.47,4.72,-91.06_-93.21_-43.47
23,4.72,-91.06_-93.21_-43.47,1.9,-72.22_-22.19_-43.47
23,1.9,-72.22_-22.19_-43.47,1.49,-75.36_4.44_16.30
23,1.49,-75.36_4.44_16.30,1.37,-72.22_0.00_16.30
23,1.37,-72.22_0.00_16.30,1.37,-72.22_0.00_16.30
23,1.37,-72.22_0.00_16.30,1.34,-72.22_-4.44_10.87
23,1.34,-72.22_-4.44_10.87,1.34,-72.22_-4.44_10.87
23,1.34,-72.22_-4.44_10.87,1.27,-69.08_-4.44_16.30
23,1.27,-69.08_-4.44_16.30,1.27,-69.08_-4.44_16.30
23,1.27,-69.08_-4.44_16.30,1.17,-65.94_-8.88_16.30
23,1.17,-65.94_-8.88_16.30,1.16,-65.94_-13.32_10.87
23,1.16,-65.94_-13.32_10.87,0.68,-50.24_-8.88_10.87
23,0.68,-50.24_-8.88_10.87,0.63,-47.10_-13.32_10.87
23,0.63,-47.10_-13.32_10.87,0.63,-47.10_-13.32_10.87
23,0.63,-47.10_-13.32_10.87,0.53,-43.96_-8.88_10.87
23,0.53,-43.96_-8.88_10.87,0.45,-40.82_-4.44_10.87
23,0.45,-40.82_-4.44_10.87,0.33,-34.54_-4.44_10.87
23,0.33,-34.54_-4.44_10.87,0.33,-34.54_-8.88_5.43
23,0.33,-34.54_-8.88_5.43,0.27,-31.40_-8.88_0.00
23,0.27,-31.40_-8.88_0.00,0.27,-31.40_-8.88_0.00
23,0.27,-31.40_-8.88_0.00,0.27,-31.40_-8.88_0.00
23,0.27,-31.40_-8.88_0.00,0.27,-31.40_-8.88_0.00
23,0.27,-31.40_-8.88_0.00,0.27,-31.40_-8.88_0.00
23,0.27,-31.40_-8.88_0.00,0.2,-28.26_-4.44_0.00
23,0.2,-28.26_-4.44_0.00,0.2,-28.26_-4.44_0.00
23,0.2,-28.26_-4.44_0.00,0.2,-28.26_-4.44_0.00
23,0.2,-28.26_-4.44_0.00,0.15,-21.98_-8.88_5.43
23,0.15,-21.98_-8.88_5.43,0.15,-21.98_-8.88_5.43
23,0.15,-21.98_-8.88_5.43,0.15,-21.98_-8.88_5.43
23,0.15,-21.98_-8.88_5.43,0.11,-9.42_-8.88_-16.30
23,0.11,-9.42_-8.88_-16.30,0.1,-15.70_-4.44_-10.87
23,0.1,-15.70_-4.44_-10.87,0.1,-15.70_-4.44_-10.87
23,0.1,-15.70_-4.44_-10.87,0.1,-15.70_-4.44_-10.87
23,0.1,-15.70_-4.44_-10.87,0.06,-9.42_-4.44_-10.87
23,0.06,-9.42_-4.44_-10.87,0.03,-9.42_0.00_-5.43
23,0.03,-9.42_0.00_-5.43,0.02,-6.28_-4.44_-5.43
23,0.02,-6.28_-4.44_-5.43,0.01,0.00_-4.44_-5.43
23,0.01,0.00_-4.44_-5.43,0.01,0.00_-4.44_-5.43
23,0.01,0.00_-4.44_-5.43,0.01,3.14_-4.44_0.00
23,0.01,3.14_-4.44_0.00,0.01,3.14_-4.44_0.00
23,0.01,3.14_-4.44_0.00,0.01,3.14_-4.44_0.00
23,0.01,3.14_-4.44_0.00,0.01,3.14_-4.44_0.00
23,0.01,3.14_-4.44_0.00,0.01,3.14_-4.44_0.00
23,0.01,3.14_-4.44_0.00,0.0,0.00_0.00_0.00
23,0.0,0.00_0.00_0.00,0.0,0.00_0.00_0.00
23,0.0,0.00_0.00_0.00,0.0,0.00_0.00_0.00
23,0.0,0.00_0.00_0.00,0.0,0.00_0.00_0.00
23,0.0,0.00_0.00_0.00,0.0,0.00_0.00_0.00
23,0.0,0.00_0.00_0.00,0.0,0.00_0.00_0.00
24,33.73,-78.50_-341.75_-108.66,33.56,-81.64_-341.75_-103.23
24,33.56,-81.64_-341.75_-103.23,32.94,-84.78_-337.32_-103.23
24,32.94,-84.78_-337.32_-103.23,32.33,-87.92_-332.88_-103.23
24,32.33,-87.92_-332.88_-103.23,31.74,-91.06_-328.44_-103.23
24,31.74,-91.06_-328.44_-103.23,29.21,-84.78_-310.69_-114.09
24,29.21,-84.78_-310.69_-114.09,24.48,-62.80_-288.50_-103.23
24,24.48,-62.80_-288.50_-103.23,23.37,40.82_-261.86_-152.13
24,23.37,40.82_-261.86_-152.13,22.73,37.68_-257.43_-152.13
24,22.73,37.68_-257.43_-152.13,22.27,34.54_-257.43_-146.69
24,22.27,34.54_-257.43_-146.69,13.26,53.38_-164.22_-152.13
24,13.26,53.38_-164.22_-152.13,11.33,43.96_-142.03_-152.13
24,11.33,43.96_-142.03_-152.13,5.49,21.98_66.58_-130.40
24,5.49,21.98_66.58_-130.40,5.49,21.98_66.58_-130.40
24,5.49,21.98_66.58_-130.40,5.38,25.12_62.14_-130.40
24,5.38,25.12_62.14_-130.40,3.28,47.10_57.70_-86.93
24,3.28,47.10_57.70_-86.93,3.09,43.96_53.26_-86.93
24,3.09,43.96_53.26_-86.93,2.93,69.08_71.01_-43.47
24,2.93,69.08_71.01_-43.47,2.67,69.08_66.58_-38.03
24,2.67,69.08_66.58_-38.03,2.63,69.08_62.14_-43.47
24,2.63,69.08_62.14_-43.47,2.63,69.08_62.14_-43.47
24,2.63,69.08_62.14_-43.47,2.07,62.80_62.14_-21.73
24,2.07,62.80_62.14_-21.73,0.15,6.28_8.88_21.73
24,0.15,6.28_8.88_21.73,0.15,6.28_8.88_21.73
24,0.15,6.28_8.88_21.73,0.15,6.28_8.88_21.73
24,0.15,6.28_8.88_21.73,0.11,9.42_8.88_16.30
24,0.11,9.42_8.88_16.30,0.08,6.28_4.44_16.30
24,0.08,6.28_4.44_16.30,0.08,6.28_4.44_16.30
24,0.08,6.28_4.44_16.30,0.08,6.28_4.44_16.30
24,0.08,6.28_4.44_16.30,0.07,3.14_0.00_16.30
24,0.07,3.14_0.00_16.30,0.07,3.14_0.00_16.30
24,0.07,3.14_0.00_16.30,0.03,0.00_0.00_10.87
24,0.03,0.00_0.00_10.87,0.01,3.14_0.00_5.43
24,0.01,3.14_0.00_5.43,0.01,3.14_0.00_5.43
24,0.01,3.14_0.00_5.43,0.01,3.14_-4.44_0.00
24,0.01,3.14_-4.44_0.00,0.01,3.14_-4.44_0.00
24,0.01,3.14_-4.44_0.00,0.0,0.00_0.00_0.00
24,0.0,0.00_0.00_0.00,0.0,0.00_0.00_0.00
24,0.0,0.00_0.00_0.00,0.0,0.00_0.00_0.00
25,140.04,423.86_-319.50_-526.93,110.99,351.66_-284.02_-488.93
25,110.99,351.66_-284.02_-488.93,2.98,65.94_4.44_-86.93
25,2.98,65.94_4.44_-86.93,0.7,37.68_-35.51_10.87
25,0.7,37.68_-35.51_10.87,0.7,37.68_-35.51_10.87
25,0.7,37.68_-35.51_10.87,0.69,40.82_-31.07_10.87
25,0.69,40.82_-31.07_10.87,0.44,28.26_26.63_16.30
25,0.44,28.26_26.63_16.30,0.29,25.12_22.19_5.43
25,0.29,25.12_22.19_5.43,0.21,21.98_17.75_5.43
25,0.21,21.98_17.75_5.43,0.2,18.84_17.75_10.87
25,0.2,18.84_17.75_10.87,0.18,15.70_22.19_0.00
25,0.18,15.70_22.19_0.00,0.15,15.70_17.75_-5.43
25,0.15,15.70_17.75_-5.43,0.15,15.70_17.75_-5.43
25,0.15,15.70_17.75_-5.43,0.15,15.70_17.75_-5.43
25,0.15,15.70_17.75_-5.43,0.15,12.56_17.75_-10.87
25,0.15,12.56_17.75_-10.87,0.1,9.42_13.32_-10.87
25,0.1,9.42_13.32_-10.87,0.09,12.56_13.32_-5.43
25,0.09,12.56_13.32_-5.43,0.09,12.56_13.32_-5.43
25,0.09,12.56_13.32_-5.43,0.09,15.70_8.88_-5.43
25,0.09,15.70_8.88_-5.43,0.05,12.56_4.44_-5.43
25,0.05,12.56_4.44_-5.43,0.05,9.42_8.88_-5.43
25,0.05,9.42_8.88_-5.43,0.05,9.42_8.88_-5.43
25,0.05,9.42_8.88_-5.43,0.02,6.28_4.44_-5.43
25,0.02,6.28_4.44_-5.43,0.02,6.28_4.44_-5.43
25,0.02,6.28_4.44_-5.43,0.01,3.14_4.44_0.00
25,0.01,3.14_4.44_0.00,0.0,0.00_0.00_0.00
25,0.0,0.00_0.00_0.00,0.0,0.00_0.00_0.00
25,0.0,0.00_0.00_0.00,0.0,0.00_0.00_0.00
25,0.0,0.00_0.00_0.00,0.0,0.00_0.00_0.00
26,42.44,-263.76_-248.55_195.59,42.43,-263.76_-244.11_201.02
26,42.43,-263.76_-244.11_201.02,42.31,-266.90_-239.67_201.02
26,42.31,-266.90_-239.67_201.02,27.93,-43.96_-319.56_86.93
26,27.93,-43.96_-319.56_86.93,26.85,-47.10_-310.69_92.36
26,26.85,-47.10_-310.69_92.36,5.21,122.46_39.95_65.20
26,5.21,122.46_39.95_65.20,4.63,113.04_57.70_48.90
26,4.63,113.04_57.70_48.90,0.35,-12.56_35.51_0.00
26,0.35,-12.56_35.51_0.00,0.35,-9.42_35.51_5.43
26,0.35,-9.42_35.51_5.43,0.33,-6.28_35.51_0.00
26,0.33,-6.28_35.51_0.00,0.33,-6.28_35.51_0.00
26,0.33,-6.28_35.51_0.00,0.33,-6.28_35.51_0.00
26,0.33,-6.28_35.51_0.00,0.26,-9.42_31.07_0.00
26,0.26,-9.42_31.07_0.00,0.26,-9.42_31.07_0.00
26,0.26,-9.42_31.07_0.00,0.22,-12.56_26.63_0.00
26,0.22,-12.56_26.63_0.00,0.15,-9.42_22.19_0.00
26,0.15,-9.42_22.19_0.00,0.09,-6.28_17.75_0.00
26,0.09,-6.28_17.75_0.00,0.05,-3.14_13.32_0.00
26,0.05,-3.14_13.32_0.00,0.03,-6.28_8.88_0.00
26,0.03,-6.28_8.88_0.00,0.03,-9.42_4.44_0.00
26,0.03,-9.42_4.44_0.00,0.03,-9.42_4.44_0.00
26,0.03,-9.42_4.44_0.00,0.01,-6.28_0.00_0.00
26,0.01,-6.28_0.00_0.00,0.01,-3.14_4.44_0.00
26,0.01,-3.14_4.44_0.00,0.01,-3.14_4.44_0.00
26,0.01,-3.14_4.44_0.00,0.0,0.00_0.00_0.00
26,0.0,0.00_0.00_0.00,0.0,0.00_0.00_0.00
26,0.0,0.00_0.00_0.00,0.0,0.00_0.00_0.00
26,0.0,0.00_0.00_0.00,0.0,0.00_0.00_0.00
26,0.0,0.00_0.00_0.00,0.0,0.00_0.00_0.00
26,0.0,0.00_0.00_0.00,0.0,0.00_0.00_0.00
26,0.0,0.00_0.00_0.00,0.0,0.00_0.00_0.00
27,37.77,69.08_328.44_195.59,33.15,72.22_301.81_190.16
27,33.15,72.22_301.81_190.16,33.15,72.22_301.81_190.16
27,33.15,72.22_301.81_190.16,32.17,62.80_297.37_190.16
27,32.17,62.80_297.37_190.16,31.62,65.94_292.93_190.16
27,31.62,65.94_292.93_190.16,31.62,65.94_292.93_190.16
27,31.62,65.94_292.93_190.16,2.24,-65.94_62.14_-27.17
27,2.24,-65.94_62.14_-27.17,2.24,-65.94_62.14_-27.17
27,2.24,-65.94_62.14_-27.17,2.24,-65.94_62.14_-27.17
27,2.24,-65.94_62.14_-27.17,2.21,-69.08_57.70_-27.17
27,2.21,-69.08_57.70_-27.17,1.95,-65.94_57.70_-10.87
27,1.95,-65.94_57.70_-10.87,1.89,-62.80_57.70_-16.30
27,1.89,-62.80_57.70_-16.30,1.75,-59.66_57.70_-10.87
27,1.75,-59.66_57.70_-10.87,1.73,-62.80_53.26_-10.87
27,1.73,-62.80_53.26_-10.87,1.52,-59.66_48.82_-10.87
27,1.52,-59.66_48.82_-10.87,1.52,-59.66_48.82_-10.87
27,1.52,-59.66_48.82_-10.87,1.52,-59.66_48.82_-10.87
27,1.52,-59.66_48.82_-10.87,1.45,-59.66_44.38_-16.30
27,1.45,-59.66_44.38_-16.30,1.45,-59.66_44.38_-16.30
27,1.45,-59.66_44.38_-16.30,1.25,-59.66_26.63_-27.17
27,1.25,-59.66_26.63_-27.17,1.25,-59.66_26.63_-27.17
27,1.25,-59.66_26.63_-27.17,1.11,-56.52_22.19_-27.17
27,1.11,-56.52_22.19_-27.17,1.11,-56.52_22.19_-27.17
27,1.11,-56.52_22.19_-27.17,1.11,-56.52_22.19_-27.17
27,1.11,-56.52_22.19_-27.17,1.07,-53.38_26.63_-27.17
27,1.07,-53.38_26.63_-27.17,0.93,-50.24_26.63_-21.73
27,0.93,-50.24_26.63_-21.73,0.93,-50.24_26.63_-21.73
27,0.93,-50.24_26.63_-21.73,0.92,-47.10_26.63_-27.17
27,0.92,-47.10_26.63_-27.17,0.92,-47.10_26.63_-27.17
27,0.92,-47.10_26.63_-27.17,0.05,3.14_13.32_0.00
27,0.05,3.14_13.32_0.00,0.05,3.14_13.32_0.00
27,0.05,3.14_13.32_0.00,0.05,3.14_13.32_0.00
27,0.05,3.14_13.32_0.00,0.03,3.14_8.88_-5.43
27,0.03,3.14_8.88_-5.43,0.02,0.00_8.88_0.00
27,0.02,0.00_8.88_0.00,0.01,3.14_4.44_0.00
27,0.01,3.14_4.44_0.00,0.01,3.14_4.44_0.00
27,0.01,3.14_4.44_0.00,0.0,0.00_0.00_0.00
27,0.0,0.00_0.00_0.00,0.0,0.00_0.00_0.00
27,0.0,0.00_0.00_0.00,0.0,0.00_0.00_0.00
28,11.33,-191.54_-44.38_-81.50,11.14,-188.40_-48.82_-81.50
28,11.14,-188.40_-48.82_-81.50,11.14,-188.40_-48.82_-81.50
28,11.14,-188.40_-48.82_-81.50,11.14,-188.40_-48.82_-81.50
28,11.14,-188.40_-48.82_-81.50,10.74,-185.26_-44.38_-81.50
28,10.74,-185.26_-44.38_-81.50,8.02,-178.98_0.00_-5.43
28,8.02,-178.98_0.00_-5.43,8.02,-178.98_0.00_-5.43
28,8.02,-178.98_0.00_-5.43,8.02,-178.98_0.00_-5.43
28,8.02,-178.98_0.00_-5.43,7.49,-172.70_4.44_-10.87
28,7.49,-172.70_4.44_-10.87,7.38,-169.56_4.44_-27.17
28,7.38,-169.56_4.44_-27.17,7.38,-169.56_4.44_-27.17
28,7.38,-169.56_4.44_-27.17,7.13,-166.42_8.88_-27.17
28,7.13,-166.42_8.88_-27.17,7.13,-166.42_8.88_-27.17
28,7.13,-166.42_8.88_-27.17,7.13,-166.42_8.88_-27.17
28,7.13,-166.42_8.88_-27.17,1.43,-72.22_-4.44_21.73
28,1.43,-72.22_-4.44_21.73,1.39,-72.22_-8.88_16.30
28,1.39,-72.22_-8.88_16.30,1.39,-72.22_-8.88_16.30
28,1.39,-72.22_-8.88_16.30,1.14,-53.38_39.95_10.87
28,1.14,-53.38_39.95_10.87,1.1,-50.24_39.95_16.30
28,1.1,-50.24_39.95_16.30,0.8,-40.82_35.51_16.30
28,0.8,-40.82_35.51_16.30,0.66,-37.68_31.07_16.30
28,0.66,-37.68_31.07_16.30,0.48,-34.54_26.63_-5.43
28,0.48,-34.54_26.63_-5.43,0.41,0.00_39.95_-5.43
28,0.41,0.00_39.95_-5.43,0.33,-3.14_35.51_-5.43
28,0.33,-3.14_35.51_-5.43,0.26,-6.28_31.07_-5.43
28,0.26,-6.28_31.07_-5.43,0.26,-6.28_31.07_-5.43
28,0.26,-6.28_31.07_-5.43,0.22,-6.28_26.63_-10.87
28,0.22,-6.28_26.63_-10.87,0.22,-6.28_26.63_-10.87
28,0.22,-6.28_26.63_-10.87,0.16,-3.14_22.19_-10.87
28,0.16,-3.14_22.19_-10.87,0.12,-6.28_17.75_-10.87
28,0.12,-6.28_17.75_-10.87,0.1,-9.42_13.32_-10.87
28,0.1,-9.42_13.32_-10.87,0.1,-9.42_13.32_-10.87
28,0.1,-9.42_13.32_-10.87,0.09,-12.56_8.88_-10.87
28,0.09,-12.56_8.88_-10.87,0.09,-12.56_8.88_-10.87
28,0.09,-12.56_8.88_-10.87,0.04,-3.14_4.44_-10.87
28,0.04,-3.14_4.44_-10.87,0.04,-3.14_4.44_-10.87
28,0.04,-3.14_4.44_-10.87,0.01,-3.14_0.00_-5.43
28,0.01,-3.14_0.00_-5.43,0.01,-3.14_0.00_-5.43
28,0.01,-3.14_0.00_-5.43,0.01,-3.14_0.00_-5.43
28,0.01,-3.14_0.00_-5.43,0.01,3.14_4.44_0.00
28,0.01,3.14_4.44_0.00,0.01,3.14_4.44_0.00
28,0.01,3.14_4.44_0.00,0.01,3.14_4.44_0.00
28,0.01,3.14_4.44_0.00,0.0,0.00_0.00_0.00
28,0.0,0.00_0.00_0.00,0.0,0.00_0.00_0.00
28,0.0,0.00_0.00_0.00,0.0,0.00_0.00_0.00
28,0.0,0.00_0.00_0.00,0.0,0.00_0.00_0.00
28,0.0,0.00_0.00_0.00,0.0,0.00_0.00_0.00
28,0.0,0.00_0.00_0.00,0.0,0.00_0.00_0.00
28,0.0,0.00_0.00_0.00,0.0,0.00_0.00_0.00
29,160.17,-571.44_-492.61_266.17,12.9,78.50_84.33_-195.59
29,12.9,78.50_84.33_-195.59,2.19,69.08_62.14_-10.87
29,2.19,69.08_62.14_-10.87,2.17,72.22_57.70_-10.87
29,2.17,72.22_57.70_-10.87,2.17,72.22_57.70_-10.87
29,2.17,72.22_57.70_-10.87,0.54,31.40_-26.63_21.73
29,0.54,31.40_-26.63_21.73,0.54,34.54_-22.19_21.73
29,0.54,34.54_-22.19_21.73,0.44,28.26_-22.19_21.73
29,0.44,28.26_-22.19_21.73,0.44,28.26_-22.19_21.73
29,0.44,28.26_-22.19_21.73,0.35,25.12_-17.75_21.73
29,0.35,25.12_-17.75_21.73,0.35,25.12_-17.75_21.73
29,0.35,25.12_-17.75_21.73,0.33,15.70_-17.75_27.17
29,0.33,15.70_-17.75_27.17,0.33,15.70_-17.75_27.17
29,0.33,15.70_-17.75_27.17,0.06,12.56_-8.88_0.00
29,0.06,12.56_-8.88_0.00,0.05,12.56_4.44_-5.43
29,0.05,12.56_4.44_-5.43,0.05,12.56_4.44_-5.43
29,0.05,12.56_4.44_-5.43,0.03,9.42_4.44_0.00
29,0.03,9.42_4.44_0.00,0.02,6.28_4.44_-5.43
29,0.02,6.28_4.44_-5.43,0.02,6.28_4.44_-5.43
29,0.02,6.28_4.44_-5.43,0.01,3.14_0.00_-5.43
29,0.01,3.14_0.00_-5.43,0.0,0.00_0.00_0.00
29,0.0,0.00_0.00_0.00,0.0,0.00_0.00_0.00
29,0.0,0.00_0.00_0.00,0.0,0.00_0.00_0.00
30,9.97,144.44_-44.38_130.40,9.65,141.30_-39.95_130.40
30,9.65,141.30_-39.95_130.40,9.65,141.30_-39.95_130.40
30,9.65,141.30_-39.95_130.40,5.26,31.40_-8.88_141.26
30,5.26,31.40_-8.88_141.26,4.37,-18.84_97.65_86.93
30,4.37,-18.84_97.65_86.93,4.11,-15.70_97.65_81.50
30,4.11,-15.70_97.65_81.50,4.11,-15.70_97.65_81.50
30,4.11,-15.70_97.65_81.50,3.87,-12.56_97.65_76.07
30,3.87,-12.56_97.65_76.07,3.64,-9.42_93.21_76.07
30,3.64,-9.42_93.21_76.07,3.43,-6.28_88.77_76.07
30,3.43,-6.28_88.77_76.07,3.22,-3.14_88.77_70.63
30,3.22,-3.14_88.77_70.63,2.85,-3.14_84.33_65.20
30,2.85,-3.14_84.33_65.20,2.66,0.00_79.89_65.20
30,2.66,0.00_79.89_65.20,2.49,3.14_75.45_65.20
30,2.49,3.14_75.45_65.20,2.37,12.56_71.01_65.20
30,2.37,12.56_71.01_65.20,2.37,12.56_71.01_65.20
30,2.37,12.56_71.01_65.20,2.24,15.70_66.58_65.20
30,2.24,15.70_66.58_65.20,2.04,12.56_66.58_59.77
30,2.04,12.56_66.58_59.77,1.27,6.28_71.02_0.00
30,1.27,6.28_71.02_0.00,1.27,6.28_71.02_0.00
30,1.27,6.28_71.02_0.00,1.27,6.28_71.02_0.00
30,1.27,6.28_71.02_0.00,1.11,3.14_66.58_0.00
30,1.11,3.14_66.58_0.00,1.11,3.14_66.58_0.00
30,1.11,3.14_66.58_0.00,0.98,6.28_62.14_0.00
30,0.98,6.28_62.14_0.00,0.98,6.28_62.14_0.00
30,0.98,6.28_62.14_0.00,0.84,3.14_57.70_0.00
30,0.84,3.14_57.70_0.00,0.84,3.14_57.70_0.00
30,0.84,3.14_57.70_0.00,0.5,6.28_44.38_0.00
30,0.5,6.28_44.38_0.00,0.5,6.28_44.38_0.00
30,0.5,6.28_44.38_0.00,0.42,9.42_39.95_0.00
30,0.42,9.42_39.95_0.00,0.42,9.42_39.95_0.00
30,0.42,9.42_39.95_0.00,0.33,3.14_35.51_5.43
30,0.33,3.14_35.51_5.43,0.25,0.00_31.07_5.43
30,0.25,0.00_31.07_5.43,0.19,-3.14_26.63_5.43
30,0.19,-3.14_26.63_5.43,0.14,-6.28_22.19_5.43
30,0.14,-6.28_22.19_5.43,0.11,-9.42_17.75_5.43
30,0.11,-9.42_17.75_5.43,0.09,-6.28_17.75_0.00
30,0.09,-6.28_17.75_0.00,0.09,-6.28_17.75_0.00
30,0.09,-6.28_17.75_0.00,0.06,-6.28_13.32_5.43
30,0.06,-6.28_13.32_5.43,0.04,-6.28_0.00_10.87
30,0.04,-6.28_0.00_10.87,0.02,-6.28_-4.44_5.43
30,0.02,-6.28_-4.44_5.43,0.01,-6.28_0.00_0.00
30,0.01,-6.28_0.00_0.00,0.01,-3.14_4.44_0.00
30,0.01,-3.14_4.44_0.00,0.01,-3.14_4.44_0.00
30,0.01,-3.14_4.44_0.00,0.0,0.00_0.00_0.00
30,0.0,0.00_0.00_0.00,0.0,0.00_0.00_0.00
30,0.0,0.00_0.00_0.00,0.0,0.00_0.00_0.00
30,0.0,0.00_0.00_0.00,0.0,0.00_0.00_0.00
30,0.0,0.00_0.00_0.00,0.0,0.00_0.00_0.00
30,0.0,0.00_0.00_0.00,0.0,0.00_0.00_0.00
31,58.54,-417.62_235.23_-65.20,56.69,-414.48_226.35_-59.76
31,56.69,-414.48_226.35_-59.76,52.99,-405.06_208.60_-65.20
31,52.99,-405.06_208.60_-65.20,51.9,-401.92_204.16_-65.20
31,51.9,-401.92_204.16_-65.20,6.4,-138.16_26.63_-76.07
31,6.4,-138.16_26.63_-76.07,3.05,-91.06_31.07_-54.33
31,3.05,-91.06_31.07_-54.33,0.66,21.98_26.63_-38.03
31,0.66,21.98_26.63_-38.03,0.66,21.98_26.63_-38.03
31,0.66,21.98_26.63_-38.03,0.4,18.84_35.51_0.00
31,0.4,18.84_35.51_0.00,0.4,18.84_35.51_0.00
31,0.4,18.84_35.51_0.00,0.4,18.84_35.51_0.00
31,0.4,18.84_35.51_0.00,0.38,15.70_35.51_-5.43
31,0.38,15.70_35.51_-5.43,0.3,15.70_31.07_0.00
31,0.3,15.70_31.07_0.00,0.22,12.56_26.63_0.00
31,0.22,12.56_26.63_0.00,0.17,12.56_22.19_5.43
31,0.17,12.56_22.19_5.43,0.11,9.42_17.75_5.43
31,0.11,9.42_17.75_5.43,0.06,6.28_13.32_5.43
31,0.06,6.28_13.32_5.43,0.05,9.42_8.88_5.43
31,0.05,9.42_8.88_5.43,0.02,6.28_4.44_5.43
31,0.02,6.28_4.44_5.43,0.01,3.14_0.00_5.43
31,0.01,3.14_0.00_5.43,0.0,0.00_0.00_0.00
31,0.0,0.00_0.00_0.00,0.0,0.00_0.00_0.00
31,0.0,0.00_0.00_0.00,0.0,0.00_0.00_0.00
31,0.0,0.00_0.00_0.00,0.0,0.00_0.00_0.00
31,0.0,0.00_0.00_0.00,0.0,0.00_0.00_0.00
31,0.0,0.00_0.00_0.00,0.0,0.00_0.00_0.00
31,0.0,0.00_0.00_0.00,0.0,0.00_0.00_0.00
32,25.59,-141.30_-239.67_157.56,24.34,-144.44_-230.80_152.13
32,24.34,-144.44_-230.80_152.13,14.48,-78.50_-226.36_21.73
32,14.48,-78.50_-226.36_21.73,14.39,-72.22_-226.36_32.60
32,14.39,-72.22_-226.36_32.60,13.78,-69.08_-221.92_32.60
32,13.78,-69.08_-221.92_32.60,13.19,-65.94_-217.48_32.60
32,13.19,-65.94_-217.48_32.60,12.82,-69.08_-213.04_32.60
32,12.82,-69.08_-213.04_32.60,5.92,-47.10_-146.47_0.00
32,5.92,-47.10_-146.47_0.00,5.92,-47.10_-146.47_0.00
32,5.92,-47.10_-146.47_0.00,5.86,-43.96_-146.47_5.43
32,5.86,-43.96_-146.47_5.43,5.47,-40.82_-142.03_5.43
32,5.47,-40.82_-142.03_5.43,5.1,-37.68_-137.59_5.43
32,5.1,-37.68_-137.59_5.43,5.04,-34.54_-137.59_0.00
32,5.04,-34.54_-137.59_0.00,4.79,-37.68_-133.15_0.00
32,4.79,-37.68_-133.15_0.00,4.74,-34.54_-133.15_-5.43
32,4.74,-34.54_-133.15_-5.43,4.74,-34.54_-133.15_-5.43
32,4.74,-34.54_-133.15_-5.43,4.44,-34.54_-128.71_0.00
32,4.44,-34.54_-128.71_0.00,4.11,-31.40_-124.28_0.00
32,4.11,-31.40_-124.28_0.00,3.91,-28.26_-119.84_-21.73
32,3.91,-28.26_-119.84_-21.73,0.8,-40.82_8.88_-38.03
32,0.8,-40.82_8.88_-38.03,0.76,-37.68_13.32_-38.03
32,0.76,-37.68_13.32_-38.03,0.68,-34.54_8.88_-38.03
32,0.68,-34.54_8.88_-38.03,0.61,-31.40_4.44_-38.03
32,0.61,-31.40_4.44_-38.03,0.56,-28.26_0.00_-38.03
32,0.56,-28.26_0.00_-38.03,0.56,-28.26_0.00_-38.03
32,0.56,-28.26_0.00_-38.03,0.51,-31.40_0.00_-32.60
32,0.51,-31.40_0.00_-32.60,0.51,-31.40_0.00_-32.60
32,0.51,-31.40_0.00_-32.60,0.51,-31.40_0.00_-32.60
32,0.51,-31.40_0.00_-32.60,0.47,-28.26_4.44_-32.60
32,0.47,-28.26_4.44_-32.60,0.23,-12.56_4.44_-27.17
32,0.23,-12.56_4.44_-27.17,0.23,-12.56_4.44_-27.17
32,0.23,-12.56_4.44_-27.17,0.21,-9.42_0.00_-27.17
32,0.21,-9.42_0.00_-27.17,0.13,-6.28_0.00_-21.73
32,0.13,-6.28_0.00_-21.73,0.13,-6.28_0.00_-21.73
32,0.13,-6.28_0.00_-21.73,0.13,-3.14_-4.44_-21.73
32,0.13,-3.14_-4.44_-21.73,0.12,0.00_0.00_-21.73
32,0.12,0.00_0.00_-21.73,0.12,0.00_0.00_-21.73
32,0.12,0.00_0.00_-21.73,0.07,3.14_0.00_-16.30
32,0.07,3.14_0.00_-16.30,0.07,3.14_0.00_-16.30
32,0.07,3.14_0.00_-16.30,0.03,0.00_0.00_-10.87
32,0.03,0.00_0.00_-10.87,0.01,0.00_4.44_-5.43
32,0.01,0.00_4.44_-5.43,0.01,0.00_4.44_-5.43
32,0.01,0.00_4.44_-5.43,0.01,-3.14_0.00_-5.43
32,0.01,-3.14_0.00_-5.43,0.01,-3.14_0.00_-5.43
32,0.01,-3.14_0.00_-5.43,0.01,-3.14_0.00_-5.43
32,0.01,-3.14_0.00_-5.43,0.0,0.00_0.00_0.00
32,0.0,0.00_0.00_0.00,0.0,0.00_0.00_0.00
32,0.0,0.00_0.00_0.00,0.0,0.00_0.00_0.00
32,0.0,0.00_0.00_0.00,0.0,0.00_0.00_0.00
32,0.0,0.00_0.00_0.00,0.0,0.00_0.00_0.00
33,106.64,-156.99_-465.98_-429.16,103.96,-150.71_-461.54_-423.73
33,103.96,-150.71_-461.54_-423.73,7.17,150.72_-48.82_-59.77
33,7.17,150.72_-48.82_-59.77,7.17,150.72_-48.82_-59.77
33,7.17,150.72_-48.82_-59.77,7.17,150.72_-48.82_-59.77
33,7.17,150.72_-48.82_-59.77,7.17,150.72_-48.82_-59.77
33,7.17,150.72_-48.82_-59.77,7.17,150.72_-48.82_-59.77
33,7.17,150.72_-48.82_-59.77,5.89,147.58_17.75_-38.03
33,5.89,147.58_17.75_-38.03,5.89,147.58_17.75_-38.03
33,5.89,147.58_17.75_-38.03,5.26,141.30_4.44_-32.60
33,5.26,141.30_4.44_-32.60,5.26,141.30_4.44_-32.60
33,5.26,141.30_4.44_-32.60,5.14,138.16_4.44_-38.03
33,5.14,138.16_4.44_-38.03,5.04,135.02_4.44_-43.47
33,5.04,135.02_4.44_-43.47,4.84,131.88_8.88_-43.47
33,4.84,131.88_8.88_-43.47,4.55,125.60_4.44_-48.90
33,4.55,125.60_4.44_-48.90,4.02,125.60_4.44_-16.30
33,4.02,125.60_4.44_-16.30,3.87,122.46_4.44_-21.73
33,3.87,122.46_4.44_-21.73,3.68,119.32_0.00_-21.73
33,3.68,119.32_0.00_-21.73,3.68,119.32_0.00_-21.73
33,3.68,119.32_0.00_-21.73,3.54,116.18_-13.32_-21.73
33,3.54,116.18_-13.32_-21.73,3.23,109.90_-8.88_-27.17
33,3.23,109.90_-8.88_-27.17,3.23,109.90_-8.88_-27.17
33,3.23,109.90_-8.88_-27.17,2.99,106.76_-8.88_-21.73
33,2.99,106.76_-8.88_-21.73,2.99,106.76_-8.88_-21.73
33,2.99,106.76_-8.88_-21.73,2.81,103.62_-4.44_-21.73
33,2.81,103.62_-4.44_-21.73,2.66,100.48_-8.88_-21.73
33,2.66,100.48_-8.88_-21.73,2.46,97.34_-8.88_-16.30
33,2.46,97.34_-8.88_-16.30,2.46,97.34_-8.88_-16.30
33,2.46,97.34_-8.88_-16.30,2.29,94.20_-4.44_-16.30
33,2.29,94.20_-4.44_-16.30,2.16,91.06_-8.88_-16.30
33,2.16,91.06_-8.88_-16.30,0.74,-21.98_8.88_48.90
33,0.74,-21.98_8.88_48.90,0.37,-18.84_8.88_32.60
33,0.37,-18.84_8.88_32.60,0.37,-15.70_13.32_32.60
33,0.37,-15.70_13.32_32.60,0.37,-15.70_13.32_32.60
33,0.37,-15.70_13.32_32.60,0.33,-12.56_8.88_32.60
33,0.33,-12.56_8.88_32.60,0.33,-12.56_8.88_32.60
33,0.33,-12.56_8.88_32.60,0.33,-12.56_8.88_32.60
33,0.33,-12.56_8.88_32.60,0.06,-6.28_13.32_5.43
33,0.06,-6.28_13.32_5.43,0.06,-6.28_13.32_5.43
33,0.06,-6.28_13.32_5.43,0.03,-9.42_4.44_0.00
33,0.03,-9.42_4.44_0.00,0.01,-6.28_0.00_0.00
33,0.01,-6.28_0.00_0.00,0.01,-6.28_0.00_0.00
33,0.01,-6.28_0.00_0.00,0.01,-3.14_4.44_0.00
33,0.01,-3.14_4.44_0.00,0.0,0.00_0.00_0.00
33,0.0,0.00_0.00_0.00,0.0,0.00_0.00_0.00
33,0.0,0.00_0.00_0.00,0.0,0.00_0.00_0.00
33,0.0,0.00_0.00_0.00,0.0,0.00_0.00_0.00
33,0.0,0.00_0.00_0.00,0.0,0.00_0.00_0.00
33,0.0,0.00_0.00_0.00,0.0,0.00_0.00_0.00
34,150.35,552.61_488.18_239.01,5.96,-9.42_142.03_-59.77
34,5.96,-9.42_142.03_-59.77,5.5,-9.42_137.59_-54.33
34,5.5,-9.42_137.59_-54.33,5.22,-12.56_133.15_-54.33
34,5.22,-12.56_133.15_-54.33,5.22,-12.56_133.15_-54.33
34,5.22,-12.56_133.15_-54.33,5.1,-15.70_133.15_-48.90
34,5.1,-15.70_133.15_-48.90,4.83,-18.84_128.71_-48.90
34,4.83,-18.84_128.71_-48.90,4.05,-21.98_115.40_-48.90
34,4.05,-21.98_115.40_-48.90,4.05,-21.98_115.40_-48.90
34,4.05,-21.98_115.40_-48.90,3.89,-18.84_115.40_-43.47
34,3.89,-18.84_115.40_-43.47,3.87,-18.84_119.84_-27.17
34,3.87,-18.84_119.84_-27.17,3.64,-21.98_115.40_-27.17
34,3.64,-21.98_115.40_-27.17,3.42,-25.12_110.96_-27.17
34,3.42,-25.12_110.96_-27.17,3.42,-25.12_110.96_-27.17
34,3.42,-25.12_110.96_-27.17,3.42,-25.12_110.96_-27.17
34,3.42,-25.12_110.96_-27.17,2.93,-28.26_102.08_-21.73
34,2.93,-28.26_102.08_-21.73,2.93,-28.26_102.08_-21.73
34,2.93,-28.26_102.08_-21.73,0.99,-18.84_4.44_-59.77
34,0.99,-18.84_4.44_-59.77,0.99,-18.84_4.44_-59.77
34,0.99,-18.84_4.44_-59.77,0.98,-15.70_8.88_-59.77
34,0.98,-15.70_8.88_-59.77,0.98,-15.70_8.88_-59.77
34,0.98,-15.70_8.88_-59.77,0.8,-12.56_8.88_-54.33
34,0.8,-12.56_8.88_-54.33,0.64,-9.42_8.88_-48.90
34,0.64,-9.42_8.88_-48.90,0.64,-9.42_8.88_-48.90
34,0.64,-9.42_8.88_-48.90,0.61,-6.28_4.44_-48.90
34,0.61,-6.28_4.44_-48.90,0.6,-3.14_0.00_-48.90
34,0.6,-3.14_0.00_-48.90,0.48,-6.28_0.00_-43.47
34,0.48,-6.28_0.00_-43.47,0.48,-3.14_4.44_-43.47
34,0.48,-3.14_4.44_-43.47,0.37,0.00_4.44_-38.03
34,0.37,0.00_4.44_-38.03,0.36,-3.14_0.00_-38.03
34,0.36,-3.14_0.00_-38.03,0.27,-3.14_-4.44_-32.60
34,0.27,-3.14_-4.44_-32.60,0.27,-3.14_-4.44_-32.60
34,0.27,-3.14_-4.44_-32.60,0.27,0.00_0.00_-32.60
34,0.27,0.00_0.00_-32.60,0.27,0.00_0.00_-32.60
34,0.27,0.00_0.00_-32.60,0.19,3.14_0.00_-27.17
34,0.19,3.14_0.00_-27.17,0.13,6.28_0.00_-21.73
34,0.13,6.28_0.00_-21.73,0.07,3.14_0.00_-16.30
34,0.07,3.14_0.00_-16.30,0.04,6.28_0.00_-10.87
34,0.04,6.28_0.00_-10.87,0.02,6.28_4.44_-5.43
34,0.02,6.28_4.44_-5.43,0.01,3.14_0.00_-5.43
34,0.01,3.14_0.00_-5.43,0.01,3.14_0.00_-5.43
34,0.01,3.14_0.00_-5.43,0.01,3.14_-4.44_0.00
34,0.01,3.14_-4.44_0.00,0.0,0.00_0.00_0.00
34,0.0,0.00_0.00_0.00,0.0,0.00_0.00_0.00
34,0.0,0.00_0.00_0.00,0.0,0.00_0.00_0.00
35,52.32,-144.44_395.01_179.28,52.06,-147.58_395.01_173.85
35,52.06,-147.58_395.01_173.85,2.35,-59.66_-39.95_-65.20
35,2.35,-59.66_-39.95_-65.20,2.19,-50.24_-44.38_-65.20
35,2.19,-50.24_-44.38_-65.20,1.94,-47.10_-44.38_-59.77
35,1.94,-47.10_-44.38_-59.77,1.86,-50.24_-44.38_-54.33
35,1.86,-50.24_-44.38_-54.33,1.23,-53.38_-39.95_-21.73
35,1.23,-53.38_-39.95_-21.73,1.23,-53.38_-39.95_-21.73
35,1.23,-53.38_-39.95_-21.73,1.22,-50.24_-39.95_-27.17
35,1.22,-50.24_-39.95_-27.17,1.08,-40.82_-39.95_-32.60
35,1.08,-40.82_-39.95_-32.60,0.94,-37.68_-39.95_-27.17
35,0.94,-37.68_-39.95_-27.17,0.79,-37.68_-35.51_-21.73
35,0.79,-37.68_-35.51_-21.73,0.79,-37.68_-35.51_-21.73
35,0.79,-37.68_-35.51_-21.73,0.55,-31.40_-31.07_-16.30
35,0.55,-31.40_-31.07_-16.30,0.54,-34.54_-26.63_-16.30
35,0.54,-34.54_-26.63_-16.30,0.45,-31.40_-26.63_-10.87
35,0.45,-31.40_-26.63_-10.87,0.44,-31.40_-22.19_-16.30
35,0.44,-31.40_-22.19_-16.30,0.44,-31.40_-22.19_-16.30
35,0.44,-31.40_-22.19_-16.30,0.38,-28.26_-26.63_-5.43
35,0.38,-28.26_-26.63_-5.43,0.38,-28.26_-26.63_-5.43
35,0.38,-28.26_-26.63_-5.43,0.3,-31.40_-13.32_-5.43
35,0.3,-31.40_-13.32_-5.43,0.23,-28.26_-8.88_-5.43
35,0.23,-28.26_-8.88_-5.43,0.17,-25.12_-4.44_-5.43
35,0.17,-25.12_-4.44_-5.43,0.09,-18.84_0.00_0.00
35,0.09,-18.84_0.00_0.00,0.09,-18.84_0.00_0.00
35,0.09,-18.84_0.00_0.00,0.09,-18.84_0.00_0.00
35,0.09,-18.84_0.00_0.00,0.07,-15.70_4.44_0.00
35,0.07,-15.70_4.44_0.00,0.04,-12.56_0.00_0.00
35,0.04,-12.56_0.00_0.00,0.04,-12.56_0.00_0.00
35,0.04,-12.56_0.00_0.00,0.03,-9.42_4.44_0.00
35,0.03,-9.42_4.44_0.00,0.02,-6.28_4.44_5.43
35,0.02,-6.28_4.44_5.43,0.01,-3.14_0.00_5.43
35,0.01,-3.14_0.00_5.43,0.01,-3.14_0.00_5.43
35,0.01,-3.14_0.00_5.43,0.01,-3.14_4.44_0.00
35,0.01,-3.14_4.44_0.00,0.01,-3.14_4.44_0.00
35,0.01,-3.14_4.44_0.00,0.0,0.00_0.00_0.00
35,0.0,0.00_0.00_0.00,0.0,0.00_0.00_0.00
35,0.0,0.00_0.00_0.00,0.0,0.00_0.00_0.00
35,0.0,0.00_0.00_0.00,0.0,0.00_0.00_0.00
35,0.0,0.00_0.00_0.00,0.0,0.00_0.00_0.00
35,0.0,0.00_0.00_0.00,0.0,0.00_0.00_0.00
36,32.86,241.78_-44.38_-266.22,17.54,207.24_-93.21_-135.83
36,17.54,207.24_-93.21_-135.83,0.18,9.42_22.19_10.87
36,0.18,9.42_22.19_10.87,0.12,6.28_17.75_10.87
36,0.12,6.28_17.75_10.87,0.1,9.42_13.32_10.87
36,0.1,9.42_13.32_10.87,0.06,6.28_13.32_5.43
36,0.06,6.28_13.32_5.43,0.06,6.28_13.32_5.43
36,0.06,6.28_13.32_5.43,0.02,6.28_4.44_5.43
36,0.02,6.28_4.44_5.43,0.02,6.28_-4.44_5.43
36,0.02,6.28_-4.44_5.43,0.01,0.00_-4.44_5.43
36,0.01,0.00_-4.44_5.43,0.01,3.14_-4.44_0.00
36,0.01,3.14_-4.44_0.00,0.01,3.14_-4.44_0.00
36,0.01,3.14_-4.44_0.00,0.0,0.00_0.00_0.00
36,0.0,0.00_0.00_0.00,0.0,0.00_0.00_0.00
36,0.0,0.00_0.00_0.00,0.0,0.00_0.00_0.00
36,0.0,0.00_0.00_0.00,0.0,0.00_0.00_0.00
36,0.0,0.00_0.00_0.00,0.0,0.00_0.00_0.00
36,0.0,0.00_0.00_0.00,0.0,0.00_0.00_0.00
37,2.79,-91.06_-31.07_43.47,2.79,-91.06_-31.07_43.47
37,2.79,-91.06_-31.07_43.47,2.58,-87.92_-26.63_43.47
37,2.58,-87.92_-26.63_43.47,1.09,-62.80_-17.75_-10.87
37,1.09,-62.80_-17.75_-10.87,0.7,-47.10_17.75_-16.30
37,0.7,-47.10_17.75_-16.30,0.68,-43.96_17.75_-21.73
37,0.68,-43.96_17.75_-21.73,0.54,-34.54_22.19_-21.73
37,0.54,-34.54_22.19_-21.73,0.1,-15.70_-4.44_-10.87
37,0.1,-15.70_-4.44_-10.87,0.06,-9.42_-4.44_-10.87
37,0.06,-9.42_-4.44_-10.87,0.05,-12.56_-4.44_-5.43
37,0.05,-12.56_-4.44_-5.43,0.03,-9.42_-4.44_0.00
37,0.03,-9.42_-4.44_0.00,0.03,-9.42_-4.44_0.00
37,0.03,-9.42_-4.44_0.00,0.02,-6.28_-4.44_5.43
37,0.02,-6.28_-4.44_5.43,0.01,-3.14_0.00_5.43
37,0.01,-3.14_0.00_5.43,0.01,-3.14_0.00_5.43
37,0.01,-3.14_0.00_5.43,0.01,-3.14_0.00_5.43
37,0.01,-3.14_0.00_5.43,0.01,-3.14_0.00_5.43
37,0.01,-3.14_0.00_5.43,0.0,0.00_0.00_0.00
37,0.0,0.00_0.00_0.00,0.0,0.00_0.00_0.00
37,0.0,0.00_0.00_0.00,0.0,0.00_0.00_0.00
37,0.0,0.00_0.00_0.00,0.0,0.00_0.00_0.00
37,0.0,0.00_0.00_0.00,0.0,0.00_0.00_0.00
37,0.0,0.00_0.00_0.00,0.0,0.00_0.00_0.00
37,0.0,0.00_0.00_0.00,0.0,0.00_0.00_0.00
37,0.0,0.00_0.00_0.00,0.0,0.00_0.00_0.00
37,0.0,0.00_0.00_0.00,0.0,0.00_0.00_0.00
38,3.76,43.96_-35.51_108.66,3.76,43.96_-35.51_108.66
38,3.76,43.96_-35.51_108.66,1.16,-9.42_-39.95_54.33
38,1.16,-9.42_-39.95_54.33,1.14,-3.14_-39.95_54.33
38,1.14,-3.14_-39.95_54.33,1.14,-3.14_-39.95_54.33
38,1.14,-3.14_-39.95_54.33,0.45,-9.42_-39.95_-10.87
38,0.45,-9.42_-39.95_-10.87,0.45,-9.42_-39.95_-10.87
38,0.45,-9.42_-39.95_-10.87,0.35,-9.42_-35.51_-5.43
38,0.35,-9.42_-35.51_-5.43,0.35,-9.42_-35.51_-5.43
38,0.35,-9.42_-35.51_-5.43,0.35,-9.42_-35.51_-5.43
38,0.35,-9.42_-35.51_-5.43,0.35,-9.42_-35.51_-5.43
38,0.35,-9.42_-35.51_-5.43,0.33,-6.28_-35.51_0.00
38,0.33,-6.28_-35.51_0.00,0.13,3.14_-22.19_0.00
38,0.13,3.14_-22.19_0.00,0.08,0.00_-17.75_0.00
38,0.08,0.00_-17.75_0.00,0.08,0.00_-17.75_0.00
38,0.08,0.00_-17.75_0.00,0.05,3.14_-13.32_0.00
38,0.05,3.14_-13.32_0.00,0.03,6.28_-8.88_0.00
38,0.03,6.28_-8.88_0.00,0.03,6.28_-8.88_0.00
38,0.03,6.28_-8.88_0.00,0.01,3.14_-4.44_0.00
38,0.01,3.14_-4.44_0.00,0.01,3.14_-4.44_0.00
38,0.01,3.14_-4.44_0.00,0.0,0.00_0.00_0.00
38,0.0,0.00_0.00_0.00,0.0,0.00_0.00_0.00
38,0.0,0.00_0.00_0.00,0.0,0.00_0.00_0.00
38,0.0,0.00_0.00_0.00,0.0,0.00_0.00_0.00
38,0.0,0.00_0.00_0.00,0.0,0.00_0.00_0.00
39,106.75,-386.20_426.05_309.65,71.02,-320.27_386.13_179.28
39,71.02,-320.27_386.13_179.28,70.67,-323.41_381.69_179.28
39,70.67,-323.41_381.69_179.28,70.34,-326.55_377.25_179.28
39,70.34,-326.55_377.25_179.28,69.0,-317.13_372.81_190.15
39,69.0,-317.13_372.81_190.15,54.25,-292.02_324.00_162.99
39,54.25,-292.02_324.00_162.99,42.23,-285.74_252.98_152.12
39,42.23,-285.74_252.98_152.12,21.92,-248.06_-35.51_157.56
39,21.92,-248.06_-35.51_157.56,21.43,-248.06_-31.07_152.13
39,21.43,-248.06_-31.07_152.13,12.0,-163.28_75.45_-124.96
39,12.0,-163.28_75.45_-124.96,10.61,-153.86_66.58_-119.53
39,10.61,-153.86_66.58_-119.53,10.23,-150.72_62.14_-119.53
39,10.23,-150.72_62.14_-119.53,10.23,-150.72_62.14_-119.53
39,10.23,-150.72_62.14_-119.53,7.35,-147.58_57.70_-65.20
39,7.35,-147.58_57.70_-65.20,7.35,-147.58_57.70_-65.20
39,7.35,-147.58_57.70_-65.20,7.25,-144.44_62.14_-65.20
39,7.25,-144.44_62.14_-65.20,7.21,-141.30_62.14_-70.63
39,7.21,-141.30_62.14_-70.63,7.21,-141.30_62.14_-70.63
39,7.21,-141.30_62.14_-70.63,1.22,21.98_57.70_-32.60
39,1.22,21.98_57.70_-32.60,0.45,6.28_-26.63_-32.60
39,0.45,6.28_-26.63_-32.60,0.39,3.14_-22.19_-32.60
39,0.39,3.14_-22.19_-32.60,0.35,6.28_-17.75_-32.60
39,0.35,6.28_-17.75_-32.60,0.31,3.14_-13.32_-32.60
39,0.31,3.14_-13.32_-32.60,0.3,6.28_-8.88_-32.60
39,0.3,6.28_-8.88_-32.60,0.3,6.28_-8.88_-32.60
39,0.3,6.28_-8.88_-32.60,0.23,9.42_-8.88_-27.17
39,0.23,9.42_-8.88_-27.17,0.06,6.28_-8.88_-10.87
39,0.06,6.28_-8.88_-10.87,0.06,6.28_-8.88_-10.87
39,0.06,6.28_-8.88_-10.87,0.06,6.28_-8.88_-10.87
39,0.06,6.28_-8.88_-10.87,0.05,0.00_-8.88_-10.87
39,0.05,0.00_-8.88_-10.87,0.05,0.00_-8.88_-10.87
39,0.05,0.00_-8.88_-10.87,0.05,0.00_-8.88_-10.87
39,0.05,0.00_-8.88_-10.87,0.03,-3.14_-8.88_5.43
39,0.03,-3.14_-8.88_5.43,0.03,-3.14_-8.88_5.43
39,0.03,-3.14_-8.88_5.43,0.01,-3.14_-4.44_0.00
39,0.01,-3.14_-4.44_0.00,0.01,-3.14_-4.44_0.00
39,0.01,-3.14_-4.44_0.00,0.0,0.00_0.00_0.00
39,0.0,0.00_0.00_0.00,0.0,0.00_0.00_0.00
39,0.0,0.00_0.00_0.00,0.0,0.00_0.00_0.00
40,24.79,263.76_-79.89_152.13,13.63,135.02_-88.77_168.43
40,13.63,135.02_-88.77_168.43,13.63,131.88_-93.21_168.43
40,13.63,131.88_-93.21_168.43,13.22,128.74_-88.77_168.43
40,13.22,128.74_-88.77_168.43,12.83,122.46_-88.77_168.43
40,12.83,122.46_-88.77_168.43,7.63,138.16_-62.14_86.93
40,7.63,138.16_-62.14_86.93,7.21,131.88_-62.14_86.93
40,7.21,131.88_-62.14_86.93,7.21,131.88_-62.14_86.93
40,7.21,131.88_-62.14_86.93,4.78,47.10_35.51_124.96
40,4.78,47.10_35.51_124.96,4.06,43.96_0.00_119.53
40,4.06,43.96_0.00_119.53,4.06,43.96_0.00_119.53
40,4.06,43.96_0.00_119.53,1.15,47.10_0.00_48.90
40,1.15,47.10_0.00_48.90,1.09,43.96_-4.44_48.90
40,1.09,43.96_-4.44_48.90,0.17,9.42_17.75_16.30
40,0.17,9.42_17.75_16.30,0.06,9.42_4.44_10.87
40,0.06,9.42_4.44_10.87,0.06,9.42_4.44_10.87
40,0.06,9.42_4.44_10.87,0.05,12.56_4.44_5.43
40,0.05,12.56_4.44_5.43,0.05,12.56_4.44_5.43
40,0.05,12.56_4.44_5.43,0.03,9.42_4.44_0.00
40,0.03,9.42_4.44_0.00,0.02,6.28_4.44_5.43
40,0.02,6.28_4.44_5.43,0.01,0.00_4.44_5.43
40,0.01,0.00_4.44_5.43,0.01,3.14_0.00_5.43
40,0.01,3.14_0.00_5.43,0.01,3.14_0.00_5.43
40,0.01,3.14_0.00_5.43,0.01,3.14_0.00_5.43
40,0.01,3.14_0.00_5.43,0.0,0.00_0.00_0.00
40,0.0,0.00_0.00_0.00,0.0,0.00_0.00_0.00
40,0.0,0.00_0.00_0.00,0.0,0.00_0.00_0.00
40,0.0,0.00_0.00_0.00,0.0,0.00_0.00_0.00
40,0.0,0.00_0.00_0.00,0.0,0.00_0.00_0.00
40,0.0,0.00_0.00_0.00,0.0,0.00_0.00_0.00
40,0.0,0.00_0.00_0.00,0.0,0.00_0.00_0.00
40,0.0,0.00_0.00_0.00,0.0,0.00_0.00_0.00
40,0.0,0.00_0.00_0.00,0.0,0.00_0.00_0.00
41,72.97,100.47_177.52_-499.82,1.75,65.94_39.95_32.60
41,1.75,65.94_39.95_32.60,1.75,62.80_39.95_38.03
41,1.75,62.80_39.95_38.03,1.57,62.80_39.95_27.17
41,1.57,62.80_39.95_27.17,1.57,62.80_39.95_27.17
41,1.57,62.80_39.95_27.17,1.56,59.66_39.95_32.60
41,1.56,59.66_39.95_32.60,1.24,56.52_26.63_32.60
41,1.24,56.52_26.63_32.60,1.24,56.52_26.63_32.60
41,1.24,56.52_26.63_32.60,1.22,53.38_31.07_32.60
41,1.22,53.38_31.07_32.60,1.06,47.10_31.07_32.60
41,1.06,47.10_31.07_32.60,1.06,47.10_31.07_32.60
41,1.06,47.10_31.07_32.60,1.06,47.10_31.07_32.60
41,1.06,47.10_31.07_32.60,1.06,50.24_31.07_27.17
41,1.06,50.24_31.07_27.17,1.06,50.24_31.07_27.17
41,1.06,50.24_31.07_27.17,1.06,47.10_35.51_27.17
41,1.06,47.10_35.51_27.17,0.91,43.96_31.07_27.17
41,0.91,43.96_31.07_27.17,0.78,40.82_26.63_27.17
41,0.78,40.82_26.63_27.17,0.65,37.68_26.63_21.73
41,0.65,37.68_26.63_21.73,0.46,34.54_13.32_21.73
41,0.46,34.54_13.32_21.73,0.37,34.54_13.32_-10.87
41,0.37,34.54_13.32_-10.87,0.36,31.40_17.75_-10.87
41,0.36,31.40_17.75_-10.87,0.35,28.26_22.19_-10.87
41,0.35,28.26_22.19_-10.87,0.27,25.12_17.75_-10.87
41,0.27,25.12_17.75_-10.87,0.27,25.12_17.75_-10.87
41,0.27,25.12_17.75_-10.87,0.27,25.12_17.75_-10.87
41,0.27,25.12_17.75_-10.87,0.27,21.98_17.75_16.30
41,0.27,21.98_17.75_16.30,0.27,21.98_17.75_16.30
41,0.27,21.98_17.75_16.30,0.27,9.42_26.63_16.30
41,0.27,9.42_26.63_16.30,0.26,9.42_22.19_21.73
41,0.26,9.42_22.19_21.73,0.23,12.56_22.19_16.30
41,0.23,12.56_22.19_16.30,0.14,6.28_22.19_5.43
41,0.14,6.28_22.19_5.43,0.05,0.00_13.32_5.43
41,0.05,0.00_13.32_5.43,0.05,0.00_13.32_5.43
41,0.05,0.00_13.32_5.43,0.05,-3.14_13.32_0.00
41,0.05,-3.14_13.32_0.00,0.05,-3.14_13.32_0.00
41,0.05,-3.14_13.32_0.00,0.03,-6.28_8.88_0.00
41,0.03,-6.28_8.88_0.00,0.01,-3.14_4.44_0.00
41,0.01,-3.14_4.44_0.00,0.0,0.00_0.00_0.00
41,0.0,0.00_0.00_0.00,0.0,0.00_0.00_0.00
41,0.0,0.00_0.00_0.00,0.0,0.00_0.00_0.00
41,0.0,0.00_0.00_0.00,0.0,0.00_0.00_0.00
41,0.0,0.00_0.00_0.00,0.0,0.00_0.00_0.00
41,0.0,0.00_0.00_0.00,0.0,0.00_0.00_0.00
42,6.62,-50.24_-48.82_-146.70,6.59,-53.38_-44.38_-146.70
42,6.59,-53.38_-44.38_-146.70,6.31,-53.38_-48.82_-141.26
42,6.31,-53.38_-48.82_-141.26,5.85,-50.24_-48.82_-135.83
42,5.85,-50.24_-48.82_-135.83,4.89,-53.38_-48.82_-119.53
42,4.89,-53.38_-48.82_-119.53,4.66,-56.52_-48.82_-114.10
42,4.66,-56.52_-48.82_-114.10,4.64,-59.66_-44.38_-114.10
42,4.64,-59.66_-44.38_-114.10,4.64,-59.66_-44.38_-114.10
42,4.64,-59.66_-44.38_-114.10,4.64,-59.66_-44.38_-114.10
42,4.64,-59.66_-44.38_-114.10,4.25,-56.52_-44.38_-108.66
42,4.25,-56.52_-44.38_-108.66,4.25,-56.52_-44.38_-108.66
42,4.25,-56.52_-44.38_-108.66,1.49,-34.54_-22.19_-65.20
42,1.49,-34.54_-22.19_-65.20,1.49,-34.54_-22.19_-65.20
42,1.49,-34.54_-22.19_-65.20,0.26,-31.40_4.44_5.43
42,0.26,-31.40_4.44_5.43,0.26,-31.40_4.44_5.43
42,0.26,-31.40_4.44_5.43,0.23,-28.26_8.88_5.43
42,0.23,-28.26_8.88_5.43,0.17,-25.12_4.44_5.43
42,0.17,-25.12_4.44_5.43,0.13,-21.98_4.44_0.00
42,0.13,-21.98_4.44_0.00,0.11,-18.84_8.88_0.00
42,0.11,-18.84_8.88_0.00,0.09,-6.28_17.75_0.00
42,0.09,-6.28_17.75_0.00,0.09,-6.28_17.75_0.00
42,0.09,-6.28_17.75_0.00,0.09,-3.14_17.75_5.43
42,0.09,-3.14_17.75_5.43,0.08,-3.14_13.32_10.87
42,0.08,-3.14_13.32_10.87,0.08,-3.14_13.32_10.87
42,0.08,-3.14_13.32_10.87,0.08,-3.14_13.32_10.87
42,0.08,-3.14_13.32_10.87,0.05,0.00_8.88_10.87
42,0.05,0.00_8.88_10.87,0.04,3.14_4.44_10.87
42,0.04,3.14_4.44_10.87,0.02,6.28_4.44_5.43
42,0.02,6.28_4.44_5.43,0.02,6.28_4.44_5.43
42,0.02,6.28_4.44_5.43,0.01,3.14_0.00_5.43
42,0.01,3.14_0.00_5.43,0.0,0.00_0.00_0.00
42,0.0,0.00_0.00_0.00,0.0,0.00_0.00_0.00
42,0.0,0.00_0.00_0.00,0.0,0.00_0.00_0.00
42,0.0,0.00_0.00_0.00,0.0,0.00_0.00_0.00
43,106.81,-213.50_-421.60_-450.89,105.34,-219.78_-417.16_-445.46
43,105.34,-219.78_-417.16_-445.46,21.64,56.52_-288.50_5.43
43,21.64,56.52_-288.50_5.43,16.57,47.10_-252.99_0.00
43,16.57,47.10_-252.99_0.00,16.51,43.96_-252.99_5.43
43,16.51,43.96_-252.99_5.43,7.92,62.80_-155.34_59.77
43,7.92,62.80_-155.34_59.77,6.36,62.80_-146.47_5.43
43,6.36,62.80_-146.47_5.43,5.95,59.66_-142.03_5.43
43,5.95,59.66_-142.03_5.43,5.95,59.66_-142.03_5.43
43,5.95,59.66_-142.03_5.43,5.73,62.80_-137.59_5.43
43,5.73,62.80_-137.59_5.43,5.73,62.80_-137.59_5.43
43,5.73,62.80_-137.59_5.43,5.33,59.66_-133.15_5.43
43,5.33,59.66_-133.15_5.43,5.33,59.66_-133.15_5.43
43,5.33,59.66_-133.15_5.43,1.42,69.08_13.32_-27.17
43,1.42,69.08_13.32_-27.17,1.35,65.94_17.75_-27.17
43,1.35,65.94_17.75_-27.17,1.29,62.80_22.19_-27.17
43,1.29,62.80_22.19_-27.17,1.29,62.80_22.19_-27.17
43,1.29,62.80_22.19_-27.17,1.29,62.80_22.19_-27.17
43,1.29,62.80_22.19_-27.17,1.15,59.66_17.75_-27.17
43,1.15,59.66_17.75_-27.17,1.15,59.66_17.75_-27.17
43,1.15,59.66_17.75_-27.17,0.83,50.24_17.75_-21.73
43,0.83,50.24_17.75_-21.73,0.8,47.10_22.19_-21.73
43,0.8,47.10_22.19_-21.73,0.8,47.10_22.19_-21.73
43,0.8,47.10_22.19_-21.73,0.79,43.96_22.19_-27.17
43,0.79,43.96_22.19_-27.17,0.78,40.82_26.63_-27.17
43,0.78,40.82_26.63_-27.17,0.78,40.82_26.63_-27.17
43,0.78,40.82_26.63_-27.17,0.66,37.68_22.19_-27.17
43,0.66,37.68_22.19_-27.17,0.66,37.68_22.19_-27.17
43,0.66,37.68_22.19_-27.17,0.54,34.54_22.19_-21.73
43,0.54,34.54_22.19_-21.73,0.44,31.40_22.19_-16.30
43,0.44,31.40_22.19_-16.30,0.44,31.40_22.19_-16.30
43,0.44,31.40_22.19_-16.30,0.44,31.40_22.19_-16.30
43,0.44,31.40_22.19_-16.30,0.44,31.40_22.19_-16.30
43,0.44,31.40_22.19_-16.30,0.35,25.12_22.19_-16.30
43,0.35,25.12_22.19_-16.30,0.27,21.98_22.19_-10.87
43,0.27,21.98_22.19_-10.87,0.27,21.98_22.19_-10.87
43,0.27,21.98_22.19_-10.87,0.2,18.84_17.75_-10.87
43,0.2,18.84_17.75_-10.87,0.2,18.84_17.75_-10.87
43,0.2,18.84_17.75_-10.87,0.14,18.84_13.32_-5.43
43,0.14,18.84_13.32_-5.43,0.09,12.56_13.32_-5.43
43,0.09,12.56_13.32_-5.43,0.09,12.56_13.32_-5.43
43,0.09,12.56_13.32_-5.43,0.05,9.42_8.88_-5.43
43,0.05,9.42_8.88_-5.43,0.03,9.42_4.44_0.00
43,0.03,9.42_4.44_0.00,0.03,9.42_4.44_0.00
43,0.03,9.42_4.44_0.00,0.02,6.28_4.44_5.43
43,0.02,6.28_4.44_5.43,0.01,6.28_0.00_0.00
43,0.01,6.28_0.00_0.00,0.0,0.00_0.00_0.00
43,0.0,0.00_0.00_0.00,0.0,0.00_0.00_0.00
43,0.0,0.00_0.00_0.00,0.0,0.00_0.00_0.00
44,107.04,103.61_-394.96_510.65,106.33,106.75_-390.52_510.65
44,106.33,106.75_-390.52_510.65,0.26,31.40_4.44_5.43
44,0.26,31.40_4.44_5.43,0.26,31.40_4.44_5.43
44,0.26,31.40_4.44_5.43,0.25,31.40_0.00_0.00
44,0.25,31.40_0.00_0.00,0.2,28.26_-4.44_0.00
44,0.2,28.26_-4.44_0.00,0.13,21.98_-4.44_0.00
44,0.13,21.98_-4.44_0.00,0.1,18.84_-4.44_5.43
44,0.1,18.84_-4.44_5.43,0.07,15.70_0.00_5.43
44,0.07,15.70_0.00_5.43,0.04,12.56_0.00_0.00
44,0.04,12.56_0.00_0.00,0.03,9.42_4.44_0.00
44,0.03,9.42_4.44_0.00,0.01,3.14_4.44_0.00
44,0.01,3.14_4.44_0.00,0.0,0.00_0.00_0.00
44,0.0,0.00_0.00_0.00,0.0,0.00_0.00_0.00
44,0.0,0.00_0.00_0.00,0.0,0.00_0.00_0.00
44,0.0,0.00_0.00_0.00,0.0,0.00_0.00_0.00
44,0.0,0.00_0.00_0.00,0.0,0.00_0.00_0.00
45,13.61,97.34_-181.97_108.66,13.48,100.48_-181.97_103.23
45,13.48,100.48_-181.97_103.23,2.36,87.92_-31.07_-27.17
45,2.36,87.92_-31.07_-27.17,2.36,87.92_-31.07_-27.17
45,2.36,87.92_-31.07_-27.17,2.12,84.78_-35.51_5.43
45,2.12,84.78_-35.51_5.43,2.12,84.78_-35.51_5.43
45,2.12,84.78_-35.51_5.43,1.92,81.64_-31.07_5.43
45,1.92,81.64_-31.07_5.43,0.07,15.70_-4.44_0.00
45,0.07,15.70_-4.44_0.00,0.05,12.56_-4.44_-5.43
45,0.05,12.56_-4.44_-5.43,0.05,12.56_-4.44_-5.43
45,0.05,12.56_-4.44_-5.43,0.03,9.42_0.00_-5.43
45,0.03,9.42_0.00_-5.43,0.02,6.28_4.44_-5.43
45,0.02,6.28_4.44_-5.43,0.01,3.14_0.00_-5.43
45,0.01,3.14_0.00_-5.43,0.01,3.14_0.00_5.43
45,0.01,3.14_0.00_5.43,0.01,3.14_0.00_5.43
45,0.01,3.14_0.00_5.43,0.0,0.00_0.00_0.00
45,0.0,0.00_0.00_0.00,0.0,0.00_0.00_0.00
45,0.0,0.00_0.00_0.00,0.0,0.00_0.00_0.00
46,157.6,-571.45_550.32_-21.73,6.27,-157.00_17.75_-10.87
46,6.27,-157.00_17.75_-10.87,2.94,-94.20_-22.19_-48.90
46,2.94,-94.20_-22.19_-48.90,2.58,-87.92_-26.63_-43.47
46,2.58,-87.92_-26.63_-43.47,2.58,-87.92_-26.63_-43.47
46,2.58,-87.92_-26.63_-43.47,2.35,-91.06_-4.44_-32.60
46,2.35,-91.06_-4.44_-32.60,2.35,-91.06_-4.44_-32.60
46,2.35,-91.06_-4.44_-32.60,2.12,-87.92_-4.44_-27.17
46,2.12,-87.92_-4.44_-27.17,2.12,-87.92_-4.44_-27.17
46,2.12,-87.92_-4.44_-27.17,2.05,-87.92_0.00_-21.73
46,2.05,-87.92_0.00_-21.73,2.05,-87.92_0.00_-21.73
46,2.05,-87.92_0.00_-21.73,1.86,-84.78_0.00_-16.30
46,1.86,-84.78_0.00_-16.30,1.83,-84.78_4.44_-10.87
46,1.83,-84.78_4.44_-10.87,1.74,-81.64_4.44_-16.30
46,1.74,-81.64_4.44_-16.30,1.66,-78.50_4.44_-21.73
46,1.66,-78.50_4.44_-21.73,1.61,-75.36_4.44_-27.17
46,1.61,-75.36_4.44_-27.17,1.49,-72.22_0.00_-27.17
46,1.49,-72.22_0.00_-27.17,1.33,-62.80_-17.75_-32.60
46,1.33,-62.80_-17.75_-32.60,1.18,-62.80_-4.44_-27.17
46,1.18,-62.80_-4.44_-27.17,1.01,-59.66_-4.44_-21.73
46,1.01,-59.66_-4.44_-21.73,0.98,-59.66_-8.88_-16.30
46,0.98,-59.66_-8.88_-16.30,0.87,-56.52_-4.44_-16.30
46,0.87,-56.52_-4.44_-16.30,0.87,-56.52_-4.44_-16.30
46,0.87,-56.52_-4.44_-16.30,0.83,-56.52_0.00_-10.87
46,0.83,-56.52_0.00_-10.87,0.75,-53.38_4.44_-10.87
46,0.75,-53.38_4.44_-10.87,0.75,-53.38_4.44_-10.87
46,0.75,-53.38_4.44_-10.87,0.66,-50.24_0.00_-10.87
46,0.66,-50.24_0.00_-10.87,0.64,-50.24_4.44_-5.43
46,0.64,-50.24_4.44_-5.43,0.59,-47.10_4.44_-10.87
46,0.59,-47.10_4.44_-10.87,0.51,-43.96_0.00_-10.87
46,0.51,-43.96_0.00_-10.87,0.45,-40.82_4.44_-10.87
46,0.45,-40.82_4.44_-10.87,0.37,-37.68_4.44_-5.43
46,0.37,-37.68_4.44_-5.43,0.3,-34.54_4.44_0.00
46,0.3,-34.54_4.44_0.00,0.3,-34.54_4.44_0.00
46,0.3,-34.54_4.44_0.00,0.26,-31.40_4.44_5.43
46,0.26,-31.40_4.44_5.43,0.21,-28.26_0.00_5.43
46,0.21,-28.26_0.00_5.43,0.19,-25.12_0.00_10.87
46,0.19,-25.12_0.00_10.87,0.13,-21.98_0.00_5.43
46,0.13,-21.98_0.00_5.43,0.13,-21.98_0.00_5.43
46,0.13,-21.98_0.00_5.43,0.09,-18.84_0.00_0.00
46,0.09,-18.84_0.00_0.00,0.09,-18.84_0.00_0.00
46,0.09,-18.84_0.00_0.00,0.07,-15.70_0.00_5.43
46,0.07,-15.70_0.00_5.43,0.05,-12.56_4.44_5.43
46,0.05,-12.56_4.44_5.43,0.05,-12.56_4.44_5.43
46,0.05,-12.56_4.44_5.43,0.05,-9.42_8.88_5.43
46,0.05,-9.42_8.88_5.43,0.05,-9.42_8.88_5.43
46,0.05,-9.42_8.88_5.43,0.05,-9.42_8.88_5.43
46,0.05,-9.42_8.88_5.43,0.02,-6.28_4.44_5.43
46,0.02,-6.28_4.44_5.43,0.02,-6.28_4.44_5.43
46,0.02,-6.28_4.44_5.43,0.01,-3.14_4.44_0.00
46,0.01,-3.14_4.44_0.00,0.01,-3.14_4.44_0.00
46,0.01,-3.14_4.44_0.00,0.01,-3.14_4.44_0.00
46,0.01,-3.14_4.44_0.00,0.0,0.00_0.00_0.00
46,0.0,0.00_0.00_0.00,0.0,0.00_0.00_0.00
46,0.0,0.00_0.00_0.00,0.0,0.00_0.00_0.00
46,0.0,0.00_0.00_0.00,0.0,0.00_0.00_0.00
46,0.0,0.00_0.00_0.00,0.0,0.00_0.00_0.00
46,0.0,0.00_0.00_0.00,0.0,0.00_0.00_0.00
46,0.0,0.00_0.00_0.00,0.0,0.00_0.00_0.00
47,91.78,339.11_-501.52_-16.30,91.21,342.25_-497.09_-16.30
47,91.21,342.25_-497.09_-16.30,12.18,43.96_-142.03_163.00
47,12.18,43.96_-142.03_163.00,11.94,47.10_-137.59_163.00
47,11.94,47.10_-137.59_163.00,1.8,59.66_35.51_48.90
47,1.8,59.66_35.51_48.90,1.78,62.80_35.51_43.47
47,1.78,62.80_35.51_43.47,1.78,62.80_35.51_43.47
47,1.78,62.80_35.51_43.47,1.6,59.66_31.07_43.47
47,1.6,59.66_31.07_43.47,1.6,59.66_31.07_43.47
47,1.6,59.66_31.07_43.47,1.6,59.66_31.07_43.47
47,1.6,59.66_31.07_43.47,1.6,59.66_31.07_43.47
47,1.6,59.66_31.07_43.47,1.4,56.52_31.07_38.03
47,1.4,56.52_31.07_38.03,1.25,53.38_26.63_38.03
47,1.25,53.38_26.63_38.03,1.25,53.38_26.63_38.03
47,1.25,53.38_26.63_38.03,0.4,18.84_22.19_27.17
47,0.4,18.84_22.19_27.17,0.4,18.84_22.19_27.17
47,0.4,18.84_22.19_27.17,0.4,18.84_22.19_27.17
47,0.4,18.84_22.19_27.17,0.21,15.70_22.19_10.87
47,0.21,15.70_22.19_10.87,0.2,18.84_17.75_10.87
47,0.2,18.84_17.75_10.87,0.2,18.84_17.75_10.87
47,0.2,18.84_17.75_10.87,0.2,18.84_17.75_10.87
47,0.2,18.84_17.75_10.87,0.14,15.70_13.32_10.87
47,0.14,15.70_13.32_10.87,0.14,15.70_13.32_10.87
47,0.14,15.70_13.32_10.87,0.09,12.56_8.88_10.87
47,0.09,12.56_8.88_10.87,0.09,12.56_8.88_10.87
47,0.09,12.56_8.88_10.87,0.05,9.42_8.88_5.43
47,0.05,9.42_8.88_5.43,0.05,9.42_8.88_5.43
47,0.05,9.42_8.88_5.43,0.05,9.42_8.88_5.43
47,0.05,9.42_8.88_5.43,0.05,9.42_8.88_5.43
47,0.05,9.42_8.88_5.43,0.05,9.42_8.88_5.43
47,0.05,9.42_8.88_5.43,0.03,6.28_8.88_0.00
47,0.03,6.28_8.88_0.00,0.01,3.14_4.44_0.00
47,0.01,3.14_4.44_0.00,0.0,0.00_0.00_0.00
47,0.0,0.00_0.00_0.00,0.0,0.00_0.00_0.00
47,0.0,0.00_0.00_0.00,0.0,0.00_0.00_0.00
47,0.0,0.00_0.00_0.00,0.0,0.00_0.00_0.00
47,0.0,0.00_0.00_0.00,0.0,0.00_0.00_0.00
47,0.0,0.00_0.00_0.00,0.0,0.00_0.00_0.00
47,0.0,0.00_0.00_0.00,0.0,0.00_0.00_0.00
47,0.0,0.00_0.00_0.00,0.0,0.00_0.00_0.00
47,0.0,0.00_0.00_0.00,0.0,0.00_0.00_0.00
47,0.0,0.00_0.00_0.00,0.0,0.00_0.00_0.00
48,70.57,-12.56_523.72_86.92,69.4,-9.42_519.28_86.92
48,69.4,-9.42_519.28_86.92,5.24,-128.74_-57.70_32.60
48,5.24,-128.74_-57.70_32.60,5.18,-125.60_-62.14_32.60
48,5.18,-125.60_-62.14_32.60,2.72,-81.64_-35.51_54.33
48,2.72,-81.64_-35.51_54.33,1.83,-65.94_4.44_54.33
48,1.83,-65.94_4.44_54.33,1.75,-62.80_8.88_54.33
48,1.75,-62.80_8.88_54.33,1.71,-65.94_8.88_48.90
48,1.71,-65.94_8.88_48.90,1.63,-62.80_-13.32_48.90
48,1.63,-62.80_-13.32_48.90,1.48,-62.80_-8.88_43.47
48,1.48,-62.80_-8.88_43.47,1.29,-56.52_-8.88_43.47
48,1.29,-56.52_-8.88_43.47,1.15,-53.38_-17.75_38.03
48,1.15,-53.38_-17.75_38.03,1.15,-53.38_-17.75_38.03
48,1.15,-53.38_-17.75_38.03,1.15,-53.38_-17.75_38.03
48,1.15,-53.38_-17.75_38.03,1.12,-50.24_-22.19_38.03
48,1.12,-50.24_-22.19_38.03,1.09,-47.10_-26.63_38.03
48,1.09,-47.10_-26.63_38.03,1.08,-37.68_-22.19_48.90
48,1.08,-37.68_-22.19_48.90,0.89,-34.54_-22.19_43.47
48,0.89,-34.54_-22.19_43.47,0.84,-34.54_-26.63_38.03
48,0.84,-34.54_-26.63_38.03,0.78,-37.68_-31.07_27.17
48,0.78,-37.68_-31.07_27.17,0.66,-34.54_-26.63_27.17
48,0.66,-34.54_-26.63_27.17,0.65,-37.68_-26.63_21.73
48,0.65,-37.68_-26.63_21.73,0.54,-34.54_-22.19_21.73
48,0.54,-34.54_-22.19_21.73,0.47,-25.12_35.51_0.00
48,0.47,-25.12_35.51_0.00,0.47,-25.12_35.51_0.00
48,0.47,-25.12_35.51_0.00,0.36,-21.98_26.63_-16.30
48,0.36,-21.98_26.63_-16.30,0.28,-18.84_22.19_-16.30
48,0.28,-18.84_22.19_-16.30,0.15,-15.70_8.88_-16.30
48,0.15,-15.70_8.88_-16.30,0.11,-12.56_4.44_-16.30
48,0.11,-12.56_4.44_-16.30,0.09,-9.42_0.00_-16.30
48,0.09,-9.42_0.00_-16.30,0.06,-9.42_4.44_-10.87
48,0.06,-9.42_4.44_-10.87,0.02,-6.28_4.44_-5.43
48,0.02,-6.28_4.44_-5.43,0.02,-6.28_4.44_5.43
48,0.02,-6.28_4.44_5.43,0.01,-3.14_0.00_5.43
48,0.01,-3.14_0.00_5.43,0.01,-3.14_0.00_5.43
48,0.01,-3.14_0.00_5.43,0.01,-3.14_0.00_5.43
48,0.01,-3.14_0.00_5.43,0.01,-3.14_4.44_0.00
48,0.01,-3.14_4.44_0.00,0.0,0.00_0.00_0.00
48,0.0,0.00_0.00_0.00,0.0,0.00_0.00_0.00
48,0.0,0.00_0.00_0.00,0.0,0.00_0.00_0.00
48,0.0,0.00_0.00_0.00,0.0,0.00_0.00_0.00
48,0.0,0.00_0.00_0.00,0.0,0.00_0.00_0.00
48,0.0,0.00_0.00_0.00,0.0,0.00_0.00_0.00
48,0.0,0.00_0.00_0.00,0.0,0.00_0.00_0.00
48,0.0,0.00_0.00_0.00,0.0,0.00_0.00_0.00
49,29.93,-31.40_-279.62_-201.02,29.93,-31.40_-279.62_-201.02
49,29.93,-31.40_-279.62_-201.02,29.34,-28.26_-279.62_-195.59
49,29.34,-28.26_-279.62_-195.59,29.34,-28.26_-279.62_-195.59
49,29.34,-28.26_-279.62_-195.59,28.88,-37.68_-275.18_-195.59
49,28.88,-37.68_-275.18_-195.59,25.78,0.00_-279.62_-157.56
49,25.78,0.00_-279.62_-157.56,1.59,-65.94_44.38_5.43
49,1.59,-65.94_44.38_5.43,1.21,-59.66_35.51_5.43
49,1.21,-59.66_35.51_5.43,1.21,-59.66_35.51_5.43
49,1.21,-59.66_35.51_5.43,1.13,-59.66_31.07_0.00
49,1.13,-59.66_31.07_0.00,0.98,-56.52_26.63_0.00
49,0.98,-56.52_26.63_0.00,0.98,-56.52_26.63_0.00
49,0.98,-56.52_26.63_0.00,0.54,-34.54_26.63_16.30
49,0.54,-34.54_26.63_16.30,0.36,-31.40_17.75_10.87
49,0.36,-31.40_17.75_10.87,0.36,-31.40_17.75_10.87
49,0.36,-31.40_17.75_10.87,0.36,-31.40_17.75_10.87
49,0.36,-31.40_17.75_10.87,0.35,-28.26_22.19_10.87
49,0.35,-28.26_22.19_10.87,0.35,-25.12_22.19_16.30
49,0.35,-25.12_22.19_16.30,0.35,-25.12_22.19_16.30
49,0.35,-25.12_22.19_16.30,0.3,-15.70_22.19_21.73
49,0.3,-15.70_22.19_21.73,0.3,-15.70_22.19_21.73
49,0.3,-15.70_22.19_21.73,0.28,-18.84_22.19_16.30
49,0.28,-18.84_22.19_16.30,0.23,-12.56_22.19_16.30
49,0.23,-12.56_22.19_16.30,0.21,-15.70_17.75_16.30
49,0.21,-15.70_17.75_16.30,0.21,-15.70_17.75_16.30
49,0.21,-15.70_17.75_16.30,0.2,-18.84_13.32_16.30
49,0.2,-18.84_13.32_16.30,0.19,-21.98_13.32_10.87
49,0.19,-21.98_13.32_10.87,0.19,-21.98_13.32_10.87
49,0.19,-21.98_13.32_10.87,0.19,-21.98_13.32_10.87
49,0.19,-21.98_13.32_10.87,0.19,-21.98_13.32_10.87
49,0.19,-21.98_13.32_10.87,0.14,-18.84_13.32_5.43
49,0.14,-18.84_13.32_5.43,0.14,-15.70_13.32_10.87
49,0.14,-15.70_13.32_10.87,0.09,-12.56_8.88_10.87
49,0.09,-12.56_8.88_10.87,0.09,-12.56_8.88_10.87
49,0.09,-12.56_8.88_10.87,0.06,-9.42_4.44_10.87
49,0.06,-9.42_4.44_10.87,0.06,-9.42_4.44_10.87
49,0.06,-9.42_4.44_10.87,0.04,-3.14_4.44_10.87
49,0.04,-3.14_4.44_10.87,0.01,0.00_4.44_5.43
49,0.01,0.00_4.44_5.43,0.01,-3.14_0.00_5.43
49,0.01,-3.14_0.00_5.43,0.01,-3.14_-4.44_0.00
49,0.01,-3.14_-4.44_0.00,0.01,-3.14_-4.44_0.00
49,0.01,-3.14_-4.44_0.00,0.0,0.00_0.00_0.00
49,0.0,0.00_0.00_0.00,0.0,0.00_0.00_0.00
49,0.0,0.00_0.00_0.00,0.0,0.00_0.00_0.00
49,0.0,0.00_0.00_0.00,0.0,0.00_0.00_0.00
49,0.0,0.00_0.00_0.00,0.0,0.00_0.00_0.00
49,0.0,0.00_0.00_0.00,0.0,0.00_0.00_0.00
50,3.24,-65.94_-71.01_59.77,3.24,-65.94_-71.01_59.77
50,3.24,-65.94_-71.01_59.77,3.24,-65.94_-71.01_59.77
50,3.24,-65.94_-71.01_59.77,3.24,-65.94_-71.01_59.77
50,3.24,-65.94_-71.01_59.77,2.94,-65.94_-66.58_54.33
50,2.94,-65.94_-66.58_54.33,2.9,-69.08_-62.14_54.33
50,2.9,-69.08_-62.14_54.33,2.9,-69.08_-62.14_54.33
50,2.9,-69.08_-62.14_54.33,2.66,-65.94_-57.70_54.33
50,2.66,-65.94_-57.70_54.33,2.42,-62.80_-57.70_48.90
50,2.42,-62.80_-57.70_48.90,2.17,-62.80_-53.26_43.47
50,2.17,-62.80_-53.26_43.47,2.17,-62.80_-53.26_43.47
50,2.17,-62.80_-53.26_43.47,1.96,-59.66_-53.26_38.03
50,1.96,-59.66_-53.26_38.03,1.96,-59.66_-53.26_38.03
50,1.96,-59.66_-53.26_38.03,1.96,-59.66_-48.82_43.47
50,1.96,-59.66_-48.82_43.47,1.95,-62.80_-48.82_38.03
50,1.95,-62.80_-48.82_38.03,1.75,-62.80_-44.38_32.60
50,1.75,-62.80_-44.38_32.60,1.57,-59.66_-44.38_27.17
50,1.57,-59.66_-44.38_27.17,1.38,-56.52_-39.95_27.17
50,1.38,-56.52_-39.95_27.17,1.38,-56.52_-39.95_27.17
50,1.38,-56.52_-39.95_27.17,1.21,-53.38_-35.51_27.17
50,1.21,-53.38_-35.51_27.17,1.06,-50.24_-31.07_27.17
50,1.06,-50.24_-31.07_27.17,0.91,-47.10_-31.07_21.73
50,0.91,-47.10_-31.07_21.73,0.79,-43.96_-31.07_16.30
50,0.79,-43.96_-31.07_16.30,0.78,-43.96_-26.63_21.73
50,0.78,-43.96_-26.63_21.73,0.78,-43.96_-26.63_21.73
50,0.78,-43.96_-26.63_21.73,0.3,18.84_-26.63_10.87
50,0.3,18.84_-26.63_10.87,0.27,21.98_-22.19_10.87
50,0.27,21.98_-22.19_10.87,0.27,21.98_-22.19_10.87
50,0.27,21.98_-22.19_10.87,0.27,21.98_-22.19_10.87
50,0.27,21.98_-22.19_10.87,0.22,18.84_-22.19_5.43
50,0.22,18.84_-22.19_5.43,0.21,15.70_-22.19_10.87
50,0.21,15.70_-22.19_10.87,0.17,12.56_-22.19_5.43
50,0.17,12.56_-22.19_5.43,0.11,9.42_-17.75_5.43
50,0.11,9.42_-17.75_5.43,0.09,12.56_-13.32_5.43
50,0.09,12.56_-13.32_5.43,0.09,12.56_-13.32_5.43
50,0.09,12.56_-13.32_5.43,0.05,9.42_-8.88_5.43
50,0.05,9.42_-8.88_5.43,0.03,9.42_-4.44_0.00
50,0.03,9.42_-4.44_0.00,0.01,6.28_0.00_0.00
50,0.01,6.28_0.00_0.00,0.01,6.28_0.00_0.00
50,0.01,6.28_0.00_0.00,0.01,3.14_0.00_-5.43
50,0.01,3.14_0.00_-5.43,0.0,0.00_0.00_0.00
50,0.0,0.00_0.00_0.00,0.0,0.00_0.00_0.00
50,0.0,0.00_0.00_0.00,0.0,0.00_0.00_0.00
50,0.0,0.00_0.00_0.00,0.0,0.00_0.00_0.00
51,3.89,109.90_-39.95_43.47,3.89,109.90_-39.95_43.47
51,3.89,109.90_-39.95_43.47,3.89,109.90_-39.95_43.47
51,3.89,109.90_-39.95_43.47,3.2,103.62_13.32_43.47
51,3.2,103.62_13.32_43.47,3.08,100.48_17.75_43.47
51,3.08,100.48_17.75_43.47,2.89,97.34_13.32_43.47
51,2.89,97.34_13.32_43.47,2.77,94.20_17.75_43.47
51,2.77,94.20_17.75_43.47,2.52,91.06_17.75_38.03
51,2.52,91.06_17.75_38.03,2.28,87.92_17.75_32.60
51,2.28,87.92_17.75_32.60,0.36,-3.14_26.63_27.17
51,0.36,-3.14_26.63_27.17,0.19,-3.14_26.63_5.43
51,0.19,-3.14_26.63_5.43,0.19,-3.14_26.63_5.43
51,0.19,-3.14_26.63_5.43,0.18,0.00_26.63_0.00
51,0.18,0.00_26.63_0.00,0.18,0.00_26.63_0.00
51,0.18,0.00_26.63_0.00,0.09,-3.14_17.75_-5.43
51,0.09,-3.14_17.75_-5.43,0.06,-6.28_13.32_-5.43
51,0.06,-6.28_13.32_-5.43,0.05,-9.42_8.88_-5.43
51,0.05,-9.42_8.88_-5.43,0.05,-9.42_8.88_-5.43
51,0.05,-9.42_8.88_-5.43,0.03,-9.42_4.44_0.00
51,0.03,-9.42_4.44_0.00,0.01,-3.14_4.44_0.00
51,0.01,-3.14_4.44_0.00,0.01,-3.14_4.44_0.00
51,0.01,-3.14_4.44_0.00,0.01,-3.14_4.44_0.00
51,0.01,-3.14_4.44_0.00,0.01,-3.14_4.44_0.00
51,0.01,-3.14_4.44_0.00,0.01,-3.14_4.44_0.00
51,0.01,-3.14_4.44_0.00,0.0,0.00_0.00_0.00
51,0.0,0.00_0.00_0.00,0.0,0.00_0.00_0.00
51,0.0,0.00_0.00_0.00,0.0,0.00_0.00_0.00
51,0.0,0.00_0.00_0.00,0.0,0.00_0.00_0.00
51,0.0,0.00_0.00_0.00,0.0,0.00_0.00_0.00
51,0.0,0.00_0.00_0.00,0.0,0.00_0.00_0.00
51,0.0,0.00_0.00_0.00,0.0,0.00_0.00_0.00
51,0.0,0.00_0.00_0.00,0.0,0.00_0.00_0.00
52,67.05,62.80_-470.46_206.44,53.52,75.36_-417.20_184.72
52,53.52,75.36_-417.20_184.72,52.72,78.50_-412.76_184.72
52,52.72,78.50_-412.76_184.72,12.72,-144.44_-119.84_124.96
52,12.72,-144.44_-119.84_124.96,12.0,-125.60_-128.71_124.96
52,12.0,-125.60_-128.71_124.96,11.15,-116.18_-124.28_124.96
52,11.15,-116.18_-124.28_124.96,10.64,-113.04_-124.28_119.53
52,10.64,-113.04_-124.28_119.53,10.5,-116.18_-124.28_114.10
52,10.5,-116.18_-124.28_114.10,0.7,-47.10_17.75_16.30
52,0.7,-47.10_17.75_16.30,0.56,-40.82_17.75_16.30
52,0.56,-40.82_17.75_16.30,0.17,-9.42_17.75_16.30
52,0.17,-9.42_17.75_16.30,0.17,-9.42_17.75_16.30
52,0.17,-9.42_17.75_16.30,0.12,-6.28_17.75_10.87
52,0.12,-6.28_17.75_10.87,0.1,-9.42_13.32_10.87
52,0.1,-9.42_13.32_10.87,0.1,-9.42_13.32_10.87
52,0.1,-9.42_13.32_10.87,0.06,-6.28_8.88_10.87
52,0.06,-6.28_8.88_10.87,0.06,-6.28_8.88_10.87
52,0.06,-6.28_8.88_10.87,0.06,-9.42_4.44_10.87
52,0.06,-9.42_4.44_10.87,0.06,-9.42_4.44_10.87
52,0.06,-9.42_4.44_10.87,0.05,-12.56_4.44_5.43
52,0.05,-12.56_4.44_5.43,0.05,-12.56_4.44_5.43
52,0.05,-12.56_4.44_5.43,0.03,-3.14_8.88_5.43
52,0.03,-3.14_8.88_5.43,0.02,-6.28_4.44_5.43
52,0.02,-6.28_4.44_5.43,0.01,-3.14_0.00_5.43
52,0.01,-3.14_0.00_5.43,0.01,-3.14_4.44_0.00
52,0.01,-3.14_4.44_0.00,0.0,0.00_0.00_0.00
52,0.0,0.00_0.00_0.00,0.0,0.00_0.00_0.00
52,0.0,0.00_0.00_0.00,0.0,0.00_0.00_0.00
52,0.0,0.00_0.00_0.00,0.0,0.00_0.00_0.00
52,0.0,0.00_0.00_0.00,0.0,0.00_0.00_0.00
52,0.0,0.00_0.00_0.00,0.0,0.00_0.00_0.00
52,0.0,0.00_0.00_0.00,0.0,0.00_0.00_0.00
52,0.0,0.00_0.00_0.00,0.0,0.00_0.00_0.00
52,0.0,0.00_0.00_0.00,0.0,0.00_0.00_0.00
53,44.58,-260.62_190.84_271.65,15.51,153.86_190.85_43.47
53,15.51,153.86_190.85_43.47,15.51,153.86_190.85_43.47
53,15.51,153.86_190.85_43.47,15.12,150.72_186.41_54.33
53,15.12,150.72_186.41_54.33,14.74,147.58_186.41_48.90
53,14.74,147.58_186.41_48.90,1.34,18.84_-4.44_70.63
53,1.34,18.84_-4.44_70.63,1.34,18.84_-4.44_70.63
53,1.34,18.84_-4.44_70.63,0.99,18.84_-4.44_59.77
53,0.99,18.84_-4.44_59.77,0.81,15.70_-4.44_54.33
53,0.81,15.70_-4.44_54.33,0.81,15.70_-4.44_54.33
53,0.81,15.70_-4.44_54.33,0.78,12.56_0.00_54.33
53,0.78,12.56_0.00_54.33,0.78,12.56_0.00_54.33
53,0.78,12.56_0.00_54.33,0.77,9.42_4.44_54.33
53,0.77,9.42_4.44_54.33,0.64,12.56_4.44_48.90
53,0.64,12.56_4.44_48.90,0.62,9.42_0.00_48.90
53,0.62,9.42_0.00_48.90,0.5,9.42_4.44_43.47
53,0.5,9.42_4.44_43.47,0.5,9.42_4.44_43.47
53,0.5,9.42_4.44_43.47,0.48,3.14_4.44_43.47
53,0.48,3.14_4.44_43.47,0.48,3.14_4.44_43.47
53,0.48,3.14_4.44_43.47,0.27,3.14_4.44_32.60
53,0.27,3.14_4.44_32.60,0.19,0.00_4.44_27.17
53,0.19,0.00_4.44_27.17,0.19,0.00_4.44_27.17
53,0.19,0.00_4.44_27.17,0.19,-3.14_0.00_27.17
53,0.19,-3.14_0.00_27.17,0.12,0.00_0.00_21.73
53,0.12,0.00_0.00_21.73,0.12,0.00_0.00_21.73
53,0.12,0.00_0.00_21.73,0.12,0.00_0.00_21.73
53,0.12,0.00_0.00_21.73,0.08,-3.14_-13.32_10.87
53,0.08,-3.14_-13.32_10.87,0.05,0.00_-8.88_10.87
53,0.05,0.00_-8.88_10.87,0.04,-3.14_-4.44_10.87
53,0.04,-3.14_-4.44_10.87,0.03,0.00_0.00_10.87
53,0.03,0.00_0.00_10.87,0.01,-3.14_0.00_5.43
53,0.01,-3.14_0.00_5.43,0.01,-3.14_0.00_5.43
53,0.01,-3.14_0.00_5.43,0.0,0.00_0.00_0.00
53,0.0,0.00_0.00_0.00,0.0,0.00_0.00_0.00
53,0.0,0.00_0.00_0.00,0.0,0.00_0.00_0.00
53,0.0,0.00_0.00_0.00,0.0,0.00_0.00_0.00
53,0.0,0.00_0.00_0.00,0.0,0.00_0.00_0.00
53,0.0,0.00_0.00_0.00,0.0,0.00_0.00_0.00
53,0.0,0.00_0.00_0.00,0.0,0.00_0.00_0.00
53,0.0,0.00_0.00_0.00,0.0,0.00_0.00_0.00
53,0.0,0.00_0.00_0.00,0.0,0.00_0.00_0.00
54,50.48,241.78_-368.38_-86.93,11.57,-18.84_-213.04_21.73
54,11.57,-18.84_-213.04_21.73,11.57,-18.84_-213.04_21.73
54,11.57,-18.84_-213.04_21.73,11.57,-18.84_-213.04_21.73
54,11.57,-18.84_-213.04_21.73,11.13,-21.98_-208.61_21.73
54,11.13,-21.98_-208.61_21.73,7.2,-65.94_-146.47_54.33
54,7.2,-65.94_-146.47_54.33,6.37,-69.08_-133.15_54.33
54,6.37,-69.08_-133.15_54.33,5.94,-69.08_-128.71_48.90
54,5.94,-69.08_-128.71_48.90,5.94,-69.08_-128.71_48.90
54,5.94,-69.08_-128.71_48.90,4.84,-50.24_-128.71_-16.30
54,4.84,-50.24_-128.71_-16.30,1.86,-34.54_-62.14_48.90
54,1.86,-34.54_-62.14_48.90,1.68,-31.40_-57.70_48.90
54,1.68,-31.40_-57.70_48.90,1.26,-31.40_-57.70_27.17
54,1.26,-31.40_-57.70_27.17,1.26,-31.40_-57.70_27.17
54,1.26,-31.40_-57.70_27.17,1.25,-34.54_-57.70_21.73
54,1.25,-34.54_-57.70_21.73,0.44,-34.54_-17.75_16.30
54,0.44,-34.54_-17.75_16.30,0.34,-34.54_-13.32_0.00
54,0.34,-34.54_-13.32_0.00,0.33,-31.40_-17.75_0.00
54,0.33,-31.40_-17.75_0.00,0.3,-31.40_-13.32_-5.43
54,0.3,-31.40_-13.32_-5.43,0.23,-28.26_-8.88_-5.43
54,0.23,-28.26_-8.88_-5.43,0.23,-28.26_-8.88_-5.43
54,0.23,-28.26_-8.88_-5.43,0.17,-25.12_-4.44_-5.43
54,0.17,-25.12_-4.44_-5.43,0.15,-21.98_-8.88_-5.43
54,0.15,-21.98_-8.88_-5.43,0.14,-18.84_-13.32_-5.43
54,0.14,-18.84_-13.32_-5.43,0.09,-12.56_-13.32_-5.43
54,0.09,-12.56_-13.32_-5.43,0.09,-12.56_-13.32_-5.43
54,0.09,-12.56_-13.32_-5.43,0.05,-12.56_-4.44_-5.43
54,0.05,-12.56_-4.44_-5.43,0.05,-12.56_-4.44_-5.43
54,0.05,-12.56_-4.44_-5.43,0.03,-9.42_0.00_-5.43
54,0.03,-9.42_0.00_-5.43,0.03,-9.42_4.44_0.00
54,0.03,-9.42_4.44_0.00,0.02,-6.28_4.44_-5.43
54,0.02,-6.28_4.44_-5.43,0.02,-6.28_4.44_-5.43
54,0.02,-6.28_4.44_-5.43,0.02,-6.28_4.44_-5.43
54,0.02,-6.28_4.44_-5.43,0.02,-6.28_4.44_-5.43
54,0.02,-6.28_4.44_-5.43,0.02,-6.28_4.44_-5.43
54,0.02,-6.28_4.44_-5.43,0.01,-6.28_0.00_0.00
54,0.01,-6.28_0.00_0.00,0.01,-6.28_0.00_0.00
54,0.01,-6.28_0.00_0.00,0.01,-6.28_0.00_0.00
54,0.01,-6.28_0.00_0.00,0.01,-3.14_-4.44_0.00
54,0.01,-3.14_-4.44_0.00,0.0,0.00_0.00_0.00
54,0.0,0.00_0.00_0.00,0.0,0.00_0.00_0.00
54,0.0,0.00_0.00_0.00,0.0,0.00_0.00_0.00
54,0.0,0.00_0.00_0.00,0.0,0.00_0.00_0.00
54,0.0,0.00_0.00_0.00,0.0,0.00_0.00_0.00
55,104.25,-323.41_-554.78_65.19,9.47,178.98_4.44_-76.06
55,9.47,178.98_4.44_-76.06,9.4,175.84_4.44_-81.50
55,9.4,175.84_4.44_-81.50,9.14,172.70_8.88_-81.50
55,9.14,172.70_8.88_-81.50,1.43,72.22_-4.44_-21.73
55,1.43,72.22_-4.44_-21.73,1.0,62.80_-4.44_-5.43
55,1.0,62.80_-4.44_-5.43,0.9,59.66_0.00_-5.43
55,0.9,59.66_0.00_-5.43,0.9,59.66_0.00_-5.43
55,0.9,59.66_0.00_-5.43,0.72,53.38_0.00_-5.43
55,0.72,53.38_0.00_-5.43,0.42,40.82_0.00_-5.43
55,0.42,40.82_0.00_-5.43,0.37,37.68_-4.44_-5.43
55,0.37,37.68_-4.44_-5.43,0.33,34.54_-8.88_-5.43
55,0.33,34.54_-8.88_-5.43,0.26,31.40_-4.44_-5.43
55,0.26,31.40_-4.44_-5.43,0.21,28.26_0.00_-5.43
55,0.21,28.26_0.00_-5.43,0.17,25.12_4.44_-5.43
55,0.17,25.12_4.44_-5.43,0.17,25.12_4.44_-5.43
55,0.17,25.12_4.44_-5.43,0.13,21.98_4.44_0.00
55,0.13,21.98_4.44_0.00,0.1,18.84_4.44_-5.43
55,0.1,18.84_4.44_-5.43,0.1,18.84_4.44_-5.43
55,0.1,18.84_4.44_-5.43,0.05,12.56_4.44_-5.43
55,0.05,12.56_4.44_-5.43,0.05,9.42_8.88_-5.43
55,0.05,9.42_8.88_-5.43,0.03,9.42_4.44_0.00
55,0.03,9.42_4.44_0.00,0.03,9.42_4.44_0.00
55,0.03,9.42_4.44_0.00,0.03,9.42_4.44_0.00
55,0.03,9.42_4.44_0.00,0.03,9.42_4.44_0.00
55,0.03,9.42_4.44_0.00,0.02,6.28_4.44_-5.43
55,0.02,6.28_4.44_-5.43,0.02,6.28_4.44_-5.43
55,0.02,6.28_4.44_-5.43,0.01,3.14_0.00_-5.43
55,0.01,3.14_0.00_-5.43,0.01,3.14_0.00_-5.43
55,0.01,3.14_0.00_-5.43,0.01,3.14_0.00_-5.43
55,0.01,3.14_0.00_-5.43,0.01,3.14_0.00_-5.43
55,0.01,3.14_0.00_-5.43,0.0,0.00_0.00_0.00
55,0.0,0.00_0.00_0.00,0.0,0.00_0.00_0.00
55,0.0,0.00_0.00_0.00,0.0,0.00_0.00_0.00
55,0.0,0.00_0.00_0.00,0.0,0.00_0.00_0.00
56,79.14,-153.85_394.99_369.42,58.01,-125.60_461.59_54.33
56,58.01,-125.60_461.59_54.33,57.19,-128.74_457.15_54.33
56,57.19,-128.74_457.15_54.33,18.35,-40.82_266.30_-27.17
56,18.35,-40.82_266.30_-27.17,17.84,-40.82_261.87_-32.60
56,17.84,-40.82_261.87_-32.60,17.7,-37.68_261.87_-27.17
56,17.7,-37.68_261.87_-27.17,17.7,-37.68_261.87_-27.17
56,17.7,-37.68_261.87_-27.17,17.19,-40.82_257.43_-27.17
56,17.19,-40.82_257.43_-27.17,7.83,-15.70_173.10_-32.60
56,7.83,-15.70_173.10_-32.60,0.39,3.14_22.19_-32.60
56,0.39,3.14_22.19_-32.60,0.27,3.14_17.75_-27.17
56,0.27,3.14_17.75_-27.17,0.23,0.00_13.32_-27.17
56,0.23,0.00_13.32_-27.17,0.23,0.00_13.32_-27.17
56,0.23,0.00_13.32_-27.17,0.21,-3.14_8.88_-27.17
56,0.21,-3.14_8.88_-27.17,0.2,-6.28_4.44_-27.17
56,0.2,-6.28_4.44_-27.17,0.2,-6.28_4.44_-27.17
56,0.2,-6.28_4.44_-27.17,0.2,-6.28_4.44_-27.17
56,0.2,-6.28_4.44_-27.17,0.15,-9.42_4.44_-21.73
56,0.15,-9.42_4.44_-21.73,0.05,-12.56_4.44_-5.43
56,0.05,-12.56_4.44_-5.43,0.05,-12.56_4.44_-5.43
56,0.05,-12.56_4.44_-5.43,0.05,-9.42_8.88_-5.43
56,0.05,-9.42_8.88_-5.43,0.03,-6.28_8.88_0.00
56,0.03,-6.28_8.88_0.00,0.03,-9.42_-4.44_0.00
56,0.03,-9.42_-4.44_0.00,0.01,-6.28_0.00_0.00
56,0.01,-6.28_0.00_0.00,0.01,-6.28_0.00_0.00
56,0.01,-6.28_0.00_0.00,0.01,-3.14_4.44_0.00
56,0.01,-3.14_4.44_0.00,0.01,-3.14_4.44_0.00
56,0.01,-3.14_4.44_0.00,0.0,0.00_0.00_0.00
56,0.0,0.00_0.00_0.00,0.0,0.00_0.00_0.00
56,0.0,0.00_0.00_0.00,0.0,0.00_0.00_0.00
56,0.0,0.00_0.00_0.00,0.0,0.00_0.00_0.00
57,19.69,-270.04_-53.26_54.33,19.13,-266.90_-53.26_48.90
57,19.13,-266.90_-53.26_48.90,18.85,-263.76_-53.26_54.33
57,18.85,-263.76_-53.26_54.33,15.9,-248.06_-31.07_32.60
57,15.9,-248.06_-31.07_32.60,1.21,-31.40_-48.82_-38.03
57,1.21,-31.40_-48.82_-38.03,0.16,-12.56_0.00_-21.73
57,0.16,-12.56_0.00_-21.73,0.16,-12.56_0.00_-21.73
57,0.16,-12.56_0.00_-21.73,0.15,-9.42_-4.44_-21.73
57,0.15,-9.42_-4.44_-21.73,0.15,-9.42_-4.44_-21.73
57,0.15,-9.42_-4.44_-21.73,0.13,-6.28_0.00_-21.73
57,0.13,-6.28_0.00_-21.73,0.13,-6.28_0.00_-21.73
57,0.13,-6.28_0.00_-21.73,0.07,-12.56_0.00_10.87
57,0.07,-12.56_0.00_10.87,0.07,-12.56_0.00_10.87
57,0.07,-12.56_0.00_10.87,0.06,-9.42_4.44_10.87
57,0.06,-9.42_4.44_10.87,0.04,-6.28_0.00_10.87
57,0.04,-6.28_0.00_10.87,0.02,-6.28_-4.44_5.43
57,0.02,-6.28_-4.44_5.43,0.02,-6.28_-4.44_5.43
57,0.02,-6.28_-4.44_5.43,0.02,-6.28_-4.44_5.43
57,0.02,-6.28_-4.44_5.43,0.02,-6.28_-4.44_5.43
57,0.02,-6.28_-4.44_5.43,0.01,0.00_-4.44_5.43
57,0.01,0.00_-4.44_5.43,0.01,-3.14_0.00_5.43
57,0.01,-3.14_0.00_5.43,0.01,-3.14_0.00_5.43
57,0.01,-3.14_0.00_5.43,0.0,0.00_0.00_0.00
57,0.0,0.00_0.00_0.00,0.0,0.00_0.00_0.00
57,0.0,0.00_0.00_0.00,0.0,0.00_0.00_0.00
58,89.68,18.84_-292.90_521.54,7.33,-100.48_-137.59_16.30
58,7.33,-100.48_-137.59_16.30,7.19,-103.62_-133.15_16.30
58,7.19,-103.62_-133.15_16.30,7.19,-103.62_-133.15_16.30
58,7.19,-103.62_-133.15_16.30,6.99,-100.48_-133.15_10.87
58,6.99,-100.48_-133.15_10.87,6.99,-100.48_-133.15_10.87
58,6.99,-100.48_-133.15_10.87,5.66,-69.08_-133.15_10.87
58,5.66,-69.08_-133.15_10.87,3.31,12.56_-110.96_27.17
58,3.31,12.56_-110.96_27.17,3.09,15.70_-106.52_27.17
58,3.09,15.70_-106.52_27.17,3.0,12.56_-106.52_21.73
58,3.0,12.56_-106.52_21.73,2.65,12.56_-102.08_-5.43
58,2.65,12.56_-102.08_-5.43,2.46,15.70_-97.65_-5.43
58,2.46,15.70_-97.65_-5.43,2.46,15.70_-97.65_-5.43
58,2.46,15.70_-97.65_-5.43,2.27,18.84_-93.21_5.43
58,2.27,18.84_-93.21_5.43,1.12,25.12_-62.14_0.00
58,1.12,25.12_-62.14_0.00,0.95,21.98_-57.70_0.00
58,0.95,21.98_-57.70_0.00,0.95,21.98_-57.70_0.00
58,0.95,21.98_-57.70_0.00,0.87,25.12_-53.26_0.00
58,0.87,25.12_-53.26_0.00,0.87,25.12_-53.26_0.00
58,0.87,25.12_-53.26_0.00,0.76,25.12_-48.82_-5.43
58,0.76,25.12_-48.82_-5.43,0.7,28.26_-44.38_-5.43
58,0.7,28.26_-44.38_-5.43,0.65,25.12_-44.38_0.00
58,0.65,25.12_-44.38_0.00,0.65,25.12_-44.38_0.00
58,0.65,25.12_-44.38_0.00,0.65,25.12_-44.38_0.00
58,0.65,25.12_-44.38_0.00,0.58,18.84_-44.38_0.00
58,0.58,18.84_-44.38_0.00,0.56,15.70_-44.38_-5.43
58,0.56,15.70_-44.38_-5.43,0.56,15.70_-44.38_-5.43
58,0.56,15.70_-44.38_-5.43,0.49,15.70_-39.95_-10.87
58,0.49,15.70_-39.95_-10.87,0.38,12.56_-35.51_-10.87
58,0.38,12.56_-35.51_-10.87,0.35,9.42_-35.51_-5.43
58,0.35,9.42_-35.51_-5.43,0.26,6.28_-31.07_-5.43
58,0.26,6.28_-31.07_-5.43,0.21,9.42_-26.63_-5.43
58,0.21,9.42_-26.63_-5.43,0.14,6.28_-22.19_-5.43
58,0.14,6.28_-22.19_-5.43,0.09,12.56_-13.32_-5.43
58,0.09,12.56_-13.32_-5.43,0.05,9.42_-8.88_-5.43
58,0.05,9.42_-8.88_-5.43,0.03,9.42_-4.44_0.00
58,0.03,9.42_-4.44_0.00,0.03,9.42_-4.44_0.00
58,0.03,9.42_-4.44_0.00,0.02,6.28_-4.44_5.43
58,0.02,6.28_-4.44_5.43,0.02,6.28_-4.44_5.43
58,0.02,6.28_-4.44_5.43,0.01,3.14_0.00_5.43
58,0.01,3.14_0.00_5.43,0.01,3.14_0.00_5.43
58,0.01,3.14_0.00_5.43,0.01,3.14_0.00_5.43
58,0.01,3.14_0.00_5.43,0.01,3.14_0.00_5.43
58,0.01,3.14_0.00_5.43,0.0,0.00_0.00_0.00
58,0.0,0.00_0.00_0.00,0.0,0.00_0.00_0.00
58,0.0,0.00_0.00_0.00,0.0,0.00_0.00_0.00
58,0.0,0.00_0.00_0.00,0.0,0.00_0.00_0.00
59,15.34,-81.64_4.44_-233.63,13.37,-78.50_-4.44_-217.33
59,13.37,-78.50_-4.44_-217.33,13.27,-75.36_-8.88_-217.33
59,13.27,-75.36_-8.88_-217.33,11.21,-37.68_-26.63_-206.46
59,11.21,-37.68_-26.63_-206.46,11.09,-34.54_-22.19_-206.46
59,11.09,-34.54_-22.19_-206.46,10.49,-31.40_-22.19_-201.03
59,10.49,-31.40_-22.19_-201.03,10.34,-28.26_-8.88_-201.03
59,10.34,-28.26_-8.88_-201.03,6.7,-31.40_31.07_-157.56
59,6.7,-31.40_31.07_-157.56,6.33,-34.54_31.07_-152.13
59,6.33,-34.54_31.07_-152.13,5.88,-31.40_31.07_-146.70
59,5.88,-31.40_31.07_-146.70,5.88,-31.40_31.07_-146.70
59,5.88,-31.40_31.07_-146.70,5.79,-25.12_31.07_-146.70
59,5.79,-25.12_31.07_-146.70,5.23,-25.12_17.75_-141.26
59,5.23,-25.12_17.75_-141.26,5.23,-25.12_17.75_-141.26
59,5.23,-25.12_17.75_-141.26,4.9,-28.26_17.75_-135.83
59,4.9,-28.26_17.75_-135.83,4.9,-28.26_17.75_-135.83
59,4.9,-28.26_17.75_-135.83,4.9,-28.26_17.75_-135.83
59,4.9,-28.26_17.75_-135.83,4.82,-25.12_13.32_-135.83
59,4.82,-25.12_13.32_-135.83,4.82,-21.98_17.75_-135.83
59,4.82,-21.98_17.75_-135.83,1.71,62.80_22.19_-48.90
59,1.71,62.80_22.19_-48.90,1.71,62.80_22.19_-48.90
59,1.71,62.80_22.19_-48.90,1.71,62.80_22.19_-48.90
59,1.71,62.80_22.19_-48.90,1.57,59.66_17.75_-48.90
59,1.57,59.66_17.75_-48.90,0.79,3.14_-13.32_-54.33
59,0.79,3.14_-13.32_-54.33,0.77,6.28_-8.88_-54.33
59,0.77,6.28_-8.88_-54.33,0.77,6.28_-8.88_-54.33
59,0.77,6.28_-8.88_-54.33,0.75,3.14_-4.44_-54.33
59,0.75,3.14_-4.44_-54.33,0.74,0.00_0.00_-54.33
59,0.74,0.00_0.00_-54.33,0.74,0.00_0.00_-54.33
59,0.74,0.00_0.00_-54.33,0.6,-3.14_0.00_-48.90
59,0.6,-3.14_0.00_-48.90,0.6,-3.14_0.00_-48.90
59,0.6,-3.14_0.00_-48.90,0.6,-3.14_0.00_-48.90
59,0.6,-3.14_0.00_-48.90,0.6,-3.14_0.00_-48.90
59,0.6,-3.14_0.00_-48.90,0.48,-3.14_-4.44_-43.47
59,0.48,-3.14_-4.44_-43.47,0.37,0.00_-4.44_-38.03
59,0.37,0.00_-4.44_-38.03,0.36,-3.14_0.00_-38.03
59,0.36,-3.14_0.00_-38.03,0.27,0.00_0.00_-32.60
59,0.27,0.00_0.00_-32.60,0.19,0.00_-4.44_-27.17
59,0.19,0.00_-4.44_-27.17,0.13,-3.14_-4.44_-21.73
59,0.13,-3.14_-4.44_-21.73,0.03,0.00_0.00_-10.87
59,0.03,0.00_0.00_-10.87,0.01,-3.14_0.00_5.43
59,0.01,-3.14_0.00_5.43,0.01,-3.14_4.44_0.00
59,0.01,-3.14_4.44_0.00,0.01,-3.14_4.44_0.00
59,0.01,-3.14_4.44_0.00,0.01,-3.14_4.44_0.00
59,0.01,-3.14_4.44_0.00,0.0,0.00_0.00_0.00
59,0.0,0.00_0.00_0.00,0.0,0.00_0.00_0.00
59,0.0,0.00_0.00_0.00,0.0,0.00_0.00_0.00
60,69.78,433.31_71.01_293.38,68.95,430.17_66.57_293.38
60,68.95,430.17_66.57_293.38,68.43,427.03_71.01_293.38
60,68.43,427.03_71.01_293.38,3.44,97.34_53.26_-38.03
60,3.44,97.34_53.26_-38.03,3.44,97.34_53.26_-38.03
60,3.44,97.34_53.26_-38.03,3.44,97.34_53.26_-38.03
60,3.44,97.34_53.26_-38.03,3.41,94.20_57.70_-38.03
60,3.41,94.20_57.70_-38.03,3.15,91.06_53.26_-38.03
60,3.15,91.06_53.26_-38.03,2.89,87.92_48.82_-38.03
60,2.89,87.92_48.82_-38.03,2.89,87.92_48.82_-38.03
60,2.89,87.92_48.82_-38.03,2.87,84.78_48.82_-43.47
60,2.87,84.78_48.82_-43.47,2.87,84.78_48.82_-43.47
60,2.87,84.78_48.82_-43.47,2.85,81.64_53.26_-43.47
60,2.85,81.64_53.26_-43.47,2.85,81.64_53.26_-43.47
60,2.85,81.64_53.26_-43.47,2.61,78.50_53.26_-38.03
60,2.61,78.50_53.26_-38.03,1.78,78.50_31.07_0.00
60,1.78,78.50_31.07_0.00,1.74,75.36_35.51_0.00
60,1.74,75.36_35.51_0.00,1.55,72.22_31.07_0.00
60,1.55,72.22_31.07_0.00,1.49,72.22_26.63_-5.43
60,1.49,72.22_26.63_-5.43,1.17,65.94_17.75_-5.43
60,1.17,65.94_17.75_-5.43,1.12,62.80_22.19_-5.43
60,1.12,62.80_22.19_-5.43,1.09,62.80_17.75_-10.87
60,1.09,62.80_17.75_-10.87,0.96,59.66_13.32_-10.87
60,0.96,59.66_13.32_-10.87,0.96,59.66_13.32_-10.87
60,0.96,59.66_13.32_-10.87,0.79,53.38_13.32_-10.87
60,0.79,53.38_13.32_-10.87,0.75,53.38_-4.44_-10.87
60,0.75,53.38_-4.44_-10.87,0.64,50.24_-4.44_-5.43
60,0.64,50.24_-4.44_-5.43,0.64,50.24_-4.44_-5.43
60,0.64,50.24_-4.44_-5.43,0.5,43.96_-4.44_-5.43
60,0.5,43.96_-4.44_-5.43,0.5,43.96_-4.44_-5.43
60,0.5,43.96_-4.44_-5.43,0.42,40.82_-4.44_0.00
60,0.42,40.82_-4.44_0.00,0.36,37.68_0.00_0.00
60,0.36,37.68_0.00_0.00,0.3,34.54_4.44_0.00
60,0.3,34.54_4.44_0.00,0.3,34.54_4.44_0.00
60,0.3,34.54_4.44_0.00,0.25,31.40_0.00_0.00
60,0.25,31.40_0.00_0.00,0.2,28.26_-4.44_0.00
60,0.2,28.26_-4.44_0.00,0.16,25.12_0.00_0.00
60,0.16,25.12_0.00_0.00,0.16,25.12_0.00_0.00
60,0.16,25.12_0.00_0.00,0.13,21.98_0.00_5.43
60,0.13,21.98_0.00_5.43,0.12,18.84_0.00_10.87
60,0.12,18.84_0.00_10.87,0.1,18.84_-4.44_5.43
60,0.1,18.84_-4.44_5.43,0.1,15.70_-4.44_10.87
60,0.1,15.70_-4.44_10.87,0.1,15.70_-4.44_10.87
60,0.1,15.70_-4.44_10.87,0.07,12.56_0.00_10.87
60,0.07,12.56_0.00_10.87,0.06,9.42_4.44_10.87
60,0.06,9.42_4.44_10.87,0.04,6.28_0.00_10.87
60,0.04,6.28_0.00_10.87,0.03,9.42_0.00_5.43
60,0.03,9.42_0.00_5.43,0.02,6.28_4.44_5.43
60,0.02,6.28_4.44_5.43,0.01,-6.28_0.00_0.00
60,0.01,-6.28_0.00_0.00,0.01,-6.28_0.00_0.00
60,0.01,-6.28_0.00_0.00,0.01,-3.14_4.44_0.00
60,0.01,-3.14_4.44_0.00,0.01,-3.14_4.44_0.00
60,0.01,-3.14_4.44_0.00,0.0,0.00_0.00_0.00
60,0.0,0.00_0.00_0.00,0.0,0.00_0.00_0.00
61,108.84,470.99_461.57_10.86,75.15,518.10_168.65_-59.76
61,75.15,518.10_168.65_-59.76,11.33,53.38_204.17_27.17
61,11.33,53.38_204.17_27.17,11.33,53.38_204.17_27.17
61,11.33,53.38_204.17_27.17,10.96,53.38_199.73_32.60
61,10.96,53.38_199.73_32.60,9.59,50.24_186.41_32.60
61,9.59,50.24_186.41_32.60,9.59,50.24_186.41_32.60
61,9.59,50.24_186.41_32.60,9.27,53.38_181.98_32.60
61,9.27,53.38_181.98_32.60,8.45,75.36_146.47_81.50
61,8.45,75.36_146.47_81.50,7.92,75.36_142.03_76.06
61,7.92,75.36_142.03_76.06,7.73,78.50_137.59_76.06
61,7.73,78.50_137.59_76.06,5.53,72.22_115.40_59.77
61,5.53,72.22_115.40_59.77,5.53,72.22_115.40_59.77
61,5.53,72.22_115.40_59.77,5.53,72.22_115.40_59.77
61,5.53,72.22_115.40_59.77,5.4,75.36_110.96_59.77
61,5.4,75.36_110.96_59.77,5.4,75.36_110.96_59.77
61,5.4,75.36_110.96_59.77,5.4,75.36_110.96_59.77
61,5.4,75.36_110.96_59.77,4.15,69.08_106.52_21.73
61,4.15,69.08_106.52_21.73,3.99,69.08_102.08_27.17
61,3.99,69.08_102.08_27.17,3.85,69.08_97.65_32.60
61,3.85,69.08_97.65_32.60,3.59,53.38_102.08_32.60
61,3.59,53.38_102.08_32.60,3.59,53.38_102.08_32.60
61,3.59,53.38_102.08_32.60,3.28,53.38_97.65_27.17
61,3.28,53.38_97.65_27.17,2.87,53.38_88.77_27.17
61,2.87,53.38_88.77_27.17,2.77,50.24_84.33_38.03
61,2.77,50.24_84.33_38.03,2.2,40.82_84.33_0.00
61,2.2,40.82_84.33_0.00,1.95,37.68_79.89_0.00
61,1.95,37.68_79.89_0.00,1.72,34.54_75.45_0.00
61,1.72,34.54_75.45_0.00,1.72,34.54_75.45_0.00
61,1.72,34.54_75.45_0.00,0.77,31.40_44.38_10.87
61,0.77,31.40_44.38_10.87,0.77,31.40_44.38_10.87
61,0.77,31.40_44.38_10.87,0.7,28.26_44.38_5.43
61,0.7,28.26_44.38_5.43,0.7,28.26_44.38_5.43
61,0.7,28.26_44.38_5.43,0.65,25.12_44.38_0.00
61,0.65,25.12_44.38_0.00,0.65,25.12_44.38_0.00
61,0.65,25.12_44.38_0.00,0.6,28.26_39.95_0.00
61,0.6,28.26_39.95_0.00,0.6,28.26_39.95_0.00
61,0.6,28.26_39.95_0.00,0.56,25.12_39.95_5.43
61,0.56,25.12_39.95_5.43,0.55,21.98_39.95_10.87
61,0.55,21.98_39.95_10.87,0.5,18.84_39.95_5.43
61,0.5,18.84_39.95_5.43,0.44,21.98_35.51_5.43
61,0.44,21.98_35.51_5.43,0.34,18.84_31.07_5.43
61,0.34,18.84_31.07_5.43,0.3,18.84_26.63_10.87
61,0.3,18.84_26.63_10.87,0.25,15.70_26.63_5.43
61,0.25,15.70_26.63_5.43,0.18,15.70_22.19_0.00
61,0.18,15.70_22.19_0.00,0.17,12.56_22.19_5.43
61,0.17,12.56_22.19_5.43,0.15,15.70_17.75_5.43
61,0.15,15.70_17.75_5.43,0.15,12.56_17.75_10.87
61,0.15,12.56_17.75_10.87,0.14,15.70_13.32_10.87
61,0.14,15.70_13.32_10.87,0.14,15.70_13.32_10.87
61,0.14,15.70_13.32_10.87,0.09,15.70_8.88_5.43
61,0.09,15.70_8.88_5.43,0.09,15.70_8.88_5.43
61,0.09,15.70_8.88_5.43,0.09,12.56_8.88_10.87
61,0.09,12.56_8.88_10.87,0.09,12.56_8.88_10.87
61,0.09,12.56_8.88_10.87,0.05,12.56_4.44_5.43
61,0.05,12.56_4.44_5.43,0.05,12.56_4.44_5.43
61,0.05,12.56_4.44_5.43,0.03,9.42_4.44_0.00
61,0.03,9.42_4.44_0.00,0.03,9.42_4.44_0.00
61,0.03,9.42_4.44_0.00,0.03,9.42_4.44_0.00
61,0.03,9.42_4.44_0.00,0.03,9.42_4.44_0.00
61,0.03,9.42_4.44_0.00,0.01,3.14_-4.44_0.00
61,0.01,3.14_-4.44_0.00,0.0,0.00_0.00_0.00
61,0.0,0.00_0.00_0.00,0.0,0.00_0.00_0.00
61,0.0,0.00_0.00_0.00,0.0,0.00_0.00_0.00
62,15.27,-25.12_239.67_-54.33,15.27,-25.12_239.67_-54.33
62,15.27,-25.12_239.67_-54.33,7.66,106.76_137.59_-16.30
62,7.66,106.76_137.59_-16.30,7.54,103.62_137.59_-21.73
62,7.54,103.62_137.59_-21.73,1.25,9.42_-66.58_21.73
62,1.25,9.42_-66.58_21.73,1.22,12.56_-66.58_16.30
62,1.22,12.56_-66.58_16.30,1.22,12.56_-66.58_16.30
62,1.22,12.56_-66.58_16.30,1.09,15.70_-62.14_16.30
62,1.09,15.70_-62.14_16.30,1.01,15.70_-57.70_21.73
62,1.01,15.70_-57.70_21.73,1.01,15.70_-57.70_21.73
62,1.01,15.70_-57.70_21.73,0.92,18.84_-53.26_21.73
62,0.92,18.84_-53.26_21.73,0.92,18.84_-53.26_21.73
62,0.92,18.84_-53.26_21.73,0.84,21.98_-48.82_21.73
62,0.84,21.98_-48.82_21.73,0.84,21.98_-48.82_21.73
62,0.84,21.98_-48.82_21.73,0.48,21.98_-31.07_21.73
62,0.48,21.98_-31.07_21.73,0.45,25.12_-26.63_21.73
62,0.45,25.12_-26.63_21.73,0.45,25.12_-26.63_21.73
62,0.45,25.12_-26.63_21.73,0.44,28.26_-22.19_21.73
62,0.44,28.26_-22.19_21.73,0.44,31.40_-4.44_27.17
62,0.44,31.40_-4.44_27.17,0.4,28.26_-8.88_27.17
62,0.4,28.26_-8.88_27.17,0.3,25.12_-8.88_21.73
62,0.3,25.12_-8.88_21.73,0.3,25.12_-8.88_21.73
62,0.3,25.12_-8.88_21.73,0.21,21.98_-8.88_16.30
62,0.21,21.98_-8.88_16.30,0.1,18.84_-4.44_5.43
62,0.1,18.84_-4.44_5.43,0.1,15.70_-4.44_10.87
62,0.1,15.70_-4.44_10.87,0.1,15.70_-4.44_10.87
62,0.1,15.70_-4.44_10.87,0.07,12.56_0.00_10.87
62,0.07,12.56_0.00_10.87,0.03,9.42_0.00_5.43
62,0.03,9.42_0.00_5.43,0.02,6.28_-4.44_5.43
62,0.02,6.28_-4.44_5.43,0.02,6.28_-4.44_5.43
62,0.02,6.28_-4.44_5.43,0.02,6.28_-4.44_5.43
62,0.02,6.28_-4.44_5.43,0.02,6.28_-4.44_5.43
62,0.02,6.28_-4.44_5.43,0.01,3.14_-4.44_0.00
62,0.01,3.14_-4.44_0.00,0.0,0.00_0.00_0.00
62,0.0,0.00_0.00_0.00,0.0,0.00_0.00_0.00
63,84.85,-144.43_-488.20_282.49,83.55,-141.29_-483.76_282.49
63,83.55,-141.29_-483.76_282.49,77.95,-175.83_-421.62_320.53
63,77.95,-175.83_-421.62_320.53,49.6,21.98_-434.96_92.36
63,49.6,21.98_-434.96_92.36,5.58,-56.52_-97.65_97.80
63,5.58,-56.52_-97.65_97.80,5.46,-59.66_-93.21_97.80
63,5.46,-59.66_-93.21_97.80,3.33,-59.66_-93.21_32.60
63,3.33,-59.66_-93.21_32.60,3.04,-56.52_-88.77_32.60
63,3.04,-56.52_-88.77_32.60,3.04,-56.52_-88.77_32.60
63,3.04,-56.52_-88.77_32.60,1.86,-53.38_-62.14_27.17
63,1.86,-53.38_-62.14_27.17,1.65,-50.24_-57.70_27.17
63,1.65,-50.24_-57.70_27.17,0.56,9.42_-26.63_38.03
63,0.56,9.42_-26.63_38.03,0.52,12.56_-22.19_38.03
63,0.52,12.56_-22.19_38.03,0.45,15.70_-22.19_32.60
63,0.45,15.70_-22.19_32.60,0.45,15.70_-22.19_32.60
63,0.45,15.70_-22.19_32.60,0.4,18.84_-22.19_27.17
63,0.4,18.84_-22.19_27.17,0.29,18.84_17.75_21.73
63,0.29,18.84_17.75_21.73,0.29,18.84_17.75_21.73
63,0.29,18.84_17.75_21.73,0.29,18.84_17.75_21.73
63,0.29,18.84_17.75_21.73,0.2,18.84_13.32_16.30
63,0.2,18.84_13.32_16.30,0.16,18.84_-4.44_16.30
63,0.16,18.84_-4.44_16.30,0.16,18.84_-4.44_16.30
63,0.16,18.84_-4.44_16.30,0.16,18.84_-4.44_16.30
63,0.16,18.84_-4.44_16.30,0.1,15.70_-4.44_10.87
63,0.1,15.70_-4.44_10.87,0.07,12.56_0.00_10.87
63,0.07,12.56_0.00_10.87,0.04,6.28_0.00_10.87
63,0.04,6.28_0.00_10.87,0.04,6.28_0.00_10.87
63,0.04,6.28_0.00_10.87,0.04,3.14_-4.44_10.87
63,0.04,3.14_-4.44_10.87,0.04,3.14_-4.44_10.87
63,0.04,3.14_-4.44_10.87,0.04,3.14_-4.44_10.87
63,0.04,3.14_-4.44_10.87,0.02,6.28_-4.44_5.43
63,0.02,6.28_-4.44_5.43,0.01,3.14_0.00_5.43
63,0.01,3.14_0.00_5.43,0.01,3.14_0.00_5.43
63,0.01,3.14_0.00_5.43,0.01,3.14_0.00_5.43
63,0.01,3.14_0.00_5.43,0.01,3.14_4.44_0.00
63,0.01,3.14_4.44_0.00,0.01,3.14_4.44_0.00
63,0.01,3.14_4.44_0.00,0.01,3.14_4.44_0.00
63,0.01,3.14_4.44_0.00,0.0,0.00_0.00_0.00
63,0.0,0.00_0.00_0.00,0.0,0.00_0.00_0.00
64,113.07,-285.72_523.69_-309.64,21.51,-251.20_-66.58_-135.83
64,21.51,-251.20_-66.58_-135.83,14.59,-182.12_-115.40_-108.66
64,14.59,-182.12_-115.40_-108.66,12.45,-157.00_-44.38_-152.13
64,12.45,-157.00_-44.38_-152.13,12.31,-153.86_-48.82_-152.13
64,12.31,-153.86_-48.82_-152.13,12.31,-153.86_-48.82_-152.13
64,12.31,-153.86_-48.82_-152.13,12.19,-150.72_-53.26_-152.13
64,12.19,-150.72_-53.26_-152.13,9.89,-135.02_-53.26_-135.83
64,9.89,-135.02_-53.26_-135.83,9.89,-135.02_-53.26_-135.83
64,9.89,-135.02_-53.26_-135.83,9.89,-135.02_-53.26_-135.83
64,9.89,-135.02_-53.26_-135.83,9.74,-138.16_-53.26_-130.40
64,9.74,-138.16_-53.26_-130.40,5.69,-21.98_-102.08_-108.66
64,5.69,-21.98_-102.08_-108.66,5.63,-21.98_-106.52_-103.23
64,5.63,-21.98_-106.52_-103.23,5.39,-25.12_-106.52_-97.80
64,5.39,-25.12_-106.52_-97.80,0.89,43.96_13.32_38.03
64,0.89,43.96_13.32_38.03,0.86,40.82_17.75_38.03
64,0.86,40.82_17.75_38.03,0.86,40.82_17.75_38.03
64,0.86,40.82_17.75_38.03,0.86,40.82_17.75_38.03
64,0.86,40.82_17.75_38.03,0.76,37.68_13.32_38.03
64,0.76,37.68_13.32_38.03,0.76,37.68_13.32_38.03
64,0.76,37.68_13.32_38.03,0.76,37.68_13.32_38.03
64,0.76,37.68_13.32_38.03,0.64,37.68_8.88_32.60
64,0.64,37.68_8.88_32.60,0.64,37.68_8.88_32.60
64,0.64,37.68_8.88_32.60,0.57,34.54_4.44_32.60
64,0.57,34.54_4.44_32.60,0.51,31.40_0.00_32.60
64,0.51,31.40_0.00_32.60,0.47,28.26_4.44_32.60
64,0.47,28.26_4.44_32.60,0.42,25.12_0.00_32.60
64,0.42,25.12_0.00_32.60,0.35,25.12_-4.44_27.17
64,0.35,25.12_-4.44_27.17,0.32,28.26_-4.44_21.73
64,0.32,28.26_-4.44_21.73,0.32,31.40_-4.44_16.30
64,0.32,31.40_-4.44_16.30,0.29,28.26_-8.88_16.30
64,0.29,28.26_-8.88_16.30,0.23,25.12_4.44_16.30
64,0.23,25.12_4.44_16.30,0.21,21.98_8.88_16.30
64,0.21,21.98_8.88_16.30,0.16,18.84_4.44_16.30
64,0.16,18.84_4.44_16.30,0.12,18.84_0.00_10.87
64,0.12,18.84_0.00_10.87,0.1,15.70_4.44_10.87
64,0.1,15.70_4.44_10.87,0.07,15.70_0.00_5.43
64,0.07,15.70_0.00_5.43,0.05,12.56_4.44_5.43
64,0.05,12.56_4.44_5.43,0.05,12.56_4.44_5.43
64,0.05,12.56_4.44_5.43,0.03,9.42_0.00_5.43
64,0.03,9.42_0.00_5.43,0.03,9.42_0.00_5.43
64,0.03,9.42_0.00_5.43,0.02,6.28_-4.44_5.43
64,0.02,6.28_-4.44_5.43,0.01,3.14_0.00_5.43
64,0.01,3.14_0.00_5.43,0.01,3.14_0.00_5.43
64,0.01,3.14_0.00_5.43,0.01,3.14_0.00_5.43
64,0.01,3.14_0.00_5.43,0.01,3.14_0.00_5.43
64,0.01,3.14_0.00_5.43,0.01,3.14_4.44_0.00
64,0.01,3.14_4.44_0.00,0.01,-3.14_4.44_0.00
64,0.01,-3.14_4.44_0.00,0.01,-3.14_4.44_0.00
64,0.01,-3.14_4.44_0.00,0.01,-3.14_4.44_0.00
64,0.01,-3.14_4.44_0.00,0.0,0.00_0.00_0.00
64,0.0,0.00_0.00_0.00,0.0,0.00_0.00_0.00
64,0.0,0.00_0.00_0.00,0.0,0.00_0.00_0.00
64,0.0,0.00_0.00_0.00,0.0,0.00_0.00_0.00
64,0.0,0.00_0.00_0.00,0.0,0.00_0.00_0.00
64,0.0,0.00_0.00_0.00,0.0,0.00_0.00_0.00
64,0.0,0.00_0.00_0.00,0.0,0.00_0.00_0.00
65,42.58,125.60_248.54_-304.25,38.43,122.46_248.54_-277.08
65,38.43,122.46_248.54_-277.08,21.77,150.72_252.99_16.30
65,21.77,150.72_252.99_16.30,20.97,147.58_248.55_16.30
65,20.97,147.58_248.55_16.30,20.66,150.72_244.11_16.30
65,20.66,150.72_244.11_16.30,20.48,147.58_244.11_21.73
65,20.48,147.58_244.11_21.73,12.53,135.02_173.10_43.47
65,12.53,135.02_173.10_43.47,3.41,94.20_48.82_48.90
65,3.41,94.20_48.82_48.90,2.87,78.50_62.14_38.03
65,2.87,78.50_62.14_38.03,2.87,78.50_62.14_38.03
65,2.87,78.50_62.14_38.03,2.62,75.36_57.70_38.03
65,2.62,75.36_57.70_38.03,2.61,78.50_53.26_38.03
65,2.61,78.50_53.26_38.03,2.38,75.36_48.82_38.03
65,2.38,75.36_48.82_38.03,2.38,72.22_53.26_38.03
65,2.38,72.22_53.26_38.03,2.38,72.22_53.26_38.03
65,2.38,72.22_53.26_38.03,0.85,-6.28_31.07_-48.90
65,0.85,-6.28_31.07_-48.90,0.72,-3.14_31.07_-43.47
65,0.72,-3.14_31.07_-43.47,0.61,-6.28_31.07_-38.03
65,0.61,-6.28_31.07_-38.03,0.52,-12.56_22.19_-38.03
65,0.52,-12.56_22.19_-38.03,0.38,-12.56_17.75_-32.60
65,0.38,-12.56_17.75_-32.60,0.38,-12.56_17.75_-32.60
65,0.38,-12.56_17.75_-32.60,0.33,-15.70_17.75_-27.17
65,0.33,-15.70_17.75_-27.17,0.27,-12.56_13.32_-27.17
65,0.27,-12.56_13.32_-27.17,0.27,-15.70_8.88_-27.17
65,0.27,-15.70_8.88_-27.17,0.18,-12.56_8.88_-21.73
65,0.18,-12.56_8.88_-21.73,0.11,-9.42_8.88_-16.30
65,0.11,-9.42_8.88_-16.30,0.06,-9.42_4.44_-10.87
65,0.06,-9.42_4.44_-10.87,0.06,-9.42_4.44_-10.87
65,0.06,-9.42_4.44_-10.87,0.05,-12.56_4.44_-5.43
65,0.05,-12.56_4.44_-5.43,0.05,-12.56_4.44_-5.43
65,0.05,-12.56_4.44_-5.43,0.05,-9.42_8.88_-5.43
65,0.05,-9.42_8.88_-5.43,0.05,-9.42_8.88_-5.43
65,0.05,-9.42_8.88_-5.43,0.03,-6.28_8.88_0.00
65,0.03,-6.28_8.88_0.00,0.01,-3.14_4.44_0.00
65,0.01,-3.14_4.44_0.00,0.01,-3.14_4.44_0.00
65,0.01,-3.14_4.44_0.00,0.01,-3.14_4.44_0.00
65,0.01,-3.14_4.44_0.00,0.0,0.00_0.00_0.00
65,0.0,0.00_0.00_0.00,0.0,0.00_0.00_0.00
66,91.21,-383.06_119.82_450.92,2.49,-28.26_93.21_-21.73
66,2.49,-28.26_93.21_-21.73,2.46,-40.82_88.77_-16.30
66,2.46,-40.82_88.77_-16.30,0.31,-15.70_-26.63_16.30
66,0.31,-15.70_-26.63_16.30,0.28,-18.84_-22.19_16.30
66,0.28,-18.84_-22.19_16.30,0.28,-18.84_-22.19_16.30
66,0.28,-18.84_-22.19_16.30,0.27,-21.98_-22.19_10.87
66,0.27,-21.98_-22.19_10.87,0.27,-25.12_-17.75_10.87
66,0.27,-25.12_-17.75_10.87,0.27,-25.12_-17.75_10.87
66,0.27,-25.12_-17.75_10.87,0.27,-25.12_-17.75_10.87
66,0.27,-25.12_-17.75_10.87,0.27,-21.98_-17.75_16.30
66,0.27,-21.98_-17.75_16.30,0.27,-21.98_-17.75_16.30
66,0.27,-21.98_-17.75_16.30,0.2,-18.84_-13.32_16.30
66,0.2,-18.84_-13.32_16.30,0.2,-18.84_-13.32_16.30
66,0.2,-18.84_-13.32_16.30,0.2,-18.84_-17.75_10.87
66,0.2,-18.84_-17.75_10.87,0.2,-18.84_-17.75_10.87
66,0.2,-18.84_-17.75_10.87,0.1,-18.84_-4.44_5.43
66,0.1,-18.84_-4.44_5.43,0.1,-15.70_-4.44_10.87
66,0.1,-15.70_-4.44_10.87,0.05,-12.56_-4.44_5.43
66,0.05,-12.56_-4.44_5.43,0.05,-12.56_-4.44_5.43
66,0.05,-12.56_-4.44_5.43,0.03,-9.42_-4.44_0.00
66,0.03,-9.42_-4.44_0.00,0.03,-9.42_-4.44_0.00
66,0.03,-9.42_-4.44_0.00,0.02,-6.28_-4.44_5.43
66,0.02,-6.28_-4.44_5.43,0.02,-6.28_-4.44_5.43
66,0.02,-6.28_-4.44_5.43,0.02,-6.28_-4.44_5.43
66,0.02,-6.28_-4.44_5.43,0.01,-3.14_0.00_5.43
66,0.01,-3.14_0.00_5.43,0.01,-3.14_0.00_5.43
66,0.01,-3.14_0.00_5.43,0.01,3.14_0.00_5.43
66,0.01,3.14_0.00_5.43,0.01,3.14_0.00_5.43
66,0.01,3.14_0.00_5.43,0.0,0.00_0.00_0.00
66,0.0,0.00_0.00_0.00,0.0,0.00_0.00_0.00
66,0.0,0.00_0.00_0.00,0.0,0.00_0.00_0.00
67,73.51,-364.23_-226.34_331.40,22.11,103.62_-221.92_168.43
67,22.11,103.62_-221.92_168.43,15.8,91.06_-128.71_195.59
67,15.8,91.06_-128.71_195.59,15.13,87.92_-128.71_190.16
67,15.13,87.92_-128.71_190.16,15.13,87.92_-128.71_190.16
67,15.13,87.92_-128.71_190.16,14.34,87.92_-124.27_184.73
67,14.34,87.92_-124.27_184.73,13.94,84.78_-119.84_184.73
67,13.94,84.78_-119.84_184.73,13.54,81.64_-115.40_184.73
67,13.54,81.64_-115.40_184.73,13.18,84.78_-115.40_179.29
67,13.18,84.78_-115.40_179.29,11.64,87.92_-102.08_168.43
67,11.64,87.92_-102.08_168.43,11.29,84.78_-97.64_168.43
67,11.29,84.78_-97.64_168.43,10.06,81.64_-93.21_157.56
67,10.06,81.64_-93.21_157.56,9.73,78.50_-88.77_157.56
67,9.73,78.50_-88.77_157.56,9.66,81.64_-84.33_157.56
67,9.66,81.64_-84.33_157.56,9.66,81.64_-84.33_157.56
67,9.66,81.64_-84.33_157.56,9.06,81.64_-79.89_152.13
67,9.06,81.64_-79.89_152.13,8.76,78.50_-75.45_152.13
67,8.76,78.50_-75.45_152.13,8.23,75.36_-75.45_146.70
67,8.23,75.36_-75.45_146.70,8.23,75.36_-75.45_146.70
67,8.23,75.36_-75.45_146.70,7.73,72.22_-75.45_141.26
67,7.73,72.22_-75.45_141.26,7.45,69.08_-71.01_141.26
67,7.45,69.08_-71.01_141.26,5.83,72.22_-71.01_114.10
67,5.83,72.22_-71.01_114.10,5.56,69.08_-66.58_114.10
67,5.56,69.08_-66.58_114.10,4.96,59.66_-66.58_108.66
67,4.96,59.66_-66.58_108.66,4.76,62.80_-66.58_103.23
67,4.76,62.80_-66.58_103.23,4.72,65.94_-62.14_103.23
67,4.72,65.94_-62.14_103.23,4.72,65.94_-62.14_103.23
67,4.72,65.94_-62.14_103.23,4.69,69.08_-57.70_103.23
67,4.69,69.08_-57.70_103.23,1.85,75.36_-31.07_-27.17
67,1.85,75.36_-31.07_-27.17,1.58,72.22_-31.07_-10.87
67,1.58,72.22_-31.07_-10.87,1.58,72.22_-31.07_-10.87
67,1.58,72.22_-31.07_-10.87,1.58,72.22_-31.07_-10.87
67,1.58,72.22_-31.07_-10.87,1.4,69.08_-26.63_-10.87
67,1.4,69.08_-26.63_-10.87,1.4,69.08_-26.63_-10.87
67,1.4,69.08_-26.63_-10.87,1.3,69.08_-17.75_-10.87
67,1.3,69.08_-17.75_-10.87,1.17,65.94_-17.75_-5.43
67,1.17,65.94_-17.75_-5.43,0.96,59.66_-13.32_10.87
67,0.96,59.66_-13.32_10.87,0.18,-12.56_-8.88_21.73
67,0.18,-12.56_-8.88_21.73,0.18,-12.56_-8.88_21.73
67,0.18,-12.56_-8.88_21.73,0.11,-12.56_-4.44_16.30
67,0.11,-12.56_-4.44_16.30,0.09,-9.42_0.00_16.30
67,0.09,-9.42_0.00_16.30,0.08,-6.28_4.44_16.30
67,0.08,-6.28_4.44_16.30,0.08,-6.28_-4.44_16.30
67,0.08,-6.28_-4.44_16.30,0.06,-9.42_-4.44_10.87
67,0.06,-9.42_-4.44_10.87,0.04,-6.28_0.00_10.87
67,0.04,-6.28_0.00_10.87,0.03,-9.42_0.00_5.43
67,0.03,-9.42_0.00_5.43,0.02,-6.28_4.44_5.43
67,0.02,-6.28_4.44_5.43,0.01,-3.14_4.44_0.00
67,0.01,-3.14_4.44_0.00,0.0,0.00_0.00_0.00
67,0.0,0.00_0.00_0.00,0.0,0.00_0.00_0.00
67,0.0,0.00_0.00_0.00,0.0,0.00_0.00_0.00
67,0.0,0.00_0.00_0.00,0.0,0.00_0.00_0.00
67,0.0,0.00_0.00_0.00,0.0,0.00_0.00_0.00
68,124.87,565.18_0.00_-423.74,66.21,499.26_-119.83_-32.60
68,66.21,499.26_-119.83_-32.60,55.36,458.44_-102.08_-27.17
68,55.36,458.44_-102.08_-27.17,2.44,69.08_26.63_65.20
68,2.44,69.08_26.63_65.20,1.15,59.66_17.75_27.17
68,1.15,59.66_17.75_27.17,1.15,59.66_17.75_27.17
68,1.15,59.66_17.75_27.17,1.03,56.52_13.32_27.17
68,1.03,56.52_13.32_27.17,1.03,56.52_13.32_27.17
68,1.03,56.52_13.32_27.17,0.92,53.38_8.88_27.17
68,0.92,53.38_8.88_27.17,0.76,47.10_8.88_27.17
68,0.76,47.10_8.88_27.17,0.76,47.10_8.88_27.17
68,0.76,47.10_8.88_27.17,0.33,21.98_8.88_27.17
68,0.33,21.98_8.88_27.17,0.24,21.98_4.44_21.73
68,0.24,21.98_4.44_21.73,0.21,18.84_0.00_21.73
68,0.21,18.84_0.00_21.73,0.18,15.70_-4.44_21.73
68,0.18,15.70_-4.44_21.73,0.16,12.56_0.00_21.73
68,0.16,12.56_0.00_21.73,0.16,12.56_0.00_21.73
68,0.16,12.56_0.00_21.73,0.13,15.70_0.00_16.30
68,0.13,15.70_0.00_16.30,0.1,15.70_4.44_10.87
68,0.1,15.70_4.44_10.87,0.09,15.70_8.88_5.43
68,0.09,15.70_8.88_5.43,0.09,15.70_8.88_5.43
68,0.09,15.70_8.88_5.43,0.07,15.70_-4.44_0.00
68,0.07,15.70_-4.44_0.00,0.05,12.56_-4.44_5.43
68,0.05,12.56_-4.44_5.43,0.05,12.56_-4.44_5.43
68,0.05,12.56_-4.44_5.43,0.03,9.42_-4.44_0.00
68,0.03,9.42_-4.44_0.00,0.01,6.28_0.00_0.00
68,0.01,6.28_0.00_0.00,0.01,6.28_0.00_0.00
68,0.01,6.28_0.00_0.00,0.01,3.14_4.44_0.00
68,0.01,3.14_4.44_0.00,0.0,0.00_0.00_0.00
68,0.0,0.00_0.00_0.00,0.0,0.00_0.00_0.00
68,0.0,0.00_0.00_0.00,0.0,0.00_0.00_0.00
68,0.0,0.00_0.00_0.00,0.0,0.00_0.00_0.00
68,0.0,0.00_0.00_0.00,0.0,0.00_0.00_0.00
68,0.0,0.00_0.00_0.00,0.0,0.00_0.00_0.00
69,160.07,-584.00_-323.95_-440.00,4.9,-72.22_119.84_0.00
69,4.9,-72.22_119.84_0.00,0.1,9.42_13.32_-10.87
69,0.1,9.42_13.32_-10.87,0.1,9.42_13.32_-10.87
69,0.1,9.42_13.32_-10.87,0.09,12.56_8.88_-10.87
69,0.09,12.56_8.88_-10.87,0.09,12.56_8.88_-10.87
69,0.09,12.56_8.88_-10.87,0.09,9.42_0.00_-16.30
69,0.09,9.42_0.00_-16.30,0.09,9.42_0.00_-16.30
69,0.09,9.42_0.00_-16.30,0.08,6.28_4.44_-16.30
69,0.08,6.28_4.44_-16.30,0.08,6.28_4.44_-16.30
69,0.08,6.28_4.44_-16.30,0.04,3.14_4.44_-10.87
69,0.04,3.14_4.44_-10.87,0.01,0.00_4.44_-5.43
69,0.01,0.00_4.44_-5.43,0.01,3.14_0.00_-5.43
69,0.01,3.14_0.00_-5.43,0.01,3.14_0.00_-5.43
69,0.01,3.14_0.00_-5.43,0.01,3.14_0.00_-5.43
69,0.01,3.14_0.00_-5.43,0.01,3.14_-4.44_0.00
69,0.01,3.14_-4.44_0.00,0.01,3.14_-4.44_0.00
69,0.01,3.14_-4.44_0.00,0.01,3.14_-4.44_0.00
69,0.01,3.14_-4.44_0.00,0.0,0.00_0.00_0.00
69,0.0,0.00_0.00_0.00,0.0,0.00_0.00_0.00
69,0.0,0.00_0.00_0.00,0.0,0.00_0.00_0.00
69,0.0,0.00_0.00_0.00,0.0,0.00_0.00_0.00
69,0.0,0.00_0.00_0.00,0.0,0.00_0.00_0.00
69,0.0,0.00_0.00_0.00,0.0,0.00_0.00_0.00
69,0.0,0.00_0.00_0.00,0.0,0.00_0.00_0.00
69,0.0,0.00_0.00_0.00,0.0,0.00_0.00_0.00
69,0.0,0.00_0.00_0.00,0.0,0.00_0.00_0.00
70,17.31,216.66_-26.63_146.70,17.31,216.66_-26.63_146.70
70,17.31,216.66_-26.63_146.70,17.31,216.66_-26.63_146.70
70,17.31,216.66_-26.63_146.70,17.26,219.80_-26.63_141.26
70,17.26,219.80_-26.63_141.26,16.98,216.66_-31.07_141.26
70,16.98,216.66_-31.07_141.26,16.58,213.52_-26.63_141.26
70,16.58,213.52_-26.63_141.26,15.87,210.38_-26.63_135.83
70,15.87,210.38_-26.63_135.83,15.22,204.10_-26.63_135.83
70,15.22,204.10_-26.63_135.83,7.15,141.30_-8.88_92.36
70,7.15,141.30_-8.88_92.36,7.15,141.30_-8.88_92.36
70,7.15,141.30_-8.88_92.36,6.92,138.16_-4.44_92.36
70,6.92,138.16_-4.44_92.36,6.7,135.02_0.00_92.36
70,6.7,135.02_0.00_92.36,6.7,135.02_0.00_92.36
70,6.7,135.02_0.00_92.36,6.24,131.88_0.00_86.93
70,6.24,131.88_0.00_86.93,5.69,122.46_-13.32_86.93
70,5.69,122.46_-13.32_86.93,5.69,122.46_-13.32_86.93
70,5.69,122.46_-13.32_86.93,5.47,119.32_-8.88_86.93
70,5.47,119.32_-8.88_86.93,4.54,131.88_-4.44_27.17
70,4.54,131.88_-4.44_27.17,4.54,131.88_-4.44_27.17
70,4.54,131.88_-4.44_27.17,4.35,128.74_-8.88_27.17
70,4.35,128.74_-8.88_27.17,4.35,128.74_-8.88_27.17
70,4.35,128.74_-8.88_27.17,4.18,125.60_-13.32_27.17
70,4.18,125.60_-13.32_27.17,3.91,122.46_-13.32_21.73
70,3.91,122.46_-13.32_21.73,3.79,119.32_-13.32_27.17
70,3.79,119.32_-13.32_27.17,1.55,72.22_-22.19_21.73
70,1.55,72.22_-22.19_21.73,1.49,69.08_-26.63_21.73
70,1.49,69.08_-26.63_21.73,1.49,69.08_-26.63_21.73
70,1.49,69.08_-26.63_21.73,1.33,65.94_-22.19_21.73
70,1.33,65.94_-22.19_21.73,1.33,65.94_-22.19_21.73
70,1.33,65.94_-22.19_21.73,1.28,62.80_-26.63_21.73
70,1.28,62.80_-26.63_21.73,1.28,62.80_-26.63_21.73
70,1.28,62.80_-26.63_21.73,1.28,62.80_-26.63_21.73
70,1.28,62.80_-26.63_21.73,1.28,62.80_-26.63_21.73
70,1.28,62.80_-26.63_21.73,1.25,59.66_-31.07_21.73
70,1.25,59.66_-31.07_21.73,1.25,59.66_-31.07_21.73
70,1.25,59.66_-31.07_21.73,1.05,59.66_-13.32_21.73
70,1.05,59.66_-13.32_21.73,0.98,59.66_-8.88_16.30
70,0.98,59.66_-8.88_16.30,0.85,56.52_-8.88_10.87
70,0.85,56.52_-8.88_10.87,0.79,53.38_-13.32_10.87
70,0.79,53.38_-13.32_10.87,0.68,50.24_-8.88_10.87
70,0.68,50.24_-8.88_10.87,0.63,47.10_-13.32_10.87
70,0.63,47.10_-13.32_10.87,0.59,43.96_-17.75_10.87
70,0.59,43.96_-17.75_10.87,0.5,40.82_-17.75_-5.43
70,0.5,40.82_-17.75_-5.43,0.5,40.82_-17.75_-5.43
70,0.5,40.82_-17.75_-5.43,0.5,40.82_-17.75_-5.43
70,0.5,40.82_-17.75_-5.43,0.5,40.82_-17.75_-5.43
70,0.5,40.82_-17.75_-5.43,0.49,37.68_-22.19_-5.43
70,0.49,37.68_-22.19_-5.43,0.49,37.68_-22.19_-5.43
70,0.49,37.68_-22.19_-5.43,0.46,37.68_-17.75_-10.87
70,0.46,37.68_-17.75_-10.87,0.4,37.68_-8.88_-10.87
70,0.4,37.68_-8.88_-10.87,0.3,31.40_-8.88_-10.87
70,0.3,31.40_-8.88_-10.87,0.23,28.26_-8.88_-5.43
70,0.23,28.26_-8.88_-5.43,0.21,28.26_0.00_-5.43
70,0.21,28.26_0.00_-5.43,0.17,25.12_4.44_5.43
70,0.17,25.12_4.44_5.43,0.17,25.12_4.44_5.43
70,0.17,25.12_4.44_5.43,0.17,25.12_4.44_5.43
70,0.17,25.12_4.44_5.43,0.17,25.12_4.44_5.43
70,0.17,25.12_4.44_5.43,0.13,21.98_0.00_5.43
70,0.13,21.98_0.00_5.43,0.09,18.84_0.00_0.00
70,0.09,18.84_0.00_0.00,0.07,15.70_0.00_5.43
70,0.07,15.70_0.00_5.43,0.07,15.70_0.00_5.43
70,0.07,15.70_0.00_5.43,0.07,15.70_0.00_5.43
70,0.07,15.70_0.00_5.43,0.05,12.56_4.44_5.43
70,0.05,12.56_4.44_5.43,0.05,12.56_4.44_5.43
70,0.05,12.56_4.44_5.43,0.05,9.42_8.88_5.43
70,0.05,9.42_8.88_5.43,0.02,6.28_4.44_5.43
70,0.02,6.28_4.44_5.43,0.02,6.28_4.44_5.43
70,0.02,6.28_4.44_5.43,0.01,3.14_4.44_0.00
70,0.01,3.14_4.44_0.00,0.01,3.14_4.44_0.00
70,0.01,3.14_4.44_0.00,0.0,0.00_0.00_0.00
70,0.0,0.00_0.00_0.00,0.0,0.00_0.00_0.00
71,48.09,232.35_97.64_-358.58,48.09,232.35_97.64_-358.58
71,48.09,232.35_97.64_-358.58,46.75,229.22_97.64_-353.15
71,46.75,229.22_97.64_-353.15,46.75,229.22_97.64_-353.15
71,46.75,229.22_97.64_-353.15,9.55,157.00_22.19_114.10
71,9.55,157.00_22.19_114.10,7.03,138.16_22.19_92.36
71,7.03,138.16_22.19_92.36,6.75,138.16_17.75_86.93
71,6.75,138.16_17.75_86.93,2.66,100.48_-8.88_21.73
71,2.66,100.48_-8.88_21.73,2.46,97.34_-8.88_16.30
71,2.46,97.34_-8.88_16.30,2.36,94.20_-8.88_21.73
71,2.36,94.20_-8.88_21.73,2.29,94.20_-4.44_16.30
71,2.29,94.20_-4.44_16.30,2.29,94.20_-4.44_16.30
71,2.29,94.20_-4.44_16.30,2.29,94.20_-4.44_16.30
71,2.29,94.20_-4.44_16.30,2.14,91.06_0.00_16.30
71,2.14,91.06_0.00_16.30,2.05,87.92_0.00_21.73
71,2.05,87.92_0.00_21.73,1.81,81.64_8.88_21.73
71,1.81,81.64_8.88_21.73,1.75,78.50_8.88_27.17
71,1.75,78.50_8.88_27.17,1.66,78.50_4.44_21.73
71,1.66,78.50_4.44_21.73,1.63,78.50_8.88_16.30
71,1.63,78.50_8.88_16.30,1.62,78.50_13.32_10.87
71,1.62,78.50_13.32_10.87,1.07,3.14_26.63_59.77
71,1.07,3.14_26.63_59.77,0.98,3.14_31.07_54.33
71,0.98,3.14_31.07_54.33,0.78,3.14_26.63_48.90
71,0.78,3.14_26.63_48.90,0.78,3.14_26.63_48.90
71,0.78,3.14_26.63_48.90,0.6,3.14_22.19_43.47
71,0.6,3.14_22.19_43.47,0.56,6.28_17.75_43.47
71,0.56,6.28_17.75_43.47,0.52,3.14_13.32_43.47
71,0.52,3.14_13.32_43.47,0.52,3.14_13.32_43.47
71,0.52,3.14_13.32_43.47,0.49,0.00_8.88_43.47
71,0.49,0.00_8.88_43.47,0.29,0.00_8.88_32.60
71,0.29,0.00_8.88_32.60,0.24,6.28_13.32_27.17
71,0.24,6.28_13.32_27.17,0.24,6.28_13.32_27.17
71,0.24,6.28_13.32_27.17,0.2,6.28_4.44_27.17
71,0.2,6.28_4.44_27.17,0.18,-9.42_13.32_21.73
71,0.18,-9.42_13.32_21.73,0.12,-6.28_13.32_16.30
71,0.12,-6.28_13.32_16.30,0.08,-3.14_13.32_10.87
71,0.08,-3.14_13.32_10.87,0.05,0.00_13.32_5.43
71,0.05,0.00_13.32_5.43,0.05,0.00_13.32_5.43
71,0.05,0.00_13.32_5.43,0.05,-3.14_13.32_0.00
71,0.05,-3.14_13.32_0.00,0.03,-6.28_8.88_0.00
71,0.03,-6.28_8.88_0.00,0.03,-6.28_8.88_0.00
71,0.03,-6.28_8.88_0.00,0.03,-9.42_4.44_0.00
71,0.03,-9.42_4.44_0.00,0.03,-9.42_4.44_0.00
71,0.03,-9.42_4.44_0.00,0.03,-9.42_-4.44_0.00
71,0.03,-9.42_-4.44_0.00,0.02,-6.28_-4.44_-5.43
71,0.02,-6.28_-4.44_-5.43,0.01,0.00_-4.44_-5.43
71,0.01,0.00_-4.44_-5.43,0.0,0.00_0.00_0.00
71,0.0,0.00_0.00_0.00,0.0,0.00_0.00_0.00
71,0.0,0.00_0.00_0.00,0.0,0.00_0.00_0.00
72,60.58,348.53_261.86_228.18,45.84,298.30_252.98_173.86
72,45.84,298.30_252.98_173.86,26.34,310.86_-66.58_65.20
72,26.34,310.86_-66.58_65.20,26.34,310.86_-66.58_65.20
72,26.34,310.86_-66.58_65.20,0.73,-15.70_-39.95_-32.60
72,0.73,-15.70_-39.95_-32.60,0.62,-12.56_-39.95_-27.17
72,0.62,-12.56_-39.95_-27.17,0.62,-12.56_-39.95_-27.17
72,0.62,-12.56_-39.95_-27.17,0.62,-12.56_-39.95_-27.17
72,0.62,-12.56_-39.95_-27.17,0.62,-12.56_-35.51_-32.60
72,0.62,-12.56_-35.51_-32.60,0.47,-12.56_-31.07_-27.17
72,0.47,-12.56_-31.07_-27.17,0.42,-15.70_-31.07_-21.73
72,0.42,-15.70_-31.07_-21.73,0.34,-12.56_-26.63_-21.73
72,0.34,-12.56_-26.63_-21.73,0.26,-9.42_-22.19_-21.73
72,0.26,-9.42_-22.19_-21.73,0.26,-9.42_-22.19_-21.73
72,0.26,-9.42_-22.19_-21.73,0.21,-6.28_-17.75_-21.73
72,0.21,-6.28_-17.75_-21.73,0.18,-9.42_-13.32_-21.73
72,0.18,-9.42_-13.32_-21.73,0.15,-6.28_-8.88_-21.73
72,0.15,-6.28_-8.88_-21.73,0.15,-6.28_-8.88_-21.73
72,0.15,-6.28_-8.88_-21.73,0.15,-9.42_-4.44_-21.73
72,0.15,-9.42_-4.44_-21.73,0.11,-12.56_-4.44_-16.30
72,0.11,-12.56_-4.44_-16.30,0.09,-9.42_0.00_-16.30
72,0.09,-9.42_0.00_-16.30,0.06,-9.42_4.44_-10.87
72,0.06,-9.42_4.44_-10.87,0.06,-9.42_4.44_-10.87
72,0.06,-9.42_4.44_-10.87,0.05,-12.56_4.44_-5.43
72,0.05,-12.56_4.44_-5.43,0.01,3.14_0.00_5.43
72,0.01,3.14_0.00_5.43,0.0,0.00_0.00_0.00
72,0.0,0.00_0.00_0.00,0.0,0.00_0.00_0.00
72,0.0,0.00_0.00_0.00,0.0,0.00_0.00_0.00
72,0.0,0.00_0.00_0.00,0.0,0.00_0.00_0.00
73,152.93,-448.97_-412.69_488.88,27.84,-210.38_-257.43_27.17
73,27.84,-210.38_-257.43_27.17,27.84,-210.38_-257.43_27.17
73,27.84,-210.38_-257.43_27.17,7.64,-87.92_-53.26_-141.26
73,7.64,-87.92_-53.26_-141.26,7.64,-87.92_-53.26_-141.26
73,7.64,-87.92_-53.26_-141.26,7.15,-87.92_-48.82_-135.83
73,7.15,-87.92_-48.82_-135.83,0.86,-3.14_22.19_-54.33
73,0.86,-3.14_22.19_-54.33,0.75,-3.14_4.44_-54.33
73,0.75,-3.14_4.44_-54.33,0.48,-3.14_4.44_-43.47
73,0.48,-3.14_4.44_-43.47,0.38,-6.28_4.44_-38.03
73,0.38,-6.28_4.44_-38.03,0.27,-3.14_4.44_-32.60
73,0.27,-3.14_4.44_-32.60,0.19,0.00_4.44_-27.17
73,0.19,0.00_4.44_-27.17,0.13,3.14_4.44_-21.73
73,0.13,3.14_4.44_-21.73,0.13,3.14_4.44_-21.73
73,0.13,3.14_4.44_-21.73,0.12,0.00_0.00_-21.73
73,0.12,0.00_0.00_-21.73,0.07,3.14_0.00_-16.30
73,0.07,3.14_0.00_-16.30,0.07,3.14_0.00_-16.30
73,0.07,3.14_0.00_-16.30,0.04,6.28_0.00_-10.87
73,0.04,6.28_0.00_-10.87,0.04,3.14_4.44_-10.87
73,0.04,3.14_4.44_-10.87,0.03,6.28_8.88_0.00
73,0.03,6.28_8.88_0.00,0.03,9.42_4.44_0.00
73,0.03,9.42_4.44_0.00,0.03,9.42_4.44_0.00
73,0.03,9.42_4.44_0.00,0.01,6.28_0.00_0.00
73,0.01,6.28_0.00_0.00,0.0,0.00_0.00_0.00
73,0.0,0.00_0.00_0.00,0.0,0.00_0.00_0.00
73,0.0,0.00_0.00_0.00,0.0,0.00_0.00_0.00
73,0.0,0.00_0.00_0.00,0.0,0.00_0.00_0.00
73,0.0,0.00_0.00_0.00,0.0,0.00_0.00_0.00
73,0.0,0.00_0.00_0.00,0.0,0.00_0.00_0.00
73,0.0,0.00_0.00_0.00,0.0,0.00_0.00_0.00
74,18.19,-122.46_-239.67_-16.30,12.87,-97.34_-204.17_-16.30
74,12.87,-97.34_-204.17_-16.30,11.71,-100.48_-190.85_-16.30
74,11.71,-100.48_-190.85_-16.30,11.6,-97.34_-190.85_-21.73
74,11.6,-97.34_-190.85_-21.73,11.03,-94.20_-186.41_-21.73
74,11.03,-94.20_-186.41_-21.73,11.03,-94.20_-186.41_-21.73
74,11.03,-94.20_-186.41_-21.73,10.78,-97.34_-181.98_-21.73
74,10.78,-97.34_-181.98_-21.73,3.24,-65.94_-88.77_-27.17
74,3.24,-65.94_-88.77_-27.17,3.13,-65.94_-84.33_-32.60
74,3.13,-65.94_-84.33_-32.60,3.13,-65.94_-84.33_-32.60
74,3.13,-65.94_-84.33_-32.60,1.38,-72.22_13.32_-10.87
74,1.38,-72.22_13.32_-10.87,1.38,-72.22_13.32_-10.87
74,1.38,-72.22_13.32_-10.87,1.3,-69.08_13.32_-16.30
74,1.3,-69.08_13.32_-16.30,1.17,-65.94_8.88_-16.30
74,1.17,-65.94_8.88_-16.30,0.84,-53.38_4.44_-21.73
74,0.84,-53.38_4.44_-21.73,0.77,-50.24_8.88_-21.73
74,0.77,-50.24_8.88_-21.73,0.77,-50.24_8.88_-21.73
74,0.77,-50.24_8.88_-21.73,0.77,-50.24_8.88_-21.73
74,0.77,-50.24_8.88_-21.73,0.77,-50.24_8.88_-21.73
74,0.77,-50.24_8.88_-21.73,0.74,-50.24_13.32_-16.30
74,0.74,-50.24_13.32_-16.30,0.74,-50.24_13.32_-16.30
74,0.74,-50.24_13.32_-16.30,0.72,-47.10_13.32_-21.73
74,0.72,-47.10_13.32_-21.73,0.72,-47.10_13.32_-21.73
74,0.72,-47.10_13.32_-21.73,0.72,-47.10_13.32_-21.73
74,0.72,-47.10_13.32_-21.73,0.72,-47.10_13.32_-21.73
74,0.72,-47.10_13.32_-21.73,0.59,-43.96_13.32_-16.30
74,0.59,-43.96_13.32_-16.30,0.59,-43.96_13.32_-16.30
74,0.59,-43.96_13.32_-16.30,0.47,-37.68_13.32_-16.30
74,0.47,-37.68_13.32_-16.30,0.47,-37.68_13.32_-16.30
74,0.47,-37.68_13.32_-16.30,0.44,-34.54_17.75_-16.30
74,0.44,-34.54_17.75_-16.30,0.44,-31.40_22.19_-16.30
74,0.44,-31.40_22.19_-16.30,0.44,-31.40_22.19_-16.30
74,0.44,-31.40_22.19_-16.30,0.28,-18.84_22.19_-16.30
74,0.28,-18.84_22.19_-16.30,0.21,-15.70_22.19_-10.87
74,0.21,-15.70_22.19_-10.87,0.21,-15.70_22.19_-10.87
74,0.21,-15.70_22.19_-10.87,0.15,-12.56_17.75_-10.87
74,0.15,-12.56_17.75_-10.87,0.15,-12.56_17.75_-10.87
74,0.15,-12.56_17.75_-10.87,0.14,-15.70_13.32_-10.87
74,0.14,-15.70_13.32_-10.87,0.14,-15.70_13.32_-10.87
74,0.14,-15.70_13.32_-10.87,0.14,-15.70_13.32_-10.87
74,0.14,-15.70_13.32_-10.87,0.14,-15.70_13.32_-10.87
74,0.14,-15.70_13.32_-10.87,0.09,-12.56_8.88_-10.87
74,0.09,-12.56_8.88_-10.87,0.06,-9.42_4.44_-10.87
74,0.06,-9.42_4.44_-10.87,0.05,0.00_8.88_-10.87
74,0.05,0.00_8.88_-10.87,0.05,0.00_8.88_-10.87
74,0.05,0.00_8.88_-10.87,0.04,-3.14_4.44_-10.87
74,0.04,-3.14_4.44_-10.87,0.02,-6.28_4.44_-5.43
74,0.02,-6.28_4.44_-5.43,0.02,-6.28_4.44_-5.43
74,0.02,-6.28_4.44_-5.43,0.02,-6.28_4.44_-5.43
74,0.02,-6.28_4.44_-5.43,0.02,-6.28_4.44_-5.43
74,0.02,-6.28_4.44_-5.43,0.01,-3.14_4.44_0.00
74,0.01,-3.14_4.44_0.00,0.01,-3.14_4.44_0.00
74,0.01,-3.14_4.44_0.00,0.01,-3.14_4.44_0.00
74,0.01,-3.14_4.44_0.00,0.0,0.00_0.00_0.00
74,0.0,0.00_0.00_0.00,0.0,0.00_0.00_0.00
74,0.0,0.00_0.00_0.00,0.0,0.00_0.00_0.00
74,0.0,0.00_0.00_0.00,0.0,0.00_0.00_0.00
74,0.0,0.00_0.00_0.00,0.0,0.00_0.00_0.00
74,0.0,0.00_0.00_0.00,0.0,0.00_0.00_0.00
75,100.39,194.67_545.89_-255.32,18.49,207.24_-26.63_173.86
75,18.49,207.24_-26.63_173.86,6.88,106.76_-22.19_124.96
75,6.88,106.76_-22.19_124.96,6.88,106.76_-22.19_124.96
75,6.88,106.76_-22.19_124.96,6.61,106.76_-26.63_119.53
75,6.61,106.76_-26.63_119.53,6.39,103.62_-22.19_119.53
75,6.39,103.62_-22.19_119.53,6.18,100.48_-17.75_119.53
75,6.18,100.48_-17.75_119.53,4.46,56.52_-17.75_119.53
75,4.46,56.52_-17.75_119.53,4.46,56.52_-17.75_119.53
75,4.46,56.52_-17.75_119.53,4.33,53.38_-13.32_119.53
75,4.33,53.38_-13.32_119.53,4.23,50.24_-8.88_119.53
75,4.23,50.24_-8.88_119.53,4.23,50.24_-8.88_119.53
75,4.23,50.24_-8.88_119.53,4.18,47.10_-13.32_119.53
75,4.18,47.10_-13.32_119.53,3.94,50.24_-13.32_114.10
75,3.94,50.24_-13.32_114.10,3.71,53.38_-13.32_108.66
75,3.71,53.38_-13.32_108.66,3.71,53.38_-13.32_108.66
75,3.71,53.38_-13.32_108.66,3.67,50.24_-17.75_108.66
75,3.67,50.24_-17.75_108.66,0.12,-6.28_-17.75_10.87
75,0.12,-6.28_-17.75_10.87,0.11,-9.42_-17.75_5.43
75,0.11,-9.42_-17.75_5.43,0.11,-9.42_-17.75_-5.43
75,0.11,-9.42_-17.75_-5.43,0.11,-9.42_-17.75_-5.43
75,0.11,-9.42_-17.75_-5.43,0.09,-12.56_-13.32_-5.43
75,0.09,-12.56_-13.32_-5.43,0.09,-12.56_-13.32_-5.43
75,0.09,-12.56_-13.32_-5.43,0.07,9.42_-13.32_0.00
75,0.07,9.42_-13.32_0.00,0.07,9.42_-13.32_0.00
75,0.07,9.42_-13.32_0.00,0.05,9.42_-8.88_-5.43
75,0.05,9.42_-8.88_-5.43,0.05,9.42_-8.88_-5.43
75,0.05,9.42_-8.88_-5.43,0.02,6.28_-4.44_-5.43
75,0.02,6.28_-4.44_-5.43,0.02,6.28_-4.44_-5.43
75,0.02,6.28_-4.44_-5.43,0.01,3.14_0.00_-5.43
75,0.01,3.14_0.00_-5.43,0.01,3.14_4.44_0.00
75,0.01,3.14_4.44_0.00,0.0,0.00_0.00_0.00
75,0.0,0.00_0.00_0.00,0.0,0.00_0.00_0.00
76,42.65,408.20_53.26_32.60,34.02,339.12_119.84_81.50
76,34.02,339.12_119.84_81.50,3.67,-3.14_102.08_65.20
76,3.67,-3.14_102.08_65.20,3.67,-3.14_102.08_65.20
76,3.67,-3.14_102.08_65.20,3.49,-12.56_97.65_65.20
76,3.49,-12.56_97.65_65.20,3.3,-15.70_93.21_65.20
76,3.3,-15.70_93.21_65.20,3.16,-18.84_93.21_59.77
76,3.16,-18.84_93.21_59.77,3.16,-18.84_93.21_59.77
76,3.16,-18.84_93.21_59.77,3.13,-18.84_88.77_65.20
76,3.13,-18.84_88.77_65.20,1.22,-18.84_31.07_59.77
76,1.22,-18.84_31.07_59.77,1.19,-21.98_26.63_59.77
76,1.19,-21.98_26.63_59.77,1.18,-25.12_22.19_59.77
76,1.18,-25.12_22.19_59.77,0.91,-18.84_17.75_54.33
76,0.91,-18.84_17.75_54.33,0.91,-18.84_17.75_54.33
76,0.91,-18.84_17.75_54.33,0.85,-15.70_13.32_54.33
76,0.85,-15.70_13.32_54.33,0.74,-15.70_17.75_48.90
76,0.74,-15.70_17.75_48.90,0.59,-12.56_17.75_43.47
76,0.59,-12.56_17.75_43.47,0.58,-15.70_13.32_43.47
76,0.58,-15.70_13.32_43.47,0.53,-12.56_8.88_43.47
76,0.53,-12.56_8.88_43.47,0.5,-9.42_4.44_43.47
76,0.5,-9.42_4.44_43.47,0.48,-6.28_0.00_43.47
76,0.48,-6.28_0.00_43.47,0.48,-3.14_-4.44_43.47
76,0.48,-3.14_-4.44_43.47,0.38,-6.28_-4.44_38.03
76,0.38,-6.28_-4.44_38.03,0.27,-3.14_-4.44_32.60
76,0.27,-3.14_-4.44_32.60,0.19,0.00_-4.44_27.17
76,0.19,0.00_-4.44_27.17,0.19,3.14_0.00_27.17
76,0.19,3.14_0.00_27.17,0.13,3.14_-4.44_21.73
76,0.13,3.14_-4.44_21.73,0.12,0.00_0.00_21.73
76,0.12,0.00_0.00_21.73,0.04,-3.14_4.44_10.87
76,0.04,-3.14_4.44_10.87,0.04,-3.14_4.44_10.87
76,0.04,-3.14_4.44_10.87,0.04,-3.14_4.44_10.87
76,0.04,-3.14_4.44_10.87,0.03,-3.14_8.88_5.43
76,0.03,-3.14_8.88_5.43,0.03,-3.14_8.88_5.43
76,0.03,-3.14_8.88_5.43,0.02,0.00_8.88_0.00
76,0.02,0.00_8.88_0.00,0.02,0.00_8.88_0.00
76,0.02,0.00_8.88_0.00,0.01,0.00_4.44_-5.43
76,0.01,0.00_4.44_-5.43,0.01,0.00_4.44_-5.43
76,0.01,0.00_4.44_-5.43,0.0,0.00_0.00_0.00
76,0.0,0.00_0.00_0.00,0.0,0.00_0.00_0.00
76,0.0,0.00_0.00_0.00,0.0,0.00_0.00_0.00
76,0.0,0.00_0.00_0.00,0.0,0.00_0.00_0.00
76,0.0,0.00_0.00_0.00,0.0,0.00_0.00_0.00
76,0.0,0.00_0.00_0.00,0.0,0.00_0.00_0.00
76,0.0,0.00_0.00_0.00,0.0,0.00_0.00_0.00
77,107.93,160.13_-470.42_-429.16,58.97,270.03_-221.91_-336.84
77,58.97,270.03_-221.91_-336.84,57.64,266.89_-221.91_-331.41
77,57.64,266.89_-221.91_-331.41,56.74,263.75_-217.47_-331.41
77,56.74,263.75_-217.47_-331.41,56.68,266.89_-213.03_-331.41
77,56.68,266.89_-213.03_-331.41,55.37,263.75_-213.03_-325.98
77,55.37,263.75_-213.03_-325.98,41.02,229.22_-168.65_-287.95
77,41.02,229.22_-168.65_-287.95,40.63,229.22_-173.09_-282.52
77,40.63,229.22_-173.09_-282.52,6.52,50.24_-133.15_-76.06
77,6.52,50.24_-133.15_-76.06,6.31,53.38_-128.71_-76.06
77,6.31,53.38_-128.71_-76.06,6.03,50.24_-128.71_-70.63
77,6.03,50.24_-128.71_-70.63,5.95,50.24_-124.28_-76.06
77,5.95,50.24_-124.28_-76.06,5.95,50.24_-124.28_-76.06
77,5.95,50.24_-124.28_-76.06,5.47,50.24_-119.84_-70.63
77,5.47,50.24_-119.84_-70.63,5.21,47.10_-119.84_-65.20
77,5.21,47.10_-119.84_-65.20,4.78,47.10_-115.40_-59.77
77,4.78,47.10_-115.40_-59.77,4.78,47.10_-115.40_-59.77
77,4.78,47.10_-115.40_-59.77,4.7,47.10_-110.96_-65.20
77,4.7,47.10_-110.96_-65.20,2.97,50.24_-79.89_-54.33
77,2.97,50.24_-79.89_-54.33,0.43,3.14_-39.95_-10.87
77,0.43,3.14_-39.95_-10.87,0.27,3.14_-31.07_-10.87
77,0.27,3.14_-31.07_-10.87,0.25,3.14_-26.63_-16.30
77,0.25,3.14_-26.63_-16.30,0.22,6.28_-26.63_-10.87
77,0.22,6.28_-26.63_-10.87,0.21,9.42_-26.63_-5.43
77,0.21,9.42_-26.63_-5.43,0.19,6.28_-26.63_0.00
77,0.19,6.28_-26.63_0.00,0.19,6.28_-26.63_0.00
77,0.19,6.28_-26.63_0.00,0.15,9.42_-22.19_0.00
77,0.15,9.42_-22.19_0.00,0.09,6.28_-17.75_0.00
77,0.09,6.28_-17.75_0.00,0.09,6.28_-17.75_0.00
77,0.09,6.28_-17.75_0.00,0.09,6.28_-17.75_0.00
77,0.09,6.28_-17.75_0.00,0.05,3.14_-13.32_0.00
77,0.05,3.14_-13.32_0.00,0.01,6.28_0.00_0.00
77,0.01,6.28_0.00_0.00,0.01,3.14_4.44_0.00
77,0.01,3.14_4.44_0.00,0.01,3.14_4.44_0.00
77,0.01,3.14_4.44_0.00,0.01,3.14_4.44_0.00
77,0.01,3.14_4.44_0.00,0.0,0.00_0.00_0.00
77,0.0,0.00_0.00_0.00,0.0,0.00_0.00_0.00
77,0.0,0.00_0.00_0.00,0.0,0.00_0.00_0.00
77,0.0,0.00_0.00_0.00,0.0,0.00_0.00_0.00
77,0.0,0.00_0.00_0.00,0.0,0.00_0.00_0.00
78,83.89,-97.34_559.22_114.08,6.45,-43.96_97.65_119.53
78,6.45,-43.96_97.65_119.53,6.35,-43.96_102.08_114.10
78,6.35,-43.96_102.08_114.10,6.2,-47.10_97.65_114.10
78,6.2,-47.10_97.65_114.10,6.2,-47.10_97.65_114.10
78,6.2,-47.10_97.65_114.10,6.2,-47.10_97.65_114.10
78,6.2,-47.10_97.65_114.10,6.2,-47.10_97.65_114.10
78,6.2,-47.10_97.65_114.10,5.92,-43.96_93.21_114.10
78,5.92,-43.96_93.21_114.10,1.83,-62.80_57.70_5.43
78,1.83,-62.80_57.70_5.43,1.83,-62.80_57.70_5.43
78,1.83,-62.80_57.70_5.43,1.8,-65.94_53.26_5.43
78,1.8,-65.94_53.26_5.43,1.73,-62.80_53.26_10.87
78,1.73,-62.80_53.26_10.87,1.67,-59.66_53.26_16.30
78,1.67,-59.66_53.26_16.30,1.46,-56.52_48.82_16.30
78,1.46,-56.52_48.82_16.30,1.41,-56.52_44.38_21.73
78,1.41,-56.52_44.38_21.73,1.39,-59.66_35.51_27.17
78,1.39,-59.66_35.51_27.17,1.39,-59.66_35.51_27.17
78,1.39,-59.66_35.51_27.17,1.38,-56.52_39.95_27.17
78,1.38,-56.52_39.95_27.17,1.38,-56.52_39.95_27.17
78,1.38,-56.52_39.95_27.17,1.38,-53.38_39.95_32.60
78,1.38,-53.38_39.95_32.60,1.02,-53.38_-13.32_32.60
78,1.02,-53.38_-13.32_32.60,0.82,-50.24_-22.19_16.30
78,0.82,-50.24_-22.19_16.30,0.71,-47.10_-22.19_10.87
78,0.71,-47.10_-22.19_10.87,0.69,-43.96_-26.63_10.87
78,0.69,-43.96_-26.63_10.87,0.69,-43.96_-26.63_10.87
78,0.69,-43.96_-26.63_10.87,0.69,-40.82_-31.07_10.87
78,0.69,-40.82_-31.07_10.87,0.25,-12.56_-26.63_10.87
78,0.25,-12.56_-26.63_10.87,0.21,-9.42_-26.63_5.43
78,0.21,-9.42_-26.63_5.43,0.19,-6.28_-26.63_0.00
78,0.19,-6.28_-26.63_0.00,0.15,-9.42_-22.19_0.00
78,0.15,-9.42_-22.19_0.00,0.14,-6.28_-22.19_-5.43
78,0.14,-6.28_-22.19_-5.43,0.11,-9.42_-17.75_-5.43
78,0.11,-9.42_-17.75_-5.43,0.06,-6.28_-13.32_-5.43
78,0.06,-6.28_-13.32_-5.43,0.03,-3.14_-8.88_-5.43
78,0.03,-3.14_-8.88_-5.43,0.02,0.00_-8.88_0.00
78,0.02,0.00_-8.88_0.00,0.02,0.00_-8.88_0.00
78,0.02,0.00_-8.88_0.00,0.01,0.00_-4.44_5.43
78,0.01,0.00_-4.44_5.43,0.01,3.14_0.00_5.43
78,0.01,3.14_0.00_5.43,0.01,3.14_0.00_5.43
78,0.01,3.14_0.00_5.43,0.01,3.14_0.00_5.43
78,0.01,3.14_0.00_5.43,0.01,3.14_4.44_0.00
78,0.01,3.14_4.44_0.00,0.01,3.14_4.44_0.00
78,0.01,3.14_4.44_0.00,0.01,3.14_4.44_0.00
78,0.01,3.14_4.44_0.00,0.01,3.14_4.44_0.00
78,0.01,3.14_4.44_0.00,0.0,0.00_0.00_0.00
78,0.0,0.00_0.00_0.00,0.0,0.00_0.00_0.00
78,0.0,0.00_0.00_0.00,0.0,0.00_0.00_0.00
78,0.0,0.00_0.00_0.00,0.0,0.00_0.00_0.00
79,1.93,-78.50_22.19_-32.60,1.77,-75.36_17.75_-32.60
79,1.77,-75.36_17.75_-32.60,1.53,-75.36_17.75_-10.87
79,1.53,-75.36_17.75_-10.87,1.23,47.10_35.51_38.03
79,1.23,47.10_35.51_38.03,1.23,47.10_35.51_38.03
79,1.23,47.10_35.51_38.03,0.56,47.10_4.44_0.00
79,0.56,47.10_4.44_0.00,0.5,43.96_8.88_0.00
79,0.5,43.96_8.88_0.00,0.05,12.56_4.44_-5.43
79,0.05,12.56_4.44_-5.43,0.05,12.56_4.44_-5.43
79,0.05,12.56_4.44_-5.43,0.05,9.42_8.88_-5.43
79,0.05,9.42_8.88_-5.43,0.05,9.42_8.88_-5.43
79,0.05,9.42_8.88_-5.43,0.03,6.28_8.88_0.00
79,0.03,6.28_8.88_0.00,0.01,3.14_4.44_0.00
79,0.01,3.14_4.44_0.00,0.0,0.00_0.00_0.00
79,0.0,0.00_0.00_0.00,0.0,0.00_0.00_0.00
79,0.0,0.00_0.00_0.00,0.0,0.00_0.00_0.00
79,0.0,0.00_0.00_0.00,0.0,0.00_0.00_0.00
79,0.0,0.00_0.00_0.00,0.0,0.00_0.00_0.00
79,0.0,0.00_0.00_0.00,0.0,0.00_0.00_0.00
79,0.0,0.00_0.00_0.00,0.0,0.00_0.00_0.00
80,166.73,339.07_-576.88_-467.11,164.92,335.93_-572.44_-467.11
80,164.92,335.93_-572.44_-467.11,160.63,332.80_-559.13_-467.12
80,160.63,332.80_-559.13_-467.12,10.02,150.72_-17.75_-130.40
80,10.02,150.72_-17.75_-130.40,9.83,147.58_-22.19_-130.40
80,9.83,147.58_-22.19_-130.40,6.34,116.18_-4.44_-108.66
80,6.34,116.18_-4.44_-108.66,6.34,116.18_-4.44_-108.66
80,6.34,116.18_-4.44_-108.66,6.06,116.18_-8.88_-103.23
80,6.06,116.18_-8.88_-103.23,5.71,109.90_-8.88_-103.23
80,5.71,109.90_-8.88_-103.23,5.56,106.76_-13.32_-103.23
80,5.56,106.76_-13.32_-103.23,5.52,106.76_-4.44_-103.23
80,5.52,106.76_-4.44_-103.23,5.09,103.62_-4.44_-97.80
80,5.09,103.62_-4.44_-97.80,4.94,100.48_-8.88_-97.80
80,4.94,100.48_-8.88_-97.80,4.94,100.48_-8.88_-97.80
80,4.94,100.48_-8.88_-97.80,4.81,97.34_-13.32_-97.80
80,4.81,97.34_-13.32_-97.80,3.78,56.52_-8.88_-108.66
80,3.78,56.52_-8.88_-108.66,3.4,53.38_-8.88_-103.23
80,3.4,53.38_-8.88_-103.23,3.34,50.24_-13.32_-103.23
80,3.34,50.24_-13.32_-103.23,3.3,47.10_-17.75_-103.23
80,3.3,47.10_-17.75_-103.23,2.96,43.96_-17.75_-97.80
80,2.96,43.96_-17.75_-97.80,2.96,43.96_-17.75_-97.80
80,2.96,43.96_-17.75_-97.80,2.86,40.82_-13.32_-97.80
80,2.86,40.82_-13.32_-97.80,2.86,40.82_-13.32_-97.80
80,2.86,40.82_-13.32_-97.80,2.82,34.54_-22.19_-97.80
80,2.82,34.54_-22.19_-97.80,2.64,28.26_-13.32_-97.80
80,2.64,28.26_-13.32_-97.80,2.56,21.98_-13.32_-97.80
80,2.56,21.98_-13.32_-97.80,2.27,18.84_-13.32_-92.37
80,2.27,18.84_-13.32_-92.37,2.0,15.70_-13.32_-86.93
80,2.0,15.70_-13.32_-86.93,2.0,15.70_-13.32_-86.93
80,2.0,15.70_-13.32_-86.93,2.0,15.70_-13.32_-86.93
80,2.0,15.70_-13.32_-86.93,1.92,6.28_-8.88_-86.93
80,1.92,6.28_-8.88_-86.93,1.92,9.42_-4.44_-86.93
80,1.92,9.42_-4.44_-86.93,1.68,6.28_-4.44_-81.50
80,1.68,6.28_-4.44_-81.50,0.3,6.28_-8.88_-32.60
80,0.3,6.28_-8.88_-32.60,0.3,6.28_-8.88_-32.60
80,0.3,6.28_-8.88_-32.60,0.3,6.28_-8.88_-32.60
80,0.3,6.28_-8.88_-32.60,0.2,6.28_4.44_-27.17
80,0.2,6.28_4.44_-27.17,0.2,6.28_4.44_-27.17
80,0.2,6.28_4.44_-27.17,0.13,6.28_0.00_-21.73
80,0.13,6.28_0.00_-21.73,0.13,6.28_0.00_-21.73
80,0.13,6.28_0.00_-21.73,0.13,6.28_0.00_-21.73
80,0.13,6.28_0.00_-21.73,0.11,12.56_4.44_-16.30
80,0.11,12.56_4.44_-16.30,0.11,12.56_4.44_-16.30
80,0.11,12.56_4.44_-16.30,0.09,9.42_0.00_-16.30
80,0.09,9.42_0.00_-16.30,0.08,6.28_4.44_-16.30
80,0.08,6.28_4.44_-16.30,0.08,6.28_4.44_-16.30
80,0.08,6.28_4.44_-16.30,0.08,6.28_4.44_-16.30
80,0.08,6.28_4.44_-16.30,0.04,6.28_0.00_-10.87
80,0.04,6.28_0.00_-10.87,0.02,6.28_4.44_-5.43
80,0.02,6.28_4.44_-5.43,0.02,6.28_4.44_-5.43
80,0.02,6.28_4.44_-5.43,0.01,3.14_4.44_0.00
80,0.01,3.14_4.44_0.00,0.01,3.14_4.44_0.00
80,0.01,3.14_4.44_0.00,0.01,3.14_4.44_0.00
80,0.01,3.14_4.44_0.00,0.0,0.00_0.00_0.00
80,0.0,0.00_0.00_0.00,0.0,0.00_0.00_0.00
80,0.0,0.00_0.00_0.00,0.0,0.00_0.00_0.00
80,0.0,0.00_0.00_0.00,0.0,0.00_0.00_0.00
80,0.0,0.00_0.00_0.00,0.0,0.00_0.00_0.00
80,0.0,0.00_0.00_0.00,0.0,0.00_0.00_0.00
80,0.0,0.00_0.00_0.00,0.0,0.00_0.00_0.00
80,0.0,0.00_0.00_0.00,0.0,0.00_0.00_0.00
80,0.0,0.00_0.00_0.00,0.0,0.00_0.00_0.00
81,46.63,288.88_301.81_-108.66,23.6,229.22_199.73_43.46
81,23.6,229.22_199.73_43.46,23.6,229.22_199.73_43.46
81,23.6,229.22_199.73_43.46,6.07,-147.58_-48.82_10.87
81,6.07,-147.58_-48.82_10.87,5.7,-150.72_8.88_0.00
81,5.7,-150.72_8.88_0.00,5.45,-147.58_4.44_0.00
81,5.45,-147.58_4.44_0.00,4.56,-135.02_4.44_0.00
81,4.56,-135.02_4.44_0.00,4.35,-131.88_0.00_0.00
81,4.35,-131.88_0.00_0.00,4.35,-131.88_0.00_0.00
81,4.35,-131.88_0.00_0.00,4.35,-131.88_0.00_0.00
81,4.35,-131.88_0.00_0.00,0.09,15.70_-8.88_5.43
81,0.09,15.70_-8.88_5.43,0.09,15.70_-8.88_5.43
81,0.09,15.70_-8.88_5.43,0.09,15.70_-8.88_5.43
81,0.09,15.70_-8.88_5.43,0.05,12.56_-4.44_5.43
81,0.05,12.56_-4.44_5.43,0.05,12.56_-4.44_5.43
81,0.05,12.56_-4.44_5.43,0.05,12.56_-4.44_5.43
81,0.05,12.56_-4.44_5.43,0.02,6.28_-4.44_5.43
81,0.02,6.28_-4.44_5.43,0.02,6.28_-4.44_5.43
81,0.02,6.28_-4.44_5.43,0.01,6.28_0.00_0.00
81,0.01,6.28_0.00_0.00,0.01,3.14_4.44_0.00
81,0.01,3.14_4.44_0.00,0.01,3.14_4.44_0.00
81,0.01,3.14_4.44_0.00,0.0,0.00_0.00_0.00
81,0.0,0.00_0.00_0.00,0.0,0.00_0.00_0.00
81,0.0,0.00_0.00_0.00,0.0,0.00_0.00_0.00
81,0.0,0.00_0.00_0.00,0.0,0.00_0.00_0.00
81,0.0,0.00_0.00_0.00,0.0,0.00_0.00_0.00
81,0.0,0.00_0.00_0.00,0.0,0.00_0.00_0.00
82,52.99,37.68_128.70_440.07,0.97,-6.28_-48.82_38.03
82,0.97,-6.28_-48.82_38.03,0.88,-9.42_-44.38_38.03
82,0.88,-9.42_-44.38_38.03,0.25,0.00_-31.07_-5.43
82,0.25,0.00_-31.07_-5.43,0.13,3.14_-4.44_-21.73
82,0.13,3.14_-4.44_-21.73,0.07,0.00_-4.44_-16.30
82,0.07,0.00_-4.44_-16.30,0.05,0.00_-8.88_-10.87
82,0.05,0.00_-8.88_-10.87,0.05,0.00_-8.88_-10.87
82,0.05,0.00_-8.88_-10.87,0.04,-3.14_-4.44_-10.87
82,0.04,-3.14_-4.44_-10.87,0.04,-3.14_-4.44_-10.87
82,0.04,-3.14_-4.44_-10.87,0.04,-3.14_-4.44_-10.87
82,0.04,-3.14_-4.44_-10.87,0.01,-3.14_0.00_5.43
82,0.01,-3.14_0.00_5.43,0.01,-3.14_-4.44_0.00
82,0.01,-3.14_-4.44_0.00,0.01,-3.14_-4.44_0.00
82,0.01,-3.14_-4.44_0.00,0.01,-3.14_-4.44_0.00
82,0.01,-3.14_-4.44_0.00,0.01,-3.14_-4.44_0.00
82,0.01,-3.14_-4.44_0.00,0.0,0.00_0.00_0.00
82,0.0,0.00_0.00_0.00,0.0,0.00_0.00_0.00
82,0.0,0.00_0.00_0.00,0.0,0.00_0.00_0.00
82,0.0,0.00_0.00_0.00,0.0,0.00_0.00_0.00
83,10.73,119.32_-84.33_-146.70,1.24,50.24_31.07_-38.03
83,1.24,50.24_31.07_-38.03,0.31,21.98_26.63_-5.43
83,0.31,21.98_26.63_-5.43,0.3,18.84_26.63_-10.87
83,0.3,18.84_26.63_-10.87,0.16,3.14_22.19_-10.87
83,0.16,3.14_22.19_-10.87,0.15,3.14_17.75_-16.30
83,0.15,3.14_17.75_-16.30,0.15,3.14_17.75_-16.30
83,0.15,3.14_17.75_-16.30,0.12,6.28_13.32_-16.30
83,0.12,6.28_13.32_-16.30,0.08,3.14_13.32_-10.87
83,0.08,3.14_13.32_-10.87,0.08,3.14_13.32_-10.87
83,0.08,3.14_13.32_-10.87,0.06,6.28_13.32_-5.43
83,0.06,6.28_13.32_-5.43,0.06,6.28_13.32_-5.43
83,0.06,6.28_13.32_-5.43,0.06,6.28_13.32_-5.43
83,0.06,6.28_13.32_-5.43,0.05,9.42_8.88_-5.43
83,0.05,9.42_8.88_-5.43,0.05,9.42_8.88_-5.43
83,0.05,9.42_8.88_-5.43,0.05,9.42_8.88_-5.43
83,0.05,9.42_8.88_-5.43,0.05,9.42_8.88_-5.43
83,0.05,9.42_8.88_-5.43,0.03,6.28_8.88_0.00
83,0.03,6.28_8.88_0.00,0.03,6.28_8.88_0.00
83,0.03,6.28_8.88_0.00,0.03,6.28_8.88_0.00
83,0.03,6.28_8.88_0.00,0.02,6.28_4.44_5.43
83,0.02,6.28_4.44_5.43,0.01,3.14_0.00_5.43
83,0.01,3.14_0.00_5.43,0.0,0.00_0.00_0.00
83,0.0,0.00_0.00_0.00,0.0,0.00_0.00_0.00
83,0.0,0.00_0.00_0.00,0.0,0.00_0.00_0.00
83,0.0,0.00_0.00_0.00,0.0,0.00_0.00_0.00
83,0.0,0.00_0.00_0.00,0.0,0.00_0.00_0.00
84,58.71,-87.92_181.96_440.07,57.12,-87.92_177.52_434.64
84,57.12,-87.92_177.52_434.64,18.02,235.50_-128.71_0.00
84,18.02,235.50_-128.71_0.00,17.37,232.36_-124.28_0.00
84,17.37,232.36_-124.28_0.00,17.29,229.22_-128.71_0.00
84,17.29,229.22_-128.71_0.00,17.22,226.08_-133.15_0.00
84,17.22,226.08_-133.15_0.00,6.4,3.14_26.63_-157.56
84,6.4,3.14_26.63_-157.56,6.35,6.28_22.19_-157.56
84,6.35,6.28_22.19_-157.56,5.92,3.14_22.19_-152.13
84,5.92,3.14_22.19_-152.13,5.47,3.14_17.75_-146.70
84,5.47,3.14_17.75_-146.70,5.47,3.14_17.75_-146.70
84,5.47,3.14_17.75_-146.70,5.04,3.14_13.32_-141.26
84,5.04,3.14_13.32_-141.26,5.04,3.14_13.32_-141.26
84,5.04,3.14_13.32_-141.26,5.04,3.14_13.32_-141.26
84,5.04,3.14_13.32_-141.26,4.7,3.14_17.75_-135.83
84,4.7,3.14_17.75_-135.83,3.47,97.34_-57.70_32.60
84,3.47,97.34_-57.70_32.60,3.47,97.34_-57.70_32.60
84,3.47,97.34_-57.70_32.60,3.26,97.34_-53.26_27.17
84,3.26,97.34_-53.26_27.17,3.26,97.34_-53.26_27.17
84,3.26,97.34_-53.26_27.17,2.28,91.06_8.88_27.17
84,2.28,91.06_8.88_27.17,1.43,72.22_-4.44_21.73
84,1.43,72.22_-4.44_21.73,1.33,69.08_-8.88_21.73
84,1.33,69.08_-8.88_21.73,1.33,69.08_-8.88_21.73
84,1.33,69.08_-8.88_21.73,1.17,65.94_-8.88_16.30
84,1.17,65.94_-8.88_16.30,1.17,65.94_-8.88_16.30
84,1.17,65.94_-8.88_16.30,0.31,34.54_0.00_5.43
84,0.31,34.54_0.00_5.43,0.25,31.40_0.00_0.00
84,0.25,31.40_0.00_0.00,0.21,28.26_0.00_5.43
84,0.21,28.26_0.00_5.43,0.17,25.12_4.44_5.43
84,0.17,25.12_4.44_5.43,0.15,21.98_8.88_5.43
84,0.15,21.98_8.88_5.43,0.14,18.84_8.88_10.87
84,0.14,18.84_8.88_10.87,0.11,15.70_13.32_0.00
84,0.11,15.70_13.32_0.00,0.11,15.70_13.32_0.00
84,0.11,15.70_13.32_0.00,0.11,15.70_13.32_0.00
84,0.11,15.70_13.32_0.00,0.06,12.56_8.88_0.00
84,0.06,12.56_8.88_0.00,0.03,9.42_4.44_0.00
84,0.03,9.42_4.44_0.00,0.02,6.28_4.44_5.43
84,0.02,6.28_4.44_5.43,0.02,6.28_4.44_5.43
84,0.02,6.28_4.44_5.43,0.01,3.14_0.00_5.43
84,0.01,3.14_0.00_5.43,0.01,3.14_-4.44_0.00
84,0.01,3.14_-4.44_0.00,0.01,3.14_-4.44_0.00
84,0.01,3.14_-4.44_0.00,0.01,3.14_-4.44_0.00
84,0.01,3.14_-4.44_0.00,0.0,0.00_0.00_0.00
84,0.0,0.00_0.00_0.00,0.0,0.00_0.00_0.00
84,0.0,0.00_0.00_0.00,0.0,0.00_0.00_0.00
84,0.0,0.00_0.00_0.00,0.0,0.00_0.00_0.00
84,0.0,0.00_0.00_0.00,0.0,0.00_0.00_0.00
84,0.0,0.00_0.00_0.00,0.0,0.00_0.00_0.00
84,0.0,0.00_0.00_0.00,0.0,0.00_0.00_0.00
85,48.46,-56.52_-301.80_-315.11,0.95,-50.24_-35.51_0.00
85,0.95,-50.24_-35.51_0.00,0.8,-47.10_-31.07_0.00
85,0.8,-47.10_-31.07_0.00,0.8,-47.10_-31.07_0.00
85,0.8,-47.10_-31.07_0.00,0.66,-40.82_-31.07_0.00
85,0.66,-40.82_-31.07_0.00,0.53,-37.68_-26.63_0.00
85,0.53,-37.68_-26.63_0.00,0.34,-25.12_-26.63_0.00
85,0.34,-25.12_-26.63_0.00,0.24,-21.98_-22.19_0.00
85,0.24,-21.98_-22.19_0.00,0.22,-18.84_-22.19_-5.43
85,0.22,-18.84_-22.19_-5.43,0.21,-9.42_-26.63_-5.43
85,0.21,-9.42_-26.63_-5.43,0.21,-9.42_-26.63_-5.43
85,0.21,-9.42_-26.63_-5.43,0.21,-9.42_-26.63_-5.43
85,0.21,-9.42_-26.63_-5.43,0.14,-6.28_-22.19_-5.43
85,0.14,-6.28_-22.19_-5.43,0.14,-6.28_-22.19_-5.43
85,0.14,-6.28_-22.19_-5.43,0.11,-9.42_-17.75_-5.43
85,0.11,-9.42_-17.75_-5.43,0.07,-9.42_-13.32_0.00
85,0.07,-9.42_-13.32_0.00,0.07,-9.42_-13.32_0.00
85,0.07,-9.42_-13.32_0.00,0.06,-12.56_-8.88_0.00
85,0.06,-12.56_-8.88_0.00,0.06,-12.56_-8.88_0.00
85,0.06,-12.56_-8.88_0.00,0.03,-9.42_-4.44_0.00
85,0.03,-9.42_-4.44_0.00,0.02,-6.28_-4.44_5.43
85,0.02,-6.28_-4.44_5.43,0.01,0.00_-4.44_5.43
85,0.01,0.00_-4.44_5.43,0.01,0.00_-4.44_5.43
85,0.01,0.00_-4.44_5.43,0.01,0.00_-4.44_5.43
85,0.01,0.00_-4.44_5.43,0.01,3.14_0.00_5.43
85,0.01,3.14_0.00_5.43,0.01,3.14_0.00_5.43
85,0.01,3.14_0.00_5.43,0.01,3.14_4.44_0.00
85,0.01,3.14_4.44_0.00,0.01,3.14_4.44_0.00
85,0.01,3.14_4.44_0.00,0.01,3.14_4.44_0.00
85,0.01,3.14_4.44_0.00,0.01,3.14_4.44_0.00
85,0.01,3.14_4.44_0.00,0.0,0.00_0.00_0.00
85,0.0,0.00_0.00_0.00,0.0,0.00_0.00_0.00
85,0.0,0.00_0.00_0.00,0.0,0.00_0.00_0.00
85,0.0,0.00_0.00_0.00,0.0,0.00_0.00_0.00
85,0.0,0.00_0.00_0.00,0.0,0.00_0.00_0.00
85,0.0,0.00_0.00_0.00,0.0,0.00_0.00_0.00
85,0.0,0.00_0.00_0.00,0.0,0.00_0.00_0.00
86,36.33,197.82_324.00_32.60,35.3,194.68_319.56_32.60
86,35.3,194.68_319.56_32.60,35.3,194.68_319.56_32.60
86,35.3,194.68_319.56_32.60,34.29,191.54_315.13_32.60
86,34.29,191.54_315.13_32.60,34.29,191.54_315.13_32.60
86,34.29,191.54_315.13_32.60,31.98,185.26_301.81_48.90
86,31.98,185.26_301.81_48.90,19.5,135.02_244.11_10.87
86,19.5,135.02_244.11_10.87,9.96,144.44_137.59_-5.43
86,9.96,144.44_137.59_-5.43,9.96,144.44_137.59_-5.43
86,9.96,144.44_137.59_-5.43,9.44,141.30_133.15_-5.43
86,9.44,141.30_133.15_-5.43,2.75,91.06_17.75_48.90
86,2.75,91.06_17.75_48.90,2.75,91.06_17.75_48.90
86,2.75,91.06_17.75_48.90,2.58,87.92_13.32_48.90
86,2.58,87.92_13.32_48.90,2.48,84.78_17.75_48.90
86,2.48,84.78_17.75_48.90,1.08,40.82_39.95_32.60
86,1.08,40.82_39.95_32.60,1.06,43.96_35.51_32.60
86,1.06,43.96_35.51_32.60,0.92,40.82_31.07_32.60
86,0.92,40.82_31.07_32.60,0.78,37.68_31.07_27.17
86,0.78,37.68_31.07_27.17,0.66,34.54_26.63_27.17
86,0.66,34.54_26.63_27.17,0.66,34.54_26.63_27.17
86,0.66,34.54_26.63_27.17,0.65,37.68_26.63_21.73
86,0.65,37.68_26.63_21.73,0.54,40.82_4.44_21.73
86,0.54,40.82_4.44_21.73,0.49,37.68_8.88_21.73
86,0.49,37.68_8.88_21.73,0.42,34.54_4.44_21.73
86,0.42,34.54_4.44_21.73,0.36,34.54_0.00_16.30
86,0.36,34.54_0.00_16.30,0.33,34.54_-4.44_10.87
86,0.33,34.54_-4.44_10.87,0.26,31.40_-4.44_5.43
86,0.26,31.40_-4.44_5.43,0.26,31.40_-4.44_5.43
86,0.26,31.40_-4.44_5.43,0.23,28.26_-8.88_5.43
86,0.23,28.26_-8.88_5.43,0.21,25.12_-13.32_5.43
86,0.21,25.12_-13.32_5.43,0.21,25.12_-8.88_10.87
86,0.21,25.12_-8.88_10.87,0.19,21.98_-13.32_10.87
86,0.19,21.98_-13.32_10.87,0.15,21.98_-8.88_5.43
86,0.15,21.98_-8.88_5.43,0.1,18.84_-4.44_5.43
86,0.1,18.84_-4.44_5.43,0.1,18.84_-4.44_5.43
86,0.1,18.84_-4.44_5.43,0.01,3.14_0.00_-5.43
86,0.01,3.14_0.00_-5.43,0.01,3.14_0.00_-5.43
86,0.01,3.14_0.00_-5.43,0.0,0.00_0.00_0.00
86,0.0,0.00_0.00_0.00,0.0,0.00_0.00_0.00
86,0.0,0.00_0.00_0.00,0.0,0.00_0.00_0.00
86,0.0,0.00_0.00_0.00,0.0,0.00_0.00_0.00
86,0.0,0.00_0.00_0.00,0.0,0.00_0.00_0.00
86,0.0,0.00_0.00_0.00,0.0,0.00_0.00_0.00
87,4.41,3.14_128.71_32.60,4.05,3.14_124.28_27.17
87,4.05,3.14_124.28_27.17,4.05,3.14_124.28_27.17
87,4.05,3.14_124.28_27.17,3.54,9.42_115.40_27.17
87,3.54,9.42_115.40_27.17,3.28,6.28_110.96_27.17
87,3.28,6.28_110.96_27.17,2.96,0.00_106.52_21.73
87,2.96,0.00_106.52_21.73,2.91,3.14_106.52_16.30
87,2.91,3.14_106.52_16.30,2.25,6.28_93.21_16.30
87,2.25,6.28_93.21_16.30,0.65,9.42_48.82_10.87
87,0.65,9.42_48.82_10.87,0.53,6.28_44.38_10.87
87,0.53,6.28_44.38_10.87,0.21,9.42_26.63_5.43
87,0.21,9.42_26.63_5.43,0.21,9.42_26.63_5.43
87,0.21,9.42_26.63_5.43,0.14,6.28_22.19_5.43
87,0.14,6.28_22.19_5.43,0.11,9.42_17.75_-5.43
87,0.11,9.42_17.75_-5.43,0.09,12.56_13.32_-5.43
87,0.09,12.56_13.32_-5.43,0.09,12.56_13.32_-5.43
87,0.09,12.56_13.32_-5.43,0.03,9.42_0.00_-5.43
87,0.03,9.42_0.00_-5.43,0.02,6.28_4.44_-5.43
87,0.02,6.28_4.44_-5.43,0.01,3.14_4.44_0.00
87,0.01,3.14_4.44_0.00,0.0,0.00_0.00_0.00
87,0.0,0.00_0.00_0.00,0.0,0.00_0.00_0.00
87,0.0,0.00_0.00_0.00,0.0,0.00_0.00_0.00
87,0.0,0.00_0.00_0.00,0.0,0.00_0.00_0.00
87,0.0,0.00_0.00_0.00,0.0,0.00_0.00_0.00
87,0.0,0.00_0.00_0.00,0.0,0.00_0.00_0.00
87,0.0,0.00_0.00_0.00,0.0,0.00_0.00_0.00
88,96.87,389.34_-226.33_-429.18,45.17,18.84_97.64_-412.91
88,45.17,18.84_97.64_-412.91,8.36,153.86_93.21_-32.60
88,8.36,153.86_93.21_-32.60,8.36,153.86_93.21_-32.60
88,8.36,153.86_93.21_-32.60,8.36,153.86_93.21_-32.60
88,8.36,153.86_93.21_-32.60,7.92,150.72_88.77_-32.60
88,7.92,150.72_88.77_-32.60,1.9,34.54_79.89_5.43
88,1.9,34.54_79.89_5.43,1.9,34.54_79.89_5.43
88,1.9,34.54_79.89_5.43,1.68,31.40_75.45_5.43
88,1.68,31.40_75.45_5.43,1.68,31.40_75.45_5.43
88,1.68,31.40_75.45_5.43,1.68,31.40_75.45_5.43
88,1.68,31.40_75.45_5.43,1.17,15.70_66.58_0.00
88,1.17,15.70_66.58_0.00,0.38,15.70_35.51_-5.43
88,0.38,15.70_35.51_-5.43,0.38,15.70_35.51_-5.43
88,0.38,15.70_35.51_-5.43,0.29,12.56_31.07_-5.43
88,0.29,12.56_31.07_-5.43,0.29,12.56_31.07_-5.43
88,0.29,12.56_31.07_-5.43,0.25,15.70_26.63_-5.43
88,0.25,15.70_26.63_-5.43,0.25,15.70_26.63_-5.43
88,0.25,15.70_26.63_-5.43,0.17,12.56_22.19_-5.43
88,0.17,12.56_22.19_-5.43,0.17,12.56_22.19_-5.43
88,0.17,12.56_22.19_-5.43,0.15,15.70_17.75_-5.43
88,0.15,15.70_17.75_-5.43,0.14,18.84_13.32_-5.43
88,0.14,18.84_13.32_-5.43,0.14,18.84_13.32_-5.43
88,0.14,18.84_13.32_-5.43,0.11,18.84_8.88_0.00
88,0.11,18.84_8.88_0.00,0.06,12.56_8.88_0.00
88,0.06,12.56_8.88_0.00,0.06,12.56_8.88_0.00
88,0.06,12.56_8.88_0.00,0.05,9.42_8.88_-5.43
88,0.05,9.42_8.88_-5.43,0.02,6.28_4.44_-5.43
88,0.02,6.28_4.44_-5.43,0.02,6.28_4.44_-5.43
88,0.02,6.28_4.44_-5.43,0.01,3.14_0.00_-5.43
88,0.01,3.14_0.00_-5.43,0.01,3.14_0.00_-5.43
88,0.01,3.14_0.00_-5.43,0.01,3.14_0.00_-5.43
88,0.01,3.14_0.00_-5.43,0.01,3.14_4.44_0.00
88,0.01,3.14_4.44_0.00,0.01,3.14_4.44_0.00
88,0.01,3.14_4.44_0.00,0.01,3.14_4.44_0.00
88,0.01,3.14_4.44_0.00,0.01,3.14_4.44_0.00
88,0.01,3.14_4.44_0.00,0.0,0.00_0.00_0.00
88,0.0,0.00_0.00_0.00,0.0,0.00_0.00_0.00
88,0.0,0.00_0.00_0.00,0.0,0.00_0.00_0.00
89,55.48,373.66_-284.05_38.03,54.96,373.66_-279.61_43.46
89,54.96,373.66_-279.61_43.46,54.96,373.66_-279.61_43.46
89,54.96,373.66_-279.61_43.46,54.27,370.52_-279.61_38.03
89,54.27,370.52_-279.61_38.03,46.9,345.40_-257.42_43.46
89,46.9,345.40_-257.42_43.46,46.9,345.40_-257.42_43.46
89,46.9,345.40_-257.42_43.46,45.79,342.26_-252.99_43.46
89,45.79,342.26_-252.99_43.46,38.16,326.56_-208.60_-48.90
89,38.16,326.56_-208.60_-48.90,17.84,263.76_35.51_21.73
89,17.84,263.76_35.51_21.73,17.84,263.76_35.51_21.73
89,17.84,263.76_35.51_21.73,15.12,241.78_35.51_27.17
89,15.12,241.78_35.51_27.17,14.67,238.64_31.07_27.17
89,14.67,238.64_31.07_27.17,12.94,222.94_31.07_32.60
89,12.94,222.94_31.07_32.60,12.81,222.94_-8.88_38.03
89,12.81,222.94_-8.88_38.03,11.55,210.38_-4.44_43.47
89,11.55,210.38_-4.44_43.47,11.35,207.24_-4.44_48.90
89,11.35,207.24_-4.44_48.90,1.33,-9.42_-31.07_65.20
89,1.33,-9.42_-31.07_65.20,0.62,-12.56_-35.51_32.60
89,0.62,-12.56_-35.51_32.60,0.56,-15.70_-35.51_27.17
89,0.56,-15.70_-35.51_27.17,0.47,-12.56_-35.51_21.73
89,0.47,-12.56_-35.51_21.73,0.47,-12.56_-35.51_21.73
89,0.47,-12.56_-35.51_21.73,0.35,-12.56_-31.07_16.30
89,0.35,-12.56_-31.07_16.30,0.27,-9.42_-26.63_16.30
89,0.27,-9.42_-26.63_16.30,0.25,-12.56_-26.63_10.87
89,0.25,-12.56_-26.63_10.87,0.25,-12.56_-26.63_10.87
89,0.25,-12.56_-26.63_10.87,0.17,-12.56_-22.19_5.43
89,0.17,-12.56_-22.19_5.43,0.11,-9.42_-17.75_5.43
89,0.11,-9.42_-17.75_5.43,0.09,-12.56_-13.32_5.43
89,0.09,-12.56_-13.32_5.43,0.07,-9.42_-13.32_0.00
89,0.07,-9.42_-13.32_0.00,0.07,-9.42_-13.32_0.00
89,0.07,-9.42_-13.32_0.00,0.06,-12.56_-8.88_0.00
89,0.06,-12.56_-8.88_0.00,0.03,-9.42_-4.44_0.00
89,0.03,-9.42_-4.44_0.00,0.03,-9.42_-4.44_0.00
89,0.03,-9.42_-4.44_0.00,0.02,-6.28_-4.44_5.43
89,0.02,-6.28_-4.44_5.43,0.01,0.00_-4.44_5.43
89,0.01,0.00_-4.44_5.43,0.01,0.00_-4.44_5.43
89,0.01,0.00_-4.44_5.43,0.01,0.00_-4.44_5.43
89,0.01,0.00_-4.44_5.43,0.01,0.00_-4.44_5.43
89,0.01,0.00_-4.44_5.43,0.0,0.00_0.00_0.00
89,0.0,0.00_0.00_0.00,0.0,0.00_0.00_0.00
89,0.0,0.00_0.00_0.00,0.0,0.00_0.00_0.00
89,0.0,0.00_0.00_0.00,0.0,0.00_0.00_0.00
89,0.0,0.00_0.00_0.00,0.0,0.00_0.00_0.00
89,0.0,0.00_0.00_0.00,0.0,0.00_0.00_0.00
89,0.0,0.00_0.00_0.00,0.0,0.00_0.00_0.00
89,0.0,0.00_0.00_0.00,0.0,0.00_0.00_0.00
90,0.15,21.98_8.88_5.43,0.1,18.84_4.44_5.43
90,0.1,18.84_4.44_5.43,0.09,15.70_8.88_5.43
90,0.09,15.70_8.88_5.43,0.09,15.70_8.88_5.43
90,0.09,15.70_8.88_5.43,0.09,15.70_8.88_5.43
90,0.09,15.70_8.88_5.43,0.06,12.56_8.88_0.00
90,0.06,12.56_8.88_0.00,0.06,12.56_8.88_0.00
90,0.06,12.56_8.88_0.00,0.03,9.42_4.44_0.00
90,0.03,9.42_4.44_0.00,0.03,9.42_4.44_0.00
90,0.03,9.42_4.44_0.00,0.02,6.28_4.44_-5.43
90,0.02,6.28_4.44_-5.43,0.02,6.28_4.44_-5.43
90,0.02,6.28_4.44_-5.43,0.02,6.28_4.44_-5.43
90,0.02,6.28_4.44_-5.43,0.02,6.28_4.44_-5.43
90,0.02,6.28_4.44_-5.43,0.01,3.14_0.00_-5.43
90,0.01,3.14_0.00_-5.43,0.0,0.00_0.00_0.00
90,0.0,0.00_0.00_0.00,0.0,0.00_0.00_0.00
90,0.0,0.00_0.00_0.00,0.0,0.00_0.00_0.00
90,0.0,0.00_0.00_0.00,0.0,0.00_0.00_0.00
90,0.0,0.00_0.00_0.00,0.0,0.00_0.00_0.00
91,180.42,-533.73_-390.48_-532.31,1.92,9.42_-4.44_86.93
91,1.92,9.42_-4.44_86.93,1.29,12.56_-4.44_70.63
91,1.29,12.56_-4.44_70.63,1.26,-6.28_-4.44_70.63
91,1.26,-6.28_-4.44_70.63,0.13,-21.98_0.00_-5.43
91,0.13,-21.98_0.00_-5.43,0.13,-21.98_0.00_-5.43
91,0.13,-21.98_0.00_-5.43,0.13,-21.98_4.44_0.00
91,0.13,-21.98_4.44_0.00,0.13,-21.98_4.44_0.00
91,0.13,-21.98_4.44_0.00,0.13,-21.98_4.44_0.00
91,0.13,-21.98_4.44_0.00,0.09,-18.84_0.00_0.00
91,0.09,-18.84_0.00_0.00,0.09,-18.84_0.00_0.00
91,0.09,-18.84_0.00_0.00,0.07,-15.70_-4.44_0.00
91,0.07,-15.70_-4.44_0.00,0.07,-15.70_-4.44_0.00
91,0.07,-15.70_-4.44_0.00,0.05,-12.56_-4.44_-5.43
91,0.05,-12.56_-4.44_-5.43,0.05,-9.42_-8.88_-5.43
91,0.05,-9.42_-8.88_-5.43,0.05,-9.42_-8.88_-5.43
91,0.05,-9.42_-8.88_-5.43,0.02,-6.28_-4.44_-5.43
91,0.02,-6.28_-4.44_-5.43,0.01,-3.14_-4.44_0.00
91,0.01,-3.14_-4.44_0.00,0.01,-3.14_-4.44_0.00
91,0.01,-3.14_-4.44_0.00,0.0,0.00_0.00_0.00
91,0.0,0.00_0.00_0.00,0.0,0.00_0.00_0.00
91,0.0,0.00_0.00_0.00,0.0,0.00_0.00_0.00
91,0.0,0.00_0.00_0.00,0.0,0.00_0.00_0.00
91,0.0,0.00_0.00_0.00,0.0,0.00_0.00_0.00
91,0.0,0.00_0.00_0.00,0.0,0.00_0.00_0.00
91,0.0,0.00_0.00_0.00,0.0,0.00_0.00_0.00
92,19.11,109.90_217.48_-130.39,18.47,106.76_213.04_-130.39
92,18.47,106.76_213.04_-130.39,1.04,-59.66_17.75_-16.30
92,1.04,-59.66_17.75_-16.30,0.91,-56.52_13.32_-16.30
92,0.91,-56.52_13.32_-16.30,0.88,-53.38_13.32_-21.73
92,0.88,-53.38_13.32_-21.73,0.86,-53.38_17.75_-16.30
92,0.86,-53.38_17.75_-16.30,0.74,-50.24_13.32_-16.30
92,0.74,-50.24_13.32_-16.30,0.72,-47.10_13.32_-21.73
92,0.72,-47.10_13.32_-21.73,0.72,-47.10_13.32_-21.73
92,0.72,-47.10_13.32_-21.73,0.54,-37.68_22.19_-16.30
92,0.54,-37.68_22.19_-16.30,0.54,-34.54_26.63_-16.30
92,0.54,-34.54_26.63_-16.30,0.48,-34.54_26.63_-5.43
92,0.48,-34.54_26.63_-5.43,0.48,-34.54_26.63_-5.43
92,0.48,-34.54_26.63_-5.43,0.45,-31.40_26.63_10.87
92,0.45,-31.40_26.63_10.87,0.45,-31.40_26.63_10.87
92,0.45,-31.40_26.63_10.87,0.45,-31.40_26.63_10.87
92,0.45,-31.40_26.63_10.87,0.39,-21.98_31.07_10.87
92,0.39,-21.98_31.07_10.87,0.39,-21.98_31.07_10.87
92,0.39,-21.98_31.07_10.87,0.34,-25.12_-26.63_0.00
92,0.34,-25.12_-26.63_0.00,0.29,-25.12_-22.19_-5.43
92,0.29,-25.12_-22.19_-5.43,0.29,-25.12_-22.19_-5.43
92,0.29,-25.12_-22.19_-5.43,0.29,-28.26_-17.75_-5.43
92,0.29,-28.26_-17.75_-5.43,0.29,-28.26_-17.75_-5.43
92,0.29,-28.26_-17.75_-5.43,0.21,-21.98_-17.75_5.43
92,0.21,-21.98_-17.75_5.43,0.14,-18.84_-13.32_5.43
92,0.14,-18.84_-13.32_5.43,0.14,-18.84_-13.32_5.43
92,0.14,-18.84_-13.32_5.43,0.14,-18.84_-13.32_5.43
92,0.14,-18.84_-13.32_5.43,0.09,-15.70_-8.88_5.43
92,0.09,-15.70_-8.88_5.43,0.09,-15.70_-8.88_5.43
92,0.09,-15.70_-8.88_5.43,0.05,-12.56_-4.44_5.43
92,0.05,-12.56_-4.44_5.43,0.02,-6.28_-4.44_5.43
92,0.02,-6.28_-4.44_5.43,0.02,-6.28_-4.44_5.43
92,0.02,-6.28_-4.44_5.43,0.02,-6.28_-4.44_5.43
92,0.02,-6.28_-4.44_5.43,0.02,-6.28_-4.44_5.43
92,0.02,-6.28_-4.44_5.43,0.02,6.28_-4.44_5.43
92,0.02,6.28_-4.44_5.43,0.02,6.28_-4.44_5.43
92,0.02,6.28_-4.44_5.43,0.01,3.14_0.00_5.43
92,0.01,3.14_0.00_5.43,0.01,3.14_0.00_5.43
92,0.01,3.14_0.00_5.43,0.01,3.14_-4.44_0.00
92,0.01,3.14_-4.44_0.00,0.0,0.00_0.00_0.00
92,0.0,0.00_0.00_0.00,0.0,0.00_0.00_0.00
92,0.0,0.00_0.00_0.00,0.0,0.00_0.00_0.00
93,63.01,-219.79_4.44_450.94,59.9,-213.51_4.44_440.07
93,59.9,-213.51_4.44_440.07,35.59,-169.56_155.34_298.82
93,35.59,-169.56_155.34_298.82,34.44,-169.56_150.90_293.39
93,34.44,-169.56_150.90_293.39,31.26,-147.58_142.02_287.95
93,31.26,-147.58_142.02_287.95,14.28,-109.90_-8.88_211.89
93,14.28,-109.90_-8.88_211.89,13.74,-109.90_-13.32_206.46
93,13.74,-109.90_-13.32_206.46,13.54,-106.76_-8.88_206.46
93,13.54,-106.76_-8.88_206.46,13.54,-106.76_-8.88_206.46
93,13.54,-106.76_-8.88_206.46,12.45,-116.18_-8.88_190.16
93,12.45,-116.18_-8.88_190.16,12.45,-116.18_-8.88_190.16
93,12.45,-116.18_-8.88_190.16,2.23,-9.42_-93.21_-10.87
93,2.23,-9.42_-93.21_-10.87,2.04,-12.56_-88.77_-10.87
93,2.04,-12.56_-88.77_-10.87,2.04,-12.56_-88.77_-10.87
93,2.04,-12.56_-88.77_-10.87,2.04,-12.56_-88.77_-10.87
93,2.04,-12.56_-88.77_-10.87,1.87,-15.70_-84.33_-10.87
93,1.87,-15.70_-84.33_-10.87,1.67,-12.56_-79.89_-10.87
93,1.67,-12.56_-79.89_-10.87,1.64,-6.28_-79.89_-10.87
93,1.64,-6.28_-79.89_-10.87,0.97,0.00_-62.14_0.00
93,0.97,0.00_-62.14_0.00,0.97,0.00_-62.14_0.00
93,0.97,0.00_-62.14_0.00,0.97,0.00_-62.14_0.00
93,0.97,0.00_-62.14_0.00,0.84,-3.14_-57.70_0.00
93,0.84,-3.14_-57.70_0.00,0.78,3.14_-53.26_16.30
93,0.78,3.14_-53.26_16.30,0.78,3.14_-53.26_16.30
93,0.78,3.14_-53.26_16.30,0.78,3.14_-53.26_16.30
93,0.78,3.14_-53.26_16.30,0.66,0.00_-48.82_16.30
93,0.66,0.00_-48.82_16.30,0.6,-3.14_-48.82_0.00
93,0.6,-3.14_-48.82_0.00,0.6,-3.14_-48.82_0.00
93,0.6,-3.14_-48.82_0.00,0.49,0.00_-44.38_0.00
93,0.49,0.00_-44.38_0.00,0.49,0.00_-44.38_0.00
93,0.49,0.00_-44.38_0.00,0.4,3.14_-39.95_0.00
93,0.4,3.14_-39.95_0.00,0.4,3.14_-39.95_0.00
93,0.4,3.14_-39.95_0.00,0.33,6.28_-35.51_0.00
93,0.33,6.28_-35.51_0.00,0.33,6.28_-35.51_0.00
93,0.33,6.28_-35.51_0.00,0.26,9.42_-31.07_0.00
93,0.26,9.42_-31.07_0.00,0.19,6.28_-26.63_0.00
93,0.19,6.28_-26.63_0.00,0.19,6.28_-26.63_0.00
93,0.19,6.28_-26.63_0.00,0.06,6.28_-13.32_5.43
93,0.06,6.28_-13.32_5.43,0.06,6.28_-13.32_5.43
93,0.06,6.28_-13.32_5.43,0.05,3.14_-13.32_0.00
93,0.05,3.14_-13.32_0.00,0.05,3.14_-13.32_0.00
93,0.05,3.14_-13.32_0.00,0.05,3.14_-13.32_0.00
93,0.05,3.14_-13.32_0.00,0.03,3.14_-8.88_5.43
93,0.03,3.14_-8.88_5.43,0.03,3.14_-8.88_5.43
93,0.03,3.14_-8.88_5.43,0.03,3.14_-8.88_5.43
93,0.03,3.14_-8.88_5.43,0.02,6.28_-4.44_5.43
93,0.02,6.28_-4.44_5.43,0.01,3.14_0.00_5.43
93,0.01,3.14_0.00_5.43,0.01,3.14_0.00_5.43
93,0.01,3.14_0.00_5.43,0.0,0.00_0.00_0.00
93,0.0,0.00_0.00_0.00,0.0,0.00_0.00_0.00
93,0.0,0.00_0.00_0.00,0.0,0.00_0.00_0.00
93,0.0,0.00_0.00_0.00,0.0,0.00_0.00_0.00
93,0.0,0.00_0.00_0.00,0.0,0.00_0.00_0.00
93,0.0,0.00_0.00_0.00,0.0,0.00_0.00_0.00
93,0.0,0.00_0.00_0.00,0.0,0.00_0.00_0.00
94,156.29,420.72_-550.28_-380.23,28.94,12.56_-44.38_336.85
94,28.94,12.56_-44.38_336.85,28.94,12.56_-44.38_336.85
94,28.94,12.56_-44.38_336.85,28.83,9.42_-39.94_336.85
94,28.83,9.42_-39.94_336.85,28.74,6.28_-35.51_336.85
94,28.74,6.28_-35.51_336.85,1.33,37.68_53.26_32.60
94,1.33,37.68_53.26_32.60,1.33,37.68_53.26_32.60
94,1.33,37.68_53.26_32.60,1.13,40.82_48.82_21.73
94,1.13,40.82_48.82_21.73,1.13,40.82_48.82_21.73
94,1.13,40.82_48.82_21.73,1.13,40.82_48.82_21.73
94,1.13,40.82_48.82_21.73,0.97,37.68_44.38_21.73
94,0.97,37.68_44.38_21.73,0.97,37.68_44.38_21.73
94,0.97,37.68_44.38_21.73,0.93,40.82_39.95_21.73
94,0.93,40.82_39.95_21.73,0.92,43.96_35.51_21.73
94,0.92,43.96_35.51_21.73,0.91,43.96_31.07_27.17
94,0.91,43.96_31.07_27.17,0.91,43.96_31.07_27.17
94,0.91,43.96_31.07_27.17,0.6,40.82_0.00_27.17
94,0.6,40.82_0.00_27.17,0.47,37.68_0.00_21.73
94,0.47,37.68_0.00_21.73,0.47,37.68_0.00_21.73
94,0.47,37.68_0.00_21.73,0.42,34.54_-4.44_21.73
94,0.42,34.54_-4.44_21.73,0.38,31.40_-8.88_21.73
94,0.38,31.40_-8.88_21.73,0.38,31.40_-8.88_21.73
94,0.38,31.40_-8.88_21.73,0.38,31.40_-8.88_21.73
94,0.38,31.40_-8.88_21.73,0.37,37.68_-4.44_5.43
94,0.37,37.68_-4.44_5.43,0.33,34.54_-8.88_5.43
94,0.33,34.54_-8.88_5.43,0.3,31.40_-13.32_5.43
94,0.3,31.40_-13.32_5.43,0.3,31.40_-13.32_5.43
94,0.3,31.40_-13.32_5.43,0.21,25.12_-13.32_5.43
94,0.21,25.12_-13.32_5.43,0.21,25.12_-13.32_5.43
94,0.21,25.12_-13.32_5.43,0.18,25.12_-8.88_0.00
94,0.18,25.12_-8.88_0.00,0.18,25.12_-8.88_0.00
94,0.18,25.12_-8.88_0.00,0.18,25.12_-8.88_0.00
94,0.18,25.12_-8.88_0.00,0.17,21.98_-13.32_0.00
94,0.17,21.98_-13.32_0.00,0.11,15.70_-13.32_0.00
94,0.11,15.70_-13.32_0.00,0.11,15.70_-13.32_0.00
94,0.11,15.70_-13.32_0.00,0.1,18.84_-4.44_-5.43
94,0.1,18.84_-4.44_-5.43,0.1,15.70_-4.44_-10.87
94,0.1,15.70_-4.44_-10.87,0.05,12.56_-4.44_-5.43
94,0.05,12.56_-4.44_-5.43,0.03,9.42_0.00_-5.43
94,0.03,9.42_0.00_-5.43,0.02,6.28_-4.44_-5.43
94,0.02,6.28_-4.44_-5.43,0.02,6.28_-4.44_-5.43
94,0.02,6.28_-4.44_-5.43,0.01,3.14_0.00_-5.43
94,0.01,3.14_0.00_-5.43,0.01,3.14_0.00_-5.43
94,0.01,3.14_0.00_-5.43,0.01,3.14_-4.44_0.00
94,0.01,3.14_-4.44_0.00,0.01,3.14_-4.44_0.00
94,0.01,3.14_-4.44_0.00,0.01,3.14_-4.44_0.00
94,0.01,3.14_-4.44_0.00,0.0,0.00_0.00_0.00
94,0.0,0.00_0.00_0.00,0.0,0.00_0.00_0.00
94,0.0,0.00_0.00_0.00,0.0,0.00_0.00_0.00
94,0.0,0.00_0.00_0.00,0.0,0.00_0.00_0.00
94,0.0,0.00_0.00_0.00,0.0,0.00_0.00_0.00
95,49.35,-314.00_-301.81_86.93,23.28,-135.02_31.07_271.66
95,23.28,-135.02_31.07_271.66,2.93,-103.62_31.07_0.00
95,2.93,-103.62_31.07_0.00,2.93,-103.62_31.07_0.00
95,2.93,-103.62_31.07_0.00,2.93,-103.62_31.07_0.00
95,2.93,-103.62_31.07_0.00,2.87,-103.62_26.63_-5.43
95,2.87,-103.62_26.63_-5.43,2.81,-103.62_22.19_0.00
95,2.81,-103.62_22.19_0.00,2.6,-100.48_17.75_0.00
95,2.6,-100.48_17.75_0.00,2.6,-100.48_17.75_0.00
95,2.6,-100.48_17.75_0.00,2.6,-100.48_17.75_0.00
95,2.6,-100.48_17.75_0.00,2.6,-100.48_17.75_0.00
95,2.6,-100.48_17.75_0.00,2.58,-100.48_13.32_5.43
95,2.58,-100.48_13.32_5.43,2.4,-97.34_8.88_5.43
95,2.4,-97.34_8.88_5.43,2.27,-94.20_13.32_5.43
95,2.27,-94.20_13.32_5.43,2.1,-91.06_8.88_5.43
95,2.1,-91.06_8.88_5.43,1.82,-84.78_8.88_5.43
95,1.82,-84.78_8.88_5.43,1.68,-81.64_4.44_5.43
95,1.68,-81.64_4.44_5.43,1.45,-75.36_0.00_10.87
95,1.45,-75.36_0.00_10.87,0.83,-56.52_0.00_10.87
95,0.83,-56.52_0.00_10.87,0.75,-53.38_-4.44_10.87
95,0.75,-53.38_-4.44_10.87,0.75,-53.38_-4.44_10.87
95,0.75,-53.38_-4.44_10.87,0.03,9.42_0.00_5.43
95,0.03,9.42_0.00_5.43,0.02,6.28_4.44_5.43
95,0.02,6.28_4.44_5.43,0.02,6.28_4.44_5.43
95,0.02,6.28_4.44_5.43,0.01,3.14_0.00_5.43
95,0.01,3.14_0.00_5.43,0.01,3.14_0.00_5.43
95,0.01,3.14_0.00_5.43,0.0,0.00_0.00_0.00
95,0.0,0.00_0.00_0.00,0.0,0.00_0.00_0.00
95,0.0,0.00_0.00_0.00,0.0,0.00_0.00_0.00
95,0.0,0.00_0.00_0.00,0.0,0.00_0.00_0.00
95,0.0,0.00_0.00_0.00,0.0,0.00_0.00_0.00
95,0.0,0.00_0.00_0.00,0.0,0.00_0.00_0.00
95,0.0,0.00_0.00_0.00,0.0,0.00_0.00_0.00
96,81.69,-100.48_-541.47_-152.11,71.59,-100.48_-505.97_-141.25
96,71.59,-100.48_-505.97_-141.25,51.42,-91.06_-430.52_108.66
96,51.42,-91.06_-430.52_108.66,50.72,-81.64_-430.52_103.22
96,50.72,-81.64_-430.52_103.22,49.11,-78.50_-426.08_92.36
96,49.11,-78.50_-426.08_92.36,0.56,12.56_-44.38_10.87
96,0.56,12.56_-44.38_10.87,0.51,12.56_-39.95_-16.30
96,0.51,12.56_-39.95_-16.30,0.49,15.70_-39.95_-10.87
96,0.49,15.70_-39.95_-10.87,0.1,15.70_-4.44_-10.87
96,0.1,15.70_-4.44_-10.87,0.05,12.56_-4.44_-5.43
96,0.05,12.56_-4.44_-5.43,0.02,6.28_-4.44_-5.43
96,0.02,6.28_-4.44_-5.43,0.02,6.28_-4.44_-5.43
96,0.02,6.28_-4.44_-5.43,0.01,3.14_0.00_-5.43
96,0.01,3.14_0.00_-5.43,0.01,3.14_0.00_-5.43
96,0.01,3.14_0.00_-5.43,0.01,3.14_0.00_-5.43
96,0.01,3.14_0.00_-5.43,0.0,0.00_0.00_0.00
96,0.0,0.00_0.00_0.00,0.0,0.00_0.00_0.00
96,0.0,0.00_0.00_0.00,0.0,0.00_0.00_0.00
96,0.0,0.00_0.00_0.00,0.0,0.00_0.00_0.00
96,0.0,0.00_0.00_0.00,0.0,0.00_0.00_0.00
96,0.0,0.00_0.00_0.00,0.0,0.00_0.00_0.00
97,97.08,28.26_-479.30_396.57,11.03,-169.56_-93.21_81.50
97,11.03,-169.56_-93.21_81.50,9.95,-172.70_-79.89_59.77
97,9.95,-172.70_-79.89_59.77,9.87,-169.56_-84.33_59.77
97,9.87,-169.56_-84.33_59.77,9.87,-169.56_-84.33_59.77
97,9.87,-169.56_-84.33_59.77,4.95,-91.06_-75.45_76.07
97,4.95,-91.06_-75.45_76.07,4.95,-91.06_-75.45_76.07
97,4.95,-91.06_-75.45_76.07,4.64,-87.92_-71.01_76.07
97,4.64,-87.92_-71.01_76.07,4.38,-81.64_-71.01_76.07
97,4.38,-81.64_-71.01_76.07,3.83,-81.64_-53.26_76.07
97,3.83,-81.64_-53.26_76.07,3.83,-81.64_-53.26_76.07
97,3.83,-81.64_-53.26_76.07,3.82,-78.50_-57.70_76.07
97,3.82,-78.50_-57.70_76.07,3.82,-78.50_-57.70_76.07
97,3.82,-78.50_-57.70_76.07,3.58,-75.36_-53.26_76.07
97,3.58,-75.36_-53.26_76.07,3.5,-78.50_-53.26_70.63
97,3.5,-78.50_-53.26_70.63,3.44,-81.64_-53.26_65.20
97,3.44,-81.64_-53.26_65.20,3.2,-78.50_-48.82_65.20
97,3.2,-78.50_-48.82_65.20,3.2,-78.50_-48.82_65.20
97,3.2,-78.50_-48.82_65.20,2.88,-78.50_-48.82_54.33
97,2.88,-78.50_-48.82_54.33,2.21,-69.08_-22.19_59.77
97,2.21,-69.08_-22.19_59.77,2.21,-69.08_-22.19_59.77
97,2.21,-69.08_-22.19_59.77,2.16,-65.94_-26.63_59.77
97,2.16,-65.94_-26.63_59.77,2.12,-62.80_-31.07_59.77
97,2.12,-62.80_-31.07_59.77,2.04,-62.80_-35.51_54.33
97,2.04,-62.80_-35.51_54.33,0.25,3.14_-26.63_-16.30
97,0.25,3.14_-26.63_-16.30,0.21,0.00_-26.63_-10.87
97,0.21,0.00_-26.63_-10.87,0.21,0.00_-26.63_-10.87
97,0.21,0.00_-26.63_-10.87,0.19,-3.14_-26.63_-5.43
97,0.19,-3.14_-26.63_-5.43,0.19,-3.14_-26.63_-5.43
97,0.19,-3.14_-26.63_-5.43,0.14,-6.28_-22.19_-5.43
97,0.14,-6.28_-22.19_-5.43,0.14,-6.28_-22.19_-5.43
97,0.14,-6.28_-22.19_-5.43,0.12,-6.28_-17.75_-10.87
97,0.12,-6.28_-17.75_-10.87,0.12,-6.28_-17.75_-10.87
97,0.12,-6.28_-17.75_-10.87,0.08,-3.14_-13.32_-10.87
97,0.08,-3.14_-13.32_-10.87,0.03,0.00_0.00_-10.87
97,0.03,0.00_0.00_-10.87,0.01,0.00_-4.44_-5.43
97,0.01,0.00_-4.44_-5.43,0.01,-3.14_-4.44_0.00
97,0.01,-3.14_-4.44_0.00,0.01,-3.14_-4.44_0.00
97,0.01,-3.14_-4.44_0.00,0.0,0.00_0.00_0.00
97,0.0,0.00_0.00_0.00,0.0,0.00_0.00_0.00
97,0.0,0.00_0.00_0.00,0.0,0.00_0.00_0.00
97,0.0,0.00_0.00_0.00,0.0,0.00_0.00_0.00
98,93.93,-452.15_408.32_65.19,35.68,-109.90_319.56_168.42
98,35.68,-109.90_319.56_168.42,22.6,-15.70_26.63_298.82
98,22.6,-15.70_26.63_298.82,22.52,-12.56_22.19_298.82
98,22.52,-12.56_22.19_298.82,22.52,-12.56_22.19_298.82
98,22.52,-12.56_22.19_298.82,0.17,3.14_13.32_-21.73
98,0.17,3.14_13.32_-21.73,0.11,0.00_13.32_-16.30
98,0.11,0.00_13.32_-16.30,0.09,-3.14_8.88_-16.30
98,0.09,-3.14_8.88_-16.30,0.07,0.00_4.44_-16.30
98,0.07,0.00_4.44_-16.30,0.05,0.00_8.88_-10.87
98,0.05,0.00_8.88_-10.87,0.05,0.00_8.88_-10.87
98,0.05,0.00_8.88_-10.87,0.04,3.14_4.44_-10.87
98,0.04,3.14_4.44_-10.87,0.03,0.00_0.00_-10.87
98,0.03,0.00_0.00_-10.87,0.03,0.00_0.00_-10.87
98,0.03,0.00_0.00_-10.87,0.01,3.14_0.00_-5.43
98,0.01,3.14_0.00_-5.43,0.01,3.14_0.00_-5.43
98,0.01,3.14_0.00_-5.43,0.0,0.00_0.00_0.00
98,0.0,0.00_0.00_0.00,0.0,0.00_0.00_0.00
98,0.0,0.00_0.00_0.00,0.0,0.00_0.00_0.00
98,0.0,0.00_0.00_0.00,0.0,0.00_0.00_0.00
98,0.0,0.00_0.00_0.00,0.0,0.00_0.00_0.00
98,0.0,0.00_0.00_0.00,0.0,0.00_0.00_0.00
98,0.0,0.00_0.00_0.00,0.0,0.00_0.00_0.00
98,0.0,0.00_0.00_0.00,0.0,0.00_0.00_0.00
98,0.0,0.00_0.00_0.00,0.0,0.00_0.00_0.00
98,0.0,0.00_0.00_0.00,0.0,0.00_0.00_0.00
99,183.92,411.27_483.64_575.72,183.92,411.27_483.64_575.72
99,183.92,411.27_483.64_575.72,182.21,408.13_479.20_575.73
99,182.21,408.13_479.20_575.73,180.44,401.85_483.64_570.30
99,180.44,401.85_483.64_570.30,60.64,474.14_128.71_32.60
99,60.64,474.14_128.71_32.60,56.37,461.58_102.08_43.46
99,56.37,461.58_102.08_43.46,45.66,405.06_133.15_27.17
99,45.66,405.06_133.15_27.17,18.88,135.02_164.22_-173.86
99,18.88,135.02_164.22_-173.86,18.88,135.02_164.22_-173.86
99,18.88,135.02_164.22_-173.86,14.4,50.24_168.66_-162.99
99,14.4,50.24_168.66_-162.99,14.05,53.38_168.66_-157.56
99,14.05,53.38_168.66_-157.56,1.42,12.56_71.02_21.73
99,1.42,12.56_71.02_21.73,0.03,3.14_8.88_5.43
99,0.03,3.14_8.88_5.43,0.02,6.28_4.44_5.43
99,0.02,6.28_4.44_5.43,0.02,6.28_4.44_5.43
99,0.02,6.28_4.44_5.43,0.01,3.14_4.44_0.00
99,0.01,3.14_4.44_0.00,0.01,3.14_4.44_0.00
99,0.01,3.14_4.44_0.00,0.01,3.14_4.44_0.00
99,0.01,3.14_4.44_0.00,0.0,0.00_0.00_0.00
99,0.0,0.00_0.00_0.00,0.0,0.00_0.00_0.00
99,0.0,0.00_0.00_0.00,0.0,0.00_0.00_0.00
99,0.0,0.00_0.00_0.00,0.0,0.00_0.00_0.00
99,0.0,0.00_0.00_0.00,0.0,0.00_0.00_0.00
99,0.0,0.00_0.00_0.00,0.0,0.00_0.00_0.00
100,65.05,373.65_306.24_162.99,47.66,335.98_221.92_168.42
100,47.66,335.98_221.92_168.42,15.1,53.38_-239.67_5.43
100,15.1,53.38_-239.67_5.43,15.1,53.38_-239.67_5.43
100,15.1,53.38_-239.67_5.43,12.81,43.96_-221.92_0.00
100,12.81,43.96_-221.92_0.00,12.39,47.10_-217.48_0.00
100,12.39,47.10_-217.48_0.00,12.39,47.10_-217.48_0.00
100,12.39,47.10_-217.48_0.00,12.39,47.10_-217.48_0.00
100,12.39,47.10_-217.48_0.00,11.99,50.24_-213.04_0.00
100,11.99,50.24_-213.04_0.00,11.99,50.24_-213.04_0.00
100,11.99,50.24_-213.04_0.00,8.24,157.00_26.63_86.93
100,8.24,157.00_26.63_86.93,8.23,153.86_26.63_92.36
100,8.23,153.86_26.63_92.36,8.06,150.72_31.07_92.36
100,8.06,150.72_31.07_92.36,7.65,150.72_17.75_86.93
100,7.65,150.72_17.75_86.93,7.65,150.72_17.75_86.93
100,7.65,150.72_17.75_86.93,7.65,150.72_17.75_86.93
100,7.65,150.72_17.75_86.93,1.82,56.52_-57.70_27.17
100,1.82,56.52_-57.70_27.17,1.82,56.52_-57.70_27.17
100,1.82,56.52_-57.70_27.17,1.65,50.24_-57.70_27.17
100,1.65,50.24_-57.70_27.17,1.65,50.24_-57.70_27.17
100,1.65,50.24_-57.70_27.17,1.45,-65.94_-26.63_27.17
100,1.45,-65.94_-26.63_27.17,1.28,-62.80_-26.63_21.73
100,1.28,-62.80_-26.63_21.73,1.13,-59.66_-22.19_21.73
100,1.13,-59.66_-22.19_21.73,1.11,-56.52_-22.19_27.17
100,1.11,-56.52_-22.19_27.17,0.76,-53.38_-13.32_0.00
100,0.76,-53.38_-13.32_0.00,0.76,-53.38_-13.32_0.00
100,0.76,-53.38_-13.32_0.00,0.74,-53.38_-8.88_5.43
100,0.74,-53.38_-8.88_5.43,0.65,-50.24_-8.88_0.00
100,0.65,-50.24_-8.88_0.00,0.56,-47.10_0.00_5.43
100,0.56,-47.10_0.00_5.43,0.5,-43.96_-4.44_5.43
100,0.5,-43.96_-4.44_5.43,0.5,-43.96_-4.44_5.43
100,0.5,-43.96_-4.44_5.43,0.42,-40.82_0.00_5.43
100,0.42,-40.82_0.00_5.43,0.42,-40.82_0.00_5.43
100,0.42,-40.82_0.00_5.43,0.37,-37.68_4.44_5.43
100,0.37,-37.68_4.44_5.43,0.31,-34.54_0.00_5.43
100,0.31,-34.54_0.00_5.43,0.31,-34.54_0.00_5.43
100,0.31,-34.54_0.00_5.43,0.21,-28.26_0.00_-5.43
100,0.21,-28.26_0.00_-5.43,0.16,-25.12_0.00_0.00
100,0.16,-25.12_0.00_0.00,0.15,-21.98_-8.88_5.43
100,0.15,-21.98_-8.88_5.43,0.13,-21.98_-4.44_0.00
100,0.13,-21.98_-4.44_0.00,0.11,-18.84_-8.88_0.00
100,0.11,-18.84_-8.88_0.00,0.07,-15.70_-4.44_0.00
100,0.07,-15.70_-4.44_0.00,0.05,-12.56_-4.44_-5.43
100,0.05,-12.56_-4.44_-5.43,0.05,-9.42_-8.88_-5.43
100,0.05,-9.42_-8.88_-5.43,0.02,-6.28_-4.44_-5.43
100,0.02,-6.28_-4.44_-5.43,0.01,-3.14_0.00_-5.43
100,0.01,-3.14_0.00_-5.43,0.01,-3.14_4.44_0.00
100,0.01,-3.14_4.44_0.00,0.01,-3.14_4.44_0.00
100,0.01,-3.14_4.44_0.00,0.0,0.00_0.00_0.00
100,0.0,0.00_0.00_0.00,0.0,0.00_0.00_0.00
100,0.0,0.00_0.00_0.00,0.0,0.00_0.00_0.00
100,0.0,0.00_0.00_0.00,0.0,0.00_0.00_0.00
100,0.0,0.00_0.00_0.00,0.0,0.00_0.00_0.00
