run,fit1,node1,fit2,node2
1,-644.91,203.81_-25.88_420.97,-901.6,420.97_65.55_420.97
1,-901.6,420.97_65.55_420.97,-1039.81,420.97_203.81_420.97
1,-1039.81,420.97_203.81_420.97,-1039.81,420.97_203.81_420.97
1,-1039.81,420.97_203.81_420.97,-1256.95,420.97_420.97_420.97
1,-1256.95,420.97_420.97_420.97,-1256.95,420.97_420.97_420.97
1,-1256.95,420.97_420.97_420.97,-1256.95,420.97_420.97_420.97
1,-1256.95,420.97_420.97_420.97,-1256.95,420.97_420.97_420.97
1,-1256.95,420.97_420.97_420.97,-1256.95,420.97_420.97_420.97
1,-1256.95,420.97_420.97_420.97,-1256.95,420.97_420.97_420.97
1,-1256.95,420.97_420.97_420.97,-1256.95,420.97_420.97_420.97
1,-1256.95,420.97_420.97_420.97,-1256.95,420.97_420.97_420.97
1,-1256.95,420.97_420.97_420.97,-1256.95,420.97_420.97_420.97
1,-1256.95,420.97_420.97_420.97,-1256.95,420.97_420.97_420.97
1,-1256.95,420.97_420.97_420.97,-1256.95,420.97_420.97_420.97
1,-1256.95,420.97_420.97_420.97,-1256.95,420.97_420.97_420.97
2,-704.23,203.81_-302.52_203.81,-743.7,203.81_-124.83_420.97
2,-743.7,203.81_-124.83_420.97,-783.16,65.55_-302.52_420.97
2,-783.16,65.55_-302.52_420.97,-801.42,203.81_-500.00_420.97
2,-801.42,203.81_-500.00_420.97,-1018.55,420.97_-500.00_420.97
2,-1018.55,420.97_-500.00_420.97,-1018.55,420.97_-500.00_420.97
2,-1018.55,420.97_-500.00_420.97,-1018.55,420.97_-500.00_420.97
2,-1018.55,420.97_-500.00_420.97,-1138.51,420.97_-302.52_420.97
2,-1138.51,420.97_-302.52_420.97,-1138.51,420.97_-302.52_420.97
2,-1138.51,420.97_-302.52_420.97,-1138.51,420.97_-302.52_420.97
2,-1138.51,420.97_-302.52_420.97,-1138.51,420.97_-302.52_420.97
2,-1138.51,420.97_-302.52_420.97,-1138.51,420.97_-302.52_420.97
2,-1138.51,420.97_-302.52_420.97,-1138.51,420.97_-302.52_420.97
2,-1138.51,420.97_-302.52_420.97,-1138.51,420.97_-302.52_420.97
2,-1138.51,420.97_-302.52_420.97,-1138.51,420.97_-302.52_420.97
2,-1138.51,420.97_-302.52_420.97,-1138.51,420.97_-302.52_420.97
3,-704.23,203.81_203.81_-302.52,-704.23,203.81_203.81_-302.52
3,-704.23,203.81_203.81_-302.52,-921.37,203.81_420.97_-302.52
3,-921.37,203.81_420.97_-302.52,-960.84,420.97_420.97_-124.83
3,-960.84,420.97_420.97_-124.83,-960.84,420.97_420.97_-124.83
3,-960.84,420.97_420.97_-124.83,-960.84,420.97_420.97_-124.83
3,-960.84,420.97_420.97_-124.83,-1138.51,420.97_420.97_-302.52
3,-1138.51,420.97_420.97_-302.52,-1138.51,420.97_420.97_-302.52
3,-1138.51,420.97_420.97_-302.52,-1138.51,420.97_420.97_-302.52
3,-1138.51,420.97_420.97_-302.52,-1138.51,420.97_420.97_-302.52
3,-1138.51,420.97_420.97_-302.52,-1138.51,420.97_420.97_-302.52
3,-1138.51,420.97_420.97_-302.52,-1138.51,420.97_420.97_-302.52
3,-1138.51,420.97_420.97_-302.52,-1256.95,420.97_420.97_420.97
3,-1256.95,420.97_420.97_420.97,-1256.95,420.97_420.97_420.97
3,-1256.95,420.97_420.97_420.97,-1256.95,420.97_420.97_420.97
3,-1256.95,420.97_420.97_420.97,-1256.95,420.97_420.97_420.97
3,-1256.95,420.97_420.97_420.97,-1256.95,420.97_420.97_420.97
3,-1256.95,420.97_420.97_420.97,-1256.95,420.97_420.97_420.97
3,-1256.95,420.97_420.97_420.97,-1256.95,420.97_420.97_420.97
4,-565.94,-25.88_-124.83_420.97,-842.4,-124.83_-302.52_420.97
4,-842.4,-124.83_-302.52_420.97,-1020.07,-302.53_-302.52_420.97
4,-1020.07,-302.53_-302.52_420.97,-1020.07,-302.52_-302.52_420.97
4,-1020.07,-302.52_-302.52_420.97,-1020.07,-302.52_-302.52_420.97
4,-1020.07,-302.52_-302.52_420.97,-1020.07,-302.52_-302.52_420.97
4,-1020.07,-302.52_-302.52_420.97,-1020.07,-302.52_-302.52_420.97
4,-1020.07,-302.52_-302.52_420.97,-1039.81,420.97_203.81_420.97
4,-1039.81,420.97_203.81_420.97,-1256.95,420.97_420.97_420.97
4,-1256.95,420.97_420.97_420.97,-1256.95,420.97_420.97_420.97
4,-1256.95,420.97_420.97_420.97,-1256.95,420.97_420.97_420.97
4,-1256.95,420.97_420.97_420.97,-1256.95,420.97_420.97_420.97
4,-1256.95,420.97_420.97_420.97,-1256.95,420.97_420.97_420.97
4,-1256.95,420.97_420.97_420.97,-1256.95,420.97_420.97_420.97
4,-1256.95,420.97_420.97_420.97,-1256.95,420.97_420.97_420.97
4,-1256.95,420.97_420.97_420.97,-1256.95,420.97_420.97_420.97
4,-1256.95,420.97_420.97_420.97,-1256.95,420.97_420.97_420.97
4,-1256.95,420.97_420.97_420.97,-1256.95,420.97_420.97_420.97
4,-1256.95,420.97_420.97_420.97,-1256.95,420.97_420.97_420.97
4,-1256.95,420.97_420.97_420.97,-1256.95,420.97_420.97_420.97
4,-1256.95,420.97_420.97_420.97,-1256.95,420.97_420.97_420.97
5,-644.91,203.81_420.97_-25.88,-743.7,203.81_420.97_-124.83
5,-743.7,203.81_420.97_-124.83,-1138.51,420.97_420.97_-302.52
5,-1138.51,420.97_420.97_-302.52,-1138.51,420.97_420.97_-302.52
5,-1138.51,420.97_420.97_-302.52,-1138.51,420.97_420.97_-302.52
5,-1138.51,420.97_420.97_-302.52,-1138.51,420.97_420.97_-302.52
5,-1138.51,420.97_420.97_-302.52,-1138.51,420.97_420.97_-302.52
5,-1138.51,420.97_420.97_-302.52,-1256.95,420.97_420.97_420.97
5,-1256.95,420.97_420.97_420.97,-1256.95,420.97_420.97_420.97
5,-1256.95,420.97_420.97_420.97,-1256.95,420.97_420.97_420.97
5,-1256.95,420.97_420.97_420.97,-1256.95,420.97_420.97_420.97
5,-1256.95,420.97_420.97_420.97,-1256.95,420.97_420.97_420.97
6,-544.77,-302.52_65.55_-500.00,-604.01,-302.52_-124.83_-500.00
6,-604.01,-302.52_-124.83_-500.00,-661.72,-500.00_-302.52_-500.00
6,-661.72,-500.00_-302.52_-500.00,-781.68,-302.52_-302.52_-500.00
6,-781.68,-302.52_-302.52_-500.00,-901.63,-302.52_-302.52_-302.53
6,-901.63,-302.52_-302.52_-302.53,-901.63,-302.52_-302.52_-302.52
6,-901.63,-302.52_-302.52_-302.52,-901.63,-302.52_-302.52_-302.52
6,-901.63,-302.52_-302.52_-302.52,-901.63,-302.52_-302.52_-302.52
6,-901.63,-302.52_-302.52_-302.52,-901.63,-302.52_-302.52_-302.52
6,-901.63,-302.52_-302.52_-302.52,-901.63,-302.52_-302.52_-302.52
6,-901.63,-302.52_-302.52_-302.52,-1138.51,420.97_-302.52_420.97
6,-1138.51,420.97_-302.52_420.97,-1138.51,420.97_-302.52_420.97
6,-1138.51,420.97_-302.52_420.97,-1138.51,420.97_-302.52_420.97
6,-1138.51,420.97_-302.52_420.97,-1138.51,420.97_-302.52_420.97
6,-1138.51,420.97_-302.52_420.97,-1138.51,420.97_-302.52_420.97
6,-1138.51,420.97_-302.52_420.97,-1138.51,420.97_-302.52_420.97
6,-1138.51,420.97_-302.52_420.97,-1138.51,420.97_-302.52_420.97
6,-1138.51,420.97_-302.52_420.97,-1138.51,420.97_-302.52_420.97
6,-1138.51,420.97_-302.52_420.97,-1138.51,420.97_-302.52_420.97
6,-1138.51,420.97_-302.52_420.97,-1138.51,420.97_-302.52_420.97
6,-1138.51,420.97_-302.52_420.97,-1138.51,420.97_-302.52_420.97
6,-1138.51,420.97_-302.52_420.97,-1138.51,420.97_-302.52_420.97
6,-1138.51,420.97_-302.52_420.97,-1138.51,420.97_-302.52_420.97
6,-1138.51,420.97_-302.52_420.97,-1138.51,420.97_-302.52_420.97
6,-1138.51,420.97_-302.52_420.97,-1138.51,420.97_-302.52_420.97
6,-1138.51,420.97_-302.52_420.97,-1138.51,420.97_-302.52_420.97
7,-684.46,420.97_203.81_65.55,-684.46,420.97_203.81_65.55
7,-684.46,420.97_203.81_65.55,-822.67,420.97_203.81_203.81
7,-822.67,420.97_203.81_203.81,-862.05,420.97_-25.88_420.97
7,-862.05,420.97_-25.88_420.97,-1138.51,420.97_-302.52_420.97
7,-1138.51,420.97_-302.52_420.97,-1138.51,420.97_-302.52_420.97
7,-1138.51,420.97_-302.52_420.97,-1138.51,420.97_-302.52_420.97
7,-1138.51,420.97_-302.52_420.97,-1138.51,420.97_-302.52_420.97
7,-1138.51,420.97_-302.52_420.97,-1138.51,420.97_-302.52_420.97
7,-1138.51,420.97_-302.52_420.97,-1138.51,420.97_-302.52_420.97
7,-1138.51,420.97_-302.52_420.97,-1138.51,420.97_-302.52_420.97
7,-1138.51,420.97_-302.52_420.97,-1138.51,420.97_-302.52_420.97
7,-1138.51,420.97_-302.52_420.97,-1256.95,420.97_420.97_420.97
7,-1256.95,420.97_420.97_420.97,-1256.95,420.97_420.97_420.97
7,-1256.95,420.97_420.97_420.97,-1256.95,420.97_420.97_420.97
7,-1256.95,420.97_420.97_420.97,-1256.95,420.97_420.97_420.97
7,-1256.95,420.97_420.97_420.97,-1256.95,420.97_420.97_420.97
7,-1256.95,420.97_420.97_420.97,-1256.95,420.97_420.97_420.97
7,-1256.95,420.97_420.97_420.97,-1256.95,420.97_420.97_420.97
7,-1256.95,420.97_420.97_420.97,-1256.95,420.97_420.97_420.97
7,-1256.95,420.97_420.97_420.97,-1256.95,420.97_420.97_420.97
7,-1256.95,420.97_420.97_420.97,-1256.95,420.97_420.97_420.97
8,-960.84,-124.83_420.97_420.97,-1138.51,-302.52_420.97_420.97
8,-1138.51,-302.52_420.97_420.97,-1138.51,-302.52_420.97_420.97
8,-1138.51,-302.52_420.97_420.97,-1138.51,-302.52_420.97_420.97
8,-1138.51,-302.52_420.97_420.97,-1138.51,-302.52_420.97_420.97
8,-1138.51,-302.52_420.97_420.97,-1138.51,-302.52_420.97_420.97
8,-1138.51,-302.52_420.97_420.97,-1138.51,-302.52_420.97_420.97
8,-1138.51,-302.52_420.97_420.97,-1256.95,420.97_420.97_420.97
8,-1256.95,420.97_420.97_420.97,-1256.95,420.97_420.97_420.97
8,-1256.95,420.97_420.97_420.97,-1256.95,420.97_420.97_420.97
8,-1256.95,420.97_420.97_420.97,-1256.95,420.97_420.97_420.97
8,-1256.95,420.97_420.97_420.97,-1256.95,420.97_420.97_420.97
8,-1256.95,420.97_420.97_420.97,-1256.95,420.97_420.97_420.97
8,-1256.95,420.97_420.97_420.97,-1256.95,420.97_420.97_420.97
8,-1256.95,420.97_420.97_420.97,-1256.95,420.97_420.97_420.97
8,-1256.95,420.97_420.97_420.97,-1256.95,420.97_420.97_420.97
9,-506.33,203.81_-302.52_5.24,-566.02,203.81_-302.52_65.55
9,-566.02,203.81_-302.52_65.55,-801.42,420.97_-500.00_203.81
9,-801.42,420.97_-500.00_203.81,-1018.55,420.97_-500.00_420.97
9,-1018.55,420.97_-500.00_420.97,-1018.55,420.97_-500.00_420.97
9,-1018.55,420.97_-500.00_420.97,-1138.51,420.97_-302.52_420.97
9,-1138.51,420.97_-302.52_420.97,-1138.51,420.97_-302.52_420.97
9,-1138.51,420.97_-302.52_420.97,-1138.51,420.97_-302.52_420.97
9,-1138.51,420.97_-302.52_420.97,-1138.51,420.97_-302.52_420.97
9,-1138.51,420.97_-302.52_420.97,-1138.51,420.97_-302.52_420.97
9,-1138.51,420.97_-302.52_420.97,-1138.51,420.97_-302.52_420.97
9,-1138.51,420.97_-302.52_420.97,-1138.51,420.97_-302.52_420.97
9,-1138.51,420.97_-302.52_420.97,-1256.95,420.97_420.97_420.97
9,-1256.95,420.97_420.97_420.97,-1256.95,420.97_420.97_420.97
9,-1256.95,420.97_420.97_420.97,-1256.95,420.97_420.97_420.97
9,-1256.95,420.97_420.97_420.97,-1256.95,420.97_420.97_420.97
9,-1256.95,420.97_420.97_420.97,-1256.95,420.97_420.97_420.97
9,-1256.95,420.97_420.97_420.97,-1256.95,420.97_420.97_420.97
9,-1256.95,420.97_420.97_420.97,-1256.95,420.97_420.97_420.97
9,-1256.95,420.97_420.97_420.97,-1256.95,420.97_420.97_420.97
9,-1256.95,420.97_420.97_420.97,-1256.95,420.97_420.97_420.97
10,-682.98,-500.00_-302.52_203.81,-802.93,-302.52_-302.52_203.81
10,-802.93,-302.52_-302.52_203.81,-802.93,-302.52_-302.52_203.81
10,-802.93,-302.52_-302.52_203.81,-1020.07,-302.52_-302.52_420.97
10,-1020.07,-302.52_-302.52_420.97,-1020.07,-302.52_-302.52_420.97
10,-1020.07,-302.52_-302.52_420.97,-1020.07,-302.52_-302.52_420.97
10,-1020.07,-302.52_-302.52_420.97,-1020.07,-302.52_-302.52_420.97
10,-1020.07,-302.52_-302.52_420.97,-1020.07,-302.52_-302.52_420.97
10,-1020.07,-302.52_-302.52_420.97,-1020.07,-302.52_-302.52_420.97
10,-1020.07,-302.52_-302.52_420.97,-1020.07,-302.52_-302.52_420.97
10,-1020.07,-302.52_-302.52_420.97,-1020.07,-302.52_-302.52_420.97
10,-1020.07,-302.52_-302.52_420.97,-1020.07,-302.52_-302.52_420.97
10,-1020.07,-302.52_-302.52_420.97,-1020.07,-302.52_-302.52_420.97
10,-1020.07,-302.52_-302.52_420.97,-1256.95,420.97_420.97_420.97
10,-1256.95,420.97_420.97_420.97,-1256.95,420.97_420.97_420.97
10,-1256.95,420.97_420.97_420.97,-1256.95,420.97_420.97_420.97
10,-1256.95,420.97_420.97_420.97,-1256.95,420.97_420.97_420.97
10,-1256.95,420.97_420.97_420.97,-1256.95,420.97_420.97_420.97
10,-1256.95,420.97_420.97_420.97,-1256.95,420.97_420.97_420.97
10,-1256.95,420.97_420.97_420.97,-1256.95,420.97_420.97_420.97
11,-743.7,203.81_420.97_-124.83,-960.84,420.97_420.97_-124.83
11,-960.84,420.97_420.97_-124.83,-1138.51,420.97_420.97_-302.52
11,-1138.51,420.97_420.97_-302.52,-1138.51,420.97_420.97_-302.52
11,-1138.51,420.97_420.97_-302.52,-1138.51,420.97_420.97_-302.52
11,-1138.51,420.97_420.97_-302.52,-1138.51,420.97_420.97_-302.52
11,-1138.51,420.97_420.97_-302.52,-1138.51,420.97_420.97_-302.52
12,-447.5,-124.83_-25.88_-302.52,-781.68,-302.52_-302.52_-500.00
12,-781.68,-302.52_-302.52_-500.00,-781.68,-302.52_-302.52_-500.00
12,-781.68,-302.52_-302.52_-500.00,-901.63,-302.52_-302.52_-302.52
12,-901.63,-302.52_-302.52_-302.52,-901.63,-302.52_-302.52_-302.52
12,-901.63,-302.52_-302.52_-302.52,-921.37,420.97_-302.52_203.81
12,-921.37,420.97_-302.52_203.81,-1138.51,420.97_-302.52_420.97
12,-1138.51,420.97_-302.52_420.97,-1138.51,420.97_-302.52_420.97
12,-1138.51,420.97_-302.52_420.97,-1138.51,420.97_-302.52_420.97
12,-1138.51,420.97_-302.52_420.97,-1138.51,420.97_-302.52_420.97
12,-1138.51,420.97_-302.52_420.97,-1138.51,420.97_-302.52_420.97
12,-1138.51,420.97_-302.52_420.97,-1138.51,420.97_-302.52_420.97
12,-1138.51,420.97_-302.52_420.97,-1138.51,420.97_-302.52_420.97
12,-1138.51,420.97_-302.52_420.97,-1138.51,420.97_-302.52_420.97
12,-1138.51,420.97_-302.52_420.97,-1256.95,420.97_420.97_420.97
12,-1256.95,420.97_420.97_420.97,-1256.95,420.97_420.97_420.97
12,-1256.95,420.97_420.97_420.97,-1256.95,420.97_420.97_420.97
12,-1256.95,420.97_420.97_420.97,-1256.95,420.97_420.97_420.97
12,-1256.95,420.97_420.97_420.97,-1256.95,420.97_420.97_420.97
12,-1256.95,420.97_420.97_420.97,-1256.95,420.97_420.97_420.97
12,-1256.95,420.97_420.97_420.97,-1256.95,420.97_420.97_420.97
12,-1256.95,420.97_420.97_420.97,-1256.95,420.97_420.97_420.97
12,-1256.95,420.97_420.97_420.97,-1256.95,420.97_420.97_420.97
12,-1256.95,420.97_420.97_420.97,-1256.95,420.97_420.97_420.97
13,-625.17,-302.52_-25.88_-302.52,-664.72,-302.52_65.55_-302.52
13,-664.72,-302.52_65.55_-302.52,-802.93,-302.52_203.81_-302.52
13,-802.93,-302.52_203.81_-302.52,-802.93,-302.52_203.81_-302.52
13,-802.93,-302.52_203.81_-302.52,-921.37,203.81_-302.52_420.97
13,-921.37,203.81_-302.52_420.97,-921.37,203.81_-302.52_420.97
13,-921.37,203.81_-302.52_420.97,-1138.51,420.97_-302.52_420.97
13,-1138.51,420.97_-302.52_420.97,-1138.51,420.97_-302.52_420.97
13,-1138.51,420.97_-302.52_420.97,-1138.51,420.97_-302.52_420.97
13,-1138.51,420.97_-302.52_420.97,-1138.51,420.97_-302.52_420.97
13,-1138.51,420.97_-302.52_420.97,-1138.51,420.97_-302.52_420.97
13,-1138.51,420.97_-302.52_420.97,-1138.51,420.97_-302.52_420.97
13,-1138.51,420.97_-302.52_420.97,-1138.51,420.97_-302.52_420.97
13,-1138.51,420.97_-302.52_420.97,-1138.51,420.97_-302.52_420.97
13,-1138.51,420.97_-302.52_420.97,-1138.51,420.97_-302.52_420.97
13,-1138.51,420.97_-302.52_420.97,-1138.51,420.97_-302.52_420.97
13,-1138.51,420.97_-302.52_420.97,-1138.51,420.97_-302.52_420.97
14,-644.91,203.81_-25.88_420.97,-1256.95,420.97_420.97_420.97
14,-1256.95,420.97_420.97_420.97,-1256.95,420.97_420.97_420.97
14,-1256.95,420.97_420.97_420.97,-1256.95,420.97_420.97_420.97
14,-1256.95,420.97_420.97_420.97,-1256.95,420.97_420.97_420.97
14,-1256.95,420.97_420.97_420.97,-1256.95,420.97_420.97_420.97
14,-1256.95,420.97_420.97_420.97,-1256.95,420.97_420.97_420.97
14,-1256.95,420.97_420.97_420.97,-1256.95,420.97_420.97_420.97
14,-1256.95,420.97_420.97_420.97,-1256.95,420.97_420.97_420.97
14,-1256.95,420.97_420.97_420.97,-1256.95,420.97_420.97_420.97
14,-1256.95,420.97_420.97_420.97,-1256.95,420.97_420.97_420.97
15,-743.7,203.81_-124.83_420.97,-783.16,65.55_-302.52_420.97
15,-783.16,65.55_-302.52_420.97,-921.37,203.81_-302.52_420.97
15,-921.37,203.81_-302.52_420.97,-921.37,203.81_-302.52_420.97
15,-921.37,203.81_-302.52_420.97,-1020.07,-302.52_420.97_-302.52
15,-1020.07,-302.52_420.97_-302.52,-1020.07,-302.52_420.97_-302.52
15,-1020.07,-302.52_420.97_-302.52,-1020.07,-302.52_420.97_-302.52
15,-1020.07,-302.52_420.97_-302.52,-1138.51,420.97_-302.52_420.97
15,-1138.51,420.97_-302.52_420.97,-1138.51,420.97_-302.52_420.97
15,-1138.51,420.97_-302.52_420.97,-1138.51,420.97_-302.52_420.97
15,-1138.51,420.97_-302.52_420.97,-1138.51,420.97_-302.52_420.97
15,-1138.51,420.97_-302.52_420.97,-1138.51,420.97_-302.52_420.97
15,-1138.51,420.97_-302.52_420.97,-1138.51,420.97_-302.52_420.97
15,-1138.51,420.97_-302.52_420.97,-1138.51,420.97_-302.52_420.97
15,-1138.51,420.97_-302.52_420.97,-1256.95,420.97_420.97_420.97
15,-1256.95,420.97_420.97_420.97,-1256.95,420.97_420.97_420.97
15,-1256.95,420.97_420.97_420.97,-1256.95,420.97_420.97_420.97
15,-1256.95,420.97_420.97_420.97,-1256.95,420.97_420.97_420.97
15,-1256.95,420.97_420.97_420.97,-1256.95,420.97_420.97_420.97
15,-1256.95,420.97_420.97_420.97,-1256.95,420.97_420.97_420.97
15,-1256.95,420.97_420.97_420.97,-1256.95,420.97_420.97_420.97
15,-1256.95,420.97_420.97_420.97,-1256.95,420.97_420.97_420.97
16,-780.16,420.97_-500.00_-500.00,-780.16,420.97_-500.00_-500.00
16,-780.16,420.97_-500.00_-500.00,-1039.81,420.97_420.97_203.81
16,-1039.81,420.97_420.97_203.81,-1039.81,420.97_420.97_203.81
16,-1039.81,420.97_420.97_203.81,-1039.81,420.97_420.97_203.81
16,-1039.81,420.97_420.97_203.81,-1039.81,420.97_420.97_203.81
16,-1039.81,420.97_420.97_203.81,-1039.81,420.97_420.97_203.81
16,-1039.81,420.97_420.97_203.81,-1039.81,420.97_420.97_203.81
16,-1039.81,420.97_420.97_203.81,-1039.81,420.97_420.97_203.81
16,-1039.81,420.97_420.97_203.81,-1256.95,420.97_420.97_420.97
16,-1256.95,420.97_420.97_420.97,-1256.95,420.97_420.97_420.97
16,-1256.95,420.97_420.97_420.97,-1256.95,420.97_420.97_420.97
16,-1256.95,420.97_420.97_420.97,-1256.95,420.97_420.97_420.97
16,-1256.95,420.97_420.97_420.97,-1256.95,420.97_420.97_420.97
16,-1256.95,420.97_420.97_420.97,-1256.95,420.97_420.97_420.97
16,-1256.95,420.97_420.97_420.97,-1256.95,420.97_420.97_420.97
16,-1256.95,420.97_420.97_420.97,-1256.95,420.97_420.97_420.97
16,-1256.95,420.97_420.97_420.97,-1256.95,420.97_420.97_420.97
16,-1256.95,420.97_420.97_420.97,-1256.95,420.97_420.97_420.97
17,-625.26,203.81_-124.83_-302.52,-921.37,-302.52_203.81_420.97
17,-921.37,-302.52_203.81_420.97,-1138.51,-302.52_420.97_420.97
17,-1138.51,-302.52_420.97_420.97,-1138.51,-302.52_420.97_420.97
17,-1138.51,-302.52_420.97_420.97,-1138.51,-302.52_420.97_420.97
17,-1138.51,-302.52_420.97_420.97,-1138.51,-302.52_420.97_420.97
17,-1138.51,-302.52_420.97_420.97,-1138.51,-302.52_420.97_420.97
17,-1138.51,-302.52_420.97_420.97,-1138.51,-302.52_420.97_420.97
17,-1138.51,-302.52_420.97_420.97,-1256.95,420.97_420.97_420.97
17,-1256.95,420.97_420.97_420.97,-1256.95,420.97_420.97_420.97
17,-1256.95,420.97_420.97_420.97,-1256.95,420.97_420.97_420.97
17,-1256.95,420.97_420.97_420.97,-1256.95,420.97_420.97_420.97
17,-1256.95,420.97_420.97_420.97,-1256.95,420.97_420.97_420.97
17,-1256.95,420.97_420.97_420.97,-1256.95,420.97_420.97_420.97
17,-1256.95,420.97_420.97_420.97,-1256.95,420.97_420.97_420.97
18,-584.28,-500.00_203.81_203.81,-663.21,-500.00_420.97_65.55
18,-663.21,-500.00_420.97_65.55,-801.42,-500.00_420.97_203.81
18,-801.42,-500.00_420.97_203.81,-1138.51,-302.52_420.97_420.97
18,-1138.51,-302.52_420.97_420.97,-1138.51,-302.52_420.97_420.97
18,-1138.51,-302.52_420.97_420.97,-1138.51,-302.52_420.97_420.97
18,-1138.51,-302.52_420.97_420.97,-1138.51,-302.52_420.97_420.97
18,-1138.51,-302.52_420.97_420.97,-1138.51,-302.52_420.97_420.97
18,-1138.51,-302.52_420.97_420.97,-1138.51,-302.52_420.97_420.97
18,-1138.51,-302.52_420.97_420.97,-1138.51,-302.52_420.97_420.97
18,-1138.51,-302.52_420.97_420.97,-1138.51,-302.52_420.97_420.97
18,-1138.51,-302.52_420.97_420.97,-1138.51,-302.52_420.97_420.97
18,-1138.51,-302.52_420.97_420.97,-1138.51,-302.52_420.97_420.97
18,-1138.51,-302.52_420.97_420.97,-1138.51,-302.52_420.97_420.97
18,-1138.51,-302.52_420.97_420.97,-1138.51,-302.52_420.97_420.97
18,-1138.51,-302.52_420.97_420.97,-1138.51,-302.52_420.97_420.97
19,-407.63,203.81_203.81_5.24,-526.56,203.81_203.81_-124.83
19,-526.56,203.81_203.81_-124.83,-566.02,65.55_203.81_-302.52
19,-566.02,65.55_203.81_-302.52,-921.37,203.81_420.97_-302.52
19,-921.37,203.81_420.97_-302.52,-1138.51,420.97_420.97_-302.52
19,-1138.51,420.97_420.97_-302.52,-1138.51,420.97_420.97_-302.52
19,-1138.51,420.97_420.97_-302.52,-1138.51,420.97_420.97_-302.52
19,-1138.51,420.97_420.97_-302.52,-1138.51,420.97_420.97_-302.52
19,-1138.51,420.97_420.97_-302.52,-1138.51,420.97_420.97_-302.52
19,-1138.51,420.97_420.97_-302.52,-1138.51,420.97_420.97_-302.52
19,-1138.51,420.97_420.97_-302.52,-1138.51,420.97_420.97_-302.52
19,-1138.51,420.97_420.97_-302.52,-1138.51,420.97_420.97_-302.52
19,-1138.51,420.97_420.97_-302.52,-1256.95,420.97_420.97_420.97
19,-1256.95,420.97_420.97_420.97,-1256.95,420.97_420.97_420.97
19,-1256.95,420.97_420.97_420.97,-1256.95,420.97_420.97_420.97
19,-1256.95,420.97_420.97_420.97,-1256.95,420.97_420.97_420.97
20,-664.72,65.55_-302.52_-302.52,-802.93,203.81_-302.52_-302.52
20,-802.93,203.81_-302.52_-302.52,-842.4,420.97_-124.83_-302.52
20,-842.4,420.97_-124.83_-302.52,-1020.07,420.97_-302.52_-302.52
20,-1020.07,420.97_-302.52_-302.52,-1020.07,420.97_-302.52_-302.52
20,-1020.07,420.97_-302.52_-302.52,-1020.07,420.97_-302.52_-302.52
20,-1020.07,420.97_-302.52_-302.52,-1020.07,420.97_-302.52_-302.52
20,-1020.07,420.97_-302.52_-302.52,-1020.07,420.97_-302.52_-302.52
20,-1020.07,420.97_-302.52_-302.52,-1020.07,420.97_-302.52_-302.52
20,-1020.07,420.97_-302.52_-302.52,-1020.07,420.97_-302.52_-302.52
20,-1020.07,420.97_-302.52_-302.52,-1020.07,420.97_-302.52_-302.52
20,-1020.07,420.97_-302.52_-302.52,-1039.81,420.97_203.81_420.97
20,-1039.81,420.97_203.81_420.97,-1039.81,420.97_203.81_420.97
20,-1039.81,420.97_203.81_420.97,-1039.81,203.81_420.97_420.97
20,-1039.81,203.81_420.97_420.97,-1256.95,420.97_420.97_420.97
20,-1256.95,420.97_420.97_420.97,-1256.95,420.97_420.97_420.97
20,-1256.95,420.97_420.97_420.97,-1256.95,420.97_420.97_420.97
20,-1256.95,420.97_420.97_420.97,-1256.95,420.97_420.97_420.97
20,-1256.95,420.97_420.97_420.97,-1256.95,420.97_420.97_420.97
20,-1256.95,420.97_420.97_420.97,-1256.95,420.97_420.97_420.97
20,-1256.95,420.97_420.97_420.97,-1256.95,420.97_420.97_420.97
20,-1256.95,420.97_420.97_420.97,-1256.95,420.97_420.97_420.97
20,-1256.95,420.97_420.97_420.97,-1256.95,420.97_420.97_420.97
20,-1256.95,420.97_420.97_420.97,-1256.95,420.97_420.97_420.97
21,-289.56,203.81_-25.88_65.55,-842.4,420.97_-124.83_-302.52
21,-842.4,420.97_-124.83_-302.52,-1020.07,420.97_-302.52_-302.52
21,-1020.07,420.97_-302.52_-302.52,-1020.07,420.97_-302.52_-302.52
21,-1020.07,420.97_-302.52_-302.52,-1020.07,420.97_-302.52_-302.52
21,-1020.07,420.97_-302.52_-302.52,-1020.07,420.97_-302.52_-302.52
21,-1020.07,420.97_-302.52_-302.52,-1020.07,420.97_-302.52_-302.52
21,-1020.07,420.97_-302.52_-302.52,-1020.07,420.97_-302.52_-302.52
21,-1020.07,420.97_-302.52_-302.52,-1020.07,420.97_-302.52_-302.52
21,-1020.07,420.97_-302.52_-302.52,-1020.07,420.97_-302.52_-302.52
21,-1020.07,420.97_-302.52_-302.52,-1020.07,420.97_-302.52_-302.52
21,-1020.07,420.97_-302.52_-302.52,-1256.95,420.97_420.97_420.97
21,-1256.95,420.97_420.97_420.97,-1256.95,420.97_420.97_420.97
21,-1256.95,420.97_420.97_420.97,-1256.95,420.97_420.97_420.97
21,-1256.95,420.97_420.97_420.97,-1256.95,420.97_420.97_420.97
21,-1256.95,420.97_420.97_420.97,-1256.95,420.97_420.97_420.97
21,-1256.95,420.97_420.97_420.97,-1256.95,420.97_420.97_420.97
21,-1256.95,420.97_420.97_420.97,-1256.95,420.97_420.97_420.97
21,-1256.95,420.97_420.97_420.97,-1256.95,420.97_420.97_420.97
21,-1256.95,420.97_420.97_420.97,-1256.95,420.97_420.97_420.97
21,-1256.95,420.97_420.97_420.97,-1256.95,420.97_420.97_420.97
21,-1256.95,420.97_420.97_420.97,-1256.95,420.97_420.97_420.97
21,-1256.95,420.97_420.97_420.97,-1256.95,420.97_420.97_420.97
21,-1256.95,420.97_420.97_420.97,-1256.95,420.97_420.97_420.97
22,-467.32,203.81_203.81_65.55,-862.05,420.97_420.97_-25.88
22,-862.05,420.97_420.97_-25.88,-960.84,420.97_420.97_-124.83
22,-960.84,420.97_420.97_-124.83,-1138.51,420.97_420.97_-302.52
22,-1138.51,420.97_420.97_-302.52,-1138.51,420.97_420.97_-302.52
22,-1138.51,420.97_420.97_-302.52,-1138.51,420.97_420.97_-302.52
22,-1138.51,420.97_420.97_-302.52,-1138.51,420.97_420.97_-302.52
22,-1138.51,420.97_420.97_-302.52,-1138.51,420.97_420.97_-302.52
22,-1138.51,420.97_420.97_-302.52,-1138.51,420.97_420.97_-302.52
22,-1138.51,420.97_420.97_-302.52,-1138.51,420.97_420.97_-302.52
22,-1138.51,420.97_420.97_-302.52,-1138.51,420.97_420.97_-302.52
23,-367.1,65.55_-124.83_-500.00,-780.16,-500.00_420.97_-500.00
23,-780.16,-500.00_420.97_-500.00,-802.93,203.81_-302.52_-302.52
23,-802.93,203.81_-302.52_-302.52,-1020.07,-302.52_-302.52_420.97
23,-1020.07,-302.52_-302.52_420.97,-1020.07,-302.52_-302.52_420.97
23,-1020.07,-302.52_-302.52_420.97,-1020.07,-302.52_-302.52_420.97
23,-1020.07,-302.52_-302.52_420.97,-1020.07,-302.52_-302.52_420.97
23,-1020.07,-302.52_-302.52_420.97,-1020.07,-302.52_-302.52_420.97
23,-1020.07,-302.52_-302.52_420.97,-1020.07,-302.52_-302.52_420.97
23,-1020.07,-302.52_-302.52_420.97,-1020.07,-302.52_-302.52_420.97
23,-1020.07,-302.52_-302.52_420.97,-1138.51,420.97_-302.52_420.97
23,-1138.51,420.97_-302.52_420.97,-1138.51,420.97_-302.52_420.97
23,-1138.51,420.97_-302.52_420.97,-1138.51,420.97_-302.52_420.97
23,-1138.51,420.97_-302.52_420.97,-1138.51,420.97_-302.52_420.97
23,-1138.51,420.97_-302.52_420.97,-1138.51,420.97_-302.52_420.97
23,-1138.51,420.97_-302.52_420.97,-1138.51,420.97_-302.52_420.97
23,-1138.51,420.97_-302.52_420.97,-1138.51,420.97_-302.52_420.97
23,-1138.51,420.97_-302.52_420.97,-1138.51,420.97_-302.52_420.97
23,-1138.51,420.97_-302.52_420.97,-1138.51,420.97_-302.52_420.97
23,-1138.51,420.97_-302.52_420.97,-1138.51,420.97_-302.52_420.97
23,-1138.51,420.97_-302.52_420.97,-1138.51,420.97_-302.52_420.97
23,-1138.51,420.97_-302.52_420.97,-1138.51,420.97_-302.52_420.97
23,-1138.51,420.97_-302.52_420.97,-1256.95,420.97_420.97_420.97
23,-1256.95,420.97_420.97_420.97,-1256.95,420.97_420.97_420.97
23,-1256.95,420.97_420.97_420.97,-1256.95,420.97_420.97_420.97
23,-1256.95,420.97_420.97_420.97,-1256.95,420.97_420.97_420.97
23,-1256.95,420.97_420.97_420.97,-1256.95,420.97_420.97_420.97
23,-1256.95,420.97_420.97_420.97,-1256.95,420.97_420.97_420.97
23,-1256.95,420.97_420.97_420.97,-1256.95,420.97_420.97_420.97
23,-1256.95,420.97_420.97_420.97,-1256.95,420.97_420.97_420.97
23,-1256.95,420.97_420.97_420.97,-1256.95,420.97_420.97_420.97
23,-1256.95,420.97_420.97_420.97,-1256.95,420.97_420.97_420.97
23,-1256.95,420.97_420.97_420.97,-1256.95,420.97_420.97_420.97
23,-1256.95,420.97_420.97_420.97,-1256.95,420.97_420.97_420.97
23,-1256.95,420.97_420.97_420.97,-1256.95,420.97_420.97_420.97
24,-447.5,-25.88_-302.52_-124.83,-723.97,-124.83_-302.52_-302.52
24,-723.97,-124.83_-302.52_-302.52,-723.97,-302.52_-302.52_-124.83
24,-723.97,-302.52_-302.52_-124.83,-901.63,-302.52_-302.52_-302.52
24,-901.63,-302.52_-302.52_-302.52,-901.63,-302.52_-302.52_-302.52
24,-901.63,-302.52_-302.52_-302.52,-901.63,-302.52_-302.52_-302.52
24,-901.63,-302.52_-302.52_-302.52,-1256.95,420.97_420.97_420.97
24,-1256.95,420.97_420.97_420.97,-1256.95,420.97_420.97_420.97
24,-1256.95,420.97_420.97_420.97,-1256.95,420.97_420.97_420.97
24,-1256.95,420.97_420.97_420.97,-1256.95,420.97_420.97_420.97
24,-1256.95,420.97_420.97_420.97,-1256.95,420.97_420.97_420.97
24,-1256.95,420.97_420.97_420.97,-1256.95,420.97_420.97_420.97
24,-1256.95,420.97_420.97_420.97,-1256.95,420.97_420.97_420.97
24,-1256.95,420.97_420.97_420.97,-1256.95,420.97_420.97_420.97
24,-1256.95,420.97_420.97_420.97,-1256.95,420.97_420.97_420.97
24,-1256.95,420.97_420.97_420.97,-1256.95,420.97_420.97_420.97
24,-1256.95,420.97_420.97_420.97,-1256.95,420.97_420.97_420.97
24,-1256.95,420.97_420.97_420.97,-1256.95,420.97_420.97_420.97
24,-1256.95,420.97_420.97_420.97,-1256.95,420.97_420.97_420.97
24,-1256.95,420.97_420.97_420.97,-1256.95,420.97_420.97_420.97
25,-900.12,420.97_-302.52_-500.00,-1020.07,420.97_-302.52_-302.52
25,-1020.07,420.97_-302.52_-302.52,-1020.07,420.97_-302.52_-302.52
25,-1020.07,420.97_-302.52_-302.52,-1020.07,420.97_-302.52_-302.52
25,-1020.07,420.97_-302.52_-302.52,-1020.07,420.97_-302.52_-302.52
25,-1020.07,420.97_-302.52_-302.52,-1020.07,420.97_-302.52_-302.52
25,-1020.07,420.97_-302.52_-302.52,-1020.07,420.97_-302.52_-302.52
25,-1020.07,420.97_-302.52_-302.52,-1039.81,420.97_420.97_203.81
25,-1039.81,420.97_420.97_203.81,-1039.81,420.97_420.97_203.81
25,-1039.81,420.97_420.97_203.81,-1039.81,420.97_420.97_203.81
25,-1039.81,420.97_420.97_203.81,-1256.95,420.97_420.97_420.97
25,-1256.95,420.97_420.97_420.97,-1256.95,420.97_420.97_420.97
25,-1256.95,420.97_420.97_420.97,-1256.95,420.97_420.97_420.97
25,-1256.95,420.97_420.97_420.97,-1256.95,420.97_420.97_420.97
25,-1256.95,420.97_420.97_420.97,-1256.95,420.97_420.97_420.97
25,-1256.95,420.97_420.97_420.97,-1256.95,420.97_420.97_420.97
25,-1256.95,420.97_420.97_420.97,-1256.95,420.97_420.97_420.97
25,-1256.95,420.97_420.97_420.97,-1256.95,420.97_420.97_420.97
25,-1256.95,420.97_420.97_420.97,-1256.95,420.97_420.97_420.97
25,-1256.95,420.97_420.97_420.97,-1256.95,420.97_420.97_420.97
25,-1256.95,420.97_420.97_420.97,-1256.95,420.97_420.97_420.97
25,-1256.95,420.97_420.97_420.97,-1256.95,420.97_420.97_420.97
25,-1256.95,420.97_420.97_420.97,-1256.95,420.97_420.97_420.97
25,-1256.95,420.97_420.97_420.97,-1256.95,420.97_420.97_420.97
25,-1256.95,420.97_420.97_420.97,-1256.95,420.97_420.97_420.97
26,-802.93,-302.52_-302.52_203.81,-802.93,-302.52_-302.52_203.81
26,-802.93,-302.52_-302.52_203.81,-842.4,-302.52_-124.83_420.97
26,-842.4,-302.52_-124.83_420.97,-1020.07,-302.52_-302.52_420.97
26,-1020.07,-302.52_-302.52_420.97,-1020.07,-302.52_-302.52_420.97
26,-1020.07,-302.52_-302.52_420.97,-1020.07,-302.52_-302.52_420.97
26,-1020.07,-302.52_-302.52_420.97,-1020.07,-302.52_-302.52_420.97
26,-1020.07,-302.52_-302.52_420.97,-1020.07,-302.52_-302.52_420.97
26,-1020.07,-302.52_-302.52_420.97,-1020.07,-302.52_-302.52_420.97
26,-1020.07,-302.52_-302.52_420.97,-1020.07,-302.52_-302.52_420.97
26,-1020.07,-302.52_-302.52_420.97,-1138.51,420.97_420.97_-302.52
26,-1138.51,420.97_420.97_-302.52,-1138.51,420.97_420.97_-302.52
26,-1138.51,420.97_420.97_-302.52,-1138.51,420.97_420.97_-302.52
26,-1138.51,420.97_420.97_-302.52,-1138.51,420.97_420.97_-302.52
26,-1138.51,420.97_420.97_-302.52,-1138.51,420.97_420.97_-302.52
26,-1138.51,420.97_420.97_-302.52,-1138.51,420.97_420.97_-302.52
26,-1138.51,420.97_420.97_-302.52,-1138.51,420.97_420.97_-302.52
26,-1138.51,420.97_420.97_-302.52,-1138.51,420.97_420.97_-302.52
26,-1138.51,420.97_420.97_-302.52,-1138.51,420.97_420.97_-302.52
26,-1138.51,420.97_420.97_-302.52,-1138.51,420.97_420.97_-302.52
26,-1138.51,420.97_420.97_-302.52,-1256.95,420.97_420.97_420.97
26,-1256.95,420.97_420.97_420.97,-1256.95,420.97_420.97_420.97
26,-1256.95,420.97_420.97_420.97,-1256.95,420.97_420.97_420.97
26,-1256.95,420.97_420.97_420.97,-1256.95,420.97_420.97_420.97
26,-1256.95,420.97_420.97_420.97,-1256.95,420.97_420.97_420.97
26,-1256.95,420.97_420.97_420.97,-1256.95,420.97_420.97_420.97
26,-1256.95,420.97_420.97_420.97,-1256.95,420.97_420.97_420.97
26,-1256.95,420.97_420.97_420.97,-1256.95,420.97_420.97_420.97
27,-467.32,65.55_203.81_203.81,-605.53,203.81_203.81_203.81
27,-605.53,203.81_203.81_203.81,-684.46,65.55_203.81_420.97
27,-684.46,65.55_203.81_420.97,-1039.81,203.81_420.97_420.97
27,-1039.81,203.81_420.97_420.97,-1256.95,420.97_420.97_420.97
27,-1256.95,420.97_420.97_420.97,-1256.95,420.97_420.97_420.97
27,-1256.95,420.97_420.97_420.97,-1256.95,420.97_420.97_420.97
27,-1256.95,420.97_420.97_420.97,-1256.95,420.97_420.97_420.97
27,-1256.95,420.97_420.97_420.97,-1256.95,420.97_420.97_420.97
27,-1256.95,420.97_420.97_420.97,-1256.95,420.97_420.97_420.97
27,-1256.95,420.97_420.97_420.97,-1256.95,420.97_420.97_420.97
28,-842.4,-124.83_420.97_-302.52,-921.37,-302.52_420.97_203.81
28,-921.37,-302.52_420.97_203.81,-921.37,-302.52_420.97_203.81
28,-921.37,-302.52_420.97_203.81,-1138.51,-302.52_420.97_420.97
28,-1138.51,-302.52_420.97_420.97,-1138.51,-302.53_420.97_420.97
28,-1138.51,-302.53_420.97_420.97,-1138.51,-302.53_420.97_420.97
28,-1138.51,-302.53_420.97_420.97,-1138.51,-302.52_420.97_420.97
28,-1138.51,-302.52_420.97_420.97,-1138.51,-302.52_420.97_420.97
28,-1138.51,-302.52_420.97_420.97,-1138.51,-302.52_420.97_420.97
28,-1138.51,-302.52_420.97_420.97,-1138.51,-302.52_420.97_420.97
28,-1138.51,-302.52_420.97_420.97,-1138.51,-302.52_420.97_420.97
28,-1138.51,-302.52_420.97_420.97,-1138.51,-302.52_420.97_420.97
28,-1138.51,-302.52_420.97_420.97,-1138.51,-302.52_420.97_420.97
28,-1138.51,-302.52_420.97_420.97,-1138.51,-302.52_420.97_420.97
29,-900.12,-500.00_-302.52_420.97,-900.12,-500.00_-302.52_420.97
29,-900.12,-500.00_-302.52_420.97,-1020.07,-302.52_-302.52_420.97
29,-1020.07,-302.52_-302.52_420.97,-1020.07,-302.52_-302.52_420.97
29,-1020.07,-302.52_-302.52_420.97,-1020.07,-302.52_-302.52_420.97
29,-1020.07,-302.52_-302.52_420.97,-1020.07,-302.52_-302.52_420.97
29,-1020.07,-302.52_-302.52_420.97,-1020.07,-302.52_-302.52_420.97
29,-1020.07,-302.52_-302.52_420.97,-1020.07,-302.52_-302.52_420.97
29,-1020.07,-302.52_-302.52_420.97,-1020.07,-302.52_-302.52_420.97
29,-1020.07,-302.52_-302.52_420.97,-1039.81,420.97_203.81_420.97
29,-1039.81,420.97_203.81_420.97,-1256.95,420.97_420.97_420.97
29,-1256.95,420.97_420.97_420.97,-1256.95,420.97_420.97_420.97
29,-1256.95,420.97_420.97_420.97,-1256.95,420.97_420.97_420.97
29,-1256.95,420.97_420.97_420.97,-1256.95,420.97_420.97_420.97
29,-1256.95,420.97_420.97_420.97,-1256.95,420.97_420.97_420.97
29,-1256.95,420.97_420.97_420.97,-1256.95,420.97_420.97_420.97
30,-328.57,-25.88_-302.52_5.24,-447.5,-25.88_-302.52_-124.83
30,-447.5,-25.88_-302.52_-124.83,-447.5,-25.88_-302.52_-124.83
30,-447.5,-25.88_-302.52_-124.83,-546.3,-124.83_-302.52_-124.83
30,-546.3,-124.83_-302.52_-124.83,-900.12,-302.52_420.97_-500.00
30,-900.12,-302.52_420.97_-500.00,-1020.07,-302.52_420.97_-302.52
30,-1020.07,-302.52_420.97_-302.52,-1020.07,-302.52_420.97_-302.52
30,-1020.07,-302.52_420.97_-302.52,-1020.07,-302.52_420.97_-302.52
30,-1020.07,-302.52_420.97_-302.52,-1020.07,-302.52_420.97_-302.52
30,-1020.07,-302.52_420.97_-302.52,-1020.07,-302.52_420.97_-302.52
30,-1020.07,-302.52_420.97_-302.52,-1039.81,420.97_420.97_203.81
30,-1039.81,420.97_420.97_203.81,-1039.81,420.97_420.97_203.81
30,-1039.81,420.97_420.97_203.81,-1039.81,420.97_420.97_203.81
30,-1039.81,420.97_420.97_203.81,-1039.81,420.97_420.97_203.81
30,-1039.81,420.97_420.97_203.81,-1256.95,420.97_420.97_420.97
30,-1256.95,420.97_420.97_420.97,-1256.95,420.97_420.97_420.97
30,-1256.95,420.97_420.97_420.97,-1256.95,420.97_420.97_420.97
30,-1256.95,420.97_420.97_420.97,-1256.95,420.97_420.97_420.97
30,-1256.95,420.97_420.97_420.97,-1256.95,420.97_420.97_420.97
30,-1256.95,420.97_420.97_420.97,-1256.95,420.97_420.97_420.97
30,-1256.95,420.97_420.97_420.97,-1256.95,420.97_420.97_420.97
30,-1256.95,420.97_420.97_420.97,-1256.95,420.97_420.97_420.97
30,-1256.95,420.97_420.97_420.97,-1256.95,420.97_420.97_420.97
30,-1256.95,420.97_420.97_420.97,-1256.95,420.97_420.97_420.97
30,-1256.95,420.97_420.97_420.97,-1256.95,420.97_420.97_420.97
30,-1256.95,420.97_420.97_420.97,-1256.95,420.97_420.97_420.97
30,-1256.95,420.97_420.97_420.97,-1256.95,420.97_420.97_420.97
31,-526.47,-302.52_203.81_-25.88,-566.02,-302.52_203.81_65.55
31,-566.02,-302.52_203.81_65.55,-842.4,-124.83_420.97_-302.52
31,-842.4,-124.83_420.97_-302.52,-1020.07,-302.52_420.97_-302.53
31,-1020.07,-302.52_420.97_-302.53,-1020.07,-302.52_420.97_-302.52
31,-1020.07,-302.52_420.97_-302.52,-1020.07,-302.52_420.97_-302.52
31,-1020.07,-302.52_420.97_-302.52,-1020.07,-302.52_420.97_-302.52
31,-1020.07,-302.52_420.97_-302.52,-1138.51,420.97_-302.52_420.97
31,-1138.51,420.97_-302.52_420.97,-1138.51,420.97_-302.52_420.97
31,-1138.51,420.97_-302.52_420.97,-1138.51,420.97_-302.52_420.97
31,-1138.51,420.97_-302.52_420.97,-1138.51,420.97_-302.52_420.97
31,-1138.51,420.97_-302.52_420.97,-1138.51,420.97_-302.52_420.97
31,-1138.51,420.97_-302.52_420.97,-1138.51,420.97_-302.52_420.97
31,-1138.51,420.97_-302.52_420.97,-1138.51,420.97_-302.52_420.97
31,-1138.51,420.97_-302.52_420.97,-1256.95,420.97_420.97_420.97
31,-1256.95,420.97_420.97_420.97,-1256.95,420.97_420.97_420.97
31,-1256.95,420.97_420.97_420.97,-1256.95,420.97_420.97_420.97
31,-1256.95,420.97_420.97_420.97,-1256.95,420.97_420.97_420.97
31,-1256.95,420.97_420.97_420.97,-1256.95,420.97_420.97_420.97
31,-1256.95,420.97_420.97_420.97,-1256.95,420.97_420.97_420.97
31,-1256.95,420.97_420.97_420.97,-1256.95,420.97_420.97_420.97
31,-1256.95,420.97_420.97_420.97,-1256.95,420.97_420.97_420.97
31,-1256.95,420.97_420.97_420.97,-1256.95,420.97_420.97_420.97
31,-1256.95,420.97_420.97_420.97,-1256.95,420.97_420.97_420.97
32,-447.6,-124.83_-124.83_203.81,-625.26,-302.52_-124.83_203.81
32,-625.26,-302.52_-124.83_203.81,-625.26,-302.52_-124.83_203.81
32,-625.26,-302.52_-124.83_203.81,-842.4,-302.52_-124.83_420.97
32,-842.4,-302.52_-124.83_420.97,-1020.07,-302.52_-302.52_420.97
32,-1020.07,-302.52_-302.52_420.97,-1020.07,-302.52_-302.52_420.97
32,-1020.07,-302.52_-302.52_420.97,-1020.07,-302.52_-302.52_420.97
32,-1020.07,-302.52_-302.52_420.97,-1020.07,-302.52_-302.52_420.97
32,-1020.07,-302.52_-302.52_420.97,-1020.07,-302.52_-302.52_420.97
32,-1020.07,-302.52_-302.52_420.97,-1020.07,-302.52_-302.52_420.97
32,-1020.07,-302.52_-302.52_420.97,-1020.07,-302.52_-302.52_420.97
32,-1020.07,-302.52_-302.52_420.97,-1020.07,-302.52_-302.52_420.97
32,-1020.07,-302.52_-302.52_420.97,-1020.07,-302.52_-302.52_420.97
32,-1020.07,-302.52_-302.52_420.97,-1039.81,420.97_420.97_203.81
32,-1039.81,420.97_420.97_203.81,-1039.81,420.97_420.97_203.81
32,-1039.81,420.97_420.97_203.81,-1039.81,203.81_420.97_420.97
32,-1039.81,203.81_420.97_420.97,-1256.95,420.97_420.97_420.97
32,-1256.95,420.97_420.97_420.97,-1256.95,420.97_420.97_420.97
32,-1256.95,420.97_420.97_420.97,-1256.95,420.97_420.97_420.97
32,-1256.95,420.97_420.97_420.97,-1256.95,420.97_420.97_420.97
32,-1256.95,420.97_420.97_420.97,-1256.95,420.97_420.97_420.97
33,-723.97,-124.83_-302.52_-302.52,-781.68,-302.52_-500.00_-302.52
33,-781.68,-302.52_-500.00_-302.52,-781.68,-302.52_-500.00_-302.52
33,-781.68,-302.52_-500.00_-302.52,-781.68,-302.52_-500.00_-302.52
33,-781.68,-302.52_-500.00_-302.52,-901.63,-302.52_-302.52_-302.52
33,-901.63,-302.52_-302.52_-302.52,-901.63,-302.52_-302.52_-302.52
33,-901.63,-302.52_-302.52_-302.52,-901.63,-302.52_-302.52_-302.52
33,-901.63,-302.52_-302.52_-302.52,-901.63,-302.52_-302.52_-302.52
33,-901.63,-302.52_-302.52_-302.52,-1018.55,420.97_420.97_-500.00
33,-1018.55,420.97_420.97_-500.00,-1138.51,420.97_420.97_-302.52
33,-1138.51,420.97_420.97_-302.52,-1138.51,420.97_420.97_-302.52
33,-1138.51,420.97_420.97_-302.52,-1138.51,420.97_420.97_-302.52
33,-1138.51,420.97_420.97_-302.52,-1138.51,420.97_420.97_-302.52
33,-1138.51,420.97_420.97_-302.52,-1138.51,420.97_420.97_-302.52
33,-1138.51,420.97_420.97_-302.52,-1138.51,420.97_420.97_-302.52
33,-1138.51,420.97_420.97_-302.52,-1138.51,420.97_420.97_-302.52
33,-1138.51,420.97_420.97_-302.52,-1138.51,420.97_420.97_-302.52
33,-1138.51,420.97_420.97_-302.52,-1138.51,420.97_420.97_-302.52
33,-1138.51,420.97_420.97_-302.52,-1138.51,420.97_420.97_-302.52
33,-1138.51,420.97_420.97_-302.52,-1138.51,420.97_420.97_-302.52
33,-1138.51,420.97_420.97_-302.52,-1256.95,420.97_420.97_420.97
33,-1256.95,420.97_420.97_420.97,-1256.95,420.97_420.97_420.97
33,-1256.95,420.97_420.97_420.97,-1256.95,420.97_420.97_420.97
33,-1256.95,420.97_420.97_420.97,-1256.95,420.97_420.97_420.97
33,-1256.95,420.97_420.97_420.97,-1256.95,420.97_420.97_420.97
33,-1256.95,420.97_420.97_420.97,-1256.95,420.97_420.97_420.97
33,-1256.95,420.97_420.97_420.97,-1256.95,420.97_420.97_420.97
33,-1256.95,420.97_420.97_420.97,-1256.95,420.97_420.97_420.97
33,-1256.95,420.97_420.97_420.97,-1256.95,420.97_420.97_420.97
33,-1256.95,420.97_420.97_420.97,-1256.95,420.97_420.97_420.97
33,-1256.95,420.97_420.97_420.97,-1256.95,420.97_420.97_420.97
33,-1256.95,420.97_420.97_420.97,-1256.95,420.97_420.97_420.97
33,-1256.95,420.97_420.97_420.97,-1256.95,420.97_420.97_420.97
34,-1039.81,420.97_420.97_203.81,-1256.95,420.97_420.97_420.97
34,-1256.95,420.97_420.97_420.97,-1256.95,420.97_420.97_420.97
34,-1256.95,420.97_420.97_420.97,-1256.95,420.97_420.97_420.97
34,-1256.95,420.97_420.97_420.97,-1256.95,420.97_420.97_420.97
34,-1256.95,420.97_420.97_420.97,-1256.95,420.97_420.97_420.97
34,-1256.95,420.97_420.97_420.97,-1256.95,420.97_420.97_420.97
35,-307.86,-500.00_65.55_65.55,-426.34,-500.00_-124.83_-124.83
35,-426.34,-500.00_-124.83_-124.83,-563.02,-500.00_203.81_-500.00
35,-563.02,-500.00_203.81_-500.00,-682.98,-500.00_203.81_-302.52
35,-682.98,-500.00_203.81_-302.52,-682.98,-500.00_203.81_-302.52
35,-682.98,-500.00_203.81_-302.52,-802.93,-302.52_203.81_-302.52
35,-802.93,-302.52_203.81_-302.52,-900.12,-500.00_420.97_-302.52
35,-900.12,-500.00_420.97_-302.52,-1020.07,-302.52_420.97_-302.52
35,-1020.07,-302.52_420.97_-302.52,-1020.07,-302.52_420.97_-302.52
35,-1020.07,-302.52_420.97_-302.52,-1020.07,-302.52_420.97_-302.52
35,-1020.07,-302.52_420.97_-302.52,-1020.07,-302.52_420.97_-302.52
35,-1020.07,-302.52_420.97_-302.52,-1020.07,-302.52_420.97_-302.52
35,-1020.07,-302.52_420.97_-302.52,-1020.07,-302.52_420.97_-302.52
35,-1020.07,-302.52_420.97_-302.52,-1020.07,-302.52_420.97_-302.52
35,-1020.07,-302.52_420.97_-302.52,-1020.07,-302.52_420.97_-302.52
35,-1020.07,-302.52_420.97_-302.52,-1256.95,420.97_420.97_420.97
35,-1256.95,420.97_420.97_420.97,-1256.95,420.97_420.97_420.97
35,-1256.95,420.97_420.97_420.97,-1256.95,420.97_420.97_420.97
35,-1256.95,420.97_420.97_420.97,-1256.95,420.97_420.97_420.97
35,-1256.95,420.97_420.97_420.97,-1256.95,420.97_420.97_420.97
35,-1256.95,420.97_420.97_420.97,-1256.95,420.97_420.97_420.97
35,-1256.95,420.97_420.97_420.97,-1256.95,420.97_420.97_420.97
35,-1256.95,420.97_420.97_420.97,-1256.95,420.97_420.97_420.97
35,-1256.95,420.97_420.97_420.97,-1256.95,420.97_420.97_420.97
35,-1256.95,420.97_420.97_420.97,-1256.95,420.97_420.97_420.97
35,-1256.95,420.97_420.97_420.97,-1256.95,420.97_420.97_420.97
35,-1256.95,420.97_420.97_420.97,-1256.95,420.97_420.97_420.97
35,-1256.95,420.97_420.97_420.97,-1256.95,420.97_420.97_420.97
36,-526.47,203.81_-25.88_-302.53,-625.26,203.81_-124.83_-302.52
36,-625.26,203.81_-124.83_-302.52,-802.93,203.81_-302.52_-302.52
36,-802.93,203.81_-302.52_-302.52,-900.12,420.97_-500.00_-302.52
36,-900.12,420.97_-500.00_-302.52,-1020.07,420.97_-302.52_-302.52
36,-1020.07,420.97_-302.52_-302.52,-1020.07,420.97_-302.52_-302.52
36,-1020.07,420.97_-302.52_-302.52,-1020.07,420.97_-302.52_-302.52
36,-1020.07,420.97_-302.52_-302.52,-1138.51,-302.52_420.97_420.97
36,-1138.51,-302.52_420.97_420.97,-1138.51,-302.52_420.97_420.97
36,-1138.51,-302.52_420.97_420.97,-1138.51,-302.52_420.97_420.97
36,-1138.51,-302.52_420.97_420.97,-1138.51,-302.52_420.97_420.97
36,-1138.51,-302.52_420.97_420.97,-1138.51,-302.52_420.97_420.97
36,-1138.51,-302.52_420.97_420.97,-1138.51,-302.52_420.97_420.97
36,-1138.51,-302.52_420.97_420.97,-1256.95,420.97_420.97_420.97
36,-1256.95,420.97_420.97_420.97,-1256.95,420.97_420.97_420.97
36,-1256.95,420.97_420.97_420.97,-1256.95,420.97_420.97_420.97
36,-1256.95,420.97_420.97_420.97,-1256.95,420.97_420.97_420.97
36,-1256.95,420.97_420.97_420.97,-1256.95,420.97_420.97_420.97
36,-1256.95,420.97_420.97_420.97,-1256.95,420.97_420.97_420.97
36,-1256.95,420.97_420.97_420.97,-1256.95,420.97_420.97_420.97
36,-1256.95,420.97_420.97_420.97,-1256.95,420.97_420.97_420.97
36,-1256.95,420.97_420.97_420.97,-1256.95,420.97_420.97_420.97
37,-783.16,-302.52_420.97_65.55,-783.16,-302.52_420.97_65.55
37,-783.16,-302.52_420.97_65.55,-921.37,-302.52_420.97_203.81
37,-921.37,-302.52_420.97_203.81,-1138.51,-302.52_420.97_420.97
37,-1138.51,-302.52_420.97_420.97,-1138.51,-302.52_420.97_420.97
37,-1138.51,-302.52_420.97_420.97,-1138.51,-302.52_420.97_420.97
37,-1138.51,-302.52_420.97_420.97,-1138.51,-302.52_420.97_420.97
37,-1138.51,-302.52_420.97_420.97,-1138.51,-302.52_420.97_420.97
37,-1138.51,-302.52_420.97_420.97,-1256.95,420.97_420.97_420.97
37,-1256.95,420.97_420.97_420.97,-1256.95,420.97_420.97_420.97
37,-1256.95,420.97_420.97_420.97,-1256.95,420.97_420.97_420.97
37,-1256.95,420.97_420.97_420.97,-1256.95,420.97_420.97_420.97
37,-1256.95,420.97_420.97_420.97,-1256.95,420.97_420.97_420.97
37,-1256.95,420.97_420.97_420.97,-1256.95,420.97_420.97_420.97
37,-1256.95,420.97_420.97_420.97,-1256.95,420.97_420.97_420.97
37,-1256.95,420.97_420.97_420.97,-1256.95,420.97_420.97_420.97
37,-1256.95,420.97_420.97_420.97,-1256.95,420.97_420.97_420.97
37,-1256.95,420.97_420.97_420.97,-1256.95,420.97_420.97_420.97
37,-1256.95,420.97_420.97_420.97,-1256.95,420.97_420.97_420.97
37,-1256.95,420.97_420.97_420.97,-1256.95,420.97_420.97_420.97
37,-1256.95,420.97_420.97_420.97,-1256.95,420.97_420.97_420.97
37,-1256.95,420.97_420.97_420.97,-1256.95,420.97_420.97_420.97
37,-1256.95,420.97_420.97_420.97,-1256.95,420.97_420.97_420.97
38,-427.37,-302.52_-124.83_5.24,-604.01,-302.52_-500.00_-124.83
38,-604.01,-302.52_-500.00_-124.83,-605.03,-302.52_-302.52_5.24
38,-605.03,-302.52_-302.52_5.24,-605.03,-302.52_-302.52_5.24
38,-605.03,-302.52_-302.52_5.24,-664.72,-302.52_-302.52_65.55
38,-664.72,-302.52_-302.52_65.55,-802.93,-302.52_-302.52_203.81
38,-802.93,-302.52_-302.52_203.81,-1020.07,-302.53_-302.52_420.97
38,-1020.07,-302.53_-302.52_420.97,-1020.07,-302.52_-302.52_420.97
38,-1020.07,-302.52_-302.52_420.97,-1020.07,-302.52_-302.52_420.97
38,-1020.07,-302.52_-302.52_420.97,-1020.07,-302.52_-302.52_420.97
38,-1020.07,-302.52_-302.52_420.97,-1020.07,-302.52_-302.52_420.97
38,-1020.07,-302.52_-302.52_420.97,-1020.07,-302.52_-302.52_420.97
38,-1020.07,-302.52_-302.52_420.97,-1138.51,420.97_420.97_-302.52
38,-1138.51,420.97_420.97_-302.52,-1138.51,420.97_420.97_-302.52
38,-1138.51,420.97_420.97_-302.52,-1138.51,420.97_420.97_-302.52
38,-1138.51,420.97_420.97_-302.52,-1138.51,420.97_420.97_-302.52
38,-1138.51,420.97_420.97_-302.52,-1138.51,420.97_420.97_-302.52
38,-1138.51,420.97_420.97_-302.52,-1138.51,420.97_420.97_-302.52
38,-1138.51,420.97_420.97_-302.52,-1138.51,420.97_420.97_-302.52
38,-1138.51,420.97_420.97_-302.52,-1256.95,420.97_420.97_420.97
38,-1256.95,420.97_420.97_420.97,-1256.95,420.97_420.97_420.97
38,-1256.95,420.97_420.97_420.97,-1256.95,420.97_420.97_420.97
38,-1256.95,420.97_420.97_420.97,-1256.95,420.97_420.97_420.97
38,-1256.95,420.97_420.97_420.97,-1256.95,420.97_420.97_420.97
38,-1256.95,420.97_420.97_420.97,-1256.95,420.97_420.97_420.97
38,-1256.95,420.97_420.97_420.97,-1256.95,420.97_420.97_420.97
38,-1256.95,420.97_420.97_420.97,-1256.95,420.97_420.97_420.97
38,-1256.95,420.97_420.97_420.97,-1256.95,420.97_420.97_420.97
38,-1256.95,420.97_420.97_420.97,-1256.95,420.97_420.97_420.97
39,-921.37,-302.52_420.97_203.81,-921.37,-302.52_420.97_203.81
39,-921.37,-302.52_420.97_203.81,-921.37,-302.52_420.97_203.81
39,-921.37,-302.52_420.97_203.81,-960.84,-124.83_420.97_420.97
39,-960.84,-124.83_420.97_420.97,-1138.51,-302.52_420.97_420.97
39,-1138.51,-302.52_420.97_420.97,-1138.51,-302.52_420.97_420.97
39,-1138.51,-302.52_420.97_420.97,-1138.51,-302.52_420.97_420.97
39,-1138.51,-302.52_420.97_420.97,-1138.51,-302.52_420.97_420.97
39,-1138.51,-302.52_420.97_420.97,-1138.51,-302.52_420.97_420.97
39,-1138.51,-302.52_420.97_420.97,-1256.95,420.97_420.97_420.97
39,-1256.95,420.97_420.97_420.97,-1256.95,420.97_420.97_420.97
39,-1256.95,420.97_420.97_420.97,-1256.95,420.97_420.97_420.97
39,-1256.95,420.97_420.97_420.97,-1256.95,420.97_420.97_420.97
39,-1256.95,420.97_420.97_420.97,-1256.95,420.97_420.97_420.97
39,-1256.95,420.97_420.97_420.97,-1256.95,420.97_420.97_420.97
39,-1256.95,420.97_420.97_420.97,-1256.95,420.97_420.97_420.97
39,-1256.95,420.97_420.97_420.97,-1256.95,420.97_420.97_420.97
39,-1256.95,420.97_420.97_420.97,-1256.95,420.97_420.97_420.97
39,-1256.95,420.97_420.97_420.97,-1256.95,420.97_420.97_420.97
39,-1256.95,420.97_420.97_420.97,-1256.95,420.97_420.97_420.97
39,-1256.95,420.97_420.97_420.97,-1256.95,420.97_420.97_420.97
39,-1256.95,420.97_420.97_420.97,-1256.95,420.97_420.97_420.97
39,-1256.95,420.97_420.97_420.97,-1256.95,420.97_420.97_420.97
40,-842.4,-124.83_-302.52_420.97,-1020.07,-302.52_-302.52_420.97
40,-1020.07,-302.52_-302.52_420.97,-1020.07,-302.52_-302.52_420.97
40,-1020.07,-302.52_-302.52_420.97,-1020.07,-302.52_-302.52_420.97
40,-1020.07,-302.52_-302.52_420.97,-1020.07,-302.52_-302.52_420.97
40,-1020.07,-302.52_-302.52_420.97,-1020.07,-302.52_-302.52_420.97
40,-1020.07,-302.52_-302.52_420.97,-1039.81,420.97_420.97_203.81
40,-1039.81,420.97_420.97_203.81,-1039.81,420.97_203.81_420.97
40,-1039.81,420.97_203.81_420.97,-1039.81,420.97_203.81_420.97
40,-1039.81,420.97_203.81_420.97,-1256.95,420.97_420.97_420.97
40,-1256.95,420.97_420.97_420.97,-1256.95,420.97_420.97_420.97
40,-1256.95,420.97_420.97_420.97,-1256.95,420.97_420.97_420.97
40,-1256.95,420.97_420.97_420.97,-1256.95,420.97_420.97_420.97
40,-1256.95,420.97_420.97_420.97,-1256.95,420.97_420.97_420.97
40,-1256.95,420.97_420.97_420.97,-1256.95,420.97_420.97_420.97
40,-1256.95,420.97_420.97_420.97,-1256.95,420.97_420.97_420.97
41,-566.02,65.55_203.81_-302.52,-704.23,203.81_203.81_-302.52
41,-704.23,203.81_203.81_-302.52,-704.23,203.81_203.81_-302.52
41,-704.23,203.81_203.81_-302.52,-783.16,65.55_420.97_-302.52
41,-783.16,65.55_420.97_-302.52,-842.4,-124.83_420.97_-302.52
41,-842.4,-124.83_420.97_-302.52,-1020.07,-302.52_420.97_-302.52
41,-1020.07,-302.52_420.97_-302.52,-1020.07,-302.52_420.97_-302.52
41,-1020.07,-302.52_420.97_-302.52,-1020.07,-302.52_420.97_-302.52
41,-1020.07,-302.52_420.97_-302.52,-1020.07,-302.52_420.97_-302.52
41,-1020.07,-302.52_420.97_-302.52,-1020.07,-302.52_420.97_-302.52
41,-1020.07,-302.52_420.97_-302.52,-1138.51,420.97_-302.52_420.97
41,-1138.51,420.97_-302.52_420.97,-1138.51,420.97_-302.52_420.97
41,-1138.51,420.97_-302.52_420.97,-1138.51,420.97_-302.52_420.97
41,-1138.51,420.97_-302.52_420.97,-1138.51,420.97_-302.52_420.97
41,-1138.51,420.97_-302.52_420.97,-1138.51,420.97_-302.52_420.97
41,-1138.51,420.97_-302.52_420.97,-1138.51,420.97_-302.52_420.97
41,-1138.51,420.97_-302.52_420.97,-1256.95,420.97_420.97_420.97
41,-1256.95,420.97_420.97_420.97,-1256.95,420.97_420.97_420.97
41,-1256.95,420.97_420.97_420.97,-1256.95,420.97_420.97_420.97
41,-1256.95,420.97_420.97_420.97,-1256.95,420.97_420.97_420.97
41,-1256.95,420.97_420.97_420.97,-1256.95,420.97_420.97_420.97
41,-1256.95,420.97_420.97_420.97,-1256.95,420.97_420.97_420.97
41,-1256.95,420.97_420.97_420.97,-1256.95,420.97_420.97_420.97
41,-1256.95,420.97_420.97_420.97,-1256.95,420.97_420.97_420.97
41,-1256.95,420.97_420.97_420.97,-1256.95,420.97_420.97_420.97
41,-1256.95,420.97_420.97_420.97,-1256.95,420.97_420.97_420.97
41,-1256.95,420.97_420.97_420.97,-1256.95,420.97_420.97_420.97
41,-1256.95,420.97_420.97_420.97,-1256.95,420.97_420.97_420.97
41,-1256.95,420.97_420.97_420.97,-1256.95,420.97_420.97_420.97
41,-1256.95,420.97_420.97_420.97,-1256.95,420.97_420.97_420.97
41,-1256.95,420.97_420.97_420.97,-1256.95,420.97_420.97_420.97
42,-327.55,-124.83_-500.00_-25.88,-427.37,-124.83_-302.52_5.24
42,-427.37,-124.83_-302.52_5.24,-664.72,-302.52_-302.52_65.55
42,-664.72,-302.52_-302.52_65.55,-780.16,-500.00_-500.00_420.97
42,-780.16,-500.00_-500.00_420.97,-780.16,-500.00_-500.00_420.97
42,-780.16,-500.00_-500.00_420.97,-900.12,-302.53_-500.00_420.97
42,-900.12,-302.53_-500.00_420.97,-900.12,-302.52_-500.00_420.97
42,-900.12,-302.52_-500.00_420.97,-1020.07,-302.52_-302.52_420.97
42,-1020.07,-302.52_-302.52_420.97,-1020.07,-302.52_-302.52_420.97
42,-1020.07,-302.52_-302.52_420.97,-1020.07,-302.52_-302.52_420.97
42,-1020.07,-302.52_-302.52_420.97,-1020.07,-302.52_-302.52_420.97
42,-1020.07,-302.52_-302.52_420.97,-1138.51,420.97_420.97_-302.52
42,-1138.51,420.97_420.97_-302.52,-1138.51,420.97_420.97_-302.52
42,-1138.51,420.97_420.97_-302.52,-1138.51,420.97_420.97_-302.52
42,-1138.51,420.97_420.97_-302.52,-1138.51,420.97_420.97_-302.52
42,-1138.51,420.97_420.97_-302.52,-1138.51,420.97_420.97_-302.52
42,-1138.51,420.97_420.97_-302.52,-1138.51,420.97_420.97_-302.52
42,-1138.51,420.97_420.97_-302.52,-1138.51,420.97_420.97_-302.52
42,-1138.51,420.97_420.97_-302.52,-1138.51,420.97_420.97_-302.52
42,-1138.51,420.97_420.97_-302.52,-1138.51,420.97_420.97_-302.52
42,-1138.51,420.97_420.97_-302.52,-1256.95,420.97_420.97_420.97
42,-1256.95,420.97_420.97_420.97,-1256.95,420.97_420.97_420.97
42,-1256.95,420.97_420.97_420.97,-1256.95,420.97_420.97_420.97
42,-1256.95,420.97_420.97_420.97,-1256.95,420.97_420.97_420.97
42,-1256.95,420.97_420.97_420.97,-1256.95,420.97_420.97_420.97
42,-1256.95,420.97_420.97_420.97,-1256.95,420.97_420.97_420.97
42,-1256.95,420.97_420.97_420.97,-1256.95,420.97_420.97_420.97
42,-1256.95,420.97_420.97_420.97,-1256.95,420.97_420.97_420.97
43,-723.97,-124.83_-302.52_-302.52,-723.97,-124.83_-302.52_-302.52
43,-723.97,-124.83_-302.52_-302.52,-723.97,-124.83_-302.52_-302.52
43,-723.97,-124.83_-302.52_-302.52,-901.63,-302.52_-302.52_-302.52
43,-901.63,-302.52_-302.52_-302.52,-901.63,-302.52_-302.52_-302.52
43,-901.63,-302.52_-302.52_-302.52,-901.63,-302.52_-302.52_-302.52
43,-901.63,-302.52_-302.52_-302.52,-901.63,-302.52_-302.52_-302.52
43,-901.63,-302.52_-302.52_-302.52,-1138.51,420.97_-302.53_420.97
43,-1138.51,420.97_-302.53_420.97,-1138.51,420.97_-302.53_420.97
43,-1138.51,420.97_-302.53_420.97,-1138.51,420.97_-302.52_420.97
43,-1138.51,420.97_-302.52_420.97,-1138.51,420.97_-302.52_420.97
43,-1138.51,420.97_-302.52_420.97,-1138.51,420.97_-302.52_420.97
43,-1138.51,420.97_-302.52_420.97,-1138.51,420.97_-302.52_420.97
43,-1138.51,420.97_-302.52_420.97,-1138.51,420.97_-302.52_420.97
43,-1138.51,420.97_-302.52_420.97,-1138.51,420.97_-302.52_420.97
43,-1138.51,420.97_-302.52_420.97,-1138.51,420.97_-302.52_420.97
43,-1138.51,420.97_-302.52_420.97,-1256.95,420.97_420.97_420.97
43,-1256.95,420.97_420.97_420.97,-1256.95,420.97_420.97_420.97
43,-1256.95,420.97_420.97_420.97,-1256.95,420.97_420.97_420.97
43,-1256.95,420.97_420.97_420.97,-1256.95,420.97_420.97_420.97
44,-783.16,65.55_-302.52_420.97,-921.37,203.81_-302.52_420.97
44,-921.37,203.81_-302.52_420.97,-1018.55,420.97_-500.00_420.97
44,-1018.55,420.97_-500.00_420.97,-1138.51,420.97_-302.52_420.97
44,-1138.51,420.97_-302.52_420.97,-1138.51,420.97_-302.52_420.97
44,-1138.51,420.97_-302.52_420.97,-1256.95,420.97_420.97_420.97
44,-1256.95,420.97_420.97_420.97,-1256.95,420.97_420.97_420.97
44,-1256.95,420.97_420.97_420.97,-1256.95,420.97_420.97_420.97
44,-1256.95,420.97_420.97_420.97,-1256.95,420.97_420.97_420.97
44,-1256.95,420.97_420.97_420.97,-1256.95,420.97_420.97_420.97
44,-1256.95,420.97_420.97_420.97,-1256.95,420.97_420.97_420.97
44,-1256.95,420.97_420.97_420.97,-1256.95,420.97_420.97_420.97
44,-1256.95,420.97_420.97_420.97,-1256.95,420.97_420.97_420.97
44,-1256.95,420.97_420.97_420.97,-1256.95,420.97_420.97_420.97
45,-250.15,65.55_-124.83_65.55,-506.33,203.81_-302.52_5.24
45,-506.33,203.81_-302.52_5.24,-921.37,420.97_-302.52_203.81
45,-921.37,420.97_-302.52_203.81,-1138.51,420.97_-302.52_420.97
45,-1138.51,420.97_-302.52_420.97,-1138.51,420.97_-302.52_420.97
45,-1138.51,420.97_-302.52_420.97,-1138.51,420.97_-302.52_420.97
45,-1138.51,420.97_-302.52_420.97,-1138.51,420.97_-302.52_420.97
46,-623.66,-500.00_420.97_-25.88,-663.21,-500.00_420.97_65.55
46,-663.21,-500.00_420.97_65.55,-663.21,-500.00_420.97_65.55
46,-663.21,-500.00_420.97_65.55,-801.42,-500.00_420.97_203.81
46,-801.42,-500.00_420.97_203.81,-1018.55,-500.00_420.97_420.97
46,-1018.55,-500.00_420.97_420.97,-1018.55,-500.00_420.97_420.97
46,-1018.55,-500.00_420.97_420.97,-1138.51,-302.53_420.97_420.97
46,-1138.51,-302.53_420.97_420.97,-1138.51,-302.52_420.97_420.97
46,-1138.51,-302.52_420.97_420.97,-1138.51,-302.52_420.97_420.97
46,-1138.51,-302.52_420.97_420.97,-1138.51,-302.52_420.97_420.97
46,-1138.51,-302.52_420.97_420.97,-1138.51,-302.52_420.97_420.97
46,-1138.51,-302.52_420.97_420.97,-1138.51,-302.52_420.97_420.97
46,-1138.51,-302.52_420.97_420.97,-1138.51,-302.52_420.97_420.97
46,-1138.51,-302.52_420.97_420.97,-1138.51,-302.52_420.97_420.97
46,-1138.51,-302.52_420.97_420.97,-1256.95,420.97_420.97_420.97
46,-1256.95,420.97_420.97_420.97,-1256.95,420.97_420.97_420.97
46,-1256.95,420.97_420.97_420.97,-1256.95,420.97_420.97_420.97
46,-1256.95,420.97_420.97_420.97,-1256.95,420.97_420.97_420.97
46,-1256.95,420.97_420.97_420.97,-1256.95,420.97_420.97_420.97
46,-1256.95,420.97_420.97_420.97,-1256.95,420.97_420.97_420.97
46,-1256.95,420.97_420.97_420.97,-1256.95,420.97_420.97_420.97
46,-1256.95,420.97_420.97_420.97,-1256.95,420.97_420.97_420.97
46,-1256.95,420.97_420.97_420.97,-1256.95,420.97_420.97_420.97
47,-506.7,420.97_-25.88_65.55,-526.56,203.81_-124.83_203.81
47,-526.56,203.81_-124.83_203.81,-783.16,420.97_-302.52_65.55
47,-783.16,420.97_-302.52_65.55,-801.42,420.97_-500.00_203.81
47,-801.42,420.97_-500.00_203.81,-801.42,420.97_-500.00_203.81
47,-801.42,420.97_-500.00_203.81,-801.42,420.97_-500.00_203.81
47,-801.42,420.97_-500.00_203.81,-1018.55,420.97_-500.00_420.97
47,-1018.55,420.97_-500.00_420.97,-1138.51,420.97_-302.52_420.97
47,-1138.51,420.97_-302.52_420.97,-1138.51,420.97_-302.52_420.97
47,-1138.51,420.97_-302.52_420.97,-1138.51,420.97_-302.52_420.97
47,-1138.51,420.97_-302.52_420.97,-1138.51,420.97_-302.52_420.97
47,-1138.51,420.97_-302.52_420.97,-1138.51,420.97_-302.52_420.97
47,-1138.51,420.97_-302.52_420.97,-1256.95,420.97_420.97_420.97
47,-1256.95,420.97_420.97_420.97,-1256.95,420.97_420.97_420.97
47,-1256.95,420.97_420.97_420.97,-1256.95,420.97_420.97_420.97
47,-1256.95,420.97_420.97_420.97,-1256.95,420.97_420.97_420.97
47,-1256.95,420.97_420.97_420.97,-1256.95,420.97_420.97_420.97
47,-1256.95,420.97_420.97_420.97,-1256.95,420.97_420.97_420.97
47,-1256.95,420.97_420.97_420.97,-1256.95,420.97_420.97_420.97
47,-1256.95,420.97_420.97_420.97,-1256.95,420.97_420.97_420.97
48,-506.7,-25.88_420.97_65.55,-684.46,65.55_420.97_203.81
48,-684.46,65.55_420.97_203.81,-822.67,203.81_420.97_203.81
48,-822.67,203.81_420.97_203.81,-1039.81,420.97_420.97_203.81
48,-1039.81,420.97_420.97_203.81,-1039.81,420.97_420.97_203.81
48,-1039.81,420.97_420.97_203.81,-1039.81,420.97_420.97_203.81
48,-1039.81,420.97_420.97_203.81,-1039.81,420.97_420.97_203.81
48,-1039.81,420.97_420.97_203.81,-1256.95,420.97_420.97_420.97
48,-1256.95,420.97_420.97_420.97,-1256.95,420.97_420.97_420.97
48,-1256.95,420.97_420.97_420.97,-1256.95,420.97_420.97_420.97
48,-1256.95,420.97_420.97_420.97,-1256.95,420.97_420.97_420.97
48,-1256.95,420.97_420.97_420.97,-1256.95,420.97_420.97_420.97
49,-447.5,-25.88_-302.52_-124.83,-487.06,65.55_-302.52_-124.83
49,-487.06,65.55_-302.52_-124.83,-526.47,203.81_-302.52_-25.88
49,-526.47,203.81_-302.52_-25.88,-566.02,203.81_-302.52_65.55
49,-566.02,203.81_-302.52_65.55,-566.02,203.81_-302.52_65.55
49,-566.02,203.81_-302.52_65.55,-625.26,203.81_-302.52_-124.83
49,-625.26,203.81_-302.52_-124.83,-682.98,203.81_-500.00_-302.52
49,-682.98,203.81_-500.00_-302.52,-900.12,420.97_-500.00_-302.52
49,-900.12,420.97_-500.00_-302.52,-1020.07,420.97_-302.52_-302.52
49,-1020.07,420.97_-302.52_-302.52,-1020.07,420.97_-302.52_-302.52
49,-1020.07,420.97_-302.52_-302.52,-1020.07,420.97_-302.52_-302.52
49,-1020.07,420.97_-302.52_-302.52,-1020.07,420.97_-302.52_-302.52
49,-1020.07,420.97_-302.52_-302.52,-1020.07,420.97_-302.52_-302.52
49,-1020.07,420.97_-302.52_-302.52,-1020.07,420.97_-302.52_-302.52
49,-1020.07,420.97_-302.52_-302.52,-1256.95,420.97_420.97_420.97
49,-1256.95,420.97_420.97_420.97,-1256.95,420.97_420.97_420.97
49,-1256.95,420.97_420.97_420.97,-1256.95,420.97_420.97_420.97
49,-1256.95,420.97_420.97_420.97,-1256.95,420.97_420.97_420.97
49,-1256.95,420.97_420.97_420.97,-1256.95,420.97_420.97_420.97
49,-1256.95,420.97_420.97_420.97,-1256.95,420.97_420.97_420.97
49,-1256.95,420.97_420.97_420.97,-1256.95,420.97_420.97_420.97
49,-1256.95,420.97_420.97_420.97,-1256.95,420.97_420.97_420.97
49,-1256.95,420.97_420.97_420.97,-1256.95,420.97_420.97_420.97
49,-1256.95,420.97_420.97_420.97,-1256.95,420.97_420.97_420.97
49,-1256.95,420.97_420.97_420.97,-1256.95,420.97_420.97_420.97
50,-780.16,-500.00_420.97_-500.00,-780.16,-500.00_420.97_-500.00
50,-780.16,-500.00_420.97_-500.00,-900.12,-500.00_420.97_-302.52
50,-900.12,-500.00_420.97_-302.52,-900.12,-500.00_420.97_-302.52
50,-900.12,-500.00_420.97_-302.52,-1020.07,-302.52_420.97_-302.52
50,-1020.07,-302.52_420.97_-302.52,-1020.07,-302.52_420.97_-302.52
50,-1020.07,-302.52_420.97_-302.52,-1020.07,-302.52_420.97_-302.52
50,-1020.07,-302.52_420.97_-302.52,-1020.07,-302.52_420.97_-302.52
50,-1020.07,-302.52_420.97_-302.52,-1020.07,-302.52_420.97_-302.52
50,-1020.07,-302.52_420.97_-302.52,-1020.07,-302.52_420.97_-302.52
50,-1020.07,-302.52_420.97_-302.52,-1020.07,-302.52_420.97_-302.52
50,-1020.07,-302.52_420.97_-302.52,-1020.07,-302.52_420.97_-302.52
50,-1020.07,-302.52_420.97_-302.52,-1256.95,420.97_420.97_420.97
50,-1256.95,420.97_420.97_420.97,-1256.95,420.97_420.97_420.97
50,-1256.95,420.97_420.97_420.97,-1256.95,420.97_420.97_420.97
50,-1256.95,420.97_420.97_420.97,-1256.95,420.97_420.97_420.97
50,-1256.95,420.97_420.97_420.97,-1256.95,420.97_420.97_420.97
50,-1256.95,420.97_420.97_420.97,-1256.95,420.97_420.97_420.97
50,-1256.95,420.97_420.97_420.97,-1256.95,420.97_420.97_420.97
50,-1256.95,420.97_420.97_420.97,-1256.95,420.97_420.97_420.97
50,-1256.95,420.97_420.97_420.97,-1256.95,420.97_420.97_420.97
50,-1256.95,420.97_420.97_420.97,-1256.95,420.97_420.97_420.97
50,-1256.95,420.97_420.97_420.97,-1256.95,420.97_420.97_420.97
50,-1256.95,420.97_420.97_420.97,-1256.95,420.97_420.97_420.97
50,-1256.95,420.97_420.97_420.97,-1256.95,420.97_420.97_420.97
50,-1256.95,420.97_420.97_420.97,-1256.95,420.97_420.97_420.97
50,-1256.95,420.97_420.97_420.97,-1256.95,420.97_420.97_420.97
50,-1256.95,420.97_420.97_420.97,-1256.95,420.97_420.97_420.97
50,-1256.95,420.97_420.97_420.97,-1256.95,420.97_420.97_420.97
51,-1138.51,420.97_420.97_-302.52,-1138.51,420.97_420.97_-302.52
51,-1138.51,420.97_420.97_-302.52,-1138.51,420.97_420.97_-302.52
51,-1138.51,420.97_420.97_-302.52,-1256.95,420.97_420.97_420.97
51,-1256.95,420.97_420.97_420.97,-1256.95,420.97_420.97_420.97
51,-1256.95,420.97_420.97_420.97,-1256.95,420.97_420.97_420.97
51,-1256.95,420.97_420.97_420.97,-1256.95,420.97_420.97_420.97
51,-1256.95,420.97_420.97_420.97,-1256.95,420.97_420.97_420.97
51,-1256.95,420.97_420.97_420.97,-1256.95,420.97_420.97_420.97
51,-1256.95,420.97_420.97_420.97,-1256.95,420.97_420.97_420.97
52,-566.02,65.55_-302.52_203.81,-704.23,203.81_-302.52_203.81
52,-704.23,203.81_-302.52_203.81,-743.7,420.97_-124.83_203.81
52,-743.7,420.97_-124.83_203.81,-960.84,420.97_-124.83_420.97
52,-960.84,420.97_-124.83_420.97,-1138.51,420.97_-302.52_420.97
52,-1138.51,420.97_-302.52_420.97,-1138.51,420.97_-302.52_420.97
52,-1138.51,420.97_-302.52_420.97,-1138.51,420.97_-302.52_420.97
52,-1138.51,420.97_-302.52_420.97,-1256.95,420.97_420.97_420.97
52,-1256.95,420.97_420.97_420.97,-1256.95,420.97_420.97_420.97
52,-1256.95,420.97_420.97_420.97,-1256.95,420.97_420.97_420.97
52,-1256.95,420.97_420.97_420.97,-1256.95,420.97_420.97_420.97
52,-1256.95,420.97_420.97_420.97,-1256.95,420.97_420.97_420.97
52,-1256.95,420.97_420.97_420.97,-1256.95,420.97_420.97_420.97
53,-704.23,-302.52_203.81_203.81,-722.45,-500.00_-124.83_420.97
53,-722.45,-500.00_-124.83_420.97,-842.4,420.97_-302.53_-124.83
53,-842.4,420.97_-302.53_-124.83,-842.4,420.97_-302.52_-124.83
53,-842.4,420.97_-302.52_-124.83,-1020.07,420.97_-302.52_-302.52
53,-1020.07,420.97_-302.52_-302.52,-1020.07,420.97_-302.52_-302.52
53,-1020.07,420.97_-302.52_-302.52,-1020.07,420.97_-302.52_-302.52
53,-1020.07,420.97_-302.52_-302.52,-1256.95,420.97_420.97_420.97
53,-1256.95,420.97_420.97_420.97,-1256.95,420.97_420.97_420.97
53,-1256.95,420.97_420.97_420.97,-1256.95,420.97_420.97_420.97
53,-1256.95,420.97_420.97_420.97,-1256.95,420.97_420.97_420.97
54,-921.37,203.81_-302.52_420.97,-1138.51,420.97_-302.52_420.97
54,-1138.51,420.97_-302.52_420.97,-1138.51,420.97_-302.52_420.97
54,-1138.51,420.97_-302.52_420.97,-1138.51,420.97_-302.52_420.97
54,-1138.51,420.97_-302.52_420.97,-1138.51,420.97_-302.52_420.97
54,-1138.51,420.97_-302.52_420.97,-1256.95,420.97_420.97_420.97
54,-1256.95,420.97_420.97_420.97,-1256.95,420.97_420.97_420.97
54,-1256.95,420.97_420.97_420.97,-1256.95,420.97_420.97_420.97
54,-1256.95,420.97_420.97_420.97,-1256.95,420.97_420.97_420.97
54,-1256.95,420.97_420.97_420.97,-1256.95,420.97_420.97_420.97
54,-1256.95,420.97_420.97_420.97,-1256.95,420.97_420.97_420.97
54,-1256.95,420.97_420.97_420.97,-1256.95,420.97_420.97_420.97
54,-1256.95,420.97_420.97_420.97,-1256.95,420.97_420.97_420.97
54,-1256.95,420.97_420.97_420.97,-1256.95,420.97_420.97_420.97
54,-1256.95,420.97_420.97_420.97,-1256.95,420.97_420.97_420.97
55,-544.77,-302.52_-500.00_65.55,-743.7,420.97_-124.83_203.81
55,-743.7,420.97_-124.83_203.81,-1138.51,420.97_-302.52_420.97
55,-1138.51,420.97_-302.52_420.97,-1138.51,420.97_-302.52_420.97
55,-1138.51,420.97_-302.52_420.97,-1138.51,420.97_-302.52_420.97
55,-1138.51,420.97_-302.52_420.97,-1138.51,420.97_-302.52_420.97
55,-1138.51,420.97_-302.52_420.97,-1138.51,420.97_-302.52_420.97
55,-1138.51,420.97_-302.52_420.97,-1138.51,420.97_-302.52_420.97
55,-1138.51,420.97_-302.52_420.97,-1138.51,420.97_-302.52_420.97
55,-1138.51,420.97_-302.52_420.97,-1138.51,420.97_-302.52_420.97
55,-1138.51,420.97_-302.52_420.97,-1138.51,420.97_-302.52_420.97
55,-1138.51,420.97_-302.52_420.97,-1138.51,420.97_-302.52_420.97
55,-1138.51,420.97_-302.52_420.97,-1138.51,420.97_-302.52_420.97
55,-1138.51,420.97_-302.52_420.97,-1138.51,420.97_-302.52_420.97
55,-1138.51,420.97_-302.52_420.97,-1138.51,420.97_-302.52_420.97
55,-1138.51,420.97_-302.52_420.97,-1256.95,420.97_420.97_420.97
55,-1256.95,420.97_420.97_420.97,-1256.95,420.97_420.97_420.97
55,-1256.95,420.97_420.97_420.97,-1256.95,420.97_420.97_420.97
55,-1256.95,420.97_420.97_420.97,-1256.95,420.97_420.97_420.97
55,-1256.95,420.97_420.97_420.97,-1256.95,420.97_420.97_420.97
55,-1256.95,420.97_420.97_420.97,-1256.95,420.97_420.97_420.97
55,-1256.95,420.97_420.97_420.97,-1256.95,420.97_420.97_420.97
55,-1256.95,420.97_420.97_420.97,-1256.95,420.97_420.97_420.97
55,-1256.95,420.97_420.97_420.97,-1256.95,420.97_420.97_420.97
55,-1256.95,420.97_420.97_420.97,-1256.95,420.97_420.97_420.97
56,-960.84,-124.83_420.97_420.97,-960.84,-124.83_420.97_420.97
56,-960.84,-124.83_420.97_420.97,-1138.51,-302.52_420.97_420.97
56,-1138.51,-302.52_420.97_420.97,-1138.51,-302.52_420.97_420.97
56,-1138.51,-302.52_420.97_420.97,-1138.51,-302.52_420.97_420.97
56,-1138.51,-302.52_420.97_420.97,-1138.51,-302.52_420.97_420.97
56,-1138.51,-302.52_420.97_420.97,-1138.51,-302.52_420.97_420.97
56,-1138.51,-302.52_420.97_420.97,-1256.95,420.97_420.97_420.97
56,-1256.95,420.97_420.97_420.97,-1256.95,420.97_420.97_420.97
56,-1256.95,420.97_420.97_420.97,-1256.95,420.97_420.97_420.97
56,-1256.95,420.97_420.97_420.97,-1256.95,420.97_420.97_420.97
56,-1256.95,420.97_420.97_420.97,-1256.95,420.97_420.97_420.97
56,-1256.95,420.97_420.97_420.97,-1256.95,420.97_420.97_420.97
56,-1256.95,420.97_420.97_420.97,-1256.95,420.97_420.97_420.97
56,-1256.95,420.97_420.97_420.97,-1256.95,420.97_420.97_420.97
56,-1256.95,420.97_420.97_420.97,-1256.95,420.97_420.97_420.97
56,-1256.95,420.97_420.97_420.97,-1256.95,420.97_420.97_420.97
57,-842.4,-124.83_420.97_-302.53,-842.4,-124.83_420.97_-302.52
57,-842.4,-124.83_420.97_-302.52,-1020.07,-302.52_420.97_-302.52
57,-1020.07,-302.52_420.97_-302.52,-1020.07,-302.52_420.97_-302.52
57,-1020.07,-302.52_420.97_-302.52,-1020.07,-302.52_420.97_-302.52
57,-1020.07,-302.52_420.97_-302.52,-1020.07,-302.52_420.97_-302.52
57,-1020.07,-302.52_420.97_-302.52,-1020.07,-302.52_420.97_-302.52
57,-1020.07,-302.52_420.97_-302.52,-1020.07,-302.52_420.97_-302.52
57,-1020.07,-302.52_420.97_-302.52,-1020.07,-302.52_420.97_-302.52
57,-1020.07,-302.52_420.97_-302.52,-1138.51,420.97_-302.53_420.97
57,-1138.51,420.97_-302.53_420.97,-1138.51,420.97_-302.52_420.97
57,-1138.51,420.97_-302.52_420.97,-1138.51,420.97_-302.52_420.97
57,-1138.51,420.97_-302.52_420.97,-1138.51,420.97_-302.52_420.97
57,-1138.51,420.97_-302.52_420.97,-1138.51,420.97_-302.52_420.97
57,-1138.51,420.97_-302.52_420.97,-1138.51,420.97_-302.52_420.97
57,-1138.51,420.97_-302.52_420.97,-1138.51,420.97_-302.52_420.97
57,-1138.51,420.97_-302.52_420.97,-1138.51,420.97_-302.52_420.97
57,-1138.51,420.97_-302.52_420.97,-1138.51,420.97_-302.52_420.97
57,-1138.51,420.97_-302.52_420.97,-1138.51,420.97_-302.52_420.97
57,-1138.51,420.97_-302.52_420.97,-1138.51,420.97_-302.52_420.97
57,-1138.51,420.97_-302.52_420.97,-1138.51,420.97_-302.52_420.97
58,-723.47,5.24_-302.52_420.97,-783.16,65.55_-302.52_420.97
58,-783.16,65.55_-302.52_420.97,-842.4,-124.83_-302.52_420.97
58,-842.4,-124.83_-302.52_420.97,-1018.55,420.97_-500.00_420.97
58,-1018.55,420.97_-500.00_420.97,-1138.51,420.97_-302.52_420.97
58,-1138.51,420.97_-302.52_420.97,-1138.51,420.97_-302.52_420.97
58,-1138.51,420.97_-302.52_420.97,-1138.51,420.97_-302.52_420.97
58,-1138.51,420.97_-302.52_420.97,-1138.51,420.97_-302.52_420.97
58,-1138.51,420.97_-302.52_420.97,-1138.51,420.97_-302.52_420.97
58,-1138.51,420.97_-302.52_420.97,-1138.51,420.97_-302.52_420.97
58,-1138.51,420.97_-302.52_420.97,-1138.51,420.97_-302.52_420.97
58,-1138.51,420.97_-302.52_420.97,-1256.95,420.97_420.97_420.97
58,-1256.95,420.97_420.97_420.97,-1256.95,420.97_420.97_420.97
58,-1256.95,420.97_420.97_420.97,-1256.95,420.97_420.97_420.97
58,-1256.95,420.97_420.97_420.97,-1256.95,420.97_420.97_420.97
58,-1256.95,420.97_420.97_420.97,-1256.95,420.97_420.97_420.97
58,-1256.95,420.97_420.97_420.97,-1256.95,420.97_420.97_420.97
58,-1256.95,420.97_420.97_420.97,-1256.95,420.97_420.97_420.97
58,-1256.95,420.97_420.97_420.97,-1256.95,420.97_420.97_420.97
58,-1256.95,420.97_420.97_420.97,-1256.95,420.97_420.97_420.97
58,-1256.95,420.97_420.97_420.97,-1256.95,420.97_420.97_420.97
58,-1256.95,420.97_420.97_420.97,-1256.95,420.97_420.97_420.97
58,-1256.95,420.97_420.97_420.97,-1256.95,420.97_420.97_420.97
59,-505.22,-302.52_-500.00_-25.88,-505.22,-302.52_-500.00_-25.88
59,-505.22,-302.52_-500.00_-25.88,-723.97,-302.52_-302.52_-124.83
59,-723.97,-302.52_-302.52_-124.83,-901.63,-302.53_-302.52_-302.52
59,-901.63,-302.53_-302.52_-302.52,-901.63,-302.52_-302.52_-302.52
59,-901.63,-302.52_-302.52_-302.52,-1256.95,420.97_420.97_420.97
59,-1256.95,420.97_420.97_420.97,-1256.95,420.97_420.97_420.97
59,-1256.95,420.97_420.97_420.97,-1256.95,420.97_420.97_420.97
59,-1256.95,420.97_420.97_420.97,-1256.95,420.97_420.97_420.97
59,-1256.95,420.97_420.97_420.97,-1256.95,420.97_420.97_420.97
59,-1256.95,420.97_420.97_420.97,-1256.95,420.97_420.97_420.97
59,-1256.95,420.97_420.97_420.97,-1256.95,420.97_420.97_420.97
59,-1256.95,420.97_420.97_420.97,-1256.95,420.97_420.97_420.97
59,-1256.95,420.97_420.97_420.97,-1256.95,420.97_420.97_420.97
59,-1256.95,420.97_420.97_420.97,-1256.95,420.97_420.97_420.97
59,-1256.95,420.97_420.97_420.97,-1256.95,420.97_420.97_420.97
59,-1256.95,420.97_420.97_420.97,-1256.95,420.97_420.97_420.97
60,-1039.81,420.97_420.97_203.81,-1256.95,420.97_420.97_420.97
60,-1256.95,420.97_420.97_420.97,-1256.95,420.97_420.97_420.97
60,-1256.95,420.97_420.97_420.97,-1256.95,420.97_420.97_420.97
60,-1256.95,420.97_420.97_420.97,-1256.95,420.97_420.97_420.97
60,-1256.95,420.97_420.97_420.97,-1256.95,420.97_420.97_420.97
60,-1256.95,420.97_420.97_420.97,-1256.95,420.97_420.97_420.97
60,-1256.95,420.97_420.97_420.97,-1256.95,420.97_420.97_420.97
60,-1256.95,420.97_420.97_420.97,-1256.95,420.97_420.97_420.97
60,-1256.95,420.97_420.97_420.97,-1256.95,420.97_420.97_420.97
60,-1256.95,420.97_420.97_420.97,-1256.95,420.97_420.97_420.97
60,-1256.95,420.97_420.97_420.97,-1256.95,420.97_420.97_420.97
61,-841.91,420.97_420.97_5.24,-862.05,420.97_420.97_-25.88
61,-862.05,420.97_420.97_-25.88,-901.6,420.97_420.97_65.55
61,-901.6,420.97_420.97_65.55,-1039.81,420.97_420.97_203.81
61,-1039.81,420.97_420.97_203.81,-1256.95,420.97_420.97_420.97
61,-1256.95,420.97_420.97_420.97,-1256.95,420.97_420.97_420.97
61,-1256.95,420.97_420.97_420.97,-1256.95,420.97_420.97_420.97
61,-1256.95,420.97_420.97_420.97,-1256.95,420.97_420.97_420.97
61,-1256.95,420.97_420.97_420.97,-1256.95,420.97_420.97_420.97
61,-1256.95,420.97_420.97_420.97,-1256.95,420.97_420.97_420.97
62,-526.56,-124.83_203.81_203.81,-566.02,-302.52_203.81_65.55
62,-566.02,-302.52_203.81_65.55,-625.26,-302.52_203.81_-124.83
62,-625.26,-302.52_203.81_-124.83,-664.74,-124.83_420.97_-124.83
62,-664.74,-124.83_420.97_-124.83,-921.37,-302.52_420.97_203.81
62,-921.37,-302.52_420.97_203.81,-1138.51,-302.52_420.97_420.97
62,-1138.51,-302.52_420.97_420.97,-1138.51,-302.52_420.97_420.97
62,-1138.51,-302.52_420.97_420.97,-1138.51,-302.52_420.97_420.97
62,-1138.51,-302.52_420.97_420.97,-1138.51,-302.52_420.97_420.97
62,-1138.51,-302.52_420.97_420.97,-1138.51,-302.52_420.97_420.97
62,-1138.51,-302.52_420.97_420.97,-1138.51,-302.52_420.97_420.97
62,-1138.51,-302.52_420.97_420.97,-1138.51,-302.52_420.97_420.97
62,-1138.51,-302.52_420.97_420.97,-1138.51,-302.52_420.97_420.97
62,-1138.51,-302.52_420.97_420.97,-1138.51,-302.52_420.97_420.97
62,-1138.51,-302.52_420.97_420.97,-1138.51,-302.52_420.97_420.97
63,-487.06,-124.83_-302.52_65.55,-506.33,5.24_-302.52_203.81
63,-506.33,5.24_-302.52_203.81,-506.33,5.24_-302.52_203.81
63,-506.33,5.24_-302.52_203.81,-526.47,-25.88_-302.52_203.81
63,-526.47,-25.88_-302.52_203.81,-842.4,-124.83_-302.52_420.97
63,-842.4,-124.83_-302.52_420.97,-1020.07,-302.52_-302.52_420.97
63,-1020.07,-302.52_-302.52_420.97,-1020.07,-302.52_-302.52_420.97
63,-1020.07,-302.52_-302.52_420.97,-1020.07,-302.52_-302.52_420.97
63,-1020.07,-302.52_-302.52_420.97,-1020.07,-302.52_-302.52_420.97
63,-1020.07,-302.52_-302.52_420.97,-1020.07,-302.52_-302.52_420.97
63,-1020.07,-302.52_-302.52_420.97,-1020.07,-302.52_-302.52_420.97
63,-1020.07,-302.52_-302.52_420.97,-1138.51,-302.52_420.97_420.97
63,-1138.51,-302.52_420.97_420.97,-1138.51,-302.52_420.97_420.97
63,-1138.51,-302.52_420.97_420.97,-1138.51,-302.52_420.97_420.97
63,-1138.51,-302.52_420.97_420.97,-1138.51,-302.52_420.97_420.97
63,-1138.51,-302.52_420.97_420.97,-1138.51,-302.52_420.97_420.97
63,-1138.51,-302.52_420.97_420.97,-1138.51,-302.52_420.97_420.97
63,-1138.51,-302.52_420.97_420.97,-1138.51,-302.52_420.97_420.97
63,-1138.51,-302.52_420.97_420.97,-1256.95,420.97_420.97_420.97
63,-1256.95,420.97_420.97_420.97,-1256.95,420.97_420.97_420.97
63,-1256.95,420.97_420.97_420.97,-1256.95,420.97_420.97_420.97
63,-1256.95,420.97_420.97_420.97,-1256.95,420.97_420.97_420.97
63,-1256.95,420.97_420.97_420.97,-1256.95,420.97_420.97_420.97
63,-1256.95,420.97_420.97_420.97,-1256.95,420.97_420.97_420.97
63,-1256.95,420.97_420.97_420.97,-1256.95,420.97_420.97_420.97
63,-1256.95,420.97_420.97_420.97,-1256.95,420.97_420.97_420.97
63,-1256.95,420.97_420.97_420.97,-1256.95,420.97_420.97_420.97
64,-1020.07,-302.52_420.97_-302.52,-1020.07,-302.52_420.97_-302.52
64,-1020.07,-302.52_420.97_-302.52,-1138.51,420.97_-302.53_420.97
64,-1138.51,420.97_-302.53_420.97,-1138.51,420.97_-302.52_420.97
64,-1138.51,420.97_-302.52_420.97,-1138.51,420.97_-302.52_420.97
64,-1138.51,420.97_-302.52_420.97,-1138.51,420.97_-302.52_420.97
64,-1138.51,420.97_-302.52_420.97,-1138.51,420.97_-302.52_420.97
64,-1138.51,420.97_-302.52_420.97,-1138.51,420.97_-302.52_420.97
64,-1138.51,420.97_-302.52_420.97,-1138.51,420.97_-302.52_420.97
64,-1138.51,420.97_-302.52_420.97,-1138.51,420.97_-302.52_420.97
64,-1138.51,420.97_-302.52_420.97,-1138.51,420.97_-302.52_420.97
64,-1138.51,420.97_-302.52_420.97,-1138.51,420.97_-302.52_420.97
65,-1020.07,-302.52_420.97_-302.52,-1020.07,-302.52_420.97_-302.52
65,-1020.07,-302.52_420.97_-302.52,-1020.07,-302.52_420.97_-302.52
65,-1020.07,-302.52_420.97_-302.52,-1039.81,203.81_420.97_420.97
65,-1039.81,203.81_420.97_420.97,-1256.95,420.97_420.97_420.97
65,-1256.95,420.97_420.97_420.97,-1256.95,420.97_420.97_420.97
65,-1256.95,420.97_420.97_420.97,-1256.95,420.97_420.97_420.97
65,-1256.95,420.97_420.97_420.97,-1256.95,420.97_420.97_420.97
65,-1256.95,420.97_420.97_420.97,-1256.95,420.97_420.97_420.97
65,-1256.95,420.97_420.97_420.97,-1256.95,420.97_420.97_420.97
65,-1256.95,420.97_420.97_420.97,-1256.95,420.97_420.97_420.97
65,-1256.95,420.97_420.97_420.97,-1256.95,420.97_420.97_420.97
66,-783.16,-302.52_65.55_420.97,-921.37,-302.52_203.81_420.97
66,-921.37,-302.52_203.81_420.97,-1138.51,-302.52_420.97_420.97
66,-1138.51,-302.52_420.97_420.97,-1138.51,-302.52_420.97_420.97
66,-1138.51,-302.52_420.97_420.97,-1138.51,-302.52_420.97_420.97
66,-1138.51,-302.52_420.97_420.97,-1138.51,-302.52_420.97_420.97
66,-1138.51,-302.52_420.97_420.97,-1138.51,-302.52_420.97_420.97
66,-1138.51,-302.52_420.97_420.97,-1138.51,-302.52_420.97_420.97
66,-1138.51,-302.52_420.97_420.97,-1138.51,-302.52_420.97_420.97
66,-1138.51,-302.52_420.97_420.97,-1138.51,-302.52_420.97_420.97
66,-1138.51,-302.52_420.97_420.97,-1256.95,420.97_420.97_420.97
66,-1256.95,420.97_420.97_420.97,-1256.95,420.97_420.97_420.97
66,-1256.95,420.97_420.97_420.97,-1256.95,420.97_420.97_420.97
66,-1256.95,420.97_420.97_420.97,-1256.95,420.97_420.97_420.97
66,-1256.95,420.97_420.97_420.97,-1256.95,420.97_420.97_420.97
66,-1256.95,420.97_420.97_420.97,-1256.95,420.97_420.97_420.97
66,-1256.95,420.97_420.97_420.97,-1256.95,420.97_420.97_420.97
66,-1256.95,420.97_420.97_420.97,-1256.95,420.97_420.97_420.97
66,-1256.95,420.97_420.97_420.97,-1256.95,420.97_420.97_420.97
67,-625.26,-302.52_-124.83_203.81,-625.26,-302.52_-124.83_203.81
67,-625.26,-302.52_-124.83_203.81,-960.84,420.97_-124.83_420.97
67,-960.84,420.97_-124.83_420.97,-1138.51,420.97_-302.52_420.97
67,-1138.51,420.97_-302.52_420.97,-1138.51,420.97_-302.52_420.97
67,-1138.51,420.97_-302.52_420.97,-1138.51,420.97_-302.52_420.97
67,-1138.51,420.97_-302.52_420.97,-1138.51,420.97_-302.52_420.97
67,-1138.51,420.97_-302.52_420.97,-1138.51,420.97_-302.52_420.97
67,-1138.51,420.97_-302.52_420.97,-1138.51,420.97_-302.52_420.97
67,-1138.51,420.97_-302.52_420.97,-1138.51,420.97_-302.52_420.97
67,-1138.51,420.97_-302.52_420.97,-1138.51,420.97_-302.52_420.97
67,-1138.51,420.97_-302.52_420.97,-1138.51,420.97_-302.52_420.97
67,-1138.51,420.97_-302.52_420.97,-1138.51,420.97_-302.52_420.97
67,-1138.51,420.97_-302.52_420.97,-1138.51,420.97_-302.52_420.97
68,-723.47,420.97_5.24_-302.52,-783.16,420.97_65.55_-302.52
68,-783.16,420.97_65.55_-302.52,-921.37,420.97_203.81_-302.52
68,-921.37,420.97_203.81_-302.52,-921.37,420.97_203.81_-302.52
68,-921.37,420.97_203.81_-302.52,-960.84,420.97_420.97_-124.83
68,-960.84,420.97_420.97_-124.83,-1138.51,420.97_420.97_-302.52
68,-1138.51,420.97_420.97_-302.52,-1138.51,420.97_420.97_-302.52
68,-1138.51,420.97_420.97_-302.52,-1138.51,420.97_420.97_-302.52
68,-1138.51,420.97_420.97_-302.52,-1138.51,420.97_420.97_-302.52
68,-1138.51,420.97_420.97_-302.52,-1138.51,420.97_420.97_-302.52
68,-1138.51,420.97_420.97_-302.52,-1138.51,420.97_420.97_-302.52
68,-1138.51,420.97_420.97_-302.52,-1138.51,420.97_420.97_-302.52
68,-1138.51,420.97_420.97_-302.52,-1138.51,420.97_420.97_-302.52
68,-1138.51,420.97_420.97_-302.52,-1256.95,420.97_420.97_420.97
68,-1256.95,420.97_420.97_420.97,-1256.95,420.97_420.97_420.97
68,-1256.95,420.97_420.97_420.97,-1256.95,420.97_420.97_420.97
68,-1256.95,420.97_420.97_420.97,-1256.95,420.97_420.97_420.97
68,-1256.95,420.97_420.97_420.97,-1256.95,420.97_420.97_420.97
68,-1256.95,420.97_420.97_420.97,-1256.95,420.97_420.97_420.97
68,-1256.95,420.97_420.97_420.97,-1256.95,420.97_420.97_420.97
68,-1256.95,420.97_420.97_420.97,-1256.95,420.97_420.97_420.97
68,-1256.95,420.97_420.97_420.97,-1256.95,420.97_420.97_420.97
68,-1256.95,420.97_420.97_420.97,-1256.95,420.97_420.97_420.97
69,-781.68,-500.00_-302.52_-302.52,-781.68,-500.00_-302.52_-302.52
69,-781.68,-500.00_-302.52_-302.52,-781.68,-500.00_-302.52_-302.52
69,-781.68,-500.00_-302.52_-302.52,-781.68,-500.00_-302.52_-302.52
69,-781.68,-500.00_-302.52_-302.52,-781.68,-302.52_-500.00_-302.52
69,-781.68,-302.52_-500.00_-302.52,-901.63,-302.52_-302.52_-302.52
69,-901.63,-302.52_-302.52_-302.52,-901.63,-302.52_-302.52_-302.52
69,-901.63,-302.52_-302.52_-302.52,-901.63,-302.52_-302.52_-302.52
69,-901.63,-302.52_-302.52_-302.52,-901.63,-302.52_-302.52_-302.52
69,-901.63,-302.52_-302.52_-302.52,-901.63,-302.52_-302.52_-302.52
69,-901.63,-302.52_-302.52_-302.52,-901.63,-302.52_-302.52_-302.52
69,-901.63,-302.52_-302.52_-302.52,-1039.81,203.81_420.97_420.97
69,-1039.81,203.81_420.97_420.97,-1039.81,203.81_420.97_420.97
69,-1039.81,203.81_420.97_420.97,-1256.95,420.97_420.97_420.97
69,-1256.95,420.97_420.97_420.97,-1256.95,420.97_420.97_420.97
69,-1256.95,420.97_420.97_420.97,-1256.95,420.97_420.97_420.97
69,-1256.95,420.97_420.97_420.97,-1256.95,420.97_420.97_420.97
69,-1256.95,420.97_420.97_420.97,-1256.95,420.97_420.97_420.97
69,-1256.95,420.97_420.97_420.97,-1256.95,420.97_420.97_420.97
69,-1256.95,420.97_420.97_420.97,-1256.95,420.97_420.97_420.97
69,-1256.95,420.97_420.97_420.97,-1256.95,420.97_420.97_420.97
69,-1256.95,420.97_420.97_420.97,-1256.95,420.97_420.97_420.97
69,-1256.95,420.97_420.97_420.97,-1256.95,420.97_420.97_420.97
70,-506.33,203.81_-302.52_5.24,-704.23,203.81_-302.52_203.81
70,-704.23,203.81_-302.52_203.81,-921.37,203.81_-302.52_420.97
70,-921.37,203.81_-302.52_420.97,-921.37,203.81_-302.52_420.97
70,-921.37,203.81_-302.52_420.97,-1039.81,420.97_203.81_420.97
70,-1039.81,420.97_203.81_420.97,-1039.81,420.97_203.81_420.97
70,-1039.81,420.97_203.81_420.97,-1256.95,420.97_420.97_420.97
70,-1256.95,420.97_420.97_420.97,-1256.95,420.97_420.97_420.97
70,-1256.95,420.97_420.97_420.97,-1256.95,420.97_420.97_420.97
70,-1256.95,420.97_420.97_420.97,-1256.95,420.97_420.97_420.97
70,-1256.95,420.97_420.97_420.97,-1256.95,420.97_420.97_420.97
70,-1256.95,420.97_420.97_420.97,-1256.95,420.97_420.97_420.97
70,-1256.95,420.97_420.97_420.97,-1256.95,420.97_420.97_420.97
70,-1256.95,420.97_420.97_420.97,-1256.95,420.97_420.97_420.97
71,-566.02,203.81_65.55_-302.52,-704.23,203.81_203.81_-302.52
71,-704.23,203.81_203.81_-302.52,-1256.95,420.97_420.97_420.97
71,-1256.95,420.97_420.97_420.97,-1256.95,420.97_420.97_420.97
71,-1256.95,420.97_420.97_420.97,-1256.95,420.97_420.97_420.97
71,-1256.95,420.97_420.97_420.97,-1256.95,420.97_420.97_420.97
71,-1256.95,420.97_420.97_420.97,-1256.95,420.97_420.97_420.97
71,-1256.95,420.97_420.97_420.97,-1256.95,420.97_420.97_420.97
72,-822.67,420.97_203.81_203.81,-1039.81,420.97_420.97_203.81
72,-1039.81,420.97_420.97_203.81,-1256.95,420.97_420.97_420.97
72,-1256.95,420.97_420.97_420.97,-1256.95,420.97_420.97_420.97
72,-1256.95,420.97_420.97_420.97,-1256.95,420.97_420.97_420.97
72,-1256.95,420.97_420.97_420.97,-1256.95,420.97_420.97_420.97
72,-1256.95,420.97_420.97_420.97,-1256.95,420.97_420.97_420.97
72,-1256.95,420.97_420.97_420.97,-1256.95,420.97_420.97_420.97
72,-1256.95,420.97_420.97_420.97,-1256.95,420.97_420.97_420.97
72,-1256.95,420.97_420.97_420.97,-1256.95,420.97_420.97_420.97
72,-1256.95,420.97_420.97_420.97,-1256.95,420.97_420.97_420.97
72,-1256.95,420.97_420.97_420.97,-1256.95,420.97_420.97_420.97
72,-1256.95,420.97_420.97_420.97,-1256.95,420.97_420.97_420.97
72,-1256.95,420.97_420.97_420.97,-1256.95,420.97_420.97_420.97
72,-1256.95,420.97_420.97_420.97,-1256.95,420.97_420.97_420.97
72,-1256.95,420.97_420.97_420.97,-1256.95,420.97_420.97_420.97
72,-1256.95,420.97_420.97_420.97,-1256.95,420.97_420.97_420.97
72,-1256.95,420.97_420.97_420.97,-1256.95,420.97_420.97_420.97
73,-1020.07,-302.52_-302.52_420.97,-1020.07,-302.52_-302.52_420.97
73,-1020.07,-302.52_-302.52_420.97,-1020.07,-302.52_-302.52_420.97
73,-1020.07,-302.52_-302.52_420.97,-1020.07,-302.52_-302.52_420.97
73,-1020.07,-302.52_-302.52_420.97,-1039.81,420.97_420.97_203.81
73,-1039.81,420.97_420.97_203.81,-1256.95,420.97_420.97_420.97
73,-1256.95,420.97_420.97_420.97,-1256.95,420.97_420.97_420.97
73,-1256.95,420.97_420.97_420.97,-1256.95,420.97_420.97_420.97
73,-1256.95,420.97_420.97_420.97,-1256.95,420.97_420.97_420.97
73,-1256.95,420.97_420.97_420.97,-1256.95,420.97_420.97_420.97
73,-1256.95,420.97_420.97_420.97,-1256.95,420.97_420.97_420.97
73,-1256.95,420.97_420.97_420.97,-1256.95,420.97_420.97_420.97
73,-1256.95,420.97_420.97_420.97,-1256.95,420.97_420.97_420.97
74,-625.26,-302.52_203.81_-124.83,-921.37,203.81_420.97_-302.52
74,-921.37,203.81_420.97_-302.52,-1138.51,420.97_420.97_-302.52
74,-1138.51,420.97_420.97_-302.52,-1138.51,420.97_420.97_-302.52
74,-1138.51,420.97_420.97_-302.52,-1138.51,420.97_420.97_-302.52
74,-1138.51,420.97_420.97_-302.52,-1138.51,420.97_420.97_-302.52
74,-1138.51,420.97_420.97_-302.52,-1138.51,420.97_420.97_-302.52
74,-1138.51,420.97_420.97_-302.52,-1138.51,420.97_420.97_-302.52
75,-921.37,203.81_420.97_-302.53,-921.37,203.81_420.97_-302.52
75,-921.37,203.81_420.97_-302.52,-960.84,420.97_420.97_-124.83
75,-960.84,420.97_420.97_-124.83,-960.84,420.97_420.97_-124.83
75,-960.84,420.97_420.97_-124.83,-1138.51,420.97_420.97_-302.53
75,-1138.51,420.97_420.97_-302.53,-1138.51,420.97_420.97_-302.52
75,-1138.51,420.97_420.97_-302.52,-1138.51,420.97_420.97_-302.52
75,-1138.51,420.97_420.97_-302.52,-1138.51,420.97_420.97_-302.52
75,-1138.51,420.97_420.97_-302.52,-1138.51,420.97_420.97_-302.52
75,-1138.51,420.97_420.97_-302.52,-1138.51,420.97_420.97_-302.52
75,-1138.51,420.97_420.97_-302.52,-1138.51,420.97_420.97_-302.52
75,-1138.51,420.97_420.97_-302.52,-1138.51,420.97_420.97_-302.52
75,-1138.51,420.97_420.97_-302.52,-1138.51,420.97_420.97_-302.52
75,-1138.51,420.97_420.97_-302.52,-1256.95,420.97_420.97_420.97
75,-1256.95,420.97_420.97_420.97,-1256.95,420.97_420.97_420.97
75,-1256.95,420.97_420.97_420.97,-1256.95,420.97_420.97_420.97
75,-1256.95,420.97_420.97_420.97,-1256.95,420.97_420.97_420.97
75,-1256.95,420.97_420.97_420.97,-1256.95,420.97_420.97_420.97
75,-1256.95,420.97_420.97_420.97,-1256.95,420.97_420.97_420.97
75,-1256.95,420.97_420.97_420.97,-1256.95,420.97_420.97_420.97
75,-1256.95,420.97_420.97_420.97,-1256.95,420.97_420.97_420.97
75,-1256.95,420.97_420.97_420.97,-1256.95,420.97_420.97_420.97
76,-663.21,420.97_-500.00_65.55,-842.4,420.97_-302.52_-124.83
76,-842.4,420.97_-302.52_-124.83,-1020.07,420.97_-302.52_-302.52
76,-1020.07,420.97_-302.52_-302.52,-1020.07,420.97_-302.52_-302.52
76,-1020.07,420.97_-302.52_-302.52,-1020.07,420.97_-302.52_-302.52
76,-1020.07,420.97_-302.52_-302.52,-1020.07,420.97_-302.52_-302.52
76,-1020.07,420.97_-302.52_-302.52,-1020.07,420.97_-302.52_-302.52
76,-1020.07,420.97_-302.52_-302.52,-1138.51,-302.53_420.97_420.97
76,-1138.51,-302.53_420.97_420.97,-1138.51,-302.52_420.97_420.97
76,-1138.51,-302.52_420.97_420.97,-1138.51,-302.52_420.97_420.97
76,-1138.51,-302.52_420.97_420.97,-1138.51,-302.52_420.97_420.97
76,-1138.51,-302.52_420.97_420.97,-1138.51,-302.52_420.97_420.97
76,-1138.51,-302.52_420.97_420.97,-1138.51,-302.52_420.97_420.97
76,-1138.51,-302.52_420.97_420.97,-1138.51,-302.52_420.97_420.97
76,-1138.51,-302.52_420.97_420.97,-1138.51,-302.52_420.97_420.97
76,-1138.51,-302.52_420.97_420.97,-1138.51,-302.52_420.97_420.97
76,-1138.51,-302.52_420.97_420.97,-1138.51,-302.52_420.97_420.97
76,-1138.51,-302.52_420.97_420.97,-1256.95,420.97_420.97_420.97
76,-1256.95,420.97_420.97_420.97,-1256.95,420.97_420.97_420.97
76,-1256.95,420.97_420.97_420.97,-1256.95,420.97_420.97_420.97
76,-1256.95,420.97_420.97_420.97,-1256.95,420.97_420.97_420.97
76,-1256.95,420.97_420.97_420.97,-1256.95,420.97_420.97_420.97
76,-1256.95,420.97_420.97_420.97,-1256.95,420.97_420.97_420.97
76,-1256.95,420.97_420.97_420.97,-1256.95,420.97_420.97_420.97
76,-1256.95,420.97_420.97_420.97,-1256.95,420.97_420.97_420.97
76,-1256.95,420.97_420.97_420.97,-1256.95,420.97_420.97_420.97
76,-1256.95,420.97_420.97_420.97,-1256.95,420.97_420.97_420.97
76,-1256.95,420.97_420.97_420.97,-1256.95,420.97_420.97_420.97
76,-1256.95,420.97_420.97_420.97,-1256.95,420.97_420.97_420.97
76,-1256.95,420.97_420.97_420.97,-1256.95,420.97_420.97_420.97
77,-802.93,203.81_-302.52_-302.52,-842.4,420.97_-124.83_-302.52
77,-842.4,420.97_-124.83_-302.52,-842.4,420.97_-124.83_-302.52
77,-842.4,420.97_-124.83_-302.52,-842.4,420.97_-124.83_-302.52
77,-842.4,420.97_-124.83_-302.52,-1020.07,420.97_-302.52_-302.52
77,-1020.07,420.97_-302.52_-302.52,-1020.07,420.97_-302.52_-302.52
77,-1020.07,420.97_-302.52_-302.52,-1039.81,420.97_203.81_420.97
77,-1039.81,420.97_203.81_420.97,-1256.95,420.97_420.97_420.97
77,-1256.95,420.97_420.97_420.97,-1256.95,420.97_420.97_420.97
77,-1256.95,420.97_420.97_420.97,-1256.95,420.97_420.97_420.97
77,-1256.95,420.97_420.97_420.97,-1256.95,420.97_420.97_420.97
77,-1256.95,420.97_420.97_420.97,-1256.95,420.97_420.97_420.97
77,-1256.95,420.97_420.97_420.97,-1256.95,420.97_420.97_420.97
77,-1256.95,420.97_420.97_420.97,-1256.95,420.97_420.97_420.97
77,-1256.95,420.97_420.97_420.97,-1256.95,420.97_420.97_420.97
77,-1256.95,420.97_420.97_420.97,-1256.95,420.97_420.97_420.97
78,-605.49,-124.83_420.97_65.55,-783.16,-302.52_420.97_65.55
78,-783.16,-302.52_420.97_65.55,-783.16,-302.52_420.97_65.55
78,-783.16,-302.52_420.97_65.55,-921.37,-302.52_420.97_203.81
78,-921.37,-302.52_420.97_203.81,-921.37,-302.52_420.97_203.81
78,-921.37,-302.52_420.97_203.81,-1138.51,-302.52_420.97_420.97
78,-1138.51,-302.52_420.97_420.97,-1138.51,-302.52_420.97_420.97
78,-1138.51,-302.52_420.97_420.97,-1138.51,-302.52_420.97_420.97
78,-1138.51,-302.52_420.97_420.97,-1138.51,-302.52_420.97_420.97
78,-1138.51,-302.52_420.97_420.97,-1138.51,-302.52_420.97_420.97
78,-1138.51,-302.52_420.97_420.97,-1138.51,-302.52_420.97_420.97
78,-1138.51,-302.52_420.97_420.97,-1138.51,-302.52_420.97_420.97
78,-1138.51,-302.52_420.97_420.97,-1138.51,-302.52_420.97_420.97
78,-1138.51,-302.52_420.97_420.97,-1138.51,-302.52_420.97_420.97
78,-1138.51,-302.52_420.97_420.97,-1138.51,-302.52_420.97_420.97
78,-1138.51,-302.52_420.97_420.97,-1256.95,420.97_420.97_420.97
78,-1256.95,420.97_420.97_420.97,-1256.95,420.97_420.97_420.97
78,-1256.95,420.97_420.97_420.97,-1256.95,420.97_420.97_420.97
78,-1256.95,420.97_420.97_420.97,-1256.95,420.97_420.97_420.97
78,-1256.95,420.97_420.97_420.97,-1256.95,420.97_420.97_420.97
78,-1256.95,420.97_420.97_420.97,-1256.95,420.97_420.97_420.97
78,-1256.95,420.97_420.97_420.97,-1256.95,420.97_420.97_420.97
78,-1256.95,420.97_420.97_420.97,-1256.95,420.97_420.97_420.97
79,-841.91,420.97_420.97_5.24,-960.84,420.97_420.97_-124.83
79,-960.84,420.97_420.97_-124.83,-1138.51,420.97_420.97_-302.52
79,-1138.51,420.97_420.97_-302.52,-1138.51,420.97_420.97_-302.52
79,-1138.51,420.97_420.97_-302.52,-1138.51,420.97_420.97_-302.52
79,-1138.51,420.97_420.97_-302.52,-1138.51,420.97_420.97_-302.52
79,-1138.51,420.97_420.97_-302.52,-1138.51,420.97_420.97_-302.52
79,-1138.51,420.97_420.97_-302.52,-1138.51,420.97_420.97_-302.52
80,-505.31,203.81_-500.00_-124.83,-722.45,420.97_-500.00_-124.83
80,-722.45,420.97_-500.00_-124.83,-842.4,420.97_-302.52_-124.83
80,-842.4,420.97_-302.52_-124.83,-900.12,420.97_-302.53_-500.00
80,-900.12,420.97_-302.53_-500.00,-900.12,420.97_-302.52_-500.00
80,-900.12,420.97_-302.52_-500.00,-900.12,420.97_-500.00_-302.52
80,-900.12,420.97_-500.00_-302.52,-1020.07,420.97_-302.52_-302.52
80,-1020.07,420.97_-302.52_-302.52,-1020.07,420.97_-302.52_-302.52
80,-1020.07,420.97_-302.52_-302.52,-1020.07,420.97_-302.52_-302.52
80,-1020.07,420.97_-302.52_-302.52,-1020.07,420.97_-302.52_-302.52
80,-1020.07,420.97_-302.52_-302.52,-1020.07,420.97_-302.52_-302.52
80,-1020.07,420.97_-302.52_-302.52,-1020.07,420.97_-302.52_-302.52
80,-1020.07,420.97_-302.52_-302.52,-1020.07,420.97_-302.52_-302.52
80,-1020.07,420.97_-302.52_-302.52,-1020.07,420.97_-302.52_-302.52
80,-1020.07,420.97_-302.52_-302.52,-1020.07,420.97_-302.52_-302.52
80,-1020.07,420.97_-302.52_-302.52,-1138.51,-302.52_420.97_420.97
80,-1138.51,-302.52_420.97_420.97,-1138.51,-302.52_420.97_420.97
80,-1138.51,-302.52_420.97_420.97,-1138.51,-302.52_420.97_420.97
80,-1138.51,-302.52_420.97_420.97,-1138.51,-302.52_420.97_420.97
80,-1138.51,-302.52_420.97_420.97,-1256.95,420.97_420.97_420.97
80,-1256.95,420.97_420.97_420.97,-1256.95,420.97_420.97_420.97
80,-1256.95,420.97_420.97_420.97,-1256.95,420.97_420.97_420.97
80,-1256.95,420.97_420.97_420.97,-1256.95,420.97_420.97_420.97
80,-1256.95,420.97_420.97_420.97,-1256.95,420.97_420.97_420.97
80,-1256.95,420.97_420.97_420.97,-1256.95,420.97_420.97_420.97
80,-1256.95,420.97_420.97_420.97,-1256.95,420.97_420.97_420.97
80,-1256.95,420.97_420.97_420.97,-1256.95,420.97_420.97_420.97
81,-921.37,420.97_203.81_-302.52,-1138.51,420.97_420.97_-302.52
81,-1138.51,420.97_420.97_-302.52,-1138.51,420.97_420.97_-302.53
81,-1138.51,420.97_420.97_-302.53,-1138.51,420.97_420.97_-302.52
81,-1138.51,420.97_420.97_-302.52,-1138.51,420.97_420.97_-302.52
81,-1138.51,420.97_420.97_-302.52,-1138.51,420.97_420.97_-302.52
81,-1138.51,420.97_420.97_-302.52,-1138.51,420.97_420.97_-302.52
81,-1138.51,420.97_420.97_-302.52,-1138.51,420.97_420.97_-302.52
81,-1138.51,420.97_420.97_-302.52,-1256.95,420.97_420.97_420.97
81,-1256.95,420.97_420.97_420.97,-1256.95,420.97_420.97_420.97
81,-1256.95,420.97_420.97_420.97,-1256.95,420.97_420.97_420.97
81,-1256.95,420.97_420.97_420.97,-1256.95,420.97_420.97_420.97
81,-1256.95,420.97_420.97_420.97,-1256.95,420.97_420.97_420.97
81,-1256.95,420.97_420.97_420.97,-1256.95,420.97_420.97_420.97
81,-1256.95,420.97_420.97_420.97,-1256.95,420.97_420.97_420.97
81,-1256.95,420.97_420.97_420.97,-1256.95,420.97_420.97_420.97
81,-1256.95,420.97_420.97_420.97,-1256.95,420.97_420.97_420.97
82,-546.25,65.55_65.55_420.97,-684.46,203.81_65.55_420.97
82,-684.46,203.81_65.55_420.97,-684.46,203.81_65.55_420.97
82,-684.46,203.81_65.55_420.97,-822.67,203.81_203.81_420.97
82,-822.67,203.81_203.81_420.97,-822.67,203.81_203.81_420.97
82,-822.67,203.81_203.81_420.97,-1039.81,203.81_420.97_420.97
82,-1039.81,203.81_420.97_420.97,-1039.81,203.81_420.97_420.97
82,-1039.81,203.81_420.97_420.97,-1256.95,420.97_420.97_420.97
82,-1256.95,420.97_420.97_420.97,-1256.95,420.97_420.97_420.97
82,-1256.95,420.97_420.97_420.97,-1256.95,420.97_420.97_420.97
82,-1256.95,420.97_420.97_420.97,-1256.95,420.97_420.97_420.97
82,-1256.95,420.97_420.97_420.97,-1256.95,420.97_420.97_420.97
82,-1256.95,420.97_420.97_420.97,-1256.95,420.97_420.97_420.97
82,-1256.95,420.97_420.97_420.97,-1256.95,420.97_420.97_420.97
83,-309.39,65.55_-124.83_-124.83,-328.66,-124.83_5.24_203.81
83,-328.66,-124.83_5.24_203.81,-526.47,-302.52_-25.88_203.81
83,-526.47,-302.52_-25.88_203.81,-526.47,-302.52_-25.88_203.81
83,-526.47,-302.52_-25.88_203.81,-625.26,-302.52_-124.83_203.81
83,-625.26,-302.52_-124.83_203.81,-664.72,-302.52_-302.52_65.55
83,-664.72,-302.52_-302.52_65.55,-802.93,-302.52_-302.52_203.81
83,-802.93,-302.52_-302.52_203.81,-1020.07,-302.52_-302.52_420.97
83,-1020.07,-302.52_-302.52_420.97,-1020.07,-302.52_-302.52_420.97
83,-1020.07,-302.52_-302.52_420.97,-1020.07,-302.52_-302.52_420.97
83,-1020.07,-302.52_-302.52_420.97,-1020.07,-302.52_-302.52_420.97
83,-1020.07,-302.52_-302.52_420.97,-1020.07,-302.52_-302.52_420.97
83,-1020.07,-302.52_-302.52_420.97,-1020.07,-302.52_-302.52_420.97
83,-1020.07,-302.52_-302.52_420.97,-1020.07,-302.52_-302.52_420.97
83,-1020.07,-302.52_-302.52_420.97,-1020.07,-302.52_-302.52_420.97
83,-1020.07,-302.52_-302.52_420.97,-1256.95,420.97_420.97_420.97
83,-1256.95,420.97_420.97_420.97,-1256.95,420.97_420.97_420.97
83,-1256.95,420.97_420.97_420.97,-1256.95,420.97_420.97_420.97
83,-1256.95,420.97_420.97_420.97,-1256.95,420.97_420.97_420.97
83,-1256.95,420.97_420.97_420.97,-1256.95,420.97_420.97_420.97
83,-1256.95,420.97_420.97_420.97,-1256.95,420.97_420.97_420.97
83,-1256.95,420.97_420.97_420.97,-1256.95,420.97_420.97_420.97
83,-1256.95,420.97_420.97_420.97,-1256.95,420.97_420.97_420.97
83,-1256.95,420.97_420.97_420.97,-1256.95,420.97_420.97_420.97
83,-1256.95,420.97_420.97_420.97,-1256.95,420.97_420.97_420.97
83,-1256.95,420.97_420.97_420.97,-1256.95,420.97_420.97_420.97
83,-1256.95,420.97_420.97_420.97,-1256.95,420.97_420.97_420.97
84,-743.7,-124.83_203.81_420.97,-1138.51,-302.52_420.97_420.97
84,-1138.51,-302.52_420.97_420.97,-1138.51,-302.52_420.97_420.97
84,-1138.51,-302.52_420.97_420.97,-1138.51,-302.52_420.97_420.97
84,-1138.51,-302.52_420.97_420.97,-1138.51,-302.52_420.97_420.97
84,-1138.51,-302.52_420.97_420.97,-1138.51,-302.52_420.97_420.97
84,-1138.51,-302.52_420.97_420.97,-1138.51,-302.52_420.97_420.97
84,-1138.51,-302.52_420.97_420.97,-1138.51,-302.52_420.97_420.97
84,-1138.51,-302.52_420.97_420.97,-1256.95,420.97_420.97_420.97
84,-1256.95,420.97_420.97_420.97,-1256.95,420.97_420.97_420.97
84,-1256.95,420.97_420.97_420.97,-1256.95,420.97_420.97_420.97
84,-1256.95,420.97_420.97_420.97,-1256.95,420.97_420.97_420.97
84,-1256.95,420.97_420.97_420.97,-1256.95,420.97_420.97_420.97
84,-1256.95,420.97_420.97_420.97,-1256.95,420.97_420.97_420.97
84,-1256.95,420.97_420.97_420.97,-1256.95,420.97_420.97_420.97
84,-1256.95,420.97_420.97_420.97,-1256.95,420.97_420.97_420.97
85,-625.17,-25.88_-302.52_-302.52,-625.26,203.81_-124.83_-302.52
85,-625.26,203.81_-124.83_-302.52,-1020.07,420.97_-302.52_-302.52
85,-1020.07,420.97_-302.52_-302.52,-1020.07,420.97_-302.52_-302.52
85,-1020.07,420.97_-302.52_-302.52,-1020.07,420.97_-302.52_-302.52
85,-1020.07,420.97_-302.52_-302.52,-1020.07,420.97_-302.52_-302.52
85,-1020.07,420.97_-302.52_-302.52,-1020.07,420.97_-302.52_-302.52
85,-1020.07,420.97_-302.52_-302.52,-1020.07,420.97_-302.52_-302.52
85,-1020.07,420.97_-302.52_-302.52,-1020.07,420.97_-302.52_-302.52
85,-1020.07,420.97_-302.52_-302.52,-1039.81,420.97_203.81_420.97
85,-1039.81,420.97_203.81_420.97,-1256.95,420.97_420.97_420.97
85,-1256.95,420.97_420.97_420.97,-1256.95,420.97_420.97_420.97
85,-1256.95,420.97_420.97_420.97,-1256.95,420.97_420.97_420.97
85,-1256.95,420.97_420.97_420.97,-1256.95,420.97_420.97_420.97
85,-1256.95,420.97_420.97_420.97,-1256.95,420.97_420.97_420.97
85,-1256.95,420.97_420.97_420.97,-1256.95,420.97_420.97_420.97
85,-1256.95,420.97_420.97_420.97,-1256.95,420.97_420.97_420.97
86,-921.37,203.81_420.97_-302.52,-1138.51,420.97_420.97_-302.52
86,-1138.51,420.97_420.97_-302.52,-1138.51,420.97_420.97_-302.52
86,-1138.51,420.97_420.97_-302.52,-1138.51,420.97_420.97_-302.52
86,-1138.51,420.97_420.97_-302.52,-1138.51,420.97_420.97_-302.52
86,-1138.51,420.97_420.97_-302.52,-1138.51,420.97_420.97_-302.52
86,-1138.51,420.97_420.97_-302.52,-1138.51,420.97_420.97_-302.52
86,-1138.51,420.97_420.97_-302.52,-1138.51,420.97_420.97_-302.52
86,-1138.51,420.97_420.97_-302.52,-1138.51,420.97_420.97_-302.52
86,-1138.51,420.97_420.97_-302.52,-1138.51,420.97_420.97_-302.52
86,-1138.51,420.97_420.97_-302.52,-1256.95,420.97_420.97_420.97
86,-1256.95,420.97_420.97_420.97,-1256.95,420.97_420.97_420.97
86,-1256.95,420.97_420.97_420.97,-1256.95,420.97_420.97_420.97
86,-1256.95,420.97_420.97_420.97,-1256.95,420.97_420.97_420.97
86,-1256.95,420.97_420.97_420.97,-1256.95,420.97_420.97_420.97
86,-1256.95,420.97_420.97_420.97,-1256.95,420.97_420.97_420.97
86,-1256.95,420.97_420.97_420.97,-1256.95,420.97_420.97_420.97
86,-1256.95,420.97_420.97_420.97,-1256.95,420.97_420.97_420.97
86,-1256.95,420.97_420.97_420.97,-1256.95,420.97_420.97_420.97
87,-327.55,-500.00_-25.88_-124.83,-604.01,-500.00_-124.83_-302.52
87,-604.01,-500.00_-124.83_-302.52,-604.01,-500.00_-124.83_-302.52
87,-604.01,-500.00_-124.83_-302.52,-781.68,-500.00_-302.52_-302.52
87,-781.68,-500.00_-302.52_-302.52,-901.63,-302.52_-302.52_-302.52
87,-901.63,-302.52_-302.52_-302.52,-901.63,-302.52_-302.52_-302.52
87,-901.63,-302.52_-302.52_-302.52,-901.63,-302.52_-302.52_-302.52
87,-901.63,-302.52_-302.52_-302.52,-901.63,-302.52_-302.52_-302.52
87,-901.63,-302.52_-302.52_-302.52,-901.63,-302.52_-302.52_-302.52
87,-901.63,-302.52_-302.52_-302.52,-1256.95,420.97_420.97_420.97
87,-1256.95,420.97_420.97_420.97,-1256.95,420.97_420.97_420.97
87,-1256.95,420.97_420.97_420.97,-1256.95,420.97_420.97_420.97
87,-1256.95,420.97_420.97_420.97,-1256.95,420.97_420.97_420.97
87,-1256.95,420.97_420.97_420.97,-1256.95,420.97_420.97_420.97
87,-1256.95,420.97_420.97_420.97,-1256.95,420.97_420.97_420.97
87,-1256.95,420.97_420.97_420.97,-1256.95,420.97_420.97_420.97
87,-1256.95,420.97_420.97_420.97,-1256.95,420.97_420.97_420.97
87,-1256.95,420.97_420.97_420.97,-1256.95,420.97_420.97_420.97
87,-1256.95,420.97_420.97_420.97,-1256.95,420.97_420.97_420.97
87,-1256.95,420.97_420.97_420.97,-1256.95,420.97_420.97_420.97
87,-1256.95,420.97_420.97_420.97,-1256.95,420.97_420.97_420.97
87,-1256.95,420.97_420.97_420.97,-1256.95,420.97_420.97_420.97
87,-1256.95,420.97_420.97_420.97,-1256.95,420.97_420.97_420.97
88,-842.4,420.97_-124.83_-302.52,-1020.07,420.97_-302.52_-302.52
88,-1020.07,420.97_-302.52_-302.52,-1020.07,420.97_-302.52_-302.52
88,-1020.07,420.97_-302.52_-302.52,-1020.07,420.97_-302.52_-302.52
88,-1020.07,420.97_-302.52_-302.52,-1020.07,420.97_-302.52_-302.52
88,-1020.07,420.97_-302.52_-302.52,-1020.07,420.97_-302.52_-302.52
88,-1020.07,420.97_-302.52_-302.52,-1256.95,420.97_420.97_420.97
88,-1256.95,420.97_420.97_420.97,-1256.95,420.97_420.97_420.97
88,-1256.95,420.97_420.97_420.97,-1256.95,420.97_420.97_420.97
88,-1256.95,420.97_420.97_420.97,-1256.95,420.97_420.97_420.97
88,-1256.95,420.97_420.97_420.97,-1256.95,420.97_420.97_420.97
89,-1020.07,420.97_-302.52_-302.52,-1020.07,420.97_-302.52_-302.52
89,-1020.07,420.97_-302.52_-302.52,-1256.95,420.97_420.97_420.97
89,-1256.95,420.97_420.97_420.97,-1256.95,420.97_420.97_420.97
89,-1256.95,420.97_420.97_420.97,-1256.95,420.97_420.97_420.97
89,-1256.95,420.97_420.97_420.97,-1256.95,420.97_420.97_420.97
89,-1256.95,420.97_420.97_420.97,-1256.95,420.97_420.97_420.97
89,-1256.95,420.97_420.97_420.97,-1256.95,420.97_420.97_420.97
89,-1256.95,420.97_420.97_420.97,-1256.95,420.97_420.97_420.97
90,-781.68,-302.52_-302.52_-500.00,-781.68,-302.52_-302.52_-500.00
90,-781.68,-302.52_-302.52_-500.00,-901.63,-302.52_-302.52_-302.52
90,-901.63,-302.52_-302.52_-302.52,-1039.81,420.97_203.81_420.97
90,-1039.81,420.97_203.81_420.97,-1256.95,420.97_420.97_420.97
90,-1256.95,420.97_420.97_420.97,-1256.95,420.97_420.97_420.97
90,-1256.95,420.97_420.97_420.97,-1256.95,420.97_420.97_420.97
90,-1256.95,420.97_420.97_420.97,-1256.95,420.97_420.97_420.97
90,-1256.95,420.97_420.97_420.97,-1256.95,420.97_420.97_420.97
90,-1256.95,420.97_420.97_420.97,-1256.95,420.97_420.97_420.97
90,-1256.95,420.97_420.97_420.97,-1256.95,420.97_420.97_420.97
90,-1256.95,420.97_420.97_420.97,-1256.95,420.97_420.97_420.97
91,-661.72,-500.00_-302.52_-500.00,-781.68,-302.52_-302.52_-500.00
91,-781.68,-302.52_-302.52_-500.00,-781.68,-302.52_-302.52_-500.00
91,-781.68,-302.52_-302.52_-500.00,-901.63,-302.52_-302.52_-302.52
91,-901.63,-302.52_-302.52_-302.52,-921.37,203.81_420.97_-302.52
91,-921.37,203.81_420.97_-302.52,-921.37,203.81_420.97_-302.52
91,-921.37,203.81_420.97_-302.52,-921.37,203.81_420.97_-302.52
91,-921.37,203.81_420.97_-302.52,-1018.55,420.97_420.97_-500.00
91,-1018.55,420.97_420.97_-500.00,-1138.51,420.97_420.97_-302.52
91,-1138.51,420.97_420.97_-302.52,-1138.51,420.97_420.97_-302.52
91,-1138.51,420.97_420.97_-302.52,-1138.51,420.97_420.97_-302.52
91,-1138.51,420.97_420.97_-302.52,-1138.51,420.97_420.97_-302.52
91,-1138.51,420.97_420.97_-302.52,-1138.51,420.97_420.97_-302.52
91,-1138.51,420.97_420.97_-302.52,-1138.51,420.97_420.97_-302.52
91,-1138.51,420.97_420.97_-302.52,-1138.51,420.97_420.97_-302.52
91,-1138.51,420.97_420.97_-302.52,-1138.51,420.97_420.97_-302.52
92,-388.35,65.55_203.81_-124.83,-780.16,420.97_-500.00_-500.00
92,-780.16,420.97_-500.00_-500.00,-900.12,420.97_-302.52_-500.00
92,-900.12,420.97_-302.52_-500.00,-1020.07,420.97_-302.52_-302.52
92,-1020.07,420.97_-302.52_-302.52,-1020.07,420.97_-302.52_-302.52
92,-1020.07,420.97_-302.52_-302.52,-1020.07,420.97_-302.52_-302.52
92,-1020.07,420.97_-302.52_-302.52,-1020.07,420.97_-302.52_-302.52
92,-1020.07,420.97_-302.52_-302.52,-1020.07,420.97_-302.52_-302.52
92,-1020.07,420.97_-302.52_-302.52,-1256.95,420.97_420.97_420.97
92,-1256.95,420.97_420.97_420.97,-1256.95,420.97_420.97_420.97
92,-1256.95,420.97_420.97_420.97,-1256.95,420.97_420.97_420.97
92,-1256.95,420.97_420.97_420.97,-1256.95,420.97_420.97_420.97
92,-1256.95,420.97_420.97_420.97,-1256.95,420.97_420.97_420.97
92,-1256.95,420.97_420.97_420.97,-1256.95,420.97_420.97_420.97
92,-1256.95,420.97_420.97_420.97,-1256.95,420.97_420.97_420.97
93,-545.8,-124.83_5.24_420.97,-723.47,-302.53_5.24_420.97
93,-723.47,-302.53_5.24_420.97,-743.7,-124.83_203.81_420.97
93,-743.7,-124.83_203.81_420.97,-960.84,-124.83_420.97_420.97
93,-960.84,-124.83_420.97_420.97,-1138.51,-302.52_420.97_420.97
93,-1138.51,-302.52_420.97_420.97,-1138.51,-302.52_420.97_420.97
93,-1138.51,-302.52_420.97_420.97,-1138.51,-302.52_420.97_420.97
93,-1138.51,-302.52_420.97_420.97,-1138.51,-302.52_420.97_420.97
93,-1138.51,-302.52_420.97_420.97,-1138.51,-302.52_420.97_420.97
93,-1138.51,-302.52_420.97_420.97,-1138.51,-302.52_420.97_420.97
93,-1138.51,-302.52_420.97_420.97,-1138.51,-302.52_420.97_420.97
93,-1138.51,-302.52_420.97_420.97,-1138.51,-302.52_420.97_420.97
93,-1138.51,-302.52_420.97_420.97,-1138.51,-302.52_420.97_420.97
93,-1138.51,-302.52_420.97_420.97,-1138.51,-302.52_420.97_420.97
93,-1138.51,-302.52_420.97_420.97,-1256.95,420.97_420.97_420.97
93,-1256.95,420.97_420.97_420.97,-1256.95,420.97_420.97_420.97
93,-1256.95,420.97_420.97_420.97,-1256.95,420.97_420.97_420.97
93,-1256.95,420.97_420.97_420.97,-1256.95,420.97_420.97_420.97
93,-1256.95,420.97_420.97_420.97,-1256.95,420.97_420.97_420.97
93,-1256.95,420.97_420.97_420.97,-1256.95,420.97_420.97_420.97
93,-1256.95,420.97_420.97_420.97,-1256.95,420.97_420.97_420.97
94,-900.12,420.97_-500.00_-302.52,-1020.07,420.97_-302.52_-302.52
94,-1020.07,420.97_-302.52_-302.52,-1020.07,420.97_-302.52_-302.52
94,-1020.07,420.97_-302.52_-302.52,-1020.07,420.97_-302.52_-302.52
94,-1020.07,420.97_-302.52_-302.52,-1039.81,203.81_420.97_420.97
94,-1039.81,203.81_420.97_420.97,-1039.81,203.81_420.97_420.97
94,-1039.81,203.81_420.97_420.97,-1256.95,420.97_420.97_420.97
94,-1256.95,420.97_420.97_420.97,-1256.95,420.97_420.97_420.97
94,-1256.95,420.97_420.97_420.97,-1256.95,420.97_420.97_420.97
94,-1256.95,420.97_420.97_420.97,-1256.95,420.97_420.97_420.97
95,-664.72,-302.52_-302.52_65.55,-664.72,-302.52_-302.52_65.55
95,-664.72,-302.52_-302.52_65.55,-802.93,-302.52_-302.52_203.81
95,-802.93,-302.52_-302.52_203.81,-1020.07,-302.52_-302.52_420.97
95,-1020.07,-302.52_-302.52_420.97,-1020.07,-302.52_-302.52_420.97
95,-1020.07,-302.52_-302.52_420.97,-1020.07,-302.52_-302.52_420.97
95,-1020.07,-302.52_-302.52_420.97,-1020.07,-302.52_-302.52_420.97
95,-1020.07,-302.52_-302.52_420.97,-1020.07,-302.52_-302.52_420.97
95,-1020.07,-302.52_-302.52_420.97,-1020.07,-302.52_-302.52_420.97
95,-1020.07,-302.52_-302.52_420.97,-1020.07,-302.52_-302.52_420.97
95,-1020.07,-302.52_-302.52_420.97,-1020.07,-302.52_-302.52_420.97
95,-1020.07,-302.52_-302.52_420.97,-1020.07,-302.52_-302.52_420.97
95,-1020.07,-302.52_-302.52_420.97,-1256.95,420.97_420.97_420.97
95,-1256.95,420.97_420.97_420.97,-1256.95,420.97_420.97_420.97
95,-1256.95,420.97_420.97_420.97,-1256.95,420.97_420.97_420.97
95,-1256.95,420.97_420.97_420.97,-1256.95,420.97_420.97_420.97
95,-1256.95,420.97_420.97_420.97,-1256.95,420.97_420.97_420.97
95,-1256.95,420.97_420.97_420.97,-1256.95,420.97_420.97_420.97
95,-1256.95,420.97_420.97_420.97,-1256.95,420.97_420.97_420.97
95,-1256.95,420.97_420.97_420.97,-1256.95,420.97_420.97_420.97
95,-1256.95,420.97_420.97_420.97,-1256.95,420.97_420.97_420.97
95,-1256.95,420.97_420.97_420.97,-1256.95,420.97_420.97_420.97
95,-1256.95,420.97_420.97_420.97,-1256.95,420.97_420.97_420.97
95,-1256.95,420.97_420.97_420.97,-1256.95,420.97_420.97_420.97
96,-426.34,-124.83_-500.00_-124.83,-604.01,-124.83_-500.00_-302.52
96,-604.01,-124.83_-500.00_-302.52,-604.01,-124.83_-500.00_-302.52
96,-604.01,-124.83_-500.00_-302.52,-781.68,-302.52_-500.00_-302.52
96,-781.68,-302.52_-500.00_-302.52,-781.68,-302.52_-500.00_-302.52
96,-781.68,-302.52_-500.00_-302.52,-781.68,-302.52_-500.00_-302.52
96,-781.68,-302.52_-500.00_-302.52,-901.63,-302.52_-302.52_-302.52
96,-901.63,-302.52_-302.52_-302.52,-901.63,-302.52_-302.52_-302.52
96,-901.63,-302.52_-302.52_-302.52,-901.63,-302.52_-302.52_-302.52
96,-901.63,-302.52_-302.52_-302.52,-901.63,-302.52_-302.52_-302.52
96,-901.63,-302.52_-302.52_-302.52,-1018.55,420.97_-500.00_420.97
96,-1018.55,420.97_-500.00_420.97,-1138.51,420.97_-302.52_420.97
96,-1138.51,420.97_-302.52_420.97,-1138.51,420.97_-302.52_420.97
96,-1138.51,420.97_-302.52_420.97,-1138.51,420.97_-302.52_420.97
96,-1138.51,420.97_-302.52_420.97,-1138.51,420.97_-302.52_420.97
96,-1138.51,420.97_-302.52_420.97,-1256.95,420.97_420.97_420.97
96,-1256.95,420.97_420.97_420.97,-1256.95,420.97_420.97_420.97
96,-1256.95,420.97_420.97_420.97,-1256.95,420.97_420.97_420.97
96,-1256.95,420.97_420.97_420.97,-1256.95,420.97_420.97_420.97
96,-1256.95,420.97_420.97_420.97,-1256.95,420.97_420.97_420.97
96,-1256.95,420.97_420.97_420.97,-1256.95,420.97_420.97_420.97
96,-1256.95,420.97_420.97_420.97,-1256.95,420.97_420.97_420.97
96,-1256.95,420.97_420.97_420.97,-1256.95,420.97_420.97_420.97
96,-1256.95,420.97_420.97_420.97,-1256.95,420.97_420.97_420.97
96,-1256.95,420.97_420.97_420.97,-1256.95,420.97_420.97_420.97
96,-1256.95,420.97_420.97_420.97,-1256.95,420.97_420.97_420.97
96,-1256.95,420.97_420.97_420.97,-1256.95,420.97_420.97_420.97
97,-723.47,5.24_-302.52_420.97,-743.61,-25.88_-302.52_420.97
97,-743.61,-25.88_-302.52_420.97,-783.16,65.55_-302.52_420.97
97,-783.16,65.55_-302.52_420.97,-801.42,203.81_-500.00_420.97
97,-801.42,203.81_-500.00_420.97,-900.12,420.97_-500.00_-302.52
97,-900.12,420.97_-500.00_-302.52,-1020.07,420.97_-302.52_-302.52
97,-1020.07,420.97_-302.52_-302.52,-1020.07,420.97_-302.52_-302.52
97,-1020.07,420.97_-302.52_-302.52,-1020.07,420.97_-302.52_-302.52
97,-1020.07,420.97_-302.52_-302.52,-1020.07,420.97_-302.52_-302.52
97,-1020.07,420.97_-302.52_-302.52,-1020.07,420.97_-302.52_-302.52
97,-1020.07,420.97_-302.52_-302.52,-1020.07,420.97_-302.52_-302.52
97,-1020.07,420.97_-302.52_-302.52,-1020.07,420.97_-302.52_-302.52
97,-1020.07,420.97_-302.52_-302.52,-1138.51,420.97_420.97_-302.52
97,-1138.51,420.97_420.97_-302.52,-1138.51,420.97_420.97_-302.52
97,-1138.51,420.97_420.97_-302.52,-1138.51,420.97_420.97_-302.52
97,-1138.51,420.97_420.97_-302.52,-1138.51,420.97_420.97_-302.52
97,-1138.51,420.97_420.97_-302.52,-1138.51,420.97_420.97_-302.52
97,-1138.51,420.97_420.97_-302.52,-1256.95,420.97_420.97_420.97
97,-1256.95,420.97_420.97_420.97,-1256.95,420.97_420.97_420.97
97,-1256.95,420.97_420.97_420.97,-1256.95,420.97_420.97_420.97
97,-1256.95,420.97_420.97_420.97,-1256.95,420.97_420.97_420.97
97,-1256.95,420.97_420.97_420.97,-1256.95,420.97_420.97_420.97
97,-1256.95,420.97_420.97_420.97,-1256.95,420.97_420.97_420.97
97,-1256.95,420.97_420.97_420.97,-1256.95,420.97_420.97_420.97
97,-1256.95,420.97_420.97_420.97,-1256.95,420.97_420.97_420.97
97,-1256.95,420.97_420.97_420.97,-1256.95,420.97_420.97_420.97
97,-1256.95,420.97_420.97_420.97,-1256.95,420.97_420.97_420.97
97,-1256.95,420.97_420.97_420.97,-1256.95,420.97_420.97_420.97
97,-1256.95,420.97_420.97_420.97,-1256.95,420.97_420.97_420.97
97,-1256.95,420.97_420.97_420.97,-1256.95,420.97_420.97_420.97
98,-900.12,-500.00_420.97_-302.52,-1020.07,-302.52_420.97_-302.52
98,-1020.07,-302.52_420.97_-302.52,-1020.07,-302.52_420.97_-302.52
98,-1020.07,-302.52_420.97_-302.52,-1020.07,-302.52_420.97_-302.52
98,-1020.07,-302.52_420.97_-302.52,-1256.95,420.97_420.97_420.97
98,-1256.95,420.97_420.97_420.97,-1256.95,420.97_420.97_420.97
98,-1256.95,420.97_420.97_420.97,-1256.95,420.97_420.97_420.97
98,-1256.95,420.97_420.97_420.97,-1256.95,420.97_420.97_420.97
98,-1256.95,420.97_420.97_420.97,-1256.95,420.97_420.97_420.97
99,-1256.95,420.97_420.97_420.97,-1256.95,420.97_420.97_420.97
99,-1256.95,420.97_420.97_420.97,-1256.95,420.97_420.97_420.97
99,-1256.95,420.97_420.97_420.97,-1256.95,420.97_420.97_420.97
99,-1256.95,420.97_420.97_420.97,-1256.95,420.97_420.97_420.97
99,-1256.95,420.97_420.97_420.97,-1256.95,420.97_420.97_420.97
99,-1256.95,420.97_420.97_420.97,-1256.95,420.97_420.97_420.97
99,-1256.95,420.97_420.97_420.97,-1256.95,420.97_420.97_420.97
99,-1256.95,420.97_420.97_420.97,-1256.95,420.97_420.97_420.97
99,-1256.95,420.97_420.97_420.97,-1256.95,420.97_420.97_420.97
99,-1256.95,420.97_420.97_420.97,-1256.95,420.97_420.97_420.97
100,-605.53,203.81_203.81_203.81,-822.67,203.81_420.97_203.81
100,-822.67,203.81_420.97_203.81,-822.67,203.81_420.97_203.81
100,-822.67,203.81_420.97_203.81,-1256.95,420.97_420.97_420.97
100,-1256.95,420.97_420.97_420.97,-1256.95,420.97_420.97_420.97
100,-1256.95,420.97_420.97_420.97,-1256.95,420.97_420.97_420.97
100,-1256.95,420.97_420.97_420.97,-1256.95,420.97_420.97_420.97
100,-1256.95,420.97_420.97_420.97,-1256.95,420.97_420.97_420.97
